ISO-10303-21;
HEADER;
FILE_DESCRIPTION(('Open CASCADE Model'),'2;1');
FILE_NAME('Open CASCADE Shape Model','2026-09-28T17:23:21',('Author'),(
    'Open CASCADE'),'Open CASCADE STEP processor 7.9','Open CASCADE 7.9'
  ,'Unknown');
FILE_SCHEMA(('AUTOMOTIVE_DESIGN { 1 0 10303 214 1 1 1 1 }'));
ENDSEC;
DATA;
#1 = APPLICATION_PROTOCOL_DEFINITION('international standard',
  'automotive_design',2000,#2);
#2 = APPLICATION_CONTEXT(
  'core data for automotive mechanical design processes');
#3 = SHAPE_DEFINITION_REPRESENTATION(#4,#10);
#4 = PRODUCT_DEFINITION_SHAPE('','',#5);
#5 = PRODUCT_DEFINITION('design','',#6,#9);
#6 = PRODUCT_DEFINITION_FORMATION('','',#7);
#7 = PRODUCT('Nubelink_H1B_comando','Nubelink_H1B_comando','',(#8));
#8 = PRODUCT_CONTEXT('',#2,'mechanical');
#9 = PRODUCT_DEFINITION_CONTEXT('part definition',#2,'design');
#10 = SHAPE_REPRESENTATION('',(#11,#15,#19,#23,#27,#31,#35,#39,#43,#47,
    #51,#55,#59,#63),#67);
#11 = AXIS2_PLACEMENT_3D('',#12,#13,#14);
#12 = CARTESIAN_POINT('',(0.,0.,0.));
#13 = DIRECTION('',(0.,0.,1.));
#14 = DIRECTION('',(1.,0.,-0.));
#15 = AXIS2_PLACEMENT_3D('',#16,#17,#18);
#16 = CARTESIAN_POINT('',(0.,0.,0.));
#17 = DIRECTION('',(0.,0.,1.));
#18 = DIRECTION('',(1.,0.,-0.));
#19 = AXIS2_PLACEMENT_3D('',#20,#21,#22);
#20 = CARTESIAN_POINT('',(49.,0.,30.));
#21 = DIRECTION('',(0.,0.,1.));
#22 = DIRECTION('',(1.,0.,-0.));
#23 = AXIS2_PLACEMENT_3D('',#24,#25,#26);
#24 = CARTESIAN_POINT('',(-49.,0.,30.));
#25 = DIRECTION('',(0.,0.,1.));
#26 = DIRECTION('',(-1.,1.224646799147E-16,0.));
#27 = AXIS2_PLACEMENT_3D('',#28,#29,#30);
#28 = CARTESIAN_POINT('',(0.,0.,0.));
#29 = DIRECTION('',(0.,0.,1.));
#30 = DIRECTION('',(1.,0.,-0.));
#31 = AXIS2_PLACEMENT_3D('',#32,#33,#34);
#32 = CARTESIAN_POINT('',(0.,0.,0.));
#33 = DIRECTION('',(0.,0.,1.));
#34 = DIRECTION('',(1.,0.,-0.));
#35 = AXIS2_PLACEMENT_3D('',#36,#37,#38);
#36 = CARTESIAN_POINT('',(120.,0.,0.));
#37 = DIRECTION('',(0.,0.,1.));
#38 = DIRECTION('',(1.,0.,-0.));
#39 = AXIS2_PLACEMENT_3D('',#40,#41,#42);
#40 = CARTESIAN_POINT('',(0.,0.,0.));
#41 = DIRECTION('',(0.,0.,1.));
#42 = DIRECTION('',(1.,0.,-0.));
#43 = AXIS2_PLACEMENT_3D('',#44,#45,#46);
#44 = CARTESIAN_POINT('',(0.,0.,0.));
#45 = DIRECTION('',(0.,0.,1.));
#46 = DIRECTION('',(1.,0.,-0.));
#47 = AXIS2_PLACEMENT_3D('',#48,#49,#50);
#48 = CARTESIAN_POINT('',(0.,0.,0.));
#49 = DIRECTION('',(0.,0.,1.));
#50 = DIRECTION('',(1.,0.,-0.));
#51 = AXIS2_PLACEMENT_3D('',#52,#53,#54);
#52 = CARTESIAN_POINT('',(0.,0.,0.));
#53 = DIRECTION('',(0.,0.,1.));
#54 = DIRECTION('',(1.,0.,-0.));
#55 = AXIS2_PLACEMENT_3D('',#56,#57,#58);
#56 = CARTESIAN_POINT('',(0.,0.,0.));
#57 = DIRECTION('',(0.,0.,1.));
#58 = DIRECTION('',(1.,0.,-0.));
#59 = AXIS2_PLACEMENT_3D('',#60,#61,#62);
#60 = CARTESIAN_POINT('',(0.,0.,0.));
#61 = DIRECTION('',(0.,0.,1.));
#62 = DIRECTION('',(1.,0.,-0.));
#63 = AXIS2_PLACEMENT_3D('',#64,#65,#66);
#64 = CARTESIAN_POINT('',(0.,0.,0.));
#65 = DIRECTION('',(0.,0.,1.));
#66 = DIRECTION('',(1.,0.,-0.));
#67 = ( GEOMETRIC_REPRESENTATION_CONTEXT(3) 
GLOBAL_UNCERTAINTY_ASSIGNED_CONTEXT((#71)) GLOBAL_UNIT_ASSIGNED_CONTEXT(
(#68,#69,#70)) REPRESENTATION_CONTEXT('Context #1',
  '3D Context with UNIT and UNCERTAINTY') );
#68 = ( LENGTH_UNIT() NAMED_UNIT(*) SI_UNIT(.MILLI.,.METRE.) );
#69 = ( NAMED_UNIT(*) PLANE_ANGLE_UNIT() SI_UNIT($,.RADIAN.) );
#70 = ( NAMED_UNIT(*) SI_UNIT($,.STERADIAN.) SOLID_ANGLE_UNIT() );
#71 = UNCERTAINTY_MEASURE_WITH_UNIT(LENGTH_MEASURE(5.E-06),#68,
  'distance_accuracy_value','confusion accuracy');
#72 = PRODUCT_RELATED_PRODUCT_CATEGORY('part',$,(#7));
#73 = SHAPE_DEFINITION_REPRESENTATION(#74,#80);
#74 = PRODUCT_DEFINITION_SHAPE('','',#75);
#75 = PRODUCT_DEFINITION('design','',#76,#79);
#76 = PRODUCT_DEFINITION_FORMATION('','',#77);
#77 = PRODUCT('bloque','bloque','',(#78));
#78 = PRODUCT_CONTEXT('',#2,'mechanical');
#79 = PRODUCT_DEFINITION_CONTEXT('part definition',#2,'design');
#80 = ADVANCED_BREP_SHAPE_REPRESENTATION('',(#11,#81),#9583);
#81 = MANIFOLD_SOLID_BREP('',#82);
#82 = CLOSED_SHELL('',(#83,#413,#524,#635,#824,#882,#937,#992,#1436,
    #1491,#1779,#1834,#2019,#2074,#2129,#2184,#2239,#2294,#2349,#2404,
    #2459,#2463,#2467,#2522,#2577,#2581,#3698,#3816,#3869,#3873,#3928,
    #3983,#4402,#4457,#4512,#4547,#4582,#4612,#4616,#4620,#4624,#4628,
    #4667,#4702,#4732,#7012,#7086,#8891,#8896,#8902,#8929,#8933,#8937,
    #8982,#9080,#9113,#9145,#9197,#9281,#9285,#9289,#9316,#9412,#9440,
    #9494,#9520,#9524,#9552,#9556,#9561,#9569,#9574));
#83 = ADVANCED_FACE('',(#84,#203,#238,#273,#308,#343,#378),#98,.F.);
#84 = FACE_BOUND('',#85,.F.);
#85 = EDGE_LOOP('',(#86,#121,#149,#177));
#86 = ORIENTED_EDGE('',*,*,#87,.F.);
#87 = EDGE_CURVE('',#88,#90,#92,.T.);
#88 = VERTEX_POINT('',#89);
#89 = CARTESIAN_POINT('',(-55.,-30.,0.));
#90 = VERTEX_POINT('',#91);
#91 = CARTESIAN_POINT('',(-55.,-30.,90.));
#92 = SURFACE_CURVE('',#93,(#97,#109),.PCURVE_S1.);
#93 = LINE('',#94,#95);
#94 = CARTESIAN_POINT('',(-55.,-30.,0.));
#95 = VECTOR('',#96,1.);
#96 = DIRECTION('',(0.,0.,1.));
#97 = PCURVE('',#98,#103);
#98 = PLANE('',#99);
#99 = AXIS2_PLACEMENT_3D('',#100,#101,#102);
#100 = CARTESIAN_POINT('',(-55.,-30.,0.));
#101 = DIRECTION('',(1.,0.,0.));
#102 = DIRECTION('',(0.,0.,1.));
#103 = DEFINITIONAL_REPRESENTATION('',(#104),#108);
#104 = LINE('',#105,#106);
#105 = CARTESIAN_POINT('',(0.,0.));
#106 = VECTOR('',#107,1.);
#107 = DIRECTION('',(1.,0.));
#108 = ( GEOMETRIC_REPRESENTATION_CONTEXT(2) 
PARAMETRIC_REPRESENTATION_CONTEXT() REPRESENTATION_CONTEXT('2D SPACE',''
  ) );
#109 = PCURVE('',#110,#115);
#110 = PLANE('',#111);
#111 = AXIS2_PLACEMENT_3D('',#112,#113,#114);
#112 = CARTESIAN_POINT('',(-55.,-30.,0.));
#113 = DIRECTION('',(0.,1.,0.));
#114 = DIRECTION('',(0.,0.,1.));
#115 = DEFINITIONAL_REPRESENTATION('',(#116),#120);
#116 = LINE('',#117,#118);
#117 = CARTESIAN_POINT('',(0.,0.));
#118 = VECTOR('',#119,1.);
#119 = DIRECTION('',(1.,0.));
#120 = ( GEOMETRIC_REPRESENTATION_CONTEXT(2) 
PARAMETRIC_REPRESENTATION_CONTEXT() REPRESENTATION_CONTEXT('2D SPACE',''
  ) );
#121 = ORIENTED_EDGE('',*,*,#122,.T.);
#122 = EDGE_CURVE('',#88,#123,#125,.T.);
#123 = VERTEX_POINT('',#124);
#124 = CARTESIAN_POINT('',(-55.,30.,0.));
#125 = SURFACE_CURVE('',#126,(#130,#137),.PCURVE_S1.);
#126 = LINE('',#127,#128);
#127 = CARTESIAN_POINT('',(-55.,-30.,0.));
#128 = VECTOR('',#129,1.);
#129 = DIRECTION('',(0.,1.,0.));
#130 = PCURVE('',#98,#131);
#131 = DEFINITIONAL_REPRESENTATION('',(#132),#136);
#132 = LINE('',#133,#134);
#133 = CARTESIAN_POINT('',(0.,0.));
#134 = VECTOR('',#135,1.);
#135 = DIRECTION('',(0.,-1.));
#136 = ( GEOMETRIC_REPRESENTATION_CONTEXT(2) 
PARAMETRIC_REPRESENTATION_CONTEXT() REPRESENTATION_CONTEXT('2D SPACE',''
  ) );
#137 = PCURVE('',#138,#143);
#138 = PLANE('',#139);
#139 = AXIS2_PLACEMENT_3D('',#140,#141,#142);
#140 = CARTESIAN_POINT('',(-55.,-30.,0.));
#141 = DIRECTION('',(0.,0.,1.));
#142 = DIRECTION('',(1.,0.,0.));
#143 = DEFINITIONAL_REPRESENTATION('',(#144),#148);
#144 = LINE('',#145,#146);
#145 = CARTESIAN_POINT('',(0.,0.));
#146 = VECTOR('',#147,1.);
#147 = DIRECTION('',(0.,1.));
#148 = ( GEOMETRIC_REPRESENTATION_CONTEXT(2) 
PARAMETRIC_REPRESENTATION_CONTEXT() REPRESENTATION_CONTEXT('2D SPACE',''
  ) );
#149 = ORIENTED_EDGE('',*,*,#150,.T.);
#150 = EDGE_CURVE('',#123,#151,#153,.T.);
#151 = VERTEX_POINT('',#152);
#152 = CARTESIAN_POINT('',(-55.,30.,90.));
#153 = SURFACE_CURVE('',#154,(#158,#165),.PCURVE_S1.);
#154 = LINE('',#155,#156);
#155 = CARTESIAN_POINT('',(-55.,30.,0.));
#156 = VECTOR('',#157,1.);
#157 = DIRECTION('',(0.,0.,1.));
#158 = PCURVE('',#98,#159);
#159 = DEFINITIONAL_REPRESENTATION('',(#160),#164);
#160 = LINE('',#161,#162);
#161 = CARTESIAN_POINT('',(0.,-60.));
#162 = VECTOR('',#163,1.);
#163 = DIRECTION('',(1.,0.));
#164 = ( GEOMETRIC_REPRESENTATION_CONTEXT(2) 
PARAMETRIC_REPRESENTATION_CONTEXT() REPRESENTATION_CONTEXT('2D SPACE',''
  ) );
#165 = PCURVE('',#166,#171);
#166 = PLANE('',#167);
#167 = AXIS2_PLACEMENT_3D('',#168,#169,#170);
#168 = CARTESIAN_POINT('',(-55.,30.,0.));
#169 = DIRECTION('',(0.,1.,0.));
#170 = DIRECTION('',(0.,0.,1.));
#171 = DEFINITIONAL_REPRESENTATION('',(#172),#176);
#172 = LINE('',#173,#174);
#173 = CARTESIAN_POINT('',(0.,0.));
#174 = VECTOR('',#175,1.);
#175 = DIRECTION('',(1.,0.));
#176 = ( GEOMETRIC_REPRESENTATION_CONTEXT(2) 
PARAMETRIC_REPRESENTATION_CONTEXT() REPRESENTATION_CONTEXT('2D SPACE',''
  ) );
#177 = ORIENTED_EDGE('',*,*,#178,.F.);
#178 = EDGE_CURVE('',#90,#151,#179,.T.);
#179 = SURFACE_CURVE('',#180,(#184,#191),.PCURVE_S1.);
#180 = LINE('',#181,#182);
#181 = CARTESIAN_POINT('',(-55.,-30.,90.));
#182 = VECTOR('',#183,1.);
#183 = DIRECTION('',(0.,1.,0.));
#184 = PCURVE('',#98,#185);
#185 = DEFINITIONAL_REPRESENTATION('',(#186),#190);
#186 = LINE('',#187,#188);
#187 = CARTESIAN_POINT('',(90.,0.));
#188 = VECTOR('',#189,1.);
#189 = DIRECTION('',(0.,-1.));
#190 = ( GEOMETRIC_REPRESENTATION_CONTEXT(2) 
PARAMETRIC_REPRESENTATION_CONTEXT() REPRESENTATION_CONTEXT('2D SPACE',''
  ) );
#191 = PCURVE('',#192,#197);
#192 = PLANE('',#193);
#193 = AXIS2_PLACEMENT_3D('',#194,#195,#196);
#194 = CARTESIAN_POINT('',(-55.,-30.,90.));
#195 = DIRECTION('',(0.,0.,1.));
#196 = DIRECTION('',(1.,0.,0.));
#197 = DEFINITIONAL_REPRESENTATION('',(#198),#202);
#198 = LINE('',#199,#200);
#199 = CARTESIAN_POINT('',(0.,0.));
#200 = VECTOR('',#201,1.);
#201 = DIRECTION('',(0.,1.));
#202 = ( GEOMETRIC_REPRESENTATION_CONTEXT(2) 
PARAMETRIC_REPRESENTATION_CONTEXT() REPRESENTATION_CONTEXT('2D SPACE',''
  ) );
#203 = FACE_BOUND('',#204,.F.);
#204 = EDGE_LOOP('',(#205));
#205 = ORIENTED_EDGE('',*,*,#206,.T.);
#206 = EDGE_CURVE('',#207,#207,#209,.T.);
#207 = VERTEX_POINT('',#208);
#208 = CARTESIAN_POINT('',(-55.,16.642135623731,15.857864376269));
#209 = SURFACE_CURVE('',#210,(#215,#226),.PCURVE_S1.);
#210 = CIRCLE('',#211,2.5);
#211 = AXIS2_PLACEMENT_3D('',#212,#213,#214);
#212 = CARTESIAN_POINT('',(-55.,14.142135623731,15.857864376269));
#213 = DIRECTION('',(-1.,0.,0.));
#214 = DIRECTION('',(0.,1.,0.));
#215 = PCURVE('',#98,#216);
#216 = DEFINITIONAL_REPRESENTATION('',(#217),#225);
#217 = ( BOUNDED_CURVE() B_SPLINE_CURVE(2,(#218,#219,#220,#221,#222,#223
,#224),.UNSPECIFIED.,.T.,.F.) B_SPLINE_CURVE_WITH_KNOTS((1,2,2,2,2,1),(
    -2.094395102393,0.,2.094395102393,4.188790204786,6.28318530718,
8.377580409573),.UNSPECIFIED.) CURVE() GEOMETRIC_REPRESENTATION_ITEM() 
RATIONAL_B_SPLINE_CURVE((1.,0.5,1.,0.5,1.,0.5,1.)) REPRESENTATION_ITEM(
  '') );
#218 = CARTESIAN_POINT('',(15.857864376269,-46.64213562373));
#219 = CARTESIAN_POINT('',(11.527737357347,-46.64213562373));
#220 = CARTESIAN_POINT('',(13.692800866808,-42.89213562373));
#221 = CARTESIAN_POINT('',(15.857864376269,-39.14213562373));
#222 = CARTESIAN_POINT('',(18.02292788573,-42.89213562373));
#223 = CARTESIAN_POINT('',(20.187991395191,-46.64213562373));
#224 = CARTESIAN_POINT('',(15.857864376269,-46.64213562373));
#225 = ( GEOMETRIC_REPRESENTATION_CONTEXT(2) 
PARAMETRIC_REPRESENTATION_CONTEXT() REPRESENTATION_CONTEXT('2D SPACE',''
  ) );
#226 = PCURVE('',#227,#232);
#227 = CYLINDRICAL_SURFACE('',#228,2.5);
#228 = AXIS2_PLACEMENT_3D('',#229,#230,#231);
#229 = CARTESIAN_POINT('',(-56.,14.142135623731,15.857864376269));
#230 = DIRECTION('',(-1.,-0.,-0.));
#231 = DIRECTION('',(0.,1.,0.));
#232 = DEFINITIONAL_REPRESENTATION('',(#233),#237);
#233 = LINE('',#234,#235);
#234 = CARTESIAN_POINT('',(-6.28318530718,-1.));
#235 = VECTOR('',#236,1.);
#236 = DIRECTION('',(1.,-0.));
#237 = ( GEOMETRIC_REPRESENTATION_CONTEXT(2) 
PARAMETRIC_REPRESENTATION_CONTEXT() REPRESENTATION_CONTEXT('2D SPACE',''
  ) );
#238 = FACE_BOUND('',#239,.F.);
#239 = EDGE_LOOP('',(#240));
#240 = ORIENTED_EDGE('',*,*,#241,.T.);
#241 = EDGE_CURVE('',#242,#242,#244,.T.);
#242 = VERTEX_POINT('',#243);
#243 = CARTESIAN_POINT('',(-55.,16.642135623731,44.142135623731));
#244 = SURFACE_CURVE('',#245,(#250,#261),.PCURVE_S1.);
#245 = CIRCLE('',#246,2.5);
#246 = AXIS2_PLACEMENT_3D('',#247,#248,#249);
#247 = CARTESIAN_POINT('',(-55.,14.142135623731,44.142135623731));
#248 = DIRECTION('',(-1.,0.,0.));
#249 = DIRECTION('',(0.,1.,0.));
#250 = PCURVE('',#98,#251);
#251 = DEFINITIONAL_REPRESENTATION('',(#252),#260);
#252 = ( BOUNDED_CURVE() B_SPLINE_CURVE(2,(#253,#254,#255,#256,#257,#258
,#259),.UNSPECIFIED.,.T.,.F.) B_SPLINE_CURVE_WITH_KNOTS((1,2,2,2,2,1),(
    -2.094395102393,0.,2.094395102393,4.188790204786,6.28318530718,
8.377580409573),.UNSPECIFIED.) CURVE() GEOMETRIC_REPRESENTATION_ITEM() 
RATIONAL_B_SPLINE_CURVE((1.,0.5,1.,0.5,1.,0.5,1.)) REPRESENTATION_ITEM(
  '') );
#253 = CARTESIAN_POINT('',(44.142135623731,-46.64213562373));
#254 = CARTESIAN_POINT('',(39.812008604809,-46.64213562373));
#255 = CARTESIAN_POINT('',(41.97707211427,-42.89213562373));
#256 = CARTESIAN_POINT('',(44.142135623731,-39.14213562373));
#257 = CARTESIAN_POINT('',(46.307199133192,-42.89213562373));
#258 = CARTESIAN_POINT('',(48.472262642653,-46.64213562373));
#259 = CARTESIAN_POINT('',(44.142135623731,-46.64213562373));
#260 = ( GEOMETRIC_REPRESENTATION_CONTEXT(2) 
PARAMETRIC_REPRESENTATION_CONTEXT() REPRESENTATION_CONTEXT('2D SPACE',''
  ) );
#261 = PCURVE('',#262,#267);
#262 = CYLINDRICAL_SURFACE('',#263,2.5);
#263 = AXIS2_PLACEMENT_3D('',#264,#265,#266);
#264 = CARTESIAN_POINT('',(-56.,14.142135623731,44.142135623731));
#265 = DIRECTION('',(-1.,-0.,-0.));
#266 = DIRECTION('',(0.,1.,0.));
#267 = DEFINITIONAL_REPRESENTATION('',(#268),#272);
#268 = LINE('',#269,#270);
#269 = CARTESIAN_POINT('',(-6.28318530718,-1.));
#270 = VECTOR('',#271,1.);
#271 = DIRECTION('',(1.,-0.));
#272 = ( GEOMETRIC_REPRESENTATION_CONTEXT(2) 
PARAMETRIC_REPRESENTATION_CONTEXT() REPRESENTATION_CONTEXT('2D SPACE',''
  ) );
#273 = FACE_BOUND('',#274,.F.);
#274 = EDGE_LOOP('',(#275));
#275 = ORIENTED_EDGE('',*,*,#276,.T.);
#276 = EDGE_CURVE('',#277,#277,#279,.T.);
#277 = VERTEX_POINT('',#278);
#278 = CARTESIAN_POINT('',(-55.,10.,30.));
#279 = SURFACE_CURVE('',#280,(#285,#296),.PCURVE_S1.);
#280 = CIRCLE('',#281,10.);
#281 = AXIS2_PLACEMENT_3D('',#282,#283,#284);
#282 = CARTESIAN_POINT('',(-55.,0.,30.));
#283 = DIRECTION('',(-1.,0.,0.));
#284 = DIRECTION('',(0.,1.,0.));
#285 = PCURVE('',#98,#286);
#286 = DEFINITIONAL_REPRESENTATION('',(#287),#295);
#287 = ( BOUNDED_CURVE() B_SPLINE_CURVE(2,(#288,#289,#290,#291,#292,#293
,#294),.UNSPECIFIED.,.T.,.F.) B_SPLINE_CURVE_WITH_KNOTS((1,2,2,2,2,1),(
    -2.094395102393,0.,2.094395102393,4.188790204786,6.28318530718,
8.377580409573),.UNSPECIFIED.) CURVE() GEOMETRIC_REPRESENTATION_ITEM() 
RATIONAL_B_SPLINE_CURVE((1.,0.5,1.,0.5,1.,0.5,1.)) REPRESENTATION_ITEM(
  '') );
#288 = CARTESIAN_POINT('',(30.,-40.));
#289 = CARTESIAN_POINT('',(12.679491924311,-40.));
#290 = CARTESIAN_POINT('',(21.339745962156,-25.));
#291 = CARTESIAN_POINT('',(30.,-10.));
#292 = CARTESIAN_POINT('',(38.660254037844,-25.));
#293 = CARTESIAN_POINT('',(47.320508075689,-40.));
#294 = CARTESIAN_POINT('',(30.,-40.));
#295 = ( GEOMETRIC_REPRESENTATION_CONTEXT(2) 
PARAMETRIC_REPRESENTATION_CONTEXT() REPRESENTATION_CONTEXT('2D SPACE',''
  ) );
#296 = PCURVE('',#297,#302);
#297 = CYLINDRICAL_SURFACE('',#298,10.);
#298 = AXIS2_PLACEMENT_3D('',#299,#300,#301);
#299 = CARTESIAN_POINT('',(-56.,0.,30.));
#300 = DIRECTION('',(-1.,-0.,-0.));
#301 = DIRECTION('',(0.,1.,0.));
#302 = DEFINITIONAL_REPRESENTATION('',(#303),#307);
#303 = LINE('',#304,#305);
#304 = CARTESIAN_POINT('',(-6.28318530718,-1.));
#305 = VECTOR('',#306,1.);
#306 = DIRECTION('',(1.,-0.));
#307 = ( GEOMETRIC_REPRESENTATION_CONTEXT(2) 
PARAMETRIC_REPRESENTATION_CONTEXT() REPRESENTATION_CONTEXT('2D SPACE',''
  ) );
#308 = FACE_BOUND('',#309,.F.);
#309 = EDGE_LOOP('',(#310));
#310 = ORIENTED_EDGE('',*,*,#311,.T.);
#311 = EDGE_CURVE('',#312,#312,#314,.T.);
#312 = VERTEX_POINT('',#313);
#313 = CARTESIAN_POINT('',(-55.,-11.64213562373,15.857864376269));
#314 = SURFACE_CURVE('',#315,(#320,#331),.PCURVE_S1.);
#315 = CIRCLE('',#316,2.5);
#316 = AXIS2_PLACEMENT_3D('',#317,#318,#319);
#317 = CARTESIAN_POINT('',(-55.,-14.14213562373,15.857864376269));
#318 = DIRECTION('',(-1.,0.,0.));
#319 = DIRECTION('',(0.,1.,0.));
#320 = PCURVE('',#98,#321);
#321 = DEFINITIONAL_REPRESENTATION('',(#322),#330);
#322 = ( BOUNDED_CURVE() B_SPLINE_CURVE(2,(#323,#324,#325,#326,#327,#328
,#329),.UNSPECIFIED.,.T.,.F.) B_SPLINE_CURVE_WITH_KNOTS((1,2,2,2,2,1),(
    -2.094395102393,0.,2.094395102393,4.188790204786,6.28318530718,
8.377580409573),.UNSPECIFIED.) CURVE() GEOMETRIC_REPRESENTATION_ITEM() 
RATIONAL_B_SPLINE_CURVE((1.,0.5,1.,0.5,1.,0.5,1.)) REPRESENTATION_ITEM(
  '') );
#323 = CARTESIAN_POINT('',(15.857864376269,-18.35786437626));
#324 = CARTESIAN_POINT('',(11.527737357347,-18.35786437626));
#325 = CARTESIAN_POINT('',(13.692800866808,-14.60786437626));
#326 = CARTESIAN_POINT('',(15.857864376269,-10.85786437626));
#327 = CARTESIAN_POINT('',(18.02292788573,-14.60786437626));
#328 = CARTESIAN_POINT('',(20.187991395191,-18.35786437626));
#329 = CARTESIAN_POINT('',(15.857864376269,-18.35786437626));
#330 = ( GEOMETRIC_REPRESENTATION_CONTEXT(2) 
PARAMETRIC_REPRESENTATION_CONTEXT() REPRESENTATION_CONTEXT('2D SPACE',''
  ) );
#331 = PCURVE('',#332,#337);
#332 = CYLINDRICAL_SURFACE('',#333,2.5);
#333 = AXIS2_PLACEMENT_3D('',#334,#335,#336);
#334 = CARTESIAN_POINT('',(-56.,-14.14213562373,15.857864376269));
#335 = DIRECTION('',(-1.,-0.,-0.));
#336 = DIRECTION('',(0.,1.,0.));
#337 = DEFINITIONAL_REPRESENTATION('',(#338),#342);
#338 = LINE('',#339,#340);
#339 = CARTESIAN_POINT('',(-6.28318530718,-1.));
#340 = VECTOR('',#341,1.);
#341 = DIRECTION('',(1.,-0.));
#342 = ( GEOMETRIC_REPRESENTATION_CONTEXT(2) 
PARAMETRIC_REPRESENTATION_CONTEXT() REPRESENTATION_CONTEXT('2D SPACE',''
  ) );
#343 = FACE_BOUND('',#344,.F.);
#344 = EDGE_LOOP('',(#345));
#345 = ORIENTED_EDGE('',*,*,#346,.T.);
#346 = EDGE_CURVE('',#347,#347,#349,.T.);
#347 = VERTEX_POINT('',#348);
#348 = CARTESIAN_POINT('',(-55.,-0.7,62.));
#349 = SURFACE_CURVE('',#350,(#355,#366),.PCURVE_S1.);
#350 = CIRCLE('',#351,4.3);
#351 = AXIS2_PLACEMENT_3D('',#352,#353,#354);
#352 = CARTESIAN_POINT('',(-55.,-5.,62.));
#353 = DIRECTION('',(-1.,0.,0.));
#354 = DIRECTION('',(0.,1.,0.));
#355 = PCURVE('',#98,#356);
#356 = DEFINITIONAL_REPRESENTATION('',(#357),#365);
#357 = ( BOUNDED_CURVE() B_SPLINE_CURVE(2,(#358,#359,#360,#361,#362,#363
,#364),.UNSPECIFIED.,.T.,.F.) B_SPLINE_CURVE_WITH_KNOTS((1,2,2,2,2,1),(
    -2.094395102393,0.,2.094395102393,4.188790204786,6.28318530718,
8.377580409573),.UNSPECIFIED.) CURVE() GEOMETRIC_REPRESENTATION_ITEM() 
RATIONAL_B_SPLINE_CURVE((1.,0.5,1.,0.5,1.,0.5,1.)) REPRESENTATION_ITEM(
  '') );
#358 = CARTESIAN_POINT('',(62.,-29.3));
#359 = CARTESIAN_POINT('',(54.552181527454,-29.3));
#360 = CARTESIAN_POINT('',(58.276090763727,-22.85));
#361 = CARTESIAN_POINT('',(62.,-16.4));
#362 = CARTESIAN_POINT('',(65.723909236273,-22.85));
#363 = CARTESIAN_POINT('',(69.447818472546,-29.3));
#364 = CARTESIAN_POINT('',(62.,-29.3));
#365 = ( GEOMETRIC_REPRESENTATION_CONTEXT(2) 
PARAMETRIC_REPRESENTATION_CONTEXT() REPRESENTATION_CONTEXT('2D SPACE',''
  ) );
#366 = PCURVE('',#367,#372);
#367 = CYLINDRICAL_SURFACE('',#368,4.3);
#368 = AXIS2_PLACEMENT_3D('',#369,#370,#371);
#369 = CARTESIAN_POINT('',(-56.,-5.,62.));
#370 = DIRECTION('',(-1.,-0.,-0.));
#371 = DIRECTION('',(0.,1.,0.));
#372 = DEFINITIONAL_REPRESENTATION('',(#373),#377);
#373 = LINE('',#374,#375);
#374 = CARTESIAN_POINT('',(-6.28318530718,-1.));
#375 = VECTOR('',#376,1.);
#376 = DIRECTION('',(1.,-0.));
#377 = ( GEOMETRIC_REPRESENTATION_CONTEXT(2) 
PARAMETRIC_REPRESENTATION_CONTEXT() REPRESENTATION_CONTEXT('2D SPACE',''
  ) );
#378 = FACE_BOUND('',#379,.F.);
#379 = EDGE_LOOP('',(#380));
#380 = ORIENTED_EDGE('',*,*,#381,.T.);
#381 = EDGE_CURVE('',#382,#382,#384,.T.);
#382 = VERTEX_POINT('',#383);
#383 = CARTESIAN_POINT('',(-55.,-11.64213562373,44.142135623731));
#384 = SURFACE_CURVE('',#385,(#390,#401),.PCURVE_S1.);
#385 = CIRCLE('',#386,2.5);
#386 = AXIS2_PLACEMENT_3D('',#387,#388,#389);
#387 = CARTESIAN_POINT('',(-55.,-14.14213562373,44.142135623731));
#388 = DIRECTION('',(-1.,0.,0.));
#389 = DIRECTION('',(0.,1.,0.));
#390 = PCURVE('',#98,#391);
#391 = DEFINITIONAL_REPRESENTATION('',(#392),#400);
#392 = ( BOUNDED_CURVE() B_SPLINE_CURVE(2,(#393,#394,#395,#396,#397,#398
,#399),.UNSPECIFIED.,.T.,.F.) B_SPLINE_CURVE_WITH_KNOTS((1,2,2,2,2,1),(
    -2.094395102393,0.,2.094395102393,4.188790204786,6.28318530718,
8.377580409573),.UNSPECIFIED.) CURVE() GEOMETRIC_REPRESENTATION_ITEM() 
RATIONAL_B_SPLINE_CURVE((1.,0.5,1.,0.5,1.,0.5,1.)) REPRESENTATION_ITEM(
  '') );
#393 = CARTESIAN_POINT('',(44.142135623731,-18.35786437626));
#394 = CARTESIAN_POINT('',(39.812008604809,-18.35786437626));
#395 = CARTESIAN_POINT('',(41.97707211427,-14.60786437626));
#396 = CARTESIAN_POINT('',(44.142135623731,-10.85786437626));
#397 = CARTESIAN_POINT('',(46.307199133192,-14.60786437626));
#398 = CARTESIAN_POINT('',(48.472262642653,-18.35786437626));
#399 = CARTESIAN_POINT('',(44.142135623731,-18.35786437626));
#400 = ( GEOMETRIC_REPRESENTATION_CONTEXT(2) 
PARAMETRIC_REPRESENTATION_CONTEXT() REPRESENTATION_CONTEXT('2D SPACE',''
  ) );
#401 = PCURVE('',#402,#407);
#402 = CYLINDRICAL_SURFACE('',#403,2.5);
#403 = AXIS2_PLACEMENT_3D('',#404,#405,#406);
#404 = CARTESIAN_POINT('',(-56.,-14.14213562373,44.142135623731));
#405 = DIRECTION('',(-1.,-0.,-0.));
#406 = DIRECTION('',(0.,1.,0.));
#407 = DEFINITIONAL_REPRESENTATION('',(#408),#412);
#408 = LINE('',#409,#410);
#409 = CARTESIAN_POINT('',(-6.28318530718,-1.));
#410 = VECTOR('',#411,1.);
#411 = DIRECTION('',(1.,-0.));
#412 = ( GEOMETRIC_REPRESENTATION_CONTEXT(2) 
PARAMETRIC_REPRESENTATION_CONTEXT() REPRESENTATION_CONTEXT('2D SPACE',''
  ) );
#413 = ADVANCED_FACE('',(#414,#489),#110,.F.);
#414 = FACE_BOUND('',#415,.F.);
#415 = EDGE_LOOP('',(#416,#439,#440,#463));
#416 = ORIENTED_EDGE('',*,*,#417,.F.);
#417 = EDGE_CURVE('',#88,#418,#420,.T.);
#418 = VERTEX_POINT('',#419);
#419 = CARTESIAN_POINT('',(55.,-30.,0.));
#420 = SURFACE_CURVE('',#421,(#425,#432),.PCURVE_S1.);
#421 = LINE('',#422,#423);
#422 = CARTESIAN_POINT('',(-55.,-30.,0.));
#423 = VECTOR('',#424,1.);
#424 = DIRECTION('',(1.,0.,0.));
#425 = PCURVE('',#110,#426);
#426 = DEFINITIONAL_REPRESENTATION('',(#427),#431);
#427 = LINE('',#428,#429);
#428 = CARTESIAN_POINT('',(0.,0.));
#429 = VECTOR('',#430,1.);
#430 = DIRECTION('',(0.,1.));
#431 = ( GEOMETRIC_REPRESENTATION_CONTEXT(2) 
PARAMETRIC_REPRESENTATION_CONTEXT() REPRESENTATION_CONTEXT('2D SPACE',''
  ) );
#432 = PCURVE('',#138,#433);
#433 = DEFINITIONAL_REPRESENTATION('',(#434),#438);
#434 = LINE('',#435,#436);
#435 = CARTESIAN_POINT('',(0.,0.));
#436 = VECTOR('',#437,1.);
#437 = DIRECTION('',(1.,0.));
#438 = ( GEOMETRIC_REPRESENTATION_CONTEXT(2) 
PARAMETRIC_REPRESENTATION_CONTEXT() REPRESENTATION_CONTEXT('2D SPACE',''
  ) );
#439 = ORIENTED_EDGE('',*,*,#87,.T.);
#440 = ORIENTED_EDGE('',*,*,#441,.T.);
#441 = EDGE_CURVE('',#90,#442,#444,.T.);
#442 = VERTEX_POINT('',#443);
#443 = CARTESIAN_POINT('',(55.,-30.,90.));
#444 = SURFACE_CURVE('',#445,(#449,#456),.PCURVE_S1.);
#445 = LINE('',#446,#447);
#446 = CARTESIAN_POINT('',(-55.,-30.,90.));
#447 = VECTOR('',#448,1.);
#448 = DIRECTION('',(1.,0.,0.));
#449 = PCURVE('',#110,#450);
#450 = DEFINITIONAL_REPRESENTATION('',(#451),#455);
#451 = LINE('',#452,#453);
#452 = CARTESIAN_POINT('',(90.,0.));
#453 = VECTOR('',#454,1.);
#454 = DIRECTION('',(0.,1.));
#455 = ( GEOMETRIC_REPRESENTATION_CONTEXT(2) 
PARAMETRIC_REPRESENTATION_CONTEXT() REPRESENTATION_CONTEXT('2D SPACE',''
  ) );
#456 = PCURVE('',#192,#457);
#457 = DEFINITIONAL_REPRESENTATION('',(#458),#462);
#458 = LINE('',#459,#460);
#459 = CARTESIAN_POINT('',(0.,0.));
#460 = VECTOR('',#461,1.);
#461 = DIRECTION('',(1.,0.));
#462 = ( GEOMETRIC_REPRESENTATION_CONTEXT(2) 
PARAMETRIC_REPRESENTATION_CONTEXT() REPRESENTATION_CONTEXT('2D SPACE',''
  ) );
#463 = ORIENTED_EDGE('',*,*,#464,.F.);
#464 = EDGE_CURVE('',#418,#442,#465,.T.);
#465 = SURFACE_CURVE('',#466,(#470,#477),.PCURVE_S1.);
#466 = LINE('',#467,#468);
#467 = CARTESIAN_POINT('',(55.,-30.,0.));
#468 = VECTOR('',#469,1.);
#469 = DIRECTION('',(0.,0.,1.));
#470 = PCURVE('',#110,#471);
#471 = DEFINITIONAL_REPRESENTATION('',(#472),#476);
#472 = LINE('',#473,#474);
#473 = CARTESIAN_POINT('',(0.,110.));
#474 = VECTOR('',#475,1.);
#475 = DIRECTION('',(1.,0.));
#476 = ( GEOMETRIC_REPRESENTATION_CONTEXT(2) 
PARAMETRIC_REPRESENTATION_CONTEXT() REPRESENTATION_CONTEXT('2D SPACE',''
  ) );
#477 = PCURVE('',#478,#483);
#478 = PLANE('',#479);
#479 = AXIS2_PLACEMENT_3D('',#480,#481,#482);
#480 = CARTESIAN_POINT('',(55.,-30.,0.));
#481 = DIRECTION('',(1.,0.,0.));
#482 = DIRECTION('',(0.,0.,1.));
#483 = DEFINITIONAL_REPRESENTATION('',(#484),#488);
#484 = LINE('',#485,#486);
#485 = CARTESIAN_POINT('',(0.,0.));
#486 = VECTOR('',#487,1.);
#487 = DIRECTION('',(1.,0.));
#488 = ( GEOMETRIC_REPRESENTATION_CONTEXT(2) 
PARAMETRIC_REPRESENTATION_CONTEXT() REPRESENTATION_CONTEXT('2D SPACE',''
  ) );
#489 = FACE_BOUND('',#490,.F.);
#490 = EDGE_LOOP('',(#491));
#491 = ORIENTED_EDGE('',*,*,#492,.T.);
#492 = EDGE_CURVE('',#493,#493,#495,.T.);
#493 = VERTEX_POINT('',#494);
#494 = CARTESIAN_POINT('',(5.75,-30.,62.));
#495 = SURFACE_CURVE('',#496,(#501,#512),.PCURVE_S1.);
#496 = CIRCLE('',#497,5.75);
#497 = AXIS2_PLACEMENT_3D('',#498,#499,#500);
#498 = CARTESIAN_POINT('',(0.,-30.,62.));
#499 = DIRECTION('',(0.,-1.,0.));
#500 = DIRECTION('',(1.,0.,0.));
#501 = PCURVE('',#110,#502);
#502 = DEFINITIONAL_REPRESENTATION('',(#503),#511);
#503 = ( BOUNDED_CURVE() B_SPLINE_CURVE(2,(#504,#505,#506,#507,#508,#509
,#510),.UNSPECIFIED.,.T.,.F.) B_SPLINE_CURVE_WITH_KNOTS((1,2,2,2,2,1),(
    -2.094395102393,0.,2.094395102393,4.188790204786,6.28318530718,
8.377580409573),.UNSPECIFIED.) CURVE() GEOMETRIC_REPRESENTATION_ITEM() 
RATIONAL_B_SPLINE_CURVE((1.,0.5,1.,0.5,1.,0.5,1.)) REPRESENTATION_ITEM(
  '') );
#504 = CARTESIAN_POINT('',(62.,60.75));
#505 = CARTESIAN_POINT('',(71.959292143521,60.75));
#506 = CARTESIAN_POINT('',(66.979646071761,52.125));
#507 = CARTESIAN_POINT('',(62.,43.5));
#508 = CARTESIAN_POINT('',(57.020353928239,52.125));
#509 = CARTESIAN_POINT('',(52.040707856479,60.75));
#510 = CARTESIAN_POINT('',(62.,60.75));
#511 = ( GEOMETRIC_REPRESENTATION_CONTEXT(2) 
PARAMETRIC_REPRESENTATION_CONTEXT() REPRESENTATION_CONTEXT('2D SPACE',''
  ) );
#512 = PCURVE('',#513,#518);
#513 = CYLINDRICAL_SURFACE('',#514,5.75);
#514 = AXIS2_PLACEMENT_3D('',#515,#516,#517);
#515 = CARTESIAN_POINT('',(0.,-31.,62.));
#516 = DIRECTION('',(0.,-1.,0.));
#517 = DIRECTION('',(1.,0.,0.));
#518 = DEFINITIONAL_REPRESENTATION('',(#519),#523);
#519 = LINE('',#520,#521);
#520 = CARTESIAN_POINT('',(0.,-1.));
#521 = VECTOR('',#522,1.);
#522 = DIRECTION('',(1.,0.));
#523 = ( GEOMETRIC_REPRESENTATION_CONTEXT(2) 
PARAMETRIC_REPRESENTATION_CONTEXT() REPRESENTATION_CONTEXT('2D SPACE',''
  ) );
#524 = ADVANCED_FACE('',(#525,#573,#604),#192,.T.);
#525 = FACE_BOUND('',#526,.T.);
#526 = EDGE_LOOP('',(#527,#528,#529,#552));
#527 = ORIENTED_EDGE('',*,*,#178,.F.);
#528 = ORIENTED_EDGE('',*,*,#441,.T.);
#529 = ORIENTED_EDGE('',*,*,#530,.T.);
#530 = EDGE_CURVE('',#442,#531,#533,.T.);
#531 = VERTEX_POINT('',#532);
#532 = CARTESIAN_POINT('',(55.,30.,90.));
#533 = SURFACE_CURVE('',#534,(#538,#545),.PCURVE_S1.);
#534 = LINE('',#535,#536);
#535 = CARTESIAN_POINT('',(55.,-30.,90.));
#536 = VECTOR('',#537,1.);
#537 = DIRECTION('',(0.,1.,0.));
#538 = PCURVE('',#192,#539);
#539 = DEFINITIONAL_REPRESENTATION('',(#540),#544);
#540 = LINE('',#541,#542);
#541 = CARTESIAN_POINT('',(110.,0.));
#542 = VECTOR('',#543,1.);
#543 = DIRECTION('',(0.,1.));
#544 = ( GEOMETRIC_REPRESENTATION_CONTEXT(2) 
PARAMETRIC_REPRESENTATION_CONTEXT() REPRESENTATION_CONTEXT('2D SPACE',''
  ) );
#545 = PCURVE('',#478,#546);
#546 = DEFINITIONAL_REPRESENTATION('',(#547),#551);
#547 = LINE('',#548,#549);
#548 = CARTESIAN_POINT('',(90.,0.));
#549 = VECTOR('',#550,1.);
#550 = DIRECTION('',(0.,-1.));
#551 = ( GEOMETRIC_REPRESENTATION_CONTEXT(2) 
PARAMETRIC_REPRESENTATION_CONTEXT() REPRESENTATION_CONTEXT('2D SPACE',''
  ) );
#552 = ORIENTED_EDGE('',*,*,#553,.F.);
#553 = EDGE_CURVE('',#151,#531,#554,.T.);
#554 = SURFACE_CURVE('',#555,(#559,#566),.PCURVE_S1.);
#555 = LINE('',#556,#557);
#556 = CARTESIAN_POINT('',(-55.,30.,90.));
#557 = VECTOR('',#558,1.);
#558 = DIRECTION('',(1.,0.,0.));
#559 = PCURVE('',#192,#560);
#560 = DEFINITIONAL_REPRESENTATION('',(#561),#565);
#561 = LINE('',#562,#563);
#562 = CARTESIAN_POINT('',(0.,60.));
#563 = VECTOR('',#564,1.);
#564 = DIRECTION('',(1.,0.));
#565 = ( GEOMETRIC_REPRESENTATION_CONTEXT(2) 
PARAMETRIC_REPRESENTATION_CONTEXT() REPRESENTATION_CONTEXT('2D SPACE',''
  ) );
#566 = PCURVE('',#166,#567);
#567 = DEFINITIONAL_REPRESENTATION('',(#568),#572);
#568 = LINE('',#569,#570);
#569 = CARTESIAN_POINT('',(90.,0.));
#570 = VECTOR('',#571,1.);
#571 = DIRECTION('',(0.,1.));
#572 = ( GEOMETRIC_REPRESENTATION_CONTEXT(2) 
PARAMETRIC_REPRESENTATION_CONTEXT() REPRESENTATION_CONTEXT('2D SPACE',''
  ) );
#573 = FACE_BOUND('',#574,.T.);
#574 = EDGE_LOOP('',(#575));
#575 = ORIENTED_EDGE('',*,*,#576,.F.);
#576 = EDGE_CURVE('',#577,#577,#579,.T.);
#577 = VERTEX_POINT('',#578);
#578 = CARTESIAN_POINT('',(-30.25,0.,90.));
#579 = SURFACE_CURVE('',#580,(#585,#592),.PCURVE_S1.);
#580 = CIRCLE('',#581,9.75);
#581 = AXIS2_PLACEMENT_3D('',#582,#583,#584);
#582 = CARTESIAN_POINT('',(-40.,0.,90.));
#583 = DIRECTION('',(0.,0.,1.));
#584 = DIRECTION('',(1.,0.,-0.));
#585 = PCURVE('',#192,#586);
#586 = DEFINITIONAL_REPRESENTATION('',(#587),#591);
#587 = CIRCLE('',#588,9.75);
#588 = AXIS2_PLACEMENT_2D('',#589,#590);
#589 = CARTESIAN_POINT('',(15.,30.));
#590 = DIRECTION('',(1.,0.));
#591 = ( GEOMETRIC_REPRESENTATION_CONTEXT(2) 
PARAMETRIC_REPRESENTATION_CONTEXT() REPRESENTATION_CONTEXT('2D SPACE',''
  ) );
#592 = PCURVE('',#593,#598);
#593 = CYLINDRICAL_SURFACE('',#594,9.75);
#594 = AXIS2_PLACEMENT_3D('',#595,#596,#597);
#595 = CARTESIAN_POINT('',(-40.,0.,91.));
#596 = DIRECTION('',(0.,0.,1.));
#597 = DIRECTION('',(1.,0.,0.));
#598 = DEFINITIONAL_REPRESENTATION('',(#599),#603);
#599 = LINE('',#600,#601);
#600 = CARTESIAN_POINT('',(0.,-1.));
#601 = VECTOR('',#602,1.);
#602 = DIRECTION('',(1.,0.));
#603 = ( GEOMETRIC_REPRESENTATION_CONTEXT(2) 
PARAMETRIC_REPRESENTATION_CONTEXT() REPRESENTATION_CONTEXT('2D SPACE',''
  ) );
#604 = FACE_BOUND('',#605,.T.);
#605 = EDGE_LOOP('',(#606));
#606 = ORIENTED_EDGE('',*,*,#607,.F.);
#607 = EDGE_CURVE('',#608,#608,#610,.T.);
#608 = VERTEX_POINT('',#609);
#609 = CARTESIAN_POINT('',(49.75,0.,90.));
#610 = SURFACE_CURVE('',#611,(#616,#623),.PCURVE_S1.);
#611 = CIRCLE('',#612,9.75);
#612 = AXIS2_PLACEMENT_3D('',#613,#614,#615);
#613 = CARTESIAN_POINT('',(40.,0.,90.));
#614 = DIRECTION('',(0.,0.,1.));
#615 = DIRECTION('',(1.,0.,-0.));
#616 = PCURVE('',#192,#617);
#617 = DEFINITIONAL_REPRESENTATION('',(#618),#622);
#618 = CIRCLE('',#619,9.75);
#619 = AXIS2_PLACEMENT_2D('',#620,#621);
#620 = CARTESIAN_POINT('',(95.,30.));
#621 = DIRECTION('',(1.,0.));
#622 = ( GEOMETRIC_REPRESENTATION_CONTEXT(2) 
PARAMETRIC_REPRESENTATION_CONTEXT() REPRESENTATION_CONTEXT('2D SPACE',''
  ) );
#623 = PCURVE('',#624,#629);
#624 = CYLINDRICAL_SURFACE('',#625,9.75);
#625 = AXIS2_PLACEMENT_3D('',#626,#627,#628);
#626 = CARTESIAN_POINT('',(40.,0.,91.));
#627 = DIRECTION('',(0.,0.,1.));
#628 = DIRECTION('',(1.,0.,0.));
#629 = DEFINITIONAL_REPRESENTATION('',(#630),#634);
#630 = LINE('',#631,#632);
#631 = CARTESIAN_POINT('',(0.,-1.));
#632 = VECTOR('',#633,1.);
#633 = DIRECTION('',(1.,0.));
#634 = ( GEOMETRIC_REPRESENTATION_CONTEXT(2) 
PARAMETRIC_REPRESENTATION_CONTEXT() REPRESENTATION_CONTEXT('2D SPACE',''
  ) );
#635 = ADVANCED_FACE('',(#636,#684,#719,#754,#789),#138,.F.);
#636 = FACE_BOUND('',#637,.F.);
#637 = EDGE_LOOP('',(#638,#639,#640,#663));
#638 = ORIENTED_EDGE('',*,*,#122,.F.);
#639 = ORIENTED_EDGE('',*,*,#417,.T.);
#640 = ORIENTED_EDGE('',*,*,#641,.T.);
#641 = EDGE_CURVE('',#418,#642,#644,.T.);
#642 = VERTEX_POINT('',#643);
#643 = CARTESIAN_POINT('',(55.,30.,0.));
#644 = SURFACE_CURVE('',#645,(#649,#656),.PCURVE_S1.);
#645 = LINE('',#646,#647);
#646 = CARTESIAN_POINT('',(55.,-30.,0.));
#647 = VECTOR('',#648,1.);
#648 = DIRECTION('',(0.,1.,0.));
#649 = PCURVE('',#138,#650);
#650 = DEFINITIONAL_REPRESENTATION('',(#651),#655);
#651 = LINE('',#652,#653);
#652 = CARTESIAN_POINT('',(110.,0.));
#653 = VECTOR('',#654,1.);
#654 = DIRECTION('',(0.,1.));
#655 = ( GEOMETRIC_REPRESENTATION_CONTEXT(2) 
PARAMETRIC_REPRESENTATION_CONTEXT() REPRESENTATION_CONTEXT('2D SPACE',''
  ) );
#656 = PCURVE('',#478,#657);
#657 = DEFINITIONAL_REPRESENTATION('',(#658),#662);
#658 = LINE('',#659,#660);
#659 = CARTESIAN_POINT('',(0.,0.));
#660 = VECTOR('',#661,1.);
#661 = DIRECTION('',(0.,-1.));
#662 = ( GEOMETRIC_REPRESENTATION_CONTEXT(2) 
PARAMETRIC_REPRESENTATION_CONTEXT() REPRESENTATION_CONTEXT('2D SPACE',''
  ) );
#663 = ORIENTED_EDGE('',*,*,#664,.F.);
#664 = EDGE_CURVE('',#123,#642,#665,.T.);
#665 = SURFACE_CURVE('',#666,(#670,#677),.PCURVE_S1.);
#666 = LINE('',#667,#668);
#667 = CARTESIAN_POINT('',(-55.,30.,0.));
#668 = VECTOR('',#669,1.);
#669 = DIRECTION('',(1.,0.,0.));
#670 = PCURVE('',#138,#671);
#671 = DEFINITIONAL_REPRESENTATION('',(#672),#676);
#672 = LINE('',#673,#674);
#673 = CARTESIAN_POINT('',(0.,60.));
#674 = VECTOR('',#675,1.);
#675 = DIRECTION('',(1.,0.));
#676 = ( GEOMETRIC_REPRESENTATION_CONTEXT(2) 
PARAMETRIC_REPRESENTATION_CONTEXT() REPRESENTATION_CONTEXT('2D SPACE',''
  ) );
#677 = PCURVE('',#166,#678);
#678 = DEFINITIONAL_REPRESENTATION('',(#679),#683);
#679 = LINE('',#680,#681);
#680 = CARTESIAN_POINT('',(0.,0.));
#681 = VECTOR('',#682,1.);
#682 = DIRECTION('',(0.,1.));
#683 = ( GEOMETRIC_REPRESENTATION_CONTEXT(2) 
PARAMETRIC_REPRESENTATION_CONTEXT() REPRESENTATION_CONTEXT('2D SPACE',''
  ) );
#684 = FACE_BOUND('',#685,.F.);
#685 = EDGE_LOOP('',(#686));
#686 = ORIENTED_EDGE('',*,*,#687,.T.);
#687 = EDGE_CURVE('',#688,#688,#690,.T.);
#688 = VERTEX_POINT('',#689);
#689 = CARTESIAN_POINT('',(-36.6,-20.,0.));
#690 = SURFACE_CURVE('',#691,(#696,#707),.PCURVE_S1.);
#691 = CIRCLE('',#692,3.4);
#692 = AXIS2_PLACEMENT_3D('',#693,#694,#695);
#693 = CARTESIAN_POINT('',(-40.,-20.,0.));
#694 = DIRECTION('',(0.,0.,-1.));
#695 = DIRECTION('',(1.,0.,0.));
#696 = PCURVE('',#138,#697);
#697 = DEFINITIONAL_REPRESENTATION('',(#698),#706);
#698 = ( BOUNDED_CURVE() B_SPLINE_CURVE(2,(#699,#700,#701,#702,#703,#704
,#705),.UNSPECIFIED.,.T.,.F.) B_SPLINE_CURVE_WITH_KNOTS((1,2,2,2,2,1),(
    -2.094395102393,0.,2.094395102393,4.188790204786,6.28318530718,
8.377580409573),.UNSPECIFIED.) CURVE() GEOMETRIC_REPRESENTATION_ITEM() 
RATIONAL_B_SPLINE_CURVE((1.,0.5,1.,0.5,1.,0.5,1.)) REPRESENTATION_ITEM(
  '') );
#699 = CARTESIAN_POINT('',(18.4,10.));
#700 = CARTESIAN_POINT('',(18.4,4.111027254266));
#701 = CARTESIAN_POINT('',(13.3,7.055513627133));
#702 = CARTESIAN_POINT('',(8.2,10.));
#703 = CARTESIAN_POINT('',(13.3,12.944486372867));
#704 = CARTESIAN_POINT('',(18.4,15.888972745734));
#705 = CARTESIAN_POINT('',(18.4,10.));
#706 = ( GEOMETRIC_REPRESENTATION_CONTEXT(2) 
PARAMETRIC_REPRESENTATION_CONTEXT() REPRESENTATION_CONTEXT('2D SPACE',''
  ) );
#707 = PCURVE('',#708,#713);
#708 = CYLINDRICAL_SURFACE('',#709,3.4);
#709 = AXIS2_PLACEMENT_3D('',#710,#711,#712);
#710 = CARTESIAN_POINT('',(-40.,-20.,-1.));
#711 = DIRECTION('',(-0.,-0.,-1.));
#712 = DIRECTION('',(1.,0.,0.));
#713 = DEFINITIONAL_REPRESENTATION('',(#714),#718);
#714 = LINE('',#715,#716);
#715 = CARTESIAN_POINT('',(-6.28318530718,-1.));
#716 = VECTOR('',#717,1.);
#717 = DIRECTION('',(1.,-0.));
#718 = ( GEOMETRIC_REPRESENTATION_CONTEXT(2) 
PARAMETRIC_REPRESENTATION_CONTEXT() REPRESENTATION_CONTEXT('2D SPACE',''
  ) );
#719 = FACE_BOUND('',#720,.F.);
#720 = EDGE_LOOP('',(#721));
#721 = ORIENTED_EDGE('',*,*,#722,.T.);
#722 = EDGE_CURVE('',#723,#723,#725,.T.);
#723 = VERTEX_POINT('',#724);
#724 = CARTESIAN_POINT('',(43.4,-20.,0.));
#725 = SURFACE_CURVE('',#726,(#731,#742),.PCURVE_S1.);
#726 = CIRCLE('',#727,3.4);
#727 = AXIS2_PLACEMENT_3D('',#728,#729,#730);
#728 = CARTESIAN_POINT('',(40.,-20.,0.));
#729 = DIRECTION('',(0.,0.,-1.));
#730 = DIRECTION('',(1.,0.,0.));
#731 = PCURVE('',#138,#732);
#732 = DEFINITIONAL_REPRESENTATION('',(#733),#741);
#733 = ( BOUNDED_CURVE() B_SPLINE_CURVE(2,(#734,#735,#736,#737,#738,#739
,#740),.UNSPECIFIED.,.T.,.F.) B_SPLINE_CURVE_WITH_KNOTS((1,2,2,2,2,1),(
    -2.094395102393,0.,2.094395102393,4.188790204786,6.28318530718,
8.377580409573),.UNSPECIFIED.) CURVE() GEOMETRIC_REPRESENTATION_ITEM() 
RATIONAL_B_SPLINE_CURVE((1.,0.5,1.,0.5,1.,0.5,1.)) REPRESENTATION_ITEM(
  '') );
#734 = CARTESIAN_POINT('',(98.4,10.));
#735 = CARTESIAN_POINT('',(98.4,4.111027254266));
#736 = CARTESIAN_POINT('',(93.3,7.055513627133));
#737 = CARTESIAN_POINT('',(88.2,10.));
#738 = CARTESIAN_POINT('',(93.3,12.944486372867));
#739 = CARTESIAN_POINT('',(98.4,15.888972745734));
#740 = CARTESIAN_POINT('',(98.4,10.));
#741 = ( GEOMETRIC_REPRESENTATION_CONTEXT(2) 
PARAMETRIC_REPRESENTATION_CONTEXT() REPRESENTATION_CONTEXT('2D SPACE',''
  ) );
#742 = PCURVE('',#743,#748);
#743 = CYLINDRICAL_SURFACE('',#744,3.4);
#744 = AXIS2_PLACEMENT_3D('',#745,#746,#747);
#745 = CARTESIAN_POINT('',(40.,-20.,-1.));
#746 = DIRECTION('',(-0.,-0.,-1.));
#747 = DIRECTION('',(1.,0.,0.));
#748 = DEFINITIONAL_REPRESENTATION('',(#749),#753);
#749 = LINE('',#750,#751);
#750 = CARTESIAN_POINT('',(-6.28318530718,-1.));
#751 = VECTOR('',#752,1.);
#752 = DIRECTION('',(1.,-0.));
#753 = ( GEOMETRIC_REPRESENTATION_CONTEXT(2) 
PARAMETRIC_REPRESENTATION_CONTEXT() REPRESENTATION_CONTEXT('2D SPACE',''
  ) );
#754 = FACE_BOUND('',#755,.F.);
#755 = EDGE_LOOP('',(#756));
#756 = ORIENTED_EDGE('',*,*,#757,.T.);
#757 = EDGE_CURVE('',#758,#758,#760,.T.);
#758 = VERTEX_POINT('',#759);
#759 = CARTESIAN_POINT('',(-36.6,20.,0.));
#760 = SURFACE_CURVE('',#761,(#766,#777),.PCURVE_S1.);
#761 = CIRCLE('',#762,3.4);
#762 = AXIS2_PLACEMENT_3D('',#763,#764,#765);
#763 = CARTESIAN_POINT('',(-40.,20.,0.));
#764 = DIRECTION('',(0.,0.,-1.));
#765 = DIRECTION('',(1.,0.,0.));
#766 = PCURVE('',#138,#767);
#767 = DEFINITIONAL_REPRESENTATION('',(#768),#776);
#768 = ( BOUNDED_CURVE() B_SPLINE_CURVE(2,(#769,#770,#771,#772,#773,#774
,#775),.UNSPECIFIED.,.T.,.F.) B_SPLINE_CURVE_WITH_KNOTS((1,2,2,2,2,1),(
    -2.094395102393,0.,2.094395102393,4.188790204786,6.28318530718,
8.377580409573),.UNSPECIFIED.) CURVE() GEOMETRIC_REPRESENTATION_ITEM() 
RATIONAL_B_SPLINE_CURVE((1.,0.5,1.,0.5,1.,0.5,1.)) REPRESENTATION_ITEM(
  '') );
#769 = CARTESIAN_POINT('',(18.4,50.));
#770 = CARTESIAN_POINT('',(18.4,44.111027254266));
#771 = CARTESIAN_POINT('',(13.3,47.055513627133));
#772 = CARTESIAN_POINT('',(8.2,50.));
#773 = CARTESIAN_POINT('',(13.3,52.944486372867));
#774 = CARTESIAN_POINT('',(18.4,55.888972745734));
#775 = CARTESIAN_POINT('',(18.4,50.));
#776 = ( GEOMETRIC_REPRESENTATION_CONTEXT(2) 
PARAMETRIC_REPRESENTATION_CONTEXT() REPRESENTATION_CONTEXT('2D SPACE',''
  ) );
#777 = PCURVE('',#778,#783);
#778 = CYLINDRICAL_SURFACE('',#779,3.4);
#779 = AXIS2_PLACEMENT_3D('',#780,#781,#782);
#780 = CARTESIAN_POINT('',(-40.,20.,-1.));
#781 = DIRECTION('',(-0.,-0.,-1.));
#782 = DIRECTION('',(1.,0.,0.));
#783 = DEFINITIONAL_REPRESENTATION('',(#784),#788);
#784 = LINE('',#785,#786);
#785 = CARTESIAN_POINT('',(-6.28318530718,-1.));
#786 = VECTOR('',#787,1.);
#787 = DIRECTION('',(1.,-0.));
#788 = ( GEOMETRIC_REPRESENTATION_CONTEXT(2) 
PARAMETRIC_REPRESENTATION_CONTEXT() REPRESENTATION_CONTEXT('2D SPACE',''
  ) );
#789 = FACE_BOUND('',#790,.F.);
#790 = EDGE_LOOP('',(#791));
#791 = ORIENTED_EDGE('',*,*,#792,.T.);
#792 = EDGE_CURVE('',#793,#793,#795,.T.);
#793 = VERTEX_POINT('',#794);
#794 = CARTESIAN_POINT('',(43.4,20.,0.));
#795 = SURFACE_CURVE('',#796,(#801,#812),.PCURVE_S1.);
#796 = CIRCLE('',#797,3.4);
#797 = AXIS2_PLACEMENT_3D('',#798,#799,#800);
#798 = CARTESIAN_POINT('',(40.,20.,0.));
#799 = DIRECTION('',(0.,0.,-1.));
#800 = DIRECTION('',(1.,0.,0.));
#801 = PCURVE('',#138,#802);
#802 = DEFINITIONAL_REPRESENTATION('',(#803),#811);
#803 = ( BOUNDED_CURVE() B_SPLINE_CURVE(2,(#804,#805,#806,#807,#808,#809
,#810),.UNSPECIFIED.,.T.,.F.) B_SPLINE_CURVE_WITH_KNOTS((1,2,2,2,2,1),(
    -2.094395102393,0.,2.094395102393,4.188790204786,6.28318530718,
8.377580409573),.UNSPECIFIED.) CURVE() GEOMETRIC_REPRESENTATION_ITEM() 
RATIONAL_B_SPLINE_CURVE((1.,0.5,1.,0.5,1.,0.5,1.)) REPRESENTATION_ITEM(
  '') );
#804 = CARTESIAN_POINT('',(98.4,50.));
#805 = CARTESIAN_POINT('',(98.4,44.111027254266));
#806 = CARTESIAN_POINT('',(93.3,47.055513627133));
#807 = CARTESIAN_POINT('',(88.2,50.));
#808 = CARTESIAN_POINT('',(93.3,52.944486372867));
#809 = CARTESIAN_POINT('',(98.4,55.888972745734));
#810 = CARTESIAN_POINT('',(98.4,50.));
#811 = ( GEOMETRIC_REPRESENTATION_CONTEXT(2) 
PARAMETRIC_REPRESENTATION_CONTEXT() REPRESENTATION_CONTEXT('2D SPACE',''
  ) );
#812 = PCURVE('',#813,#818);
#813 = CYLINDRICAL_SURFACE('',#814,3.4);
#814 = AXIS2_PLACEMENT_3D('',#815,#816,#817);
#815 = CARTESIAN_POINT('',(40.,20.,-1.));
#816 = DIRECTION('',(-0.,-0.,-1.));
#817 = DIRECTION('',(1.,0.,0.));
#818 = DEFINITIONAL_REPRESENTATION('',(#819),#823);
#819 = LINE('',#820,#821);
#820 = CARTESIAN_POINT('',(-6.28318530718,-1.));
#821 = VECTOR('',#822,1.);
#822 = DIRECTION('',(1.,-0.));
#823 = ( GEOMETRIC_REPRESENTATION_CONTEXT(2) 
PARAMETRIC_REPRESENTATION_CONTEXT() REPRESENTATION_CONTEXT('2D SPACE',''
  ) );
#824 = ADVANCED_FACE('',(#825,#851),#166,.T.);
#825 = FACE_BOUND('',#826,.T.);
#826 = EDGE_LOOP('',(#827,#828,#829,#830));
#827 = ORIENTED_EDGE('',*,*,#664,.F.);
#828 = ORIENTED_EDGE('',*,*,#150,.T.);
#829 = ORIENTED_EDGE('',*,*,#553,.T.);
#830 = ORIENTED_EDGE('',*,*,#831,.F.);
#831 = EDGE_CURVE('',#642,#531,#832,.T.);
#832 = SURFACE_CURVE('',#833,(#837,#844),.PCURVE_S1.);
#833 = LINE('',#834,#835);
#834 = CARTESIAN_POINT('',(55.,30.,0.));
#835 = VECTOR('',#836,1.);
#836 = DIRECTION('',(0.,0.,1.));
#837 = PCURVE('',#166,#838);
#838 = DEFINITIONAL_REPRESENTATION('',(#839),#843);
#839 = LINE('',#840,#841);
#840 = CARTESIAN_POINT('',(0.,110.));
#841 = VECTOR('',#842,1.);
#842 = DIRECTION('',(1.,0.));
#843 = ( GEOMETRIC_REPRESENTATION_CONTEXT(2) 
PARAMETRIC_REPRESENTATION_CONTEXT() REPRESENTATION_CONTEXT('2D SPACE',''
  ) );
#844 = PCURVE('',#478,#845);
#845 = DEFINITIONAL_REPRESENTATION('',(#846),#850);
#846 = LINE('',#847,#848);
#847 = CARTESIAN_POINT('',(0.,-60.));
#848 = VECTOR('',#849,1.);
#849 = DIRECTION('',(1.,0.));
#850 = ( GEOMETRIC_REPRESENTATION_CONTEXT(2) 
PARAMETRIC_REPRESENTATION_CONTEXT() REPRESENTATION_CONTEXT('2D SPACE',''
  ) );
#851 = FACE_BOUND('',#852,.T.);
#852 = EDGE_LOOP('',(#853));
#853 = ORIENTED_EDGE('',*,*,#854,.F.);
#854 = EDGE_CURVE('',#855,#855,#857,.T.);
#855 = VERTEX_POINT('',#856);
#856 = CARTESIAN_POINT('',(5.75,30.,70.));
#857 = SURFACE_CURVE('',#858,(#863,#870),.PCURVE_S1.);
#858 = CIRCLE('',#859,5.75);
#859 = AXIS2_PLACEMENT_3D('',#860,#861,#862);
#860 = CARTESIAN_POINT('',(0.,30.,70.));
#861 = DIRECTION('',(-0.,1.,0.));
#862 = DIRECTION('',(1.,0.,0.));
#863 = PCURVE('',#166,#864);
#864 = DEFINITIONAL_REPRESENTATION('',(#865),#869);
#865 = CIRCLE('',#866,5.75);
#866 = AXIS2_PLACEMENT_2D('',#867,#868);
#867 = CARTESIAN_POINT('',(70.,55.));
#868 = DIRECTION('',(0.,1.));
#869 = ( GEOMETRIC_REPRESENTATION_CONTEXT(2) 
PARAMETRIC_REPRESENTATION_CONTEXT() REPRESENTATION_CONTEXT('2D SPACE',''
  ) );
#870 = PCURVE('',#871,#876);
#871 = CYLINDRICAL_SURFACE('',#872,5.75);
#872 = AXIS2_PLACEMENT_3D('',#873,#874,#875);
#873 = CARTESIAN_POINT('',(0.,31.,70.));
#874 = DIRECTION('',(-0.,1.,-0.));
#875 = DIRECTION('',(1.,0.,0.));
#876 = DEFINITIONAL_REPRESENTATION('',(#877),#881);
#877 = LINE('',#878,#879);
#878 = CARTESIAN_POINT('',(-6.28318530718,-1.));
#879 = VECTOR('',#880,1.);
#880 = DIRECTION('',(1.,-0.));
#881 = ( GEOMETRIC_REPRESENTATION_CONTEXT(2) 
PARAMETRIC_REPRESENTATION_CONTEXT() REPRESENTATION_CONTEXT('2D SPACE',''
  ) );
#882 = ADVANCED_FACE('',(#883),#227,.F.);
#883 = FACE_BOUND('',#884,.T.);
#884 = EDGE_LOOP('',(#885,#886,#909,#936));
#885 = ORIENTED_EDGE('',*,*,#206,.T.);
#886 = ORIENTED_EDGE('',*,*,#887,.T.);
#887 = EDGE_CURVE('',#207,#888,#890,.T.);
#888 = VERTEX_POINT('',#889);
#889 = CARTESIAN_POINT('',(-43.,16.642135623731,15.857864376269));
#890 = SEAM_CURVE('',#891,(#895,#902),.PCURVE_S1.);
#891 = LINE('',#892,#893);
#892 = CARTESIAN_POINT('',(-56.,16.642135623731,15.857864376269));
#893 = VECTOR('',#894,1.);
#894 = DIRECTION('',(1.,0.,0.));
#895 = PCURVE('',#227,#896);
#896 = DEFINITIONAL_REPRESENTATION('',(#897),#901);
#897 = LINE('',#898,#899);
#898 = CARTESIAN_POINT('',(-6.28318530718,0.));
#899 = VECTOR('',#900,1.);
#900 = DIRECTION('',(-0.,-1.));
#901 = ( GEOMETRIC_REPRESENTATION_CONTEXT(2) 
PARAMETRIC_REPRESENTATION_CONTEXT() REPRESENTATION_CONTEXT('2D SPACE',''
  ) );
#902 = PCURVE('',#227,#903);
#903 = DEFINITIONAL_REPRESENTATION('',(#904),#908);
#904 = LINE('',#905,#906);
#905 = CARTESIAN_POINT('',(-0.,0.));
#906 = VECTOR('',#907,1.);
#907 = DIRECTION('',(-0.,-1.));
#908 = ( GEOMETRIC_REPRESENTATION_CONTEXT(2) 
PARAMETRIC_REPRESENTATION_CONTEXT() REPRESENTATION_CONTEXT('2D SPACE',''
  ) );
#909 = ORIENTED_EDGE('',*,*,#910,.T.);
#910 = EDGE_CURVE('',#888,#888,#911,.T.);
#911 = SURFACE_CURVE('',#912,(#917,#924),.PCURVE_S1.);
#912 = CIRCLE('',#913,2.5);
#913 = AXIS2_PLACEMENT_3D('',#914,#915,#916);
#914 = CARTESIAN_POINT('',(-43.,14.142135623731,15.857864376269));
#915 = DIRECTION('',(1.,0.,0.));
#916 = DIRECTION('',(0.,1.,0.));
#917 = PCURVE('',#227,#918);
#918 = DEFINITIONAL_REPRESENTATION('',(#919),#923);
#919 = LINE('',#920,#921);
#920 = CARTESIAN_POINT('',(-0.,-13.));
#921 = VECTOR('',#922,1.);
#922 = DIRECTION('',(-1.,0.));
#923 = ( GEOMETRIC_REPRESENTATION_CONTEXT(2) 
PARAMETRIC_REPRESENTATION_CONTEXT() REPRESENTATION_CONTEXT('2D SPACE',''
  ) );
#924 = PCURVE('',#925,#930);
#925 = PLANE('',#926);
#926 = AXIS2_PLACEMENT_3D('',#927,#928,#929);
#927 = CARTESIAN_POINT('',(-43.,14.142135623731,15.857864376269));
#928 = DIRECTION('',(1.,0.,0.));
#929 = DIRECTION('',(-0.,0.,1.));
#930 = DEFINITIONAL_REPRESENTATION('',(#931),#935);
#931 = CIRCLE('',#932,2.5);
#932 = AXIS2_PLACEMENT_2D('',#933,#934);
#933 = CARTESIAN_POINT('',(-1.7763568394E-15,0.));
#934 = DIRECTION('',(0.,-1.));
#935 = ( GEOMETRIC_REPRESENTATION_CONTEXT(2) 
PARAMETRIC_REPRESENTATION_CONTEXT() REPRESENTATION_CONTEXT('2D SPACE',''
  ) );
#936 = ORIENTED_EDGE('',*,*,#887,.F.);
#937 = ADVANCED_FACE('',(#938),#262,.F.);
#938 = FACE_BOUND('',#939,.T.);
#939 = EDGE_LOOP('',(#940,#941,#964,#991));
#940 = ORIENTED_EDGE('',*,*,#241,.T.);
#941 = ORIENTED_EDGE('',*,*,#942,.T.);
#942 = EDGE_CURVE('',#242,#943,#945,.T.);
#943 = VERTEX_POINT('',#944);
#944 = CARTESIAN_POINT('',(-43.,16.642135623731,44.142135623731));
#945 = SEAM_CURVE('',#946,(#950,#957),.PCURVE_S1.);
#946 = LINE('',#947,#948);
#947 = CARTESIAN_POINT('',(-56.,16.642135623731,44.142135623731));
#948 = VECTOR('',#949,1.);
#949 = DIRECTION('',(1.,0.,0.));
#950 = PCURVE('',#262,#951);
#951 = DEFINITIONAL_REPRESENTATION('',(#952),#956);
#952 = LINE('',#953,#954);
#953 = CARTESIAN_POINT('',(-6.28318530718,0.));
#954 = VECTOR('',#955,1.);
#955 = DIRECTION('',(-0.,-1.));
#956 = ( GEOMETRIC_REPRESENTATION_CONTEXT(2) 
PARAMETRIC_REPRESENTATION_CONTEXT() REPRESENTATION_CONTEXT('2D SPACE',''
  ) );
#957 = PCURVE('',#262,#958);
#958 = DEFINITIONAL_REPRESENTATION('',(#959),#963);
#959 = LINE('',#960,#961);
#960 = CARTESIAN_POINT('',(-0.,0.));
#961 = VECTOR('',#962,1.);
#962 = DIRECTION('',(-0.,-1.));
#963 = ( GEOMETRIC_REPRESENTATION_CONTEXT(2) 
PARAMETRIC_REPRESENTATION_CONTEXT() REPRESENTATION_CONTEXT('2D SPACE',''
  ) );
#964 = ORIENTED_EDGE('',*,*,#965,.T.);
#965 = EDGE_CURVE('',#943,#943,#966,.T.);
#966 = SURFACE_CURVE('',#967,(#972,#979),.PCURVE_S1.);
#967 = CIRCLE('',#968,2.5);
#968 = AXIS2_PLACEMENT_3D('',#969,#970,#971);
#969 = CARTESIAN_POINT('',(-43.,14.142135623731,44.142135623731));
#970 = DIRECTION('',(1.,0.,0.));
#971 = DIRECTION('',(0.,1.,0.));
#972 = PCURVE('',#262,#973);
#973 = DEFINITIONAL_REPRESENTATION('',(#974),#978);
#974 = LINE('',#975,#976);
#975 = CARTESIAN_POINT('',(-0.,-13.));
#976 = VECTOR('',#977,1.);
#977 = DIRECTION('',(-1.,0.));
#978 = ( GEOMETRIC_REPRESENTATION_CONTEXT(2) 
PARAMETRIC_REPRESENTATION_CONTEXT() REPRESENTATION_CONTEXT('2D SPACE',''
  ) );
#979 = PCURVE('',#980,#985);
#980 = PLANE('',#981);
#981 = AXIS2_PLACEMENT_3D('',#982,#983,#984);
#982 = CARTESIAN_POINT('',(-43.,14.142135623731,44.142135623731));
#983 = DIRECTION('',(1.,0.,0.));
#984 = DIRECTION('',(-0.,0.,1.));
#985 = DEFINITIONAL_REPRESENTATION('',(#986),#990);
#986 = CIRCLE('',#987,2.5);
#987 = AXIS2_PLACEMENT_2D('',#988,#989);
#988 = CARTESIAN_POINT('',(7.105427357601E-15,-1.7763568394E-15));
#989 = DIRECTION('',(0.,-1.));
#990 = ( GEOMETRIC_REPRESENTATION_CONTEXT(2) 
PARAMETRIC_REPRESENTATION_CONTEXT() REPRESENTATION_CONTEXT('2D SPACE',''
  ) );
#991 = ORIENTED_EDGE('',*,*,#942,.F.);
#992 = ADVANCED_FACE('',(#993,#1046,#1241),#297,.F.);
#993 = FACE_BOUND('',#994,.T.);
#994 = EDGE_LOOP('',(#995,#996,#1019,#1045));
#995 = ORIENTED_EDGE('',*,*,#276,.T.);
#996 = ORIENTED_EDGE('',*,*,#997,.T.);
#997 = EDGE_CURVE('',#277,#998,#1000,.T.);
#998 = VERTEX_POINT('',#999);
#999 = CARTESIAN_POINT('',(55.,10.,30.));
#1000 = SEAM_CURVE('',#1001,(#1005,#1012),.PCURVE_S1.);
#1001 = LINE('',#1002,#1003);
#1002 = CARTESIAN_POINT('',(-56.,10.,30.));
#1003 = VECTOR('',#1004,1.);
#1004 = DIRECTION('',(1.,0.,0.));
#1005 = PCURVE('',#297,#1006);
#1006 = DEFINITIONAL_REPRESENTATION('',(#1007),#1011);
#1007 = LINE('',#1008,#1009);
#1008 = CARTESIAN_POINT('',(-6.28318530718,0.));
#1009 = VECTOR('',#1010,1.);
#1010 = DIRECTION('',(-0.,-1.));
#1011 = ( GEOMETRIC_REPRESENTATION_CONTEXT(2) 
PARAMETRIC_REPRESENTATION_CONTEXT() REPRESENTATION_CONTEXT('2D SPACE',''
  ) );
#1012 = PCURVE('',#297,#1013);
#1013 = DEFINITIONAL_REPRESENTATION('',(#1014),#1018);
#1014 = LINE('',#1015,#1016);
#1015 = CARTESIAN_POINT('',(-0.,0.));
#1016 = VECTOR('',#1017,1.);
#1017 = DIRECTION('',(-0.,-1.));
#1018 = ( GEOMETRIC_REPRESENTATION_CONTEXT(2) 
PARAMETRIC_REPRESENTATION_CONTEXT() REPRESENTATION_CONTEXT('2D SPACE',''
  ) );
#1019 = ORIENTED_EDGE('',*,*,#1020,.F.);
#1020 = EDGE_CURVE('',#998,#998,#1021,.T.);
#1021 = SURFACE_CURVE('',#1022,(#1027,#1034),.PCURVE_S1.);
#1022 = CIRCLE('',#1023,10.);
#1023 = AXIS2_PLACEMENT_3D('',#1024,#1025,#1026);
#1024 = CARTESIAN_POINT('',(55.,0.,30.));
#1025 = DIRECTION('',(-1.,0.,0.));
#1026 = DIRECTION('',(0.,1.,0.));
#1027 = PCURVE('',#297,#1028);
#1028 = DEFINITIONAL_REPRESENTATION('',(#1029),#1033);
#1029 = LINE('',#1030,#1031);
#1030 = CARTESIAN_POINT('',(-6.28318530718,-111.));
#1031 = VECTOR('',#1032,1.);
#1032 = DIRECTION('',(1.,-0.));
#1033 = ( GEOMETRIC_REPRESENTATION_CONTEXT(2) 
PARAMETRIC_REPRESENTATION_CONTEXT() REPRESENTATION_CONTEXT('2D SPACE',''
  ) );
#1034 = PCURVE('',#478,#1035);
#1035 = DEFINITIONAL_REPRESENTATION('',(#1036),#1044);
#1036 = ( BOUNDED_CURVE() B_SPLINE_CURVE(2,(#1037,#1038,#1039,#1040,
#1041,#1042,#1043),.UNSPECIFIED.,.T.,.F.) B_SPLINE_CURVE_WITH_KNOTS((1,2
    ,2,2,2,1),(-2.094395102393,0.,2.094395102393,4.188790204786,
6.28318530718,8.377580409573),.UNSPECIFIED.) CURVE() 
GEOMETRIC_REPRESENTATION_ITEM() RATIONAL_B_SPLINE_CURVE((1.,0.5,1.,0.5,
1.,0.5,1.)) REPRESENTATION_ITEM('') );
#1037 = CARTESIAN_POINT('',(30.,-40.));
#1038 = CARTESIAN_POINT('',(12.679491924311,-40.));
#1039 = CARTESIAN_POINT('',(21.339745962156,-25.));
#1040 = CARTESIAN_POINT('',(30.,-10.));
#1041 = CARTESIAN_POINT('',(38.660254037844,-25.));
#1042 = CARTESIAN_POINT('',(47.320508075689,-40.));
#1043 = CARTESIAN_POINT('',(30.,-40.));
#1044 = ( GEOMETRIC_REPRESENTATION_CONTEXT(2) 
PARAMETRIC_REPRESENTATION_CONTEXT() REPRESENTATION_CONTEXT('2D SPACE',''
  ) );
#1045 = ORIENTED_EDGE('',*,*,#997,.F.);
#1046 = FACE_BOUND('',#1047,.T.);
#1047 = EDGE_LOOP('',(#1048));
#1048 = ORIENTED_EDGE('',*,*,#1049,.T.);
#1049 = EDGE_CURVE('',#1050,#1050,#1052,.T.);
#1050 = VERTEX_POINT('',#1051);
#1051 = CARTESIAN_POINT('',(43.,0.,40.));
#1052 = SURFACE_CURVE('',#1053,(#1112,#1174),.PCURVE_S1.);
#1053 = B_SPLINE_CURVE_WITH_KNOTS('',8,(#1054,#1055,#1056,#1057,#1058,
    #1059,#1060,#1061,#1062,#1063,#1064,#1065,#1066,#1067,#1068,#1069,
    #1070,#1071,#1072,#1073,#1074,#1075,#1076,#1077,#1078,#1079,#1080,
    #1081,#1082,#1083,#1084,#1085,#1086,#1087,#1088,#1089,#1090,#1091,
    #1092,#1093,#1094,#1095,#1096,#1097,#1098,#1099,#1100,#1101,#1102,
    #1103,#1104,#1105,#1106,#1107,#1108,#1109,#1110,#1111),
  .UNSPECIFIED.,.T.,.F.,(9,7,7,7,7,7,7,7,9),(0.,9.540137920728E-02,
    0.16669377676,0.343761611171,0.434296464839,0.535132915424,
    0.729655337148,0.851228452176,1.),.UNSPECIFIED.);
#1054 = CARTESIAN_POINT('',(43.,0.,40.));
#1055 = CARTESIAN_POINT('',(43.,0.312050401822,40.));
#1056 = CARTESIAN_POINT('',(42.962905020526,0.616955980581,
    39.98887097216));
#1057 = CARTESIAN_POINT('',(42.891685199882,0.909728179468,
    39.967507192217));
#1058 = CARTESIAN_POINT('',(42.789976926613,1.185994667508,
    39.937692349784));
#1059 = CARTESIAN_POINT('',(42.66211287315,1.44205640488,39.901859619498
    ));
#1060 = CARTESIAN_POINT('',(42.513159983385,1.675013628769,
    39.862727422858));
#1061 = CARTESIAN_POINT('',(42.348954499459,1.882937447045,
    39.822891330553));
#1062 = CARTESIAN_POINT('',(42.046968125837,2.201164685674,
    39.755727682535));
#1063 = CARTESIAN_POINT('',(41.910901853944,2.32506600592,
    39.727317547585));
#1064 = CARTESIAN_POINT('',(41.769064619732,2.437051146424,
    39.699845187884));
#1065 = CARTESIAN_POINT('',(41.622404082599,2.537416277583,
    39.673831169375));
#1066 = CARTESIAN_POINT('',(41.471705767975,2.626449653128,
    39.649704478467));
#1067 = CARTESIAN_POINT('',(41.317622598637,2.704412218714,
    39.627814056283));
#1068 = CARTESIAN_POINT('',(41.160703428332,2.771519457583,
    39.608440974975));
#1069 = CARTESIAN_POINT('',(40.605812204467,2.968016745688,
    39.550508278519));
#1070 = CARTESIAN_POINT('',(40.196978684271,3.04161167168,
    39.526269220593));
#1071 = CARTESIAN_POINT('',(39.782800585033,3.051693431399,
    39.522389895864));
#1072 = CARTESIAN_POINT('',(39.369340590824,2.998912806093,
    39.539930846226));
#1073 = CARTESIAN_POINT('',(38.962968314566,2.882330456397,
    39.578088278323));
#1074 = CARTESIAN_POINT('',(38.57131336109,2.699579609477,39.6338866104)
  );
#1075 = CARTESIAN_POINT('',(38.204487220968,2.447127908087,
    39.701686318875));
#1076 = CARTESIAN_POINT('',(37.712094120017,1.954734807136,
    39.808571261976));
#1077 = CARTESIAN_POINT('',(37.560414329242,1.773153631251,
    39.844589320368));
#1078 = CARTESIAN_POINT('',(37.425268629535,1.578177412947,
    39.879096121196));
#1079 = CARTESIAN_POINT('',(37.308033187867,1.371595285004,
    39.910761370663));
#1080 = CARTESIAN_POINT('',(37.209834806088,1.155340115886,
    39.938401233824));
#1081 = CARTESIAN_POINT('',(37.131549674852,0.931451678078,
    39.961057423796));
#1082 = CARTESIAN_POINT('',(37.073798068113,0.702047784801,
    39.978046824359));
#1083 = CARTESIAN_POINT('',(36.995877385561,0.210075957313,
    40.001160696937));
#1084 = CARTESIAN_POINT('',(36.980468653834,-5.495848040869E-02,
    40.00590697936));
#1085 = CARTESIAN_POINT('',(36.992084661721,-0.320976357114,
    40.00242904379));
#1086 = CARTESIAN_POINT('',(37.030610046348,-0.582973423795,
    39.990678054395));
#1087 = CARTESIAN_POINT('',(37.094517790724,-0.836052059436,
    39.971479078078));
#1088 = CARTESIAN_POINT('',(37.18087777528,-1.07569665147,
    39.946409407429));
#1089 = CARTESIAN_POINT('',(37.285313200631,-1.298024536857,
    39.917502981284));
#1090 = CARTESIAN_POINT('',(37.626875915066,-1.889628512229,
    39.827746884196));
#1091 = CARTESIAN_POINT('',(37.905024916456,-2.217179217727,
    39.76009907218));
#1092 = CARTESIAN_POINT('',(38.218098027062,-2.483567465347,
    39.693365180536));
#1093 = CARTESIAN_POINT('',(38.554312785464,-2.692150367376,
    39.634499441121));
#1094 = CARTESIAN_POINT('',(38.905517693435,-2.846243133488,
    39.587743052397));
#1095 = CARTESIAN_POINT('',(39.266089223682,-2.948434068889,
    39.55560941572));
#1096 = CARTESIAN_POINT('',(39.632087248919,-3.,39.539392014169));
#1097 = CARTESIAN_POINT('',(40.229939041529,-3.,39.539392014169));
#1098 = CARTESIAN_POINT('',(40.459679254548,-2.979858671934,
    39.545726387136));
#1099 = CARTESIAN_POINT('',(40.688090347562,-2.939634898386,
    39.558375594981));
#1100 = CARTESIAN_POINT('',(40.913999053637,-2.879191728063,
    39.57712280459));
#1101 = CARTESIAN_POINT('',(41.136124151828,-2.798219836068,
    39.601544580269));
#1102 = CARTESIAN_POINT('',(41.352988418164,-2.69626474633,
    39.630989887314));
#1103 = CARTESIAN_POINT('',(41.56280750616,-2.572757816188,
    39.664547406715));
#1104 = CARTESIAN_POINT('',(42.008770819787,-2.248746502908,
    39.745610377783));
#1105 = CARTESIAN_POINT('',(42.247409936065,-2.032033985867,
    39.795849048768));
#1106 = CARTESIAN_POINT('',(42.469115479866,-1.775746320049,
    39.849080454573));
#1107 = CARTESIAN_POINT('',(42.66421770652,-1.480883839597,
    39.901203554956));
#1108 = CARTESIAN_POINT('',(42.823539412953,-1.150362644051,
    39.94706249562));
#1109 = CARTESIAN_POINT('',(42.938297228871,-0.788791310175,
    39.98148903793));
#1110 = CARTESIAN_POINT('',(43.,-0.402455410774,40.));
#1111 = CARTESIAN_POINT('',(43.,0.,40.));
#1112 = PCURVE('',#297,#1113);
#1113 = DEFINITIONAL_REPRESENTATION('',(#1114),#1173);
#1114 = B_SPLINE_CURVE_WITH_KNOTS('',8,(#1115,#1116,#1117,#1118,#1119,
    #1120,#1121,#1122,#1123,#1124,#1125,#1126,#1127,#1128,#1129,#1130,
    #1131,#1132,#1133,#1134,#1135,#1136,#1137,#1138,#1139,#1140,#1141,
    #1142,#1143,#1144,#1145,#1146,#1147,#1148,#1149,#1150,#1151,#1152,
    #1153,#1154,#1155,#1156,#1157,#1158,#1159,#1160,#1161,#1162,#1163,
    #1164,#1165,#1166,#1167,#1168,#1169,#1170,#1171,#1172),
  .UNSPECIFIED.,.T.,.F.,(9,7,7,7,7,7,7,7,9),(0.,9.540137920728E-02,
    0.16669377676,0.343761611171,0.434296464839,0.535132915424,
    0.729655337148,0.851228452176,1.),.UNSPECIFIED.);
#1115 = CARTESIAN_POINT('',(-1.570796326795,-99.));
#1116 = CARTESIAN_POINT('',(-1.539591286613,-99.));
#1117 = CARTESIAN_POINT('',(-1.509100697767,-98.96290502052));
#1118 = CARTESIAN_POINT('',(-1.479777303861,-98.89168519988));
#1119 = CARTESIAN_POINT('',(-1.45202042686,-98.78997692661));
#1120 = CARTESIAN_POINT('',(-1.426185605528,-98.66211287315));
#1121 = CARTESIAN_POINT('',(-1.402573979002,-98.51315998338));
#1122 = CARTESIAN_POINT('',(-1.381407156164,-98.34895449945));
#1123 = CARTESIAN_POINT('',(-1.34888339085,-98.04696812583));
#1124 = CARTESIAN_POINT('',(-1.33617363534,-97.91090185394));
#1125 = CARTESIAN_POINT('',(-1.324645085064,-97.76906461973));
#1126 = CARTESIAN_POINT('',(-1.314278366772,-97.62240408259));
#1127 = CARTESIAN_POINT('',(-1.305054747035,-97.47170576797));
#1128 = CARTESIAN_POINT('',(-1.296957375431,-97.31762259863));
#1129 = CARTESIAN_POINT('',(-1.28997271775,-97.16070342833));
#1130 = CARTESIAN_POINT('',(-1.26948677585,-96.60581220446));
#1131 = CARTESIAN_POINT('',(-1.261742216927,-96.19697868427));
#1132 = CARTESIAN_POINT('',(-1.260660810462,-95.78280058503));
#1133 = CARTESIAN_POINT('',(-1.26622371286,-95.36934059082));
#1134 = CARTESIAN_POINT('',(-1.2784924744,-94.96296831456));
#1135 = CARTESIAN_POINT('',(-1.297591806009,-94.57131336108));
#1136 = CARTESIAN_POINT('',(-1.323700663975,-94.20448722096));
#1137 = CARTESIAN_POINT('',(-1.374086709357,-93.71209412001));
#1138 = CARTESIAN_POINT('',(-1.392595647122,-93.56041432924));
#1139 = CARTESIAN_POINT('',(-1.412389016967,-93.42526862953));
#1140 = CARTESIAN_POINT('',(-1.433276894746,-93.30803318786));
#1141 = CARTESIAN_POINT('',(-1.455064057993,-93.20983480608));
#1142 = CARTESIAN_POINT('',(-1.477553758358,-93.13154967485));
#1143 = CARTESIAN_POINT('',(-1.500548631323,-93.07379806811));
#1144 = CARTESIAN_POINT('',(-1.549800081063,-92.99587738556));
#1145 = CARTESIAN_POINT('',(-1.576296622217,-92.98046865383));
#1146 = CARTESIAN_POINT('',(-1.602879308477,-92.99208466172));
#1147 = CARTESIAN_POINT('',(-1.629079756333,-93.03061004634));
#1148 = CARTESIAN_POINT('',(-1.654438631566,-93.09451779072));
#1149 = CARTESIAN_POINT('',(-1.678521105997,-93.18087777528));
#1150 = CARTESIAN_POINT('',(-1.700935923144,-93.28531320063));
#1151 = CARTESIAN_POINT('',(-1.760773321202,-93.62687591506));
#1152 = CARTESIAN_POINT('',(-1.794172482191,-93.90502491645));
#1153 = CARTESIAN_POINT('',(-1.821604416801,-94.21809802706));
#1154 = CARTESIAN_POINT('',(-1.843269222794,-94.55431278546));
#1155 = CARTESIAN_POINT('',(-1.859370801017,-94.90551769343));
#1156 = CARTESIAN_POINT('',(-1.870083419964,-95.26608922368));
#1157 = CARTESIAN_POINT('',(-1.87548898081,-95.63208724891));
#1158 = CARTESIAN_POINT('',(-1.87548898081,-96.22993904152));
#1159 = CARTESIAN_POINT('',(-1.873377577382,-96.45967925454));
#1160 = CARTESIAN_POINT('',(-1.869161026768,-96.68809034756));
#1161 = CARTESIAN_POINT('',(-1.862832688454,-96.91399905363));
#1162 = CARTESIAN_POINT('',(-1.854375776513,-97.13612415182));
#1163 = CARTESIAN_POINT('',(-1.843765337594,-97.35298841816));
#1164 = CARTESIAN_POINT('',(-1.83096945556,-97.56280750616));
#1165 = CARTESIAN_POINT('',(-1.797569674661,-98.00877081978));
#1166 = CARTESIAN_POINT('',(-1.775327079303,-98.24740993606));
#1167 = CARTESIAN_POINT('',(-1.749163160089,-98.46911547986));
#1168 = CARTESIAN_POINT('',(-1.719248487585,-98.66421770652));
#1169 = CARTESIAN_POINT('',(-1.685931963226,-98.82353941295));
#1170 = CARTESIAN_POINT('',(-1.649675450347,-98.93829722887));
#1171 = CARTESIAN_POINT('',(-1.611041867872,-99.));
#1172 = CARTESIAN_POINT('',(-1.570796326795,-99.));
#1173 = ( GEOMETRIC_REPRESENTATION_CONTEXT(2) 
PARAMETRIC_REPRESENTATION_CONTEXT() REPRESENTATION_CONTEXT('2D SPACE',''
  ) );
#1174 = PCURVE('',#1175,#1180);
#1175 = CYLINDRICAL_SURFACE('',#1176,3.);
#1176 = AXIS2_PLACEMENT_3D('',#1177,#1178,#1179);
#1177 = CARTESIAN_POINT('',(40.,0.,55.));
#1178 = DIRECTION('',(0.,0.,1.));
#1179 = DIRECTION('',(1.,0.,0.));
#1180 = DEFINITIONAL_REPRESENTATION('',(#1181),#1240);
#1181 = B_SPLINE_CURVE_WITH_KNOTS('',8,(#1182,#1183,#1184,#1185,#1186,
    #1187,#1188,#1189,#1190,#1191,#1192,#1193,#1194,#1195,#1196,#1197,
    #1198,#1199,#1200,#1201,#1202,#1203,#1204,#1205,#1206,#1207,#1208,
    #1209,#1210,#1211,#1212,#1213,#1214,#1215,#1216,#1217,#1218,#1219,
    #1220,#1221,#1222,#1223,#1224,#1225,#1226,#1227,#1228,#1229,#1230,
    #1231,#1232,#1233,#1234,#1235,#1236,#1237,#1238,#1239),
  .UNSPECIFIED.,.F.,.F.,(9,7,7,7,7,7,7,7,9),(0.,9.540137920728E-02,
    0.16669377676,0.343761611171,0.434296464839,0.535132915424,
    0.729655337148,0.851228452176,1.),.UNSPECIFIED.);
#1182 = CARTESIAN_POINT('',(0.,-15.));
#1183 = CARTESIAN_POINT('',(0.104016800607,-15.));
#1184 = CARTESIAN_POINT('',(0.20565192117,-15.01112902784));
#1185 = CARTESIAN_POINT('',(0.304957782832,-15.03249280778));
#1186 = CARTESIAN_POINT('',(0.40186146216,-15.06230765021));
#1187 = CARTESIAN_POINT('',(0.496176215043,-15.0981403805));
#1188 = CARTESIAN_POINT('',(0.587573774413,-15.13727257714));
#1189 = CARTESIAN_POINT('',(0.675525220787,-15.17710866944));
#1190 = CARTESIAN_POINT('',(0.8217610825,-15.24427231746));
#1191 = CARTESIAN_POINT('',(0.882940074502,-15.27268245241));
#1192 = CARTESIAN_POINT('',(0.942934402313,-15.30015481211));
#1193 = CARTESIAN_POINT('',(1.001903665563,-15.32616883062));
#1194 = CARTESIAN_POINT('',(1.059996976875,-15.35029552153));
#1195 = CARTESIAN_POINT('',(1.117358887135,-15.37218594371));
#1196 = CARTESIAN_POINT('',(1.174132121003,-15.39155902502));
#1197 = CARTESIAN_POINT('',(1.37035066542,-15.44949172148));
#1198 = CARTESIAN_POINT('',(1.507001531404,-15.4737307794));
#1199 = CARTESIAN_POINT('',(1.642430176456,-15.47761010413));
#1200 = CARTESIAN_POINT('',(1.77819222533,-15.46006915377));
#1201 = CARTESIAN_POINT('',(1.915738494902,-15.42191172167));
#1202 = CARTESIAN_POINT('',(2.056641042084,-15.3661133896));
#1203 = CARTESIAN_POINT('',(2.202607331366,-15.29831368112));
#1204 = CARTESIAN_POINT('',(2.434723665161,-15.19142873802));
#1205 = CARTESIAN_POINT('',(2.513273887409,-15.15541067963));
#1206 = CARTESIAN_POINT('',(2.591822685045,-15.1209038788));
#1207 = CARTESIAN_POINT('',(2.670362467909,-15.08923862933));
#1208 = CARTESIAN_POINT('',(2.748895001114,-15.06159876617));
#1209 = CARTESIAN_POINT('',(2.827426664066,-15.0389425762));
#1210 = CARTESIAN_POINT('',(2.905964494986,-15.02195317564));
#1211 = CARTESIAN_POINT('',(3.071999267719,-14.99883930306));
#1212 = CARTESIAN_POINT('',(3.160059721119,-14.99409302064));
#1213 = CARTESIAN_POINT('',(3.248055936025,-14.99757095621));
#1214 = CARTESIAN_POINT('',(3.33542057284,-15.0093219456));
#1215 = CARTESIAN_POINT('',(3.42157653357,-15.02852092192));
#1216 = CARTESIAN_POINT('',(3.505864428439,-15.05359059257));
#1217 = CARTESIAN_POINT('',(3.587451037178,-15.08249701871));
#1218 = CARTESIAN_POINT('',(3.815159513467,-15.1722531158));
#1219 = CARTESIAN_POINT('',(3.956074144849,-15.23990092782));
#1220 = CARTESIAN_POINT('',(4.090287473613,-15.30663481946));
#1221 = CARTESIAN_POINT('',(4.21936579364,-15.36550055887));
#1222 = CARTESIAN_POINT('',(4.34475418112,-15.4122569476));
#1223 = CARTESIAN_POINT('',(4.467751350848,-15.44439058428));
#1224 = CARTESIAN_POINT('',(4.589751396691,-15.46060798583));
#1225 = CARTESIAN_POINT('',(4.789035327561,-15.46060798583));
#1226 = CARTESIAN_POINT('',(4.86561594072,-15.45427361286));
#1227 = CARTESIAN_POINT('',(4.94243773179,-15.44162440501));
#1228 = CARTESIAN_POINT('',(5.019794814115,-15.42287719541));
#1229 = CARTESIAN_POINT('',(5.097979336679,-15.39845541973));
#1230 = CARTESIAN_POINT('',(5.177295547696,-15.36901011268));
#1231 = CARTESIAN_POINT('',(5.258077087551,-15.33545259328));
#1232 = CARTESIAN_POINT('',(5.441824077922,-15.25438962221));
#1233 = CARTESIAN_POINT('',(5.548638786526,-15.20415095123));
#1234 = CARTESIAN_POINT('',(5.660214940142,-15.15091954542));
#1235 = CARTESIAN_POINT('',(5.776075960554,-15.09879644504));
#1236 = CARTESIAN_POINT('',(5.89605329743,-15.05293750438));
#1237 = CARTESIAN_POINT('',(6.020254659883,-15.01851096207));
#1238 = CARTESIAN_POINT('',(6.149033503588,-15.));
#1239 = CARTESIAN_POINT('',(6.28318530718,-15.));
#1240 = ( GEOMETRIC_REPRESENTATION_CONTEXT(2) 
PARAMETRIC_REPRESENTATION_CONTEXT() REPRESENTATION_CONTEXT('2D SPACE',''
  ) );
#1241 = FACE_BOUND('',#1242,.T.);
#1242 = EDGE_LOOP('',(#1243));
#1243 = ORIENTED_EDGE('',*,*,#1244,.T.);
#1244 = EDGE_CURVE('',#1245,#1245,#1247,.T.);
#1245 = VERTEX_POINT('',#1246);
#1246 = CARTESIAN_POINT('',(-37.,0.,40.));
#1247 = SURFACE_CURVE('',#1248,(#1307,#1369),.PCURVE_S1.);
#1248 = B_SPLINE_CURVE_WITH_KNOTS('',8,(#1249,#1250,#1251,#1252,#1253,
    #1254,#1255,#1256,#1257,#1258,#1259,#1260,#1261,#1262,#1263,#1264,
    #1265,#1266,#1267,#1268,#1269,#1270,#1271,#1272,#1273,#1274,#1275,
    #1276,#1277,#1278,#1279,#1280,#1281,#1282,#1283,#1284,#1285,#1286,
    #1287,#1288,#1289,#1290,#1291,#1292,#1293,#1294,#1295,#1296,#1297,
    #1298,#1299,#1300,#1301,#1302,#1303,#1304,#1305,#1306),
  .UNSPECIFIED.,.T.,.F.,(9,7,7,7,7,7,7,7,9),(0.,9.540137661925E-02,
    0.166693772238,0.343761601853,0.434296453065,0.535132902769,
    0.729655326612,0.851228445156,1.),.UNSPECIFIED.);
#1249 = CARTESIAN_POINT('',(-37.,0.,40.));
#1250 = CARTESIAN_POINT('',(-37.,0.312050401822,40.));
#1251 = CARTESIAN_POINT('',(-37.03709497947,0.616955980581,
    39.98887097216));
#1252 = CARTESIAN_POINT('',(-37.10831480011,0.909728179469,
    39.967507192217));
#1253 = CARTESIAN_POINT('',(-37.21002307338,1.185994667508,
    39.937692349784));
#1254 = CARTESIAN_POINT('',(-37.33788712684,1.44205640488,
    39.901859619498));
#1255 = CARTESIAN_POINT('',(-37.48684001661,1.675013628769,
    39.862727422858));
#1256 = CARTESIAN_POINT('',(-37.65104550054,1.882937447045,
    39.822891330553));
#1257 = CARTESIAN_POINT('',(-37.95303187416,2.201164685674,
    39.755727682535));
#1258 = CARTESIAN_POINT('',(-38.08909814605,2.32506600592,
    39.727317547585));
#1259 = CARTESIAN_POINT('',(-38.23093538026,2.437051146424,
    39.699845187884));
#1260 = CARTESIAN_POINT('',(-38.3775959174,2.537416277583,
    39.673831169375));
#1261 = CARTESIAN_POINT('',(-38.52829423202,2.626449653128,
    39.649704478467));
#1262 = CARTESIAN_POINT('',(-38.68237740136,2.704412218714,
    39.627814056283));
#1263 = CARTESIAN_POINT('',(-38.83929657166,2.771519457583,
    39.608440974975));
#1264 = CARTESIAN_POINT('',(-39.39418779555,2.968016745694,
    39.550508278517));
#1265 = CARTESIAN_POINT('',(-39.80302131566,3.041611671651,
    39.526269220601));
#1266 = CARTESIAN_POINT('',(-40.21719941504,3.051693431467,
    39.522389895847));
#1267 = CARTESIAN_POINT('',(-40.63065940915,2.998912805987,
    39.539930846251));
#1268 = CARTESIAN_POINT('',(-41.03703168537,2.882330456507,
    39.578088278298));
#1269 = CARTESIAN_POINT('',(-41.42868663896,2.699579609409,
    39.633886610415));
#1270 = CARTESIAN_POINT('',(-41.79551277901,2.447127908108,
    39.70168631887));
#1271 = CARTESIAN_POINT('',(-42.28790587998,1.954734807136,
    39.808571261976));
#1272 = CARTESIAN_POINT('',(-42.43958567075,1.773153631251,
    39.844589320368));
#1273 = CARTESIAN_POINT('',(-42.57473137046,1.578177412947,
    39.879096121196));
#1274 = CARTESIAN_POINT('',(-42.69196681213,1.371595285004,
    39.910761370663));
#1275 = CARTESIAN_POINT('',(-42.79016519391,1.155340115886,
    39.938401233824));
#1276 = CARTESIAN_POINT('',(-42.86845032514,0.931451678078,
    39.961057423796));
#1277 = CARTESIAN_POINT('',(-42.92620193188,0.702047784801,
    39.978046824359));
#1278 = CARTESIAN_POINT('',(-43.00412261519,0.21007595254,
    40.001160697161));
#1279 = CARTESIAN_POINT('',(-43.01953134402,-5.495847198435E-02,
    40.00590697876));
#1280 = CARTESIAN_POINT('',(-43.00791534131,-0.320976357956,
    40.002429044608));
#1281 = CARTESIAN_POINT('',(-42.9693899524,-0.582973430774,
    39.990678054073));
#1282 = CARTESIAN_POINT('',(-42.90548220622,-0.836052058594,
    39.971479077252));
#1283 = CARTESIAN_POINT('',(-42.81912222952,-1.075696644945,
    39.946409408711));
#1284 = CARTESIAN_POINT('',(-42.71468679708,-1.298024540821,
    39.917502980683));
#1285 = CARTESIAN_POINT('',(-42.37312408493,-1.889628512228,
    39.827746884196));
#1286 = CARTESIAN_POINT('',(-42.09497508354,-2.217179217728,
    39.76009907218));
#1287 = CARTESIAN_POINT('',(-41.78190197294,-2.483567465345,
    39.693365180536));
#1288 = CARTESIAN_POINT('',(-41.44568721453,-2.692150367378,
    39.634499441121));
#1289 = CARTESIAN_POINT('',(-41.09448230656,-2.846243133486,
    39.587743052397));
#1290 = CARTESIAN_POINT('',(-40.73391077631,-2.948434068889,
    39.55560941572));
#1291 = CARTESIAN_POINT('',(-40.36791275108,-3.,39.539392014169));
#1292 = CARTESIAN_POINT('',(-39.77006095432,-3.,39.539392014169));
#1293 = CARTESIAN_POINT('',(-39.5403207524,-2.979858673617,
    39.545726386695));
#1294 = CARTESIAN_POINT('',(-39.31190965262,-2.939634897173,
    39.558375595291));
#1295 = CARTESIAN_POINT('',(-39.08600093994,-2.879191725893,
    39.577122805158));
#1296 = CARTESIAN_POINT('',(-38.86387584792,-2.798219837267,
    39.601544579972));
#1297 = CARTESIAN_POINT('',(-38.64701158856,-2.696264749284,
    39.630989886553));
#1298 = CARTESIAN_POINT('',(-38.43719249017,-2.572757813527,
    39.664547407381));
#1299 = CARTESIAN_POINT('',(-37.99122918021,-2.248746502908,
    39.745610377783));
#1300 = CARTESIAN_POINT('',(-37.75259006393,-2.032033985866,
    39.795849048768));
#1301 = CARTESIAN_POINT('',(-37.53088452014,-1.775746320051,
    39.849080454573));
#1302 = CARTESIAN_POINT('',(-37.33578229347,-1.480883839595,
    39.901203554957));
#1303 = CARTESIAN_POINT('',(-37.17646058705,-1.150362644052,
    39.94706249562));
#1304 = CARTESIAN_POINT('',(-37.06170277112,-0.788791310175,
    39.981489037931));
#1305 = CARTESIAN_POINT('',(-37.,-0.402455410774,40.));
#1306 = CARTESIAN_POINT('',(-37.,0.,40.));
#1307 = PCURVE('',#297,#1308);
#1308 = DEFINITIONAL_REPRESENTATION('',(#1309),#1368);
#1309 = B_SPLINE_CURVE_WITH_KNOTS('',8,(#1310,#1311,#1312,#1313,#1314,
    #1315,#1316,#1317,#1318,#1319,#1320,#1321,#1322,#1323,#1324,#1325,
    #1326,#1327,#1328,#1329,#1330,#1331,#1332,#1333,#1334,#1335,#1336,
    #1337,#1338,#1339,#1340,#1341,#1342,#1343,#1344,#1345,#1346,#1347,
    #1348,#1349,#1350,#1351,#1352,#1353,#1354,#1355,#1356,#1357,#1358,
    #1359,#1360,#1361,#1362,#1363,#1364,#1365,#1366,#1367),
  .UNSPECIFIED.,.T.,.F.,(9,7,7,7,7,7,7,7,9),(0.,9.540137661925E-02,
    0.166693772238,0.343761601853,0.434296453065,0.535132902769,
    0.729655326612,0.851228445156,1.),.UNSPECIFIED.);
#1310 = CARTESIAN_POINT('',(-1.570796326795,-19.));
#1311 = CARTESIAN_POINT('',(-1.539591286613,-19.));
#1312 = CARTESIAN_POINT('',(-1.509100697767,-18.96290502052));
#1313 = CARTESIAN_POINT('',(-1.479777303861,-18.89168519988));
#1314 = CARTESIAN_POINT('',(-1.45202042686,-18.78997692661));
#1315 = CARTESIAN_POINT('',(-1.426185605528,-18.66211287315));
#1316 = CARTESIAN_POINT('',(-1.402573979002,-18.51315998338));
#1317 = CARTESIAN_POINT('',(-1.381407156164,-18.34895449945));
#1318 = CARTESIAN_POINT('',(-1.34888339085,-18.04696812583));
#1319 = CARTESIAN_POINT('',(-1.33617363534,-17.91090185394));
#1320 = CARTESIAN_POINT('',(-1.324645085064,-17.76906461973));
#1321 = CARTESIAN_POINT('',(-1.314278366772,-17.62240408259));
#1322 = CARTESIAN_POINT('',(-1.305054747035,-17.47170576797));
#1323 = CARTESIAN_POINT('',(-1.296957375431,-17.31762259863));
#1324 = CARTESIAN_POINT('',(-1.28997271775,-17.16070342833));
#1325 = CARTESIAN_POINT('',(-1.26948677585,-16.60581220444));
#1326 = CARTESIAN_POINT('',(-1.26174221693,-16.19697868433));
#1327 = CARTESIAN_POINT('',(-1.260660810455,-15.78280058495));
#1328 = CARTESIAN_POINT('',(-1.266223712871,-15.36934059084));
#1329 = CARTESIAN_POINT('',(-1.278492474389,-14.96296831462));
#1330 = CARTESIAN_POINT('',(-1.297591806016,-14.57131336103));
#1331 = CARTESIAN_POINT('',(-1.323700663973,-14.20448722098));
#1332 = CARTESIAN_POINT('',(-1.374086709357,-13.71209412001));
#1333 = CARTESIAN_POINT('',(-1.392595647122,-13.56041432924));
#1334 = CARTESIAN_POINT('',(-1.412389016967,-13.42526862953));
#1335 = CARTESIAN_POINT('',(-1.433276894746,-13.30803318786));
#1336 = CARTESIAN_POINT('',(-1.455064057993,-13.20983480608));
#1337 = CARTESIAN_POINT('',(-1.477553758358,-13.13154967485));
#1338 = CARTESIAN_POINT('',(-1.500548631323,-13.07379806811));
#1339 = CARTESIAN_POINT('',(-1.549800081541,-12.9958773848));
#1340 = CARTESIAN_POINT('',(-1.576296621376,-12.98046865597));
#1341 = CARTESIAN_POINT('',(-1.602879308557,-12.99208465868));
#1342 = CARTESIAN_POINT('',(-1.629079757034,-13.0306100476));
#1343 = CARTESIAN_POINT('',(-1.654438631486,-13.09451779377));
#1344 = CARTESIAN_POINT('',(-1.678521105336,-13.18087777047));
#1345 = CARTESIAN_POINT('',(-1.700935923545,-13.28531320292));
#1346 = CARTESIAN_POINT('',(-1.760773321202,-13.62687591506));
#1347 = CARTESIAN_POINT('',(-1.794172482191,-13.90502491645));
#1348 = CARTESIAN_POINT('',(-1.821604416801,-14.21809802706));
#1349 = CARTESIAN_POINT('',(-1.843269222794,-14.55431278546));
#1350 = CARTESIAN_POINT('',(-1.859370801017,-14.90551769343));
#1351 = CARTESIAN_POINT('',(-1.870083419964,-15.26608922368));
#1352 = CARTESIAN_POINT('',(-1.87548898081,-15.63208724891));
#1353 = CARTESIAN_POINT('',(-1.87548898081,-16.22993904567));
#1354 = CARTESIAN_POINT('',(-1.873377577556,-16.45967924759));
#1355 = CARTESIAN_POINT('',(-1.869161026642,-16.68809034737));
#1356 = CARTESIAN_POINT('',(-1.862832688229,-16.91399906005));
#1357 = CARTESIAN_POINT('',(-1.854375776637,-17.13612415207));
#1358 = CARTESIAN_POINT('',(-1.843765337899,-17.35298841143));
#1359 = CARTESIAN_POINT('',(-1.830969455286,-17.56280750982));
#1360 = CARTESIAN_POINT('',(-1.797569674661,-18.00877081978));
#1361 = CARTESIAN_POINT('',(-1.775327079303,-18.24740993606));
#1362 = CARTESIAN_POINT('',(-1.74916316009,-18.46911547986));
#1363 = CARTESIAN_POINT('',(-1.719248487584,-18.66421770652));
#1364 = CARTESIAN_POINT('',(-1.685931963226,-18.82353941295));
#1365 = CARTESIAN_POINT('',(-1.649675450347,-18.93829722887));
#1366 = CARTESIAN_POINT('',(-1.611041867872,-19.));
#1367 = CARTESIAN_POINT('',(-1.570796326795,-19.));
#1368 = ( GEOMETRIC_REPRESENTATION_CONTEXT(2) 
PARAMETRIC_REPRESENTATION_CONTEXT() REPRESENTATION_CONTEXT('2D SPACE',''
  ) );
#1369 = PCURVE('',#1370,#1375);
#1370 = CYLINDRICAL_SURFACE('',#1371,3.);
#1371 = AXIS2_PLACEMENT_3D('',#1372,#1373,#1374);
#1372 = CARTESIAN_POINT('',(-40.,0.,55.));
#1373 = DIRECTION('',(0.,0.,1.));
#1374 = DIRECTION('',(1.,0.,0.));
#1375 = DEFINITIONAL_REPRESENTATION('',(#1376),#1435);
#1376 = B_SPLINE_CURVE_WITH_KNOTS('',8,(#1377,#1378,#1379,#1380,#1381,
    #1382,#1383,#1384,#1385,#1386,#1387,#1388,#1389,#1390,#1391,#1392,
    #1393,#1394,#1395,#1396,#1397,#1398,#1399,#1400,#1401,#1402,#1403,
    #1404,#1405,#1406,#1407,#1408,#1409,#1410,#1411,#1412,#1413,#1414,
    #1415,#1416,#1417,#1418,#1419,#1420,#1421,#1422,#1423,#1424,#1425,
    #1426,#1427,#1428,#1429,#1430,#1431,#1432,#1433,#1434),
  .UNSPECIFIED.,.F.,.F.,(9,7,7,7,7,7,7,7,9),(0.,9.540137661925E-02,
    0.166693772238,0.343761601853,0.434296453065,0.535132902769,
    0.729655326612,0.851228445156,1.),.UNSPECIFIED.);
#1377 = CARTESIAN_POINT('',(0.,-15.));
#1378 = CARTESIAN_POINT('',(0.104016800607,-15.));
#1379 = CARTESIAN_POINT('',(0.20565192117,-15.01112902784));
#1380 = CARTESIAN_POINT('',(0.304957782832,-15.03249280778));
#1381 = CARTESIAN_POINT('',(0.40186146216,-15.06230765021));
#1382 = CARTESIAN_POINT('',(0.496176215043,-15.0981403805));
#1383 = CARTESIAN_POINT('',(0.587573774413,-15.13727257714));
#1384 = CARTESIAN_POINT('',(0.675525220787,-15.17710866944));
#1385 = CARTESIAN_POINT('',(0.8217610825,-15.24427231746));
#1386 = CARTESIAN_POINT('',(0.882940074502,-15.27268245241));
#1387 = CARTESIAN_POINT('',(0.942934402313,-15.30015481211));
#1388 = CARTESIAN_POINT('',(1.001903665563,-15.32616883062));
#1389 = CARTESIAN_POINT('',(1.059996976875,-15.35029552153));
#1390 = CARTESIAN_POINT('',(1.117358887135,-15.37218594371));
#1391 = CARTESIAN_POINT('',(1.174132121003,-15.39155902502));
#1392 = CARTESIAN_POINT('',(1.370350665426,-15.44949172148));
#1393 = CARTESIAN_POINT('',(1.507001531383,-15.47373077939));
#1394 = CARTESIAN_POINT('',(1.642430176482,-15.47761010415));
#1395 = CARTESIAN_POINT('',(1.77819222533,-15.46006915374));
#1396 = CARTESIAN_POINT('',(1.915738494873,-15.4219117217));
#1397 = CARTESIAN_POINT('',(2.056641042112,-15.36611338958));
#1398 = CARTESIAN_POINT('',(2.202607331357,-15.29831368113));
#1399 = CARTESIAN_POINT('',(2.434723665161,-15.19142873802));
#1400 = CARTESIAN_POINT('',(2.513273887409,-15.15541067963));
#1401 = CARTESIAN_POINT('',(2.591822685045,-15.1209038788));
#1402 = CARTESIAN_POINT('',(2.670362467909,-15.08923862933));
#1403 = CARTESIAN_POINT('',(2.748895001114,-15.06159876617));
#1404 = CARTESIAN_POINT('',(2.827426664066,-15.0389425762));
#1405 = CARTESIAN_POINT('',(2.905964494986,-15.02195317564));
#1406 = CARTESIAN_POINT('',(3.07199926933,-14.99883930283));
#1407 = CARTESIAN_POINT('',(3.160059718354,-14.99409302124));
#1408 = CARTESIAN_POINT('',(3.248055936119,-14.99757095539));
#1409 = CARTESIAN_POINT('',(3.335420575315,-15.00932194592));
#1410 = CARTESIAN_POINT('',(3.421576533464,-15.02852092274));
#1411 = CARTESIAN_POINT('',(3.50586442589,-15.05359059128));
#1412 = CARTESIAN_POINT('',(3.587451038703,-15.08249701931));
#1413 = CARTESIAN_POINT('',(3.815159513467,-15.1722531158));
#1414 = CARTESIAN_POINT('',(3.95607414485,-15.23990092782));
#1415 = CARTESIAN_POINT('',(4.090287473612,-15.30663481946));
#1416 = CARTESIAN_POINT('',(4.219365793642,-15.36550055887));
#1417 = CARTESIAN_POINT('',(4.344754181118,-15.4122569476));
#1418 = CARTESIAN_POINT('',(4.467751350849,-15.44439058428));
#1419 = CARTESIAN_POINT('',(4.589751396691,-15.46060798583));
#1420 = CARTESIAN_POINT('',(4.789035328943,-15.46060798583));
#1421 = CARTESIAN_POINT('',(4.865615938244,-15.4542736133));
#1422 = CARTESIAN_POINT('',(4.942437731854,-15.4416244047));
#1423 = CARTESIAN_POINT('',(5.01979481646,-15.42287719484));
#1424 = CARTESIAN_POINT('',(5.097979336626,-15.39845542002));
#1425 = CARTESIAN_POINT('',(5.177295545158,-15.36901011344));
#1426 = CARTESIAN_POINT('',(5.25807708906,-15.33545259261));
#1427 = CARTESIAN_POINT('',(5.441824077922,-15.25438962221));
#1428 = CARTESIAN_POINT('',(5.548638786526,-15.20415095123));
#1429 = CARTESIAN_POINT('',(5.660214940143,-15.15091954542));
#1430 = CARTESIAN_POINT('',(5.776075960552,-15.09879644504));
#1431 = CARTESIAN_POINT('',(5.896053297432,-15.05293750438));
#1432 = CARTESIAN_POINT('',(6.020254659883,-15.01851096206));
#1433 = CARTESIAN_POINT('',(6.149033503588,-15.));
#1434 = CARTESIAN_POINT('',(6.28318530718,-15.));
#1435 = ( GEOMETRIC_REPRESENTATION_CONTEXT(2) 
PARAMETRIC_REPRESENTATION_CONTEXT() REPRESENTATION_CONTEXT('2D SPACE',''
  ) );
#1436 = ADVANCED_FACE('',(#1437),#332,.F.);
#1437 = FACE_BOUND('',#1438,.T.);
#1438 = EDGE_LOOP('',(#1439,#1440,#1463,#1490));
#1439 = ORIENTED_EDGE('',*,*,#311,.T.);
#1440 = ORIENTED_EDGE('',*,*,#1441,.T.);
#1441 = EDGE_CURVE('',#312,#1442,#1444,.T.);
#1442 = VERTEX_POINT('',#1443);
#1443 = CARTESIAN_POINT('',(-43.,-11.64213562373,15.857864376269));
#1444 = SEAM_CURVE('',#1445,(#1449,#1456),.PCURVE_S1.);
#1445 = LINE('',#1446,#1447);
#1446 = CARTESIAN_POINT('',(-56.,-11.64213562373,15.857864376269));
#1447 = VECTOR('',#1448,1.);
#1448 = DIRECTION('',(1.,0.,0.));
#1449 = PCURVE('',#332,#1450);
#1450 = DEFINITIONAL_REPRESENTATION('',(#1451),#1455);
#1451 = LINE('',#1452,#1453);
#1452 = CARTESIAN_POINT('',(-6.28318530718,0.));
#1453 = VECTOR('',#1454,1.);
#1454 = DIRECTION('',(-0.,-1.));
#1455 = ( GEOMETRIC_REPRESENTATION_CONTEXT(2) 
PARAMETRIC_REPRESENTATION_CONTEXT() REPRESENTATION_CONTEXT('2D SPACE',''
  ) );
#1456 = PCURVE('',#332,#1457);
#1457 = DEFINITIONAL_REPRESENTATION('',(#1458),#1462);
#1458 = LINE('',#1459,#1460);
#1459 = CARTESIAN_POINT('',(-0.,0.));
#1460 = VECTOR('',#1461,1.);
#1461 = DIRECTION('',(-0.,-1.));
#1462 = ( GEOMETRIC_REPRESENTATION_CONTEXT(2) 
PARAMETRIC_REPRESENTATION_CONTEXT() REPRESENTATION_CONTEXT('2D SPACE',''
  ) );
#1463 = ORIENTED_EDGE('',*,*,#1464,.T.);
#1464 = EDGE_CURVE('',#1442,#1442,#1465,.T.);
#1465 = SURFACE_CURVE('',#1466,(#1471,#1478),.PCURVE_S1.);
#1466 = CIRCLE('',#1467,2.5);
#1467 = AXIS2_PLACEMENT_3D('',#1468,#1469,#1470);
#1468 = CARTESIAN_POINT('',(-43.,-14.14213562373,15.857864376269));
#1469 = DIRECTION('',(1.,0.,0.));
#1470 = DIRECTION('',(0.,1.,0.));
#1471 = PCURVE('',#332,#1472);
#1472 = DEFINITIONAL_REPRESENTATION('',(#1473),#1477);
#1473 = LINE('',#1474,#1475);
#1474 = CARTESIAN_POINT('',(-0.,-13.));
#1475 = VECTOR('',#1476,1.);
#1476 = DIRECTION('',(-1.,0.));
#1477 = ( GEOMETRIC_REPRESENTATION_CONTEXT(2) 
PARAMETRIC_REPRESENTATION_CONTEXT() REPRESENTATION_CONTEXT('2D SPACE',''
  ) );
#1478 = PCURVE('',#1479,#1484);
#1479 = PLANE('',#1480);
#1480 = AXIS2_PLACEMENT_3D('',#1481,#1482,#1483);
#1481 = CARTESIAN_POINT('',(-43.,-14.14213562373,15.857864376269));
#1482 = DIRECTION('',(1.,0.,0.));
#1483 = DIRECTION('',(-0.,0.,1.));
#1484 = DEFINITIONAL_REPRESENTATION('',(#1485),#1489);
#1485 = CIRCLE('',#1486,2.5);
#1486 = AXIS2_PLACEMENT_2D('',#1487,#1488);
#1487 = CARTESIAN_POINT('',(1.7763568394E-15,3.552713678801E-15));
#1488 = DIRECTION('',(0.,-1.));
#1489 = ( GEOMETRIC_REPRESENTATION_CONTEXT(2) 
PARAMETRIC_REPRESENTATION_CONTEXT() REPRESENTATION_CONTEXT('2D SPACE',''
  ) );
#1490 = ORIENTED_EDGE('',*,*,#1441,.F.);
#1491 = ADVANCED_FACE('',(#1492),#367,.F.);
#1492 = FACE_BOUND('',#1493,.T.);
#1493 = EDGE_LOOP('',(#1494,#1495,#1518,#1633,#1662,#1688,#1778));
#1494 = ORIENTED_EDGE('',*,*,#346,.T.);
#1495 = ORIENTED_EDGE('',*,*,#1496,.T.);
#1496 = EDGE_CURVE('',#347,#1497,#1499,.T.);
#1497 = VERTEX_POINT('',#1498);
#1498 = CARTESIAN_POINT('',(-47.21612777048,-0.7,62.));
#1499 = SEAM_CURVE('',#1500,(#1504,#1511),.PCURVE_S1.);
#1500 = LINE('',#1501,#1502);
#1501 = CARTESIAN_POINT('',(-56.,-0.7,62.));
#1502 = VECTOR('',#1503,1.);
#1503 = DIRECTION('',(1.,0.,0.));
#1504 = PCURVE('',#367,#1505);
#1505 = DEFINITIONAL_REPRESENTATION('',(#1506),#1510);
#1506 = LINE('',#1507,#1508);
#1507 = CARTESIAN_POINT('',(-6.28318530718,0.));
#1508 = VECTOR('',#1509,1.);
#1509 = DIRECTION('',(-0.,-1.));
#1510 = ( GEOMETRIC_REPRESENTATION_CONTEXT(2) 
PARAMETRIC_REPRESENTATION_CONTEXT() REPRESENTATION_CONTEXT('2D SPACE',''
  ) );
#1511 = PCURVE('',#367,#1512);
#1512 = DEFINITIONAL_REPRESENTATION('',(#1513),#1517);
#1513 = LINE('',#1514,#1515);
#1514 = CARTESIAN_POINT('',(-0.,0.));
#1515 = VECTOR('',#1516,1.);
#1516 = DIRECTION('',(-0.,-1.));
#1517 = ( GEOMETRIC_REPRESENTATION_CONTEXT(2) 
PARAMETRIC_REPRESENTATION_CONTEXT() REPRESENTATION_CONTEXT('2D SPACE',''
  ) );
#1518 = ORIENTED_EDGE('',*,*,#1519,.T.);
#1519 = EDGE_CURVE('',#1497,#1520,#1522,.T.);
#1520 = VERTEX_POINT('',#1521);
#1521 = CARTESIAN_POINT('',(-46.,-4.069705149025,66.198160488863));
#1522 = SURFACE_CURVE('',#1523,(#1556,#1592),.PCURVE_S1.);
#1523 = B_SPLINE_CURVE_WITH_KNOTS('',7,(#1524,#1525,#1526,#1527,#1528,
    #1529,#1530,#1531,#1532,#1533,#1534,#1535,#1536,#1537,#1538,#1539,
    #1540,#1541,#1542,#1543,#1544,#1545,#1546,#1547,#1548,#1549,#1550,
    #1551,#1552,#1553,#1554,#1555),.UNSPECIFIED.,.F.,.F.,(8,6,6,6,6,8),(
    0.,0.5459732119,0.655435822038,0.714733411721,0.836175741857,1.),
  .UNSPECIFIED.);
#1524 = CARTESIAN_POINT('',(-47.21612777048,-0.7,62.));
#1525 = CARTESIAN_POINT('',(-47.21612777048,-0.7,62.4236036515));
#1526 = CARTESIAN_POINT('',(-47.21140609886,-0.748685814575,
    62.847572849477));
#1527 = CARTESIAN_POINT('',(-47.20194051445,-0.846204894987,
    63.26834417638));
#1528 = CARTESIAN_POINT('',(-47.18555580883,-0.993737230506,
    63.68198355655));
#1529 = CARTESIAN_POINT('',(-47.15779770738,-1.193057892152,
    64.083354486401));
#1530 = CARTESIAN_POINT('',(-47.11139334261,-1.446040239156,
    64.465624553744));
#1531 = CARTESIAN_POINT('',(-47.01936692581,-1.8152205406,
    64.890678190844));
#1532 = CARTESIAN_POINT('',(-47.00279492366,-1.879015786085,
    64.960470610409));
#1533 = CARTESIAN_POINT('',(-46.98494067168,-1.944908460187,
    65.028949900929));
#1534 = CARTESIAN_POINT('',(-46.96572246955,-2.012849975434,
    65.096003799821));
#1535 = CARTESIAN_POINT('',(-46.94505669491,-2.082785616378,
    65.161526150108));
#1536 = CARTESIAN_POINT('',(-46.9228582446,-2.15465501191,
    65.225416808282));
#1537 = CARTESIAN_POINT('',(-46.88613879283,-2.26833740411,
    65.321257155847));
#1538 = CARTESIAN_POINT('',(-46.87276411153,-2.308822795792,
    65.354419966024));
#1539 = CARTESIAN_POINT('',(-46.85890464943,-2.349833980187,
    65.387051686183));
#1540 = CARTESIAN_POINT('',(-46.84454896326,-2.39135424101,
    65.419134271206));
#1541 = CARTESIAN_POINT('',(-46.82968644903,-2.433364948113,
    65.450649927376));
#1542 = CARTESIAN_POINT('',(-46.81430734193,-2.47584555749,
    65.481581112376));
#1543 = CARTESIAN_POINT('',(-46.76582981108,-2.606690892685,
    65.574025636593));
#1544 = CARTESIAN_POINT('',(-46.73103916018,-2.696522579045,
    65.633643838319));
#1545 = CARTESIAN_POINT('',(-46.69396776721,-2.788037085366,
    65.690585652395));
#1546 = CARTESIAN_POINT('',(-46.65456884295,-2.880989597487,
    65.744707426527));
#1547 = CARTESIAN_POINT('',(-46.61281434723,-2.975125634919,
    65.795900099801));
#1548 = CARTESIAN_POINT('',(-46.56869753057,-3.070184613701,
    65.844087958278));
#1549 = CARTESIAN_POINT('',(-46.4595587171,-3.295026925349,
    65.950119947625));
#1550 = CARTESIAN_POINT('',(-46.39269037857,-3.425194495298,
    66.005391393627));
#1551 = CARTESIAN_POINT('',(-46.32167500235,-3.555784948262,
    66.054971993405));
#1552 = CARTESIAN_POINT('',(-46.24663724513,-3.686162883789,
    66.098886078944));
#1553 = CARTESIAN_POINT('',(-46.16778956521,-3.815690666884,
    66.137246197375));
#1554 = CARTESIAN_POINT('',(-46.08543990939,-3.943740423098,
    66.170247258926));
#1555 = CARTESIAN_POINT('',(-45.9999994,-4.06970603361,66.198160684883)
  );
#1556 = PCURVE('',#367,#1557);
#1557 = DEFINITIONAL_REPRESENTATION('',(#1558),#1591);
#1558 = B_SPLINE_CURVE_WITH_KNOTS('',7,(#1559,#1560,#1561,#1562,#1563,
    #1564,#1565,#1566,#1567,#1568,#1569,#1570,#1571,#1572,#1573,#1574,
    #1575,#1576,#1577,#1578,#1579,#1580,#1581,#1582,#1583,#1584,#1585,
    #1586,#1587,#1588,#1589,#1590),.UNSPECIFIED.,.F.,.F.,(8,6,6,6,6,8),(
    0.,0.5459732119,0.655435822038,0.714733411721,0.836175741857,1.),
  .UNSPECIFIED.);
#1559 = CARTESIAN_POINT('',(8.881784197001E-16,-8.783872229513));
#1560 = CARTESIAN_POINT('',(-9.851247709291E-02,-8.783872229513));
#1561 = CARTESIAN_POINT('',(-0.197110024832,-8.788593901134));
#1562 = CARTESIAN_POINT('',(-0.296525037912,-8.798059485543));
#1563 = CARTESIAN_POINT('',(-0.397417739891,-8.81444419117));
#1564 = CARTESIAN_POINT('',(-0.500404442194,-8.842202292612));
#1565 = CARTESIAN_POINT('',(-0.606101979547,-8.88860665739));
#1566 = CARTESIAN_POINT('',(-0.737031321811,-8.980633074185));
#1567 = CARTESIAN_POINT('',(-0.759013984422,-8.997205076337));
#1568 = CARTESIAN_POINT('',(-0.781103025366,-9.015059328312));
#1569 = CARTESIAN_POINT('',(-0.803289211544,-9.034277530445));
#1570 = CARTESIAN_POINT('',(-0.825564065876,-9.054943305085));
#1571 = CARTESIAN_POINT('',(-0.847919736707,-9.077141755391));
#1572 = CARTESIAN_POINT('',(-0.882499074252,-9.113861207163));
#1573 = CARTESIAN_POINT('',(-0.89466852378,-9.127235888469));
#1574 = CARTESIAN_POINT('',(-0.906854795535,-9.14109535057));
#1575 = CARTESIAN_POINT('',(-0.919055179424,-9.155451036731));
#1576 = CARTESIAN_POINT('',(-0.931266675513,-9.17031355097));
#1577 = CARTESIAN_POINT('',(-0.943485994027,-9.185692658064));
#1578 = CARTESIAN_POINT('',(-0.980743587544,-9.234170188918));
#1579 = CARTESIAN_POINT('',(-1.005806152383,-9.268960839815));
#1580 = CARTESIAN_POINT('',(-1.030854859392,-9.306032232787));
#1581 = CARTESIAN_POINT('',(-1.055849754103,-9.345431157044));
#1582 = CARTESIAN_POINT('',(-1.0807528628,-9.38718565277));
#1583 = CARTESIAN_POINT('',(-1.10552773728,-9.431302469428));
#1584 = CARTESIAN_POINT('',(-1.163339299595,-9.540441282895));
#1585 = CARTESIAN_POINT('',(-1.196201545502,-9.607309621427));
#1586 = CARTESIAN_POINT('',(-1.228648242674,-9.678324997645));
#1587 = CARTESIAN_POINT('',(-1.260602093785,-9.753362754861));
#1588 = CARTESIAN_POINT('',(-1.291985428831,-9.832210434788));
#1589 = CARTESIAN_POINT('',(-1.322719635124,-9.914560090601));
#1590 = CARTESIAN_POINT('',(-1.352724587285,-10.0000006));
#1591 = ( GEOMETRIC_REPRESENTATION_CONTEXT(2) 
PARAMETRIC_REPRESENTATION_CONTEXT() REPRESENTATION_CONTEXT('2D SPACE',''
  ) );
#1592 = PCURVE('',#1593,#1598);
#1593 = CYLINDRICAL_SURFACE('',#1594,7.25);
#1594 = AXIS2_PLACEMENT_3D('',#1595,#1596,#1597);
#1595 = CARTESIAN_POINT('',(-40.,0.,91.));
#1596 = DIRECTION('',(0.,0.,1.));
#1597 = DIRECTION('',(1.,0.,0.));
#1598 = DEFINITIONAL_REPRESENTATION('',(#1599),#1632);
#1599 = B_SPLINE_CURVE_WITH_KNOTS('',7,(#1600,#1601,#1602,#1603,#1604,
    #1605,#1606,#1607,#1608,#1609,#1610,#1611,#1612,#1613,#1614,#1615,
    #1616,#1617,#1618,#1619,#1620,#1621,#1622,#1623,#1624,#1625,#1626,
    #1627,#1628,#1629,#1630,#1631),.UNSPECIFIED.,.F.,.F.,(8,6,6,6,6,8),(
    0.,0.5459732119,0.655435822038,0.714733411721,0.836175741857,1.),
  .UNSPECIFIED.);
#1600 = CARTESIAN_POINT('',(3.238295023531,-29.));
#1601 = CARTESIAN_POINT('',(3.238295023531,-28.5763963485));
#1602 = CARTESIAN_POINT('',(3.24504167766,-28.15242715052));
#1603 = CARTESIAN_POINT('',(3.258556523619,-27.73165582361));
#1604 = CARTESIAN_POINT('',(3.279026984865,-27.31801644345));
#1605 = CARTESIAN_POINT('',(3.306764823549,-26.91664551359));
#1606 = CARTESIAN_POINT('',(3.342171149675,-26.53437544625));
#1607 = CARTESIAN_POINT('',(3.394650773735,-26.10932180915));
#1608 = CARTESIAN_POINT('',(3.403741718757,-26.03952938959));
#1609 = CARTESIAN_POINT('',(3.413157251481,-25.97105009907));
#1610 = CARTESIAN_POINT('',(3.422895063809,-25.90399620017));
#1611 = CARTESIAN_POINT('',(3.432952522191,-25.83847384989));
#1612 = CARTESIAN_POINT('',(3.443326776738,-25.77458319171));
#1613 = CARTESIAN_POINT('',(3.459804776014,-25.67874284415));
#1614 = CARTESIAN_POINT('',(3.465685668978,-25.64558003397));
#1615 = CARTESIAN_POINT('',(3.471656443038,-25.61294831381));
#1616 = CARTESIAN_POINT('',(3.477715751793,-25.58086572879));
#1617 = CARTESIAN_POINT('',(3.483862008632,-25.54935007262));
#1618 = CARTESIAN_POINT('',(3.490093386726,-25.51841888762));
#1619 = CARTESIAN_POINT('',(3.509339868679,-25.4259743634));
#1620 = CARTESIAN_POINT('',(3.522625807743,-25.36635616168));
#1621 = CARTESIAN_POINT('',(3.536242204055,-25.3094143476));
#1622 = CARTESIAN_POINT('',(3.550164074873,-25.25529257347));
#1623 = CARTESIAN_POINT('',(3.564365078412,-25.20409990019));
#1624 = CARTESIAN_POINT('',(3.578817705366,-25.15591204172));
#1625 = CARTESIAN_POINT('',(3.613290902858,-25.04988005237));
#1626 = CARTESIAN_POINT('',(3.633470387513,-24.99460860637));
#1627 = CARTESIAN_POINT('',(3.653964695613,-24.94502800659));
#1628 = CARTESIAN_POINT('',(3.674702528997,-24.90111392105));
#1629 = CARTESIAN_POINT('',(3.69560814306,-24.86275380262));
#1630 = CARTESIAN_POINT('',(3.71660096969,-24.82975274107));
#1631 = CARTESIAN_POINT('',(3.737595240208,-24.80183931511));
#1632 = ( GEOMETRIC_REPRESENTATION_CONTEXT(2) 
PARAMETRIC_REPRESENTATION_CONTEXT() REPRESENTATION_CONTEXT('2D SPACE',''
  ) );
#1633 = ORIENTED_EDGE('',*,*,#1634,.T.);
#1634 = EDGE_CURVE('',#1520,#1635,#1637,.T.);
#1635 = VERTEX_POINT('',#1636);
#1636 = CARTESIAN_POINT('',(-46.,-3.422026616194,58.));
#1637 = SURFACE_CURVE('',#1638,(#1643,#1650),.PCURVE_S1.);
#1638 = CIRCLE('',#1639,4.3);
#1639 = AXIS2_PLACEMENT_3D('',#1640,#1641,#1642);
#1640 = CARTESIAN_POINT('',(-46.,-5.,62.));
#1641 = DIRECTION('',(1.,0.,0.));
#1642 = DIRECTION('',(0.,1.,0.));
#1643 = PCURVE('',#367,#1644);
#1644 = DEFINITIONAL_REPRESENTATION('',(#1645),#1649);
#1645 = LINE('',#1646,#1647);
#1646 = CARTESIAN_POINT('',(-0.,-10.));
#1647 = VECTOR('',#1648,1.);
#1648 = DIRECTION('',(-1.,0.));
#1649 = ( GEOMETRIC_REPRESENTATION_CONTEXT(2) 
PARAMETRIC_REPRESENTATION_CONTEXT() REPRESENTATION_CONTEXT('2D SPACE',''
  ) );
#1650 = PCURVE('',#1651,#1656);
#1651 = PLANE('',#1652);
#1652 = AXIS2_PLACEMENT_3D('',#1653,#1654,#1655);
#1653 = CARTESIAN_POINT('',(-46.,-5.,62.));
#1654 = DIRECTION('',(1.,0.,0.));
#1655 = DIRECTION('',(-0.,0.,1.));
#1656 = DEFINITIONAL_REPRESENTATION('',(#1657),#1661);
#1657 = CIRCLE('',#1658,4.3);
#1658 = AXIS2_PLACEMENT_2D('',#1659,#1660);
#1659 = CARTESIAN_POINT('',(0.,0.));
#1660 = DIRECTION('',(0.,-1.));
#1661 = ( GEOMETRIC_REPRESENTATION_CONTEXT(2) 
PARAMETRIC_REPRESENTATION_CONTEXT() REPRESENTATION_CONTEXT('2D SPACE',''
  ) );
#1662 = ORIENTED_EDGE('',*,*,#1663,.T.);
#1663 = EDGE_CURVE('',#1635,#1664,#1666,.T.);
#1664 = VERTEX_POINT('',#1665);
#1665 = CARTESIAN_POINT('',(-46.39157522353,-3.422026616194,58.));
#1666 = SURFACE_CURVE('',#1667,(#1671,#1677),.PCURVE_S1.);
#1667 = LINE('',#1668,#1669);
#1668 = CARTESIAN_POINT('',(-56.,-3.422026616194,58.));
#1669 = VECTOR('',#1670,1.);
#1670 = DIRECTION('',(-1.,-0.,-0.));
#1671 = PCURVE('',#367,#1672);
#1672 = DEFINITIONAL_REPRESENTATION('',(#1673),#1676);
#1673 = B_SPLINE_CURVE_WITH_KNOTS('',1,(#1674,#1675),.UNSPECIFIED.,.F.,
  .F.,(2,2),(-10.0000006,-7.3),.PIECEWISE_BEZIER_KNOTS.);
#1674 = CARTESIAN_POINT('',(-5.088139246609,-10.0000006));
#1675 = CARTESIAN_POINT('',(-5.088139246609,-7.3));
#1676 = ( GEOMETRIC_REPRESENTATION_CONTEXT(2) 
PARAMETRIC_REPRESENTATION_CONTEXT() REPRESENTATION_CONTEXT('2D SPACE',''
  ) );
#1677 = PCURVE('',#1678,#1683);
#1678 = PLANE('',#1679);
#1679 = AXIS2_PLACEMENT_3D('',#1680,#1681,#1682);
#1680 = CARTESIAN_POINT('',(-40.,4.584934185037E-16,58.));
#1681 = DIRECTION('',(0.,0.,1.));
#1682 = DIRECTION('',(1.,0.,-0.));
#1683 = DEFINITIONAL_REPRESENTATION('',(#1684),#1687);
#1684 = B_SPLINE_CURVE_WITH_KNOTS('',1,(#1685,#1686),.UNSPECIFIED.,.F.,
  .F.,(2,2),(-10.0000006,-7.3),.PIECEWISE_BEZIER_KNOTS.);
#1685 = CARTESIAN_POINT('',(-5.9999994,-3.422026616194));
#1686 = CARTESIAN_POINT('',(-8.7,-3.422026616194));
#1687 = ( GEOMETRIC_REPRESENTATION_CONTEXT(2) 
PARAMETRIC_REPRESENTATION_CONTEXT() REPRESENTATION_CONTEXT('2D SPACE',''
  ) );
#1688 = ORIENTED_EDGE('',*,*,#1689,.T.);
#1689 = EDGE_CURVE('',#1664,#1497,#1690,.T.);
#1690 = SURFACE_CURVE('',#1691,(#1718,#1748),.PCURVE_S1.);
#1691 = B_SPLINE_CURVE_WITH_KNOTS('',7,(#1692,#1693,#1694,#1695,#1696,
    #1697,#1698,#1699,#1700,#1701,#1702,#1703,#1704,#1705,#1706,#1707,
    #1708,#1709,#1710,#1711,#1712,#1713,#1714,#1715,#1716,#1717),
  .UNSPECIFIED.,.F.,.F.,(8,6,6,6,8),(0.,5.351065826316E-02,
    0.256506167753,0.38091502885,1.),.UNSPECIFIED.);
#1692 = CARTESIAN_POINT('',(-46.39157439661,-3.422028160696,
    57.999999390705));
#1693 = CARTESIAN_POINT('',(-46.41168960552,-3.384457501362,
    58.01482074905));
#1694 = CARTESIAN_POINT('',(-46.43146594835,-3.34690055624,
    58.030112449868));
#1695 = CARTESIAN_POINT('',(-46.45089933112,-3.309374029886,
    58.045874734019));
#1696 = CARTESIAN_POINT('',(-46.46998624901,-3.271894692998,
    58.062107009038));
#1697 = CARTESIAN_POINT('',(-46.48872378639,-3.23447938241,
    58.078807849135));
#1698 = CARTESIAN_POINT('',(-46.50710961676,-3.1971450011,58.09597499519
    ));
#1699 = CARTESIAN_POINT('',(-46.59354881202,-3.018649952763,
    58.180487055332));
#1700 = CARTESIAN_POINT('',(-46.65679167085,-2.878960522862,
    58.253958846598));
#1701 = CARTESIAN_POINT('',(-46.7148610449,-2.741621736995,
    58.33388681298));
#1702 = CARTESIAN_POINT('',(-46.7678483295,-2.60739982579,
    58.420005050354));
#1703 = CARTESIAN_POINT('',(-46.81592776153,-2.477027346768,
    58.511905925293));
#1704 = CARTESIAN_POINT('',(-46.85933833126,-2.351184789117,
    58.609030334295));
#1705 = CARTESIAN_POINT('',(-46.92228420255,-2.156507762197,
    58.772941988795));
#1706 = CARTESIAN_POINT('',(-46.94457433141,-2.084408049517,
    58.836964387737));
#1707 = CARTESIAN_POINT('',(-46.96532256462,-2.014249985778,
    58.902629934325));
#1708 = CARTESIAN_POINT('',(-46.98461442828,-1.946095243604,
    58.969837276801));
#1709 = CARTESIAN_POINT('',(-47.00253403099,-1.879999732266,
    59.038478839863));
#1710 = CARTESIAN_POINT('',(-47.01916360402,-1.816013107046,
    59.108440727362));
#1711 = CARTESIAN_POINT('',(-47.11131344376,-1.446475011761,
    59.533719373269));
#1712 = CARTESIAN_POINT('',(-47.15775775096,-1.193344399306,
    59.916069514149));
#1713 = CARTESIAN_POINT('',(-47.1855370609,-0.99390680262,
    60.317540908273));
#1714 = CARTESIAN_POINT('',(-47.20193241427,-0.846288217777,
    60.731294091614));
#1715 = CARTESIAN_POINT('',(-47.21140346884,-0.748712974782,
    61.152186498545));
#1716 = CARTESIAN_POINT('',(-47.21612777048,-0.7,61.576278217212));
#1717 = CARTESIAN_POINT('',(-47.21612777048,-0.7,62.));
#1718 = PCURVE('',#367,#1719);
#1719 = DEFINITIONAL_REPRESENTATION('',(#1720),#1747);
#1720 = B_SPLINE_CURVE_WITH_KNOTS('',7,(#1721,#1722,#1723,#1724,#1725,
    #1726,#1727,#1728,#1729,#1730,#1731,#1732,#1733,#1734,#1735,#1736,
    #1737,#1738,#1739,#1740,#1741,#1742,#1743,#1744,#1745,#1746),
  .UNSPECIFIED.,.F.,.F.,(8,6,6,6,8),(0.,5.351065826316E-02,
    0.256506167753,0.38091502885,1.),.UNSPECIFIED.);
#1721 = CARTESIAN_POINT('',(-5.088138860484,-9.60842560339));
#1722 = CARTESIAN_POINT('',(-5.097531523886,-9.588310394479));
#1723 = CARTESIAN_POINT('',(-5.106961356096,-9.568534051649));
#1724 = CARTESIAN_POINT('',(-5.116426127496,-9.549100668879));
#1725 = CARTESIAN_POINT('',(-5.125923558911,-9.530013750982));
#1726 = CARTESIAN_POINT('',(-5.135451321603,-9.511276213606));
#1727 = CARTESIAN_POINT('',(-5.145007037276,-9.492890383239));
#1728 = CARTESIAN_POINT('',(-5.190935221269,-9.406451187976));
#1729 = CARTESIAN_POINT('',(-5.22760830971,-9.34320832915));
#1730 = CARTESIAN_POINT('',(-5.264507891511,-9.285138955095));
#1731 = CARTESIAN_POINT('',(-5.301531809677,-9.232151670491));
#1732 = CARTESIAN_POINT('',(-5.338571143969,-9.184072238466));
#1733 = CARTESIAN_POINT('',(-5.375505952775,-9.140661668739));
#1734 = CARTESIAN_POINT('',(-5.434690137555,-9.077715797449));
#1735 = CARTESIAN_POINT('',(-5.457106136616,-9.055425668583));
#1736 = CARTESIAN_POINT('',(-5.479441410453,-9.034677435376));
#1737 = CARTESIAN_POINT('',(-5.501687848551,-9.015385571717));
#1738 = CARTESIAN_POINT('',(-5.523836696585,-8.997465969001));
#1739 = CARTESIAN_POINT('',(-5.545878421431,-8.980836395973));
#1740 = CARTESIAN_POINT('',(-5.676901836273,-8.888686556239));
#1741 = CARTESIAN_POINT('',(-5.782633024166,-8.842242249031));
#1742 = CARTESIAN_POINT('',(-5.885651597213,-8.814462939096));
#1743 = CARTESIAN_POINT('',(-5.986574839536,-8.798067585722));
#1744 = CARTESIAN_POINT('',(-6.086019316544,-8.788596531151));
#1745 = CARTESIAN_POINT('',(-6.184645357694,-8.783872229513));
#1746 = CARTESIAN_POINT('',(-6.28318530718,-8.783872229513));
#1747 = ( GEOMETRIC_REPRESENTATION_CONTEXT(2) 
PARAMETRIC_REPRESENTATION_CONTEXT() REPRESENTATION_CONTEXT('2D SPACE',''
  ) );
#1748 = PCURVE('',#1593,#1749);
#1749 = DEFINITIONAL_REPRESENTATION('',(#1750),#1777);
#1750 = B_SPLINE_CURVE_WITH_KNOTS('',7,(#1751,#1752,#1753,#1754,#1755,
    #1756,#1757,#1758,#1759,#1760,#1761,#1762,#1763,#1764,#1765,#1766,
    #1767,#1768,#1769,#1770,#1771,#1772,#1773,#1774,#1775,#1776),
  .UNSPECIFIED.,.F.,.F.,(8,6,6,6,8),(0.,5.351065826316E-02,
    0.256506167753,0.38091502885,1.),.UNSPECIFIED.);
#1751 = CARTESIAN_POINT('',(3.633155069681,-33.00000060929));
#1752 = CARTESIAN_POINT('',(3.627276915567,-32.98517925095));
#1753 = CARTESIAN_POINT('',(3.621422491793,-32.96988755013));
#1754 = CARTESIAN_POINT('',(3.61559376159,-32.95412526598));
#1755 = CARTESIAN_POINT('',(3.609792673545,-32.93789299096));
#1756 = CARTESIAN_POINT('',(3.604021161602,-32.92119215086));
#1757 = CARTESIAN_POINT('',(3.598281145059,-32.90402500481));
#1758 = CARTESIAN_POINT('',(3.570926177419,-32.81951294466));
#1759 = CARTESIAN_POINT('',(3.549783131803,-32.7460411534));
#1760 = CARTESIAN_POINT('',(3.529226138002,-32.66611318702));
#1761 = CARTESIAN_POINT('',(3.509332069534,-32.57999494964));
#1762 = CARTESIAN_POINT('',(3.490172960665,-32.4880940747));
#1763 = CARTESIAN_POINT('',(3.471815039924,-32.3909696657));
#1764 = CARTESIAN_POINT('',(3.443594293801,-32.2270580112));
#1765 = CARTESIAN_POINT('',(3.433185962639,-32.16303561226));
#1766 = CARTESIAN_POINT('',(3.423095871114,-32.09737006567));
#1767 = CARTESIAN_POINT('',(3.413327003788,-32.03016272319));
#1768 = CARTESIAN_POINT('',(3.403882117577,-31.96152116013));
#1769 = CARTESIAN_POINT('',(3.394763630532,-31.89155927263));
#1770 = CARTESIAN_POINT('',(3.342232003127,-31.46628062673));
#1771 = CARTESIAN_POINT('',(3.306804695933,-31.08393048585));
#1772 = CARTESIAN_POINT('',(3.27905050979,-30.68245909172));
#1773 = CARTESIAN_POINT('',(3.258568073122,-30.26870590838));
#1774 = CARTESIAN_POINT('',(3.245045440748,-29.84781350145));
#1775 = CARTESIAN_POINT('',(3.238295023531,-29.42372178278));
#1776 = CARTESIAN_POINT('',(3.238295023531,-29.));
#1777 = ( GEOMETRIC_REPRESENTATION_CONTEXT(2) 
PARAMETRIC_REPRESENTATION_CONTEXT() REPRESENTATION_CONTEXT('2D SPACE',''
  ) );
#1778 = ORIENTED_EDGE('',*,*,#1496,.F.);
#1779 = ADVANCED_FACE('',(#1780),#402,.F.);
#1780 = FACE_BOUND('',#1781,.T.);
#1781 = EDGE_LOOP('',(#1782,#1783,#1806,#1833));
#1782 = ORIENTED_EDGE('',*,*,#381,.T.);
#1783 = ORIENTED_EDGE('',*,*,#1784,.T.);
#1784 = EDGE_CURVE('',#382,#1785,#1787,.T.);
#1785 = VERTEX_POINT('',#1786);
#1786 = CARTESIAN_POINT('',(-43.,-11.64213562373,44.142135623731));
#1787 = SEAM_CURVE('',#1788,(#1792,#1799),.PCURVE_S1.);
#1788 = LINE('',#1789,#1790);
#1789 = CARTESIAN_POINT('',(-56.,-11.64213562373,44.142135623731));
#1790 = VECTOR('',#1791,1.);
#1791 = DIRECTION('',(1.,0.,0.));
#1792 = PCURVE('',#402,#1793);
#1793 = DEFINITIONAL_REPRESENTATION('',(#1794),#1798);
#1794 = LINE('',#1795,#1796);
#1795 = CARTESIAN_POINT('',(-6.28318530718,0.));
#1796 = VECTOR('',#1797,1.);
#1797 = DIRECTION('',(-0.,-1.));
#1798 = ( GEOMETRIC_REPRESENTATION_CONTEXT(2) 
PARAMETRIC_REPRESENTATION_CONTEXT() REPRESENTATION_CONTEXT('2D SPACE',''
  ) );
#1799 = PCURVE('',#402,#1800);
#1800 = DEFINITIONAL_REPRESENTATION('',(#1801),#1805);
#1801 = LINE('',#1802,#1803);
#1802 = CARTESIAN_POINT('',(-0.,0.));
#1803 = VECTOR('',#1804,1.);
#1804 = DIRECTION('',(-0.,-1.));
#1805 = ( GEOMETRIC_REPRESENTATION_CONTEXT(2) 
PARAMETRIC_REPRESENTATION_CONTEXT() REPRESENTATION_CONTEXT('2D SPACE',''
  ) );
#1806 = ORIENTED_EDGE('',*,*,#1807,.T.);
#1807 = EDGE_CURVE('',#1785,#1785,#1808,.T.);
#1808 = SURFACE_CURVE('',#1809,(#1814,#1821),.PCURVE_S1.);
#1809 = CIRCLE('',#1810,2.5);
#1810 = AXIS2_PLACEMENT_3D('',#1811,#1812,#1813);
#1811 = CARTESIAN_POINT('',(-43.,-14.14213562373,44.142135623731));
#1812 = DIRECTION('',(1.,0.,0.));
#1813 = DIRECTION('',(0.,1.,0.));
#1814 = PCURVE('',#402,#1815);
#1815 = DEFINITIONAL_REPRESENTATION('',(#1816),#1820);
#1816 = LINE('',#1817,#1818);
#1817 = CARTESIAN_POINT('',(-0.,-13.));
#1818 = VECTOR('',#1819,1.);
#1819 = DIRECTION('',(-1.,0.));
#1820 = ( GEOMETRIC_REPRESENTATION_CONTEXT(2) 
PARAMETRIC_REPRESENTATION_CONTEXT() REPRESENTATION_CONTEXT('2D SPACE',''
  ) );
#1821 = PCURVE('',#1822,#1827);
#1822 = PLANE('',#1823);
#1823 = AXIS2_PLACEMENT_3D('',#1824,#1825,#1826);
#1824 = CARTESIAN_POINT('',(-43.,-14.14213562373,44.142135623731));
#1825 = DIRECTION('',(1.,0.,0.));
#1826 = DIRECTION('',(-0.,0.,1.));
#1827 = DEFINITIONAL_REPRESENTATION('',(#1828),#1832);
#1828 = CIRCLE('',#1829,2.5);
#1829 = AXIS2_PLACEMENT_2D('',#1830,#1831);
#1830 = CARTESIAN_POINT('',(7.105427357601E-15,3.552713678801E-15));
#1831 = DIRECTION('',(0.,-1.));
#1832 = ( GEOMETRIC_REPRESENTATION_CONTEXT(2) 
PARAMETRIC_REPRESENTATION_CONTEXT() REPRESENTATION_CONTEXT('2D SPACE',''
  ) );
#1833 = ORIENTED_EDGE('',*,*,#1784,.F.);
#1834 = ADVANCED_FACE('',(#1835,#1841,#1876,#1911,#1946,#1949,#1984),
  #478,.T.);
#1835 = FACE_BOUND('',#1836,.T.);
#1836 = EDGE_LOOP('',(#1837,#1838,#1839,#1840));
#1837 = ORIENTED_EDGE('',*,*,#464,.F.);
#1838 = ORIENTED_EDGE('',*,*,#641,.T.);
#1839 = ORIENTED_EDGE('',*,*,#831,.T.);
#1840 = ORIENTED_EDGE('',*,*,#530,.F.);
#1841 = FACE_BOUND('',#1842,.T.);
#1842 = EDGE_LOOP('',(#1843));
#1843 = ORIENTED_EDGE('',*,*,#1844,.T.);
#1844 = EDGE_CURVE('',#1845,#1845,#1847,.T.);
#1845 = VERTEX_POINT('',#1846);
#1846 = CARTESIAN_POINT('',(55.,16.642135623731,15.857864376269));
#1847 = SURFACE_CURVE('',#1848,(#1853,#1864),.PCURVE_S1.);
#1848 = CIRCLE('',#1849,2.5);
#1849 = AXIS2_PLACEMENT_3D('',#1850,#1851,#1852);
#1850 = CARTESIAN_POINT('',(55.,14.142135623731,15.857864376269));
#1851 = DIRECTION('',(-1.,0.,0.));
#1852 = DIRECTION('',(0.,1.,0.));
#1853 = PCURVE('',#478,#1854);
#1854 = DEFINITIONAL_REPRESENTATION('',(#1855),#1863);
#1855 = ( BOUNDED_CURVE() B_SPLINE_CURVE(2,(#1856,#1857,#1858,#1859,
#1860,#1861,#1862),.UNSPECIFIED.,.T.,.F.) B_SPLINE_CURVE_WITH_KNOTS((1,2
    ,2,2,2,1),(-2.094395102393,0.,2.094395102393,4.188790204786,
6.28318530718,8.377580409573),.UNSPECIFIED.) CURVE() 
GEOMETRIC_REPRESENTATION_ITEM() RATIONAL_B_SPLINE_CURVE((1.,0.5,1.,0.5,
1.,0.5,1.)) REPRESENTATION_ITEM('') );
#1856 = CARTESIAN_POINT('',(15.857864376269,-46.64213562373));
#1857 = CARTESIAN_POINT('',(11.527737357347,-46.64213562373));
#1858 = CARTESIAN_POINT('',(13.692800866808,-42.89213562373));
#1859 = CARTESIAN_POINT('',(15.857864376269,-39.14213562373));
#1860 = CARTESIAN_POINT('',(18.02292788573,-42.89213562373));
#1861 = CARTESIAN_POINT('',(20.187991395191,-46.64213562373));
#1862 = CARTESIAN_POINT('',(15.857864376269,-46.64213562373));
#1863 = ( GEOMETRIC_REPRESENTATION_CONTEXT(2) 
PARAMETRIC_REPRESENTATION_CONTEXT() REPRESENTATION_CONTEXT('2D SPACE',''
  ) );
#1864 = PCURVE('',#1865,#1870);
#1865 = CYLINDRICAL_SURFACE('',#1866,2.5);
#1866 = AXIS2_PLACEMENT_3D('',#1867,#1868,#1869);
#1867 = CARTESIAN_POINT('',(43.,14.142135623731,15.857864376269));
#1868 = DIRECTION('',(-1.,-0.,-0.));
#1869 = DIRECTION('',(0.,1.,0.));
#1870 = DEFINITIONAL_REPRESENTATION('',(#1871),#1875);
#1871 = LINE('',#1872,#1873);
#1872 = CARTESIAN_POINT('',(-6.28318530718,-12.));
#1873 = VECTOR('',#1874,1.);
#1874 = DIRECTION('',(1.,-0.));
#1875 = ( GEOMETRIC_REPRESENTATION_CONTEXT(2) 
PARAMETRIC_REPRESENTATION_CONTEXT() REPRESENTATION_CONTEXT('2D SPACE',''
  ) );
#1876 = FACE_BOUND('',#1877,.T.);
#1877 = EDGE_LOOP('',(#1878));
#1878 = ORIENTED_EDGE('',*,*,#1879,.T.);
#1879 = EDGE_CURVE('',#1880,#1880,#1882,.T.);
#1880 = VERTEX_POINT('',#1881);
#1881 = CARTESIAN_POINT('',(55.,16.642135623731,44.142135623731));
#1882 = SURFACE_CURVE('',#1883,(#1888,#1899),.PCURVE_S1.);
#1883 = CIRCLE('',#1884,2.5);
#1884 = AXIS2_PLACEMENT_3D('',#1885,#1886,#1887);
#1885 = CARTESIAN_POINT('',(55.,14.142135623731,44.142135623731));
#1886 = DIRECTION('',(-1.,0.,0.));
#1887 = DIRECTION('',(0.,1.,0.));
#1888 = PCURVE('',#478,#1889);
#1889 = DEFINITIONAL_REPRESENTATION('',(#1890),#1898);
#1890 = ( BOUNDED_CURVE() B_SPLINE_CURVE(2,(#1891,#1892,#1893,#1894,
#1895,#1896,#1897),.UNSPECIFIED.,.T.,.F.) B_SPLINE_CURVE_WITH_KNOTS((1,2
    ,2,2,2,1),(-2.094395102393,0.,2.094395102393,4.188790204786,
6.28318530718,8.377580409573),.UNSPECIFIED.) CURVE() 
GEOMETRIC_REPRESENTATION_ITEM() RATIONAL_B_SPLINE_CURVE((1.,0.5,1.,0.5,
1.,0.5,1.)) REPRESENTATION_ITEM('') );
#1891 = CARTESIAN_POINT('',(44.142135623731,-46.64213562373));
#1892 = CARTESIAN_POINT('',(39.812008604809,-46.64213562373));
#1893 = CARTESIAN_POINT('',(41.97707211427,-42.89213562373));
#1894 = CARTESIAN_POINT('',(44.142135623731,-39.14213562373));
#1895 = CARTESIAN_POINT('',(46.307199133192,-42.89213562373));
#1896 = CARTESIAN_POINT('',(48.472262642653,-46.64213562373));
#1897 = CARTESIAN_POINT('',(44.142135623731,-46.64213562373));
#1898 = ( GEOMETRIC_REPRESENTATION_CONTEXT(2) 
PARAMETRIC_REPRESENTATION_CONTEXT() REPRESENTATION_CONTEXT('2D SPACE',''
  ) );
#1899 = PCURVE('',#1900,#1905);
#1900 = CYLINDRICAL_SURFACE('',#1901,2.5);
#1901 = AXIS2_PLACEMENT_3D('',#1902,#1903,#1904);
#1902 = CARTESIAN_POINT('',(43.,14.142135623731,44.142135623731));
#1903 = DIRECTION('',(-1.,-0.,-0.));
#1904 = DIRECTION('',(0.,1.,0.));
#1905 = DEFINITIONAL_REPRESENTATION('',(#1906),#1910);
#1906 = LINE('',#1907,#1908);
#1907 = CARTESIAN_POINT('',(-6.28318530718,-12.));
#1908 = VECTOR('',#1909,1.);
#1909 = DIRECTION('',(1.,-0.));
#1910 = ( GEOMETRIC_REPRESENTATION_CONTEXT(2) 
PARAMETRIC_REPRESENTATION_CONTEXT() REPRESENTATION_CONTEXT('2D SPACE',''
  ) );
#1911 = FACE_BOUND('',#1912,.T.);
#1912 = EDGE_LOOP('',(#1913));
#1913 = ORIENTED_EDGE('',*,*,#1914,.T.);
#1914 = EDGE_CURVE('',#1915,#1915,#1917,.T.);
#1915 = VERTEX_POINT('',#1916);
#1916 = CARTESIAN_POINT('',(55.,9.3,70.));
#1917 = SURFACE_CURVE('',#1918,(#1923,#1934),.PCURVE_S1.);
#1918 = CIRCLE('',#1919,4.3);
#1919 = AXIS2_PLACEMENT_3D('',#1920,#1921,#1922);
#1920 = CARTESIAN_POINT('',(55.,5.,70.));
#1921 = DIRECTION('',(-1.,0.,0.));
#1922 = DIRECTION('',(0.,1.,0.));
#1923 = PCURVE('',#478,#1924);
#1924 = DEFINITIONAL_REPRESENTATION('',(#1925),#1933);
#1925 = ( BOUNDED_CURVE() B_SPLINE_CURVE(2,(#1926,#1927,#1928,#1929,
#1930,#1931,#1932),.UNSPECIFIED.,.T.,.F.) B_SPLINE_CURVE_WITH_KNOTS((1,2
    ,2,2,2,1),(-2.094395102393,0.,2.094395102393,4.188790204786,
6.28318530718,8.377580409573),.UNSPECIFIED.) CURVE() 
GEOMETRIC_REPRESENTATION_ITEM() RATIONAL_B_SPLINE_CURVE((1.,0.5,1.,0.5,
1.,0.5,1.)) REPRESENTATION_ITEM('') );
#1926 = CARTESIAN_POINT('',(70.,-39.3));
#1927 = CARTESIAN_POINT('',(62.552181527454,-39.3));
#1928 = CARTESIAN_POINT('',(66.276090763727,-32.85));
#1929 = CARTESIAN_POINT('',(70.,-26.4));
#1930 = CARTESIAN_POINT('',(73.723909236273,-32.85));
#1931 = CARTESIAN_POINT('',(77.447818472546,-39.3));
#1932 = CARTESIAN_POINT('',(70.,-39.3));
#1933 = ( GEOMETRIC_REPRESENTATION_CONTEXT(2) 
PARAMETRIC_REPRESENTATION_CONTEXT() REPRESENTATION_CONTEXT('2D SPACE',''
  ) );
#1934 = PCURVE('',#1935,#1940);
#1935 = CYLINDRICAL_SURFACE('',#1936,4.3);
#1936 = AXIS2_PLACEMENT_3D('',#1937,#1938,#1939);
#1937 = CARTESIAN_POINT('',(46.,5.,70.));
#1938 = DIRECTION('',(-1.,-0.,-0.));
#1939 = DIRECTION('',(0.,1.,0.));
#1940 = DEFINITIONAL_REPRESENTATION('',(#1941),#1945);
#1941 = LINE('',#1942,#1943);
#1942 = CARTESIAN_POINT('',(-6.28318530718,-9.));
#1943 = VECTOR('',#1944,1.);
#1944 = DIRECTION('',(1.,-0.));
#1945 = ( GEOMETRIC_REPRESENTATION_CONTEXT(2) 
PARAMETRIC_REPRESENTATION_CONTEXT() REPRESENTATION_CONTEXT('2D SPACE',''
  ) );
#1946 = FACE_BOUND('',#1947,.T.);
#1947 = EDGE_LOOP('',(#1948));
#1948 = ORIENTED_EDGE('',*,*,#1020,.T.);
#1949 = FACE_BOUND('',#1950,.T.);
#1950 = EDGE_LOOP('',(#1951));
#1951 = ORIENTED_EDGE('',*,*,#1952,.T.);
#1952 = EDGE_CURVE('',#1953,#1953,#1955,.T.);
#1953 = VERTEX_POINT('',#1954);
#1954 = CARTESIAN_POINT('',(55.,-11.64213562373,15.857864376269));
#1955 = SURFACE_CURVE('',#1956,(#1961,#1972),.PCURVE_S1.);
#1956 = CIRCLE('',#1957,2.5);
#1957 = AXIS2_PLACEMENT_3D('',#1958,#1959,#1960);
#1958 = CARTESIAN_POINT('',(55.,-14.14213562373,15.857864376269));
#1959 = DIRECTION('',(-1.,0.,0.));
#1960 = DIRECTION('',(0.,1.,0.));
#1961 = PCURVE('',#478,#1962);
#1962 = DEFINITIONAL_REPRESENTATION('',(#1963),#1971);
#1963 = ( BOUNDED_CURVE() B_SPLINE_CURVE(2,(#1964,#1965,#1966,#1967,
#1968,#1969,#1970),.UNSPECIFIED.,.T.,.F.) B_SPLINE_CURVE_WITH_KNOTS((1,2
    ,2,2,2,1),(-2.094395102393,0.,2.094395102393,4.188790204786,
6.28318530718,8.377580409573),.UNSPECIFIED.) CURVE() 
GEOMETRIC_REPRESENTATION_ITEM() RATIONAL_B_SPLINE_CURVE((1.,0.5,1.,0.5,
1.,0.5,1.)) REPRESENTATION_ITEM('') );
#1964 = CARTESIAN_POINT('',(15.857864376269,-18.35786437626));
#1965 = CARTESIAN_POINT('',(11.527737357347,-18.35786437626));
#1966 = CARTESIAN_POINT('',(13.692800866808,-14.60786437626));
#1967 = CARTESIAN_POINT('',(15.857864376269,-10.85786437626));
#1968 = CARTESIAN_POINT('',(18.02292788573,-14.60786437626));
#1969 = CARTESIAN_POINT('',(20.187991395191,-18.35786437626));
#1970 = CARTESIAN_POINT('',(15.857864376269,-18.35786437626));
#1971 = ( GEOMETRIC_REPRESENTATION_CONTEXT(2) 
PARAMETRIC_REPRESENTATION_CONTEXT() REPRESENTATION_CONTEXT('2D SPACE',''
  ) );
#1972 = PCURVE('',#1973,#1978);
#1973 = CYLINDRICAL_SURFACE('',#1974,2.5);
#1974 = AXIS2_PLACEMENT_3D('',#1975,#1976,#1977);
#1975 = CARTESIAN_POINT('',(43.,-14.14213562373,15.857864376269));
#1976 = DIRECTION('',(-1.,-0.,-0.));
#1977 = DIRECTION('',(0.,1.,0.));
#1978 = DEFINITIONAL_REPRESENTATION('',(#1979),#1983);
#1979 = LINE('',#1980,#1981);
#1980 = CARTESIAN_POINT('',(-6.28318530718,-12.));
#1981 = VECTOR('',#1982,1.);
#1982 = DIRECTION('',(1.,-0.));
#1983 = ( GEOMETRIC_REPRESENTATION_CONTEXT(2) 
PARAMETRIC_REPRESENTATION_CONTEXT() REPRESENTATION_CONTEXT('2D SPACE',''
  ) );
#1984 = FACE_BOUND('',#1985,.T.);
#1985 = EDGE_LOOP('',(#1986));
#1986 = ORIENTED_EDGE('',*,*,#1987,.T.);
#1987 = EDGE_CURVE('',#1988,#1988,#1990,.T.);
#1988 = VERTEX_POINT('',#1989);
#1989 = CARTESIAN_POINT('',(55.,-11.64213562373,44.142135623731));
#1990 = SURFACE_CURVE('',#1991,(#1996,#2007),.PCURVE_S1.);
#1991 = CIRCLE('',#1992,2.5);
#1992 = AXIS2_PLACEMENT_3D('',#1993,#1994,#1995);
#1993 = CARTESIAN_POINT('',(55.,-14.14213562373,44.142135623731));
#1994 = DIRECTION('',(-1.,0.,0.));
#1995 = DIRECTION('',(0.,1.,0.));
#1996 = PCURVE('',#478,#1997);
#1997 = DEFINITIONAL_REPRESENTATION('',(#1998),#2006);
#1998 = ( BOUNDED_CURVE() B_SPLINE_CURVE(2,(#1999,#2000,#2001,#2002,
#2003,#2004,#2005),.UNSPECIFIED.,.T.,.F.) B_SPLINE_CURVE_WITH_KNOTS((1,2
    ,2,2,2,1),(-2.094395102393,0.,2.094395102393,4.188790204786,
6.28318530718,8.377580409573),.UNSPECIFIED.) CURVE() 
GEOMETRIC_REPRESENTATION_ITEM() RATIONAL_B_SPLINE_CURVE((1.,0.5,1.,0.5,
1.,0.5,1.)) REPRESENTATION_ITEM('') );
#1999 = CARTESIAN_POINT('',(44.142135623731,-18.35786437626));
#2000 = CARTESIAN_POINT('',(39.812008604809,-18.35786437626));
#2001 = CARTESIAN_POINT('',(41.97707211427,-14.60786437626));
#2002 = CARTESIAN_POINT('',(44.142135623731,-10.85786437626));
#2003 = CARTESIAN_POINT('',(46.307199133192,-14.60786437626));
#2004 = CARTESIAN_POINT('',(48.472262642653,-18.35786437626));
#2005 = CARTESIAN_POINT('',(44.142135623731,-18.35786437626));
#2006 = ( GEOMETRIC_REPRESENTATION_CONTEXT(2) 
PARAMETRIC_REPRESENTATION_CONTEXT() REPRESENTATION_CONTEXT('2D SPACE',''
  ) );
#2007 = PCURVE('',#2008,#2013);
#2008 = CYLINDRICAL_SURFACE('',#2009,2.5);
#2009 = AXIS2_PLACEMENT_3D('',#2010,#2011,#2012);
#2010 = CARTESIAN_POINT('',(43.,-14.14213562373,44.142135623731));
#2011 = DIRECTION('',(-1.,-0.,-0.));
#2012 = DIRECTION('',(0.,1.,0.));
#2013 = DEFINITIONAL_REPRESENTATION('',(#2014),#2018);
#2014 = LINE('',#2015,#2016);
#2015 = CARTESIAN_POINT('',(-6.28318530718,-12.));
#2016 = VECTOR('',#2017,1.);
#2017 = DIRECTION('',(1.,-0.));
#2018 = ( GEOMETRIC_REPRESENTATION_CONTEXT(2) 
PARAMETRIC_REPRESENTATION_CONTEXT() REPRESENTATION_CONTEXT('2D SPACE',''
  ) );
#2019 = ADVANCED_FACE('',(#2020),#513,.F.);
#2020 = FACE_BOUND('',#2021,.F.);
#2021 = EDGE_LOOP('',(#2022,#2023,#2046,#2073));
#2022 = ORIENTED_EDGE('',*,*,#492,.F.);
#2023 = ORIENTED_EDGE('',*,*,#2024,.T.);
#2024 = EDGE_CURVE('',#493,#2025,#2027,.T.);
#2025 = VERTEX_POINT('',#2026);
#2026 = CARTESIAN_POINT('',(5.75,-18.,62.));
#2027 = SEAM_CURVE('',#2028,(#2032,#2039),.PCURVE_S1.);
#2028 = LINE('',#2029,#2030);
#2029 = CARTESIAN_POINT('',(5.75,-31.,62.));
#2030 = VECTOR('',#2031,1.);
#2031 = DIRECTION('',(-0.,1.,-0.));
#2032 = PCURVE('',#513,#2033);
#2033 = DEFINITIONAL_REPRESENTATION('',(#2034),#2038);
#2034 = LINE('',#2035,#2036);
#2035 = CARTESIAN_POINT('',(6.28318530718,0.));
#2036 = VECTOR('',#2037,1.);
#2037 = DIRECTION('',(0.,-1.));
#2038 = ( GEOMETRIC_REPRESENTATION_CONTEXT(2) 
PARAMETRIC_REPRESENTATION_CONTEXT() REPRESENTATION_CONTEXT('2D SPACE',''
  ) );
#2039 = PCURVE('',#513,#2040);
#2040 = DEFINITIONAL_REPRESENTATION('',(#2041),#2045);
#2041 = LINE('',#2042,#2043);
#2042 = CARTESIAN_POINT('',(0.,0.));
#2043 = VECTOR('',#2044,1.);
#2044 = DIRECTION('',(0.,-1.));
#2045 = ( GEOMETRIC_REPRESENTATION_CONTEXT(2) 
PARAMETRIC_REPRESENTATION_CONTEXT() REPRESENTATION_CONTEXT('2D SPACE',''
  ) );
#2046 = ORIENTED_EDGE('',*,*,#2047,.T.);
#2047 = EDGE_CURVE('',#2025,#2025,#2048,.T.);
#2048 = SURFACE_CURVE('',#2049,(#2054,#2061),.PCURVE_S1.);
#2049 = CIRCLE('',#2050,5.75);
#2050 = AXIS2_PLACEMENT_3D('',#2051,#2052,#2053);
#2051 = CARTESIAN_POINT('',(0.,-18.,62.));
#2052 = DIRECTION('',(0.,-1.,0.));
#2053 = DIRECTION('',(1.,0.,0.));
#2054 = PCURVE('',#513,#2055);
#2055 = DEFINITIONAL_REPRESENTATION('',(#2056),#2060);
#2056 = LINE('',#2057,#2058);
#2057 = CARTESIAN_POINT('',(0.,-13.));
#2058 = VECTOR('',#2059,1.);
#2059 = DIRECTION('',(1.,0.));
#2060 = ( GEOMETRIC_REPRESENTATION_CONTEXT(2) 
PARAMETRIC_REPRESENTATION_CONTEXT() REPRESENTATION_CONTEXT('2D SPACE',''
  ) );
#2061 = PCURVE('',#2062,#2067);
#2062 = PLANE('',#2063);
#2063 = AXIS2_PLACEMENT_3D('',#2064,#2065,#2066);
#2064 = CARTESIAN_POINT('',(-8.323548632849E-16,-18.,62.));
#2065 = DIRECTION('',(-0.,-1.,-0.));
#2066 = DIRECTION('',(0.,0.,-1.));
#2067 = DEFINITIONAL_REPRESENTATION('',(#2068),#2072);
#2068 = CIRCLE('',#2069,5.75);
#2069 = AXIS2_PLACEMENT_2D('',#2070,#2071);
#2070 = CARTESIAN_POINT('',(-7.105427357601E-15,8.323548632849E-16));
#2071 = DIRECTION('',(0.,1.));
#2072 = ( GEOMETRIC_REPRESENTATION_CONTEXT(2) 
PARAMETRIC_REPRESENTATION_CONTEXT() REPRESENTATION_CONTEXT('2D SPACE',''
  ) );
#2073 = ORIENTED_EDGE('',*,*,#2024,.F.);
#2074 = ADVANCED_FACE('',(#2075),#593,.F.);
#2075 = FACE_BOUND('',#2076,.F.);
#2076 = EDGE_LOOP('',(#2077,#2078,#2101,#2128));
#2077 = ORIENTED_EDGE('',*,*,#576,.F.);
#2078 = ORIENTED_EDGE('',*,*,#2079,.T.);
#2079 = EDGE_CURVE('',#577,#2080,#2082,.T.);
#2080 = VERTEX_POINT('',#2081);
#2081 = CARTESIAN_POINT('',(-30.25,0.,88.5));
#2082 = SEAM_CURVE('',#2083,(#2087,#2094),.PCURVE_S1.);
#2083 = LINE('',#2084,#2085);
#2084 = CARTESIAN_POINT('',(-30.25,0.,91.));
#2085 = VECTOR('',#2086,1.);
#2086 = DIRECTION('',(-0.,-0.,-1.));
#2087 = PCURVE('',#593,#2088);
#2088 = DEFINITIONAL_REPRESENTATION('',(#2089),#2093);
#2089 = LINE('',#2090,#2091);
#2090 = CARTESIAN_POINT('',(6.28318530718,0.));
#2091 = VECTOR('',#2092,1.);
#2092 = DIRECTION('',(0.,-1.));
#2093 = ( GEOMETRIC_REPRESENTATION_CONTEXT(2) 
PARAMETRIC_REPRESENTATION_CONTEXT() REPRESENTATION_CONTEXT('2D SPACE',''
  ) );
#2094 = PCURVE('',#593,#2095);
#2095 = DEFINITIONAL_REPRESENTATION('',(#2096),#2100);
#2096 = LINE('',#2097,#2098);
#2097 = CARTESIAN_POINT('',(0.,0.));
#2098 = VECTOR('',#2099,1.);
#2099 = DIRECTION('',(0.,-1.));
#2100 = ( GEOMETRIC_REPRESENTATION_CONTEXT(2) 
PARAMETRIC_REPRESENTATION_CONTEXT() REPRESENTATION_CONTEXT('2D SPACE',''
  ) );
#2101 = ORIENTED_EDGE('',*,*,#2102,.T.);
#2102 = EDGE_CURVE('',#2080,#2080,#2103,.T.);
#2103 = SURFACE_CURVE('',#2104,(#2109,#2116),.PCURVE_S1.);
#2104 = CIRCLE('',#2105,9.75);
#2105 = AXIS2_PLACEMENT_3D('',#2106,#2107,#2108);
#2106 = CARTESIAN_POINT('',(-40.,0.,88.5));
#2107 = DIRECTION('',(0.,0.,1.));
#2108 = DIRECTION('',(1.,0.,0.));
#2109 = PCURVE('',#593,#2110);
#2110 = DEFINITIONAL_REPRESENTATION('',(#2111),#2115);
#2111 = LINE('',#2112,#2113);
#2112 = CARTESIAN_POINT('',(0.,-2.5));
#2113 = VECTOR('',#2114,1.);
#2114 = DIRECTION('',(1.,0.));
#2115 = ( GEOMETRIC_REPRESENTATION_CONTEXT(2) 
PARAMETRIC_REPRESENTATION_CONTEXT() REPRESENTATION_CONTEXT('2D SPACE',''
  ) );
#2116 = PCURVE('',#2117,#2122);
#2117 = PLANE('',#2118);
#2118 = AXIS2_PLACEMENT_3D('',#2119,#2120,#2121);
#2119 = CARTESIAN_POINT('',(-40.,7.239919503095E-16,88.5));
#2120 = DIRECTION('',(0.,0.,1.));
#2121 = DIRECTION('',(1.,0.,-0.));
#2122 = DEFINITIONAL_REPRESENTATION('',(#2123),#2127);
#2123 = CIRCLE('',#2124,9.75);
#2124 = AXIS2_PLACEMENT_2D('',#2125,#2126);
#2125 = CARTESIAN_POINT('',(7.105427357601E-15,-7.239919503095E-16));
#2126 = DIRECTION('',(1.,0.));
#2127 = ( GEOMETRIC_REPRESENTATION_CONTEXT(2) 
PARAMETRIC_REPRESENTATION_CONTEXT() REPRESENTATION_CONTEXT('2D SPACE',''
  ) );
#2128 = ORIENTED_EDGE('',*,*,#2079,.F.);
#2129 = ADVANCED_FACE('',(#2130),#624,.F.);
#2130 = FACE_BOUND('',#2131,.F.);
#2131 = EDGE_LOOP('',(#2132,#2133,#2156,#2183));
#2132 = ORIENTED_EDGE('',*,*,#607,.F.);
#2133 = ORIENTED_EDGE('',*,*,#2134,.T.);
#2134 = EDGE_CURVE('',#608,#2135,#2137,.T.);
#2135 = VERTEX_POINT('',#2136);
#2136 = CARTESIAN_POINT('',(49.75,0.,88.5));
#2137 = SEAM_CURVE('',#2138,(#2142,#2149),.PCURVE_S1.);
#2138 = LINE('',#2139,#2140);
#2139 = CARTESIAN_POINT('',(49.75,0.,91.));
#2140 = VECTOR('',#2141,1.);
#2141 = DIRECTION('',(-0.,-0.,-1.));
#2142 = PCURVE('',#624,#2143);
#2143 = DEFINITIONAL_REPRESENTATION('',(#2144),#2148);
#2144 = LINE('',#2145,#2146);
#2145 = CARTESIAN_POINT('',(6.28318530718,0.));
#2146 = VECTOR('',#2147,1.);
#2147 = DIRECTION('',(0.,-1.));
#2148 = ( GEOMETRIC_REPRESENTATION_CONTEXT(2) 
PARAMETRIC_REPRESENTATION_CONTEXT() REPRESENTATION_CONTEXT('2D SPACE',''
  ) );
#2149 = PCURVE('',#624,#2150);
#2150 = DEFINITIONAL_REPRESENTATION('',(#2151),#2155);
#2151 = LINE('',#2152,#2153);
#2152 = CARTESIAN_POINT('',(0.,0.));
#2153 = VECTOR('',#2154,1.);
#2154 = DIRECTION('',(0.,-1.));
#2155 = ( GEOMETRIC_REPRESENTATION_CONTEXT(2) 
PARAMETRIC_REPRESENTATION_CONTEXT() REPRESENTATION_CONTEXT('2D SPACE',''
  ) );
#2156 = ORIENTED_EDGE('',*,*,#2157,.T.);
#2157 = EDGE_CURVE('',#2135,#2135,#2158,.T.);
#2158 = SURFACE_CURVE('',#2159,(#2164,#2171),.PCURVE_S1.);
#2159 = CIRCLE('',#2160,9.75);
#2160 = AXIS2_PLACEMENT_3D('',#2161,#2162,#2163);
#2161 = CARTESIAN_POINT('',(40.,0.,88.5));
#2162 = DIRECTION('',(0.,0.,1.));
#2163 = DIRECTION('',(1.,0.,0.));
#2164 = PCURVE('',#624,#2165);
#2165 = DEFINITIONAL_REPRESENTATION('',(#2166),#2170);
#2166 = LINE('',#2167,#2168);
#2167 = CARTESIAN_POINT('',(0.,-2.5));
#2168 = VECTOR('',#2169,1.);
#2169 = DIRECTION('',(1.,0.));
#2170 = ( GEOMETRIC_REPRESENTATION_CONTEXT(2) 
PARAMETRIC_REPRESENTATION_CONTEXT() REPRESENTATION_CONTEXT('2D SPACE',''
  ) );
#2171 = PCURVE('',#2172,#2177);
#2172 = PLANE('',#2173);
#2173 = AXIS2_PLACEMENT_3D('',#2174,#2175,#2176);
#2174 = CARTESIAN_POINT('',(40.,7.239919503095E-16,88.5));
#2175 = DIRECTION('',(0.,0.,1.));
#2176 = DIRECTION('',(1.,0.,-0.));
#2177 = DEFINITIONAL_REPRESENTATION('',(#2178),#2182);
#2178 = CIRCLE('',#2179,9.75);
#2179 = AXIS2_PLACEMENT_2D('',#2180,#2181);
#2180 = CARTESIAN_POINT('',(0.,-7.239919503095E-16));
#2181 = DIRECTION('',(1.,0.));
#2182 = ( GEOMETRIC_REPRESENTATION_CONTEXT(2) 
PARAMETRIC_REPRESENTATION_CONTEXT() REPRESENTATION_CONTEXT('2D SPACE',''
  ) );
#2183 = ORIENTED_EDGE('',*,*,#2134,.F.);
#2184 = ADVANCED_FACE('',(#2185),#708,.F.);
#2185 = FACE_BOUND('',#2186,.T.);
#2186 = EDGE_LOOP('',(#2187,#2188,#2211,#2238));
#2187 = ORIENTED_EDGE('',*,*,#687,.T.);
#2188 = ORIENTED_EDGE('',*,*,#2189,.T.);
#2189 = EDGE_CURVE('',#688,#2190,#2192,.T.);
#2190 = VERTEX_POINT('',#2191);
#2191 = CARTESIAN_POINT('',(-36.6,-20.,14.));
#2192 = SEAM_CURVE('',#2193,(#2197,#2204),.PCURVE_S1.);
#2193 = LINE('',#2194,#2195);
#2194 = CARTESIAN_POINT('',(-36.6,-20.,-1.));
#2195 = VECTOR('',#2196,1.);
#2196 = DIRECTION('',(0.,0.,1.));
#2197 = PCURVE('',#708,#2198);
#2198 = DEFINITIONAL_REPRESENTATION('',(#2199),#2203);
#2199 = LINE('',#2200,#2201);
#2200 = CARTESIAN_POINT('',(-6.28318530718,0.));
#2201 = VECTOR('',#2202,1.);
#2202 = DIRECTION('',(-0.,-1.));
#2203 = ( GEOMETRIC_REPRESENTATION_CONTEXT(2) 
PARAMETRIC_REPRESENTATION_CONTEXT() REPRESENTATION_CONTEXT('2D SPACE',''
  ) );
#2204 = PCURVE('',#708,#2205);
#2205 = DEFINITIONAL_REPRESENTATION('',(#2206),#2210);
#2206 = LINE('',#2207,#2208);
#2207 = CARTESIAN_POINT('',(-0.,0.));
#2208 = VECTOR('',#2209,1.);
#2209 = DIRECTION('',(-0.,-1.));
#2210 = ( GEOMETRIC_REPRESENTATION_CONTEXT(2) 
PARAMETRIC_REPRESENTATION_CONTEXT() REPRESENTATION_CONTEXT('2D SPACE',''
  ) );
#2211 = ORIENTED_EDGE('',*,*,#2212,.T.);
#2212 = EDGE_CURVE('',#2190,#2190,#2213,.T.);
#2213 = SURFACE_CURVE('',#2214,(#2219,#2226),.PCURVE_S1.);
#2214 = CIRCLE('',#2215,3.4);
#2215 = AXIS2_PLACEMENT_3D('',#2216,#2217,#2218);
#2216 = CARTESIAN_POINT('',(-40.,-20.,14.));
#2217 = DIRECTION('',(0.,0.,1.));
#2218 = DIRECTION('',(1.,0.,0.));
#2219 = PCURVE('',#708,#2220);
#2220 = DEFINITIONAL_REPRESENTATION('',(#2221),#2225);
#2221 = LINE('',#2222,#2223);
#2222 = CARTESIAN_POINT('',(-0.,-15.));
#2223 = VECTOR('',#2224,1.);
#2224 = DIRECTION('',(-1.,0.));
#2225 = ( GEOMETRIC_REPRESENTATION_CONTEXT(2) 
PARAMETRIC_REPRESENTATION_CONTEXT() REPRESENTATION_CONTEXT('2D SPACE',''
  ) );
#2226 = PCURVE('',#2227,#2232);
#2227 = PLANE('',#2228);
#2228 = AXIS2_PLACEMENT_3D('',#2229,#2230,#2231);
#2229 = CARTESIAN_POINT('',(-40.,-20.,14.));
#2230 = DIRECTION('',(0.,0.,1.));
#2231 = DIRECTION('',(1.,0.,-0.));
#2232 = DEFINITIONAL_REPRESENTATION('',(#2233),#2237);
#2233 = CIRCLE('',#2234,3.4);
#2234 = AXIS2_PLACEMENT_2D('',#2235,#2236);
#2235 = CARTESIAN_POINT('',(0.,0.));
#2236 = DIRECTION('',(1.,0.));
#2237 = ( GEOMETRIC_REPRESENTATION_CONTEXT(2) 
PARAMETRIC_REPRESENTATION_CONTEXT() REPRESENTATION_CONTEXT('2D SPACE',''
  ) );
#2238 = ORIENTED_EDGE('',*,*,#2189,.F.);
#2239 = ADVANCED_FACE('',(#2240),#743,.F.);
#2240 = FACE_BOUND('',#2241,.T.);
#2241 = EDGE_LOOP('',(#2242,#2243,#2266,#2293));
#2242 = ORIENTED_EDGE('',*,*,#722,.T.);
#2243 = ORIENTED_EDGE('',*,*,#2244,.T.);
#2244 = EDGE_CURVE('',#723,#2245,#2247,.T.);
#2245 = VERTEX_POINT('',#2246);
#2246 = CARTESIAN_POINT('',(43.4,-20.,14.));
#2247 = SEAM_CURVE('',#2248,(#2252,#2259),.PCURVE_S1.);
#2248 = LINE('',#2249,#2250);
#2249 = CARTESIAN_POINT('',(43.4,-20.,-1.));
#2250 = VECTOR('',#2251,1.);
#2251 = DIRECTION('',(0.,0.,1.));
#2252 = PCURVE('',#743,#2253);
#2253 = DEFINITIONAL_REPRESENTATION('',(#2254),#2258);
#2254 = LINE('',#2255,#2256);
#2255 = CARTESIAN_POINT('',(-6.28318530718,0.));
#2256 = VECTOR('',#2257,1.);
#2257 = DIRECTION('',(-0.,-1.));
#2258 = ( GEOMETRIC_REPRESENTATION_CONTEXT(2) 
PARAMETRIC_REPRESENTATION_CONTEXT() REPRESENTATION_CONTEXT('2D SPACE',''
  ) );
#2259 = PCURVE('',#743,#2260);
#2260 = DEFINITIONAL_REPRESENTATION('',(#2261),#2265);
#2261 = LINE('',#2262,#2263);
#2262 = CARTESIAN_POINT('',(-0.,0.));
#2263 = VECTOR('',#2264,1.);
#2264 = DIRECTION('',(-0.,-1.));
#2265 = ( GEOMETRIC_REPRESENTATION_CONTEXT(2) 
PARAMETRIC_REPRESENTATION_CONTEXT() REPRESENTATION_CONTEXT('2D SPACE',''
  ) );
#2266 = ORIENTED_EDGE('',*,*,#2267,.T.);
#2267 = EDGE_CURVE('',#2245,#2245,#2268,.T.);
#2268 = SURFACE_CURVE('',#2269,(#2274,#2281),.PCURVE_S1.);
#2269 = CIRCLE('',#2270,3.4);
#2270 = AXIS2_PLACEMENT_3D('',#2271,#2272,#2273);
#2271 = CARTESIAN_POINT('',(40.,-20.,14.));
#2272 = DIRECTION('',(0.,0.,1.));
#2273 = DIRECTION('',(1.,0.,0.));
#2274 = PCURVE('',#743,#2275);
#2275 = DEFINITIONAL_REPRESENTATION('',(#2276),#2280);
#2276 = LINE('',#2277,#2278);
#2277 = CARTESIAN_POINT('',(-0.,-15.));
#2278 = VECTOR('',#2279,1.);
#2279 = DIRECTION('',(-1.,0.));
#2280 = ( GEOMETRIC_REPRESENTATION_CONTEXT(2) 
PARAMETRIC_REPRESENTATION_CONTEXT() REPRESENTATION_CONTEXT('2D SPACE',''
  ) );
#2281 = PCURVE('',#2282,#2287);
#2282 = PLANE('',#2283);
#2283 = AXIS2_PLACEMENT_3D('',#2284,#2285,#2286);
#2284 = CARTESIAN_POINT('',(40.,-20.,14.));
#2285 = DIRECTION('',(0.,0.,1.));
#2286 = DIRECTION('',(1.,0.,-0.));
#2287 = DEFINITIONAL_REPRESENTATION('',(#2288),#2292);
#2288 = CIRCLE('',#2289,3.4);
#2289 = AXIS2_PLACEMENT_2D('',#2290,#2291);
#2290 = CARTESIAN_POINT('',(0.,0.));
#2291 = DIRECTION('',(1.,0.));
#2292 = ( GEOMETRIC_REPRESENTATION_CONTEXT(2) 
PARAMETRIC_REPRESENTATION_CONTEXT() REPRESENTATION_CONTEXT('2D SPACE',''
  ) );
#2293 = ORIENTED_EDGE('',*,*,#2244,.F.);
#2294 = ADVANCED_FACE('',(#2295),#778,.F.);
#2295 = FACE_BOUND('',#2296,.T.);
#2296 = EDGE_LOOP('',(#2297,#2298,#2321,#2348));
#2297 = ORIENTED_EDGE('',*,*,#757,.T.);
#2298 = ORIENTED_EDGE('',*,*,#2299,.T.);
#2299 = EDGE_CURVE('',#758,#2300,#2302,.T.);
#2300 = VERTEX_POINT('',#2301);
#2301 = CARTESIAN_POINT('',(-36.6,20.,14.));
#2302 = SEAM_CURVE('',#2303,(#2307,#2314),.PCURVE_S1.);
#2303 = LINE('',#2304,#2305);
#2304 = CARTESIAN_POINT('',(-36.6,20.,-1.));
#2305 = VECTOR('',#2306,1.);
#2306 = DIRECTION('',(0.,0.,1.));
#2307 = PCURVE('',#778,#2308);
#2308 = DEFINITIONAL_REPRESENTATION('',(#2309),#2313);
#2309 = LINE('',#2310,#2311);
#2310 = CARTESIAN_POINT('',(-6.28318530718,0.));
#2311 = VECTOR('',#2312,1.);
#2312 = DIRECTION('',(-0.,-1.));
#2313 = ( GEOMETRIC_REPRESENTATION_CONTEXT(2) 
PARAMETRIC_REPRESENTATION_CONTEXT() REPRESENTATION_CONTEXT('2D SPACE',''
  ) );
#2314 = PCURVE('',#778,#2315);
#2315 = DEFINITIONAL_REPRESENTATION('',(#2316),#2320);
#2316 = LINE('',#2317,#2318);
#2317 = CARTESIAN_POINT('',(-0.,0.));
#2318 = VECTOR('',#2319,1.);
#2319 = DIRECTION('',(-0.,-1.));
#2320 = ( GEOMETRIC_REPRESENTATION_CONTEXT(2) 
PARAMETRIC_REPRESENTATION_CONTEXT() REPRESENTATION_CONTEXT('2D SPACE',''
  ) );
#2321 = ORIENTED_EDGE('',*,*,#2322,.T.);
#2322 = EDGE_CURVE('',#2300,#2300,#2323,.T.);
#2323 = SURFACE_CURVE('',#2324,(#2329,#2336),.PCURVE_S1.);
#2324 = CIRCLE('',#2325,3.4);
#2325 = AXIS2_PLACEMENT_3D('',#2326,#2327,#2328);
#2326 = CARTESIAN_POINT('',(-40.,20.,14.));
#2327 = DIRECTION('',(0.,0.,1.));
#2328 = DIRECTION('',(1.,0.,0.));
#2329 = PCURVE('',#778,#2330);
#2330 = DEFINITIONAL_REPRESENTATION('',(#2331),#2335);
#2331 = LINE('',#2332,#2333);
#2332 = CARTESIAN_POINT('',(-0.,-15.));
#2333 = VECTOR('',#2334,1.);
#2334 = DIRECTION('',(-1.,0.));
#2335 = ( GEOMETRIC_REPRESENTATION_CONTEXT(2) 
PARAMETRIC_REPRESENTATION_CONTEXT() REPRESENTATION_CONTEXT('2D SPACE',''
  ) );
#2336 = PCURVE('',#2337,#2342);
#2337 = PLANE('',#2338);
#2338 = AXIS2_PLACEMENT_3D('',#2339,#2340,#2341);
#2339 = CARTESIAN_POINT('',(-40.,20.,14.));
#2340 = DIRECTION('',(0.,0.,1.));
#2341 = DIRECTION('',(1.,0.,-0.));
#2342 = DEFINITIONAL_REPRESENTATION('',(#2343),#2347);
#2343 = CIRCLE('',#2344,3.4);
#2344 = AXIS2_PLACEMENT_2D('',#2345,#2346);
#2345 = CARTESIAN_POINT('',(0.,0.));
#2346 = DIRECTION('',(1.,0.));
#2347 = ( GEOMETRIC_REPRESENTATION_CONTEXT(2) 
PARAMETRIC_REPRESENTATION_CONTEXT() REPRESENTATION_CONTEXT('2D SPACE',''
  ) );
#2348 = ORIENTED_EDGE('',*,*,#2299,.F.);
#2349 = ADVANCED_FACE('',(#2350),#813,.F.);
#2350 = FACE_BOUND('',#2351,.T.);
#2351 = EDGE_LOOP('',(#2352,#2353,#2376,#2403));
#2352 = ORIENTED_EDGE('',*,*,#792,.T.);
#2353 = ORIENTED_EDGE('',*,*,#2354,.T.);
#2354 = EDGE_CURVE('',#793,#2355,#2357,.T.);
#2355 = VERTEX_POINT('',#2356);
#2356 = CARTESIAN_POINT('',(43.4,20.,14.));
#2357 = SEAM_CURVE('',#2358,(#2362,#2369),.PCURVE_S1.);
#2358 = LINE('',#2359,#2360);
#2359 = CARTESIAN_POINT('',(43.4,20.,-1.));
#2360 = VECTOR('',#2361,1.);
#2361 = DIRECTION('',(0.,0.,1.));
#2362 = PCURVE('',#813,#2363);
#2363 = DEFINITIONAL_REPRESENTATION('',(#2364),#2368);
#2364 = LINE('',#2365,#2366);
#2365 = CARTESIAN_POINT('',(-6.28318530718,0.));
#2366 = VECTOR('',#2367,1.);
#2367 = DIRECTION('',(-0.,-1.));
#2368 = ( GEOMETRIC_REPRESENTATION_CONTEXT(2) 
PARAMETRIC_REPRESENTATION_CONTEXT() REPRESENTATION_CONTEXT('2D SPACE',''
  ) );
#2369 = PCURVE('',#813,#2370);
#2370 = DEFINITIONAL_REPRESENTATION('',(#2371),#2375);
#2371 = LINE('',#2372,#2373);
#2372 = CARTESIAN_POINT('',(-0.,0.));
#2373 = VECTOR('',#2374,1.);
#2374 = DIRECTION('',(-0.,-1.));
#2375 = ( GEOMETRIC_REPRESENTATION_CONTEXT(2) 
PARAMETRIC_REPRESENTATION_CONTEXT() REPRESENTATION_CONTEXT('2D SPACE',''
  ) );
#2376 = ORIENTED_EDGE('',*,*,#2377,.T.);
#2377 = EDGE_CURVE('',#2355,#2355,#2378,.T.);
#2378 = SURFACE_CURVE('',#2379,(#2384,#2391),.PCURVE_S1.);
#2379 = CIRCLE('',#2380,3.4);
#2380 = AXIS2_PLACEMENT_3D('',#2381,#2382,#2383);
#2381 = CARTESIAN_POINT('',(40.,20.,14.));
#2382 = DIRECTION('',(0.,0.,1.));
#2383 = DIRECTION('',(1.,0.,0.));
#2384 = PCURVE('',#813,#2385);
#2385 = DEFINITIONAL_REPRESENTATION('',(#2386),#2390);
#2386 = LINE('',#2387,#2388);
#2387 = CARTESIAN_POINT('',(-0.,-15.));
#2388 = VECTOR('',#2389,1.);
#2389 = DIRECTION('',(-1.,0.));
#2390 = ( GEOMETRIC_REPRESENTATION_CONTEXT(2) 
PARAMETRIC_REPRESENTATION_CONTEXT() REPRESENTATION_CONTEXT('2D SPACE',''
  ) );
#2391 = PCURVE('',#2392,#2397);
#2392 = PLANE('',#2393);
#2393 = AXIS2_PLACEMENT_3D('',#2394,#2395,#2396);
#2394 = CARTESIAN_POINT('',(40.,20.,14.));
#2395 = DIRECTION('',(0.,0.,1.));
#2396 = DIRECTION('',(1.,0.,-0.));
#2397 = DEFINITIONAL_REPRESENTATION('',(#2398),#2402);
#2398 = CIRCLE('',#2399,3.4);
#2399 = AXIS2_PLACEMENT_2D('',#2400,#2401);
#2400 = CARTESIAN_POINT('',(0.,0.));
#2401 = DIRECTION('',(1.,0.));
#2402 = ( GEOMETRIC_REPRESENTATION_CONTEXT(2) 
PARAMETRIC_REPRESENTATION_CONTEXT() REPRESENTATION_CONTEXT('2D SPACE',''
  ) );
#2403 = ORIENTED_EDGE('',*,*,#2354,.F.);
#2404 = ADVANCED_FACE('',(#2405),#871,.F.);
#2405 = FACE_BOUND('',#2406,.T.);
#2406 = EDGE_LOOP('',(#2407,#2408,#2431,#2458));
#2407 = ORIENTED_EDGE('',*,*,#854,.T.);
#2408 = ORIENTED_EDGE('',*,*,#2409,.T.);
#2409 = EDGE_CURVE('',#855,#2410,#2412,.T.);
#2410 = VERTEX_POINT('',#2411);
#2411 = CARTESIAN_POINT('',(5.75,18.,70.));
#2412 = SEAM_CURVE('',#2413,(#2417,#2424),.PCURVE_S1.);
#2413 = LINE('',#2414,#2415);
#2414 = CARTESIAN_POINT('',(5.75,31.,70.));
#2415 = VECTOR('',#2416,1.);
#2416 = DIRECTION('',(0.,-1.,0.));
#2417 = PCURVE('',#871,#2418);
#2418 = DEFINITIONAL_REPRESENTATION('',(#2419),#2423);
#2419 = LINE('',#2420,#2421);
#2420 = CARTESIAN_POINT('',(-6.28318530718,0.));
#2421 = VECTOR('',#2422,1.);
#2422 = DIRECTION('',(-0.,-1.));
#2423 = ( GEOMETRIC_REPRESENTATION_CONTEXT(2) 
PARAMETRIC_REPRESENTATION_CONTEXT() REPRESENTATION_CONTEXT('2D SPACE',''
  ) );
#2424 = PCURVE('',#871,#2425);
#2425 = DEFINITIONAL_REPRESENTATION('',(#2426),#2430);
#2426 = LINE('',#2427,#2428);
#2427 = CARTESIAN_POINT('',(-0.,0.));
#2428 = VECTOR('',#2429,1.);
#2429 = DIRECTION('',(-0.,-1.));
#2430 = ( GEOMETRIC_REPRESENTATION_CONTEXT(2) 
PARAMETRIC_REPRESENTATION_CONTEXT() REPRESENTATION_CONTEXT('2D SPACE',''
  ) );
#2431 = ORIENTED_EDGE('',*,*,#2432,.T.);
#2432 = EDGE_CURVE('',#2410,#2410,#2433,.T.);
#2433 = SURFACE_CURVE('',#2434,(#2439,#2446),.PCURVE_S1.);
#2434 = CIRCLE('',#2435,5.75);
#2435 = AXIS2_PLACEMENT_3D('',#2436,#2437,#2438);
#2436 = CARTESIAN_POINT('',(0.,18.,70.));
#2437 = DIRECTION('',(0.,-1.,0.));
#2438 = DIRECTION('',(1.,0.,0.));
#2439 = PCURVE('',#871,#2440);
#2440 = DEFINITIONAL_REPRESENTATION('',(#2441),#2445);
#2441 = LINE('',#2442,#2443);
#2442 = CARTESIAN_POINT('',(-0.,-13.));
#2443 = VECTOR('',#2444,1.);
#2444 = DIRECTION('',(-1.,0.));
#2445 = ( GEOMETRIC_REPRESENTATION_CONTEXT(2) 
PARAMETRIC_REPRESENTATION_CONTEXT() REPRESENTATION_CONTEXT('2D SPACE',''
  ) );
#2446 = PCURVE('',#2447,#2452);
#2447 = PLANE('',#2448);
#2448 = AXIS2_PLACEMENT_3D('',#2449,#2450,#2451);
#2449 = CARTESIAN_POINT('',(-1.070170538509E-15,18.,70.));
#2450 = DIRECTION('',(-0.,-1.,-0.));
#2451 = DIRECTION('',(0.,0.,-1.));
#2452 = DEFINITIONAL_REPRESENTATION('',(#2453),#2457);
#2453 = CIRCLE('',#2454,5.75);
#2454 = AXIS2_PLACEMENT_2D('',#2455,#2456);
#2455 = CARTESIAN_POINT('',(-1.42108547152E-14,1.070170538509E-15));
#2456 = DIRECTION('',(0.,1.));
#2457 = ( GEOMETRIC_REPRESENTATION_CONTEXT(2) 
PARAMETRIC_REPRESENTATION_CONTEXT() REPRESENTATION_CONTEXT('2D SPACE',''
  ) );
#2458 = ORIENTED_EDGE('',*,*,#2409,.F.);
#2459 = ADVANCED_FACE('',(#2460),#925,.F.);
#2460 = FACE_BOUND('',#2461,.F.);
#2461 = EDGE_LOOP('',(#2462));
#2462 = ORIENTED_EDGE('',*,*,#910,.T.);
#2463 = ADVANCED_FACE('',(#2464),#980,.F.);
#2464 = FACE_BOUND('',#2465,.F.);
#2465 = EDGE_LOOP('',(#2466));
#2466 = ORIENTED_EDGE('',*,*,#965,.T.);
#2467 = ADVANCED_FACE('',(#2468),#1175,.F.);
#2468 = FACE_BOUND('',#2469,.F.);
#2469 = EDGE_LOOP('',(#2470,#2499,#2520,#2521));
#2470 = ORIENTED_EDGE('',*,*,#2471,.F.);
#2471 = EDGE_CURVE('',#2472,#2472,#2474,.T.);
#2472 = VERTEX_POINT('',#2473);
#2473 = CARTESIAN_POINT('',(43.,0.,54.));
#2474 = SURFACE_CURVE('',#2475,(#2480,#2487),.PCURVE_S1.);
#2475 = CIRCLE('',#2476,3.);
#2476 = AXIS2_PLACEMENT_3D('',#2477,#2478,#2479);
#2477 = CARTESIAN_POINT('',(40.,0.,54.));
#2478 = DIRECTION('',(0.,0.,1.));
#2479 = DIRECTION('',(1.,0.,-0.));
#2480 = PCURVE('',#1175,#2481);
#2481 = DEFINITIONAL_REPRESENTATION('',(#2482),#2486);
#2482 = LINE('',#2483,#2484);
#2483 = CARTESIAN_POINT('',(0.,-1.));
#2484 = VECTOR('',#2485,1.);
#2485 = DIRECTION('',(1.,0.));
#2486 = ( GEOMETRIC_REPRESENTATION_CONTEXT(2) 
PARAMETRIC_REPRESENTATION_CONTEXT() REPRESENTATION_CONTEXT('2D SPACE',''
  ) );
#2487 = PCURVE('',#2488,#2493);
#2488 = PLANE('',#2489);
#2489 = AXIS2_PLACEMENT_3D('',#2490,#2491,#2492);
#2490 = CARTESIAN_POINT('',(40.,-4.387200305741E-17,54.));
#2491 = DIRECTION('',(0.,0.,1.));
#2492 = DIRECTION('',(1.,0.,-0.));
#2493 = DEFINITIONAL_REPRESENTATION('',(#2494),#2498);
#2494 = CIRCLE('',#2495,3.);
#2495 = AXIS2_PLACEMENT_2D('',#2496,#2497);
#2496 = CARTESIAN_POINT('',(0.,4.387200305741E-17));
#2497 = DIRECTION('',(1.,0.));
#2498 = ( GEOMETRIC_REPRESENTATION_CONTEXT(2) 
PARAMETRIC_REPRESENTATION_CONTEXT() REPRESENTATION_CONTEXT('2D SPACE',''
  ) );
#2499 = ORIENTED_EDGE('',*,*,#2500,.T.);
#2500 = EDGE_CURVE('',#2472,#1050,#2501,.T.);
#2501 = SEAM_CURVE('',#2502,(#2506,#2513),.PCURVE_S1.);
#2502 = LINE('',#2503,#2504);
#2503 = CARTESIAN_POINT('',(43.,0.,55.));
#2504 = VECTOR('',#2505,1.);
#2505 = DIRECTION('',(-0.,-0.,-1.));
#2506 = PCURVE('',#1175,#2507);
#2507 = DEFINITIONAL_REPRESENTATION('',(#2508),#2512);
#2508 = LINE('',#2509,#2510);
#2509 = CARTESIAN_POINT('',(6.28318530718,0.));
#2510 = VECTOR('',#2511,1.);
#2511 = DIRECTION('',(0.,-1.));
#2512 = ( GEOMETRIC_REPRESENTATION_CONTEXT(2) 
PARAMETRIC_REPRESENTATION_CONTEXT() REPRESENTATION_CONTEXT('2D SPACE',''
  ) );
#2513 = PCURVE('',#1175,#2514);
#2514 = DEFINITIONAL_REPRESENTATION('',(#2515),#2519);
#2515 = LINE('',#2516,#2517);
#2516 = CARTESIAN_POINT('',(0.,0.));
#2517 = VECTOR('',#2518,1.);
#2518 = DIRECTION('',(0.,-1.));
#2519 = ( GEOMETRIC_REPRESENTATION_CONTEXT(2) 
PARAMETRIC_REPRESENTATION_CONTEXT() REPRESENTATION_CONTEXT('2D SPACE',''
  ) );
#2520 = ORIENTED_EDGE('',*,*,#1049,.T.);
#2521 = ORIENTED_EDGE('',*,*,#2500,.F.);
#2522 = ADVANCED_FACE('',(#2523),#1370,.F.);
#2523 = FACE_BOUND('',#2524,.F.);
#2524 = EDGE_LOOP('',(#2525,#2554,#2575,#2576));
#2525 = ORIENTED_EDGE('',*,*,#2526,.F.);
#2526 = EDGE_CURVE('',#2527,#2527,#2529,.T.);
#2527 = VERTEX_POINT('',#2528);
#2528 = CARTESIAN_POINT('',(-37.,0.,54.));
#2529 = SURFACE_CURVE('',#2530,(#2535,#2542),.PCURVE_S1.);
#2530 = CIRCLE('',#2531,3.);
#2531 = AXIS2_PLACEMENT_3D('',#2532,#2533,#2534);
#2532 = CARTESIAN_POINT('',(-40.,0.,54.));
#2533 = DIRECTION('',(0.,0.,1.));
#2534 = DIRECTION('',(1.,0.,-0.));
#2535 = PCURVE('',#1370,#2536);
#2536 = DEFINITIONAL_REPRESENTATION('',(#2537),#2541);
#2537 = LINE('',#2538,#2539);
#2538 = CARTESIAN_POINT('',(0.,-1.));
#2539 = VECTOR('',#2540,1.);
#2540 = DIRECTION('',(1.,0.));
#2541 = ( GEOMETRIC_REPRESENTATION_CONTEXT(2) 
PARAMETRIC_REPRESENTATION_CONTEXT() REPRESENTATION_CONTEXT('2D SPACE',''
  ) );
#2542 = PCURVE('',#2543,#2548);
#2543 = PLANE('',#2544);
#2544 = AXIS2_PLACEMENT_3D('',#2545,#2546,#2547);
#2545 = CARTESIAN_POINT('',(-40.,-4.387200305741E-17,54.));
#2546 = DIRECTION('',(0.,0.,1.));
#2547 = DIRECTION('',(1.,0.,-0.));
#2548 = DEFINITIONAL_REPRESENTATION('',(#2549),#2553);
#2549 = CIRCLE('',#2550,3.);
#2550 = AXIS2_PLACEMENT_2D('',#2551,#2552);
#2551 = CARTESIAN_POINT('',(0.,4.387200305741E-17));
#2552 = DIRECTION('',(1.,0.));
#2553 = ( GEOMETRIC_REPRESENTATION_CONTEXT(2) 
PARAMETRIC_REPRESENTATION_CONTEXT() REPRESENTATION_CONTEXT('2D SPACE',''
  ) );
#2554 = ORIENTED_EDGE('',*,*,#2555,.T.);
#2555 = EDGE_CURVE('',#2527,#1245,#2556,.T.);
#2556 = SEAM_CURVE('',#2557,(#2561,#2568),.PCURVE_S1.);
#2557 = LINE('',#2558,#2559);
#2558 = CARTESIAN_POINT('',(-37.,0.,55.));
#2559 = VECTOR('',#2560,1.);
#2560 = DIRECTION('',(-0.,-0.,-1.));
#2561 = PCURVE('',#1370,#2562);
#2562 = DEFINITIONAL_REPRESENTATION('',(#2563),#2567);
#2563 = LINE('',#2564,#2565);
#2564 = CARTESIAN_POINT('',(6.28318530718,0.));
#2565 = VECTOR('',#2566,1.);
#2566 = DIRECTION('',(0.,-1.));
#2567 = ( GEOMETRIC_REPRESENTATION_CONTEXT(2) 
PARAMETRIC_REPRESENTATION_CONTEXT() REPRESENTATION_CONTEXT('2D SPACE',''
  ) );
#2568 = PCURVE('',#1370,#2569);
#2569 = DEFINITIONAL_REPRESENTATION('',(#2570),#2574);
#2570 = LINE('',#2571,#2572);
#2571 = CARTESIAN_POINT('',(0.,0.));
#2572 = VECTOR('',#2573,1.);
#2573 = DIRECTION('',(0.,-1.));
#2574 = ( GEOMETRIC_REPRESENTATION_CONTEXT(2) 
PARAMETRIC_REPRESENTATION_CONTEXT() REPRESENTATION_CONTEXT('2D SPACE',''
  ) );
#2575 = ORIENTED_EDGE('',*,*,#1244,.T.);
#2576 = ORIENTED_EDGE('',*,*,#2555,.F.);
#2577 = ADVANCED_FACE('',(#2578),#1479,.F.);
#2578 = FACE_BOUND('',#2579,.F.);
#2579 = EDGE_LOOP('',(#2580));
#2580 = ORIENTED_EDGE('',*,*,#1464,.T.);
#2581 = ADVANCED_FACE('',(#2582),#1593,.F.);
#2582 = FACE_BOUND('',#2583,.F.);
#2583 = EDGE_LOOP('',(#2584,#2609,#2638,#3005,#3027,#3028,#3050,#3051,
    #3052,#3073,#3368,#3676));
#2584 = ORIENTED_EDGE('',*,*,#2585,.F.);
#2585 = EDGE_CURVE('',#2586,#2588,#2590,.T.);
#2586 = VERTEX_POINT('',#2587);
#2587 = CARTESIAN_POINT('',(-32.75,0.,68.));
#2588 = VERTEX_POINT('',#2589);
#2589 = CARTESIAN_POINT('',(-32.75,0.,58.));
#2590 = SEAM_CURVE('',#2591,(#2595,#2602),.PCURVE_S1.);
#2591 = LINE('',#2592,#2593);
#2592 = CARTESIAN_POINT('',(-32.75,0.,91.));
#2593 = VECTOR('',#2594,1.);
#2594 = DIRECTION('',(-0.,-0.,-1.));
#2595 = PCURVE('',#1593,#2596);
#2596 = DEFINITIONAL_REPRESENTATION('',(#2597),#2601);
#2597 = LINE('',#2598,#2599);
#2598 = CARTESIAN_POINT('',(6.28318530718,0.));
#2599 = VECTOR('',#2600,1.);
#2600 = DIRECTION('',(0.,-1.));
#2601 = ( GEOMETRIC_REPRESENTATION_CONTEXT(2) 
PARAMETRIC_REPRESENTATION_CONTEXT() REPRESENTATION_CONTEXT('2D SPACE',''
  ) );
#2602 = PCURVE('',#1593,#2603);
#2603 = DEFINITIONAL_REPRESENTATION('',(#2604),#2608);
#2604 = LINE('',#2605,#2606);
#2605 = CARTESIAN_POINT('',(0.,0.));
#2606 = VECTOR('',#2607,1.);
#2607 = DIRECTION('',(0.,-1.));
#2608 = ( GEOMETRIC_REPRESENTATION_CONTEXT(2) 
PARAMETRIC_REPRESENTATION_CONTEXT() REPRESENTATION_CONTEXT('2D SPACE',''
  ) );
#2609 = ORIENTED_EDGE('',*,*,#2610,.F.);
#2610 = EDGE_CURVE('',#2611,#2586,#2613,.T.);
#2611 = VERTEX_POINT('',#2612);
#2612 = CARTESIAN_POINT('',(-47.08544396289,1.535898384862,68.));
#2613 = SURFACE_CURVE('',#2614,(#2619,#2626),.PCURVE_S1.);
#2614 = CIRCLE('',#2615,7.25);
#2615 = AXIS2_PLACEMENT_3D('',#2616,#2617,#2618);
#2616 = CARTESIAN_POINT('',(-40.,0.,68.));
#2617 = DIRECTION('',(0.,0.,1.));
#2618 = DIRECTION('',(1.,0.,-0.));
#2619 = PCURVE('',#1593,#2620);
#2620 = DEFINITIONAL_REPRESENTATION('',(#2621),#2625);
#2621 = LINE('',#2622,#2623);
#2622 = CARTESIAN_POINT('',(0.,-23.));
#2623 = VECTOR('',#2624,1.);
#2624 = DIRECTION('',(1.,0.));
#2625 = ( GEOMETRIC_REPRESENTATION_CONTEXT(2) 
PARAMETRIC_REPRESENTATION_CONTEXT() REPRESENTATION_CONTEXT('2D SPACE',''
  ) );
#2626 = PCURVE('',#2627,#2632);
#2627 = PLANE('',#2628);
#2628 = AXIS2_PLACEMENT_3D('',#2629,#2630,#2631);
#2629 = CARTESIAN_POINT('',(-40.,4.231397042342E-16,68.));
#2630 = DIRECTION('',(0.,0.,1.));
#2631 = DIRECTION('',(1.,0.,-0.));
#2632 = DEFINITIONAL_REPRESENTATION('',(#2633),#2637);
#2633 = CIRCLE('',#2634,7.25);
#2634 = AXIS2_PLACEMENT_2D('',#2635,#2636);
#2635 = CARTESIAN_POINT('',(0.,-4.231397042342E-16));
#2636 = DIRECTION('',(1.,0.));
#2637 = ( GEOMETRIC_REPRESENTATION_CONTEXT(2) 
PARAMETRIC_REPRESENTATION_CONTEXT() REPRESENTATION_CONTEXT('2D SPACE',''
  ) );
#2638 = ORIENTED_EDGE('',*,*,#2639,.F.);
#2639 = EDGE_CURVE('',#2640,#2611,#2642,.T.);
#2640 = VERTEX_POINT('',#2641);
#2641 = CARTESIAN_POINT('',(-32.9145560371,1.535898384862,68.));
#2642 = SURFACE_CURVE('',#2643,(#2760,#2880),.PCURVE_S1.);
#2643 = B_SPLINE_CURVE_WITH_KNOTS('',7,(#2644,#2645,#2646,#2647,#2648,
    #2649,#2650,#2651,#2652,#2653,#2654,#2655,#2656,#2657,#2658,#2659,
    #2660,#2661,#2662,#2663,#2664,#2665,#2666,#2667,#2668,#2669,#2670,
    #2671,#2672,#2673,#2674,#2675,#2676,#2677,#2678,#2679,#2680,#2681,
    #2682,#2683,#2684,#2685,#2686,#2687,#2688,#2689,#2690,#2691,#2692,
    #2693,#2694,#2695,#2696,#2697,#2698,#2699,#2700,#2701,#2702,#2703,
    #2704,#2705,#2706,#2707,#2708,#2709,#2710,#2711,#2712,#2713,#2714,
    #2715,#2716,#2717,#2718,#2719,#2720,#2721,#2722,#2723,#2724,#2725,
    #2726,#2727,#2728,#2729,#2730,#2731,#2732,#2733,#2734,#2735,#2736,
    #2737,#2738,#2739,#2740,#2741,#2742,#2743,#2744,#2745,#2746,#2747,
    #2748,#2749,#2750,#2751,#2752,#2753,#2754,#2755,#2756,#2757,#2758,
    #2759),.UNSPECIFIED.,.F.,.F.,(8,6,6,6,6,6,6,6,6,6,6,6,6,6,6,6,6,6,6,
    8),(0.,4.946314836227E-02,7.104995716008E-02,0.111744415047,
    0.148617205647,0.16716905182,0.201734294403,0.243526678486,
    0.353109835026,0.424630188738,0.499010715082,0.645263350058,
    0.755351438687,0.797336391743,0.832060884382,0.850698192274,
    0.88774083886,0.928622757396,0.950309005049,1.),.UNSPECIFIED.);
#2644 = CARTESIAN_POINT('',(-32.91455596201,1.535898038452,68.0000006));
#2645 = CARTESIAN_POINT('',(-32.9300892698,1.607556690504,
    67.875884124197));
#2646 = CARTESIAN_POINT('',(-32.94776874167,1.685032362491,
    67.753674015833));
#2647 = CARTESIAN_POINT('',(-32.96785971413,1.768317865184,
    67.63376060456));
#2648 = CARTESIAN_POINT('',(-32.99065902241,1.857377412699,
    67.516531766574));
#2649 = CARTESIAN_POINT('',(-33.0164949601,1.9521467028,67.402372800408)
  );
#2650 = CARTESIAN_POINT('',(-33.04572723875,2.052532997196,
    67.291666302725));
#2651 = CARTESIAN_POINT('',(-33.09315747663,2.204624531058,
    67.138149760671));
#2652 = CARTESIAN_POINT('',(-33.10828520695,2.251867560729,
    67.092250661664));
#2653 = CARTESIAN_POINT('',(-33.12415722578,2.30011733219,67.04714124834
    ));
#2654 = CARTESIAN_POINT('',(-33.14080034153,2.349345087694,
    67.002865315205));
#2655 = CARTESIAN_POINT('',(-33.1582410837,2.399520270413,
    66.959463950033));
#2656 = CARTESIAN_POINT('',(-33.17650570287,2.450610524434,
    66.916975533861));
#2657 = CARTESIAN_POINT('',(-33.23165388531,2.600555351827,
    66.797126836358));
#2658 = CARTESIAN_POINT('',(-33.27072838917,2.701716935633,
    66.722143616237));
#2659 = CARTESIAN_POINT('',(-33.31297130573,2.805704104721,
    66.65084554487));
#2660 = CARTESIAN_POINT('',(-33.35848321728,2.912121315695,
    66.583518666512));
#2661 = CARTESIAN_POINT('',(-33.40733121209,3.020548788103,
    66.520378366575));
#2662 = CARTESIAN_POINT('',(-33.45954243152,3.130551469302,
    66.46157213278));
#2663 = CARTESIAN_POINT('',(-33.56543554603,3.342387559249,
    66.357900315305));
#2664 = CARTESIAN_POINT('',(-33.61847185383,3.443923909561,
    66.312290193846));
#2665 = CARTESIAN_POINT('',(-33.67417750473,3.545953121797,
    66.270407478192));
#2666 = CARTESIAN_POINT('',(-33.73248768379,3.64812361296,
    66.232263005637));
#2667 = CARTESIAN_POINT('',(-33.79329872977,3.750080982012,
    66.197825019636));
#2668 = CARTESIAN_POINT('',(-33.85646506799,3.851472846363,
    66.167021264957));
#2669 = CARTESIAN_POINT('',(-33.9546662363,4.002508705715,
    66.126015575901));
#2670 = CARTESIAN_POINT('',(-33.98809029805,4.052842340554,
    66.113179565735));
#2671 = CARTESIAN_POINT('',(-34.02205292716,4.102923298238,
    66.101216027948));
#2672 = CARTESIAN_POINT('',(-34.05653689763,4.152720794389,
    66.090106801508));
#2673 = CARTESIAN_POINT('',(-34.0915231588,4.202204544869,
    66.079832588729));
#2674 = CARTESIAN_POINT('',(-34.12699083534,4.251344765779,
    66.070372955265));
#2675 = CARTESIAN_POINT('',(-34.22985420166,4.390974142716,
    66.045558934438));
#2676 = CARTESIAN_POINT('',(-34.29836366603,4.480515028366,
    66.032169203816));
#2677 = CARTESIAN_POINT('',(-34.36835506524,4.568626566356,
    66.021381043704));
#2678 = CARTESIAN_POINT('',(-34.43972919684,4.655208127252,66.0130386136
    ));
#2679 = CARTESIAN_POINT('',(-34.51237821105,4.740166716231,
    66.006986327035));
#2680 = CARTESIAN_POINT('',(-34.58618561077,4.82341697309,
    66.003068851582));
#2681 = CARTESIAN_POINT('',(-34.75151509448,5.003378473152,
    65.998788209382));
#2682 = CARTESIAN_POINT('',(-34.84353786151,5.099290137172,
    65.999338834808));
#2683 = CARTESIAN_POINT('',(-34.9369704716,5.192580495362,
    66.002509417365));
#2684 = CARTESIAN_POINT('',(-35.03169303732,5.283227484289,
    66.008044301733));
#2685 = CARTESIAN_POINT('',(-35.12759077155,5.371220872543,
    66.015704278275));
#2686 = CARTESIAN_POINT('',(-35.22455489421,5.456560487252,
    66.025265116266));
#2687 = CARTESIAN_POINT('',(-35.5792607068,5.756084962068,
    66.066017118058));
#2688 = CARTESIAN_POINT('',(-35.84289013732,5.954911992089,
    66.10716340425));
#2689 = CARTESIAN_POINT('',(-36.1120422068,6.136241096371,
    66.156254950855));
#2690 = CARTESIAN_POINT('',(-36.38577380525,6.300766219894,
    66.210333951518));
#2691 = CARTESIAN_POINT('',(-36.66352900089,6.449214640819,
    66.266937316139));
#2692 = CARTESIAN_POINT('',(-36.94511794406,6.582223623242,
    66.323919181185));
#2693 = CARTESIAN_POINT('',(-37.41704453969,6.777278856489,
    66.415516495696));
#2694 = CARTESIAN_POINT('',(-37.60505363362,6.847905090959,
    66.451015511866));
#2695 = CARTESIAN_POINT('',(-37.79455877689,6.912186127261,
    66.485269215854));
#2696 = CARTESIAN_POINT('',(-37.98544301707,6.970173607306,
    66.51774003087));
#2697 = CARTESIAN_POINT('',(-38.17761457112,7.021907206257,
    66.547930594815));
#2698 = CARTESIAN_POINT('',(-38.37100643185,7.067409678915,
    66.575390306554));
#2699 = CARTESIAN_POINT('',(-38.76792655333,7.147524670135,
    66.625026482204));
#2700 = CARTESIAN_POINT('',(-38.97160592081,7.181639912907,
    66.64695502248));
#2701 = CARTESIAN_POINT('',(-39.17627435897,7.208962701647,
    66.665022387568));
#2702 = CARTESIAN_POINT('',(-39.3816592841,7.229469748665,
    66.678843378518));
#2703 = CARTESIAN_POINT('',(-39.58753652357,7.243152096755,
    66.688151991387));
#2704 = CARTESIAN_POINT('',(-39.7937114539,7.25,66.692810861169));
#2705 = CARTESIAN_POINT('',(-40.40562019273,7.25,66.692810861169));
#2706 = CARTESIAN_POINT('',(-40.80909743275,7.223524247574,
    66.674798286294));
#2707 = CARTESIAN_POINT('',(-41.21009958777,7.171076519039,
    66.639117291636));
#2708 = CARTESIAN_POINT('',(-41.60813864346,7.092676190874,
    66.587727974565));
#2709 = CARTESIAN_POINT('',(-42.00207144233,6.988028087576,
    66.524152635703));
#2710 = CARTESIAN_POINT('',(-42.38996317498,6.857045827833,
    66.452974810657));
#2711 = CARTESIAN_POINT('',(-43.05488205593,6.582223623242,
    66.323919181185));
#2712 = CARTESIAN_POINT('',(-43.3364709991,6.449214640819,
    66.266937316139));
#2713 = CARTESIAN_POINT('',(-43.61422619475,6.300766219894,
    66.210333951518));
#2714 = CARTESIAN_POINT('',(-43.88795779319,6.136241096371,
    66.156254950855));
#2715 = CARTESIAN_POINT('',(-44.15710986267,5.954911992089,
    66.10716340425));
#2716 = CARTESIAN_POINT('',(-44.42073929319,5.756084962068,
    66.066017118058));
#2717 = CARTESIAN_POINT('',(-44.77544510578,5.456560487252,
    66.025265116266));
#2718 = CARTESIAN_POINT('',(-44.87240922844,5.371220872544,
    66.015704278275));
#2719 = CARTESIAN_POINT('',(-44.96830696267,5.283227484289,
    66.008044301733));
#2720 = CARTESIAN_POINT('',(-45.06302952839,5.192580495362,
    66.002509417365));
#2721 = CARTESIAN_POINT('',(-45.15646213849,5.099290137172,
    65.999338834808));
#2722 = CARTESIAN_POINT('',(-45.24848490551,5.003378473152,
    65.998788209382));
#2723 = CARTESIAN_POINT('',(-45.41381435035,4.823417015401,
    66.003068850575));
#2724 = CARTESIAN_POINT('',(-45.48762178216,4.740166719502,
    66.00698633013));
#2725 = CARTESIAN_POINT('',(-45.56027083123,4.655208091,66.013038618844)
  );
#2726 = CARTESIAN_POINT('',(-45.63164496565,4.568626530449,
    66.021381046283));
#2727 = CARTESIAN_POINT('',(-45.70163633424,4.480515032496,
    66.032169200245));
#2728 = CARTESIAN_POINT('',(-45.77014576652,4.390974185886,
    66.045558926766));
#2729 = CARTESIAN_POINT('',(-45.87300916067,4.251344771187,
    66.070372954303));
#2730 = CARTESIAN_POINT('',(-45.90847684046,4.202204545589,
    66.079832588824));
#2731 = CARTESIAN_POINT('',(-45.94346310514,4.152720790224,
    66.090106802554));
#2732 = CARTESIAN_POINT('',(-45.97794707587,4.102923293967,
    66.101216028819));
#2733 = CARTESIAN_POINT('',(-46.01190970184,4.05284234101,
    66.113179565395));
#2734 = CARTESIAN_POINT('',(-46.04533376035,4.00250871086,
    66.126015574505));
#2735 = CARTESIAN_POINT('',(-46.143534932,3.851472846363,66.167021264957
    ));
#2736 = CARTESIAN_POINT('',(-46.20670127022,3.750080982012,
    66.197825019636));
#2737 = CARTESIAN_POINT('',(-46.2675123162,3.64812361296,66.232263005637
    ));
#2738 = CARTESIAN_POINT('',(-46.32582249526,3.545953121797,
    66.270407478192));
#2739 = CARTESIAN_POINT('',(-46.38152814617,3.443923909561,
    66.312290193846));
#2740 = CARTESIAN_POINT('',(-46.43456445396,3.342387559249,
    66.357900315305));
#2741 = CARTESIAN_POINT('',(-46.54045756847,3.130551469302,
    66.46157213278));
#2742 = CARTESIAN_POINT('',(-46.5926687879,3.020548788103,
    66.520378366575));
#2743 = CARTESIAN_POINT('',(-46.64151678271,2.912121315695,
    66.583518666512));
#2744 = CARTESIAN_POINT('',(-46.68702869426,2.805704104721,
    66.65084554487));
#2745 = CARTESIAN_POINT('',(-46.72927161082,2.701716935633,
    66.722143616237));
#2746 = CARTESIAN_POINT('',(-46.76834611468,2.600555351827,
    66.797126836358));
#2747 = CARTESIAN_POINT('',(-46.82349429568,2.450610528372,
    66.916975530714));
#2748 = CARTESIAN_POINT('',(-46.84175891595,2.399520271107,
    66.959463949797));
#2749 = CARTESIAN_POINT('',(-46.85919965938,2.34934508489,
    67.002865317879));
#2750 = CARTESIAN_POINT('',(-46.87584277528,2.300117329155,
    67.047141250915));
#2751 = CARTESIAN_POINT('',(-46.8917147931,2.251867560847,
    67.092250661182));
#2752 = CARTESIAN_POINT('',(-46.90684252231,2.204624534421,
    67.138149757276));
#2753 = CARTESIAN_POINT('',(-46.95427276124,2.052532997201,
    67.29166630272));
#2754 = CARTESIAN_POINT('',(-46.9835050399,1.9521467028,67.402372800407)
  );
#2755 = CARTESIAN_POINT('',(-47.00934097758,1.857377412695,
    67.516531766578));
#2756 = CARTESIAN_POINT('',(-47.03214028586,1.76831786518,
    67.633760604565));
#2757 = CARTESIAN_POINT('',(-47.05223125832,1.685032362492,
    67.753674015832));
#2758 = CARTESIAN_POINT('',(-47.06991073019,1.607556690508,
    67.875884124191));
#2759 = CARTESIAN_POINT('',(-47.08544403798,1.535898038452,68.0000006));
#2760 = PCURVE('',#1593,#2761);
#2761 = DEFINITIONAL_REPRESENTATION('',(#2762),#2879);
#2762 = B_SPLINE_CURVE_WITH_KNOTS('',7,(#2763,#2764,#2765,#2766,#2767,
    #2768,#2769,#2770,#2771,#2772,#2773,#2774,#2775,#2776,#2777,#2778,
    #2779,#2780,#2781,#2782,#2783,#2784,#2785,#2786,#2787,#2788,#2789,
    #2790,#2791,#2792,#2793,#2794,#2795,#2796,#2797,#2798,#2799,#2800,
    #2801,#2802,#2803,#2804,#2805,#2806,#2807,#2808,#2809,#2810,#2811,
    #2812,#2813,#2814,#2815,#2816,#2817,#2818,#2819,#2820,#2821,#2822,
    #2823,#2824,#2825,#2826,#2827,#2828,#2829,#2830,#2831,#2832,#2833,
    #2834,#2835,#2836,#2837,#2838,#2839,#2840,#2841,#2842,#2843,#2844,
    #2845,#2846,#2847,#2848,#2849,#2850,#2851,#2852,#2853,#2854,#2855,
    #2856,#2857,#2858,#2859,#2860,#2861,#2862,#2863,#2864,#2865,#2866,
    #2867,#2868,#2869,#2870,#2871,#2872,#2873,#2874,#2875,#2876,#2877,
    #2878),.UNSPECIFIED.,.F.,.F.,(8,6,6,6,6,6,6,6,6,6,6,6,6,6,6,6,6,6,6,
    8),(0.,4.946314836227E-02,7.104995716008E-02,0.111744415047,
    0.148617205647,0.16716905182,0.201734294403,0.243526678486,
    0.353109835026,0.424630188738,0.499010715082,0.645263350058,
    0.755351438687,0.797336391743,0.832060884382,0.850698192274,
    0.88774083886,0.928622757396,0.950309005049,1.),.UNSPECIFIED.);
#2763 = CARTESIAN_POINT('',(0.213465497826,-22.9999994));
#2764 = CARTESIAN_POINT('',(0.22357899977,-23.1241158758));
#2765 = CARTESIAN_POINT('',(0.234539336982,-23.24632598416));
#2766 = CARTESIAN_POINT('',(0.246355032745,-23.36623939544));
#2767 = CARTESIAN_POINT('',(0.259032839824,-23.48346823342));
#2768 = CARTESIAN_POINT('',(0.272578485403,-23.59762719959));
#2769 = CARTESIAN_POINT('',(0.286997416023,-23.70833369727));
#2770 = CARTESIAN_POINT('',(0.308971982291,-23.86185023932));
#2771 = CARTESIAN_POINT('',(0.315813991436,-23.90774933833));
#2772 = CARTESIAN_POINT('',(0.322819608275,-23.95285875166));
#2773 = CARTESIAN_POINT('',(0.329986744576,-23.99713468479));
#2774 = CARTESIAN_POINT('',(0.337313185542,-24.04053604996));
#2775 = CARTESIAN_POINT('',(0.344796589812,-24.08302446613));
#2776 = CARTESIAN_POINT('',(0.366833106167,-24.20287316364));
#2777 = CARTESIAN_POINT('',(0.381789207992,-24.27785638376));
#2778 = CARTESIAN_POINT('',(0.397266757759,-24.34915445513));
#2779 = CARTESIAN_POINT('',(0.413226017198,-24.41648133348));
#2780 = CARTESIAN_POINT('',(0.429624132666,-24.47962163342));
#2781 = CARTESIAN_POINT('',(0.446415720864,-24.53842786722));
#2782 = CARTESIAN_POINT('',(0.4790817623,-24.64209968469));
#2783 = CARTESIAN_POINT('',(0.49487973807,-24.68770980615));
#2784 = CARTESIAN_POINT('',(0.510909228943,-24.7295925218));
#2785 = CARTESIAN_POINT('',(0.527129990027,-24.76773699436));
#2786 = CARTESIAN_POINT('',(0.543499628037,-24.80217498036));
#2787 = CARTESIAN_POINT('',(0.559973544862,-24.83297873504));
#2788 = CARTESIAN_POINT('',(0.584822309878,-24.87398442409));
#2789 = CARTESIAN_POINT('',(0.593155782141,-24.88682043426));
#2790 = CARTESIAN_POINT('',(0.601501475918,-24.89878397205));
#2791 = CARTESIAN_POINT('',(0.609855489051,-24.90989319849));
#2792 = CARTESIAN_POINT('',(0.618213839249,-24.92016741127));
#2793 = CARTESIAN_POINT('',(0.626572464088,-24.92962704473));
#2794 = CARTESIAN_POINT('',(0.650493553162,-24.95444106556));
#2795 = CARTESIAN_POINT('',(0.666041758337,-24.96783079618));
#2796 = CARTESIAN_POINT('',(0.68155872436,-24.97861895629));
#2797 = CARTESIAN_POINT('',(0.697031214692,-24.9869613864));
#2798 = CARTESIAN_POINT('',(0.712445868433,-24.99301367296));
#2799 = CARTESIAN_POINT('',(0.727789200316,-24.99693114841));
#2800 = CARTESIAN_POINT('',(0.761496333661,-25.00121179061));
#2801 = CARTESIAN_POINT('',(0.779825568543,-25.00066116519));
#2802 = CARTESIAN_POINT('',(0.798030373326,-24.99749058263));
#2803 = CARTESIAN_POINT('',(0.816106960095,-24.99195569826));
#2804 = CARTESIAN_POINT('',(0.834052577285,-24.98429572172));
#2805 = CARTESIAN_POINT('',(0.851865401911,-24.97473488373));
#2806 = CARTESIAN_POINT('',(0.915900339536,-24.93398288194));
#2807 = CARTESIAN_POINT('',(0.961376228373,-24.89283659575));
#2808 = CARTESIAN_POINT('',(1.006039760235,-24.84374504914));
#2809 = CARTESIAN_POINT('',(1.049987937757,-24.78966604848));
#2810 = CARTESIAN_POINT('',(1.09334166904,-24.73306268386));
#2811 = CARTESIAN_POINT('',(1.136244118614,-24.67608081881));
#2812 = CARTESIAN_POINT('',(1.206678308734,-24.5844835043));
#2813 = CARTESIAN_POINT('',(1.234365236883,-24.54898448813));
#2814 = CARTESIAN_POINT('',(1.261943746998,-24.51473078414));
#2815 = CARTESIAN_POINT('',(1.289435290602,-24.48225996913));
#2816 = CARTESIAN_POINT('',(1.31686303318,-24.45206940518));
#2817 = CARTESIAN_POINT('',(1.344252234564,-24.42460969344));
#2818 = CARTESIAN_POINT('',(1.400103914254,-24.37497351779));
#2819 = CARTESIAN_POINT('',(1.428573258819,-24.35304497752));
#2820 = CARTESIAN_POINT('',(1.457028692803,-24.33497761243));
#2821 = CARTESIAN_POINT('',(1.485470312891,-24.32115662148));
#2822 = CARTESIAN_POINT('',(1.513904818125,-24.31184800861));
#2823 = CARTESIAN_POINT('',(1.542342734231,-24.30718913883));
#2824 = CARTESIAN_POINT('',(1.626743939586,-24.30718913883));
#2825 = CARTESIAN_POINT('',(1.682395958159,-24.3252017137));
#2826 = CARTESIAN_POINT('',(1.737992713955,-24.36088270836));
#2827 = CARTESIAN_POINT('',(1.793738931739,-24.41227202543));
#2828 = CARTESIAN_POINT('',(1.849764257609,-24.47584736429));
#2829 = CARTESIAN_POINT('',(1.906110595624,-24.54702518934));
#2830 = CARTESIAN_POINT('',(2.005348534975,-24.67608081881));
#2831 = CARTESIAN_POINT('',(2.04825098455,-24.73306268386));
#2832 = CARTESIAN_POINT('',(2.091604715832,-24.78966604848));
#2833 = CARTESIAN_POINT('',(2.135552893354,-24.84374504914));
#2834 = CARTESIAN_POINT('',(2.180216425217,-24.89283659575));
#2835 = CARTESIAN_POINT('',(2.225692314053,-24.93398288194));
#2836 = CARTESIAN_POINT('',(2.289727251678,-24.97473488373));
#2837 = CARTESIAN_POINT('',(2.307540076305,-24.98429572172));
#2838 = CARTESIAN_POINT('',(2.325485693495,-24.99195569826));
#2839 = CARTESIAN_POINT('',(2.343562280264,-24.99749058263));
#2840 = CARTESIAN_POINT('',(2.361767085047,-25.00066116519));
#2841 = CARTESIAN_POINT('',(2.380096319929,-25.00121179061));
#2842 = CARTESIAN_POINT('',(2.413803445349,-24.99693114942));
#2843 = CARTESIAN_POINT('',(2.429146784211,-24.99301366987));
#2844 = CARTESIAN_POINT('',(2.444561445226,-24.98696138115));
#2845 = CARTESIAN_POINT('',(2.46003393577,-24.97861895371));
#2846 = CARTESIAN_POINT('',(2.475550894836,-24.96783079975));
#2847 = CARTESIAN_POINT('',(2.491099093032,-24.95444107323));
#2848 = CARTESIAN_POINT('',(2.515020188575,-24.92962704569));
#2849 = CARTESIAN_POINT('',(2.523378814201,-24.92016741117));
#2850 = CARTESIAN_POINT('',(2.53173716523,-24.90989319744));
#2851 = CARTESIAN_POINT('',(2.540091178395,-24.89878397118));
#2852 = CARTESIAN_POINT('',(2.548436871389,-24.8868204346));
#2853 = CARTESIAN_POINT('',(2.556770342866,-24.87398442549));
#2854 = CARTESIAN_POINT('',(2.581619108727,-24.83297873504));
#2855 = CARTESIAN_POINT('',(2.598093025553,-24.80217498036));
#2856 = CARTESIAN_POINT('',(2.614462663562,-24.76773699436));
#2857 = CARTESIAN_POINT('',(2.630683424647,-24.7295925218));
#2858 = CARTESIAN_POINT('',(2.64671291552,-24.68770980615));
#2859 = CARTESIAN_POINT('',(2.66251089129,-24.64209968469));
#2860 = CARTESIAN_POINT('',(2.695176932726,-24.53842786722));
#2861 = CARTESIAN_POINT('',(2.711968520924,-24.47962163342));
#2862 = CARTESIAN_POINT('',(2.728366636392,-24.41648133348));
#2863 = CARTESIAN_POINT('',(2.744325895831,-24.34915445513));
#2864 = CARTESIAN_POINT('',(2.759803445598,-24.27785638376));
#2865 = CARTESIAN_POINT('',(2.774759547423,-24.20287316364));
#2866 = CARTESIAN_POINT('',(2.796796063199,-24.08302446928));
#2867 = CARTESIAN_POINT('',(2.804279467942,-24.0405360502));
#2868 = CARTESIAN_POINT('',(2.811605909421,-23.99713468212));
#2869 = CARTESIAN_POINT('',(2.818773045758,-23.95285874908));
#2870 = CARTESIAN_POINT('',(2.825778662141,-23.90774933881));
#2871 = CARTESIAN_POINT('',(2.832620670813,-23.86185024272));
#2872 = CARTESIAN_POINT('',(2.854595237566,-23.70833369728));
#2873 = CARTESIAN_POINT('',(2.869014168187,-23.59762719959));
#2874 = CARTESIAN_POINT('',(2.882559813767,-23.48346823342));
#2875 = CARTESIAN_POINT('',(2.895237620845,-23.36623939543));
#2876 = CARTESIAN_POINT('',(2.907053316607,-23.24632598416));
#2877 = CARTESIAN_POINT('',(2.91801365382,-23.1241158758));
#2878 = CARTESIAN_POINT('',(2.928127155764,-22.9999994));
#2879 = ( GEOMETRIC_REPRESENTATION_CONTEXT(2) 
PARAMETRIC_REPRESENTATION_CONTEXT() REPRESENTATION_CONTEXT('2D SPACE',''
  ) );
#2880 = PCURVE('',#2881,#2886);
#2881 = CYLINDRICAL_SURFACE('',#2882,4.);
#2882 = AXIS2_PLACEMENT_3D('',#2883,#2884,#2885);
#2883 = CARTESIAN_POINT('',(-49.25,5.,70.));
#2884 = DIRECTION('',(-1.,-0.,-0.));
#2885 = DIRECTION('',(0.,1.,0.));
#2886 = DEFINITIONAL_REPRESENTATION('',(#2887),#3004);
#2887 = B_SPLINE_CURVE_WITH_KNOTS('',7,(#2888,#2889,#2890,#2891,#2892,
    #2893,#2894,#2895,#2896,#2897,#2898,#2899,#2900,#2901,#2902,#2903,
    #2904,#2905,#2906,#2907,#2908,#2909,#2910,#2911,#2912,#2913,#2914,
    #2915,#2916,#2917,#2918,#2919,#2920,#2921,#2922,#2923,#2924,#2925,
    #2926,#2927,#2928,#2929,#2930,#2931,#2932,#2933,#2934,#2935,#2936,
    #2937,#2938,#2939,#2940,#2941,#2942,#2943,#2944,#2945,#2946,#2947,
    #2948,#2949,#2950,#2951,#2952,#2953,#2954,#2955,#2956,#2957,#2958,
    #2959,#2960,#2961,#2962,#2963,#2964,#2965,#2966,#2967,#2968,#2969,
    #2970,#2971,#2972,#2973,#2974,#2975,#2976,#2977,#2978,#2979,#2980,
    #2981,#2982,#2983,#2984,#2985,#2986,#2987,#2988,#2989,#2990,#2991,
    #2992,#2993,#2994,#2995,#2996,#2997,#2998,#2999,#3000,#3001,#3002,
    #3003),.UNSPECIFIED.,.F.,.F.,(8,6,6,6,6,6,6,6,6,6,6,6,6,6,6,6,6,6,6,
    8),(0.,4.946314836227E-02,7.104995716008E-02,0.111744415047,
    0.148617205647,0.16716905182,0.201734294403,0.243526678486,
    0.353109835026,0.424630188738,0.499010715082,0.645263350058,
    0.755351438687,0.797336391743,0.832060884382,0.850698192274,
    0.88774083886,0.928622757396,0.950309005049,1.),.UNSPECIFIED.);
#2888 = CARTESIAN_POINT('',(-3.665191255983,-16.33544403798));
#2889 = CARTESIAN_POINT('',(-3.701020592758,-16.31991073019));
#2890 = CARTESIAN_POINT('',(-3.737164306755,-16.30223125832));
#2891 = CARTESIAN_POINT('',(-3.773612154325,-16.28214028586));
#2892 = CARTESIAN_POINT('',(-3.810356691043,-16.25934097758));
#2893 = CARTESIAN_POINT('',(-3.847392795941,-16.2335050399));
#2894 = CARTESIAN_POINT('',(-3.884717195738,-16.20427276124));
#2895 = CARTESIAN_POINT('',(-3.938742168758,-16.15684252336));
#2896 = CARTESIAN_POINT('',(-3.955206208267,-16.14171479304));
#2897 = CARTESIAN_POINT('',(-3.971714405135,-16.12584277421));
#2898 = CARTESIAN_POINT('',(-3.9882613215,-16.10919965846));
#2899 = CARTESIAN_POINT('',(-4.004841784109,-16.0917589163));
#2900 = CARTESIAN_POINT('',(-4.021450884318,-16.07349429713));
#2901 = CARTESIAN_POINT('',(-4.069439920536,-16.01834611468));
#2902 = CARTESIAN_POINT('',(-4.100899270662,-15.97927161082));
#2903 = CARTESIAN_POINT('',(-4.132385691277,-15.93702869426));
#2904 = CARTESIAN_POINT('',(-4.163828924322,-15.89151678271));
#2905 = CARTESIAN_POINT('',(-4.195163461472,-15.8426687879));
#2906 = CARTESIAN_POINT('',(-4.226327214741,-15.79045756847));
#2907 = CARTESIAN_POINT('',(-4.285288205416,-15.68456445396));
#2908 = CARTESIAN_POINT('',(-4.313100578475,-15.63152814617));
#2909 = CARTESIAN_POINT('',(-4.340650043874,-15.57582249526));
#2910 = CARTESIAN_POINT('',(-4.367889810567,-15.5175123162));
#2911 = CARTESIAN_POINT('',(-4.394773220171,-15.45670127022));
#2912 = CARTESIAN_POINT('',(-4.421253408312,-15.393534932));
#2913 = CARTESIAN_POINT('',(-4.46037924484,-15.29533376369));
#2914 = CARTESIAN_POINT('',(-4.473363840488,-15.26190970194));
#2915 = CARTESIAN_POINT('',(-4.486233999009,-15.22794707283));
#2916 = CARTESIAN_POINT('',(-4.498986866832,-15.19346310236));
#2917 = CARTESIAN_POINT('',(-4.511619490696,-15.15847684119));
#2918 = CARTESIAN_POINT('',(-4.524128817649,-15.12300916465));
#2919 = CARTESIAN_POINT('',(-4.559583100301,-15.02014579833));
#2920 = CARTESIAN_POINT('',(-4.582208821821,-14.95163633396));
#2921 = CARTESIAN_POINT('',(-4.604388799035,-14.88164493475));
#2922 = CARTESIAN_POINT('',(-4.62612174218,-14.81027080315));
#2923 = CARTESIAN_POINT('',(-4.647405132304,-14.73762178894));
#2924 = CARTESIAN_POINT('',(-4.668235221267,-14.66381438922));
#2925 = CARTESIAN_POINT('',(-4.713238322134,-14.49848490551));
#2926 = CARTESIAN_POINT('',(-4.737206203818,-14.40646213849));
#2927 = CARTESIAN_POINT('',(-4.760527719971,-14.31302952839));
#2928 = CARTESIAN_POINT('',(-4.783217468401,-14.21830696267));
#2929 = CARTESIAN_POINT('',(-4.80528802671,-14.12240922844));
#2930 = CARTESIAN_POINT('',(-4.826750377462,-14.02544510578));
#2931 = CARTESIAN_POINT('',(-4.902321385735,-13.67073929319));
#2932 = CARTESIAN_POINT('',(-4.952961438174,-13.40710986267));
#2933 = CARTESIAN_POINT('',(-4.999800720793,-13.13795779319));
#2934 = CARTESIAN_POINT('',(-5.043004475686,-12.86422619475));
#2935 = CARTESIAN_POINT('',(-5.082667602979,-12.5864709991));
#2936 = CARTESIAN_POINT('',(-5.118821854218,-12.30488205593));
#2937 = CARTESIAN_POINT('',(-5.172694743993,-11.83295546031));
#2938 = CARTESIAN_POINT('',(-5.19244915908,-11.64494636638));
#2939 = CARTESIAN_POINT('',(-5.210651080327,-11.4554412231));
#2940 = CARTESIAN_POINT('',(-5.227260732108,-11.26455698292));
#2941 = CARTESIAN_POINT('',(-5.242232694307,-11.07238542887));
#2942 = CARTESIAN_POINT('',(-5.255518295423,-10.87899356814));
#2943 = CARTESIAN_POINT('',(-5.279079600766,-10.48207344667));
#2944 = CARTESIAN_POINT('',(-5.289216949882,-10.27839407919));
#2945 = CARTESIAN_POINT('',(-5.297405277484,-10.07372564102));
#2946 = CARTESIAN_POINT('',(-5.303587608416,-9.868340715891));
#2947 = CARTESIAN_POINT('',(-5.307724795839,-9.662463476429));
#2948 = CARTESIAN_POINT('',(-5.30979539703,-9.456288546091));
#2949 = CARTESIAN_POINT('',(-5.30979539703,-8.844379807265));
#2950 = CARTESIAN_POINT('',(-5.301789847217,-8.440902567244));
#2951 = CARTESIAN_POINT('',(-5.285931387845,-8.039900412228));
#2952 = CARTESIAN_POINT('',(-5.262499058493,-7.641861356535));
#2953 = CARTESIAN_POINT('',(-5.231929696616,-7.247928557669));
#2954 = CARTESIAN_POINT('',(-5.194725823002,-6.860036825018));
#2955 = CARTESIAN_POINT('',(-5.118821854218,-6.195117944062));
#2956 = CARTESIAN_POINT('',(-5.082667602979,-5.913529000893));
#2957 = CARTESIAN_POINT('',(-5.043004475686,-5.63577380525));
#2958 = CARTESIAN_POINT('',(-4.999800720793,-5.362042206804));
#2959 = CARTESIAN_POINT('',(-4.952961438174,-5.092890137323));
#2960 = CARTESIAN_POINT('',(-4.902321385735,-4.829260706808));
#2961 = CARTESIAN_POINT('',(-4.826750377462,-4.474554894216));
#2962 = CARTESIAN_POINT('',(-4.80528802671,-4.377590771551));
#2963 = CARTESIAN_POINT('',(-4.783217468401,-4.281693037329));
#2964 = CARTESIAN_POINT('',(-4.760527719971,-4.186970471607));
#2965 = CARTESIAN_POINT('',(-4.737206203818,-4.093537861509));
#2966 = CARTESIAN_POINT('',(-4.713238322134,-4.001515094489));
#2967 = CARTESIAN_POINT('',(-4.668235231847,-3.836185649647));
#2968 = CARTESIAN_POINT('',(-4.647405133046,-3.762378217837));
#2969 = CARTESIAN_POINT('',(-4.62612173301,-3.689729168769));
#2970 = CARTESIAN_POINT('',(-4.604388790018,-3.618355034344));
#2971 = CARTESIAN_POINT('',(-4.582208822943,-3.548363665752));
#2972 = CARTESIAN_POINT('',(-4.559583111262,-3.479854233472));
#2973 = CARTESIAN_POINT('',(-4.524128819022,-3.376990839325));
#2974 = CARTESIAN_POINT('',(-4.511619490867,-3.341523159539));
#2975 = CARTESIAN_POINT('',(-4.498986865758,-3.306536894852));
#2976 = CARTESIAN_POINT('',(-4.486233997919,-3.272052924129));
#2977 = CARTESIAN_POINT('',(-4.473363840618,-3.238090298156));
#2978 = CARTESIAN_POINT('',(-4.460379246173,-3.204666239649));
#2979 = CARTESIAN_POINT('',(-4.421253408312,-3.106465067999));
#2980 = CARTESIAN_POINT('',(-4.394773220171,-3.043298729771));
#2981 = CARTESIAN_POINT('',(-4.367889810567,-2.982487683795));
#2982 = CARTESIAN_POINT('',(-4.340650043874,-2.924177504735));
#2983 = CARTESIAN_POINT('',(-4.313100578475,-2.86847185383));
#2984 = CARTESIAN_POINT('',(-4.285288205416,-2.815435546035));
#2985 = CARTESIAN_POINT('',(-4.226327214741,-2.709542431526));
#2986 = CARTESIAN_POINT('',(-4.195163461472,-2.657331212094));
#2987 = CARTESIAN_POINT('',(-4.163828924322,-2.608483217284));
#2988 = CARTESIAN_POINT('',(-4.132385691277,-2.562971305732));
#2989 = CARTESIAN_POINT('',(-4.100899270662,-2.520728389173));
#2990 = CARTESIAN_POINT('',(-4.069439920536,-2.481653885316));
#2991 = CARTESIAN_POINT('',(-4.021450885578,-2.426505704319));
#2992 = CARTESIAN_POINT('',(-4.004841784277,-2.408241084041));
#2993 = CARTESIAN_POINT('',(-3.98826132053,-2.39080034062));
#2994 = CARTESIAN_POINT('',(-3.971714404139,-2.374157224711));
#2995 = CARTESIAN_POINT('',(-3.95520620837,-2.358285206897));
#2996 = CARTESIAN_POINT('',(-3.938742169953,-2.343157477687));
#2997 = CARTESIAN_POINT('',(-3.88471719574,-2.295727238753));
#2998 = CARTESIAN_POINT('',(-3.847392795941,-2.2664949601));
#2999 = CARTESIAN_POINT('',(-3.810356691042,-2.240659022413));
#3000 = CARTESIAN_POINT('',(-3.773612154324,-2.217859714135));
#3001 = CARTESIAN_POINT('',(-3.737164306755,-2.197768741679));
#3002 = CARTESIAN_POINT('',(-3.70102059276,-2.180089269809));
#3003 = CARTESIAN_POINT('',(-3.665191255983,-2.164555962011));
#3004 = ( GEOMETRIC_REPRESENTATION_CONTEXT(2) 
PARAMETRIC_REPRESENTATION_CONTEXT() REPRESENTATION_CONTEXT('2D SPACE',''
  ) );
#3005 = ORIENTED_EDGE('',*,*,#3006,.F.);
#3006 = EDGE_CURVE('',#2586,#2640,#3007,.T.);
#3007 = SURFACE_CURVE('',#3008,(#3013,#3020),.PCURVE_S1.);
#3008 = CIRCLE('',#3009,7.25);
#3009 = AXIS2_PLACEMENT_3D('',#3010,#3011,#3012);
#3010 = CARTESIAN_POINT('',(-40.,0.,68.));
#3011 = DIRECTION('',(0.,0.,1.));
#3012 = DIRECTION('',(1.,0.,-0.));
#3013 = PCURVE('',#1593,#3014);
#3014 = DEFINITIONAL_REPRESENTATION('',(#3015),#3019);
#3015 = LINE('',#3016,#3017);
#3016 = CARTESIAN_POINT('',(0.,-23.));
#3017 = VECTOR('',#3018,1.);
#3018 = DIRECTION('',(1.,0.));
#3019 = ( GEOMETRIC_REPRESENTATION_CONTEXT(2) 
PARAMETRIC_REPRESENTATION_CONTEXT() REPRESENTATION_CONTEXT('2D SPACE',''
  ) );
#3020 = PCURVE('',#2627,#3021);
#3021 = DEFINITIONAL_REPRESENTATION('',(#3022),#3026);
#3022 = CIRCLE('',#3023,7.25);
#3023 = AXIS2_PLACEMENT_2D('',#3024,#3025);
#3024 = CARTESIAN_POINT('',(0.,-4.231397042342E-16));
#3025 = DIRECTION('',(1.,0.));
#3026 = ( GEOMETRIC_REPRESENTATION_CONTEXT(2) 
PARAMETRIC_REPRESENTATION_CONTEXT() REPRESENTATION_CONTEXT('2D SPACE',''
  ) );
#3027 = ORIENTED_EDGE('',*,*,#2585,.T.);
#3028 = ORIENTED_EDGE('',*,*,#3029,.T.);
#3029 = EDGE_CURVE('',#2588,#1664,#3030,.T.);
#3030 = SURFACE_CURVE('',#3031,(#3036,#3043),.PCURVE_S1.);
#3031 = CIRCLE('',#3032,7.25);
#3032 = AXIS2_PLACEMENT_3D('',#3033,#3034,#3035);
#3033 = CARTESIAN_POINT('',(-40.,0.,58.));
#3034 = DIRECTION('',(0.,0.,1.));
#3035 = DIRECTION('',(1.,0.,0.));
#3036 = PCURVE('',#1593,#3037);
#3037 = DEFINITIONAL_REPRESENTATION('',(#3038),#3042);
#3038 = LINE('',#3039,#3040);
#3039 = CARTESIAN_POINT('',(0.,-33.));
#3040 = VECTOR('',#3041,1.);
#3041 = DIRECTION('',(1.,0.));
#3042 = ( GEOMETRIC_REPRESENTATION_CONTEXT(2) 
PARAMETRIC_REPRESENTATION_CONTEXT() REPRESENTATION_CONTEXT('2D SPACE',''
  ) );
#3043 = PCURVE('',#1678,#3044);
#3044 = DEFINITIONAL_REPRESENTATION('',(#3045),#3049);
#3045 = CIRCLE('',#3046,7.25);
#3046 = AXIS2_PLACEMENT_2D('',#3047,#3048);
#3047 = CARTESIAN_POINT('',(0.,-4.584934185037E-16));
#3048 = DIRECTION('',(1.,0.));
#3049 = ( GEOMETRIC_REPRESENTATION_CONTEXT(2) 
PARAMETRIC_REPRESENTATION_CONTEXT() REPRESENTATION_CONTEXT('2D SPACE',''
  ) );
#3050 = ORIENTED_EDGE('',*,*,#1689,.T.);
#3051 = ORIENTED_EDGE('',*,*,#1519,.T.);
#3052 = ORIENTED_EDGE('',*,*,#3053,.F.);
#3053 = EDGE_CURVE('',#3054,#1520,#3056,.T.);
#3054 = VERTEX_POINT('',#3055);
#3055 = CARTESIAN_POINT('',(-46.,-4.069705142894,65.890315120552));
#3056 = SURFACE_CURVE('',#3057,(#3061,#3067),.PCURVE_S1.);
#3057 = LINE('',#3058,#3059);
#3058 = CARTESIAN_POINT('',(-46.,-4.069705149025,91.));
#3059 = VECTOR('',#3060,1.);
#3060 = DIRECTION('',(0.,0.,1.));
#3061 = PCURVE('',#1593,#3062);
#3062 = DEFINITIONAL_REPRESENTATION('',(#3063),#3066);
#3063 = B_SPLINE_CURVE_WITH_KNOTS('',1,(#3064,#3065),.UNSPECIFIED.,.F.,
  .F.,(2,2),(-33.00000060929,-23.84),.PIECEWISE_BEZIER_KNOTS.);
#3064 = CARTESIAN_POINT('',(3.737595092777,-33.00000060929));
#3065 = CARTESIAN_POINT('',(3.737595092777,-23.84));
#3066 = ( GEOMETRIC_REPRESENTATION_CONTEXT(2) 
PARAMETRIC_REPRESENTATION_CONTEXT() REPRESENTATION_CONTEXT('2D SPACE',''
  ) );
#3067 = PCURVE('',#1651,#3068);
#3068 = DEFINITIONAL_REPRESENTATION('',(#3069),#3072);
#3069 = B_SPLINE_CURVE_WITH_KNOTS('',1,(#3070,#3071),.UNSPECIFIED.,.F.,
  .F.,(2,2),(-33.00000060929,-23.84),.PIECEWISE_BEZIER_KNOTS.);
#3070 = CARTESIAN_POINT('',(-4.000000609295,-0.930294850975));
#3071 = CARTESIAN_POINT('',(5.16,-0.930294850975));
#3072 = ( GEOMETRIC_REPRESENTATION_CONTEXT(2) 
PARAMETRIC_REPRESENTATION_CONTEXT() REPRESENTATION_CONTEXT('2D SPACE',''
  ) );
#3073 = ORIENTED_EDGE('',*,*,#3074,.F.);
#3074 = EDGE_CURVE('',#3075,#3054,#3077,.T.);
#3075 = VERTEX_POINT('',#3076);
#3076 = CARTESIAN_POINT('',(-32.81929669182,-1.,62.));
#3077 = SURFACE_CURVE('',#3078,(#3171,#3267),.PCURVE_S1.);
#3078 = B_SPLINE_CURVE_WITH_KNOTS('',7,(#3079,#3080,#3081,#3082,#3083,
    #3084,#3085,#3086,#3087,#3088,#3089,#3090,#3091,#3092,#3093,#3094,
    #3095,#3096,#3097,#3098,#3099,#3100,#3101,#3102,#3103,#3104,#3105,
    #3106,#3107,#3108,#3109,#3110,#3111,#3112,#3113,#3114,#3115,#3116,
    #3117,#3118,#3119,#3120,#3121,#3122,#3123,#3124,#3125,#3126,#3127,
    #3128,#3129,#3130,#3131,#3132,#3133,#3134,#3135,#3136,#3137,#3138,
    #3139,#3140,#3141,#3142,#3143,#3144,#3145,#3146,#3147,#3148,#3149,
    #3150,#3151,#3152,#3153,#3154,#3155,#3156,#3157,#3158,#3159,#3160,
    #3161,#3162,#3163,#3164,#3165,#3166,#3167,#3168,#3169,#3170),
  .UNSPECIFIED.,.F.,.F.,(8,6,6,6,6,6,6,6,6,6,6,6,6,6,6,8),(0.,
    0.116231309959,0.141155187527,0.180867035456,0.227446598412,
    0.29002357185,0.384637440783,0.503276473859,0.566098790145,
    0.621776127997,0.747821590336,0.789182595439,0.821216318021,
    0.860470737009,0.88510752386,1.),.UNSPECIFIED.);
#3079 = CARTESIAN_POINT('',(-32.81929669182,-1.,62.));
#3080 = CARTESIAN_POINT('',(-32.81929669182,-1.,62.382875405003));
#3081 = CARTESIAN_POINT('',(-32.82525031169,-1.042756466082,
    62.766232180825));
#3082 = CARTESIAN_POINT('',(-32.83718973302,-1.128462932174,
    63.146824954137));
#3083 = CARTESIAN_POINT('',(-32.85685706309,-1.258017620233,
    63.521090665551));
#3084 = CARTESIAN_POINT('',(-32.88778867342,-1.432731483107,
    63.884601215424));
#3085 = CARTESIAN_POINT('',(-32.93569279435,-1.653923770116,
    64.231629914789));
#3086 = CARTESIAN_POINT('',(-33.02527047129,-1.979698712072,
    64.624098172427));
#3087 = CARTESIAN_POINT('',(-33.04226347322,-2.039338516923,
    64.692243565295));
#3088 = CARTESIAN_POINT('',(-33.06050603147,-2.101055755839,
    64.759118857421));
#3089 = CARTESIAN_POINT('',(-33.08007378161,-2.164803656245,
    64.824612969249));
#3090 = CARTESIAN_POINT('',(-33.10104420195,-2.230529199015,
    64.888620741529));
#3091 = CARTESIAN_POINT('',(-33.12349617297,-2.298173600095,
    64.951042856837));
#3092 = CARTESIAN_POINT('',(-33.18577063981,-2.478407622121,
    65.108568975092));
#3093 = CARTESIAN_POINT('',(-33.22803330236,-2.593960998371,
    65.201185213535));
#3094 = CARTESIAN_POINT('',(-33.27453884632,-2.713810227628,
    65.288995929124));
#3095 = CARTESIAN_POINT('',(-33.32548909227,-2.837364127382,
    65.371495960878));
#3096 = CARTESIAN_POINT('',(-33.38103247172,-2.963981874202,
    65.448307940591));
#3097 = CARTESIAN_POINT('',(-33.44125013948,-3.09299185207,
    65.519176699299));
#3098 = CARTESIAN_POINT('',(-33.58225636079,-3.377035461447,
    65.659954822797));
#3099 = CARTESIAN_POINT('',(-33.66457323277,-3.53225089096,
    65.727350301743));
#3100 = CARTESIAN_POINT('',(-33.75302142525,-3.688219134929,
    65.786013192398));
#3101 = CARTESIAN_POINT('',(-33.84736790704,-3.843788135893,
    65.836020966066));
#3102 = CARTESIAN_POINT('',(-33.94718965031,-3.997810216768,
    65.877646049581));
#3103 = CARTESIAN_POINT('',(-34.05184538839,-4.149160864357,
    65.911336391353));
#3104 = CARTESIAN_POINT('',(-34.30634791711,-4.495045151637,
    65.973108687831));
#3105 = CARTESIAN_POINT('',(-34.45936296955,-4.68654599372,
    65.995288592148));
#3106 = CARTESIAN_POINT('',(-34.61870284923,-4.870488884622,
    66.006032835217));
#3107 = CARTESIAN_POINT('',(-34.78352680964,-5.046324011243,
    66.006984466823));
#3108 = CARTESIAN_POINT('',(-34.95296010948,-5.213661759833,
    65.99966703902));
#3109 = CARTESIAN_POINT('',(-35.126098072,-5.372235742231,65.98550182589
    ));
#3110 = CARTESIAN_POINT('',(-35.56794944519,-5.748161199172,
    65.936031012584));
#3111 = CARTESIAN_POINT('',(-35.84136604396,-5.955021446041,
    65.893487078708));
#3112 = CARTESIAN_POINT('',(-36.12074353615,-6.14302409929,
    65.842346635983));
#3113 = CARTESIAN_POINT('',(-36.40501540803,-6.312942984795,
    65.785913212865));
#3114 = CARTESIAN_POINT('',(-36.69357109705,-6.46559372353,
    65.72691870083));
#3115 = CARTESIAN_POINT('',(-36.98622761479,-6.601684985295,
    65.667735541486));
#3116 = CARTESIAN_POINT('',(-37.6554778498,-6.872189486007,
    65.538743215944));
#3117 = CARTESIAN_POINT('',(-38.03630621009,-6.998125033975,
    65.469707783526));
#3118 = CARTESIAN_POINT('',(-38.4231132595,-7.098815888952,
    65.408254319629));
#3119 = CARTESIAN_POINT('',(-38.81389192366,-7.174236346646,
    65.358733025657));
#3120 = CARTESIAN_POINT('',(-39.20737748503,-7.224626907192,
    65.324451485721));
#3121 = CARTESIAN_POINT('',(-39.60291621879,-7.25,65.307189138831));
#3122 = CARTESIAN_POINT('',(-40.21026572998,-7.25,65.307189138831));
#3123 = CARTESIAN_POINT('',(-40.42044982101,-7.242885488506,
    65.312029394949));
#3124 = CARTESIAN_POINT('',(-40.63034410657,-7.228666321546,
    65.321703220855));
#3125 = CARTESIAN_POINT('',(-40.83972970059,-7.207350969642,
    65.336063756078));
#3126 = CARTESIAN_POINT('',(-41.04835527043,-7.178949482085,
    65.35482316388));
#3127 = CARTESIAN_POINT('',(-41.25591546943,-7.143490757821,
    65.37756338511));
#3128 = CARTESIAN_POINT('',(-41.64470159182,-7.063443939211,
    65.426974264535));
#3129 = CARTESIAN_POINT('',(-41.82633269842,-7.020333356604,
    65.452916039409));
#3130 = CARTESIAN_POINT('',(-42.00688434865,-6.97172022489,
    65.481250699112));
#3131 = CARTESIAN_POINT('',(-42.18629879076,-6.917585855653,
    65.5116035793));
#3132 = CARTESIAN_POINT('',(-42.36449872137,-6.857898798136,
    65.543563401348));
#3133 = CARTESIAN_POINT('',(-42.54138698578,-6.792618615096,
    65.57668724888));
#3134 = CARTESIAN_POINT('',(-43.11406080879,-6.561149370167,
    65.687065287382));
#3135 = CARTESIAN_POINT('',(-43.51426233743,-6.367531699392,
    65.769170643887));
#3136 = CARTESIAN_POINT('',(-43.91076560028,-6.139495602697,
    65.850795064523));
#3137 = CARTESIAN_POINT('',(-44.29843465829,-5.876547018736,
    65.924013869615));
#3138 = CARTESIAN_POINT('',(-44.67246980659,-5.578657218845,
    65.980041690768));
#3139 = CARTESIAN_POINT('',(-45.0278773837,-5.246472246571,
    66.008977429715));
#3140 = CARTESIAN_POINT('',(-45.46834881007,-4.762958704718,
    65.99475841387));
#3141 = CARTESIAN_POINT('',(-45.57504692226,-4.639594105769,
    65.986963067164));
#3142 = CARTESIAN_POINT('',(-45.67913958924,-4.51264776237,
    65.974388139613));
#3143 = CARTESIAN_POINT('',(-45.7802112291,-4.382477825862,
    65.956551208645));
#3144 = CARTESIAN_POINT('',(-45.87790589758,-4.24947720432,
    65.932986154457));
#3145 = CARTESIAN_POINT('',(-45.97192593405,-4.114071651697,
    65.903244568382));
#3146 = CARTESIAN_POINT('',(-46.13181585823,-3.870338591143,
    65.838746424746));
#3147 = CARTESIAN_POINT('',(-46.19920283405,-3.762866717746,
    65.806653302472));
#3148 = CARTESIAN_POINT('',(-46.2639564693,-3.654713729861,
    65.77047947133));
#3149 = CARTESIAN_POINT('',(-46.32589907364,-3.546300454419,
    65.730135001285));
#3150 = CARTESIAN_POINT('',(-46.38490621231,-3.43805054367,
    65.685581180149));
#3151 = CARTESIAN_POINT('',(-46.44090258656,-3.330383966661,
    65.636833338358));
#3152 = CARTESIAN_POINT('',(-46.55874986051,-3.09299185207,
    65.519176699299));
#3153 = CARTESIAN_POINT('',(-46.61896752827,-2.963981874202,
    65.448307940591));
#3154 = CARTESIAN_POINT('',(-46.67451090772,-2.837364127382,
    65.371495960878));
#3155 = CARTESIAN_POINT('',(-46.72546115367,-2.713810227628,
    65.288995929124));
#3156 = CARTESIAN_POINT('',(-46.77196669763,-2.593960998371,
    65.201185213535));
#3157 = CARTESIAN_POINT('',(-46.81422936018,-2.478407622121,
    65.108568975092));
#3158 = CARTESIAN_POINT('',(-46.87650382703,-2.298173600095,
    64.951042856837));
#3159 = CARTESIAN_POINT('',(-46.89895579804,-2.230529199015,
    64.888620741529));
#3160 = CARTESIAN_POINT('',(-46.91992621838,-2.164803656245,
    64.824612969249));
#3161 = CARTESIAN_POINT('',(-46.93949396852,-2.101055755839,
    64.759118857421));
#3162 = CARTESIAN_POINT('',(-46.95773652677,-2.039338516923,
    64.692243565295));
#3163 = CARTESIAN_POINT('',(-46.9747295287,-1.979698712072,
    64.624098172427));
#3164 = CARTESIAN_POINT('',(-47.06430720564,-1.653923770117,
    64.23162991479));
#3165 = CARTESIAN_POINT('',(-47.11221132657,-1.432731483106,
    63.884601215423));
#3166 = CARTESIAN_POINT('',(-47.1431429369,-1.258017620234,
    63.521090665553));
#3167 = CARTESIAN_POINT('',(-47.16281026697,-1.128462932174,
    63.146824954135));
#3168 = CARTESIAN_POINT('',(-47.1747496883,-1.042756466082,
    62.766232180826));
#3169 = CARTESIAN_POINT('',(-47.18070330817,-1.,62.382875405003));
#3170 = CARTESIAN_POINT('',(-47.18070330817,-1.,62.));
#3171 = PCURVE('',#1593,#3172);
#3172 = DEFINITIONAL_REPRESENTATION('',(#3173),#3266);
#3173 = B_SPLINE_CURVE_WITH_KNOTS('',7,(#3174,#3175,#3176,#3177,#3178,
    #3179,#3180,#3181,#3182,#3183,#3184,#3185,#3186,#3187,#3188,#3189,
    #3190,#3191,#3192,#3193,#3194,#3195,#3196,#3197,#3198,#3199,#3200,
    #3201,#3202,#3203,#3204,#3205,#3206,#3207,#3208,#3209,#3210,#3211,
    #3212,#3213,#3214,#3215,#3216,#3217,#3218,#3219,#3220,#3221,#3222,
    #3223,#3224,#3225,#3226,#3227,#3228,#3229,#3230,#3231,#3232,#3233,
    #3234,#3235,#3236,#3237,#3238,#3239,#3240,#3241,#3242,#3243,#3244,
    #3245,#3246,#3247,#3248,#3249,#3250,#3251,#3252,#3253,#3254,#3255,
    #3256,#3257,#3258,#3259,#3260,#3261,#3262,#3263,#3264,#3265),
  .UNSPECIFIED.,.F.,.F.,(8,6,6,6,6,6,6,6,6,6,6,6,6,6,6,8),(0.,
    0.116231309959,0.141155187527,0.180867035456,0.227446598412,
    0.29002357185,0.384637440783,0.503276473859,0.566098790145,
    0.621776127997,0.747821590336,0.789182595439,0.821216318021,
    0.860470737009,0.88510752386,1.),.UNSPECIFIED.);
#3174 = CARTESIAN_POINT('',(6.144813129794,-29.));
#3175 = CARTESIAN_POINT('',(6.144813129794,-28.61712459499));
#3176 = CARTESIAN_POINT('',(6.13885887492,-28.23376781917));
#3177 = CARTESIAN_POINT('',(6.12692268934,-27.85317504586));
#3178 = CARTESIAN_POINT('',(6.108850891618,-27.47890933444));
#3179 = CARTESIAN_POINT('',(6.084391847415,-27.11539878457));
#3180 = CARTESIAN_POINT('',(6.053222494249,-26.76837008521));
#3181 = CARTESIAN_POINT('',(6.00662027938,-26.37590182757));
#3182 = CARTESIAN_POINT('',(5.998067064181,-26.3077564347));
#3183 = CARTESIAN_POINT('',(5.989190955709,-26.24088114257));
#3184 = CARTESIAN_POINT('',(5.979994174802,-26.17538703075));
#3185 = CARTESIAN_POINT('',(5.970479324178,-26.11137925847));
#3186 = CARTESIAN_POINT('',(5.960649283305,-26.04895714316));
#3187 = CARTESIAN_POINT('',(5.934347309885,-25.8914310249));
#3188 = CARTESIAN_POINT('',(5.917379029496,-25.79881478646));
#3189 = CARTESIAN_POINT('',(5.899652838978,-25.71100407087));
#3190 = CARTESIAN_POINT('',(5.8812264811,-25.62850403912));
#3191 = CARTESIAN_POINT('',(5.862163475311,-25.5516920594));
#3192 = CARTESIAN_POINT('',(5.84253172855,-25.4808233007));
#3193 = CARTESIAN_POINT('',(5.79879137988,-25.3400451772));
#3194 = CARTESIAN_POINT('',(5.77456652874,-25.27264969825));
#3195 = CARTESIAN_POINT('',(5.749851468855,-25.2139868076));
#3196 = CARTESIAN_POINT('',(5.724775718843,-25.16397903393));
#3197 = CARTESIAN_POINT('',(5.699477703035,-25.12235395041));
#3198 = CARTESIAN_POINT('',(5.674108014798,-25.08866360864));
#3199 = CARTESIAN_POINT('',(5.614876715859,-25.02689131216));
#3200 = CARTESIAN_POINT('',(5.581093179735,-25.00471140785));
#3201 = CARTESIAN_POINT('',(5.547568274992,-24.99396716478));
#3202 = CARTESIAN_POINT('',(5.51437097372,-24.99301553317));
#3203 = CARTESIAN_POINT('',(5.481561973681,-25.00033296098));
#3204 = CARTESIAN_POINT('',(5.449199947217,-25.01449817411));
#3205 = CARTESIAN_POINT('',(5.369181805972,-25.06396898741));
#3206 = CARTESIAN_POINT('',(5.32196934086,-25.10651292129));
#3207 = CARTESIAN_POINT('',(5.275633543848,-25.15765336401));
#3208 = CARTESIAN_POINT('',(5.230067601672,-25.21408678713));
#3209 = CARTESIAN_POINT('',(5.185135978612,-25.27308129917));
#3210 = CARTESIAN_POINT('',(5.140676778161,-25.33226445851));
#3211 = CARTESIAN_POINT('',(5.041111152056,-25.46125678405));
#3212 = CARTESIAN_POINT('',(4.985901405482,-25.53029221647));
#3213 = CARTESIAN_POINT('',(4.930954468106,-25.59174568037));
#3214 = CARTESIAN_POINT('',(4.876258497973,-25.64126697434));
#3215 = CARTESIAN_POINT('',(4.821716215506,-25.67554851427));
#3216 = CARTESIAN_POINT('',(4.767159157102,-25.69281086116));
#3217 = CARTESIAN_POINT('',(4.683386810731,-25.69281086116));
#3218 = CARTESIAN_POINT('',(4.654395904503,-25.68797060505));
#3219 = CARTESIAN_POINT('',(4.625405106949,-25.67829677914));
#3220 = CARTESIAN_POINT('',(4.596404974162,-25.66393624392));
#3221 = CARTESIAN_POINT('',(4.567390255507,-25.64517683612));
#3222 = CARTESIAN_POINT('',(4.53836314559,-25.62243661489));
#3223 = CARTESIAN_POINT('',(4.483612665499,-25.57302573546));
#3224 = CARTESIAN_POINT('',(4.457875653341,-25.54708396059));
#3225 = CARTESIAN_POINT('',(4.432103638532,-25.51874930088));
#3226 = CARTESIAN_POINT('',(4.406275935271,-25.4883964207));
#3227 = CARTESIAN_POINT('',(4.380373537549,-25.45643659865));
#3228 = CARTESIAN_POINT('',(4.354378853943,-25.42331275112));
#3229 = CARTESIAN_POINT('',(4.269181083722,-25.31293471261));
#3230 = CARTESIAN_POINT('',(4.20799550259,-25.23082935611));
#3231 = CARTESIAN_POINT('',(4.14516712962,-25.14920493547));
#3232 = CARTESIAN_POINT('',(4.080881421883,-25.07598613038));
#3233 = CARTESIAN_POINT('',(4.015251768452,-25.01995830923));
#3234 = CARTESIAN_POINT('',(3.948367575232,-24.99102257028));
#3235 = CARTESIAN_POINT('',(3.858151776599,-25.00524158613));
#3236 = CARTESIAN_POINT('',(3.835661976832,-25.01303693283));
#3237 = CARTESIAN_POINT('',(3.813030883719,-25.02561186038));
#3238 = CARTESIAN_POINT('',(3.790314080757,-25.04344879135));
#3239 = CARTESIAN_POINT('',(3.767564855099,-25.06701384554));
#3240 = CARTESIAN_POINT('',(3.744835266475,-25.09675543161));
#3241 = CARTESIAN_POINT('',(3.704628762032,-25.16125357525));
#3242 = CARTESIAN_POINT('',(3.687135761561,-25.19334669752));
#3243 = CARTESIAN_POINT('',(3.669754563474,-25.22952052867));
#3244 = CARTESIAN_POINT('',(3.652538644801,-25.26986499871));
#3245 = CARTESIAN_POINT('',(3.635538684892,-25.31441881985));
#3246 = CARTESIAN_POINT('',(3.618802639478,-25.36316666164));
#3247 = CARTESIAN_POINT('',(3.582246232219,-25.4808233007));
#3248 = CARTESIAN_POINT('',(3.562614485458,-25.5516920594));
#3249 = CARTESIAN_POINT('',(3.543551479669,-25.62850403912));
#3250 = CARTESIAN_POINT('',(3.525125121791,-25.71100407087));
#3251 = CARTESIAN_POINT('',(3.507398931274,-25.79881478646));
#3252 = CARTESIAN_POINT('',(3.490430650884,-25.8914310249));
#3253 = CARTESIAN_POINT('',(3.464128677464,-26.04895714316));
#3254 = CARTESIAN_POINT('',(3.454298636591,-26.11137925847));
#3255 = CARTESIAN_POINT('',(3.444783785967,-26.17538703075));
#3256 = CARTESIAN_POINT('',(3.43558700506,-26.24088114257));
#3257 = CARTESIAN_POINT('',(3.426710896589,-26.3077564347));
#3258 = CARTESIAN_POINT('',(3.418157681389,-26.37590182757));
#3259 = CARTESIAN_POINT('',(3.371555466521,-26.76837008521));
#3260 = CARTESIAN_POINT('',(3.340386113354,-27.11539878457));
#3261 = CARTESIAN_POINT('',(3.315927069152,-27.47890933444));
#3262 = CARTESIAN_POINT('',(3.297855271429,-27.85317504586));
#3263 = CARTESIAN_POINT('',(3.285919085849,-28.23376781917));
#3264 = CARTESIAN_POINT('',(3.279964830975,-28.61712459499));
#3265 = CARTESIAN_POINT('',(3.279964830975,-29.));
#3266 = ( GEOMETRIC_REPRESENTATION_CONTEXT(2) 
PARAMETRIC_REPRESENTATION_CONTEXT() REPRESENTATION_CONTEXT('2D SPACE',''
  ) );
#3267 = PCURVE('',#3268,#3273);
#3268 = CYLINDRICAL_SURFACE('',#3269,4.);
#3269 = AXIS2_PLACEMENT_3D('',#3270,#3271,#3272);
#3270 = CARTESIAN_POINT('',(-56.,-5.,62.));
#3271 = DIRECTION('',(-1.,-0.,-0.));
#3272 = DIRECTION('',(0.,1.,0.));
#3273 = DEFINITIONAL_REPRESENTATION('',(#3274),#3367);
#3274 = B_SPLINE_CURVE_WITH_KNOTS('',7,(#3275,#3276,#3277,#3278,#3279,
    #3280,#3281,#3282,#3283,#3284,#3285,#3286,#3287,#3288,#3289,#3290,
    #3291,#3292,#3293,#3294,#3295,#3296,#3297,#3298,#3299,#3300,#3301,
    #3302,#3303,#3304,#3305,#3306,#3307,#3308,#3309,#3310,#3311,#3312,
    #3313,#3314,#3315,#3316,#3317,#3318,#3319,#3320,#3321,#3322,#3323,
    #3324,#3325,#3326,#3327,#3328,#3329,#3330,#3331,#3332,#3333,#3334,
    #3335,#3336,#3337,#3338,#3339,#3340,#3341,#3342,#3343,#3344,#3345,
    #3346,#3347,#3348,#3349,#3350,#3351,#3352,#3353,#3354,#3355,#3356,
    #3357,#3358,#3359,#3360,#3361,#3362,#3363,#3364,#3365,#3366),
  .UNSPECIFIED.,.F.,.F.,(8,6,6,6,6,6,6,6,6,6,6,6,6,6,6,8),(0.,
    0.116231309959,0.141155187527,0.180867035456,0.227446598412,
    0.29002357185,0.384637440783,0.503276473859,0.566098790145,
    0.621776127997,0.747821590336,0.789182595439,0.821216318021,
    0.860470737009,0.88510752386,1.),.UNSPECIFIED.);
#3275 = CARTESIAN_POINT('',(8.881784197001E-16,-23.18070330817));
#3276 = CARTESIAN_POINT('',(-9.571885125069E-02,-23.18070330817));
#3277 = CARTESIAN_POINT('',(-0.191558064266,-23.1747496883));
#3278 = CARTESIAN_POINT('',(-0.288138553259,-23.16281026697));
#3279 = CARTESIAN_POINT('',(-0.386018813176,-23.1431429369));
#3280 = CARTESIAN_POINT('',(-0.485733331471,-23.11221132657));
#3281 = CARTESIAN_POINT('',(-0.587808025849,-23.06430720564));
#3282 = CARTESIAN_POINT('',(-0.715322889213,-22.9747295287));
#3283 = CARTESIAN_POINT('',(-0.737954591066,-22.95773652677));
#3284 = CARTESIAN_POINT('',(-0.760692333679,-22.93949396852));
#3285 = CARTESIAN_POINT('',(-0.783526781538,-22.91992621838));
#3286 = CARTESIAN_POINT('',(-0.80644938868,-22.89895579804));
#3287 = CARTESIAN_POINT('',(-0.829452257946,-22.87650382703));
#3288 = CARTESIAN_POINT('',(-0.889295167211,-22.81422936018));
#3289 = CARTESIAN_POINT('',(-0.926283697702,-22.77196669763));
#3290 = CARTESIAN_POINT('',(-0.963371756491,-22.72546115367));
#3291 = CARTESIAN_POINT('',(-1.000450012094,-22.67451090772));
#3292 = CARTESIAN_POINT('',(-1.037418657586,-22.61896752827));
#3293 = CARTESIAN_POINT('',(-1.074184431438,-22.55874986051));
#3294 = CARTESIAN_POINT('',(-1.153438473955,-22.4177436392));
#3295 = CARTESIAN_POINT('',(-1.195688235621,-22.33542676722));
#3296 = CARTESIAN_POINT('',(-1.237265789987,-22.24697857474));
#3297 = CARTESIAN_POINT('',(-1.278034011746,-22.15263209295));
#3298 = CARTESIAN_POINT('',(-1.317854813272,-22.05281034968));
#3299 = CARTESIAN_POINT('',(-1.356584174245,-21.9481546116));
#3300 = CARTESIAN_POINT('',(-1.444423429706,-21.69365208289));
#3301 = CARTESIAN_POINT('',(-1.492527873182,-21.54063703044));
#3302 = CARTESIAN_POINT('',(-1.538477863608,-21.38129715076));
#3303 = CARTESIAN_POINT('',(-1.582335931263,-21.21647319035));
#3304 = CARTESIAN_POINT('',(-1.6241390054,-21.04703989051));
#3305 = CARTESIAN_POINT('',(-1.663905729748,-20.87390192799));
#3306 = CARTESIAN_POINT('',(-1.758697379745,-20.4320505548));
#3307 = CARTESIAN_POINT('',(-1.811358451883,-20.15863395603));
#3308 = CARTESIAN_POINT('',(-1.859927390767,-19.87925646384));
#3309 = CARTESIAN_POINT('',(-1.904587091253,-19.59498459196));
#3310 = CARTESIAN_POINT('',(-1.945440628119,-19.30642890294));
#3311 = CARTESIAN_POINT('',(-1.982519397683,-19.0137723852));
#3312 = CARTESIAN_POINT('',(-2.057440900335,-18.3445221502));
#3313 = CARTESIAN_POINT('',(-2.093287720288,-17.96369378991));
#3314 = CARTESIAN_POINT('',(-2.12274034305,-17.57688674049));
#3315 = CARTESIAN_POINT('',(-2.145294207913,-17.18610807633));
#3316 = CARTESIAN_POINT('',(-2.160530608799,-16.79262251496));
#3317 = CARTESIAN_POINT('',(-2.16820274344,-16.3970837812));
#3318 = CARTESIAN_POINT('',(-2.16820274344,-15.78973427001));
#3319 = CARTESIAN_POINT('',(-2.166051522544,-15.57955017898));
#3320 = CARTESIAN_POINT('',(-2.161752020653,-15.36965589342));
#3321 = CARTESIAN_POINT('',(-2.15532674857,-15.1602702994));
#3322 = CARTESIAN_POINT('',(-2.146818127766,-14.95164472956));
#3323 = CARTESIAN_POINT('',(-2.136288685329,-14.74408453056));
#3324 = CARTESIAN_POINT('',(-2.112771499891,-14.35529840817));
#3325 = CARTESIAN_POINT('',(-2.100193819824,-14.17366730157));
#3326 = CARTESIAN_POINT('',(-2.086129091667,-13.99311565134));
#3327 = CARTESIAN_POINT('',(-2.070617656971,-13.81370120923));
#3328 = CARTESIAN_POINT('',(-2.053697436249,-13.63550127862));
#3329 = CARTESIAN_POINT('',(-2.035402194138,-13.45861301421));
#3330 = CARTESIAN_POINT('',(-1.971292267678,-12.8859391912));
#3331 = CARTESIAN_POINT('',(-1.918766662427,-12.48573766256));
#3332 = CARTESIAN_POINT('',(-1.858379158184,-12.0892343997));
#3333 = CARTESIAN_POINT('',(-1.790506392119,-11.7015653417));
#3334 = CARTESIAN_POINT('',(-1.71524769545,-11.3275301934));
#3335 = CARTESIAN_POINT('',(-1.632449499684,-10.97212261629));
#3336 = CARTESIAN_POINT('',(-1.511518856967,-10.53165118992));
#3337 = CARTESIAN_POINT('',(-1.480633759247,-10.42495307773));
#3338 = CARTESIAN_POINT('',(-1.448774901327,-10.32086041075));
#3339 = CARTESIAN_POINT('',(-1.415971465938,-10.21978877089));
#3340 = CARTESIAN_POINT('',(-1.382247445877,-10.12209410242));
#3341 = CARTESIAN_POINT('',(-1.347620355012,-10.02807406594));
#3342 = CARTESIAN_POINT('',(-1.284589700099,-9.868184141763));
#3343 = CARTESIAN_POINT('',(-1.256563224098,-9.80079716595));
#3344 = CARTESIAN_POINT('',(-1.228077256087,-9.736043530692));
#3345 = CARTESIAN_POINT('',(-1.199187818027,-9.674100926356));
#3346 = CARTESIAN_POINT('',(-1.169950665124,-9.615093787687));
#3347 = CARTESIAN_POINT('',(-1.140421741913,-9.559097413432));
#3348 = CARTESIAN_POINT('',(-1.074184431438,-9.441250139481));
#3349 = CARTESIAN_POINT('',(-1.037418657586,-9.381032471724));
#3350 = CARTESIAN_POINT('',(-1.000450012094,-9.325489092273));
#3351 = CARTESIAN_POINT('',(-0.963371756491,-9.274538846326));
#3352 = CARTESIAN_POINT('',(-0.926283697701,-9.228033302364));
#3353 = CARTESIAN_POINT('',(-0.889295167211,-9.185770639816));
#3354 = CARTESIAN_POINT('',(-0.829452257946,-9.12349617297));
#3355 = CARTESIAN_POINT('',(-0.80644938868,-9.101044201951));
#3356 = CARTESIAN_POINT('',(-0.783526781538,-9.080073781615));
#3357 = CARTESIAN_POINT('',(-0.760692333679,-9.060506031478));
#3358 = CARTESIAN_POINT('',(-0.737954591066,-9.042263473221));
#3359 = CARTESIAN_POINT('',(-0.715322889213,-9.025270471298));
#3360 = CARTESIAN_POINT('',(-0.587808025849,-8.935692794357));
#3361 = CARTESIAN_POINT('',(-0.485733331471,-8.887788673423));
#3362 = CARTESIAN_POINT('',(-0.386018813176,-8.856857063089));
#3363 = CARTESIAN_POINT('',(-0.288138553259,-8.837189733029));
#3364 = CARTESIAN_POINT('',(-0.191558064267,-8.825250311694));
#3365 = CARTESIAN_POINT('',(-9.571885125063E-02,-8.819296691827));
#3366 = CARTESIAN_POINT('',(8.881784197001E-16,-8.819296691827));
#3367 = ( GEOMETRIC_REPRESENTATION_CONTEXT(2) 
PARAMETRIC_REPRESENTATION_CONTEXT() REPRESENTATION_CONTEXT('2D SPACE',''
  ) );
#3368 = ORIENTED_EDGE('',*,*,#3369,.F.);
#3369 = EDGE_CURVE('',#3370,#3075,#3372,.T.);
#3370 = VERTEX_POINT('',#3371);
#3371 = CARTESIAN_POINT('',(-34.75,-5.,58.));
#3372 = SURFACE_CURVE('',#3373,(#3472,#3574),.PCURVE_S1.);
#3373 = B_SPLINE_CURVE_WITH_KNOTS('',7,(#3374,#3375,#3376,#3377,#3378,
    #3379,#3380,#3381,#3382,#3383,#3384,#3385,#3386,#3387,#3388,#3389,
    #3390,#3391,#3392,#3393,#3394,#3395,#3396,#3397,#3398,#3399,#3400,
    #3401,#3402,#3403,#3404,#3405,#3406,#3407,#3408,#3409,#3410,#3411,
    #3412,#3413,#3414,#3415,#3416,#3417,#3418,#3419,#3420,#3421,#3422,
    #3423,#3424,#3425,#3426,#3427,#3428,#3429,#3430,#3431,#3432,#3433,
    #3434,#3435,#3436,#3437,#3438,#3439,#3440,#3441,#3442,#3443,#3444,
    #3445,#3446,#3447,#3448,#3449,#3450,#3451,#3452,#3453,#3454,#3455,
    #3456,#3457,#3458,#3459,#3460,#3461,#3462,#3463,#3464,#3465,#3466,
    #3467,#3468,#3469,#3470,#3471),.UNSPECIFIED.,.F.,.F.,(8,6,6,6,6,6,6,
    6,6,6,6,6,6,6,6,6,8),(0.,2.660431298379E-04,0.116650801532,
    0.140805835934,0.181826404443,0.226847243165,0.289448086141,
    0.383449806017,0.502616126917,0.564742319127,0.621528184568,
    0.746343208055,0.790560380493,0.86015872383,0.884148289421,
    0.999735779341,1.),.UNSPECIFIED.);
#3374 = CARTESIAN_POINT('',(-47.18070330817,-1.,62.));
#3375 = CARTESIAN_POINT('',(-47.18070330817,-1.,61.999122498484));
#3376 = CARTESIAN_POINT('',(-47.18070327689,-1.000000224586,
    61.998244996969));
#3377 = CARTESIAN_POINT('',(-47.18070321434,-1.000000673758,
    61.997367495491));
#3378 = CARTESIAN_POINT('',(-47.18070312051,-1.000001347516,
    61.996489994087));
#3379 = CARTESIAN_POINT('',(-47.1807029954,-1.000002245859,
    61.995612492797));
#3380 = CARTESIAN_POINT('',(-47.18070283902,-1.000003368789,
    61.994734991656));
#3381 = CARTESIAN_POINT('',(-47.18062055704,-1.000594208422,
    61.609980874451));
#3382 = CARTESIAN_POINT('',(-47.17455348047,-1.044164897719,
    61.22566077843));
#3383 = CARTESIAN_POINT('',(-47.16245302301,-1.130917218958,
    60.844158412609));
#3384 = CARTESIAN_POINT('',(-47.14254234385,-1.261769585092,
    60.469072793832));
#3385 = CARTESIAN_POINT('',(-47.11122858201,-1.43804892764,
    60.10489135796));
#3386 = CARTESIAN_POINT('',(-47.06271825992,-1.661073319694,
    59.757422755746));
#3387 = CARTESIAN_POINT('',(-46.97249981851,-1.987494471919,
    59.367043517497));
#3388 = CARTESIAN_POINT('',(-46.95587781758,-2.04558833645,
    59.301044996691));
#3389 = CARTESIAN_POINT('',(-46.93807275148,-2.105635618828,
    59.236250687753));
#3390 = CARTESIAN_POINT('',(-46.91901543739,-2.167592970538,
    59.172762180525));
#3391 = CARTESIAN_POINT('',(-46.89863509698,-2.231411489133,
    59.110675749036));
#3392 = CARTESIAN_POINT('',(-46.87685974048,-2.297037138488,
    59.050082420493));
#3393 = CARTESIAN_POINT('',(-46.81414449512,-2.478827111902,
    58.890848635696));
#3394 = CARTESIAN_POINT('',(-46.77039337833,-2.598419037168,
    58.795065951302));
#3395 = CARTESIAN_POINT('',(-46.72209735773,-2.722602862924,
    58.704436526994));
#3396 = CARTESIAN_POINT('',(-46.66903444425,-2.850719633718,
    58.619519699446));
#3397 = CARTESIAN_POINT('',(-46.61104433826,-2.982054968225,
    58.540726329012));
#3398 = CARTESIAN_POINT('',(-46.54804626554,-3.115858506902,
    58.468327522623));
#3399 = CARTESIAN_POINT('',(-46.40543712185,-3.400082461888,
    58.33017620659));
#3400 = CARTESIAN_POINT('',(-46.32502205255,-3.550417972166,
    58.265970725595));
#3401 = CARTESIAN_POINT('',(-46.23889119904,-3.701341074098,
    58.20994471065));
#3402 = CARTESIAN_POINT('',(-46.1472670079,-3.851812622457,
    58.162011064033));
#3403 = CARTESIAN_POINT('',(-46.05053847466,-4.000798737506,
    58.121914123649));
#3404 = CARTESIAN_POINT('',(-45.94928483976,-4.147286399337,
    58.089245993348));
#3405 = CARTESIAN_POINT('',(-45.69831834699,-4.489156110461,
    58.027611807358));
#3406 = CARTESIAN_POINT('',(-45.54516926707,-4.681229216344,
    58.005084299721));
#3407 = CARTESIAN_POINT('',(-45.38564599015,-4.86573438732,
    57.994073113957));
#3408 = CARTESIAN_POINT('',(-45.22059566002,-5.042111229134,
    57.992924877859));
#3409 = CARTESIAN_POINT('',(-45.05090147952,-5.209961168292,
    58.000105349037));
#3410 = CARTESIAN_POINT('',(-44.87747879837,-5.369010232401,
    58.014182247024));
#3411 = CARTESIAN_POINT('',(-44.43671013479,-5.744466415136,
    58.063322280675));
#3412 = CARTESIAN_POINT('',(-44.16473132772,-5.950609789581,
    58.105498168186));
#3413 = CARTESIAN_POINT('',(-43.88683416912,-6.138068769303,
    58.156236988588));
#3414 = CARTESIAN_POINT('',(-43.60407567654,-6.307604743172,
    58.212274404285));
#3415 = CARTESIAN_POINT('',(-43.31706338906,-6.460022919207,
    58.270910043038));
#3416 = CARTESIAN_POINT('',(-43.02598236239,-6.59602586758,
    58.329799675024));
#3417 = CARTESIAN_POINT('',(-42.35630029795,-6.868309112313,
    58.459122083845));
#3418 = CARTESIAN_POINT('',(-41.97363858196,-6.99552309637,
    58.528711705634));
#3419 = CARTESIAN_POINT('',(-41.58511688036,-7.097187008057,
    58.590684178882));
#3420 = CARTESIAN_POINT('',(-41.19262212409,-7.173358046322,
    58.640669388364));
#3421 = CARTESIAN_POINT('',(-40.79728582028,-7.224301507527,
    58.675327106499));
#3422 = CARTESIAN_POINT('',(-40.39962176684,-7.25,58.692810861169));
#3423 = CARTESIAN_POINT('',(-39.79166111271,-7.25,58.692810861169));
#3424 = CARTESIAN_POINT('',(-39.58344018725,-7.243015296522,
    58.688058921834));
#3425 = CARTESIAN_POINT('',(-39.37552557136,-7.229059997446,
    58.678564608788));
#3426 = CARTESIAN_POINT('',(-39.16811675954,-7.208144108498,
    58.66447074279));
#3427 = CARTESIAN_POINT('',(-38.96144420327,-7.180276641422,
    58.646053809891));
#3428 = CARTESIAN_POINT('',(-38.7557889804,-7.145481586457,
    58.62371395865));
#3429 = CARTESIAN_POINT('',(-38.36477601372,-7.065752534253,
    58.574409469081));
#3430 = CARTESIAN_POINT('',(-38.1791335753,-7.021935116694,
    58.547999676648));
#3431 = CARTESIAN_POINT('',(-37.99461529995,-6.972372870242,
    58.5190786159));
#3432 = CARTESIAN_POINT('',(-37.81128244682,-6.917046014971,
    58.488045240419));
#3433 = CARTESIAN_POINT('',(-37.62921757502,-6.855920817584,
    58.455338508408));
#3434 = CARTESIAN_POINT('',(-37.44852487622,-6.788953791802,
    58.421431842525));
#3435 = CARTESIAN_POINT('',(-36.87546225837,-6.555954645928,
    58.310767630237));
#3436 = CARTESIAN_POINT('',(-36.48082416722,-6.364096597963,
    58.22979230519));
#3437 = CARTESIAN_POINT('',(-36.08954449583,-6.138838336293,
    58.149439772209));
#3438 = CARTESIAN_POINT('',(-35.70611863425,-5.879097504631,
    58.077043065186));
#3439 = CARTESIAN_POINT('',(-35.33555981354,-5.584674139944,
    58.021325277558));
#3440 = CARTESIAN_POINT('',(-34.9833173559,-5.256602922325,
    57.992160029178));
#3441 = CARTESIAN_POINT('',(-34.53839292399,-4.771061367504,
    58.0045363387));
#3442 = CARTESIAN_POINT('',(-34.42436386207,-4.639553140425,
    58.012598092323));
#3443 = CARTESIAN_POINT('',(-34.31329354641,-4.503951604332,
    58.026090676461));
#3444 = CARTESIAN_POINT('',(-34.20569444528,-4.364699742287,
    58.045600536315));
#3445 = CARTESIAN_POINT('',(-34.101997368,-4.222283334769,
    58.071691010977));
#3446 = CARTESIAN_POINT('',(-34.0025572577,-4.077232760995,
    58.104899380774));
#3447 = CARTESIAN_POINT('',(-33.75828799836,-3.698575160214,
    58.210007945493));
#3448 = CARTESIAN_POINT('',(-33.62059135569,-3.462582668954,
    58.292994308568));
#3449 = CARTESIAN_POINT('',(-33.49682897652,-3.226419743307,
    58.395941398776));
#3450 = CARTESIAN_POINT('',(-33.38796571438,-2.99444790884,
    58.519016438564));
#3451 = CARTESIAN_POINT('',(-33.29391327292,-2.770954412973,
    58.661148050056));
#3452 = CARTESIAN_POINT('',(-33.21381641296,-2.559876188723,
    58.819855989543));
#3453 = CARTESIAN_POINT('',(-33.12314025951,-2.297037138488,
    59.050082420493));
#3454 = CARTESIAN_POINT('',(-33.10136490301,-2.231411489133,
    59.110675749036));
#3455 = CARTESIAN_POINT('',(-33.08098456261,-2.167592970538,
    59.172762180525));
#3456 = CARTESIAN_POINT('',(-33.06192724852,-2.105635618829,
    59.236250687753));
#3457 = CARTESIAN_POINT('',(-33.04412218241,-2.04558833645,
    59.301044996691));
#3458 = CARTESIAN_POINT('',(-33.02750018148,-1.987494471919,
    59.367043517497));
#3459 = CARTESIAN_POINT('',(-32.93728174007,-1.661073319693,
    59.757422755747));
#3460 = CARTESIAN_POINT('',(-32.88877141798,-1.438048927641,
    60.104891357958));
#3461 = CARTESIAN_POINT('',(-32.85745765613,-1.26176958509,
    60.469072793834));
#3462 = CARTESIAN_POINT('',(-32.83754697699,-1.13091721896,
    60.844158412607));
#3463 = CARTESIAN_POINT('',(-32.82544651952,-1.044164897719,
    61.225660778432));
#3464 = CARTESIAN_POINT('',(-32.81937944295,-1.000594208422,
    61.60998087445));
#3465 = CARTESIAN_POINT('',(-32.81929716097,-1.000003368789,
    61.994734991656));
#3466 = CARTESIAN_POINT('',(-32.81929700459,-1.000002245859,
    61.995612492797));
#3467 = CARTESIAN_POINT('',(-32.81929687948,-1.000001347516,
    61.996489994087));
#3468 = CARTESIAN_POINT('',(-32.81929678565,-1.000000673758,
    61.997367495491));
#3469 = CARTESIAN_POINT('',(-32.8192967231,-1.000000224586,
    61.998244996969));
#3470 = CARTESIAN_POINT('',(-32.81929669182,-1.,61.999122498484));
#3471 = CARTESIAN_POINT('',(-32.81929669182,-1.,62.));
#3472 = PCURVE('',#1593,#3473);
#3473 = DEFINITIONAL_REPRESENTATION('',(#3474),#3573);
#3474 = B_SPLINE_CURVE_WITH_KNOTS('',7,(#3475,#3476,#3477,#3478,#3479,
    #3480,#3481,#3482,#3483,#3484,#3485,#3486,#3487,#3488,#3489,#3490,
    #3491,#3492,#3493,#3494,#3495,#3496,#3497,#3498,#3499,#3500,#3501,
    #3502,#3503,#3504,#3505,#3506,#3507,#3508,#3509,#3510,#3511,#3512,
    #3513,#3514,#3515,#3516,#3517,#3518,#3519,#3520,#3521,#3522,#3523,
    #3524,#3525,#3526,#3527,#3528,#3529,#3530,#3531,#3532,#3533,#3534,
    #3535,#3536,#3537,#3538,#3539,#3540,#3541,#3542,#3543,#3544,#3545,
    #3546,#3547,#3548,#3549,#3550,#3551,#3552,#3553,#3554,#3555,#3556,
    #3557,#3558,#3559,#3560,#3561,#3562,#3563,#3564,#3565,#3566,#3567,
    #3568,#3569,#3570,#3571,#3572),.UNSPECIFIED.,.F.,.F.,(8,6,6,6,6,6,6,
    6,6,6,6,6,6,6,6,6,8),(0.,2.660431298379E-04,0.116650801532,
    0.140805835934,0.181826404443,0.226847243165,0.289448086141,
    0.383449806017,0.502616126917,0.564742319127,0.621528184568,
    0.746343208055,0.790560380493,0.86015872383,0.884148289421,
    0.999735779341,1.),.UNSPECIFIED.);
#3475 = CARTESIAN_POINT('',(3.279964830975,-29.));
#3476 = CARTESIAN_POINT('',(3.279964830975,-29.00087750151));
#3477 = CARTESIAN_POINT('',(3.279964862251,-29.00175500303));
#3478 = CARTESIAN_POINT('',(3.279964924804,-29.0026325045));
#3479 = CARTESIAN_POINT('',(3.279965018633,-29.00351000591));
#3480 = CARTESIAN_POINT('',(3.279965143738,-29.0043875072));
#3481 = CARTESIAN_POINT('',(3.27996530012,-29.00526500834));
#3482 = CARTESIAN_POINT('',(3.28004758171,-29.39001912554));
#3483 = CARTESIAN_POINT('',(3.28611522744,-29.77433922157));
#3484 = CARTESIAN_POINT('',(3.298197358353,-30.15584158739));
#3485 = CARTESIAN_POINT('',(3.316451052364,-30.53092720616));
#3486 = CARTESIAN_POINT('',(3.341131483904,-30.89510864204));
#3487 = CARTESIAN_POINT('',(3.37256439388,-31.24257724425));
#3488 = CARTESIAN_POINT('',(3.419276024381,-31.6329564825));
#3489 = CARTESIAN_POINT('',(3.427610176457,-31.6989550033));
#3490 = CARTESIAN_POINT('',(3.436248344985,-31.76374931224));
#3491 = CARTESIAN_POINT('',(3.445188444443,-31.82723781947));
#3492 = CARTESIAN_POINT('',(3.454428049422,-31.88932425096));
#3493 = CARTESIAN_POINT('',(3.463964485533,-31.9499175795));
#3494 = CARTESIAN_POINT('',(3.490489163719,-32.1091513643));
#3495 = CARTESIAN_POINT('',(3.50805085038,-32.20493404869));
#3496 = CARTESIAN_POINT('',(3.526423134514,-32.295563473));
#3497 = CARTESIAN_POINT('',(3.545541532813,-32.38048030055));
#3498 = CARTESIAN_POINT('',(3.565335097358,-32.45927367098));
#3499 = CARTESIAN_POINT('',(3.585727588527,-32.53167247737));
#3500 = CARTESIAN_POINT('',(3.629588925422,-32.66982379341));
#3501 = CARTESIAN_POINT('',(3.653097057737,-32.7340292744));
#3502 = CARTESIAN_POINT('',(3.67705066214,-32.79005528935));
#3503 = CARTESIAN_POINT('',(3.701332398255,-32.83798893596));
#3504 = CARTESIAN_POINT('',(3.725817163987,-32.87808587635));
#3505 = CARTESIAN_POINT('',(3.750369291487,-32.91075400665));
#3506 = CARTESIAN_POINT('',(3.808865561865,-32.97238819264));
#3507 = CARTESIAN_POINT('',(3.842722158351,-32.99491570027));
#3508 = CARTESIAN_POINT('',(3.876321979759,-33.00592688604));
#3509 = CARTESIAN_POINT('',(3.909594844308,-33.00707512214));
#3510 = CARTESIAN_POINT('',(3.942478838046,-32.99989465096));
#3511 = CARTESIAN_POINT('',(3.974913950057,-32.98581775297));
#3512 = CARTESIAN_POINT('',(4.05477641923,-32.93667771932));
#3513 = CARTESIAN_POINT('',(4.101772180203,-32.89450183181));
#3514 = CARTESIAN_POINT('',(4.147898252661,-32.84376301141));
#3515 = CARTESIAN_POINT('',(4.193259489371,-32.78772559571));
#3516 = CARTESIAN_POINT('',(4.237989269837,-32.72908995696));
#3517 = CARTESIAN_POINT('',(4.28224716653,-32.67020032497));
#3518 = CARTESIAN_POINT('',(4.38196016565,-32.54087791615));
#3519 = CARTESIAN_POINT('',(4.437463096527,-32.47128829436));
#3520 = CARTESIAN_POINT('',(4.492670241204,-32.40931582111));
#3521 = CARTESIAN_POINT('',(4.547615791664,-32.35933061163));
#3522 = CARTESIAN_POINT('',(4.602418534153,-32.3246728935));
#3523 = CARTESIAN_POINT('',(4.657268736682,-32.30718913883));
#3524 = CARTESIAN_POINT('',(4.741125378631,-32.30718913883));
#3525 = CARTESIAN_POINT('',(4.769845500567,-32.31194107816));
#3526 = CARTESIAN_POINT('',(4.798562157602,-32.32143539121));
#3527 = CARTESIAN_POINT('',(4.82728632112,-32.33552925721));
#3528 = CARTESIAN_POINT('',(4.856024960775,-32.3539461901));
#3529 = CARTESIAN_POINT('',(4.884778146717,-32.37628604135));
#3530 = CARTESIAN_POINT('',(4.939820728763,-32.42559053091));
#3531 = CARTESIAN_POINT('',(4.966117834958,-32.45200032335));
#3532 = CARTESIAN_POINT('',(4.992450959452,-32.4809213841));
#3533 = CARTESIAN_POINT('',(5.018842199526,-32.51195475958));
#3534 = CARTESIAN_POINT('',(5.045311820455,-32.54466149159));
#3535 = CARTESIAN_POINT('',(5.071878551363,-32.57856815747));
#3536 = CARTESIAN_POINT('',(5.1572052987,-32.68923236976));
#3537 = CARTESIAN_POINT('',(5.217596857681,-32.77020769481));
#3538 = CARTESIAN_POINT('',(5.279623558069,-32.85056022779));
#3539 = CARTESIAN_POINT('',(5.343186332383,-32.92295693481));
#3540 = CARTESIAN_POINT('',(5.408150908898,-32.97867472244));
#3541 = CARTESIAN_POINT('',(5.474337266918,-33.00783997082));
#3542 = CARTESIAN_POINT('',(5.565173870201,-32.9954636613));
#3543 = CARTESIAN_POINT('',(5.58917316427,-32.98740190767));
#3544 = CARTESIAN_POINT('',(5.613334931862,-32.97390932353));
#3545 = CARTESIAN_POINT('',(5.637590229727,-32.95439946368));
#3546 = CARTESIAN_POINT('',(5.661873693975,-32.92830898902));
#3547 = CARTESIAN_POINT('',(5.686121210845,-32.89510061922));
#3548 = CARTESIAN_POINT('',(5.748274264949,-32.7899920545));
#3549 = CARTESIAN_POINT('',(5.785923051148,-32.70700569143));
#3550 = CARTESIAN_POINT('',(5.822639159133,-32.60405860122));
#3551 = CARTESIAN_POINT('',(5.857927715047,-32.48098356143));
#3552 = CARTESIAN_POINT('',(5.891337601602,-32.33885194994));
#3553 = CARTESIAN_POINT('',(5.922463058592,-32.18014401045));
#3554 = CARTESIAN_POINT('',(5.960813475236,-31.9499175795));
#3555 = CARTESIAN_POINT('',(5.970349911347,-31.88932425096));
#3556 = CARTESIAN_POINT('',(5.979589516326,-31.82723781947));
#3557 = CARTESIAN_POINT('',(5.988529615785,-31.76374931224));
#3558 = CARTESIAN_POINT('',(5.997167784313,-31.6989550033));
#3559 = CARTESIAN_POINT('',(6.005501936388,-31.6329564825));
#3560 = CARTESIAN_POINT('',(6.05221356689,-31.24257724425));
#3561 = CARTESIAN_POINT('',(6.083646476865,-30.89510864204));
#3562 = CARTESIAN_POINT('',(6.108326908405,-30.53092720616));
#3563 = CARTESIAN_POINT('',(6.126580602416,-30.15584158739));
#3564 = CARTESIAN_POINT('',(6.13866273333,-29.77433922156));
#3565 = CARTESIAN_POINT('',(6.14473037906,-29.39001912555));
#3566 = CARTESIAN_POINT('',(6.14481266065,-29.00526500834));
#3567 = CARTESIAN_POINT('',(6.144812817031,-29.0043875072));
#3568 = CARTESIAN_POINT('',(6.144812942137,-29.00351000591));
#3569 = CARTESIAN_POINT('',(6.144813035966,-29.0026325045));
#3570 = CARTESIAN_POINT('',(6.144813098518,-29.00175500303));
#3571 = CARTESIAN_POINT('',(6.144813129794,-29.00087750151));
#3572 = CARTESIAN_POINT('',(6.144813129794,-29.));
#3573 = ( GEOMETRIC_REPRESENTATION_CONTEXT(2) 
PARAMETRIC_REPRESENTATION_CONTEXT() REPRESENTATION_CONTEXT('2D SPACE',''
  ) );
#3574 = PCURVE('',#3268,#3575);
#3575 = DEFINITIONAL_REPRESENTATION('',(#3576),#3675);
#3576 = B_SPLINE_CURVE_WITH_KNOTS('',7,(#3577,#3578,#3579,#3580,#3581,
    #3582,#3583,#3584,#3585,#3586,#3587,#3588,#3589,#3590,#3591,#3592,
    #3593,#3594,#3595,#3596,#3597,#3598,#3599,#3600,#3601,#3602,#3603,
    #3604,#3605,#3606,#3607,#3608,#3609,#3610,#3611,#3612,#3613,#3614,
    #3615,#3616,#3617,#3618,#3619,#3620,#3621,#3622,#3623,#3624,#3625,
    #3626,#3627,#3628,#3629,#3630,#3631,#3632,#3633,#3634,#3635,#3636,
    #3637,#3638,#3639,#3640,#3641,#3642,#3643,#3644,#3645,#3646,#3647,
    #3648,#3649,#3650,#3651,#3652,#3653,#3654,#3655,#3656,#3657,#3658,
    #3659,#3660,#3661,#3662,#3663,#3664,#3665,#3666,#3667,#3668,#3669,
    #3670,#3671,#3672,#3673,#3674),.UNSPECIFIED.,.F.,.F.,(8,6,6,6,6,6,6,
    6,6,6,6,6,6,6,6,6,8),(0.,2.660431298379E-04,0.116650801532,
    0.140805835934,0.181826404443,0.226847243165,0.289448086141,
    0.383449806017,0.502616126917,0.564742319127,0.621528184568,
    0.746343208055,0.790560380493,0.86015872383,0.884148289421,
    0.999735779341,1.),.UNSPECIFIED.);
#3577 = CARTESIAN_POINT('',(-6.28318530718,-8.819296691827));
#3578 = CARTESIAN_POINT('',(-6.282965931801,-8.819296691827));
#3579 = CARTESIAN_POINT('',(-6.282746556422,-8.819296723104));
#3580 = CARTESIAN_POINT('',(-6.282527181035,-8.819296785656));
#3581 = CARTESIAN_POINT('',(-6.282307805632,-8.819296879485));
#3582 = CARTESIAN_POINT('',(-6.282088430206,-8.819297004591));
#3583 = CARTESIAN_POINT('',(-6.281869054749,-8.819297160973));
#3584 = CARTESIAN_POINT('',(-6.185680412034,-8.819379442951));
#3585 = CARTESIAN_POINT('',(-6.089583753059,-8.825446519531));
#3586 = CARTESIAN_POINT('',(-5.992731414005,-8.837546976986));
#3587 = CARTESIAN_POINT('',(-5.894561161767,-8.857457656147));
#3588 = CARTESIAN_POINT('',(-5.794536393355,-8.888771417983));
#3589 = CARTESIAN_POINT('',(-5.692130479874,-8.937281740077));
#3590 = CARTESIAN_POINT('',(-5.564913460996,-9.027500181487));
#3591 = CARTESIAN_POINT('',(-5.542939437893,-9.044122182413));
#3592 = CARTESIAN_POINT('',(-5.520866027408,-9.06192724852));
#3593 = CARTESIAN_POINT('',(-5.498701833746,-9.08098456261));
#3594 = CARTESIAN_POINT('',(-5.476454757413,-9.101364903011));
#3595 = CARTESIAN_POINT('',(-5.454132117402,-9.123140259517));
#3596 = CARTESIAN_POINT('',(-5.393715339592,-9.185855504874));
#3597 = CARTESIAN_POINT('',(-5.355447488235,-9.22960662167));
#3598 = CARTESIAN_POINT('',(-5.317074770151,-9.277902642264));
#3599 = CARTESIAN_POINT('',(-5.278718934739,-9.330965555741));
#3600 = CARTESIAN_POINT('',(-5.24049037629,-9.388955661735));
#3601 = CARTESIAN_POINT('',(-5.202492580315,-9.451953734456));
#3602 = CARTESIAN_POINT('',(-5.123487421184,-9.594562878142));
#3603 = CARTESIAN_POINT('',(-5.082668287109,-9.674977947447));
#3604 = CARTESIAN_POINT('',(-5.04249496528,-9.761108800958));
#3605 = CARTESIAN_POINT('',(-5.00309028631,-9.852732992092));
#3606 = CARTESIAN_POINT('',(-4.964578239244,-9.949461525338));
#3607 = CARTESIAN_POINT('',(-4.927088096996,-10.05071516023));
#3608 = CARTESIAN_POINT('',(-4.840242806297,-10.301681653));
#3609 = CARTESIAN_POINT('',(-4.79198706495,-10.45483073292));
#3610 = CARTESIAN_POINT('',(-4.745893896377,-10.61435400984));
#3611 = CARTESIAN_POINT('',(-4.701901049573,-10.77940433997));
#3612 = CARTESIAN_POINT('',(-4.659972162812,-10.94909852047));
#3613 = CARTESIAN_POINT('',(-4.620089376313,-11.12252120162));
#3614 = CARTESIAN_POINT('',(-4.525424807947,-11.5632898652));
#3615 = CARTESIAN_POINT('',(-4.47295608138,-11.83526867228));
#3616 = CARTESIAN_POINT('',(-4.424543207438,-12.11316583087));
#3617 = CARTESIAN_POINT('',(-4.380004773847,-12.39592432346));
#3618 = CARTESIAN_POINT('',(-4.339237479534,-12.68293661093));
#3619 = CARTESIAN_POINT('',(-4.302208193414,-12.9740176376));
#3620 = CARTESIAN_POINT('',(-4.226849695724,-13.64369970204));
#3621 = CARTESIAN_POINT('',(-4.190657909621,-14.02636141803));
#3622 = CARTESIAN_POINT('',(-4.160930841554,-14.41488311963));
#3623 = CARTESIAN_POINT('',(-4.138156697614,-14.8073778759));
#3624 = CARTESIAN_POINT('',(-4.122753094688,-15.20271417971));
#3625 = CARTESIAN_POINT('',(-4.114982563739,-15.60037823315));
#3626 = CARTESIAN_POINT('',(-4.114982563739,-16.20833888728));
#3627 = CARTESIAN_POINT('',(-4.117094528557,-16.41655981274));
#3628 = CARTESIAN_POINT('',(-4.121314251369,-16.62447442863));
#3629 = CARTESIAN_POINT('',(-4.127619459728,-16.83188324045));
#3630 = CARTESIAN_POINT('',(-4.135969530173,-17.03855579672));
#3631 = CARTESIAN_POINT('',(-4.146305363436,-17.24421101959));
#3632 = CARTESIAN_POINT('',(-4.16974098597,-17.63522398627));
#3633 = CARTESIAN_POINT('',(-4.182530376023,-17.82086642469));
#3634 = CARTESIAN_POINT('',(-4.196873812743,-18.00538470004));
#3635 = CARTESIAN_POINT('',(-4.21272820164,-18.18871755318));
#3636 = CARTESIAN_POINT('',(-4.230053065492,-18.37078242498));
#3637 = CARTESIAN_POINT('',(-4.248812478426,-18.55147512377));
#3638 = CARTESIAN_POINT('',(-4.313298508822,-19.12453774162));
#3639 = CARTESIAN_POINT('',(-4.365309201915,-19.51917583277));
#3640 = CARTESIAN_POINT('',(-4.42494031926,-19.91045550416));
#3641 = CARTESIAN_POINT('',(-4.492004096136,-20.29388136574));
#3642 = CARTESIAN_POINT('',(-4.566406117952,-20.66444018645));
#3643 = CARTESIAN_POINT('',(-4.648211894743,-21.01668264409));
#3644 = CARTESIAN_POINT('',(-4.769636710601,-21.461607076));
#3645 = CARTESIAN_POINT('',(-4.802554440918,-21.57563613792));
#3646 = CARTESIAN_POINT('',(-4.836582118591,-21.68670645358));
#3647 = CARTESIAN_POINT('',(-4.871682238361,-21.79430555471));
#3648 = CARTESIAN_POINT('',(-4.907824548889,-21.89800263199));
#3649 = CARTESIAN_POINT('',(-4.944986575501,-21.99744274229));
#3650 = CARTESIAN_POINT('',(-5.04323033771,-22.24171200163));
#3651 = CARTESIAN_POINT('',(-5.105627904133,-22.3794086443));
#3652 = CARTESIAN_POINT('',(-5.169755873298,-22.50317102347));
#3653 = CARTESIAN_POINT('',(-5.235050841765,-22.61203428562));
#3654 = CARTESIAN_POINT('',(-5.300941196953,-22.70608672707));
#3655 = CARTESIAN_POINT('',(-5.366779178185,-22.78618358703));
#3656 = CARTESIAN_POINT('',(-5.454132117402,-22.87685974048));
#3657 = CARTESIAN_POINT('',(-5.476454757413,-22.89863509698));
#3658 = CARTESIAN_POINT('',(-5.498701833746,-22.91901543739));
#3659 = CARTESIAN_POINT('',(-5.520866027408,-22.93807275148));
#3660 = CARTESIAN_POINT('',(-5.542939437893,-22.95587781758));
#3661 = CARTESIAN_POINT('',(-5.564913460996,-22.97249981851));
#3662 = CARTESIAN_POINT('',(-5.692130479874,-23.06271825992));
#3663 = CARTESIAN_POINT('',(-5.794536393355,-23.11122858201));
#3664 = CARTESIAN_POINT('',(-5.894561161768,-23.14254234385));
#3665 = CARTESIAN_POINT('',(-5.992731414004,-23.16245302301));
#3666 = CARTESIAN_POINT('',(-6.089583753059,-23.17455348047));
#3667 = CARTESIAN_POINT('',(-6.185680412034,-23.18062055704));
#3668 = CARTESIAN_POINT('',(-6.281869054749,-23.18070283902));
#3669 = CARTESIAN_POINT('',(-6.282088430206,-23.1807029954));
#3670 = CARTESIAN_POINT('',(-6.282307805632,-23.18070312051));
#3671 = CARTESIAN_POINT('',(-6.282527181035,-23.18070321434));
#3672 = CARTESIAN_POINT('',(-6.282746556422,-23.18070327689));
#3673 = CARTESIAN_POINT('',(-6.282965931801,-23.18070330817));
#3674 = CARTESIAN_POINT('',(-6.28318530718,-23.18070330817));
#3675 = ( GEOMETRIC_REPRESENTATION_CONTEXT(2) 
PARAMETRIC_REPRESENTATION_CONTEXT() REPRESENTATION_CONTEXT('2D SPACE',''
  ) );
#3676 = ORIENTED_EDGE('',*,*,#3677,.T.);
#3677 = EDGE_CURVE('',#3370,#2588,#3678,.T.);
#3678 = SURFACE_CURVE('',#3679,(#3684,#3691),.PCURVE_S1.);
#3679 = CIRCLE('',#3680,7.25);
#3680 = AXIS2_PLACEMENT_3D('',#3681,#3682,#3683);
#3681 = CARTESIAN_POINT('',(-40.,0.,58.));
#3682 = DIRECTION('',(0.,0.,1.));
#3683 = DIRECTION('',(1.,0.,0.));
#3684 = PCURVE('',#1593,#3685);
#3685 = DEFINITIONAL_REPRESENTATION('',(#3686),#3690);
#3686 = LINE('',#3687,#3688);
#3687 = CARTESIAN_POINT('',(0.,-33.));
#3688 = VECTOR('',#3689,1.);
#3689 = DIRECTION('',(1.,0.));
#3690 = ( GEOMETRIC_REPRESENTATION_CONTEXT(2) 
PARAMETRIC_REPRESENTATION_CONTEXT() REPRESENTATION_CONTEXT('2D SPACE',''
  ) );
#3691 = PCURVE('',#1678,#3692);
#3692 = DEFINITIONAL_REPRESENTATION('',(#3693),#3697);
#3693 = CIRCLE('',#3694,7.25);
#3694 = AXIS2_PLACEMENT_2D('',#3695,#3696);
#3695 = CARTESIAN_POINT('',(0.,-4.584934185037E-16));
#3696 = DIRECTION('',(1.,0.));
#3697 = ( GEOMETRIC_REPRESENTATION_CONTEXT(2) 
PARAMETRIC_REPRESENTATION_CONTEXT() REPRESENTATION_CONTEXT('2D SPACE',''
  ) );
#3698 = ADVANCED_FACE('',(#3699,#3781),#1678,.T.);
#3699 = FACE_BOUND('',#3700,.T.);
#3700 = EDGE_LOOP('',(#3701,#3730,#3731,#3732,#3733,#3754));
#3701 = ORIENTED_EDGE('',*,*,#3702,.T.);
#3702 = EDGE_CURVE('',#3703,#3370,#3705,.T.);
#3703 = VERTEX_POINT('',#3704);
#3704 = CARTESIAN_POINT('',(-45.25,-5.,58.));
#3705 = SURFACE_CURVE('',#3706,(#3711,#3718),.PCURVE_S1.);
#3706 = CIRCLE('',#3707,7.25);
#3707 = AXIS2_PLACEMENT_3D('',#3708,#3709,#3710);
#3708 = CARTESIAN_POINT('',(-40.,0.,58.));
#3709 = DIRECTION('',(0.,0.,1.));
#3710 = DIRECTION('',(1.,0.,0.));
#3711 = PCURVE('',#1678,#3712);
#3712 = DEFINITIONAL_REPRESENTATION('',(#3713),#3717);
#3713 = CIRCLE('',#3714,7.25);
#3714 = AXIS2_PLACEMENT_2D('',#3715,#3716);
#3715 = CARTESIAN_POINT('',(0.,-4.584934185037E-16));
#3716 = DIRECTION('',(1.,0.));
#3717 = ( GEOMETRIC_REPRESENTATION_CONTEXT(2) 
PARAMETRIC_REPRESENTATION_CONTEXT() REPRESENTATION_CONTEXT('2D SPACE',''
  ) );
#3718 = PCURVE('',#3719,#3724);
#3719 = CYLINDRICAL_SURFACE('',#3720,7.25);
#3720 = AXIS2_PLACEMENT_3D('',#3721,#3722,#3723);
#3721 = CARTESIAN_POINT('',(-40.,0.,91.));
#3722 = DIRECTION('',(0.,0.,1.));
#3723 = DIRECTION('',(1.,0.,0.));
#3724 = DEFINITIONAL_REPRESENTATION('',(#3725),#3729);
#3725 = LINE('',#3726,#3727);
#3726 = CARTESIAN_POINT('',(0.,-33.));
#3727 = VECTOR('',#3728,1.);
#3728 = DIRECTION('',(1.,0.));
#3729 = ( GEOMETRIC_REPRESENTATION_CONTEXT(2) 
PARAMETRIC_REPRESENTATION_CONTEXT() REPRESENTATION_CONTEXT('2D SPACE',''
  ) );
#3730 = ORIENTED_EDGE('',*,*,#3677,.T.);
#3731 = ORIENTED_EDGE('',*,*,#3029,.T.);
#3732 = ORIENTED_EDGE('',*,*,#1663,.F.);
#3733 = ORIENTED_EDGE('',*,*,#3734,.F.);
#3734 = EDGE_CURVE('',#3735,#1635,#3737,.T.);
#3735 = VERTEX_POINT('',#3736);
#3736 = CARTESIAN_POINT('',(-46.,-4.069705149025,58.));
#3737 = SURFACE_CURVE('',#3738,(#3742,#3748),.PCURVE_S1.);
#3738 = LINE('',#3739,#3740);
#3739 = CARTESIAN_POINT('',(-46.,-2.5,58.));
#3740 = VECTOR('',#3741,1.);
#3741 = DIRECTION('',(0.,1.,0.));
#3742 = PCURVE('',#1678,#3743);
#3743 = DEFINITIONAL_REPRESENTATION('',(#3744),#3747);
#3744 = B_SPLINE_CURVE_WITH_KNOTS('',1,(#3745,#3746),.UNSPECIFIED.,.F.,
  .F.,(2,2),(-4.75,1.8),.PIECEWISE_BEZIER_KNOTS.);
#3745 = CARTESIAN_POINT('',(-6.,-7.25));
#3746 = CARTESIAN_POINT('',(-6.,-0.7));
#3747 = ( GEOMETRIC_REPRESENTATION_CONTEXT(2) 
PARAMETRIC_REPRESENTATION_CONTEXT() REPRESENTATION_CONTEXT('2D SPACE',''
  ) );
#3748 = PCURVE('',#1651,#3749);
#3749 = DEFINITIONAL_REPRESENTATION('',(#3750),#3753);
#3750 = B_SPLINE_CURVE_WITH_KNOTS('',1,(#3751,#3752),.UNSPECIFIED.,.F.,
  .F.,(2,2),(-4.75,1.8),.PIECEWISE_BEZIER_KNOTS.);
#3751 = CARTESIAN_POINT('',(-4.,2.25));
#3752 = CARTESIAN_POINT('',(-4.,-4.3));
#3753 = ( GEOMETRIC_REPRESENTATION_CONTEXT(2) 
PARAMETRIC_REPRESENTATION_CONTEXT() REPRESENTATION_CONTEXT('2D SPACE',''
  ) );
#3754 = ORIENTED_EDGE('',*,*,#3755,.T.);
#3755 = EDGE_CURVE('',#3735,#3703,#3756,.T.);
#3756 = SURFACE_CURVE('',#3757,(#3762,#3769),.PCURVE_S1.);
#3757 = CIRCLE('',#3758,7.25);
#3758 = AXIS2_PLACEMENT_3D('',#3759,#3760,#3761);
#3759 = CARTESIAN_POINT('',(-40.,0.,58.));
#3760 = DIRECTION('',(0.,0.,1.));
#3761 = DIRECTION('',(1.,0.,0.));
#3762 = PCURVE('',#1678,#3763);
#3763 = DEFINITIONAL_REPRESENTATION('',(#3764),#3768);
#3764 = CIRCLE('',#3765,7.25);
#3765 = AXIS2_PLACEMENT_2D('',#3766,#3767);
#3766 = CARTESIAN_POINT('',(0.,-4.584934185037E-16));
#3767 = DIRECTION('',(1.,0.));
#3768 = ( GEOMETRIC_REPRESENTATION_CONTEXT(2) 
PARAMETRIC_REPRESENTATION_CONTEXT() REPRESENTATION_CONTEXT('2D SPACE',''
  ) );
#3769 = PCURVE('',#3770,#3775);
#3770 = CYLINDRICAL_SURFACE('',#3771,7.25);
#3771 = AXIS2_PLACEMENT_3D('',#3772,#3773,#3774);
#3772 = CARTESIAN_POINT('',(-40.,0.,91.));
#3773 = DIRECTION('',(0.,0.,1.));
#3774 = DIRECTION('',(1.,0.,0.));
#3775 = DEFINITIONAL_REPRESENTATION('',(#3776),#3780);
#3776 = LINE('',#3777,#3778);
#3777 = CARTESIAN_POINT('',(0.,-33.));
#3778 = VECTOR('',#3779,1.);
#3779 = DIRECTION('',(1.,0.));
#3780 = ( GEOMETRIC_REPRESENTATION_CONTEXT(2) 
PARAMETRIC_REPRESENTATION_CONTEXT() REPRESENTATION_CONTEXT('2D SPACE',''
  ) );
#3781 = FACE_BOUND('',#3782,.T.);
#3782 = EDGE_LOOP('',(#3783));
#3783 = ORIENTED_EDGE('',*,*,#3784,.T.);
#3784 = EDGE_CURVE('',#3785,#3785,#3787,.T.);
#3785 = VERTEX_POINT('',#3786);
#3786 = CARTESIAN_POINT('',(-33.65,0.,58.));
#3787 = SURFACE_CURVE('',#3788,(#3793,#3804),.PCURVE_S1.);
#3788 = CIRCLE('',#3789,6.35);
#3789 = AXIS2_PLACEMENT_3D('',#3790,#3791,#3792);
#3790 = CARTESIAN_POINT('',(-40.,4.218847493576E-15,58.));
#3791 = DIRECTION('',(0.,0.,-1.));
#3792 = DIRECTION('',(1.,-9.093147918886E-16,0.));
#3793 = PCURVE('',#1678,#3794);
#3794 = DEFINITIONAL_REPRESENTATION('',(#3795),#3803);
#3795 = ( BOUNDED_CURVE() B_SPLINE_CURVE(2,(#3796,#3797,#3798,#3799,
#3800,#3801,#3802),.UNSPECIFIED.,.T.,.F.) B_SPLINE_CURVE_WITH_KNOTS((1,2
    ,2,2,2,1),(-2.094395102393,0.,2.094395102393,4.188790204786,
6.28318530718,8.377580409573),.UNSPECIFIED.) CURVE() 
GEOMETRIC_REPRESENTATION_ITEM() RATIONAL_B_SPLINE_CURVE((1.,0.5,1.,0.5,
1.,0.5,1.)) REPRESENTATION_ITEM('') );
#3796 = CARTESIAN_POINT('',(6.35,-2.013794853421E-15));
#3797 = CARTESIAN_POINT('',(6.35,-10.99852262806));
#3798 = CARTESIAN_POINT('',(-3.175,-5.499261314031));
#3799 = CARTESIAN_POINT('',(-12.7,1.375335049714E-14));
#3800 = CARTESIAN_POINT('',(-3.175,5.499261314031));
#3801 = CARTESIAN_POINT('',(6.35,10.998522628062));
#3802 = CARTESIAN_POINT('',(6.35,-2.013794853421E-15));
#3803 = ( GEOMETRIC_REPRESENTATION_CONTEXT(2) 
PARAMETRIC_REPRESENTATION_CONTEXT() REPRESENTATION_CONTEXT('2D SPACE',''
  ) );
#3804 = PCURVE('',#3805,#3810);
#3805 = CYLINDRICAL_SURFACE('',#3806,6.35);
#3806 = AXIS2_PLACEMENT_3D('',#3807,#3808,#3809);
#3807 = CARTESIAN_POINT('',(-40.,0.,91.));
#3808 = DIRECTION('',(0.,0.,1.));
#3809 = DIRECTION('',(1.,0.,0.));
#3810 = DEFINITIONAL_REPRESENTATION('',(#3811),#3815);
#3811 = LINE('',#3812,#3813);
#3812 = CARTESIAN_POINT('',(6.28318530718,-33.));
#3813 = VECTOR('',#3814,1.);
#3814 = DIRECTION('',(-1.,-0.));
#3815 = ( GEOMETRIC_REPRESENTATION_CONTEXT(2) 
PARAMETRIC_REPRESENTATION_CONTEXT() REPRESENTATION_CONTEXT('2D SPACE',''
  ) );
#3816 = ADVANCED_FACE('',(#3817),#1651,.F.);
#3817 = FACE_BOUND('',#3818,.F.);
#3818 = EDGE_LOOP('',(#3819,#3820,#3821,#3822,#3843));
#3819 = ORIENTED_EDGE('',*,*,#3053,.T.);
#3820 = ORIENTED_EDGE('',*,*,#1634,.T.);
#3821 = ORIENTED_EDGE('',*,*,#3734,.F.);
#3822 = ORIENTED_EDGE('',*,*,#3823,.T.);
#3823 = EDGE_CURVE('',#3735,#3824,#3826,.T.);
#3824 = VERTEX_POINT('',#3825);
#3825 = CARTESIAN_POINT('',(-46.,-4.069705184788,58.109684910107));
#3826 = SURFACE_CURVE('',#3827,(#3831,#3837),.PCURVE_S1.);
#3827 = LINE('',#3828,#3829);
#3828 = CARTESIAN_POINT('',(-46.,-4.069705149025,91.));
#3829 = VECTOR('',#3830,1.);
#3830 = DIRECTION('',(0.,0.,1.));
#3831 = PCURVE('',#1651,#3832);
#3832 = DEFINITIONAL_REPRESENTATION('',(#3833),#3836);
#3833 = B_SPLINE_CURVE_WITH_KNOTS('',1,(#3834,#3835),.UNSPECIFIED.,.F.,
  .F.,(2,2),(-33.00000060929,-23.84),.PIECEWISE_BEZIER_KNOTS.);
#3834 = CARTESIAN_POINT('',(-4.000000609295,-0.930294850975));
#3835 = CARTESIAN_POINT('',(5.16,-0.930294850975));
#3836 = ( GEOMETRIC_REPRESENTATION_CONTEXT(2) 
PARAMETRIC_REPRESENTATION_CONTEXT() REPRESENTATION_CONTEXT('2D SPACE',''
  ) );
#3837 = PCURVE('',#3770,#3838);
#3838 = DEFINITIONAL_REPRESENTATION('',(#3839),#3842);
#3839 = B_SPLINE_CURVE_WITH_KNOTS('',1,(#3840,#3841),.UNSPECIFIED.,.F.,
  .F.,(2,2),(-33.00000060929,-23.84),.PIECEWISE_BEZIER_KNOTS.);
#3840 = CARTESIAN_POINT('',(3.737595092777,-33.00000060929));
#3841 = CARTESIAN_POINT('',(3.737595092777,-23.84));
#3842 = ( GEOMETRIC_REPRESENTATION_CONTEXT(2) 
PARAMETRIC_REPRESENTATION_CONTEXT() REPRESENTATION_CONTEXT('2D SPACE',''
  ) );
#3843 = ORIENTED_EDGE('',*,*,#3844,.T.);
#3844 = EDGE_CURVE('',#3824,#3054,#3845,.T.);
#3845 = SURFACE_CURVE('',#3846,(#3851,#3862),.PCURVE_S1.);
#3846 = CIRCLE('',#3847,4.);
#3847 = AXIS2_PLACEMENT_3D('',#3848,#3849,#3850);
#3848 = CARTESIAN_POINT('',(-46.,-5.,62.));
#3849 = DIRECTION('',(-1.,0.,0.));
#3850 = DIRECTION('',(0.,1.,0.));
#3851 = PCURVE('',#1651,#3852);
#3852 = DEFINITIONAL_REPRESENTATION('',(#3853),#3861);
#3853 = ( BOUNDED_CURVE() B_SPLINE_CURVE(2,(#3854,#3855,#3856,#3857,
#3858,#3859,#3860),.UNSPECIFIED.,.T.,.F.) B_SPLINE_CURVE_WITH_KNOTS((1,2
    ,2,2,2,1),(-2.094395102393,0.,2.094395102393,4.188790204786,
6.28318530718,8.377580409573),.UNSPECIFIED.) CURVE() 
GEOMETRIC_REPRESENTATION_ITEM() RATIONAL_B_SPLINE_CURVE((1.,0.5,1.,0.5,
1.,0.5,1.)) REPRESENTATION_ITEM('') );
#3854 = CARTESIAN_POINT('',(0.,-4.));
#3855 = CARTESIAN_POINT('',(-6.928203230276,-4.));
#3856 = CARTESIAN_POINT('',(-3.464101615138,2.));
#3857 = CARTESIAN_POINT('',(-9.797174393179E-16,8.));
#3858 = CARTESIAN_POINT('',(3.464101615138,2.));
#3859 = CARTESIAN_POINT('',(6.928203230276,-4.));
#3860 = CARTESIAN_POINT('',(0.,-4.));
#3861 = ( GEOMETRIC_REPRESENTATION_CONTEXT(2) 
PARAMETRIC_REPRESENTATION_CONTEXT() REPRESENTATION_CONTEXT('2D SPACE',''
  ) );
#3862 = PCURVE('',#3268,#3863);
#3863 = DEFINITIONAL_REPRESENTATION('',(#3864),#3868);
#3864 = LINE('',#3865,#3866);
#3865 = CARTESIAN_POINT('',(-6.28318530718,-10.));
#3866 = VECTOR('',#3867,1.);
#3867 = DIRECTION('',(1.,-0.));
#3868 = ( GEOMETRIC_REPRESENTATION_CONTEXT(2) 
PARAMETRIC_REPRESENTATION_CONTEXT() REPRESENTATION_CONTEXT('2D SPACE',''
  ) );
#3869 = ADVANCED_FACE('',(#3870),#1822,.F.);
#3870 = FACE_BOUND('',#3871,.F.);
#3871 = EDGE_LOOP('',(#3872));
#3872 = ORIENTED_EDGE('',*,*,#1807,.T.);
#3873 = ADVANCED_FACE('',(#3874),#1865,.F.);
#3874 = FACE_BOUND('',#3875,.T.);
#3875 = EDGE_LOOP('',(#3876,#3905,#3926,#3927));
#3876 = ORIENTED_EDGE('',*,*,#3877,.F.);
#3877 = EDGE_CURVE('',#3878,#3878,#3880,.T.);
#3878 = VERTEX_POINT('',#3879);
#3879 = CARTESIAN_POINT('',(43.,16.642135623731,15.857864376269));
#3880 = SURFACE_CURVE('',#3881,(#3886,#3893),.PCURVE_S1.);
#3881 = CIRCLE('',#3882,2.5);
#3882 = AXIS2_PLACEMENT_3D('',#3883,#3884,#3885);
#3883 = CARTESIAN_POINT('',(43.,14.142135623731,15.857864376269));
#3884 = DIRECTION('',(1.,0.,0.));
#3885 = DIRECTION('',(0.,1.,0.));
#3886 = PCURVE('',#1865,#3887);
#3887 = DEFINITIONAL_REPRESENTATION('',(#3888),#3892);
#3888 = LINE('',#3889,#3890);
#3889 = CARTESIAN_POINT('',(-0.,0.));
#3890 = VECTOR('',#3891,1.);
#3891 = DIRECTION('',(-1.,0.));
#3892 = ( GEOMETRIC_REPRESENTATION_CONTEXT(2) 
PARAMETRIC_REPRESENTATION_CONTEXT() REPRESENTATION_CONTEXT('2D SPACE',''
  ) );
#3893 = PCURVE('',#3894,#3899);
#3894 = PLANE('',#3895);
#3895 = AXIS2_PLACEMENT_3D('',#3896,#3897,#3898);
#3896 = CARTESIAN_POINT('',(43.,14.142135623731,15.857864376269));
#3897 = DIRECTION('',(1.,0.,0.));
#3898 = DIRECTION('',(-0.,0.,1.));
#3899 = DEFINITIONAL_REPRESENTATION('',(#3900),#3904);
#3900 = CIRCLE('',#3901,2.5);
#3901 = AXIS2_PLACEMENT_2D('',#3902,#3903);
#3902 = CARTESIAN_POINT('',(-1.7763568394E-15,0.));
#3903 = DIRECTION('',(0.,-1.));
#3904 = ( GEOMETRIC_REPRESENTATION_CONTEXT(2) 
PARAMETRIC_REPRESENTATION_CONTEXT() REPRESENTATION_CONTEXT('2D SPACE',''
  ) );
#3905 = ORIENTED_EDGE('',*,*,#3906,.T.);
#3906 = EDGE_CURVE('',#3878,#1845,#3907,.T.);
#3907 = SEAM_CURVE('',#3908,(#3912,#3919),.PCURVE_S1.);
#3908 = LINE('',#3909,#3910);
#3909 = CARTESIAN_POINT('',(43.,16.642135623731,15.857864376269));
#3910 = VECTOR('',#3911,1.);
#3911 = DIRECTION('',(1.,0.,0.));
#3912 = PCURVE('',#1865,#3913);
#3913 = DEFINITIONAL_REPRESENTATION('',(#3914),#3918);
#3914 = LINE('',#3915,#3916);
#3915 = CARTESIAN_POINT('',(-6.28318530718,0.));
#3916 = VECTOR('',#3917,1.);
#3917 = DIRECTION('',(-0.,-1.));
#3918 = ( GEOMETRIC_REPRESENTATION_CONTEXT(2) 
PARAMETRIC_REPRESENTATION_CONTEXT() REPRESENTATION_CONTEXT('2D SPACE',''
  ) );
#3919 = PCURVE('',#1865,#3920);
#3920 = DEFINITIONAL_REPRESENTATION('',(#3921),#3925);
#3921 = LINE('',#3922,#3923);
#3922 = CARTESIAN_POINT('',(-0.,0.));
#3923 = VECTOR('',#3924,1.);
#3924 = DIRECTION('',(-0.,-1.));
#3925 = ( GEOMETRIC_REPRESENTATION_CONTEXT(2) 
PARAMETRIC_REPRESENTATION_CONTEXT() REPRESENTATION_CONTEXT('2D SPACE',''
  ) );
#3926 = ORIENTED_EDGE('',*,*,#1844,.F.);
#3927 = ORIENTED_EDGE('',*,*,#3906,.F.);
#3928 = ADVANCED_FACE('',(#3929),#1900,.F.);
#3929 = FACE_BOUND('',#3930,.T.);
#3930 = EDGE_LOOP('',(#3931,#3960,#3981,#3982));
#3931 = ORIENTED_EDGE('',*,*,#3932,.F.);
#3932 = EDGE_CURVE('',#3933,#3933,#3935,.T.);
#3933 = VERTEX_POINT('',#3934);
#3934 = CARTESIAN_POINT('',(43.,16.642135623731,44.142135623731));
#3935 = SURFACE_CURVE('',#3936,(#3941,#3948),.PCURVE_S1.);
#3936 = CIRCLE('',#3937,2.5);
#3937 = AXIS2_PLACEMENT_3D('',#3938,#3939,#3940);
#3938 = CARTESIAN_POINT('',(43.,14.142135623731,44.142135623731));
#3939 = DIRECTION('',(1.,0.,0.));
#3940 = DIRECTION('',(0.,1.,0.));
#3941 = PCURVE('',#1900,#3942);
#3942 = DEFINITIONAL_REPRESENTATION('',(#3943),#3947);
#3943 = LINE('',#3944,#3945);
#3944 = CARTESIAN_POINT('',(-0.,0.));
#3945 = VECTOR('',#3946,1.);
#3946 = DIRECTION('',(-1.,0.));
#3947 = ( GEOMETRIC_REPRESENTATION_CONTEXT(2) 
PARAMETRIC_REPRESENTATION_CONTEXT() REPRESENTATION_CONTEXT('2D SPACE',''
  ) );
#3948 = PCURVE('',#3949,#3954);
#3949 = PLANE('',#3950);
#3950 = AXIS2_PLACEMENT_3D('',#3951,#3952,#3953);
#3951 = CARTESIAN_POINT('',(43.,14.142135623731,44.142135623731));
#3952 = DIRECTION('',(1.,0.,0.));
#3953 = DIRECTION('',(-0.,0.,1.));
#3954 = DEFINITIONAL_REPRESENTATION('',(#3955),#3959);
#3955 = CIRCLE('',#3956,2.5);
#3956 = AXIS2_PLACEMENT_2D('',#3957,#3958);
#3957 = CARTESIAN_POINT('',(7.105427357601E-15,-1.7763568394E-15));
#3958 = DIRECTION('',(0.,-1.));
#3959 = ( GEOMETRIC_REPRESENTATION_CONTEXT(2) 
PARAMETRIC_REPRESENTATION_CONTEXT() REPRESENTATION_CONTEXT('2D SPACE',''
  ) );
#3960 = ORIENTED_EDGE('',*,*,#3961,.T.);
#3961 = EDGE_CURVE('',#3933,#1880,#3962,.T.);
#3962 = SEAM_CURVE('',#3963,(#3967,#3974),.PCURVE_S1.);
#3963 = LINE('',#3964,#3965);
#3964 = CARTESIAN_POINT('',(43.,16.642135623731,44.142135623731));
#3965 = VECTOR('',#3966,1.);
#3966 = DIRECTION('',(1.,0.,0.));
#3967 = PCURVE('',#1900,#3968);
#3968 = DEFINITIONAL_REPRESENTATION('',(#3969),#3973);
#3969 = LINE('',#3970,#3971);
#3970 = CARTESIAN_POINT('',(-6.28318530718,0.));
#3971 = VECTOR('',#3972,1.);
#3972 = DIRECTION('',(-0.,-1.));
#3973 = ( GEOMETRIC_REPRESENTATION_CONTEXT(2) 
PARAMETRIC_REPRESENTATION_CONTEXT() REPRESENTATION_CONTEXT('2D SPACE',''
  ) );
#3974 = PCURVE('',#1900,#3975);
#3975 = DEFINITIONAL_REPRESENTATION('',(#3976),#3980);
#3976 = LINE('',#3977,#3978);
#3977 = CARTESIAN_POINT('',(-0.,0.));
#3978 = VECTOR('',#3979,1.);
#3979 = DIRECTION('',(-0.,-1.));
#3980 = ( GEOMETRIC_REPRESENTATION_CONTEXT(2) 
PARAMETRIC_REPRESENTATION_CONTEXT() REPRESENTATION_CONTEXT('2D SPACE',''
  ) );
#3981 = ORIENTED_EDGE('',*,*,#1879,.F.);
#3982 = ORIENTED_EDGE('',*,*,#3961,.F.);
#3983 = ADVANCED_FACE('',(#3984),#1935,.F.);
#3984 = FACE_BOUND('',#3985,.T.);
#3985 = EDGE_LOOP('',(#3986,#4017,#4038,#4039,#4040,#4064,#4137,#4163,
    #4263,#4289));
#3986 = ORIENTED_EDGE('',*,*,#3987,.F.);
#3987 = EDGE_CURVE('',#3988,#3990,#3992,.T.);
#3988 = VERTEX_POINT('',#3989);
#3989 = CARTESIAN_POINT('',(46.,9.3,70.));
#3990 = VERTEX_POINT('',#3991);
#3991 = CARTESIAN_POINT('',(46.,6.368869601429,74.076296850609));
#3992 = SURFACE_CURVE('',#3993,(#3998,#4005),.PCURVE_S1.);
#3993 = CIRCLE('',#3994,4.3);
#3994 = AXIS2_PLACEMENT_3D('',#3995,#3996,#3997);
#3995 = CARTESIAN_POINT('',(46.,5.,70.));
#3996 = DIRECTION('',(1.,0.,0.));
#3997 = DIRECTION('',(0.,1.,0.));
#3998 = PCURVE('',#1935,#3999);
#3999 = DEFINITIONAL_REPRESENTATION('',(#4000),#4004);
#4000 = LINE('',#4001,#4002);
#4001 = CARTESIAN_POINT('',(-0.,0.));
#4002 = VECTOR('',#4003,1.);
#4003 = DIRECTION('',(-1.,0.));
#4004 = ( GEOMETRIC_REPRESENTATION_CONTEXT(2) 
PARAMETRIC_REPRESENTATION_CONTEXT() REPRESENTATION_CONTEXT('2D SPACE',''
  ) );
#4005 = PCURVE('',#4006,#4011);
#4006 = PLANE('',#4007);
#4007 = AXIS2_PLACEMENT_3D('',#4008,#4009,#4010);
#4008 = CARTESIAN_POINT('',(46.,5.,70.));
#4009 = DIRECTION('',(1.,0.,0.));
#4010 = DIRECTION('',(-0.,0.,1.));
#4011 = DEFINITIONAL_REPRESENTATION('',(#4012),#4016);
#4012 = CIRCLE('',#4013,4.3);
#4013 = AXIS2_PLACEMENT_2D('',#4014,#4015);
#4014 = CARTESIAN_POINT('',(0.,0.));
#4015 = DIRECTION('',(0.,-1.));
#4016 = ( GEOMETRIC_REPRESENTATION_CONTEXT(2) 
PARAMETRIC_REPRESENTATION_CONTEXT() REPRESENTATION_CONTEXT('2D SPACE',''
  ) );
#4017 = ORIENTED_EDGE('',*,*,#4018,.T.);
#4018 = EDGE_CURVE('',#3988,#1915,#4019,.T.);
#4019 = SEAM_CURVE('',#4020,(#4024,#4031),.PCURVE_S1.);
#4020 = LINE('',#4021,#4022);
#4021 = CARTESIAN_POINT('',(46.,9.3,70.));
#4022 = VECTOR('',#4023,1.);
#4023 = DIRECTION('',(1.,0.,0.));
#4024 = PCURVE('',#1935,#4025);
#4025 = DEFINITIONAL_REPRESENTATION('',(#4026),#4030);
#4026 = LINE('',#4027,#4028);
#4027 = CARTESIAN_POINT('',(-6.28318530718,0.));
#4028 = VECTOR('',#4029,1.);
#4029 = DIRECTION('',(-0.,-1.));
#4030 = ( GEOMETRIC_REPRESENTATION_CONTEXT(2) 
PARAMETRIC_REPRESENTATION_CONTEXT() REPRESENTATION_CONTEXT('2D SPACE',''
  ) );
#4031 = PCURVE('',#1935,#4032);
#4032 = DEFINITIONAL_REPRESENTATION('',(#4033),#4037);
#4033 = LINE('',#4034,#4035);
#4034 = CARTESIAN_POINT('',(-0.,0.));
#4035 = VECTOR('',#4036,1.);
#4036 = DIRECTION('',(-0.,-1.));
#4037 = ( GEOMETRIC_REPRESENTATION_CONTEXT(2) 
PARAMETRIC_REPRESENTATION_CONTEXT() REPRESENTATION_CONTEXT('2D SPACE',''
  ) );
#4038 = ORIENTED_EDGE('',*,*,#1914,.F.);
#4039 = ORIENTED_EDGE('',*,*,#4018,.F.);
#4040 = ORIENTED_EDGE('',*,*,#4041,.F.);
#4041 = EDGE_CURVE('',#4042,#3988,#4044,.T.);
#4042 = VERTEX_POINT('',#4043);
#4043 = CARTESIAN_POINT('',(46.,4.069705149025,65.801839511137));
#4044 = SURFACE_CURVE('',#4045,(#4050,#4057),.PCURVE_S1.);
#4045 = CIRCLE('',#4046,4.3);
#4046 = AXIS2_PLACEMENT_3D('',#4047,#4048,#4049);
#4047 = CARTESIAN_POINT('',(46.,5.,70.));
#4048 = DIRECTION('',(1.,0.,0.));
#4049 = DIRECTION('',(0.,1.,0.));
#4050 = PCURVE('',#1935,#4051);
#4051 = DEFINITIONAL_REPRESENTATION('',(#4052),#4056);
#4052 = LINE('',#4053,#4054);
#4053 = CARTESIAN_POINT('',(-0.,0.));
#4054 = VECTOR('',#4055,1.);
#4055 = DIRECTION('',(-1.,0.));
#4056 = ( GEOMETRIC_REPRESENTATION_CONTEXT(2) 
PARAMETRIC_REPRESENTATION_CONTEXT() REPRESENTATION_CONTEXT('2D SPACE',''
  ) );
#4057 = PCURVE('',#4006,#4058);
#4058 = DEFINITIONAL_REPRESENTATION('',(#4059),#4063);
#4059 = CIRCLE('',#4060,4.3);
#4060 = AXIS2_PLACEMENT_2D('',#4061,#4062);
#4061 = CARTESIAN_POINT('',(0.,0.));
#4062 = DIRECTION('',(0.,-1.));
#4063 = ( GEOMETRIC_REPRESENTATION_CONTEXT(2) 
PARAMETRIC_REPRESENTATION_CONTEXT() REPRESENTATION_CONTEXT('2D SPACE',''
  ) );
#4064 = ORIENTED_EDGE('',*,*,#4065,.F.);
#4065 = EDGE_CURVE('',#4066,#4042,#4068,.T.);
#4066 = VERTEX_POINT('',#4067);
#4067 = CARTESIAN_POINT('',(47.151100098681,1.193426737865,68.));
#4068 = SURFACE_CURVE('',#4069,(#4088,#4110),.PCURVE_S1.);
#4069 = B_SPLINE_CURVE_WITH_KNOTS('',5,(#4070,#4071,#4072,#4073,#4074,
    #4075,#4076,#4077,#4078,#4079,#4080,#4081,#4082,#4083,#4084,#4085,
    #4086,#4087),.UNSPECIFIED.,.F.,.F.,(6,4,4,4,6),(0.,0.346208042736,
    0.485815218183,0.7354595467,1.),.UNSPECIFIED.);
#4070 = CARTESIAN_POINT('',(47.151100151291,1.193426422621,68.0000006));
#4071 = CARTESIAN_POINT('',(47.13190578941,1.308440470869,
    67.781095815784));
#4072 = CARTESIAN_POINT('',(47.107411895179,1.440969911257,
    67.567071969189));
#4073 = CARTESIAN_POINT('',(47.076109250255,1.59118388013,
    67.359968819091));
#4074 = CARTESIAN_POINT('',(47.036006900672,1.75895474432,67.16192409965
    ));
#4075 = CARTESIAN_POINT('',(46.963819767468,2.018341059681,
    66.899848730888));
#4076 = CARTESIAN_POINT('',(46.941243244091,2.095615559221,
    66.826413344663));
#4077 = CARTESIAN_POINT('',(46.916693277206,2.175505903022,
    66.755077301915));
#4078 = CARTESIAN_POINT('',(46.890029924781,2.257874265911,
    66.686036943265));
#4079 = CARTESIAN_POINT('',(46.809407939591,2.494007201958,
    66.50041323091));
#4080 = CARTESIAN_POINT('',(46.750449036133,2.653027700683,
    66.389128383301));
#4081 = CARTESIAN_POINT('',(46.683642586135,2.818112282703,
    66.287128321376));
#4082 = CARTESIAN_POINT('',(46.608629143313,2.987465008689,
    66.195287989005));
#4083 = CARTESIAN_POINT('',(46.437331656465,3.341281826529,
    66.027692733618));
#4084 = CARTESIAN_POINT('',(46.340263513912,3.525594443539,
    65.953437480613));
#4085 = CARTESIAN_POINT('',(46.234408839419,3.709962284671,
    65.891414583981));
#4086 = CARTESIAN_POINT('',(46.12049621677,3.892056635263,
    65.841205641425));
#4087 = CARTESIAN_POINT('',(45.9999994,4.06970603361,65.801839315117));
#4088 = PCURVE('',#1935,#4089);
#4089 = DEFINITIONAL_REPRESENTATION('',(#4090),#4109);
#4090 = B_SPLINE_CURVE_WITH_KNOTS('',5,(#4091,#4092,#4093,#4094,#4095,
    #4096,#4097,#4098,#4099,#4100,#4101,#4102,#4103,#4104,#4105,#4106,
    #4107,#4108),.UNSPECIFIED.,.F.,.F.,(6,4,4,4,6),(0.,0.346208042736,
    0.485815218183,0.7354595467,1.),.UNSPECIFIED.);
#4091 = CARTESIAN_POINT('',(-3.625358454388,-1.151100151291));
#4092 = CARTESIAN_POINT('',(-3.682865495765,-1.13190578941));
#4093 = CARTESIAN_POINT('',(-3.74126224376,-1.107411895179));
#4094 = CARTESIAN_POINT('',(-3.800543433671,-1.076109250255));
#4095 = CARTESIAN_POINT('',(-3.860724315636,-1.036006900672));
#4096 = CARTESIAN_POINT('',(-3.946476407635,-0.963819767468));
#4097 = CARTESIAN_POINT('',(-3.97125598132,-0.941243244091));
#4098 = CARTESIAN_POINT('',(-3.996147948583,-0.916693277206));
#4099 = CARTESIAN_POINT('',(-4.021129985713,-0.890029924781));
#4100 = CARTESIAN_POINT('',(-4.090980682578,-0.809407939591));
#4101 = CARTESIAN_POINT('',(-4.136048556618,-0.750449036133));
#4102 = CARTESIAN_POINT('',(-4.181078636809,-0.683642586135));
#4103 = CARTESIAN_POINT('',(-4.225815044344,-0.608629143313));
#4104 = CARTESIAN_POINT('',(-4.316862227274,-0.437331656465));
#4105 = CARTESIAN_POINT('',(-4.362991814669,-0.340263513912));
#4106 = CARTESIAN_POINT('',(-4.408130311123,-0.234408839419));
#4107 = CARTESIAN_POINT('',(-4.452001233536,-0.12049621677));
#4108 = CARTESIAN_POINT('',(-4.494317240874,5.999999999062E-07));
#4109 = ( GEOMETRIC_REPRESENTATION_CONTEXT(2) 
PARAMETRIC_REPRESENTATION_CONTEXT() REPRESENTATION_CONTEXT('2D SPACE',''
  ) );
#4110 = PCURVE('',#4111,#4116);
#4111 = CYLINDRICAL_SURFACE('',#4112,7.25);
#4112 = AXIS2_PLACEMENT_3D('',#4113,#4114,#4115);
#4113 = CARTESIAN_POINT('',(40.,0.,91.));
#4114 = DIRECTION('',(0.,0.,1.));
#4115 = DIRECTION('',(1.,0.,0.));
#4116 = DEFINITIONAL_REPRESENTATION('',(#4117),#4136);
#4117 = B_SPLINE_CURVE_WITH_KNOTS('',5,(#4118,#4119,#4120,#4121,#4122,
    #4123,#4124,#4125,#4126,#4127,#4128,#4129,#4130,#4131,#4132,#4133,
    #4134,#4135),.UNSPECIFIED.,.F.,.F.,(6,4,4,4,6),(0.,0.346208042736,
    0.485815218183,0.7354595467,1.),.UNSPECIFIED.);
#4118 = CARTESIAN_POINT('',(0.165363153116,-22.9999994));
#4119 = CARTESIAN_POINT('',(0.181446559279,-23.21890418421));
#4120 = CARTESIAN_POINT('',(0.200033151817,-23.43292803081));
#4121 = CARTESIAN_POINT('',(0.221189502337,-23.6400311809));
#4122 = CARTESIAN_POINT('',(0.244966202542,-23.83807590035));
#4123 = CARTESIAN_POINT('',(0.282103283261,-24.10015126911));
#4124 = CARTESIAN_POINT('',(0.293206519187,-24.17358665533));
#4125 = CARTESIAN_POINT('',(0.304732812613,-24.24492269808));
#4126 = CARTESIAN_POINT('',(0.316672890334,-24.31396305673));
#4127 = CARTESIAN_POINT('',(0.351089010214,-24.49958676909));
#4128 = CARTESIAN_POINT('',(0.374474048746,-24.61087161669));
#4129 = CARTESIAN_POINT('',(0.399022453675,-24.71287167862));
#4130 = CARTESIAN_POINT('',(0.424555618234,-24.80471201099));
#4131 = CARTESIAN_POINT('',(0.478776581503,-24.97230726638));
#4132 = CARTESIAN_POINT('',(0.507492710156,-25.04656251938));
#4133 = CARTESIAN_POINT('',(0.536788591903,-25.10858541601));
#4134 = CARTESIAN_POINT('',(0.5663943506,-25.15879435857));
#4135 = CARTESIAN_POINT('',(0.596002586618,-25.19816068488));
#4136 = ( GEOMETRIC_REPRESENTATION_CONTEXT(2) 
PARAMETRIC_REPRESENTATION_CONTEXT() REPRESENTATION_CONTEXT('2D SPACE',''
  ) );
#4137 = ORIENTED_EDGE('',*,*,#4138,.F.);
#4138 = EDGE_CURVE('',#4139,#4066,#4141,.T.);
#4139 = VERTEX_POINT('',#4140);
#4140 = CARTESIAN_POINT('',(47.404440061298,1.193426737865,68.));
#4141 = SURFACE_CURVE('',#4142,(#4146,#4152),.PCURVE_S1.);
#4142 = LINE('',#4143,#4144);
#4143 = CARTESIAN_POINT('',(46.,1.193426737865,68.));
#4144 = VECTOR('',#4145,1.);
#4145 = DIRECTION('',(-1.,-0.,-0.));
#4146 = PCURVE('',#1935,#4147);
#4147 = DEFINITIONAL_REPRESENTATION('',(#4148),#4151);
#4148 = B_SPLINE_CURVE_WITH_KNOTS('',1,(#4149,#4150),.UNSPECIFIED.,.F.,
  .F.,(2,2),(-3.,5.999999999062E-07),.PIECEWISE_BEZIER_KNOTS.);
#4149 = CARTESIAN_POINT('',(-3.625358612011,-3.));
#4150 = CARTESIAN_POINT('',(-3.625358612011,5.999999999062E-07));
#4151 = ( GEOMETRIC_REPRESENTATION_CONTEXT(2) 
PARAMETRIC_REPRESENTATION_CONTEXT() REPRESENTATION_CONTEXT('2D SPACE',''
  ) );
#4152 = PCURVE('',#4153,#4158);
#4153 = PLANE('',#4154);
#4154 = AXIS2_PLACEMENT_3D('',#4155,#4156,#4157);
#4155 = CARTESIAN_POINT('',(40.,4.231397042342E-16,68.));
#4156 = DIRECTION('',(0.,0.,1.));
#4157 = DIRECTION('',(1.,0.,-0.));
#4158 = DEFINITIONAL_REPRESENTATION('',(#4159),#4162);
#4159 = B_SPLINE_CURVE_WITH_KNOTS('',1,(#4160,#4161),.UNSPECIFIED.,.F.,
  .F.,(2,2),(-3.,5.999999999062E-07),.PIECEWISE_BEZIER_KNOTS.);
#4160 = CARTESIAN_POINT('',(9.,1.193426737865));
#4161 = CARTESIAN_POINT('',(5.9999994,1.193426737865));
#4162 = ( GEOMETRIC_REPRESENTATION_CONTEXT(2) 
PARAMETRIC_REPRESENTATION_CONTEXT() REPRESENTATION_CONTEXT('2D SPACE',''
  ) );
#4163 = ORIENTED_EDGE('',*,*,#4164,.F.);
#4164 = EDGE_CURVE('',#4165,#4139,#4167,.T.);
#4165 = VERTEX_POINT('',#4166);
#4166 = CARTESIAN_POINT('',(47.25023058954,1.91941563985,73.));
#4167 = SURFACE_CURVE('',#4168,(#4196,#4227),.PCURVE_S1.);
#4168 = B_SPLINE_CURVE_WITH_KNOTS('',6,(#4169,#4170,#4171,#4172,#4173,
    #4174,#4175,#4176,#4177,#4178,#4179,#4180,#4181,#4182,#4183,#4184,
    #4185,#4186,#4187,#4188,#4189,#4190,#4191,#4192,#4193,#4194,#4195),
  .UNSPECIFIED.,.F.,.F.,(7,5,5,5,5,7),(0.,0.157174826463,0.27301973719,
    0.6092430141,0.897932321341,1.),.UNSPECIFIED.);
#4169 = CARTESIAN_POINT('',(47.250230434852,1.919416224155,73.0000006));
#4170 = CARTESIAN_POINT('',(47.278530380984,1.812518549659,
    72.890231541378));
#4171 = CARTESIAN_POINT('',(47.303321881738,1.711229312655,
    72.776830820555));
#4172 = CARTESIAN_POINT('',(47.325014289423,1.615638083081,
    72.660192405737));
#4173 = CARTESIAN_POINT('',(47.34397863365,1.525804851003,
    72.540707879731));
#4174 = CARTESIAN_POINT('',(47.360547621335,1.441760026609,
    72.418766439945));
#4175 = CARTESIAN_POINT('',(47.385679214227,1.305826556144,
    72.20335281903));
#4176 = CARTESIAN_POINT('',(47.395204742048,1.25127637824,
    72.110798818556));
#4177 = CARTESIAN_POINT('',(47.403713491548,1.199833224291,
    72.017207356582));
#4178 = CARTESIAN_POINT('',(47.411313236851,1.151474412265,
    71.922685901578));
#4179 = CARTESIAN_POINT('',(47.4180993338,1.106175896953,71.827334882538
    ));
#4180 = CARTESIAN_POINT('',(47.441733822433,0.941250624642,
    71.452368170396));
#4181 = CARTESIAN_POINT('',(47.453165062856,0.84416300548,
    71.167296839794));
#4182 = CARTESIAN_POINT('',(47.460519123105,0.771929682645,
    70.878061414524));
#4183 = CARTESIAN_POINT('',(47.465014120057,0.723977618223,
    70.586230934115));
#4184 = CARTESIAN_POINT('',(47.467261881038,0.7,70.293120926204));
#4185 = CARTESIAN_POINT('',(47.467261881038,0.7,69.748319396856));
#4186 = CARTESIAN_POINT('',(47.465604764568,0.717677151737,
    69.496640035093));
#4187 = CARTESIAN_POINT('',(47.462290658308,0.753031134435,
    69.245774854548));
#4188 = CARTESIAN_POINT('',(47.456987317667,0.806225916392,
    68.996554635984));
#4189 = CARTESIAN_POINT('',(47.449032521995,0.877574733309,
    68.749924816309));
#4190 = CARTESIAN_POINT('',(47.433198990052,0.999290074034,
    68.421169755286));
#4191 = CARTESIAN_POINT('',(47.428595350945,1.033403386497,
    68.335768195494));
#4192 = CARTESIAN_POINT('',(47.423475980949,1.069855807302,
    68.250889684863));
#4193 = CARTESIAN_POINT('',(47.417786018556,1.108665442506,68.1665920679
    ));
#4194 = CARTESIAN_POINT('',(47.411463630246,1.149850052721,
    68.082938890511));
#4195 = CARTESIAN_POINT('',(47.404440010487,1.193427053109,67.9999994));
#4196 = PCURVE('',#1935,#4197);
#4197 = DEFINITIONAL_REPRESENTATION('',(#4198),#4226);
#4198 = B_SPLINE_CURVE_WITH_KNOTS('',6,(#4199,#4200,#4201,#4202,#4203,
    #4204,#4205,#4206,#4207,#4208,#4209,#4210,#4211,#4212,#4213,#4214,
    #4215,#4216,#4217,#4218,#4219,#4220,#4221,#4222,#4223,#4224,#4225),
  .UNSPECIFIED.,.F.,.F.,(7,5,5,5,5,7),(0.,0.157174826463,0.27301973719,
    0.6092430141,0.897932321341,1.),.UNSPECIFIED.);
#4199 = CARTESIAN_POINT('',(-2.369446252484,-1.250230434852));
#4200 = CARTESIAN_POINT('',(-2.405078803522,-1.278530380984));
#4201 = CARTESIAN_POINT('',(-2.440406396596,-1.303321881738));
#4202 = CARTESIAN_POINT('',(-2.475430449403,-1.325014289423));
#4203 = CARTESIAN_POINT('',(-2.510150379497,-1.34397863365));
#4204 = CARTESIAN_POINT('',(-2.544563604286,-1.360547621335));
#4205 = CARTESIAN_POINT('',(-2.603800200997,-1.385679214227));
#4206 = CARTESIAN_POINT('',(-2.628773240618,-1.395204742048));
#4207 = CARTESIAN_POINT('',(-2.653593296549,-1.403713491548));
#4208 = CARTESIAN_POINT('',(-2.678268794286,-1.411313236851));
#4209 = CARTESIAN_POINT('',(-2.702808159297,-1.4180993338));
#4210 = CARTESIAN_POINT('',(-2.79807198432,-1.441733822433));
#4211 = CARTESIAN_POINT('',(-2.867847482152,-1.453165062856));
#4212 = CARTESIAN_POINT('',(-2.936822277379,-1.460519123105));
#4213 = CARTESIAN_POINT('',(-3.005259845456,-1.465014120057));
#4214 = CARTESIAN_POINT('',(-3.073424996333,-1.467261881038));
#4215 = CARTESIAN_POINT('',(-3.200123026414,-1.467261881038));
#4216 = CARTESIAN_POINT('',(-3.258653122454,-1.465604764568));
#4217 = CARTESIAN_POINT('',(-3.317354728846,-1.462290658308));
#4218 = CARTESIAN_POINT('',(-3.376395829362,-1.456987317667));
#4219 = CARTESIAN_POINT('',(-3.435944579192,-1.449032521995));
#4220 = CARTESIAN_POINT('',(-3.517470890551,-1.433198990052));
#4221 = CARTESIAN_POINT('',(-3.538850680176,-1.428595350945));
#4222 = CARTESIAN_POINT('',(-3.560322586669,-1.423475980949));
#4223 = CARTESIAN_POINT('',(-3.58189359666,-1.417786018556));
#4224 = CARTESIAN_POINT('',(-3.603570275975,-1.411463630246));
#4225 = CARTESIAN_POINT('',(-3.625358769633,-1.404440010487));
#4226 = ( GEOMETRIC_REPRESENTATION_CONTEXT(2) 
PARAMETRIC_REPRESENTATION_CONTEXT() REPRESENTATION_CONTEXT('2D SPACE',''
  ) );
#4227 = PCURVE('',#4228,#4233);
#4228 = CYLINDRICAL_SURFACE('',#4229,7.5);
#4229 = AXIS2_PLACEMENT_3D('',#4230,#4231,#4232);
#4230 = CARTESIAN_POINT('',(40.,0.,91.));
#4231 = DIRECTION('',(0.,0.,1.));
#4232 = DIRECTION('',(1.,0.,0.));
#4233 = DEFINITIONAL_REPRESENTATION('',(#4234),#4262);
#4234 = B_SPLINE_CURVE_WITH_KNOTS('',6,(#4235,#4236,#4237,#4238,#4239,
    #4240,#4241,#4242,#4243,#4244,#4245,#4246,#4247,#4248,#4249,#4250,
    #4251,#4252,#4253,#4254,#4255,#4256,#4257,#4258,#4259,#4260,#4261),
  .UNSPECIFIED.,.F.,.F.,(7,5,5,5,5,7),(0.,0.157174826463,0.27301973719,
    0.6092430141,0.897932321341,1.),.UNSPECIFIED.);
#4235 = CARTESIAN_POINT('',(6.54198682174,-17.9999994));
#4236 = CARTESIAN_POINT('',(6.527242783539,-18.10976845862));
#4237 = CARTESIAN_POINT('',(6.513341135673,-18.22316917944));
#4238 = CARTESIAN_POINT('',(6.500274345265,-18.33980759426));
#4239 = CARTESIAN_POINT('',(6.488034530522,-18.45929212026));
#4240 = CARTESIAN_POINT('',(6.47661346073,-18.58123356005));
#4241 = CARTESIAN_POINT('',(6.458181842797,-18.79664718097));
#4242 = CARTESIAN_POINT('',(6.450798792453,-18.88920118144));
#4243 = CARTESIAN_POINT('',(6.443846898713,-18.98279264341));
#4244 = CARTESIAN_POINT('',(6.437320184394,-19.07731409842));
#4245 = CARTESIAN_POINT('',(6.431213109091,-19.17266511746));
#4246 = CARTESIAN_POINT('',(6.408998425458,-19.5476318296));
#4247 = CARTESIAN_POINT('',(6.395968081856,-19.8327031602));
#4248 = CARTESIAN_POINT('',(6.386287279962,-20.12193858547));
#4249 = CARTESIAN_POINT('',(6.379865732908,-20.41376906588));
#4250 = CARTESIAN_POINT('',(6.376654680641,-20.70687907379));
#4251 = CARTESIAN_POINT('',(6.376654680641,-21.25168060314));
#4252 = CARTESIAN_POINT('',(6.379021973558,-21.5033599649));
#4253 = CARTESIAN_POINT('',(6.383756477112,-21.75422514545));
#4254 = CARTESIAN_POINT('',(6.3908842152,-22.00344536401));
#4255 = CARTESIAN_POINT('',(6.400454734008,-22.25007518369));
#4256 = CARTESIAN_POINT('',(6.416820185369,-22.57883024471));
#4257 = CARTESIAN_POINT('',(6.421409818252,-22.6642318045));
#4258 = CARTESIAN_POINT('',(6.426317712882,-22.74911031513));
#4259 = CARTESIAN_POINT('',(6.431547473178,-22.8334079321));
#4260 = CARTESIAN_POINT('',(6.437102940381,-22.91706110948));
#4261 = CARTESIAN_POINT('',(6.442988193058,-23.0000006));
#4262 = ( GEOMETRIC_REPRESENTATION_CONTEXT(2) 
PARAMETRIC_REPRESENTATION_CONTEXT() REPRESENTATION_CONTEXT('2D SPACE',''
  ) );
#4263 = ORIENTED_EDGE('',*,*,#4264,.F.);
#4264 = EDGE_CURVE('',#4265,#4165,#4267,.T.);
#4265 = VERTEX_POINT('',#4266);
#4266 = CARTESIAN_POINT('',(48.536881374454,1.91941563985,73.));
#4267 = SURFACE_CURVE('',#4268,(#4272,#4278),.PCURVE_S1.);
#4268 = LINE('',#4269,#4270);
#4269 = CARTESIAN_POINT('',(46.,1.91941563985,73.));
#4270 = VECTOR('',#4271,1.);
#4271 = DIRECTION('',(-1.,-0.,-0.));
#4272 = PCURVE('',#1935,#4273);
#4273 = DEFINITIONAL_REPRESENTATION('',(#4274),#4277);
#4274 = B_SPLINE_CURVE_WITH_KNOTS('',1,(#4275,#4276),.UNSPECIFIED.,.F.,
  .F.,(2,2),(-4.5,5.999999999062E-07),.PIECEWISE_BEZIER_KNOTS.);
#4275 = CARTESIAN_POINT('',(-2.369446447252,-4.5));
#4276 = CARTESIAN_POINT('',(-2.369446447252,5.999999999062E-07));
#4277 = ( GEOMETRIC_REPRESENTATION_CONTEXT(2) 
PARAMETRIC_REPRESENTATION_CONTEXT() REPRESENTATION_CONTEXT('2D SPACE',''
  ) );
#4278 = PCURVE('',#4279,#4284);
#4279 = PLANE('',#4280);
#4280 = AXIS2_PLACEMENT_3D('',#4281,#4282,#4283);
#4281 = CARTESIAN_POINT('',(40.,5.8048458399E-16,73.));
#4282 = DIRECTION('',(0.,0.,1.));
#4283 = DIRECTION('',(1.,0.,-0.));
#4284 = DEFINITIONAL_REPRESENTATION('',(#4285),#4288);
#4285 = B_SPLINE_CURVE_WITH_KNOTS('',1,(#4286,#4287),.UNSPECIFIED.,.F.,
  .F.,(2,2),(-4.5,5.999999999062E-07),.PIECEWISE_BEZIER_KNOTS.);
#4286 = CARTESIAN_POINT('',(10.5,1.91941563985));
#4287 = CARTESIAN_POINT('',(5.9999994,1.91941563985));
#4288 = ( GEOMETRIC_REPRESENTATION_CONTEXT(2) 
PARAMETRIC_REPRESENTATION_CONTEXT() REPRESENTATION_CONTEXT('2D SPACE',''
  ) );
#4289 = ORIENTED_EDGE('',*,*,#4290,.F.);
#4290 = EDGE_CURVE('',#3990,#4265,#4291,.T.);
#4291 = SURFACE_CURVE('',#4292,(#4325,#4361),.PCURVE_S1.);
#4292 = B_SPLINE_CURVE_WITH_KNOTS('',6,(#4293,#4294,#4295,#4296,#4297,
    #4298,#4299,#4300,#4301,#4302,#4303,#4304,#4305,#4306,#4307,#4308,
    #4309,#4310,#4311,#4312,#4313,#4314,#4315,#4316,#4317,#4318,#4319,
    #4320,#4321,#4322,#4323,#4324),.UNSPECIFIED.,.F.,.F.,(7,5,5,5,5,5,7)
  ,(0.,0.311475979241,0.434439184465,0.506720708337,0.655422696677,
    0.87106069955,1.),.UNSPECIFIED.);
#4293 = CARTESIAN_POINT('',(45.9999994,6.368870166678,74.076296660791));
#4294 = CARTESIAN_POINT('',(46.191972416264,6.188015799694,
    74.13702976441));
#4295 = CARTESIAN_POINT('',(46.381286145108,5.996560192074,
    74.190608157195));
#4296 = CARTESIAN_POINT('',(46.567195164528,5.794210895625,
    74.235493600298));
#4297 = CARTESIAN_POINT('',(46.748783888658,5.5808116051,74.269879016738
    ));
#4298 = CARTESIAN_POINT('',(46.924983079268,5.356409571763,
    74.29164874819));
#4299 = CARTESIAN_POINT('',(47.16160812494,5.028614371947,
    74.300906414962));
#4300 = CARTESIAN_POINT('',(47.227534783792,4.934218693259,
    74.301167273375));
#4301 = CARTESIAN_POINT('',(47.292287985625,4.838310389259,
    74.298915188643));
#4302 = CARTESIAN_POINT('',(47.355752908088,4.741001300955,
    74.294000939594));
#4303 = CARTESIAN_POINT('',(47.417825920813,4.642410862097,
    74.286279605276));
#4304 = CARTESIAN_POINT('',(47.514030451146,4.484033084133,
    74.269338977522));
#4305 = CARTESIAN_POINT('',(47.549126311966,4.425013078231,
    74.262050278906));
#4306 = CARTESIAN_POINT('',(47.583677925355,4.365641350174,
    74.25371710469));
#4307 = CARTESIAN_POINT('',(47.61766155528,4.305957633993,
    74.244314907602));
#4308 = CARTESIAN_POINT('',(47.651053972199,4.246006129047,
    74.233821957506));
#4309 = CARTESIAN_POINT('',(47.751266356196,4.06204878807,
    74.198349727283));
#4310 = CARTESIAN_POINT('',(47.816135230983,3.937274274216,
    74.169772715457));
#4311 = CARTESIAN_POINT('',(47.878191590108,3.812020114326,
    74.136336140167));
#4312 = CARTESIAN_POINT('',(47.937260955486,3.686800984404,
    74.097960571162));
#4313 = CARTESIAN_POINT('',(47.993235163565,3.562129317356,
    74.054643254269));
#4314 = CARTESIAN_POINT('',(48.122677053969,3.259236785764,
    73.936592789519));
#4315 = CARTESIAN_POINT('',(48.192537739709,3.082500782527,
    73.856623034051));
#4316 = CARTESIAN_POINT('',(48.25559356132,2.909690851524,73.76681344596
    ));
#4317 = CARTESIAN_POINT('',(48.312016990511,2.742163005847,
    73.667741178183));
#4318 = CARTESIAN_POINT('',(48.362149527732,2.581170417607,
    73.560322243395));
#4319 = CARTESIAN_POINT('',(48.432929731318,2.336088208341,
    73.377376331389));
#4320 = CARTESIAN_POINT('',(48.457347733904,2.247035074912,
    73.306340093439));
#4321 = CARTESIAN_POINT('',(48.479825781328,2.160748247838,
    73.232895389986));
#4322 = CARTESIAN_POINT('',(48.500491184379,2.077327237243,
    73.157224751547));
#4323 = CARTESIAN_POINT('',(48.519469226385,1.996858736069,
    73.079523361326));
#4324 = CARTESIAN_POINT('',(48.536881505828,1.919415055546,72.9999994));
#4325 = PCURVE('',#1935,#4326);
#4326 = DEFINITIONAL_REPRESENTATION('',(#4327),#4360);
#4327 = B_SPLINE_CURVE_WITH_KNOTS('',6,(#4328,#4329,#4330,#4331,#4332,
    #4333,#4334,#4335,#4336,#4337,#4338,#4339,#4340,#4341,#4342,#4343,
    #4344,#4345,#4346,#4347,#4348,#4349,#4350,#4351,#4352,#4353,#4354,
    #4355,#4356,#4357,#4358,#4359),.UNSPECIFIED.,.F.,.F.,(7,5,5,5,5,5,7)
  ,(0.,0.311475979241,0.434439184465,0.506720708337,0.655422696677,
    0.87106069955,1.),.UNSPECIFIED.);
#4328 = CARTESIAN_POINT('',(-1.246816450165,5.999999999062E-07));
#4329 = CARTESIAN_POINT('',(-1.29118377228,-0.191972416264));
#4330 = CARTESIAN_POINT('',(-1.337358596054,-0.381286145108));
#4331 = CARTESIAN_POINT('',(-1.385448436202,-0.567195164528));
#4332 = CARTESIAN_POINT('',(-1.435576145943,-0.748783888658));
#4333 = CARTESIAN_POINT('',(-1.487884835871,-0.924983079268));
#4334 = CARTESIAN_POINT('',(-1.564146673621,-1.16160812494));
#4335 = CARTESIAN_POINT('',(-1.586092136979,-1.227534783792));
#4336 = CARTESIAN_POINT('',(-1.608390804898,-1.292287985625));
#4337 = CARTESIAN_POINT('',(-1.631036851159,-1.355752908088));
#4338 = CARTESIAN_POINT('',(-1.654025812573,-1.417825920813));
#4339 = CARTESIAN_POINT('',(-1.691067955575,-1.514030451146));
#4340 = CARTESIAN_POINT('',(-1.704895958573,-1.549126311966));
#4341 = CARTESIAN_POINT('',(-1.718835783894,-1.583677925355));
#4342 = CARTESIAN_POINT('',(-1.732883871491,-1.617661555279));
#4343 = CARTESIAN_POINT('',(-1.747035915357,-1.651053972199));
#4344 = CARTESIAN_POINT('',(-1.790604789,-1.751266356196));
#4345 = CARTESIAN_POINT('',(-1.820355575615,-1.816135230983));
#4346 = CARTESIAN_POINT('',(-1.850475168664,-1.878191590108));
#4347 = CARTESIAN_POINT('',(-1.880901749816,-1.937260955486));
#4348 = CARTESIAN_POINT('',(-1.911574096818,-1.993235163565));
#4349 = CARTESIAN_POINT('',(-1.987175095321,-2.122677053969));
#4350 = CARTESIAN_POINT('',(-2.032224374391,-2.192537739709));
#4351 = CARTESIAN_POINT('',(-2.077414608922,-2.25559356132));
#4352 = CARTESIAN_POINT('',(-2.122576814849,-2.312016990511));
#4353 = CARTESIAN_POINT('',(-2.167522975304,-2.362149527732));
#4354 = CARTESIAN_POINT('',(-2.238647184338,-2.432929731318));
#4355 = CARTESIAN_POINT('',(-2.265125387841,-2.457347733904));
#4356 = CARTESIAN_POINT('',(-2.291457029859,-2.479825781328));
#4357 = CARTESIAN_POINT('',(-2.317630392218,-2.500491184379));
#4358 = CARTESIAN_POINT('',(-2.343632076683,-2.519469226385));
#4359 = CARTESIAN_POINT('',(-2.36944664202,-2.536881505828));
#4360 = ( GEOMETRIC_REPRESENTATION_CONTEXT(2) 
PARAMETRIC_REPRESENTATION_CONTEXT() REPRESENTATION_CONTEXT('2D SPACE',''
  ) );
#4361 = PCURVE('',#4362,#4367);
#4362 = CYLINDRICAL_SURFACE('',#4363,8.75);
#4363 = AXIS2_PLACEMENT_3D('',#4364,#4365,#4366);
#4364 = CARTESIAN_POINT('',(40.,0.,91.));
#4365 = DIRECTION('',(0.,0.,1.));
#4366 = DIRECTION('',(1.,0.,0.));
#4367 = DEFINITIONAL_REPRESENTATION('',(#4368),#4401);
#4368 = B_SPLINE_CURVE_WITH_KNOTS('',6,(#4369,#4370,#4371,#4372,#4373,
    #4374,#4375,#4376,#4377,#4378,#4379,#4380,#4381,#4382,#4383,#4384,
    #4385,#4386,#4387,#4388,#4389,#4390,#4391,#4392,#4393,#4394,#4395,
    #4396,#4397,#4398,#4399,#4400),.UNSPECIFIED.,.F.,.F.,(7,5,5,5,5,5,7)
  ,(0.,0.311475979241,0.434439184465,0.506720708337,0.655422696677,
    0.87106069955,1.),.UNSPECIFIED.);
#4369 = CARTESIAN_POINT('',(0.815211839361,-16.9237033392));
#4370 = CARTESIAN_POINT('',(0.785069441849,-16.86297023559));
#4371 = CARTESIAN_POINT('',(0.754317474413,-16.8093918428));
#4372 = CARTESIAN_POINT('',(0.722945679815,-16.7645063997));
#4373 = CARTESIAN_POINT('',(0.69095888082,-16.73012098326));
#4374 = CARTESIAN_POINT('',(0.658378504011,-16.70835125181));
#4375 = CARTESIAN_POINT('',(0.61217524691,-16.69909358503));
#4376 = CARTESIAN_POINT('',(0.599018193122,-16.69883272662));
#4377 = CARTESIAN_POINT('',(0.585795383982,-16.70108481135));
#4378 = CARTESIAN_POINT('',(0.572520649231,-16.7059990604));
#4379 = CARTESIAN_POINT('',(0.559207670715,-16.71372039472));
#4380 = CARTESIAN_POINT('',(0.538029682232,-16.73066102247));
#4381 = CARTESIAN_POINT('',(0.530182439116,-16.73794972109));
#4382 = CARTESIAN_POINT('',(0.522332257786,-16.74628289531));
#4383 = CARTESIAN_POINT('',(0.514483558774,-16.75568509239));
#4384 = CARTESIAN_POINT('',(0.506641178406,-16.76617804249));
#4385 = CARTESIAN_POINT('',(0.482700346523,-16.80165027271));
#4386 = CARTESIAN_POINT('',(0.466631430044,-16.83022728454));
#4387 = CARTESIAN_POINT('',(0.450660592736,-16.86366385983));
#4388 = CARTESIAN_POINT('',(0.434841749604,-16.90203942883));
#4389 = CARTESIAN_POINT('',(0.41922595075,-16.94535674573));
#4390 = CARTESIAN_POINT('',(0.38158115092,-17.06340721048));
#4391 = CARTESIAN_POINT('',(0.359870257474,-17.14337696594));
#4392 = CARTESIAN_POINT('',(0.338857392772,-17.23318655404));
#4393 = CARTESIAN_POINT('',(0.318663156623,-17.33225882181));
#4394 = CARTESIAN_POINT('',(0.299396653607,-17.4396777566));
#4395 = CARTESIAN_POINT('',(0.270242565795,-17.62262366861));
#4396 = CARTESIAN_POINT('',(0.259690375028,-17.69365990656));
#4397 = CARTESIAN_POINT('',(0.249501097721,-17.76710461001));
#4398 = CARTESIAN_POINT('',(0.239680055109,-17.84277524845));
#4399 = CARTESIAN_POINT('',(0.230231867975,-17.92047663867));
#4400 = CARTESIAN_POINT('',(0.221160208673,-18.0000006));
#4401 = ( GEOMETRIC_REPRESENTATION_CONTEXT(2) 
PARAMETRIC_REPRESENTATION_CONTEXT() REPRESENTATION_CONTEXT('2D SPACE',''
  ) );
#4402 = ADVANCED_FACE('',(#4403),#1973,.F.);
#4403 = FACE_BOUND('',#4404,.T.);
#4404 = EDGE_LOOP('',(#4405,#4434,#4455,#4456));
#4405 = ORIENTED_EDGE('',*,*,#4406,.F.);
#4406 = EDGE_CURVE('',#4407,#4407,#4409,.T.);
#4407 = VERTEX_POINT('',#4408);
#4408 = CARTESIAN_POINT('',(43.,-11.64213562373,15.857864376269));
#4409 = SURFACE_CURVE('',#4410,(#4415,#4422),.PCURVE_S1.);
#4410 = CIRCLE('',#4411,2.5);
#4411 = AXIS2_PLACEMENT_3D('',#4412,#4413,#4414);
#4412 = CARTESIAN_POINT('',(43.,-14.14213562373,15.857864376269));
#4413 = DIRECTION('',(1.,0.,0.));
#4414 = DIRECTION('',(0.,1.,0.));
#4415 = PCURVE('',#1973,#4416);
#4416 = DEFINITIONAL_REPRESENTATION('',(#4417),#4421);
#4417 = LINE('',#4418,#4419);
#4418 = CARTESIAN_POINT('',(-0.,0.));
#4419 = VECTOR('',#4420,1.);
#4420 = DIRECTION('',(-1.,0.));
#4421 = ( GEOMETRIC_REPRESENTATION_CONTEXT(2) 
PARAMETRIC_REPRESENTATION_CONTEXT() REPRESENTATION_CONTEXT('2D SPACE',''
  ) );
#4422 = PCURVE('',#4423,#4428);
#4423 = PLANE('',#4424);
#4424 = AXIS2_PLACEMENT_3D('',#4425,#4426,#4427);
#4425 = CARTESIAN_POINT('',(43.,-14.14213562373,15.857864376269));
#4426 = DIRECTION('',(1.,0.,0.));
#4427 = DIRECTION('',(-0.,0.,1.));
#4428 = DEFINITIONAL_REPRESENTATION('',(#4429),#4433);
#4429 = CIRCLE('',#4430,2.5);
#4430 = AXIS2_PLACEMENT_2D('',#4431,#4432);
#4431 = CARTESIAN_POINT('',(1.7763568394E-15,3.552713678801E-15));
#4432 = DIRECTION('',(0.,-1.));
#4433 = ( GEOMETRIC_REPRESENTATION_CONTEXT(2) 
PARAMETRIC_REPRESENTATION_CONTEXT() REPRESENTATION_CONTEXT('2D SPACE',''
  ) );
#4434 = ORIENTED_EDGE('',*,*,#4435,.T.);
#4435 = EDGE_CURVE('',#4407,#1953,#4436,.T.);
#4436 = SEAM_CURVE('',#4437,(#4441,#4448),.PCURVE_S1.);
#4437 = LINE('',#4438,#4439);
#4438 = CARTESIAN_POINT('',(43.,-11.64213562373,15.857864376269));
#4439 = VECTOR('',#4440,1.);
#4440 = DIRECTION('',(1.,0.,0.));
#4441 = PCURVE('',#1973,#4442);
#4442 = DEFINITIONAL_REPRESENTATION('',(#4443),#4447);
#4443 = LINE('',#4444,#4445);
#4444 = CARTESIAN_POINT('',(-6.28318530718,0.));
#4445 = VECTOR('',#4446,1.);
#4446 = DIRECTION('',(-0.,-1.));
#4447 = ( GEOMETRIC_REPRESENTATION_CONTEXT(2) 
PARAMETRIC_REPRESENTATION_CONTEXT() REPRESENTATION_CONTEXT('2D SPACE',''
  ) );
#4448 = PCURVE('',#1973,#4449);
#4449 = DEFINITIONAL_REPRESENTATION('',(#4450),#4454);
#4450 = LINE('',#4451,#4452);
#4451 = CARTESIAN_POINT('',(-0.,0.));
#4452 = VECTOR('',#4453,1.);
#4453 = DIRECTION('',(-0.,-1.));
#4454 = ( GEOMETRIC_REPRESENTATION_CONTEXT(2) 
PARAMETRIC_REPRESENTATION_CONTEXT() REPRESENTATION_CONTEXT('2D SPACE',''
  ) );
#4455 = ORIENTED_EDGE('',*,*,#1952,.F.);
#4456 = ORIENTED_EDGE('',*,*,#4435,.F.);
#4457 = ADVANCED_FACE('',(#4458),#2008,.F.);
#4458 = FACE_BOUND('',#4459,.T.);
#4459 = EDGE_LOOP('',(#4460,#4489,#4510,#4511));
#4460 = ORIENTED_EDGE('',*,*,#4461,.F.);
#4461 = EDGE_CURVE('',#4462,#4462,#4464,.T.);
#4462 = VERTEX_POINT('',#4463);
#4463 = CARTESIAN_POINT('',(43.,-11.64213562373,44.142135623731));
#4464 = SURFACE_CURVE('',#4465,(#4470,#4477),.PCURVE_S1.);
#4465 = CIRCLE('',#4466,2.5);
#4466 = AXIS2_PLACEMENT_3D('',#4467,#4468,#4469);
#4467 = CARTESIAN_POINT('',(43.,-14.14213562373,44.142135623731));
#4468 = DIRECTION('',(1.,0.,0.));
#4469 = DIRECTION('',(0.,1.,0.));
#4470 = PCURVE('',#2008,#4471);
#4471 = DEFINITIONAL_REPRESENTATION('',(#4472),#4476);
#4472 = LINE('',#4473,#4474);
#4473 = CARTESIAN_POINT('',(-0.,0.));
#4474 = VECTOR('',#4475,1.);
#4475 = DIRECTION('',(-1.,0.));
#4476 = ( GEOMETRIC_REPRESENTATION_CONTEXT(2) 
PARAMETRIC_REPRESENTATION_CONTEXT() REPRESENTATION_CONTEXT('2D SPACE',''
  ) );
#4477 = PCURVE('',#4478,#4483);
#4478 = PLANE('',#4479);
#4479 = AXIS2_PLACEMENT_3D('',#4480,#4481,#4482);
#4480 = CARTESIAN_POINT('',(43.,-14.14213562373,44.142135623731));
#4481 = DIRECTION('',(1.,0.,0.));
#4482 = DIRECTION('',(-0.,0.,1.));
#4483 = DEFINITIONAL_REPRESENTATION('',(#4484),#4488);
#4484 = CIRCLE('',#4485,2.5);
#4485 = AXIS2_PLACEMENT_2D('',#4486,#4487);
#4486 = CARTESIAN_POINT('',(7.105427357601E-15,3.552713678801E-15));
#4487 = DIRECTION('',(0.,-1.));
#4488 = ( GEOMETRIC_REPRESENTATION_CONTEXT(2) 
PARAMETRIC_REPRESENTATION_CONTEXT() REPRESENTATION_CONTEXT('2D SPACE',''
  ) );
#4489 = ORIENTED_EDGE('',*,*,#4490,.T.);
#4490 = EDGE_CURVE('',#4462,#1988,#4491,.T.);
#4491 = SEAM_CURVE('',#4492,(#4496,#4503),.PCURVE_S1.);
#4492 = LINE('',#4493,#4494);
#4493 = CARTESIAN_POINT('',(43.,-11.64213562373,44.142135623731));
#4494 = VECTOR('',#4495,1.);
#4495 = DIRECTION('',(1.,0.,0.));
#4496 = PCURVE('',#2008,#4497);
#4497 = DEFINITIONAL_REPRESENTATION('',(#4498),#4502);
#4498 = LINE('',#4499,#4500);
#4499 = CARTESIAN_POINT('',(-6.28318530718,0.));
#4500 = VECTOR('',#4501,1.);
#4501 = DIRECTION('',(-0.,-1.));
#4502 = ( GEOMETRIC_REPRESENTATION_CONTEXT(2) 
PARAMETRIC_REPRESENTATION_CONTEXT() REPRESENTATION_CONTEXT('2D SPACE',''
  ) );
#4503 = PCURVE('',#2008,#4504);
#4504 = DEFINITIONAL_REPRESENTATION('',(#4505),#4509);
#4505 = LINE('',#4506,#4507);
#4506 = CARTESIAN_POINT('',(-0.,0.));
#4507 = VECTOR('',#4508,1.);
#4508 = DIRECTION('',(-0.,-1.));
#4509 = ( GEOMETRIC_REPRESENTATION_CONTEXT(2) 
PARAMETRIC_REPRESENTATION_CONTEXT() REPRESENTATION_CONTEXT('2D SPACE',''
  ) );
#4510 = ORIENTED_EDGE('',*,*,#1987,.F.);
#4511 = ORIENTED_EDGE('',*,*,#4490,.F.);
#4512 = ADVANCED_FACE('',(#4513,#4516),#2062,.T.);
#4513 = FACE_BOUND('',#4514,.T.);
#4514 = EDGE_LOOP('',(#4515));
#4515 = ORIENTED_EDGE('',*,*,#2047,.T.);
#4516 = FACE_BOUND('',#4517,.T.);
#4517 = EDGE_LOOP('',(#4518));
#4518 = ORIENTED_EDGE('',*,*,#4519,.F.);
#4519 = EDGE_CURVE('',#4520,#4520,#4522,.T.);
#4520 = VERTEX_POINT('',#4521);
#4521 = CARTESIAN_POINT('',(3.,-18.,62.));
#4522 = SURFACE_CURVE('',#4523,(#4528,#4535),.PCURVE_S1.);
#4523 = CIRCLE('',#4524,3.);
#4524 = AXIS2_PLACEMENT_3D('',#4525,#4526,#4527);
#4525 = CARTESIAN_POINT('',(0.,-18.,62.));
#4526 = DIRECTION('',(0.,-1.,0.));
#4527 = DIRECTION('',(1.,0.,0.));
#4528 = PCURVE('',#2062,#4529);
#4529 = DEFINITIONAL_REPRESENTATION('',(#4530),#4534);
#4530 = CIRCLE('',#4531,3.);
#4531 = AXIS2_PLACEMENT_2D('',#4532,#4533);
#4532 = CARTESIAN_POINT('',(-7.105427357601E-15,8.323548632849E-16));
#4533 = DIRECTION('',(0.,1.));
#4534 = ( GEOMETRIC_REPRESENTATION_CONTEXT(2) 
PARAMETRIC_REPRESENTATION_CONTEXT() REPRESENTATION_CONTEXT('2D SPACE',''
  ) );
#4535 = PCURVE('',#4536,#4541);
#4536 = CYLINDRICAL_SURFACE('',#4537,3.);
#4537 = AXIS2_PLACEMENT_3D('',#4538,#4539,#4540);
#4538 = CARTESIAN_POINT('',(0.,-31.,62.));
#4539 = DIRECTION('',(0.,-1.,0.));
#4540 = DIRECTION('',(1.,0.,0.));
#4541 = DEFINITIONAL_REPRESENTATION('',(#4542),#4546);
#4542 = LINE('',#4543,#4544);
#4543 = CARTESIAN_POINT('',(0.,-13.));
#4544 = VECTOR('',#4545,1.);
#4545 = DIRECTION('',(1.,0.));
#4546 = ( GEOMETRIC_REPRESENTATION_CONTEXT(2) 
PARAMETRIC_REPRESENTATION_CONTEXT() REPRESENTATION_CONTEXT('2D SPACE',''
  ) );
#4547 = ADVANCED_FACE('',(#4548,#4551),#2117,.T.);
#4548 = FACE_BOUND('',#4549,.T.);
#4549 = EDGE_LOOP('',(#4550));
#4550 = ORIENTED_EDGE('',*,*,#2102,.T.);
#4551 = FACE_BOUND('',#4552,.T.);
#4552 = EDGE_LOOP('',(#4553));
#4553 = ORIENTED_EDGE('',*,*,#4554,.F.);
#4554 = EDGE_CURVE('',#4555,#4555,#4557,.T.);
#4555 = VERTEX_POINT('',#4556);
#4556 = CARTESIAN_POINT('',(-31.25,0.,88.5));
#4557 = SURFACE_CURVE('',#4558,(#4563,#4570),.PCURVE_S1.);
#4558 = CIRCLE('',#4559,8.75);
#4559 = AXIS2_PLACEMENT_3D('',#4560,#4561,#4562);
#4560 = CARTESIAN_POINT('',(-40.,0.,88.5));
#4561 = DIRECTION('',(0.,0.,1.));
#4562 = DIRECTION('',(1.,0.,-0.));
#4563 = PCURVE('',#2117,#4564);
#4564 = DEFINITIONAL_REPRESENTATION('',(#4565),#4569);
#4565 = CIRCLE('',#4566,8.75);
#4566 = AXIS2_PLACEMENT_2D('',#4567,#4568);
#4567 = CARTESIAN_POINT('',(7.105427357601E-15,-7.239919503095E-16));
#4568 = DIRECTION('',(1.,0.));
#4569 = ( GEOMETRIC_REPRESENTATION_CONTEXT(2) 
PARAMETRIC_REPRESENTATION_CONTEXT() REPRESENTATION_CONTEXT('2D SPACE',''
  ) );
#4570 = PCURVE('',#4571,#4576);
#4571 = CYLINDRICAL_SURFACE('',#4572,8.75);
#4572 = AXIS2_PLACEMENT_3D('',#4573,#4574,#4575);
#4573 = CARTESIAN_POINT('',(-40.,0.,91.));
#4574 = DIRECTION('',(0.,0.,1.));
#4575 = DIRECTION('',(1.,0.,0.));
#4576 = DEFINITIONAL_REPRESENTATION('',(#4577),#4581);
#4577 = LINE('',#4578,#4579);
#4578 = CARTESIAN_POINT('',(0.,-2.5));
#4579 = VECTOR('',#4580,1.);
#4580 = DIRECTION('',(1.,0.));
#4581 = ( GEOMETRIC_REPRESENTATION_CONTEXT(2) 
PARAMETRIC_REPRESENTATION_CONTEXT() REPRESENTATION_CONTEXT('2D SPACE',''
  ) );
#4582 = ADVANCED_FACE('',(#4583,#4586),#2172,.T.);
#4583 = FACE_BOUND('',#4584,.T.);
#4584 = EDGE_LOOP('',(#4585));
#4585 = ORIENTED_EDGE('',*,*,#2157,.T.);
#4586 = FACE_BOUND('',#4587,.T.);
#4587 = EDGE_LOOP('',(#4588));
#4588 = ORIENTED_EDGE('',*,*,#4589,.F.);
#4589 = EDGE_CURVE('',#4590,#4590,#4592,.T.);
#4590 = VERTEX_POINT('',#4591);
#4591 = CARTESIAN_POINT('',(48.75,0.,88.5));
#4592 = SURFACE_CURVE('',#4593,(#4598,#4605),.PCURVE_S1.);
#4593 = CIRCLE('',#4594,8.75);
#4594 = AXIS2_PLACEMENT_3D('',#4595,#4596,#4597);
#4595 = CARTESIAN_POINT('',(40.,0.,88.5));
#4596 = DIRECTION('',(0.,0.,1.));
#4597 = DIRECTION('',(1.,0.,-0.));
#4598 = PCURVE('',#2172,#4599);
#4599 = DEFINITIONAL_REPRESENTATION('',(#4600),#4604);
#4600 = CIRCLE('',#4601,8.75);
#4601 = AXIS2_PLACEMENT_2D('',#4602,#4603);
#4602 = CARTESIAN_POINT('',(0.,-7.239919503095E-16));
#4603 = DIRECTION('',(1.,0.));
#4604 = ( GEOMETRIC_REPRESENTATION_CONTEXT(2) 
PARAMETRIC_REPRESENTATION_CONTEXT() REPRESENTATION_CONTEXT('2D SPACE',''
  ) );
#4605 = PCURVE('',#4362,#4606);
#4606 = DEFINITIONAL_REPRESENTATION('',(#4607),#4611);
#4607 = LINE('',#4608,#4609);
#4608 = CARTESIAN_POINT('',(0.,-2.5));
#4609 = VECTOR('',#4610,1.);
#4610 = DIRECTION('',(1.,0.));
#4611 = ( GEOMETRIC_REPRESENTATION_CONTEXT(2) 
PARAMETRIC_REPRESENTATION_CONTEXT() REPRESENTATION_CONTEXT('2D SPACE',''
  ) );
#4612 = ADVANCED_FACE('',(#4613),#2227,.F.);
#4613 = FACE_BOUND('',#4614,.F.);
#4614 = EDGE_LOOP('',(#4615));
#4615 = ORIENTED_EDGE('',*,*,#2212,.T.);
#4616 = ADVANCED_FACE('',(#4617),#2282,.F.);
#4617 = FACE_BOUND('',#4618,.F.);
#4618 = EDGE_LOOP('',(#4619));
#4619 = ORIENTED_EDGE('',*,*,#2267,.T.);
#4620 = ADVANCED_FACE('',(#4621),#2337,.F.);
#4621 = FACE_BOUND('',#4622,.F.);
#4622 = EDGE_LOOP('',(#4623));
#4623 = ORIENTED_EDGE('',*,*,#2322,.T.);
#4624 = ADVANCED_FACE('',(#4625),#2392,.F.);
#4625 = FACE_BOUND('',#4626,.F.);
#4626 = EDGE_LOOP('',(#4627));
#4627 = ORIENTED_EDGE('',*,*,#2377,.T.);
#4628 = ADVANCED_FACE('',(#4629,#4632),#2447,.F.);
#4629 = FACE_BOUND('',#4630,.F.);
#4630 = EDGE_LOOP('',(#4631));
#4631 = ORIENTED_EDGE('',*,*,#2432,.T.);
#4632 = FACE_BOUND('',#4633,.F.);
#4633 = EDGE_LOOP('',(#4634));
#4634 = ORIENTED_EDGE('',*,*,#4635,.T.);
#4635 = EDGE_CURVE('',#4636,#4636,#4638,.T.);
#4636 = VERTEX_POINT('',#4637);
#4637 = CARTESIAN_POINT('',(3.,18.,70.));
#4638 = SURFACE_CURVE('',#4639,(#4644,#4655),.PCURVE_S1.);
#4639 = CIRCLE('',#4640,3.);
#4640 = AXIS2_PLACEMENT_3D('',#4641,#4642,#4643);
#4641 = CARTESIAN_POINT('',(0.,18.,70.));
#4642 = DIRECTION('',(-0.,1.,0.));
#4643 = DIRECTION('',(1.,0.,0.));
#4644 = PCURVE('',#2447,#4645);
#4645 = DEFINITIONAL_REPRESENTATION('',(#4646),#4654);
#4646 = ( BOUNDED_CURVE() B_SPLINE_CURVE(2,(#4647,#4648,#4649,#4650,
#4651,#4652,#4653),.UNSPECIFIED.,.T.,.F.) B_SPLINE_CURVE_WITH_KNOTS((1,2
    ,2,2,2,1),(-2.094395102393,0.,2.094395102393,4.188790204786,
6.28318530718,8.377580409573),.UNSPECIFIED.) CURVE() 
GEOMETRIC_REPRESENTATION_ITEM() RATIONAL_B_SPLINE_CURVE((1.,0.5,1.,0.5,
1.,0.5,1.)) REPRESENTATION_ITEM('') );
#4647 = CARTESIAN_POINT('',(-1.42108547152E-14,3.));
#4648 = CARTESIAN_POINT('',(5.196152422707,3.));
#4649 = CARTESIAN_POINT('',(2.598076211353,-1.5));
#4650 = CARTESIAN_POINT('',(-1.347606663571E-14,-6.));
#4651 = CARTESIAN_POINT('',(-2.598076211353,-1.5));
#4652 = CARTESIAN_POINT('',(-5.196152422707,3.));
#4653 = CARTESIAN_POINT('',(-1.42108547152E-14,3.));
#4654 = ( GEOMETRIC_REPRESENTATION_CONTEXT(2) 
PARAMETRIC_REPRESENTATION_CONTEXT() REPRESENTATION_CONTEXT('2D SPACE',''
  ) );
#4655 = PCURVE('',#4656,#4661);
#4656 = CYLINDRICAL_SURFACE('',#4657,3.);
#4657 = AXIS2_PLACEMENT_3D('',#4658,#4659,#4660);
#4658 = CARTESIAN_POINT('',(0.,31.,70.));
#4659 = DIRECTION('',(-0.,1.,-0.));
#4660 = DIRECTION('',(1.,0.,0.));
#4661 = DEFINITIONAL_REPRESENTATION('',(#4662),#4666);
#4662 = LINE('',#4663,#4664);
#4663 = CARTESIAN_POINT('',(-6.28318530718,-13.));
#4664 = VECTOR('',#4665,1.);
#4665 = DIRECTION('',(1.,-0.));
#4666 = ( GEOMETRIC_REPRESENTATION_CONTEXT(2) 
PARAMETRIC_REPRESENTATION_CONTEXT() REPRESENTATION_CONTEXT('2D SPACE',''
  ) );
#4667 = ADVANCED_FACE('',(#4668,#4699),#2488,.T.);
#4668 = FACE_BOUND('',#4669,.T.);
#4669 = EDGE_LOOP('',(#4670));
#4670 = ORIENTED_EDGE('',*,*,#4671,.T.);
#4671 = EDGE_CURVE('',#4672,#4672,#4674,.T.);
#4672 = VERTEX_POINT('',#4673);
#4673 = CARTESIAN_POINT('',(46.35,0.,54.));
#4674 = SURFACE_CURVE('',#4675,(#4680,#4687),.PCURVE_S1.);
#4675 = CIRCLE('',#4676,6.35);
#4676 = AXIS2_PLACEMENT_3D('',#4677,#4678,#4679);
#4677 = CARTESIAN_POINT('',(40.,0.,54.));
#4678 = DIRECTION('',(0.,0.,1.));
#4679 = DIRECTION('',(1.,0.,0.));
#4680 = PCURVE('',#2488,#4681);
#4681 = DEFINITIONAL_REPRESENTATION('',(#4682),#4686);
#4682 = CIRCLE('',#4683,6.35);
#4683 = AXIS2_PLACEMENT_2D('',#4684,#4685);
#4684 = CARTESIAN_POINT('',(0.,4.387200305741E-17));
#4685 = DIRECTION('',(1.,0.));
#4686 = ( GEOMETRIC_REPRESENTATION_CONTEXT(2) 
PARAMETRIC_REPRESENTATION_CONTEXT() REPRESENTATION_CONTEXT('2D SPACE',''
  ) );
#4687 = PCURVE('',#4688,#4693);
#4688 = CYLINDRICAL_SURFACE('',#4689,6.35);
#4689 = AXIS2_PLACEMENT_3D('',#4690,#4691,#4692);
#4690 = CARTESIAN_POINT('',(40.,0.,91.));
#4691 = DIRECTION('',(0.,0.,1.));
#4692 = DIRECTION('',(1.,0.,0.));
#4693 = DEFINITIONAL_REPRESENTATION('',(#4694),#4698);
#4694 = LINE('',#4695,#4696);
#4695 = CARTESIAN_POINT('',(0.,-37.));
#4696 = VECTOR('',#4697,1.);
#4697 = DIRECTION('',(1.,0.));
#4698 = ( GEOMETRIC_REPRESENTATION_CONTEXT(2) 
PARAMETRIC_REPRESENTATION_CONTEXT() REPRESENTATION_CONTEXT('2D SPACE',''
  ) );
#4699 = FACE_BOUND('',#4700,.T.);
#4700 = EDGE_LOOP('',(#4701));
#4701 = ORIENTED_EDGE('',*,*,#2471,.F.);
#4702 = ADVANCED_FACE('',(#4703,#4729),#2543,.T.);
#4703 = FACE_BOUND('',#4704,.T.);
#4704 = EDGE_LOOP('',(#4705));
#4705 = ORIENTED_EDGE('',*,*,#4706,.T.);
#4706 = EDGE_CURVE('',#4707,#4707,#4709,.T.);
#4707 = VERTEX_POINT('',#4708);
#4708 = CARTESIAN_POINT('',(-33.65,0.,54.));
#4709 = SURFACE_CURVE('',#4710,(#4715,#4722),.PCURVE_S1.);
#4710 = CIRCLE('',#4711,6.35);
#4711 = AXIS2_PLACEMENT_3D('',#4712,#4713,#4714);
#4712 = CARTESIAN_POINT('',(-40.,0.,54.));
#4713 = DIRECTION('',(0.,0.,1.));
#4714 = DIRECTION('',(1.,0.,0.));
#4715 = PCURVE('',#2543,#4716);
#4716 = DEFINITIONAL_REPRESENTATION('',(#4717),#4721);
#4717 = CIRCLE('',#4718,6.35);
#4718 = AXIS2_PLACEMENT_2D('',#4719,#4720);
#4719 = CARTESIAN_POINT('',(0.,4.387200305741E-17));
#4720 = DIRECTION('',(1.,0.));
#4721 = ( GEOMETRIC_REPRESENTATION_CONTEXT(2) 
PARAMETRIC_REPRESENTATION_CONTEXT() REPRESENTATION_CONTEXT('2D SPACE',''
  ) );
#4722 = PCURVE('',#3805,#4723);
#4723 = DEFINITIONAL_REPRESENTATION('',(#4724),#4728);
#4724 = LINE('',#4725,#4726);
#4725 = CARTESIAN_POINT('',(0.,-37.));
#4726 = VECTOR('',#4727,1.);
#4727 = DIRECTION('',(1.,0.));
#4728 = ( GEOMETRIC_REPRESENTATION_CONTEXT(2) 
PARAMETRIC_REPRESENTATION_CONTEXT() REPRESENTATION_CONTEXT('2D SPACE',''
  ) );
#4729 = FACE_BOUND('',#4730,.T.);
#4730 = EDGE_LOOP('',(#4731));
#4731 = ORIENTED_EDGE('',*,*,#2526,.F.);
#4732 = ADVANCED_FACE('',(#4733,#6660),#3268,.F.);
#4733 = FACE_BOUND('',#4734,.T.);
#4734 = EDGE_LOOP('',(#4735,#5041,#5042,#5043,#5066,#5374,#5397,#5424,
    #5425,#5733,#6046,#6352,#6353,#6354));
#4735 = ORIENTED_EDGE('',*,*,#4736,.F.);
#4736 = EDGE_CURVE('',#3824,#3703,#4737,.T.);
#4737 = SURFACE_CURVE('',#4738,(#4837,#4939),.PCURVE_S1.);
#4738 = B_SPLINE_CURVE_WITH_KNOTS('',7,(#4739,#4740,#4741,#4742,#4743,
    #4744,#4745,#4746,#4747,#4748,#4749,#4750,#4751,#4752,#4753,#4754,
    #4755,#4756,#4757,#4758,#4759,#4760,#4761,#4762,#4763,#4764,#4765,
    #4766,#4767,#4768,#4769,#4770,#4771,#4772,#4773,#4774,#4775,#4776,
    #4777,#4778,#4779,#4780,#4781,#4782,#4783,#4784,#4785,#4786,#4787,
    #4788,#4789,#4790,#4791,#4792,#4793,#4794,#4795,#4796,#4797,#4798,
    #4799,#4800,#4801,#4802,#4803,#4804,#4805,#4806,#4807,#4808,#4809,
    #4810,#4811,#4812,#4813,#4814,#4815,#4816,#4817,#4818,#4819,#4820,
    #4821,#4822,#4823,#4824,#4825,#4826,#4827,#4828,#4829,#4830,#4831,
    #4832,#4833,#4834,#4835,#4836),.UNSPECIFIED.,.F.,.F.,(8,6,6,6,6,6,6,
    6,6,6,6,6,6,6,6,6,8),(0.,2.660431298379E-04,0.116650801532,
    0.140805835934,0.181826404443,0.226847243165,0.289448086141,
    0.383449806017,0.502616126917,0.564742319127,0.621528184568,
    0.746343208055,0.790560380493,0.86015872383,0.884148289421,
    0.999735779341,1.),.UNSPECIFIED.);
#4739 = CARTESIAN_POINT('',(-47.18070330817,-1.,62.));
#4740 = CARTESIAN_POINT('',(-47.18070330817,-1.,61.999122498484));
#4741 = CARTESIAN_POINT('',(-47.18070327689,-1.000000224586,
    61.998244996969));
#4742 = CARTESIAN_POINT('',(-47.18070321434,-1.000000673758,
    61.997367495491));
#4743 = CARTESIAN_POINT('',(-47.18070312051,-1.000001347516,
    61.996489994087));
#4744 = CARTESIAN_POINT('',(-47.1807029954,-1.000002245859,
    61.995612492797));
#4745 = CARTESIAN_POINT('',(-47.18070283902,-1.000003368789,
    61.994734991656));
#4746 = CARTESIAN_POINT('',(-47.18062055704,-1.000594208422,
    61.609980874451));
#4747 = CARTESIAN_POINT('',(-47.17455348047,-1.044164897719,
    61.22566077843));
#4748 = CARTESIAN_POINT('',(-47.16245302301,-1.130917218958,
    60.844158412609));
#4749 = CARTESIAN_POINT('',(-47.14254234385,-1.261769585092,
    60.469072793832));
#4750 = CARTESIAN_POINT('',(-47.11122858201,-1.43804892764,
    60.10489135796));
#4751 = CARTESIAN_POINT('',(-47.06271825992,-1.661073319694,
    59.757422755746));
#4752 = CARTESIAN_POINT('',(-46.97249981851,-1.987494471919,
    59.367043517497));
#4753 = CARTESIAN_POINT('',(-46.95587781758,-2.04558833645,
    59.301044996691));
#4754 = CARTESIAN_POINT('',(-46.93807275148,-2.105635618828,
    59.236250687753));
#4755 = CARTESIAN_POINT('',(-46.91901543739,-2.167592970538,
    59.172762180525));
#4756 = CARTESIAN_POINT('',(-46.89863509698,-2.231411489133,
    59.110675749036));
#4757 = CARTESIAN_POINT('',(-46.87685974048,-2.297037138488,
    59.050082420493));
#4758 = CARTESIAN_POINT('',(-46.81414449512,-2.478827111902,
    58.890848635696));
#4759 = CARTESIAN_POINT('',(-46.77039337833,-2.598419037168,
    58.795065951302));
#4760 = CARTESIAN_POINT('',(-46.72209735773,-2.722602862924,
    58.704436526994));
#4761 = CARTESIAN_POINT('',(-46.66903444425,-2.850719633718,
    58.619519699446));
#4762 = CARTESIAN_POINT('',(-46.61104433826,-2.982054968225,
    58.540726329012));
#4763 = CARTESIAN_POINT('',(-46.54804626554,-3.115858506902,
    58.468327522623));
#4764 = CARTESIAN_POINT('',(-46.40543712185,-3.400082461888,
    58.33017620659));
#4765 = CARTESIAN_POINT('',(-46.32502205255,-3.550417972166,
    58.265970725595));
#4766 = CARTESIAN_POINT('',(-46.23889119904,-3.701341074098,
    58.20994471065));
#4767 = CARTESIAN_POINT('',(-46.1472670079,-3.851812622457,
    58.162011064033));
#4768 = CARTESIAN_POINT('',(-46.05053847466,-4.000798737506,
    58.121914123649));
#4769 = CARTESIAN_POINT('',(-45.94928483976,-4.147286399337,
    58.089245993348));
#4770 = CARTESIAN_POINT('',(-45.69831834699,-4.489156110461,
    58.027611807358));
#4771 = CARTESIAN_POINT('',(-45.54516926707,-4.681229216344,
    58.005084299721));
#4772 = CARTESIAN_POINT('',(-45.38564599015,-4.86573438732,
    57.994073113957));
#4773 = CARTESIAN_POINT('',(-45.22059566002,-5.042111229134,
    57.992924877859));
#4774 = CARTESIAN_POINT('',(-45.05090147952,-5.209961168292,
    58.000105349037));
#4775 = CARTESIAN_POINT('',(-44.87747879837,-5.369010232401,
    58.014182247024));
#4776 = CARTESIAN_POINT('',(-44.43671013479,-5.744466415136,
    58.063322280675));
#4777 = CARTESIAN_POINT('',(-44.16473132772,-5.950609789581,
    58.105498168186));
#4778 = CARTESIAN_POINT('',(-43.88683416912,-6.138068769303,
    58.156236988588));
#4779 = CARTESIAN_POINT('',(-43.60407567654,-6.307604743172,
    58.212274404285));
#4780 = CARTESIAN_POINT('',(-43.31706338906,-6.460022919207,
    58.270910043038));
#4781 = CARTESIAN_POINT('',(-43.02598236239,-6.59602586758,
    58.329799675024));
#4782 = CARTESIAN_POINT('',(-42.35630029795,-6.868309112313,
    58.459122083845));
#4783 = CARTESIAN_POINT('',(-41.97363858196,-6.99552309637,
    58.528711705634));
#4784 = CARTESIAN_POINT('',(-41.58511688036,-7.097187008057,
    58.590684178882));
#4785 = CARTESIAN_POINT('',(-41.19262212409,-7.173358046322,
    58.640669388364));
#4786 = CARTESIAN_POINT('',(-40.79728582028,-7.224301507527,
    58.675327106499));
#4787 = CARTESIAN_POINT('',(-40.39962176684,-7.25,58.692810861169));
#4788 = CARTESIAN_POINT('',(-39.79166111271,-7.25,58.692810861169));
#4789 = CARTESIAN_POINT('',(-39.58344018725,-7.243015296522,
    58.688058921834));
#4790 = CARTESIAN_POINT('',(-39.37552557136,-7.229059997446,
    58.678564608788));
#4791 = CARTESIAN_POINT('',(-39.16811675954,-7.208144108498,
    58.66447074279));
#4792 = CARTESIAN_POINT('',(-38.96144420327,-7.180276641422,
    58.646053809891));
#4793 = CARTESIAN_POINT('',(-38.7557889804,-7.145481586457,
    58.62371395865));
#4794 = CARTESIAN_POINT('',(-38.36477601372,-7.065752534253,
    58.574409469081));
#4795 = CARTESIAN_POINT('',(-38.1791335753,-7.021935116694,
    58.547999676648));
#4796 = CARTESIAN_POINT('',(-37.99461529995,-6.972372870242,
    58.5190786159));
#4797 = CARTESIAN_POINT('',(-37.81128244682,-6.917046014971,
    58.488045240419));
#4798 = CARTESIAN_POINT('',(-37.62921757502,-6.855920817584,
    58.455338508408));
#4799 = CARTESIAN_POINT('',(-37.44852487622,-6.788953791802,
    58.421431842525));
#4800 = CARTESIAN_POINT('',(-36.87546225837,-6.555954645928,
    58.310767630237));
#4801 = CARTESIAN_POINT('',(-36.48082416722,-6.364096597963,
    58.22979230519));
#4802 = CARTESIAN_POINT('',(-36.08954449583,-6.138838336293,
    58.149439772209));
#4803 = CARTESIAN_POINT('',(-35.70611863425,-5.879097504631,
    58.077043065186));
#4804 = CARTESIAN_POINT('',(-35.33555981354,-5.584674139944,
    58.021325277558));
#4805 = CARTESIAN_POINT('',(-34.9833173559,-5.256602922325,
    57.992160029178));
#4806 = CARTESIAN_POINT('',(-34.53839292399,-4.771061367504,
    58.0045363387));
#4807 = CARTESIAN_POINT('',(-34.42436386207,-4.639553140425,
    58.012598092323));
#4808 = CARTESIAN_POINT('',(-34.31329354641,-4.503951604332,
    58.026090676461));
#4809 = CARTESIAN_POINT('',(-34.20569444528,-4.364699742287,
    58.045600536315));
#4810 = CARTESIAN_POINT('',(-34.101997368,-4.222283334769,
    58.071691010977));
#4811 = CARTESIAN_POINT('',(-34.0025572577,-4.077232760995,
    58.104899380774));
#4812 = CARTESIAN_POINT('',(-33.75828799836,-3.698575160214,
    58.210007945493));
#4813 = CARTESIAN_POINT('',(-33.62059135569,-3.462582668954,
    58.292994308568));
#4814 = CARTESIAN_POINT('',(-33.49682897652,-3.226419743307,
    58.395941398776));
#4815 = CARTESIAN_POINT('',(-33.38796571438,-2.99444790884,
    58.519016438564));
#4816 = CARTESIAN_POINT('',(-33.29391327292,-2.770954412973,
    58.661148050056));
#4817 = CARTESIAN_POINT('',(-33.21381641296,-2.559876188723,
    58.819855989543));
#4818 = CARTESIAN_POINT('',(-33.12314025951,-2.297037138488,
    59.050082420493));
#4819 = CARTESIAN_POINT('',(-33.10136490301,-2.231411489133,
    59.110675749036));
#4820 = CARTESIAN_POINT('',(-33.08098456261,-2.167592970538,
    59.172762180525));
#4821 = CARTESIAN_POINT('',(-33.06192724852,-2.105635618829,
    59.236250687753));
#4822 = CARTESIAN_POINT('',(-33.04412218241,-2.04558833645,
    59.301044996691));
#4823 = CARTESIAN_POINT('',(-33.02750018148,-1.987494471919,
    59.367043517497));
#4824 = CARTESIAN_POINT('',(-32.93728174007,-1.661073319693,
    59.757422755747));
#4825 = CARTESIAN_POINT('',(-32.88877141798,-1.438048927641,
    60.104891357958));
#4826 = CARTESIAN_POINT('',(-32.85745765613,-1.26176958509,
    60.469072793834));
#4827 = CARTESIAN_POINT('',(-32.83754697699,-1.13091721896,
    60.844158412607));
#4828 = CARTESIAN_POINT('',(-32.82544651952,-1.044164897719,
    61.225660778432));
#4829 = CARTESIAN_POINT('',(-32.81937944295,-1.000594208422,
    61.60998087445));
#4830 = CARTESIAN_POINT('',(-32.81929716097,-1.000003368789,
    61.994734991656));
#4831 = CARTESIAN_POINT('',(-32.81929700459,-1.000002245859,
    61.995612492797));
#4832 = CARTESIAN_POINT('',(-32.81929687948,-1.000001347516,
    61.996489994087));
#4833 = CARTESIAN_POINT('',(-32.81929678565,-1.000000673758,
    61.997367495491));
#4834 = CARTESIAN_POINT('',(-32.8192967231,-1.000000224586,
    61.998244996969));
#4835 = CARTESIAN_POINT('',(-32.81929669182,-1.,61.999122498484));
#4836 = CARTESIAN_POINT('',(-32.81929669182,-1.,62.));
#4837 = PCURVE('',#3268,#4838);
#4838 = DEFINITIONAL_REPRESENTATION('',(#4839),#4938);
#4839 = B_SPLINE_CURVE_WITH_KNOTS('',7,(#4840,#4841,#4842,#4843,#4844,
    #4845,#4846,#4847,#4848,#4849,#4850,#4851,#4852,#4853,#4854,#4855,
    #4856,#4857,#4858,#4859,#4860,#4861,#4862,#4863,#4864,#4865,#4866,
    #4867,#4868,#4869,#4870,#4871,#4872,#4873,#4874,#4875,#4876,#4877,
    #4878,#4879,#4880,#4881,#4882,#4883,#4884,#4885,#4886,#4887,#4888,
    #4889,#4890,#4891,#4892,#4893,#4894,#4895,#4896,#4897,#4898,#4899,
    #4900,#4901,#4902,#4903,#4904,#4905,#4906,#4907,#4908,#4909,#4910,
    #4911,#4912,#4913,#4914,#4915,#4916,#4917,#4918,#4919,#4920,#4921,
    #4922,#4923,#4924,#4925,#4926,#4927,#4928,#4929,#4930,#4931,#4932,
    #4933,#4934,#4935,#4936,#4937),.UNSPECIFIED.,.F.,.F.,(8,6,6,6,6,6,6,
    6,6,6,6,6,6,6,6,6,8),(0.,2.660431298379E-04,0.116650801532,
    0.140805835934,0.181826404443,0.226847243165,0.289448086141,
    0.383449806017,0.502616126917,0.564742319127,0.621528184568,
    0.746343208055,0.790560380493,0.86015872383,0.884148289421,
    0.999735779341,1.),.UNSPECIFIED.);
#4840 = CARTESIAN_POINT('',(-6.28318530718,-8.819296691827));
#4841 = CARTESIAN_POINT('',(-6.282965931801,-8.819296691827));
#4842 = CARTESIAN_POINT('',(-6.282746556422,-8.819296723104));
#4843 = CARTESIAN_POINT('',(-6.282527181035,-8.819296785656));
#4844 = CARTESIAN_POINT('',(-6.282307805632,-8.819296879485));
#4845 = CARTESIAN_POINT('',(-6.282088430206,-8.819297004591));
#4846 = CARTESIAN_POINT('',(-6.281869054749,-8.819297160973));
#4847 = CARTESIAN_POINT('',(-6.185680412034,-8.819379442951));
#4848 = CARTESIAN_POINT('',(-6.089583753059,-8.825446519531));
#4849 = CARTESIAN_POINT('',(-5.992731414005,-8.837546976986));
#4850 = CARTESIAN_POINT('',(-5.894561161767,-8.857457656147));
#4851 = CARTESIAN_POINT('',(-5.794536393355,-8.888771417983));
#4852 = CARTESIAN_POINT('',(-5.692130479874,-8.937281740077));
#4853 = CARTESIAN_POINT('',(-5.564913460996,-9.027500181487));
#4854 = CARTESIAN_POINT('',(-5.542939437893,-9.044122182413));
#4855 = CARTESIAN_POINT('',(-5.520866027408,-9.06192724852));
#4856 = CARTESIAN_POINT('',(-5.498701833746,-9.08098456261));
#4857 = CARTESIAN_POINT('',(-5.476454757413,-9.101364903011));
#4858 = CARTESIAN_POINT('',(-5.454132117402,-9.123140259517));
#4859 = CARTESIAN_POINT('',(-5.393715339592,-9.185855504874));
#4860 = CARTESIAN_POINT('',(-5.355447488235,-9.22960662167));
#4861 = CARTESIAN_POINT('',(-5.317074770151,-9.277902642264));
#4862 = CARTESIAN_POINT('',(-5.278718934739,-9.330965555741));
#4863 = CARTESIAN_POINT('',(-5.24049037629,-9.388955661735));
#4864 = CARTESIAN_POINT('',(-5.202492580315,-9.451953734456));
#4865 = CARTESIAN_POINT('',(-5.123487421184,-9.594562878142));
#4866 = CARTESIAN_POINT('',(-5.082668287109,-9.674977947447));
#4867 = CARTESIAN_POINT('',(-5.04249496528,-9.761108800958));
#4868 = CARTESIAN_POINT('',(-5.00309028631,-9.852732992092));
#4869 = CARTESIAN_POINT('',(-4.964578239244,-9.949461525338));
#4870 = CARTESIAN_POINT('',(-4.927088096996,-10.05071516023));
#4871 = CARTESIAN_POINT('',(-4.840242806297,-10.301681653));
#4872 = CARTESIAN_POINT('',(-4.79198706495,-10.45483073292));
#4873 = CARTESIAN_POINT('',(-4.745893896377,-10.61435400984));
#4874 = CARTESIAN_POINT('',(-4.701901049573,-10.77940433997));
#4875 = CARTESIAN_POINT('',(-4.659972162812,-10.94909852047));
#4876 = CARTESIAN_POINT('',(-4.620089376313,-11.12252120162));
#4877 = CARTESIAN_POINT('',(-4.525424807947,-11.5632898652));
#4878 = CARTESIAN_POINT('',(-4.47295608138,-11.83526867228));
#4879 = CARTESIAN_POINT('',(-4.424543207438,-12.11316583087));
#4880 = CARTESIAN_POINT('',(-4.380004773847,-12.39592432346));
#4881 = CARTESIAN_POINT('',(-4.339237479534,-12.68293661093));
#4882 = CARTESIAN_POINT('',(-4.302208193414,-12.9740176376));
#4883 = CARTESIAN_POINT('',(-4.226849695724,-13.64369970204));
#4884 = CARTESIAN_POINT('',(-4.190657909621,-14.02636141803));
#4885 = CARTESIAN_POINT('',(-4.160930841554,-14.41488311963));
#4886 = CARTESIAN_POINT('',(-4.138156697614,-14.8073778759));
#4887 = CARTESIAN_POINT('',(-4.122753094688,-15.20271417971));
#4888 = CARTESIAN_POINT('',(-4.114982563739,-15.60037823315));
#4889 = CARTESIAN_POINT('',(-4.114982563739,-16.20833888728));
#4890 = CARTESIAN_POINT('',(-4.117094528557,-16.41655981274));
#4891 = CARTESIAN_POINT('',(-4.121314251369,-16.62447442863));
#4892 = CARTESIAN_POINT('',(-4.127619459728,-16.83188324045));
#4893 = CARTESIAN_POINT('',(-4.135969530173,-17.03855579672));
#4894 = CARTESIAN_POINT('',(-4.146305363436,-17.24421101959));
#4895 = CARTESIAN_POINT('',(-4.16974098597,-17.63522398627));
#4896 = CARTESIAN_POINT('',(-4.182530376023,-17.82086642469));
#4897 = CARTESIAN_POINT('',(-4.196873812743,-18.00538470004));
#4898 = CARTESIAN_POINT('',(-4.21272820164,-18.18871755318));
#4899 = CARTESIAN_POINT('',(-4.230053065492,-18.37078242498));
#4900 = CARTESIAN_POINT('',(-4.248812478426,-18.55147512377));
#4901 = CARTESIAN_POINT('',(-4.313298508822,-19.12453774162));
#4902 = CARTESIAN_POINT('',(-4.365309201915,-19.51917583277));
#4903 = CARTESIAN_POINT('',(-4.42494031926,-19.91045550416));
#4904 = CARTESIAN_POINT('',(-4.492004096136,-20.29388136574));
#4905 = CARTESIAN_POINT('',(-4.566406117952,-20.66444018645));
#4906 = CARTESIAN_POINT('',(-4.648211894743,-21.01668264409));
#4907 = CARTESIAN_POINT('',(-4.769636710601,-21.461607076));
#4908 = CARTESIAN_POINT('',(-4.802554440918,-21.57563613792));
#4909 = CARTESIAN_POINT('',(-4.836582118591,-21.68670645358));
#4910 = CARTESIAN_POINT('',(-4.871682238361,-21.79430555471));
#4911 = CARTESIAN_POINT('',(-4.907824548889,-21.89800263199));
#4912 = CARTESIAN_POINT('',(-4.944986575501,-21.99744274229));
#4913 = CARTESIAN_POINT('',(-5.04323033771,-22.24171200163));
#4914 = CARTESIAN_POINT('',(-5.105627904133,-22.3794086443));
#4915 = CARTESIAN_POINT('',(-5.169755873298,-22.50317102347));
#4916 = CARTESIAN_POINT('',(-5.235050841765,-22.61203428562));
#4917 = CARTESIAN_POINT('',(-5.300941196953,-22.70608672707));
#4918 = CARTESIAN_POINT('',(-5.366779178185,-22.78618358703));
#4919 = CARTESIAN_POINT('',(-5.454132117402,-22.87685974048));
#4920 = CARTESIAN_POINT('',(-5.476454757413,-22.89863509698));
#4921 = CARTESIAN_POINT('',(-5.498701833746,-22.91901543739));
#4922 = CARTESIAN_POINT('',(-5.520866027408,-22.93807275148));
#4923 = CARTESIAN_POINT('',(-5.542939437893,-22.95587781758));
#4924 = CARTESIAN_POINT('',(-5.564913460996,-22.97249981851));
#4925 = CARTESIAN_POINT('',(-5.692130479874,-23.06271825992));
#4926 = CARTESIAN_POINT('',(-5.794536393355,-23.11122858201));
#4927 = CARTESIAN_POINT('',(-5.894561161768,-23.14254234385));
#4928 = CARTESIAN_POINT('',(-5.992731414004,-23.16245302301));
#4929 = CARTESIAN_POINT('',(-6.089583753059,-23.17455348047));
#4930 = CARTESIAN_POINT('',(-6.185680412034,-23.18062055704));
#4931 = CARTESIAN_POINT('',(-6.281869054749,-23.18070283902));
#4932 = CARTESIAN_POINT('',(-6.282088430206,-23.1807029954));
#4933 = CARTESIAN_POINT('',(-6.282307805632,-23.18070312051));
#4934 = CARTESIAN_POINT('',(-6.282527181035,-23.18070321434));
#4935 = CARTESIAN_POINT('',(-6.282746556422,-23.18070327689));
#4936 = CARTESIAN_POINT('',(-6.282965931801,-23.18070330817));
#4937 = CARTESIAN_POINT('',(-6.28318530718,-23.18070330817));
#4938 = ( GEOMETRIC_REPRESENTATION_CONTEXT(2) 
PARAMETRIC_REPRESENTATION_CONTEXT() REPRESENTATION_CONTEXT('2D SPACE',''
  ) );
#4939 = PCURVE('',#3770,#4940);
#4940 = DEFINITIONAL_REPRESENTATION('',(#4941),#5040);
#4941 = B_SPLINE_CURVE_WITH_KNOTS('',7,(#4942,#4943,#4944,#4945,#4946,
    #4947,#4948,#4949,#4950,#4951,#4952,#4953,#4954,#4955,#4956,#4957,
    #4958,#4959,#4960,#4961,#4962,#4963,#4964,#4965,#4966,#4967,#4968,
    #4969,#4970,#4971,#4972,#4973,#4974,#4975,#4976,#4977,#4978,#4979,
    #4980,#4981,#4982,#4983,#4984,#4985,#4986,#4987,#4988,#4989,#4990,
    #4991,#4992,#4993,#4994,#4995,#4996,#4997,#4998,#4999,#5000,#5001,
    #5002,#5003,#5004,#5005,#5006,#5007,#5008,#5009,#5010,#5011,#5012,
    #5013,#5014,#5015,#5016,#5017,#5018,#5019,#5020,#5021,#5022,#5023,
    #5024,#5025,#5026,#5027,#5028,#5029,#5030,#5031,#5032,#5033,#5034,
    #5035,#5036,#5037,#5038,#5039),.UNSPECIFIED.,.F.,.F.,(8,6,6,6,6,6,6,
    6,6,6,6,6,6,6,6,6,8),(0.,2.660431298379E-04,0.116650801532,
    0.140805835934,0.181826404443,0.226847243165,0.289448086141,
    0.383449806017,0.502616126917,0.564742319127,0.621528184568,
    0.746343208055,0.790560380493,0.86015872383,0.884148289421,
    0.999735779341,1.),.UNSPECIFIED.);
#4942 = CARTESIAN_POINT('',(3.279964830975,-29.));
#4943 = CARTESIAN_POINT('',(3.279964830975,-29.00087750151));
#4944 = CARTESIAN_POINT('',(3.279964862251,-29.00175500303));
#4945 = CARTESIAN_POINT('',(3.279964924804,-29.0026325045));
#4946 = CARTESIAN_POINT('',(3.279965018633,-29.00351000591));
#4947 = CARTESIAN_POINT('',(3.279965143738,-29.0043875072));
#4948 = CARTESIAN_POINT('',(3.27996530012,-29.00526500834));
#4949 = CARTESIAN_POINT('',(3.28004758171,-29.39001912554));
#4950 = CARTESIAN_POINT('',(3.28611522744,-29.77433922157));
#4951 = CARTESIAN_POINT('',(3.298197358353,-30.15584158739));
#4952 = CARTESIAN_POINT('',(3.316451052364,-30.53092720616));
#4953 = CARTESIAN_POINT('',(3.341131483904,-30.89510864204));
#4954 = CARTESIAN_POINT('',(3.37256439388,-31.24257724425));
#4955 = CARTESIAN_POINT('',(3.419276024381,-31.6329564825));
#4956 = CARTESIAN_POINT('',(3.427610176457,-31.6989550033));
#4957 = CARTESIAN_POINT('',(3.436248344985,-31.76374931224));
#4958 = CARTESIAN_POINT('',(3.445188444443,-31.82723781947));
#4959 = CARTESIAN_POINT('',(3.454428049422,-31.88932425096));
#4960 = CARTESIAN_POINT('',(3.463964485533,-31.9499175795));
#4961 = CARTESIAN_POINT('',(3.490489163719,-32.1091513643));
#4962 = CARTESIAN_POINT('',(3.50805085038,-32.20493404869));
#4963 = CARTESIAN_POINT('',(3.526423134514,-32.295563473));
#4964 = CARTESIAN_POINT('',(3.545541532813,-32.38048030055));
#4965 = CARTESIAN_POINT('',(3.565335097358,-32.45927367098));
#4966 = CARTESIAN_POINT('',(3.585727588527,-32.53167247737));
#4967 = CARTESIAN_POINT('',(3.629588925422,-32.66982379341));
#4968 = CARTESIAN_POINT('',(3.653097057737,-32.7340292744));
#4969 = CARTESIAN_POINT('',(3.67705066214,-32.79005528935));
#4970 = CARTESIAN_POINT('',(3.701332398255,-32.83798893596));
#4971 = CARTESIAN_POINT('',(3.725817163987,-32.87808587635));
#4972 = CARTESIAN_POINT('',(3.750369291487,-32.91075400665));
#4973 = CARTESIAN_POINT('',(3.808865561865,-32.97238819264));
#4974 = CARTESIAN_POINT('',(3.842722158351,-32.99491570027));
#4975 = CARTESIAN_POINT('',(3.876321979759,-33.00592688604));
#4976 = CARTESIAN_POINT('',(3.909594844308,-33.00707512214));
#4977 = CARTESIAN_POINT('',(3.942478838046,-32.99989465096));
#4978 = CARTESIAN_POINT('',(3.974913950057,-32.98581775297));
#4979 = CARTESIAN_POINT('',(4.05477641923,-32.93667771932));
#4980 = CARTESIAN_POINT('',(4.101772180203,-32.89450183181));
#4981 = CARTESIAN_POINT('',(4.147898252661,-32.84376301141));
#4982 = CARTESIAN_POINT('',(4.193259489371,-32.78772559571));
#4983 = CARTESIAN_POINT('',(4.237989269837,-32.72908995696));
#4984 = CARTESIAN_POINT('',(4.28224716653,-32.67020032497));
#4985 = CARTESIAN_POINT('',(4.38196016565,-32.54087791615));
#4986 = CARTESIAN_POINT('',(4.437463096527,-32.47128829436));
#4987 = CARTESIAN_POINT('',(4.492670241204,-32.40931582111));
#4988 = CARTESIAN_POINT('',(4.547615791664,-32.35933061163));
#4989 = CARTESIAN_POINT('',(4.602418534153,-32.3246728935));
#4990 = CARTESIAN_POINT('',(4.657268736682,-32.30718913883));
#4991 = CARTESIAN_POINT('',(4.741125378631,-32.30718913883));
#4992 = CARTESIAN_POINT('',(4.769845500567,-32.31194107816));
#4993 = CARTESIAN_POINT('',(4.798562157602,-32.32143539121));
#4994 = CARTESIAN_POINT('',(4.82728632112,-32.33552925721));
#4995 = CARTESIAN_POINT('',(4.856024960775,-32.3539461901));
#4996 = CARTESIAN_POINT('',(4.884778146717,-32.37628604135));
#4997 = CARTESIAN_POINT('',(4.939820728763,-32.42559053091));
#4998 = CARTESIAN_POINT('',(4.966117834958,-32.45200032335));
#4999 = CARTESIAN_POINT('',(4.992450959452,-32.4809213841));
#5000 = CARTESIAN_POINT('',(5.018842199526,-32.51195475958));
#5001 = CARTESIAN_POINT('',(5.045311820455,-32.54466149159));
#5002 = CARTESIAN_POINT('',(5.071878551363,-32.57856815747));
#5003 = CARTESIAN_POINT('',(5.1572052987,-32.68923236976));
#5004 = CARTESIAN_POINT('',(5.217596857681,-32.77020769481));
#5005 = CARTESIAN_POINT('',(5.279623558069,-32.85056022779));
#5006 = CARTESIAN_POINT('',(5.343186332383,-32.92295693481));
#5007 = CARTESIAN_POINT('',(5.408150908898,-32.97867472244));
#5008 = CARTESIAN_POINT('',(5.474337266918,-33.00783997082));
#5009 = CARTESIAN_POINT('',(5.565173870201,-32.9954636613));
#5010 = CARTESIAN_POINT('',(5.58917316427,-32.98740190767));
#5011 = CARTESIAN_POINT('',(5.613334931862,-32.97390932353));
#5012 = CARTESIAN_POINT('',(5.637590229727,-32.95439946368));
#5013 = CARTESIAN_POINT('',(5.661873693975,-32.92830898902));
#5014 = CARTESIAN_POINT('',(5.686121210845,-32.89510061922));
#5015 = CARTESIAN_POINT('',(5.748274264949,-32.7899920545));
#5016 = CARTESIAN_POINT('',(5.785923051148,-32.70700569143));
#5017 = CARTESIAN_POINT('',(5.822639159133,-32.60405860122));
#5018 = CARTESIAN_POINT('',(5.857927715047,-32.48098356143));
#5019 = CARTESIAN_POINT('',(5.891337601602,-32.33885194994));
#5020 = CARTESIAN_POINT('',(5.922463058592,-32.18014401045));
#5021 = CARTESIAN_POINT('',(5.960813475236,-31.9499175795));
#5022 = CARTESIAN_POINT('',(5.970349911347,-31.88932425096));
#5023 = CARTESIAN_POINT('',(5.979589516326,-31.82723781947));
#5024 = CARTESIAN_POINT('',(5.988529615785,-31.76374931224));
#5025 = CARTESIAN_POINT('',(5.997167784313,-31.6989550033));
#5026 = CARTESIAN_POINT('',(6.005501936388,-31.6329564825));
#5027 = CARTESIAN_POINT('',(6.05221356689,-31.24257724425));
#5028 = CARTESIAN_POINT('',(6.083646476865,-30.89510864204));
#5029 = CARTESIAN_POINT('',(6.108326908405,-30.53092720616));
#5030 = CARTESIAN_POINT('',(6.126580602416,-30.15584158739));
#5031 = CARTESIAN_POINT('',(6.13866273333,-29.77433922156));
#5032 = CARTESIAN_POINT('',(6.14473037906,-29.39001912555));
#5033 = CARTESIAN_POINT('',(6.14481266065,-29.00526500834));
#5034 = CARTESIAN_POINT('',(6.144812817031,-29.0043875072));
#5035 = CARTESIAN_POINT('',(6.144812942137,-29.00351000591));
#5036 = CARTESIAN_POINT('',(6.144813035966,-29.0026325045));
#5037 = CARTESIAN_POINT('',(6.144813098518,-29.00175500303));
#5038 = CARTESIAN_POINT('',(6.144813129794,-29.00087750151));
#5039 = CARTESIAN_POINT('',(6.144813129794,-29.));
#5040 = ( GEOMETRIC_REPRESENTATION_CONTEXT(2) 
PARAMETRIC_REPRESENTATION_CONTEXT() REPRESENTATION_CONTEXT('2D SPACE',''
  ) );
#5041 = ORIENTED_EDGE('',*,*,#3844,.T.);
#5042 = ORIENTED_EDGE('',*,*,#3074,.F.);
#5043 = ORIENTED_EDGE('',*,*,#5044,.T.);
#5044 = EDGE_CURVE('',#3075,#5045,#5047,.T.);
#5045 = VERTEX_POINT('',#5046);
#5046 = CARTESIAN_POINT('',(32.819296691827,-1.,62.));
#5047 = SEAM_CURVE('',#5048,(#5052,#5059),.PCURVE_S1.);
#5048 = LINE('',#5049,#5050);
#5049 = CARTESIAN_POINT('',(-56.,-1.,62.));
#5050 = VECTOR('',#5051,1.);
#5051 = DIRECTION('',(1.,0.,0.));
#5052 = PCURVE('',#3268,#5053);
#5053 = DEFINITIONAL_REPRESENTATION('',(#5054),#5058);
#5054 = LINE('',#5055,#5056);
#5055 = CARTESIAN_POINT('',(-6.28318530718,0.));
#5056 = VECTOR('',#5057,1.);
#5057 = DIRECTION('',(-0.,-1.));
#5058 = ( GEOMETRIC_REPRESENTATION_CONTEXT(2) 
PARAMETRIC_REPRESENTATION_CONTEXT() REPRESENTATION_CONTEXT('2D SPACE',''
  ) );
#5059 = PCURVE('',#3268,#5060);
#5060 = DEFINITIONAL_REPRESENTATION('',(#5061),#5065);
#5061 = LINE('',#5062,#5063);
#5062 = CARTESIAN_POINT('',(-0.,0.));
#5063 = VECTOR('',#5064,1.);
#5064 = DIRECTION('',(-0.,-1.));
#5065 = ( GEOMETRIC_REPRESENTATION_CONTEXT(2) 
PARAMETRIC_REPRESENTATION_CONTEXT() REPRESENTATION_CONTEXT('2D SPACE',''
  ) );
#5066 = ORIENTED_EDGE('',*,*,#5067,.F.);
#5067 = EDGE_CURVE('',#5068,#5045,#5070,.T.);
#5068 = VERTEX_POINT('',#5069);
#5069 = CARTESIAN_POINT('',(47.180703308173,-1.,62.));
#5070 = SURFACE_CURVE('',#5071,(#5170,#5272),.PCURVE_S1.);
#5071 = B_SPLINE_CURVE_WITH_KNOTS('',7,(#5072,#5073,#5074,#5075,#5076,
    #5077,#5078,#5079,#5080,#5081,#5082,#5083,#5084,#5085,#5086,#5087,
    #5088,#5089,#5090,#5091,#5092,#5093,#5094,#5095,#5096,#5097,#5098,
    #5099,#5100,#5101,#5102,#5103,#5104,#5105,#5106,#5107,#5108,#5109,
    #5110,#5111,#5112,#5113,#5114,#5115,#5116,#5117,#5118,#5119,#5120,
    #5121,#5122,#5123,#5124,#5125,#5126,#5127,#5128,#5129,#5130,#5131,
    #5132,#5133,#5134,#5135,#5136,#5137,#5138,#5139,#5140,#5141,#5142,
    #5143,#5144,#5145,#5146,#5147,#5148,#5149,#5150,#5151,#5152,#5153,
    #5154,#5155,#5156,#5157,#5158,#5159,#5160,#5161,#5162,#5163,#5164,
    #5165,#5166,#5167,#5168,#5169),.UNSPECIFIED.,.F.,.F.,(8,6,6,6,6,6,6,
    6,6,6,6,6,6,6,6,6,8),(0.,0.115114323729,0.139798682117,
    0.179128898046,0.225260830063,0.287236436993,0.380941063954,
    0.436312912837,0.498790537273,0.616778624789,0.710873368816,
    0.745547000642,0.787281072244,0.81960373144,0.859212216018,
    0.884071220868,1.),.UNSPECIFIED.);
#5072 = CARTESIAN_POINT('',(47.180703308173,-1.,62.));
#5073 = CARTESIAN_POINT('',(47.180703308173,-1.,62.382875405003));
#5074 = CARTESIAN_POINT('',(47.174749688306,-1.042756466083,
    62.766232180826));
#5075 = CARTESIAN_POINT('',(47.162810266972,-1.128462932173,
    63.146824954135));
#5076 = CARTESIAN_POINT('',(47.14314293691,-1.258017620234,
    63.521090665552));
#5077 = CARTESIAN_POINT('',(47.112211326578,-1.432731483106,
    63.884601215423));
#5078 = CARTESIAN_POINT('',(47.064307205643,-1.653923770117,
    64.23162991479));
#5079 = CARTESIAN_POINT('',(46.974729528702,-1.979698712072,
    64.624098172427));
#5080 = CARTESIAN_POINT('',(46.957736526779,-2.039338516923,
    64.692243565295));
#5081 = CARTESIAN_POINT('',(46.939493968522,-2.101055755839,
    64.759118857421));
#5082 = CARTESIAN_POINT('',(46.919926218385,-2.164803656245,
    64.824612969249));
#5083 = CARTESIAN_POINT('',(46.898955798049,-2.230529199015,
    64.888620741529));
#5084 = CARTESIAN_POINT('',(46.87650382703,-2.298173600095,
    64.951042856837));
#5085 = CARTESIAN_POINT('',(46.814229360184,-2.478407622121,
    65.108568975092));
#5086 = CARTESIAN_POINT('',(46.771966697636,-2.593960998371,
    65.201185213535));
#5087 = CARTESIAN_POINT('',(46.725461153674,-2.713810227628,
    65.288995929124));
#5088 = CARTESIAN_POINT('',(46.674510907727,-2.837364127382,
    65.371495960878));
#5089 = CARTESIAN_POINT('',(46.618967528276,-2.963981874202,
    65.448307940591));
#5090 = CARTESIAN_POINT('',(46.558749860519,-3.09299185207,
    65.519176699299));
#5091 = CARTESIAN_POINT('',(46.417743639204,-3.377035461447,
    65.659954822797));
#5092 = CARTESIAN_POINT('',(46.335426767227,-3.53225089096,
    65.727350301743));
#5093 = CARTESIAN_POINT('',(46.246978574749,-3.688219134929,
    65.786013192398));
#5094 = CARTESIAN_POINT('',(46.152632092951,-3.843788135893,
    65.836020966066));
#5095 = CARTESIAN_POINT('',(46.052810349683,-3.997810216768,
    65.877646049581));
#5096 = CARTESIAN_POINT('',(45.948154611604,-4.149160864357,
    65.911336391353));
#5097 = CARTESIAN_POINT('',(45.693652082876,-4.495045151657,
    65.973108687835));
#5098 = CARTESIAN_POINT('',(45.540637030443,-4.686545993724,
    65.995288592146));
#5099 = CARTESIAN_POINT('',(45.381297150771,-4.870488884608,
    66.006032835216));
#5100 = CARTESIAN_POINT('',(45.216473190374,-5.046324011228,
    66.006984466824));
#5101 = CARTESIAN_POINT('',(45.047039890518,-5.213661759834,
    65.999667039021));
#5102 = CARTESIAN_POINT('',(44.873901927975,-5.372235742248,
    65.985501825888));
#5103 = CARTESIAN_POINT('',(44.432050554784,-5.748161199192,
    65.936031012581));
#5104 = CARTESIAN_POINT('',(44.158633956031,-5.95502144603,
    65.893487078705));
#5105 = CARTESIAN_POINT('',(43.879256463912,-6.143024099261,
    65.842346635996));
#5106 = CARTESIAN_POINT('',(43.59498459195,-6.312942984806,
    65.785913212864));
#5107 = CARTESIAN_POINT('',(43.306428902849,-6.465593723569,
    65.72691870081));
#5108 = CARTESIAN_POINT('',(43.013772385275,-6.601684985266,
    65.6677355415));
#5109 = CARTESIAN_POINT('',(42.541386985783,-6.792618615096,
    65.57668724888));
#5110 = CARTESIAN_POINT('',(42.364498721377,-6.857898798136,
    65.543563401348));
#5111 = CARTESIAN_POINT('',(42.186298790762,-6.917585855652,
    65.5116035793));
#5112 = CARTESIAN_POINT('',(42.006884348658,-6.97172022489,
    65.481250699112));
#5113 = CARTESIAN_POINT('',(41.826332698423,-7.020333356604,
    65.45291603941));
#5114 = CARTESIAN_POINT('',(41.644701591823,-7.063443939211,
    65.426974264535));
#5115 = CARTESIAN_POINT('',(41.255915469439,-7.143490757821,
    65.37756338511));
#5116 = CARTESIAN_POINT('',(41.048355270438,-7.178949482085,
    65.35482316388));
#5117 = CARTESIAN_POINT('',(40.839729700593,-7.207350969641,
    65.336063756078));
#5118 = CARTESIAN_POINT('',(40.630344106578,-7.228666321545,
    65.321703220855));
#5119 = CARTESIAN_POINT('',(40.420449821016,-7.242885488506,
    65.312029394949));
#5120 = CARTESIAN_POINT('',(40.210265729988,-7.25,65.307189138831));
#5121 = CARTESIAN_POINT('',(39.602916218796,-7.25,65.307189138831));
#5122 = CARTESIAN_POINT('',(39.20737748504,-7.224626907192,
    65.324451485721));
#5123 = CARTESIAN_POINT('',(38.81389192367,-7.174236346647,
    65.358733025657));
#5124 = CARTESIAN_POINT('',(38.423113259499,-7.098815888952,
    65.408254319629));
#5125 = CARTESIAN_POINT('',(38.036306210089,-6.998125033974,
    65.469707783527));
#5126 = CARTESIAN_POINT('',(37.655477849801,-6.872189486008,
    65.538743215944));
#5127 = CARTESIAN_POINT('',(36.986227614769,-6.601684985284,
    65.667735541491));
#5128 = CARTESIAN_POINT('',(36.693571097087,-6.465593723543,
    65.726918700823));
#5129 = CARTESIAN_POINT('',(36.405015408044,-6.312942984799,
    65.785913212864));
#5130 = CARTESIAN_POINT('',(36.120743536132,-6.143024099281,
    65.842346635987));
#5131 = CARTESIAN_POINT('',(35.841366043968,-5.955021446037,
    65.893487078707));
#5132 = CARTESIAN_POINT('',(35.5679494452,-5.748161199178,
    65.936031012583));
#5133 = CARTESIAN_POINT('',(35.203994501807,-5.438509726526,
    65.976780341767));
#5134 = CARTESIAN_POINT('',(35.106971990461,-5.352465184933,
    65.986022972145));
#5135 = CARTESIAN_POINT('',(35.011035512985,-5.263750711051,
    65.99332104475));
#5136 = CARTESIAN_POINT('',(34.91629753101,-5.172369279346,
    65.998446446145));
#5137 = CARTESIAN_POINT('',(34.822876138918,-5.078334286553,
    66.001156048602));
#5138 = CARTESIAN_POINT('',(34.730894148512,-4.981671344922,
    66.001190247164));
#5139 = CARTESIAN_POINT('',(34.531651189926,-4.762958704719,
    65.99475841387));
#5140 = CARTESIAN_POINT('',(34.424953077738,-4.63959410577,
    65.986963067164));
#5141 = CARTESIAN_POINT('',(34.320860410753,-4.512647762368,
    65.974388139613));
#5142 = CARTESIAN_POINT('',(34.219788770896,-4.38247782586,
    65.956551208645));
#5143 = CARTESIAN_POINT('',(34.122094102421,-4.24947720432,
    65.932986154457));
#5144 = CARTESIAN_POINT('',(34.028074065949,-4.114071651699,
    65.903244568383));
#5145 = CARTESIAN_POINT('',(33.868184141763,-3.870338591143,
    65.838746424746));
#5146 = CARTESIAN_POINT('',(33.80079716595,-3.762866717746,
    65.806653302472));
#5147 = CARTESIAN_POINT('',(33.736043530692,-3.654713729861,
    65.77047947133));
#5148 = CARTESIAN_POINT('',(33.674100926356,-3.546300454419,
    65.730135001285));
#5149 = CARTESIAN_POINT('',(33.615093787687,-3.43805054367,
    65.685581180149));
#5150 = CARTESIAN_POINT('',(33.559097413432,-3.330383966661,
    65.636833338358));
#5151 = CARTESIAN_POINT('',(33.441250139482,-3.09299185207,
    65.519176699299));
#5152 = CARTESIAN_POINT('',(33.381032471724,-2.963981874202,
    65.448307940591));
#5153 = CARTESIAN_POINT('',(33.325489092273,-2.837364127382,
    65.371495960878));
#5154 = CARTESIAN_POINT('',(33.274538846326,-2.713810227628,
    65.288995929124));
#5155 = CARTESIAN_POINT('',(33.228033302364,-2.593960998371,
    65.201185213535));
#5156 = CARTESIAN_POINT('',(33.185770639816,-2.478407622121,
    65.108568975092));
#5157 = CARTESIAN_POINT('',(33.123496172971,-2.298173600099,
    64.95104285684));
#5158 = CARTESIAN_POINT('',(33.101044201951,-2.230529199015,
    64.88862074153));
#5159 = CARTESIAN_POINT('',(33.080073781614,-2.164803656242,
    64.824612969246));
#5160 = CARTESIAN_POINT('',(33.060506031477,-2.101055755837,
    64.759118857418));
#5161 = CARTESIAN_POINT('',(33.042263473221,-2.039338516924,
    64.692243565295));
#5162 = CARTESIAN_POINT('',(33.025270471299,-1.979698712076,
    64.624098172431));
#5163 = CARTESIAN_POINT('',(32.935692794357,-1.653923770117,
    64.23162991479));
#5164 = CARTESIAN_POINT('',(32.887788673422,-1.432731483106,
    63.884601215422));
#5165 = CARTESIAN_POINT('',(32.856857063091,-1.258017620234,
    63.521090665553));
#5166 = CARTESIAN_POINT('',(32.837189733027,-1.128462932174,
    63.146824954134));
#5167 = CARTESIAN_POINT('',(32.825250311694,-1.042756466082,
    62.766232180826));
#5168 = CARTESIAN_POINT('',(32.819296691827,-1.,62.382875405003));
#5169 = CARTESIAN_POINT('',(32.819296691827,-1.,62.));
#5170 = PCURVE('',#3268,#5171);
#5171 = DEFINITIONAL_REPRESENTATION('',(#5172),#5271);
#5172 = B_SPLINE_CURVE_WITH_KNOTS('',7,(#5173,#5174,#5175,#5176,#5177,
    #5178,#5179,#5180,#5181,#5182,#5183,#5184,#5185,#5186,#5187,#5188,
    #5189,#5190,#5191,#5192,#5193,#5194,#5195,#5196,#5197,#5198,#5199,
    #5200,#5201,#5202,#5203,#5204,#5205,#5206,#5207,#5208,#5209,#5210,
    #5211,#5212,#5213,#5214,#5215,#5216,#5217,#5218,#5219,#5220,#5221,
    #5222,#5223,#5224,#5225,#5226,#5227,#5228,#5229,#5230,#5231,#5232,
    #5233,#5234,#5235,#5236,#5237,#5238,#5239,#5240,#5241,#5242,#5243,
    #5244,#5245,#5246,#5247,#5248,#5249,#5250,#5251,#5252,#5253,#5254,
    #5255,#5256,#5257,#5258,#5259,#5260,#5261,#5262,#5263,#5264,#5265,
    #5266,#5267,#5268,#5269,#5270),.UNSPECIFIED.,.F.,.F.,(8,6,6,6,6,6,6,
    6,6,6,6,6,6,6,6,6,8),(0.,0.115114323729,0.139798682117,
    0.179128898046,0.225260830063,0.287236436993,0.380941063954,
    0.436312912837,0.498790537273,0.616778624789,0.710873368816,
    0.745547000642,0.787281072244,0.81960373144,0.859212216018,
    0.884071220868,1.),.UNSPECIFIED.);
#5173 = CARTESIAN_POINT('',(8.881784197001E-16,-103.1807033081));
#5174 = CARTESIAN_POINT('',(-9.571885125069E-02,-103.1807033081));
#5175 = CARTESIAN_POINT('',(-0.191558064267,-103.1747496883));
#5176 = CARTESIAN_POINT('',(-0.288138553259,-103.1628102669));
#5177 = CARTESIAN_POINT('',(-0.386018813176,-103.1431429369));
#5178 = CARTESIAN_POINT('',(-0.485733331471,-103.1122113265));
#5179 = CARTESIAN_POINT('',(-0.587808025849,-103.0643072056));
#5180 = CARTESIAN_POINT('',(-0.715322889213,-102.9747295287));
#5181 = CARTESIAN_POINT('',(-0.737954591066,-102.9577365267));
#5182 = CARTESIAN_POINT('',(-0.760692333679,-102.9394939685));
#5183 = CARTESIAN_POINT('',(-0.783526781538,-102.9199262183));
#5184 = CARTESIAN_POINT('',(-0.80644938868,-102.898955798));
#5185 = CARTESIAN_POINT('',(-0.829452257946,-102.876503827));
#5186 = CARTESIAN_POINT('',(-0.889295167211,-102.8142293601));
#5187 = CARTESIAN_POINT('',(-0.926283697702,-102.7719666976));
#5188 = CARTESIAN_POINT('',(-0.963371756491,-102.7254611536));
#5189 = CARTESIAN_POINT('',(-1.000450012094,-102.6745109077));
#5190 = CARTESIAN_POINT('',(-1.037418657586,-102.6189675282));
#5191 = CARTESIAN_POINT('',(-1.074184431438,-102.5587498605));
#5192 = CARTESIAN_POINT('',(-1.153438473955,-102.4177436392));
#5193 = CARTESIAN_POINT('',(-1.195688235621,-102.3354267672));
#5194 = CARTESIAN_POINT('',(-1.237265789987,-102.2469785747));
#5195 = CARTESIAN_POINT('',(-1.278034011746,-102.1526320929));
#5196 = CARTESIAN_POINT('',(-1.317854813272,-102.0528103496));
#5197 = CARTESIAN_POINT('',(-1.356584174245,-101.9481546116));
#5198 = CARTESIAN_POINT('',(-1.444423429711,-101.6936520828));
#5199 = CARTESIAN_POINT('',(-1.492527873183,-101.5406370304));
#5200 = CARTESIAN_POINT('',(-1.538477863604,-101.3812971507));
#5201 = CARTESIAN_POINT('',(-1.582335931259,-101.2164731903));
#5202 = CARTESIAN_POINT('',(-1.6241390054,-101.0470398905));
#5203 = CARTESIAN_POINT('',(-1.663905729752,-100.8739019279));
#5204 = CARTESIAN_POINT('',(-1.75869737975,-100.4320505547));
#5205 = CARTESIAN_POINT('',(-1.81135845188,-100.158633956));
#5206 = CARTESIAN_POINT('',(-1.859927390759,-99.87925646391));
#5207 = CARTESIAN_POINT('',(-1.904587091256,-99.59498459195));
#5208 = CARTESIAN_POINT('',(-1.94544062813,-99.30642890284));
#5209 = CARTESIAN_POINT('',(-1.982519397675,-99.01377238527));
#5210 = CARTESIAN_POINT('',(-2.035402194138,-98.54138698578));
#5211 = CARTESIAN_POINT('',(-2.053697436249,-98.36449872137));
#5212 = CARTESIAN_POINT('',(-2.070617656971,-98.18629879076));
#5213 = CARTESIAN_POINT('',(-2.086129091667,-98.00688434865));
#5214 = CARTESIAN_POINT('',(-2.100193819824,-97.82633269842));
#5215 = CARTESIAN_POINT('',(-2.112771499891,-97.64470159182));
#5216 = CARTESIAN_POINT('',(-2.136288685329,-97.25591546943));
#5217 = CARTESIAN_POINT('',(-2.146818127766,-97.04835527043));
#5218 = CARTESIAN_POINT('',(-2.15532674857,-96.83972970059));
#5219 = CARTESIAN_POINT('',(-2.161752020653,-96.63034410657));
#5220 = CARTESIAN_POINT('',(-2.166051522544,-96.42044982101));
#5221 = CARTESIAN_POINT('',(-2.16820274344,-96.21026572998));
#5222 = CARTESIAN_POINT('',(-2.16820274344,-95.60291621879));
#5223 = CARTESIAN_POINT('',(-2.160530608799,-95.20737748504));
#5224 = CARTESIAN_POINT('',(-2.145294207914,-94.81389192367));
#5225 = CARTESIAN_POINT('',(-2.12274034305,-94.42311325949));
#5226 = CARTESIAN_POINT('',(-2.093287720288,-94.03630621008));
#5227 = CARTESIAN_POINT('',(-2.057440900335,-93.6554778498));
#5228 = CARTESIAN_POINT('',(-1.98251939768,-92.98622761476));
#5229 = CARTESIAN_POINT('',(-1.945440628123,-92.69357109708));
#5230 = CARTESIAN_POINT('',(-1.904587091254,-92.40501540804));
#5231 = CARTESIAN_POINT('',(-1.859927390764,-92.12074353613));
#5232 = CARTESIAN_POINT('',(-1.811358451882,-91.84136604396));
#5233 = CARTESIAN_POINT('',(-1.758697379746,-91.5679494452));
#5234 = CARTESIAN_POINT('',(-1.680617075594,-91.2039945018));
#5235 = CARTESIAN_POINT('',(-1.658988360852,-91.10697199046));
#5236 = CARTESIAN_POINT('',(-1.636746063603,-91.01103551298));
#5237 = CARTESIAN_POINT('',(-1.613879339554,-90.91629753101));
#5238 = CARTESIAN_POINT('',(-1.590375716413,-90.82287613891));
#5239 = CARTESIAN_POINT('',(-1.566220655078,-90.73089414851));
#5240 = CARTESIAN_POINT('',(-1.511518856967,-90.53165118992));
#5241 = CARTESIAN_POINT('',(-1.480633759247,-90.42495307773));
#5242 = CARTESIAN_POINT('',(-1.448774901327,-90.32086041075));
#5243 = CARTESIAN_POINT('',(-1.415971465938,-90.21978877089));
#5244 = CARTESIAN_POINT('',(-1.382247445877,-90.12209410242));
#5245 = CARTESIAN_POINT('',(-1.347620355012,-90.02807406594));
#5246 = CARTESIAN_POINT('',(-1.284589700099,-89.86818414176));
#5247 = CARTESIAN_POINT('',(-1.256563224098,-89.80079716595));
#5248 = CARTESIAN_POINT('',(-1.228077256087,-89.73604353069));
#5249 = CARTESIAN_POINT('',(-1.199187818027,-89.67410092635));
#5250 = CARTESIAN_POINT('',(-1.169950665124,-89.61509378768));
#5251 = CARTESIAN_POINT('',(-1.140421741913,-89.55909741343));
#5252 = CARTESIAN_POINT('',(-1.074184431438,-89.44125013948));
#5253 = CARTESIAN_POINT('',(-1.037418657586,-89.38103247172));
#5254 = CARTESIAN_POINT('',(-1.000450012094,-89.32548909227));
#5255 = CARTESIAN_POINT('',(-0.963371756491,-89.27453884632));
#5256 = CARTESIAN_POINT('',(-0.926283697702,-89.22803330236));
#5257 = CARTESIAN_POINT('',(-0.889295167211,-89.18577063981));
#5258 = CARTESIAN_POINT('',(-0.829452257947,-89.12349617297));
#5259 = CARTESIAN_POINT('',(-0.806449388681,-89.10104420195));
#5260 = CARTESIAN_POINT('',(-0.783526781537,-89.08007378161));
#5261 = CARTESIAN_POINT('',(-0.760692333678,-89.06050603147));
#5262 = CARTESIAN_POINT('',(-0.737954591066,-89.04226347322));
#5263 = CARTESIAN_POINT('',(-0.715322889214,-89.02527047129));
#5264 = CARTESIAN_POINT('',(-0.587808025849,-88.93569279435));
#5265 = CARTESIAN_POINT('',(-0.485733331471,-88.88778867342));
#5266 = CARTESIAN_POINT('',(-0.386018813176,-88.85685706309));
#5267 = CARTESIAN_POINT('',(-0.288138553258,-88.83718973302));
#5268 = CARTESIAN_POINT('',(-0.191558064267,-88.82525031169));
#5269 = CARTESIAN_POINT('',(-9.571885125065E-02,-88.81929669182));
#5270 = CARTESIAN_POINT('',(8.881784197001E-16,-88.81929669182));
#5271 = ( GEOMETRIC_REPRESENTATION_CONTEXT(2) 
PARAMETRIC_REPRESENTATION_CONTEXT() REPRESENTATION_CONTEXT('2D SPACE',''
  ) );
#5272 = PCURVE('',#4111,#5273);
#5273 = DEFINITIONAL_REPRESENTATION('',(#5274),#5373);
#5274 = B_SPLINE_CURVE_WITH_KNOTS('',7,(#5275,#5276,#5277,#5278,#5279,
    #5280,#5281,#5282,#5283,#5284,#5285,#5286,#5287,#5288,#5289,#5290,
    #5291,#5292,#5293,#5294,#5295,#5296,#5297,#5298,#5299,#5300,#5301,
    #5302,#5303,#5304,#5305,#5306,#5307,#5308,#5309,#5310,#5311,#5312,
    #5313,#5314,#5315,#5316,#5317,#5318,#5319,#5320,#5321,#5322,#5323,
    #5324,#5325,#5326,#5327,#5328,#5329,#5330,#5331,#5332,#5333,#5334,
    #5335,#5336,#5337,#5338,#5339,#5340,#5341,#5342,#5343,#5344,#5345,
    #5346,#5347,#5348,#5349,#5350,#5351,#5352,#5353,#5354,#5355,#5356,
    #5357,#5358,#5359,#5360,#5361,#5362,#5363,#5364,#5365,#5366,#5367,
    #5368,#5369,#5370,#5371,#5372),.UNSPECIFIED.,.F.,.F.,(8,6,6,6,6,6,6,
    6,6,6,6,6,6,6,6,6,8),(0.,0.115114323729,0.139798682117,
    0.179128898046,0.225260830063,0.287236436993,0.380941063954,
    0.436312912837,0.498790537273,0.616778624789,0.710873368816,
    0.745547000642,0.787281072244,0.81960373144,0.859212216018,
    0.884071220868,1.),.UNSPECIFIED.);
#5275 = CARTESIAN_POINT('',(6.144813129794,-29.));
#5276 = CARTESIAN_POINT('',(6.144813129794,-28.61712459499));
#5277 = CARTESIAN_POINT('',(6.13885887492,-28.23376781917));
#5278 = CARTESIAN_POINT('',(6.12692268934,-27.85317504586));
#5279 = CARTESIAN_POINT('',(6.108850891618,-27.47890933444));
#5280 = CARTESIAN_POINT('',(6.084391847415,-27.11539878457));
#5281 = CARTESIAN_POINT('',(6.053222494249,-26.76837008521));
#5282 = CARTESIAN_POINT('',(6.00662027938,-26.37590182757));
#5283 = CARTESIAN_POINT('',(5.998067064181,-26.3077564347));
#5284 = CARTESIAN_POINT('',(5.989190955709,-26.24088114257));
#5285 = CARTESIAN_POINT('',(5.979994174802,-26.17538703075));
#5286 = CARTESIAN_POINT('',(5.970479324178,-26.11137925847));
#5287 = CARTESIAN_POINT('',(5.960649283305,-26.04895714316));
#5288 = CARTESIAN_POINT('',(5.934347309885,-25.8914310249));
#5289 = CARTESIAN_POINT('',(5.917379029496,-25.79881478646));
#5290 = CARTESIAN_POINT('',(5.899652838978,-25.71100407087));
#5291 = CARTESIAN_POINT('',(5.8812264811,-25.62850403912));
#5292 = CARTESIAN_POINT('',(5.862163475311,-25.5516920594));
#5293 = CARTESIAN_POINT('',(5.84253172855,-25.4808233007));
#5294 = CARTESIAN_POINT('',(5.79879137988,-25.3400451772));
#5295 = CARTESIAN_POINT('',(5.77456652874,-25.27264969825));
#5296 = CARTESIAN_POINT('',(5.749851468855,-25.2139868076));
#5297 = CARTESIAN_POINT('',(5.724775718843,-25.16397903393));
#5298 = CARTESIAN_POINT('',(5.699477703035,-25.12235395041));
#5299 = CARTESIAN_POINT('',(5.674108014798,-25.08866360864));
#5300 = CARTESIAN_POINT('',(5.614876715855,-25.02689131216));
#5301 = CARTESIAN_POINT('',(5.581093179734,-25.00471140785));
#5302 = CARTESIAN_POINT('',(5.547568274994,-24.99396716478));
#5303 = CARTESIAN_POINT('',(5.514370973723,-24.99301553317));
#5304 = CARTESIAN_POINT('',(5.481561973681,-25.00033296097));
#5305 = CARTESIAN_POINT('',(5.449199947213,-25.01449817411));
#5306 = CARTESIAN_POINT('',(5.369181805968,-25.06396898741));
#5307 = CARTESIAN_POINT('',(5.321969340861,-25.10651292129));
#5308 = CARTESIAN_POINT('',(5.275633543858,-25.157653364));
#5309 = CARTESIAN_POINT('',(5.23006760167,-25.21408678713));
#5310 = CARTESIAN_POINT('',(5.185135978597,-25.27308129919));
#5311 = CARTESIAN_POINT('',(5.140676778171,-25.3322644585));
#5312 = CARTESIAN_POINT('',(5.070399106826,-25.42331275112));
#5313 = CARTESIAN_POINT('',(5.04440442322,-25.45643659865));
#5314 = CARTESIAN_POINT('',(5.018502025498,-25.4883964207));
#5315 = CARTESIAN_POINT('',(4.992674322238,-25.51874930088));
#5316 = CARTESIAN_POINT('',(4.966902307428,-25.54708396059));
#5317 = CARTESIAN_POINT('',(4.941165295271,-25.57302573546));
#5318 = CARTESIAN_POINT('',(4.88641481518,-25.62243661489));
#5319 = CARTESIAN_POINT('',(4.857387705262,-25.64517683612));
#5320 = CARTESIAN_POINT('',(4.828372986607,-25.66393624392));
#5321 = CARTESIAN_POINT('',(4.799372853821,-25.67829677914));
#5322 = CARTESIAN_POINT('',(4.770382056266,-25.68797060505));
#5323 = CARTESIAN_POINT('',(4.741391150038,-25.69281086116));
#5324 = CARTESIAN_POINT('',(4.657618803667,-25.69281086116));
#5325 = CARTESIAN_POINT('',(4.603061745264,-25.67554851427));
#5326 = CARTESIAN_POINT('',(4.548519462796,-25.64126697434));
#5327 = CARTESIAN_POINT('',(4.493823492663,-25.59174568037));
#5328 = CARTESIAN_POINT('',(4.438876555287,-25.53029221647));
#5329 = CARTESIAN_POINT('',(4.383666808714,-25.46125678405));
#5330 = CARTESIAN_POINT('',(4.284101182605,-25.3322644585));
#5331 = CARTESIAN_POINT('',(4.239641982163,-25.27308129917));
#5332 = CARTESIAN_POINT('',(4.194710359099,-25.21408678713));
#5333 = CARTESIAN_POINT('',(4.149144416918,-25.15765336401));
#5334 = CARTESIAN_POINT('',(4.102808619909,-25.10651292129));
#5335 = CARTESIAN_POINT('',(4.055596154798,-25.06396898741));
#5336 = CARTESIAN_POINT('',(3.989684855583,-25.02321965823));
#5337 = CARTESIAN_POINT('',(3.971801662499,-25.01397702785));
#5338 = CARTESIAN_POINT('',(3.953784803965,-25.00667895525));
#5339 = CARTESIAN_POINT('',(3.935636586672,-25.00155355385));
#5340 = CARTESIAN_POINT('',(3.917360236294,-24.99884395139));
#5341 = CARTESIAN_POINT('',(3.898960014216,-24.99880975283));
#5342 = CARTESIAN_POINT('',(3.858151776599,-25.00524158613));
#5343 = CARTESIAN_POINT('',(3.835661976832,-25.01303693283));
#5344 = CARTESIAN_POINT('',(3.813030883719,-25.02561186038));
#5345 = CARTESIAN_POINT('',(3.790314080757,-25.04344879135));
#5346 = CARTESIAN_POINT('',(3.767564855099,-25.06701384554));
#5347 = CARTESIAN_POINT('',(3.744835266475,-25.09675543161));
#5348 = CARTESIAN_POINT('',(3.704628762032,-25.16125357525));
#5349 = CARTESIAN_POINT('',(3.687135761561,-25.19334669752));
#5350 = CARTESIAN_POINT('',(3.669754563474,-25.22952052867));
#5351 = CARTESIAN_POINT('',(3.652538644801,-25.26986499871));
#5352 = CARTESIAN_POINT('',(3.635538684892,-25.31441881985));
#5353 = CARTESIAN_POINT('',(3.618802639478,-25.36316666164));
#5354 = CARTESIAN_POINT('',(3.582246232219,-25.4808233007));
#5355 = CARTESIAN_POINT('',(3.562614485458,-25.5516920594));
#5356 = CARTESIAN_POINT('',(3.543551479669,-25.62850403912));
#5357 = CARTESIAN_POINT('',(3.525125121791,-25.71100407087));
#5358 = CARTESIAN_POINT('',(3.507398931274,-25.79881478646));
#5359 = CARTESIAN_POINT('',(3.490430650884,-25.8914310249));
#5360 = CARTESIAN_POINT('',(3.464128677465,-26.04895714316));
#5361 = CARTESIAN_POINT('',(3.454298636591,-26.11137925847));
#5362 = CARTESIAN_POINT('',(3.444783785967,-26.17538703075));
#5363 = CARTESIAN_POINT('',(3.43558700506,-26.24088114258));
#5364 = CARTESIAN_POINT('',(3.426710896589,-26.3077564347));
#5365 = CARTESIAN_POINT('',(3.41815768139,-26.37590182756));
#5366 = CARTESIAN_POINT('',(3.371555466521,-26.76837008521));
#5367 = CARTESIAN_POINT('',(3.340386113354,-27.11539878457));
#5368 = CARTESIAN_POINT('',(3.315927069152,-27.47890933444));
#5369 = CARTESIAN_POINT('',(3.297855271429,-27.85317504586));
#5370 = CARTESIAN_POINT('',(3.285919085849,-28.23376781917));
#5371 = CARTESIAN_POINT('',(3.279964830975,-28.61712459499));
#5372 = CARTESIAN_POINT('',(3.279964830975,-29.));
#5373 = ( GEOMETRIC_REPRESENTATION_CONTEXT(2) 
PARAMETRIC_REPRESENTATION_CONTEXT() REPRESENTATION_CONTEXT('2D SPACE',''
  ) );
#5374 = ORIENTED_EDGE('',*,*,#5375,.T.);
#5375 = EDGE_CURVE('',#5068,#5376,#5378,.T.);
#5376 = VERTEX_POINT('',#5377);
#5377 = CARTESIAN_POINT('',(49.25,-1.,62.));
#5378 = SEAM_CURVE('',#5379,(#5383,#5390),.PCURVE_S1.);
#5379 = LINE('',#5380,#5381);
#5380 = CARTESIAN_POINT('',(-56.,-1.,62.));
#5381 = VECTOR('',#5382,1.);
#5382 = DIRECTION('',(1.,0.,0.));
#5383 = PCURVE('',#3268,#5384);
#5384 = DEFINITIONAL_REPRESENTATION('',(#5385),#5389);
#5385 = LINE('',#5386,#5387);
#5386 = CARTESIAN_POINT('',(-6.28318530718,0.));
#5387 = VECTOR('',#5388,1.);
#5388 = DIRECTION('',(-0.,-1.));
#5389 = ( GEOMETRIC_REPRESENTATION_CONTEXT(2) 
PARAMETRIC_REPRESENTATION_CONTEXT() REPRESENTATION_CONTEXT('2D SPACE',''
  ) );
#5390 = PCURVE('',#3268,#5391);
#5391 = DEFINITIONAL_REPRESENTATION('',(#5392),#5396);
#5392 = LINE('',#5393,#5394);
#5393 = CARTESIAN_POINT('',(-0.,0.));
#5394 = VECTOR('',#5395,1.);
#5395 = DIRECTION('',(-0.,-1.));
#5396 = ( GEOMETRIC_REPRESENTATION_CONTEXT(2) 
PARAMETRIC_REPRESENTATION_CONTEXT() REPRESENTATION_CONTEXT('2D SPACE',''
  ) );
#5397 = ORIENTED_EDGE('',*,*,#5398,.T.);
#5398 = EDGE_CURVE('',#5376,#5376,#5399,.T.);
#5399 = SURFACE_CURVE('',#5400,(#5405,#5412),.PCURVE_S1.);
#5400 = CIRCLE('',#5401,4.);
#5401 = AXIS2_PLACEMENT_3D('',#5402,#5403,#5404);
#5402 = CARTESIAN_POINT('',(49.25,-5.,62.));
#5403 = DIRECTION('',(1.,0.,0.));
#5404 = DIRECTION('',(0.,1.,0.));
#5405 = PCURVE('',#3268,#5406);
#5406 = DEFINITIONAL_REPRESENTATION('',(#5407),#5411);
#5407 = LINE('',#5408,#5409);
#5408 = CARTESIAN_POINT('',(-0.,-105.25));
#5409 = VECTOR('',#5410,1.);
#5410 = DIRECTION('',(-1.,0.));
#5411 = ( GEOMETRIC_REPRESENTATION_CONTEXT(2) 
PARAMETRIC_REPRESENTATION_CONTEXT() REPRESENTATION_CONTEXT('2D SPACE',''
  ) );
#5412 = PCURVE('',#5413,#5418);
#5413 = PLANE('',#5414);
#5414 = AXIS2_PLACEMENT_3D('',#5415,#5416,#5417);
#5415 = CARTESIAN_POINT('',(49.25,-5.,62.));
#5416 = DIRECTION('',(1.,0.,0.));
#5417 = DIRECTION('',(-0.,0.,1.));
#5418 = DEFINITIONAL_REPRESENTATION('',(#5419),#5423);
#5419 = CIRCLE('',#5420,4.);
#5420 = AXIS2_PLACEMENT_2D('',#5421,#5422);
#5421 = CARTESIAN_POINT('',(0.,8.881784197001E-16));
#5422 = DIRECTION('',(0.,-1.));
#5423 = ( GEOMETRIC_REPRESENTATION_CONTEXT(2) 
PARAMETRIC_REPRESENTATION_CONTEXT() REPRESENTATION_CONTEXT('2D SPACE',''
  ) );
#5424 = ORIENTED_EDGE('',*,*,#5375,.F.);
#5425 = ORIENTED_EDGE('',*,*,#5426,.F.);
#5426 = EDGE_CURVE('',#5427,#5068,#5429,.T.);
#5427 = VERTEX_POINT('',#5428);
#5428 = CARTESIAN_POINT('',(45.25,-5.,58.));
#5429 = SURFACE_CURVE('',#5430,(#5529,#5631),.PCURVE_S1.);
#5430 = B_SPLINE_CURVE_WITH_KNOTS('',7,(#5431,#5432,#5433,#5434,#5435,
    #5436,#5437,#5438,#5439,#5440,#5441,#5442,#5443,#5444,#5445,#5446,
    #5447,#5448,#5449,#5450,#5451,#5452,#5453,#5454,#5455,#5456,#5457,
    #5458,#5459,#5460,#5461,#5462,#5463,#5464,#5465,#5466,#5467,#5468,
    #5469,#5470,#5471,#5472,#5473,#5474,#5475,#5476,#5477,#5478,#5479,
    #5480,#5481,#5482,#5483,#5484,#5485,#5486,#5487,#5488,#5489,#5490,
    #5491,#5492,#5493,#5494,#5495,#5496,#5497,#5498,#5499,#5500,#5501,
    #5502,#5503,#5504,#5505,#5506,#5507,#5508,#5509,#5510,#5511,#5512,
    #5513,#5514,#5515,#5516,#5517,#5518,#5519,#5520,#5521,#5522,#5523,
    #5524,#5525,#5526,#5527,#5528),.UNSPECIFIED.,.F.,.F.,(8,6,6,6,6,6,6,
    6,6,6,6,6,6,6,6,6,8),(0.,4.014027631406E-04,0.116650807434,
    0.140805842084,0.18182641101,0.226847248578,0.289448092235,
    0.383449813131,0.502616135328,0.564742328214,0.621528194273,
    0.746343219133,0.790560392044,0.860158736109,0.884148301951,
    0.999480356662,1.),.UNSPECIFIED.);
#5431 = CARTESIAN_POINT('',(32.819296691827,-1.,62.));
#5432 = CARTESIAN_POINT('',(32.819296691827,-1.,61.998676047379));
#5433 = CARTESIAN_POINT('',(32.819296763025,-1.000000511248,
    61.997352094759));
#5434 = CARTESIAN_POINT('',(32.81929690542,-1.000001533744,
    61.996028142267));
#5435 = CARTESIAN_POINT('',(32.819297119013,-1.000003067489,
    61.994704190032));
#5436 = CARTESIAN_POINT('',(32.819297403804,-1.000005112481,
    61.993380238184));
#5437 = CARTESIAN_POINT('',(32.819297759794,-1.000007668723,
    61.992056286851));
#5438 = CARTESIAN_POINT('',(32.819421904561,-1.000899105708,
    61.607305779037));
#5439 = CARTESIAN_POINT('',(32.82551676568,-1.04466846366,
    61.223448333696));
#5440 = CARTESIAN_POINT('',(32.837639500178,-1.131524805424,
    60.842416269715));
#5441 = CARTESIAN_POINT('',(32.857566801045,-1.262384367394,
    60.467802539395));
#5442 = CARTESIAN_POINT('',(32.888884349411,-1.438567946076,
    60.104082943663));
#5443 = CARTESIAN_POINT('',(32.937368630133,-1.661387698349,
    59.757046778579));
#5444 = CARTESIAN_POINT('',(33.027500181487,-1.987494471917,
    59.3670435175));
#5445 = CARTESIAN_POINT('',(33.044122182413,-2.04558833645,
    59.301044996691));
#5446 = CARTESIAN_POINT('',(33.061927248521,-2.105635618831,
    59.23625068775));
#5447 = CARTESIAN_POINT('',(33.080984562611,-2.167592970541,
    59.172762180522));
#5448 = CARTESIAN_POINT('',(33.101364903012,-2.231411489134,
    59.110675749036));
#5449 = CARTESIAN_POINT('',(33.123140259516,-2.297037138486,
    59.050082420496));
#5450 = CARTESIAN_POINT('',(33.185855504875,-2.478827111902,
    58.890848635695));
#5451 = CARTESIAN_POINT('',(33.229606621671,-2.598419037169,
    58.795065951301));
#5452 = CARTESIAN_POINT('',(33.277902642265,-2.722602862925,
    58.704436526993));
#5453 = CARTESIAN_POINT('',(33.330965555741,-2.850719633719,
    58.619519699445));
#5454 = CARTESIAN_POINT('',(33.388955661736,-2.982054968226,
    58.540726329012));
#5455 = CARTESIAN_POINT('',(33.451953734457,-3.115858506903,
    58.468327522623));
#5456 = CARTESIAN_POINT('',(33.594562875471,-3.400082456564,
    58.330176209178));
#5457 = CARTESIAN_POINT('',(33.674977950929,-3.550417977712,
    58.265970723847));
#5458 = CARTESIAN_POINT('',(33.761108803224,-3.701341078542,
    58.209944708556));
#5459 = CARTESIAN_POINT('',(33.852732988987,-3.851812618146,
    58.162011064871));
#5460 = CARTESIAN_POINT('',(33.949461522034,-4.000798731976,
    58.121914125615));
#5461 = CARTESIAN_POINT('',(34.050715164065,-4.147286404557,
    58.089245992407));
#5462 = CARTESIAN_POINT('',(34.301681653009,-4.489156110462,
    58.027611807358));
#5463 = CARTESIAN_POINT('',(34.454830732928,-4.681229216345,
    58.005084299721));
#5464 = CARTESIAN_POINT('',(34.61435400985,-4.865734387321,
    57.994073113957));
#5465 = CARTESIAN_POINT('',(34.779404339975,-5.042111229135,
    57.992924877859));
#5466 = CARTESIAN_POINT('',(34.949098520472,-5.209961168293,
    58.000105349037));
#5467 = CARTESIAN_POINT('',(35.122521201627,-5.369010232402,
    58.014182247024));
#5468 = CARTESIAN_POINT('',(35.563289865201,-5.744466415132,
    58.063322280674));
#5469 = CARTESIAN_POINT('',(35.83526867228,-5.950609789583,
    58.105498168185));
#5470 = CARTESIAN_POINT('',(36.113165830882,-6.138068769308,
    58.156236988591));
#5471 = CARTESIAN_POINT('',(36.39592432346,-6.307604743171,
    58.212274404286));
#5472 = CARTESIAN_POINT('',(36.682936610923,-6.460022919201,
    58.270910043035));
#5473 = CARTESIAN_POINT('',(36.974017637612,-6.596025867584,
    58.329799675026));
#5474 = CARTESIAN_POINT('',(37.643699702045,-6.868309112314,
    58.459122083846));
#5475 = CARTESIAN_POINT('',(38.026361418033,-6.995523096369,
    58.528711705633));
#5476 = CARTESIAN_POINT('',(38.41488311964,-7.097187008058,
    58.590684178882));
#5477 = CARTESIAN_POINT('',(38.807377875901,-7.173358046322,
    58.640669388364));
#5478 = CARTESIAN_POINT('',(39.202714179719,-7.224301507527,
    58.675327106499));
#5479 = CARTESIAN_POINT('',(39.600378233157,-7.25,58.692810861169));
#5480 = CARTESIAN_POINT('',(40.208338887284,-7.25,58.692810861169));
#5481 = CARTESIAN_POINT('',(40.416559812744,-7.243015296522,
    58.688058921834));
#5482 = CARTESIAN_POINT('',(40.62447442863,-7.229059997446,
    58.678564608788));
#5483 = CARTESIAN_POINT('',(40.831883240459,-7.208144108498,
    58.66447074279));
#5484 = CARTESIAN_POINT('',(41.038555796727,-7.180276641422,
    58.646053809891));
#5485 = CARTESIAN_POINT('',(41.244211019595,-7.145481586457,
    58.62371395865));
#5486 = CARTESIAN_POINT('',(41.635223986277,-7.065752534253,
    58.574409469081));
#5487 = CARTESIAN_POINT('',(41.820866424695,-7.021935116694,
    58.547999676648));
#5488 = CARTESIAN_POINT('',(42.005384700044,-6.972372870242,
    58.5190786159));
#5489 = CARTESIAN_POINT('',(42.188717553179,-6.917046014971,
    58.48804524042));
#5490 = CARTESIAN_POINT('',(42.370782424979,-6.855920817585,
    58.455338508408));
#5491 = CARTESIAN_POINT('',(42.551475123776,-6.788953791802,
    58.421431842526));
#5492 = CARTESIAN_POINT('',(43.124537741664,-6.55595464591,
    58.310767630229));
#5493 = CARTESIAN_POINT('',(43.519175832777,-6.364096597956,
    58.22979230519));
#5494 = CARTESIAN_POINT('',(43.91045550416,-6.138838336299,
    58.149439772211));
#5495 = CARTESIAN_POINT('',(44.293881365737,-5.879097504632,
    58.077043065188));
#5496 = CARTESIAN_POINT('',(44.664440186439,-5.584674139958,
    58.02132527756));
#5497 = CARTESIAN_POINT('',(45.016682644088,-5.256602922333,
    57.992160029178));
#5498 = CARTESIAN_POINT('',(45.461607075976,-4.77106136754,
    58.004536338699));
#5499 = CARTESIAN_POINT('',(45.575636137927,-4.639553140428,
    58.01259809232));
#5500 = CARTESIAN_POINT('',(45.68670645361,-4.503951604303,
    58.026090676463));
#5501 = CARTESIAN_POINT('',(45.794305554737,-4.364699742261,
    58.045600536322));
#5502 = CARTESIAN_POINT('',(45.89800263199,-4.222283334777,
    58.071691010978));
#5503 = CARTESIAN_POINT('',(45.997442742271,-4.077232761034,
    58.104899380763));
#5504 = CARTESIAN_POINT('',(46.241712001638,-3.698575160216,
    58.210007945492));
#5505 = CARTESIAN_POINT('',(46.379408644307,-3.462582668956,
    58.292994308567));
#5506 = CARTESIAN_POINT('',(46.503171023475,-3.226419743309,
    58.395941398775));
#5507 = CARTESIAN_POINT('',(46.612034285619,-2.994447908841,
    58.519016438563));
#5508 = CARTESIAN_POINT('',(46.706086727073,-2.770954412974,
    58.661148050055));
#5509 = CARTESIAN_POINT('',(46.786183587032,-2.559876188724,
    58.819855989542));
#5510 = CARTESIAN_POINT('',(46.876859740482,-2.297037138489,
    59.050082420493));
#5511 = CARTESIAN_POINT('',(46.898635096988,-2.231411489134,
    59.110675749035));
#5512 = CARTESIAN_POINT('',(46.91901543739,-2.167592970539,
    59.172762180525));
#5513 = CARTESIAN_POINT('',(46.93807275148,-2.105635618829,
    59.236250687752));
#5514 = CARTESIAN_POINT('',(46.955877817587,-2.04558833645,
    59.301044996691));
#5515 = CARTESIAN_POINT('',(46.972499818513,-1.98749447192,
    59.367043517497));
#5516 = CARTESIAN_POINT('',(47.062553153453,-1.661670694727,
    59.756708332649));
#5517 = CARTESIAN_POINT('',(47.111013974568,-1.439035109518,
    60.103355468307));
#5518 = CARTESIAN_POINT('',(47.142334852901,-1.262937920607,
    60.466659588267));
#5519 = CARTESIAN_POINT('',(47.162277065548,-1.132072302848,
    60.840848559934));
#5520 = CARTESIAN_POINT('',(47.17441981812,-1.045122790103,
    61.221457030866));
#5521 = CARTESIAN_POINT('',(47.180539671936,-1.001175001583,
    61.604897841845));
#5522 = CARTESIAN_POINT('',(47.180701493603,-1.000013029812,
    61.989645455883));
#5523 = CARTESIAN_POINT('',(47.180702098463,-1.00000868654,
    61.991371211336));
#5524 = CARTESIAN_POINT('',(47.180702582348,-1.000005211923,
    61.993096967928));
#5525 = CARTESIAN_POINT('',(47.180702945261,-1.000002605962,
    61.994822725376));
#5526 = CARTESIAN_POINT('',(47.180703187202,-1.000000868654,
    61.996548483394));
#5527 = CARTESIAN_POINT('',(47.180703308173,-1.,61.998274241697));
#5528 = CARTESIAN_POINT('',(47.180703308173,-1.,62.));
#5529 = PCURVE('',#3268,#5530);
#5530 = DEFINITIONAL_REPRESENTATION('',(#5531),#5630);
#5531 = B_SPLINE_CURVE_WITH_KNOTS('',7,(#5532,#5533,#5534,#5535,#5536,
    #5537,#5538,#5539,#5540,#5541,#5542,#5543,#5544,#5545,#5546,#5547,
    #5548,#5549,#5550,#5551,#5552,#5553,#5554,#5555,#5556,#5557,#5558,
    #5559,#5560,#5561,#5562,#5563,#5564,#5565,#5566,#5567,#5568,#5569,
    #5570,#5571,#5572,#5573,#5574,#5575,#5576,#5577,#5578,#5579,#5580,
    #5581,#5582,#5583,#5584,#5585,#5586,#5587,#5588,#5589,#5590,#5591,
    #5592,#5593,#5594,#5595,#5596,#5597,#5598,#5599,#5600,#5601,#5602,
    #5603,#5604,#5605,#5606,#5607,#5608,#5609,#5610,#5611,#5612,#5613,
    #5614,#5615,#5616,#5617,#5618,#5619,#5620,#5621,#5622,#5623,#5624,
    #5625,#5626,#5627,#5628,#5629),.UNSPECIFIED.,.F.,.F.,(8,6,6,6,6,6,6,
    6,6,6,6,6,6,6,6,6,8),(0.,4.014027631406E-04,0.116650807434,
    0.140805842084,0.18182641101,0.226847248578,0.289448092235,
    0.383449813131,0.502616135328,0.564742328214,0.621528194273,
    0.746343219133,0.790560392044,0.860158736109,0.884148301951,
    0.999480356662,1.),.UNSPECIFIED.);
#5532 = CARTESIAN_POINT('',(-6.28318530718,-88.81929669182));
#5533 = CARTESIAN_POINT('',(-6.282854319024,-88.81929669182));
#5534 = CARTESIAN_POINT('',(-6.282523330869,-88.81929676302));
#5535 = CARTESIAN_POINT('',(-6.282192342687,-88.81929690542));
#5536 = CARTESIAN_POINT('',(-6.281861354451,-88.81929711901));
#5537 = CARTESIAN_POINT('',(-6.281530366133,-88.8192974038));
#5538 = CARTESIAN_POINT('',(-6.281199377708,-88.81929775979));
#5539 = CARTESIAN_POINT('',(-6.185011492581,-88.81942190456));
#5540 = CARTESIAN_POINT('',(-6.089022015494,-88.82551676567));
#5541 = CARTESIAN_POINT('',(-5.992275453407,-88.83763950018));
#5542 = CARTESIAN_POINT('',(-5.894212294875,-88.85756680104));
#5543 = CARTESIAN_POINT('',(-5.794298116437,-88.88888434941));
#5544 = CARTESIAN_POINT('',(-5.692007956211,-88.93736863013));
#5545 = CARTESIAN_POINT('',(-5.564913460996,-89.02750018148));
#5546 = CARTESIAN_POINT('',(-5.542939437893,-89.04412218241));
#5547 = CARTESIAN_POINT('',(-5.520866027407,-89.06192724852));
#5548 = CARTESIAN_POINT('',(-5.498701833745,-89.08098456261));
#5549 = CARTESIAN_POINT('',(-5.476454757413,-89.10136490301));
#5550 = CARTESIAN_POINT('',(-5.454132117403,-89.12314025951));
#5551 = CARTESIAN_POINT('',(-5.393715339592,-89.18585550487));
#5552 = CARTESIAN_POINT('',(-5.355447488235,-89.22960662167));
#5553 = CARTESIAN_POINT('',(-5.31707477015,-89.27790264226));
#5554 = CARTESIAN_POINT('',(-5.278718934738,-89.33096555574));
#5555 = CARTESIAN_POINT('',(-5.240490376289,-89.38895566173));
#5556 = CARTESIAN_POINT('',(-5.202492580315,-89.45195373445));
#5557 = CARTESIAN_POINT('',(-5.123487422664,-89.59456287547));
#5558 = CARTESIAN_POINT('',(-5.082668285645,-89.67497795092));
#5559 = CARTESIAN_POINT('',(-5.042494964052,-89.76110880322));
#5560 = CARTESIAN_POINT('',(-5.003090287408,-89.85273298898));
#5561 = CARTESIAN_POINT('',(-4.964578240721,-89.94946152203));
#5562 = CARTESIAN_POINT('',(-4.92708809567,-90.05071516406));
#5563 = CARTESIAN_POINT('',(-4.840242806296,-90.301681653));
#5564 = CARTESIAN_POINT('',(-4.791987064949,-90.45483073292));
#5565 = CARTESIAN_POINT('',(-4.745893896377,-90.61435400985));
#5566 = CARTESIAN_POINT('',(-4.701901049572,-90.77940433997));
#5567 = CARTESIAN_POINT('',(-4.659972162811,-90.94909852047));
#5568 = CARTESIAN_POINT('',(-4.620089376312,-91.12252120162));
#5569 = CARTESIAN_POINT('',(-4.525424807948,-91.5632898652));
#5570 = CARTESIAN_POINT('',(-4.47295608138,-91.83526867228));
#5571 = CARTESIAN_POINT('',(-4.424543207436,-92.11316583088));
#5572 = CARTESIAN_POINT('',(-4.380004773847,-92.39592432346));
#5573 = CARTESIAN_POINT('',(-4.339237479535,-92.68293661092));
#5574 = CARTESIAN_POINT('',(-4.302208193413,-92.97401763761));
#5575 = CARTESIAN_POINT('',(-4.226849695724,-93.64369970204));
#5576 = CARTESIAN_POINT('',(-4.190657909621,-94.02636141803));
#5577 = CARTESIAN_POINT('',(-4.160930841554,-94.41488311964));
#5578 = CARTESIAN_POINT('',(-4.138156697614,-94.8073778759));
#5579 = CARTESIAN_POINT('',(-4.122753094688,-95.20271417971));
#5580 = CARTESIAN_POINT('',(-4.114982563739,-95.60037823315));
#5581 = CARTESIAN_POINT('',(-4.114982563739,-96.20833888728));
#5582 = CARTESIAN_POINT('',(-4.117094528557,-96.41655981274));
#5583 = CARTESIAN_POINT('',(-4.121314251369,-96.62447442863));
#5584 = CARTESIAN_POINT('',(-4.127619459728,-96.83188324045));
#5585 = CARTESIAN_POINT('',(-4.135969530173,-97.03855579672));
#5586 = CARTESIAN_POINT('',(-4.146305363436,-97.24421101959));
#5587 = CARTESIAN_POINT('',(-4.16974098597,-97.63522398627));
#5588 = CARTESIAN_POINT('',(-4.182530376022,-97.82086642469));
#5589 = CARTESIAN_POINT('',(-4.196873812742,-98.00538470004));
#5590 = CARTESIAN_POINT('',(-4.21272820164,-98.18871755317));
#5591 = CARTESIAN_POINT('',(-4.230053065492,-98.37078242497));
#5592 = CARTESIAN_POINT('',(-4.248812478426,-98.55147512377));
#5593 = CARTESIAN_POINT('',(-4.313298508827,-99.12453774166));
#5594 = CARTESIAN_POINT('',(-4.365309201917,-99.51917583277));
#5595 = CARTESIAN_POINT('',(-4.424940319258,-99.91045550416));
#5596 = CARTESIAN_POINT('',(-4.492004096136,-100.2938813657));
#5597 = CARTESIAN_POINT('',(-4.566406117949,-100.6644401864));
#5598 = CARTESIAN_POINT('',(-4.648211894741,-101.016682644));
#5599 = CARTESIAN_POINT('',(-4.769636710592,-101.4616070759));
#5600 = CARTESIAN_POINT('',(-4.802554440917,-101.5756361379));
#5601 = CARTESIAN_POINT('',(-4.836582118598,-101.6867064536));
#5602 = CARTESIAN_POINT('',(-4.871682238368,-101.7943055547));
#5603 = CARTESIAN_POINT('',(-4.907824548887,-101.8980026319));
#5604 = CARTESIAN_POINT('',(-4.944986575491,-101.9974427422));
#5605 = CARTESIAN_POINT('',(-5.043230337709,-102.2417120016));
#5606 = CARTESIAN_POINT('',(-5.105627904133,-102.3794086443));
#5607 = CARTESIAN_POINT('',(-5.169755873298,-102.5031710234));
#5608 = CARTESIAN_POINT('',(-5.235050841765,-102.6120342856));
#5609 = CARTESIAN_POINT('',(-5.300941196953,-102.706086727));
#5610 = CARTESIAN_POINT('',(-5.366779178185,-102.786183587));
#5611 = CARTESIAN_POINT('',(-5.454132117402,-102.8768597404));
#5612 = CARTESIAN_POINT('',(-5.476454757413,-102.8986350969));
#5613 = CARTESIAN_POINT('',(-5.498701833746,-102.9190154373));
#5614 = CARTESIAN_POINT('',(-5.520866027407,-102.9380727514));
#5615 = CARTESIAN_POINT('',(-5.542939437893,-102.9558778175));
#5616 = CARTESIAN_POINT('',(-5.564913460995,-102.9724998185));
#5617 = CARTESIAN_POINT('',(-5.691897663249,-103.0625531534));
#5618 = CARTESIAN_POINT('',(-5.794083678377,-103.1110139745));
#5619 = CARTESIAN_POINT('',(-5.893898340165,-103.1423348529));
#5620 = CARTESIAN_POINT('',(-5.991865075062,-103.1622770655));
#5621 = CARTESIAN_POINT('',(-6.088516358813,-103.1744198181));
#5622 = CARTESIAN_POINT('',(-6.184409326361,-103.1805396719));
#5623 = CARTESIAN_POINT('',(-6.280596668527,-103.1807014936));
#5624 = CARTESIAN_POINT('',(-6.281028108702,-103.1807020984));
#5625 = CARTESIAN_POINT('',(-6.281459548637,-103.1807025823));
#5626 = CARTESIAN_POINT('',(-6.281890988392,-103.1807029452));
#5627 = CARTESIAN_POINT('',(-6.282322428028,-103.1807031872));
#5628 = CARTESIAN_POINT('',(-6.282753867604,-103.1807033081));
#5629 = CARTESIAN_POINT('',(-6.28318530718,-103.1807033081));
#5630 = ( GEOMETRIC_REPRESENTATION_CONTEXT(2) 
PARAMETRIC_REPRESENTATION_CONTEXT() REPRESENTATION_CONTEXT('2D SPACE',''
  ) );
#5631 = PCURVE('',#4111,#5632);
#5632 = DEFINITIONAL_REPRESENTATION('',(#5633),#5732);
#5633 = B_SPLINE_CURVE_WITH_KNOTS('',7,(#5634,#5635,#5636,#5637,#5638,
    #5639,#5640,#5641,#5642,#5643,#5644,#5645,#5646,#5647,#5648,#5649,
    #5650,#5651,#5652,#5653,#5654,#5655,#5656,#5657,#5658,#5659,#5660,
    #5661,#5662,#5663,#5664,#5665,#5666,#5667,#5668,#5669,#5670,#5671,
    #5672,#5673,#5674,#5675,#5676,#5677,#5678,#5679,#5680,#5681,#5682,
    #5683,#5684,#5685,#5686,#5687,#5688,#5689,#5690,#5691,#5692,#5693,
    #5694,#5695,#5696,#5697,#5698,#5699,#5700,#5701,#5702,#5703,#5704,
    #5705,#5706,#5707,#5708,#5709,#5710,#5711,#5712,#5713,#5714,#5715,
    #5716,#5717,#5718,#5719,#5720,#5721,#5722,#5723,#5724,#5725,#5726,
    #5727,#5728,#5729,#5730,#5731),.UNSPECIFIED.,.F.,.F.,(8,6,6,6,6,6,6,
    6,6,6,6,6,6,6,6,6,8),(0.,4.014027631406E-04,0.116650807434,
    0.140805842084,0.18182641101,0.226847248578,0.289448092235,
    0.383449813131,0.502616135328,0.564742328214,0.621528194273,
    0.746343219133,0.790560392044,0.860158736109,0.884148301951,
    0.999480356662,1.),.UNSPECIFIED.);
#5634 = CARTESIAN_POINT('',(3.279964830975,-29.));
#5635 = CARTESIAN_POINT('',(3.279964830975,-29.00132395262));
#5636 = CARTESIAN_POINT('',(3.279964902172,-29.00264790524));
#5637 = CARTESIAN_POINT('',(3.279965044567,-29.00397185773));
#5638 = CARTESIAN_POINT('',(3.27996525816,-29.00529580996));
#5639 = CARTESIAN_POINT('',(3.27996554295,-29.00661976181));
#5640 = CARTESIAN_POINT('',(3.279965898938,-29.00794371314));
#5641 = CARTESIAN_POINT('',(3.280090042372,-29.39269422096));
#5642 = CARTESIAN_POINT('',(3.286185357932,-29.7765516663));
#5643 = CARTESIAN_POINT('',(3.298282120071,-30.15758373028));
#5644 = CARTESIAN_POINT('',(3.316537123096,-30.5321974606));
#5645 = CARTESIAN_POINT('',(3.341204635767,-30.89591705633));
#5646 = CARTESIAN_POINT('',(3.372609382201,-31.24295322142));
#5647 = CARTESIAN_POINT('',(3.419276024381,-31.6329564825));
#5648 = CARTESIAN_POINT('',(3.427610176457,-31.6989550033));
#5649 = CARTESIAN_POINT('',(3.436248344985,-31.76374931225));
#5650 = CARTESIAN_POINT('',(3.445188444444,-31.82723781947));
#5651 = CARTESIAN_POINT('',(3.454428049422,-31.88932425096));
#5652 = CARTESIAN_POINT('',(3.463964485533,-31.9499175795));
#5653 = CARTESIAN_POINT('',(3.490489163719,-32.1091513643));
#5654 = CARTESIAN_POINT('',(3.50805085038,-32.20493404869));
#5655 = CARTESIAN_POINT('',(3.526423134514,-32.295563473));
#5656 = CARTESIAN_POINT('',(3.545541532813,-32.38048030055));
#5657 = CARTESIAN_POINT('',(3.565335097359,-32.45927367098));
#5658 = CARTESIAN_POINT('',(3.585727588527,-32.53167247737));
#5659 = CARTESIAN_POINT('',(3.629588924601,-32.66982379082));
#5660 = CARTESIAN_POINT('',(3.653097058643,-32.73402927615));
#5661 = CARTESIAN_POINT('',(3.677050662828,-32.79005529144));
#5662 = CARTESIAN_POINT('',(3.701332397522,-32.83798893512));
#5663 = CARTESIAN_POINT('',(3.725817163097,-32.87808587438));
#5664 = CARTESIAN_POINT('',(3.75036929238,-32.91075400759));
#5665 = CARTESIAN_POINT('',(3.808865561865,-32.97238819264));
#5666 = CARTESIAN_POINT('',(3.842722158352,-32.99491570027));
#5667 = CARTESIAN_POINT('',(3.87632197976,-33.00592688604));
#5668 = CARTESIAN_POINT('',(3.909594844309,-33.00707512214));
#5669 = CARTESIAN_POINT('',(3.942478838047,-32.99989465096));
#5670 = CARTESIAN_POINT('',(3.974913950057,-32.98581775297));
#5671 = CARTESIAN_POINT('',(4.054776419229,-32.93667771932));
#5672 = CARTESIAN_POINT('',(4.101772180203,-32.89450183181));
#5673 = CARTESIAN_POINT('',(4.147898252663,-32.8437630114));
#5674 = CARTESIAN_POINT('',(4.193259489371,-32.78772559571));
#5675 = CARTESIAN_POINT('',(4.237989269835,-32.72908995696));
#5676 = CARTESIAN_POINT('',(4.282247166532,-32.67020032497));
#5677 = CARTESIAN_POINT('',(4.38196016565,-32.54087791615));
#5678 = CARTESIAN_POINT('',(4.437463096526,-32.47128829436));
#5679 = CARTESIAN_POINT('',(4.492670241205,-32.40931582111));
#5680 = CARTESIAN_POINT('',(4.547615791663,-32.35933061163));
#5681 = CARTESIAN_POINT('',(4.602418534154,-32.3246728935));
#5682 = CARTESIAN_POINT('',(4.657268736682,-32.30718913883));
#5683 = CARTESIAN_POINT('',(4.741125378631,-32.30718913883));
#5684 = CARTESIAN_POINT('',(4.769845500567,-32.31194107816));
#5685 = CARTESIAN_POINT('',(4.798562157602,-32.32143539121));
#5686 = CARTESIAN_POINT('',(4.82728632112,-32.33552925721));
#5687 = CARTESIAN_POINT('',(4.856024960775,-32.3539461901));
#5688 = CARTESIAN_POINT('',(4.884778146717,-32.37628604135));
#5689 = CARTESIAN_POINT('',(4.939820728763,-32.42559053091));
#5690 = CARTESIAN_POINT('',(4.966117834958,-32.45200032335));
#5691 = CARTESIAN_POINT('',(4.992450959452,-32.4809213841));
#5692 = CARTESIAN_POINT('',(5.018842199526,-32.51195475958));
#5693 = CARTESIAN_POINT('',(5.045311820455,-32.54466149159));
#5694 = CARTESIAN_POINT('',(5.071878551362,-32.57856815747));
#5695 = CARTESIAN_POINT('',(5.157205298706,-32.68923236977));
#5696 = CARTESIAN_POINT('',(5.217596857681,-32.77020769481));
#5697 = CARTESIAN_POINT('',(5.279623558068,-32.85056022778));
#5698 = CARTESIAN_POINT('',(5.343186332383,-32.92295693481));
#5699 = CARTESIAN_POINT('',(5.408150908895,-32.97867472244));
#5700 = CARTESIAN_POINT('',(5.474337266916,-33.00783997082));
#5701 = CARTESIAN_POINT('',(5.565173870194,-32.9954636613));
#5702 = CARTESIAN_POINT('',(5.58917316427,-32.98740190768));
#5703 = CARTESIAN_POINT('',(5.613334931867,-32.97390932353));
#5704 = CARTESIAN_POINT('',(5.637590229731,-32.95439946367));
#5705 = CARTESIAN_POINT('',(5.661873693973,-32.92830898902));
#5706 = CARTESIAN_POINT('',(5.686121210839,-32.89510061923));
#5707 = CARTESIAN_POINT('',(5.748274264948,-32.7899920545));
#5708 = CARTESIAN_POINT('',(5.785923051148,-32.70700569143));
#5709 = CARTESIAN_POINT('',(5.822639159133,-32.60405860122));
#5710 = CARTESIAN_POINT('',(5.857927715047,-32.48098356143));
#5711 = CARTESIAN_POINT('',(5.891337601602,-32.33885194994));
#5712 = CARTESIAN_POINT('',(5.922463058592,-32.18014401045));
#5713 = CARTESIAN_POINT('',(5.960813475236,-31.9499175795));
#5714 = CARTESIAN_POINT('',(5.970349911347,-31.88932425096));
#5715 = CARTESIAN_POINT('',(5.979589516326,-31.82723781947));
#5716 = CARTESIAN_POINT('',(5.988529615784,-31.76374931224));
#5717 = CARTESIAN_POINT('',(5.997167784313,-31.6989550033));
#5718 = CARTESIAN_POINT('',(6.005501936388,-31.6329564825));
#5719 = CARTESIAN_POINT('',(6.052128081125,-31.24329166735));
#5720 = CARTESIAN_POINT('',(6.083507480695,-30.89664453169));
#5721 = CARTESIAN_POINT('',(6.108163337328,-30.53334041173));
#5722 = CARTESIAN_POINT('',(6.126419460643,-30.15915144006));
#5723 = CARTESIAN_POINT('',(6.138529329055,-29.77854296913));
#5724 = CARTESIAN_POINT('',(6.14464949652,-29.39510215815));
#5725 = CARTESIAN_POINT('',(6.144811315235,-29.01035454411));
#5726 = CARTESIAN_POINT('',(6.144811920088,-29.00862878866));
#5727 = CARTESIAN_POINT('',(6.144812403971,-29.00690303207));
#5728 = CARTESIAN_POINT('',(6.144812766883,-29.00517727462));
#5729 = CARTESIAN_POINT('',(6.144813008824,-29.0034515166));
#5730 = CARTESIAN_POINT('',(6.144813129794,-29.0017257583));
#5731 = CARTESIAN_POINT('',(6.144813129794,-29.));
#5732 = ( GEOMETRIC_REPRESENTATION_CONTEXT(2) 
PARAMETRIC_REPRESENTATION_CONTEXT() REPRESENTATION_CONTEXT('2D SPACE',''
  ) );
#5733 = ORIENTED_EDGE('',*,*,#5734,.F.);
#5734 = EDGE_CURVE('',#5735,#5427,#5737,.T.);
#5735 = VERTEX_POINT('',#5736);
#5736 = CARTESIAN_POINT('',(34.75,-5.,58.));
#5737 = SURFACE_CURVE('',#5738,(#5837,#5939),.PCURVE_S1.);
#5738 = B_SPLINE_CURVE_WITH_KNOTS('',7,(#5739,#5740,#5741,#5742,#5743,
    #5744,#5745,#5746,#5747,#5748,#5749,#5750,#5751,#5752,#5753,#5754,
    #5755,#5756,#5757,#5758,#5759,#5760,#5761,#5762,#5763,#5764,#5765,
    #5766,#5767,#5768,#5769,#5770,#5771,#5772,#5773,#5774,#5775,#5776,
    #5777,#5778,#5779,#5780,#5781,#5782,#5783,#5784,#5785,#5786,#5787,
    #5788,#5789,#5790,#5791,#5792,#5793,#5794,#5795,#5796,#5797,#5798,
    #5799,#5800,#5801,#5802,#5803,#5804,#5805,#5806,#5807,#5808,#5809,
    #5810,#5811,#5812,#5813,#5814,#5815,#5816,#5817,#5818,#5819,#5820,
    #5821,#5822,#5823,#5824,#5825,#5826,#5827,#5828,#5829,#5830,#5831,
    #5832,#5833,#5834,#5835,#5836),.UNSPECIFIED.,.F.,.F.,(8,6,6,6,6,6,6,
    6,6,6,6,6,6,6,6,6,8),(0.,4.014027631406E-04,0.116650807434,
    0.140805842084,0.18182641101,0.226847248578,0.289448092235,
    0.383449813131,0.502616135328,0.564742328214,0.621528194273,
    0.746343219133,0.790560392044,0.860158736109,0.884148301951,
    0.999480356662,1.),.UNSPECIFIED.);
#5739 = CARTESIAN_POINT('',(32.819296691827,-1.,62.));
#5740 = CARTESIAN_POINT('',(32.819296691827,-1.,61.998676047379));
#5741 = CARTESIAN_POINT('',(32.819296763025,-1.000000511248,
    61.997352094759));
#5742 = CARTESIAN_POINT('',(32.81929690542,-1.000001533744,
    61.996028142267));
#5743 = CARTESIAN_POINT('',(32.819297119013,-1.000003067489,
    61.994704190032));
#5744 = CARTESIAN_POINT('',(32.819297403804,-1.000005112481,
    61.993380238184));
#5745 = CARTESIAN_POINT('',(32.819297759794,-1.000007668723,
    61.992056286851));
#5746 = CARTESIAN_POINT('',(32.819421904561,-1.000899105708,
    61.607305779037));
#5747 = CARTESIAN_POINT('',(32.82551676568,-1.04466846366,
    61.223448333696));
#5748 = CARTESIAN_POINT('',(32.837639500178,-1.131524805424,
    60.842416269715));
#5749 = CARTESIAN_POINT('',(32.857566801045,-1.262384367394,
    60.467802539395));
#5750 = CARTESIAN_POINT('',(32.888884349411,-1.438567946076,
    60.104082943663));
#5751 = CARTESIAN_POINT('',(32.937368630133,-1.661387698349,
    59.757046778579));
#5752 = CARTESIAN_POINT('',(33.027500181487,-1.987494471917,
    59.3670435175));
#5753 = CARTESIAN_POINT('',(33.044122182413,-2.04558833645,
    59.301044996691));
#5754 = CARTESIAN_POINT('',(33.061927248521,-2.105635618831,
    59.23625068775));
#5755 = CARTESIAN_POINT('',(33.080984562611,-2.167592970541,
    59.172762180522));
#5756 = CARTESIAN_POINT('',(33.101364903012,-2.231411489134,
    59.110675749036));
#5757 = CARTESIAN_POINT('',(33.123140259516,-2.297037138486,
    59.050082420496));
#5758 = CARTESIAN_POINT('',(33.185855504875,-2.478827111902,
    58.890848635695));
#5759 = CARTESIAN_POINT('',(33.229606621671,-2.598419037169,
    58.795065951301));
#5760 = CARTESIAN_POINT('',(33.277902642265,-2.722602862925,
    58.704436526993));
#5761 = CARTESIAN_POINT('',(33.330965555741,-2.850719633719,
    58.619519699445));
#5762 = CARTESIAN_POINT('',(33.388955661736,-2.982054968226,
    58.540726329012));
#5763 = CARTESIAN_POINT('',(33.451953734457,-3.115858506903,
    58.468327522623));
#5764 = CARTESIAN_POINT('',(33.594562875471,-3.400082456564,
    58.330176209178));
#5765 = CARTESIAN_POINT('',(33.674977950929,-3.550417977712,
    58.265970723847));
#5766 = CARTESIAN_POINT('',(33.761108803224,-3.701341078542,
    58.209944708556));
#5767 = CARTESIAN_POINT('',(33.852732988987,-3.851812618146,
    58.162011064871));
#5768 = CARTESIAN_POINT('',(33.949461522034,-4.000798731976,
    58.121914125615));
#5769 = CARTESIAN_POINT('',(34.050715164065,-4.147286404557,
    58.089245992407));
#5770 = CARTESIAN_POINT('',(34.301681653009,-4.489156110462,
    58.027611807358));
#5771 = CARTESIAN_POINT('',(34.454830732928,-4.681229216345,
    58.005084299721));
#5772 = CARTESIAN_POINT('',(34.61435400985,-4.865734387321,
    57.994073113957));
#5773 = CARTESIAN_POINT('',(34.779404339975,-5.042111229135,
    57.992924877859));
#5774 = CARTESIAN_POINT('',(34.949098520472,-5.209961168293,
    58.000105349037));
#5775 = CARTESIAN_POINT('',(35.122521201627,-5.369010232402,
    58.014182247024));
#5776 = CARTESIAN_POINT('',(35.563289865201,-5.744466415132,
    58.063322280674));
#5777 = CARTESIAN_POINT('',(35.83526867228,-5.950609789583,
    58.105498168185));
#5778 = CARTESIAN_POINT('',(36.113165830882,-6.138068769308,
    58.156236988591));
#5779 = CARTESIAN_POINT('',(36.39592432346,-6.307604743171,
    58.212274404286));
#5780 = CARTESIAN_POINT('',(36.682936610923,-6.460022919201,
    58.270910043035));
#5781 = CARTESIAN_POINT('',(36.974017637612,-6.596025867584,
    58.329799675026));
#5782 = CARTESIAN_POINT('',(37.643699702045,-6.868309112314,
    58.459122083846));
#5783 = CARTESIAN_POINT('',(38.026361418033,-6.995523096369,
    58.528711705633));
#5784 = CARTESIAN_POINT('',(38.41488311964,-7.097187008058,
    58.590684178882));
#5785 = CARTESIAN_POINT('',(38.807377875901,-7.173358046322,
    58.640669388364));
#5786 = CARTESIAN_POINT('',(39.202714179719,-7.224301507527,
    58.675327106499));
#5787 = CARTESIAN_POINT('',(39.600378233157,-7.25,58.692810861169));
#5788 = CARTESIAN_POINT('',(40.208338887284,-7.25,58.692810861169));
#5789 = CARTESIAN_POINT('',(40.416559812744,-7.243015296522,
    58.688058921834));
#5790 = CARTESIAN_POINT('',(40.62447442863,-7.229059997446,
    58.678564608788));
#5791 = CARTESIAN_POINT('',(40.831883240459,-7.208144108498,
    58.66447074279));
#5792 = CARTESIAN_POINT('',(41.038555796727,-7.180276641422,
    58.646053809891));
#5793 = CARTESIAN_POINT('',(41.244211019595,-7.145481586457,
    58.62371395865));
#5794 = CARTESIAN_POINT('',(41.635223986277,-7.065752534253,
    58.574409469081));
#5795 = CARTESIAN_POINT('',(41.820866424695,-7.021935116694,
    58.547999676648));
#5796 = CARTESIAN_POINT('',(42.005384700044,-6.972372870242,
    58.5190786159));
#5797 = CARTESIAN_POINT('',(42.188717553179,-6.917046014971,
    58.48804524042));
#5798 = CARTESIAN_POINT('',(42.370782424979,-6.855920817585,
    58.455338508408));
#5799 = CARTESIAN_POINT('',(42.551475123776,-6.788953791802,
    58.421431842526));
#5800 = CARTESIAN_POINT('',(43.124537741664,-6.55595464591,
    58.310767630229));
#5801 = CARTESIAN_POINT('',(43.519175832777,-6.364096597956,
    58.22979230519));
#5802 = CARTESIAN_POINT('',(43.91045550416,-6.138838336299,
    58.149439772211));
#5803 = CARTESIAN_POINT('',(44.293881365737,-5.879097504632,
    58.077043065188));
#5804 = CARTESIAN_POINT('',(44.664440186439,-5.584674139958,
    58.02132527756));
#5805 = CARTESIAN_POINT('',(45.016682644088,-5.256602922333,
    57.992160029178));
#5806 = CARTESIAN_POINT('',(45.461607075976,-4.77106136754,
    58.004536338699));
#5807 = CARTESIAN_POINT('',(45.575636137927,-4.639553140428,
    58.01259809232));
#5808 = CARTESIAN_POINT('',(45.68670645361,-4.503951604303,
    58.026090676463));
#5809 = CARTESIAN_POINT('',(45.794305554737,-4.364699742261,
    58.045600536322));
#5810 = CARTESIAN_POINT('',(45.89800263199,-4.222283334777,
    58.071691010978));
#5811 = CARTESIAN_POINT('',(45.997442742271,-4.077232761034,
    58.104899380763));
#5812 = CARTESIAN_POINT('',(46.241712001638,-3.698575160216,
    58.210007945492));
#5813 = CARTESIAN_POINT('',(46.379408644307,-3.462582668956,
    58.292994308567));
#5814 = CARTESIAN_POINT('',(46.503171023475,-3.226419743309,
    58.395941398775));
#5815 = CARTESIAN_POINT('',(46.612034285619,-2.994447908841,
    58.519016438563));
#5816 = CARTESIAN_POINT('',(46.706086727073,-2.770954412974,
    58.661148050055));
#5817 = CARTESIAN_POINT('',(46.786183587032,-2.559876188724,
    58.819855989542));
#5818 = CARTESIAN_POINT('',(46.876859740482,-2.297037138489,
    59.050082420493));
#5819 = CARTESIAN_POINT('',(46.898635096988,-2.231411489134,
    59.110675749035));
#5820 = CARTESIAN_POINT('',(46.91901543739,-2.167592970539,
    59.172762180525));
#5821 = CARTESIAN_POINT('',(46.93807275148,-2.105635618829,
    59.236250687752));
#5822 = CARTESIAN_POINT('',(46.955877817587,-2.04558833645,
    59.301044996691));
#5823 = CARTESIAN_POINT('',(46.972499818513,-1.98749447192,
    59.367043517497));
#5824 = CARTESIAN_POINT('',(47.062553153453,-1.661670694727,
    59.756708332649));
#5825 = CARTESIAN_POINT('',(47.111013974568,-1.439035109518,
    60.103355468307));
#5826 = CARTESIAN_POINT('',(47.142334852901,-1.262937920607,
    60.466659588267));
#5827 = CARTESIAN_POINT('',(47.162277065548,-1.132072302848,
    60.840848559934));
#5828 = CARTESIAN_POINT('',(47.17441981812,-1.045122790103,
    61.221457030866));
#5829 = CARTESIAN_POINT('',(47.180539671936,-1.001175001583,
    61.604897841845));
#5830 = CARTESIAN_POINT('',(47.180701493603,-1.000013029812,
    61.989645455883));
#5831 = CARTESIAN_POINT('',(47.180702098463,-1.00000868654,
    61.991371211336));
#5832 = CARTESIAN_POINT('',(47.180702582348,-1.000005211923,
    61.993096967928));
#5833 = CARTESIAN_POINT('',(47.180702945261,-1.000002605962,
    61.994822725376));
#5834 = CARTESIAN_POINT('',(47.180703187202,-1.000000868654,
    61.996548483394));
#5835 = CARTESIAN_POINT('',(47.180703308173,-1.,61.998274241697));
#5836 = CARTESIAN_POINT('',(47.180703308173,-1.,62.));
#5837 = PCURVE('',#3268,#5838);
#5838 = DEFINITIONAL_REPRESENTATION('',(#5839),#5938);
#5839 = B_SPLINE_CURVE_WITH_KNOTS('',7,(#5840,#5841,#5842,#5843,#5844,
    #5845,#5846,#5847,#5848,#5849,#5850,#5851,#5852,#5853,#5854,#5855,
    #5856,#5857,#5858,#5859,#5860,#5861,#5862,#5863,#5864,#5865,#5866,
    #5867,#5868,#5869,#5870,#5871,#5872,#5873,#5874,#5875,#5876,#5877,
    #5878,#5879,#5880,#5881,#5882,#5883,#5884,#5885,#5886,#5887,#5888,
    #5889,#5890,#5891,#5892,#5893,#5894,#5895,#5896,#5897,#5898,#5899,
    #5900,#5901,#5902,#5903,#5904,#5905,#5906,#5907,#5908,#5909,#5910,
    #5911,#5912,#5913,#5914,#5915,#5916,#5917,#5918,#5919,#5920,#5921,
    #5922,#5923,#5924,#5925,#5926,#5927,#5928,#5929,#5930,#5931,#5932,
    #5933,#5934,#5935,#5936,#5937),.UNSPECIFIED.,.F.,.F.,(8,6,6,6,6,6,6,
    6,6,6,6,6,6,6,6,6,8),(0.,4.014027631406E-04,0.116650807434,
    0.140805842084,0.18182641101,0.226847248578,0.289448092235,
    0.383449813131,0.502616135328,0.564742328214,0.621528194273,
    0.746343219133,0.790560392044,0.860158736109,0.884148301951,
    0.999480356662,1.),.UNSPECIFIED.);
#5840 = CARTESIAN_POINT('',(-6.28318530718,-88.81929669182));
#5841 = CARTESIAN_POINT('',(-6.282854319024,-88.81929669182));
#5842 = CARTESIAN_POINT('',(-6.282523330869,-88.81929676302));
#5843 = CARTESIAN_POINT('',(-6.282192342687,-88.81929690542));
#5844 = CARTESIAN_POINT('',(-6.281861354451,-88.81929711901));
#5845 = CARTESIAN_POINT('',(-6.281530366133,-88.8192974038));
#5846 = CARTESIAN_POINT('',(-6.281199377708,-88.81929775979));
#5847 = CARTESIAN_POINT('',(-6.185011492581,-88.81942190456));
#5848 = CARTESIAN_POINT('',(-6.089022015494,-88.82551676567));
#5849 = CARTESIAN_POINT('',(-5.992275453407,-88.83763950018));
#5850 = CARTESIAN_POINT('',(-5.894212294875,-88.85756680104));
#5851 = CARTESIAN_POINT('',(-5.794298116437,-88.88888434941));
#5852 = CARTESIAN_POINT('',(-5.692007956211,-88.93736863013));
#5853 = CARTESIAN_POINT('',(-5.564913460996,-89.02750018148));
#5854 = CARTESIAN_POINT('',(-5.542939437893,-89.04412218241));
#5855 = CARTESIAN_POINT('',(-5.520866027407,-89.06192724852));
#5856 = CARTESIAN_POINT('',(-5.498701833745,-89.08098456261));
#5857 = CARTESIAN_POINT('',(-5.476454757413,-89.10136490301));
#5858 = CARTESIAN_POINT('',(-5.454132117403,-89.12314025951));
#5859 = CARTESIAN_POINT('',(-5.393715339592,-89.18585550487));
#5860 = CARTESIAN_POINT('',(-5.355447488235,-89.22960662167));
#5861 = CARTESIAN_POINT('',(-5.31707477015,-89.27790264226));
#5862 = CARTESIAN_POINT('',(-5.278718934738,-89.33096555574));
#5863 = CARTESIAN_POINT('',(-5.240490376289,-89.38895566173));
#5864 = CARTESIAN_POINT('',(-5.202492580315,-89.45195373445));
#5865 = CARTESIAN_POINT('',(-5.123487422664,-89.59456287547));
#5866 = CARTESIAN_POINT('',(-5.082668285645,-89.67497795092));
#5867 = CARTESIAN_POINT('',(-5.042494964052,-89.76110880322));
#5868 = CARTESIAN_POINT('',(-5.003090287408,-89.85273298898));
#5869 = CARTESIAN_POINT('',(-4.964578240721,-89.94946152203));
#5870 = CARTESIAN_POINT('',(-4.92708809567,-90.05071516406));
#5871 = CARTESIAN_POINT('',(-4.840242806296,-90.301681653));
#5872 = CARTESIAN_POINT('',(-4.791987064949,-90.45483073292));
#5873 = CARTESIAN_POINT('',(-4.745893896377,-90.61435400985));
#5874 = CARTESIAN_POINT('',(-4.701901049572,-90.77940433997));
#5875 = CARTESIAN_POINT('',(-4.659972162811,-90.94909852047));
#5876 = CARTESIAN_POINT('',(-4.620089376312,-91.12252120162));
#5877 = CARTESIAN_POINT('',(-4.525424807948,-91.5632898652));
#5878 = CARTESIAN_POINT('',(-4.47295608138,-91.83526867228));
#5879 = CARTESIAN_POINT('',(-4.424543207436,-92.11316583088));
#5880 = CARTESIAN_POINT('',(-4.380004773847,-92.39592432346));
#5881 = CARTESIAN_POINT('',(-4.339237479535,-92.68293661092));
#5882 = CARTESIAN_POINT('',(-4.302208193413,-92.97401763761));
#5883 = CARTESIAN_POINT('',(-4.226849695724,-93.64369970204));
#5884 = CARTESIAN_POINT('',(-4.190657909621,-94.02636141803));
#5885 = CARTESIAN_POINT('',(-4.160930841554,-94.41488311964));
#5886 = CARTESIAN_POINT('',(-4.138156697614,-94.8073778759));
#5887 = CARTESIAN_POINT('',(-4.122753094688,-95.20271417971));
#5888 = CARTESIAN_POINT('',(-4.114982563739,-95.60037823315));
#5889 = CARTESIAN_POINT('',(-4.114982563739,-96.20833888728));
#5890 = CARTESIAN_POINT('',(-4.117094528557,-96.41655981274));
#5891 = CARTESIAN_POINT('',(-4.121314251369,-96.62447442863));
#5892 = CARTESIAN_POINT('',(-4.127619459728,-96.83188324045));
#5893 = CARTESIAN_POINT('',(-4.135969530173,-97.03855579672));
#5894 = CARTESIAN_POINT('',(-4.146305363436,-97.24421101959));
#5895 = CARTESIAN_POINT('',(-4.16974098597,-97.63522398627));
#5896 = CARTESIAN_POINT('',(-4.182530376022,-97.82086642469));
#5897 = CARTESIAN_POINT('',(-4.196873812742,-98.00538470004));
#5898 = CARTESIAN_POINT('',(-4.21272820164,-98.18871755317));
#5899 = CARTESIAN_POINT('',(-4.230053065492,-98.37078242497));
#5900 = CARTESIAN_POINT('',(-4.248812478426,-98.55147512377));
#5901 = CARTESIAN_POINT('',(-4.313298508827,-99.12453774166));
#5902 = CARTESIAN_POINT('',(-4.365309201917,-99.51917583277));
#5903 = CARTESIAN_POINT('',(-4.424940319258,-99.91045550416));
#5904 = CARTESIAN_POINT('',(-4.492004096136,-100.2938813657));
#5905 = CARTESIAN_POINT('',(-4.566406117949,-100.6644401864));
#5906 = CARTESIAN_POINT('',(-4.648211894741,-101.016682644));
#5907 = CARTESIAN_POINT('',(-4.769636710592,-101.4616070759));
#5908 = CARTESIAN_POINT('',(-4.802554440917,-101.5756361379));
#5909 = CARTESIAN_POINT('',(-4.836582118598,-101.6867064536));
#5910 = CARTESIAN_POINT('',(-4.871682238368,-101.7943055547));
#5911 = CARTESIAN_POINT('',(-4.907824548887,-101.8980026319));
#5912 = CARTESIAN_POINT('',(-4.944986575491,-101.9974427422));
#5913 = CARTESIAN_POINT('',(-5.043230337709,-102.2417120016));
#5914 = CARTESIAN_POINT('',(-5.105627904133,-102.3794086443));
#5915 = CARTESIAN_POINT('',(-5.169755873298,-102.5031710234));
#5916 = CARTESIAN_POINT('',(-5.235050841765,-102.6120342856));
#5917 = CARTESIAN_POINT('',(-5.300941196953,-102.706086727));
#5918 = CARTESIAN_POINT('',(-5.366779178185,-102.786183587));
#5919 = CARTESIAN_POINT('',(-5.454132117402,-102.8768597404));
#5920 = CARTESIAN_POINT('',(-5.476454757413,-102.8986350969));
#5921 = CARTESIAN_POINT('',(-5.498701833746,-102.9190154373));
#5922 = CARTESIAN_POINT('',(-5.520866027407,-102.9380727514));
#5923 = CARTESIAN_POINT('',(-5.542939437893,-102.9558778175));
#5924 = CARTESIAN_POINT('',(-5.564913460995,-102.9724998185));
#5925 = CARTESIAN_POINT('',(-5.691897663249,-103.0625531534));
#5926 = CARTESIAN_POINT('',(-5.794083678377,-103.1110139745));
#5927 = CARTESIAN_POINT('',(-5.893898340165,-103.1423348529));
#5928 = CARTESIAN_POINT('',(-5.991865075062,-103.1622770655));
#5929 = CARTESIAN_POINT('',(-6.088516358813,-103.1744198181));
#5930 = CARTESIAN_POINT('',(-6.184409326361,-103.1805396719));
#5931 = CARTESIAN_POINT('',(-6.280596668527,-103.1807014936));
#5932 = CARTESIAN_POINT('',(-6.281028108702,-103.1807020984));
#5933 = CARTESIAN_POINT('',(-6.281459548637,-103.1807025823));
#5934 = CARTESIAN_POINT('',(-6.281890988392,-103.1807029452));
#5935 = CARTESIAN_POINT('',(-6.282322428028,-103.1807031872));
#5936 = CARTESIAN_POINT('',(-6.282753867604,-103.1807033081));
#5937 = CARTESIAN_POINT('',(-6.28318530718,-103.1807033081));
#5938 = ( GEOMETRIC_REPRESENTATION_CONTEXT(2) 
PARAMETRIC_REPRESENTATION_CONTEXT() REPRESENTATION_CONTEXT('2D SPACE',''
  ) );
#5939 = PCURVE('',#5940,#5945);
#5940 = CYLINDRICAL_SURFACE('',#5941,7.25);
#5941 = AXIS2_PLACEMENT_3D('',#5942,#5943,#5944);
#5942 = CARTESIAN_POINT('',(40.,0.,91.));
#5943 = DIRECTION('',(0.,0.,1.));
#5944 = DIRECTION('',(1.,0.,0.));
#5945 = DEFINITIONAL_REPRESENTATION('',(#5946),#6045);
#5946 = B_SPLINE_CURVE_WITH_KNOTS('',7,(#5947,#5948,#5949,#5950,#5951,
    #5952,#5953,#5954,#5955,#5956,#5957,#5958,#5959,#5960,#5961,#5962,
    #5963,#5964,#5965,#5966,#5967,#5968,#5969,#5970,#5971,#5972,#5973,
    #5974,#5975,#5976,#5977,#5978,#5979,#5980,#5981,#5982,#5983,#5984,
    #5985,#5986,#5987,#5988,#5989,#5990,#5991,#5992,#5993,#5994,#5995,
    #5996,#5997,#5998,#5999,#6000,#6001,#6002,#6003,#6004,#6005,#6006,
    #6007,#6008,#6009,#6010,#6011,#6012,#6013,#6014,#6015,#6016,#6017,
    #6018,#6019,#6020,#6021,#6022,#6023,#6024,#6025,#6026,#6027,#6028,
    #6029,#6030,#6031,#6032,#6033,#6034,#6035,#6036,#6037,#6038,#6039,
    #6040,#6041,#6042,#6043,#6044),.UNSPECIFIED.,.F.,.F.,(8,6,6,6,6,6,6,
    6,6,6,6,6,6,6,6,6,8),(0.,4.014027631406E-04,0.116650807434,
    0.140805842084,0.18182641101,0.226847248578,0.289448092235,
    0.383449813131,0.502616135328,0.564742328214,0.621528194273,
    0.746343219133,0.790560392044,0.860158736109,0.884148301951,
    0.999480356662,1.),.UNSPECIFIED.);
#5947 = CARTESIAN_POINT('',(3.279964830975,-29.));
#5948 = CARTESIAN_POINT('',(3.279964830975,-29.00132395262));
#5949 = CARTESIAN_POINT('',(3.279964902172,-29.00264790524));
#5950 = CARTESIAN_POINT('',(3.279965044567,-29.00397185773));
#5951 = CARTESIAN_POINT('',(3.27996525816,-29.00529580996));
#5952 = CARTESIAN_POINT('',(3.27996554295,-29.00661976181));
#5953 = CARTESIAN_POINT('',(3.279965898938,-29.00794371314));
#5954 = CARTESIAN_POINT('',(3.280090042372,-29.39269422096));
#5955 = CARTESIAN_POINT('',(3.286185357932,-29.7765516663));
#5956 = CARTESIAN_POINT('',(3.298282120071,-30.15758373028));
#5957 = CARTESIAN_POINT('',(3.316537123096,-30.5321974606));
#5958 = CARTESIAN_POINT('',(3.341204635767,-30.89591705633));
#5959 = CARTESIAN_POINT('',(3.372609382201,-31.24295322142));
#5960 = CARTESIAN_POINT('',(3.419276024381,-31.6329564825));
#5961 = CARTESIAN_POINT('',(3.427610176457,-31.6989550033));
#5962 = CARTESIAN_POINT('',(3.436248344985,-31.76374931225));
#5963 = CARTESIAN_POINT('',(3.445188444444,-31.82723781947));
#5964 = CARTESIAN_POINT('',(3.454428049422,-31.88932425096));
#5965 = CARTESIAN_POINT('',(3.463964485533,-31.9499175795));
#5966 = CARTESIAN_POINT('',(3.490489163719,-32.1091513643));
#5967 = CARTESIAN_POINT('',(3.50805085038,-32.20493404869));
#5968 = CARTESIAN_POINT('',(3.526423134514,-32.295563473));
#5969 = CARTESIAN_POINT('',(3.545541532813,-32.38048030055));
#5970 = CARTESIAN_POINT('',(3.565335097359,-32.45927367098));
#5971 = CARTESIAN_POINT('',(3.585727588527,-32.53167247737));
#5972 = CARTESIAN_POINT('',(3.629588924601,-32.66982379082));
#5973 = CARTESIAN_POINT('',(3.653097058643,-32.73402927615));
#5974 = CARTESIAN_POINT('',(3.677050662828,-32.79005529144));
#5975 = CARTESIAN_POINT('',(3.701332397522,-32.83798893512));
#5976 = CARTESIAN_POINT('',(3.725817163097,-32.87808587438));
#5977 = CARTESIAN_POINT('',(3.75036929238,-32.91075400759));
#5978 = CARTESIAN_POINT('',(3.808865561865,-32.97238819264));
#5979 = CARTESIAN_POINT('',(3.842722158352,-32.99491570027));
#5980 = CARTESIAN_POINT('',(3.87632197976,-33.00592688604));
#5981 = CARTESIAN_POINT('',(3.909594844309,-33.00707512214));
#5982 = CARTESIAN_POINT('',(3.942478838047,-32.99989465096));
#5983 = CARTESIAN_POINT('',(3.974913950057,-32.98581775297));
#5984 = CARTESIAN_POINT('',(4.054776419229,-32.93667771932));
#5985 = CARTESIAN_POINT('',(4.101772180203,-32.89450183181));
#5986 = CARTESIAN_POINT('',(4.147898252663,-32.8437630114));
#5987 = CARTESIAN_POINT('',(4.193259489371,-32.78772559571));
#5988 = CARTESIAN_POINT('',(4.237989269835,-32.72908995696));
#5989 = CARTESIAN_POINT('',(4.282247166532,-32.67020032497));
#5990 = CARTESIAN_POINT('',(4.38196016565,-32.54087791615));
#5991 = CARTESIAN_POINT('',(4.437463096526,-32.47128829436));
#5992 = CARTESIAN_POINT('',(4.492670241205,-32.40931582111));
#5993 = CARTESIAN_POINT('',(4.547615791663,-32.35933061163));
#5994 = CARTESIAN_POINT('',(4.602418534154,-32.3246728935));
#5995 = CARTESIAN_POINT('',(4.657268736682,-32.30718913883));
#5996 = CARTESIAN_POINT('',(4.741125378631,-32.30718913883));
#5997 = CARTESIAN_POINT('',(4.769845500567,-32.31194107816));
#5998 = CARTESIAN_POINT('',(4.798562157602,-32.32143539121));
#5999 = CARTESIAN_POINT('',(4.82728632112,-32.33552925721));
#6000 = CARTESIAN_POINT('',(4.856024960775,-32.3539461901));
#6001 = CARTESIAN_POINT('',(4.884778146717,-32.37628604135));
#6002 = CARTESIAN_POINT('',(4.939820728763,-32.42559053091));
#6003 = CARTESIAN_POINT('',(4.966117834958,-32.45200032335));
#6004 = CARTESIAN_POINT('',(4.992450959452,-32.4809213841));
#6005 = CARTESIAN_POINT('',(5.018842199526,-32.51195475958));
#6006 = CARTESIAN_POINT('',(5.045311820455,-32.54466149159));
#6007 = CARTESIAN_POINT('',(5.071878551362,-32.57856815747));
#6008 = CARTESIAN_POINT('',(5.157205298706,-32.68923236977));
#6009 = CARTESIAN_POINT('',(5.217596857681,-32.77020769481));
#6010 = CARTESIAN_POINT('',(5.279623558068,-32.85056022778));
#6011 = CARTESIAN_POINT('',(5.343186332383,-32.92295693481));
#6012 = CARTESIAN_POINT('',(5.408150908895,-32.97867472244));
#6013 = CARTESIAN_POINT('',(5.474337266916,-33.00783997082));
#6014 = CARTESIAN_POINT('',(5.565173870194,-32.9954636613));
#6015 = CARTESIAN_POINT('',(5.58917316427,-32.98740190768));
#6016 = CARTESIAN_POINT('',(5.613334931867,-32.97390932353));
#6017 = CARTESIAN_POINT('',(5.637590229731,-32.95439946367));
#6018 = CARTESIAN_POINT('',(5.661873693973,-32.92830898902));
#6019 = CARTESIAN_POINT('',(5.686121210839,-32.89510061923));
#6020 = CARTESIAN_POINT('',(5.748274264948,-32.7899920545));
#6021 = CARTESIAN_POINT('',(5.785923051148,-32.70700569143));
#6022 = CARTESIAN_POINT('',(5.822639159133,-32.60405860122));
#6023 = CARTESIAN_POINT('',(5.857927715047,-32.48098356143));
#6024 = CARTESIAN_POINT('',(5.891337601602,-32.33885194994));
#6025 = CARTESIAN_POINT('',(5.922463058592,-32.18014401045));
#6026 = CARTESIAN_POINT('',(5.960813475236,-31.9499175795));
#6027 = CARTESIAN_POINT('',(5.970349911347,-31.88932425096));
#6028 = CARTESIAN_POINT('',(5.979589516326,-31.82723781947));
#6029 = CARTESIAN_POINT('',(5.988529615784,-31.76374931224));
#6030 = CARTESIAN_POINT('',(5.997167784313,-31.6989550033));
#6031 = CARTESIAN_POINT('',(6.005501936388,-31.6329564825));
#6032 = CARTESIAN_POINT('',(6.052128081125,-31.24329166735));
#6033 = CARTESIAN_POINT('',(6.083507480695,-30.89664453169));
#6034 = CARTESIAN_POINT('',(6.108163337328,-30.53334041173));
#6035 = CARTESIAN_POINT('',(6.126419460643,-30.15915144006));
#6036 = CARTESIAN_POINT('',(6.138529329055,-29.77854296913));
#6037 = CARTESIAN_POINT('',(6.14464949652,-29.39510215815));
#6038 = CARTESIAN_POINT('',(6.144811315235,-29.01035454411));
#6039 = CARTESIAN_POINT('',(6.144811920088,-29.00862878866));
#6040 = CARTESIAN_POINT('',(6.144812403971,-29.00690303207));
#6041 = CARTESIAN_POINT('',(6.144812766883,-29.00517727462));
#6042 = CARTESIAN_POINT('',(6.144813008824,-29.0034515166));
#6043 = CARTESIAN_POINT('',(6.144813129794,-29.0017257583));
#6044 = CARTESIAN_POINT('',(6.144813129794,-29.));
#6045 = ( GEOMETRIC_REPRESENTATION_CONTEXT(2) 
PARAMETRIC_REPRESENTATION_CONTEXT() REPRESENTATION_CONTEXT('2D SPACE',''
  ) );
#6046 = ORIENTED_EDGE('',*,*,#6047,.F.);
#6047 = EDGE_CURVE('',#5045,#5735,#6048,.T.);
#6048 = SURFACE_CURVE('',#6049,(#6148,#6250),.PCURVE_S1.);
#6049 = B_SPLINE_CURVE_WITH_KNOTS('',7,(#6050,#6051,#6052,#6053,#6054,
    #6055,#6056,#6057,#6058,#6059,#6060,#6061,#6062,#6063,#6064,#6065,
    #6066,#6067,#6068,#6069,#6070,#6071,#6072,#6073,#6074,#6075,#6076,
    #6077,#6078,#6079,#6080,#6081,#6082,#6083,#6084,#6085,#6086,#6087,
    #6088,#6089,#6090,#6091,#6092,#6093,#6094,#6095,#6096,#6097,#6098,
    #6099,#6100,#6101,#6102,#6103,#6104,#6105,#6106,#6107,#6108,#6109,
    #6110,#6111,#6112,#6113,#6114,#6115,#6116,#6117,#6118,#6119,#6120,
    #6121,#6122,#6123,#6124,#6125,#6126,#6127,#6128,#6129,#6130,#6131,
    #6132,#6133,#6134,#6135,#6136,#6137,#6138,#6139,#6140,#6141,#6142,
    #6143,#6144,#6145,#6146,#6147),.UNSPECIFIED.,.F.,.F.,(8,6,6,6,6,6,6,
    6,6,6,6,6,6,6,6,6,8),(0.,4.014027631406E-04,0.116650807434,
    0.140805842084,0.18182641101,0.226847248578,0.289448092235,
    0.383449813131,0.502616135328,0.564742328214,0.621528194273,
    0.746343219133,0.790560392044,0.860158736109,0.884148301951,
    0.999480356662,1.),.UNSPECIFIED.);
#6050 = CARTESIAN_POINT('',(32.819296691827,-1.,62.));
#6051 = CARTESIAN_POINT('',(32.819296691827,-1.,61.998676047379));
#6052 = CARTESIAN_POINT('',(32.819296763025,-1.000000511248,
    61.997352094759));
#6053 = CARTESIAN_POINT('',(32.81929690542,-1.000001533744,
    61.996028142267));
#6054 = CARTESIAN_POINT('',(32.819297119013,-1.000003067489,
    61.994704190032));
#6055 = CARTESIAN_POINT('',(32.819297403804,-1.000005112481,
    61.993380238184));
#6056 = CARTESIAN_POINT('',(32.819297759794,-1.000007668723,
    61.992056286851));
#6057 = CARTESIAN_POINT('',(32.819421904561,-1.000899105708,
    61.607305779037));
#6058 = CARTESIAN_POINT('',(32.82551676568,-1.04466846366,
    61.223448333696));
#6059 = CARTESIAN_POINT('',(32.837639500178,-1.131524805424,
    60.842416269715));
#6060 = CARTESIAN_POINT('',(32.857566801045,-1.262384367394,
    60.467802539395));
#6061 = CARTESIAN_POINT('',(32.888884349411,-1.438567946076,
    60.104082943663));
#6062 = CARTESIAN_POINT('',(32.937368630133,-1.661387698349,
    59.757046778579));
#6063 = CARTESIAN_POINT('',(33.027500181487,-1.987494471917,
    59.3670435175));
#6064 = CARTESIAN_POINT('',(33.044122182413,-2.04558833645,
    59.301044996691));
#6065 = CARTESIAN_POINT('',(33.061927248521,-2.105635618831,
    59.23625068775));
#6066 = CARTESIAN_POINT('',(33.080984562611,-2.167592970541,
    59.172762180522));
#6067 = CARTESIAN_POINT('',(33.101364903012,-2.231411489134,
    59.110675749036));
#6068 = CARTESIAN_POINT('',(33.123140259516,-2.297037138486,
    59.050082420496));
#6069 = CARTESIAN_POINT('',(33.185855504875,-2.478827111902,
    58.890848635695));
#6070 = CARTESIAN_POINT('',(33.229606621671,-2.598419037169,
    58.795065951301));
#6071 = CARTESIAN_POINT('',(33.277902642265,-2.722602862925,
    58.704436526993));
#6072 = CARTESIAN_POINT('',(33.330965555741,-2.850719633719,
    58.619519699445));
#6073 = CARTESIAN_POINT('',(33.388955661736,-2.982054968226,
    58.540726329012));
#6074 = CARTESIAN_POINT('',(33.451953734457,-3.115858506903,
    58.468327522623));
#6075 = CARTESIAN_POINT('',(33.594562875471,-3.400082456564,
    58.330176209178));
#6076 = CARTESIAN_POINT('',(33.674977950929,-3.550417977712,
    58.265970723847));
#6077 = CARTESIAN_POINT('',(33.761108803224,-3.701341078542,
    58.209944708556));
#6078 = CARTESIAN_POINT('',(33.852732988987,-3.851812618146,
    58.162011064871));
#6079 = CARTESIAN_POINT('',(33.949461522034,-4.000798731976,
    58.121914125615));
#6080 = CARTESIAN_POINT('',(34.050715164065,-4.147286404557,
    58.089245992407));
#6081 = CARTESIAN_POINT('',(34.301681653009,-4.489156110462,
    58.027611807358));
#6082 = CARTESIAN_POINT('',(34.454830732928,-4.681229216345,
    58.005084299721));
#6083 = CARTESIAN_POINT('',(34.61435400985,-4.865734387321,
    57.994073113957));
#6084 = CARTESIAN_POINT('',(34.779404339975,-5.042111229135,
    57.992924877859));
#6085 = CARTESIAN_POINT('',(34.949098520472,-5.209961168293,
    58.000105349037));
#6086 = CARTESIAN_POINT('',(35.122521201627,-5.369010232402,
    58.014182247024));
#6087 = CARTESIAN_POINT('',(35.563289865201,-5.744466415132,
    58.063322280674));
#6088 = CARTESIAN_POINT('',(35.83526867228,-5.950609789583,
    58.105498168185));
#6089 = CARTESIAN_POINT('',(36.113165830882,-6.138068769308,
    58.156236988591));
#6090 = CARTESIAN_POINT('',(36.39592432346,-6.307604743171,
    58.212274404286));
#6091 = CARTESIAN_POINT('',(36.682936610923,-6.460022919201,
    58.270910043035));
#6092 = CARTESIAN_POINT('',(36.974017637612,-6.596025867584,
    58.329799675026));
#6093 = CARTESIAN_POINT('',(37.643699702045,-6.868309112314,
    58.459122083846));
#6094 = CARTESIAN_POINT('',(38.026361418033,-6.995523096369,
    58.528711705633));
#6095 = CARTESIAN_POINT('',(38.41488311964,-7.097187008058,
    58.590684178882));
#6096 = CARTESIAN_POINT('',(38.807377875901,-7.173358046322,
    58.640669388364));
#6097 = CARTESIAN_POINT('',(39.202714179719,-7.224301507527,
    58.675327106499));
#6098 = CARTESIAN_POINT('',(39.600378233157,-7.25,58.692810861169));
#6099 = CARTESIAN_POINT('',(40.208338887284,-7.25,58.692810861169));
#6100 = CARTESIAN_POINT('',(40.416559812744,-7.243015296522,
    58.688058921834));
#6101 = CARTESIAN_POINT('',(40.62447442863,-7.229059997446,
    58.678564608788));
#6102 = CARTESIAN_POINT('',(40.831883240459,-7.208144108498,
    58.66447074279));
#6103 = CARTESIAN_POINT('',(41.038555796727,-7.180276641422,
    58.646053809891));
#6104 = CARTESIAN_POINT('',(41.244211019595,-7.145481586457,
    58.62371395865));
#6105 = CARTESIAN_POINT('',(41.635223986277,-7.065752534253,
    58.574409469081));
#6106 = CARTESIAN_POINT('',(41.820866424695,-7.021935116694,
    58.547999676648));
#6107 = CARTESIAN_POINT('',(42.005384700044,-6.972372870242,
    58.5190786159));
#6108 = CARTESIAN_POINT('',(42.188717553179,-6.917046014971,
    58.48804524042));
#6109 = CARTESIAN_POINT('',(42.370782424979,-6.855920817585,
    58.455338508408));
#6110 = CARTESIAN_POINT('',(42.551475123776,-6.788953791802,
    58.421431842526));
#6111 = CARTESIAN_POINT('',(43.124537741664,-6.55595464591,
    58.310767630229));
#6112 = CARTESIAN_POINT('',(43.519175832777,-6.364096597956,
    58.22979230519));
#6113 = CARTESIAN_POINT('',(43.91045550416,-6.138838336299,
    58.149439772211));
#6114 = CARTESIAN_POINT('',(44.293881365737,-5.879097504632,
    58.077043065188));
#6115 = CARTESIAN_POINT('',(44.664440186439,-5.584674139958,
    58.02132527756));
#6116 = CARTESIAN_POINT('',(45.016682644088,-5.256602922333,
    57.992160029178));
#6117 = CARTESIAN_POINT('',(45.461607075976,-4.77106136754,
    58.004536338699));
#6118 = CARTESIAN_POINT('',(45.575636137927,-4.639553140428,
    58.01259809232));
#6119 = CARTESIAN_POINT('',(45.68670645361,-4.503951604303,
    58.026090676463));
#6120 = CARTESIAN_POINT('',(45.794305554737,-4.364699742261,
    58.045600536322));
#6121 = CARTESIAN_POINT('',(45.89800263199,-4.222283334777,
    58.071691010978));
#6122 = CARTESIAN_POINT('',(45.997442742271,-4.077232761034,
    58.104899380763));
#6123 = CARTESIAN_POINT('',(46.241712001638,-3.698575160216,
    58.210007945492));
#6124 = CARTESIAN_POINT('',(46.379408644307,-3.462582668956,
    58.292994308567));
#6125 = CARTESIAN_POINT('',(46.503171023475,-3.226419743309,
    58.395941398775));
#6126 = CARTESIAN_POINT('',(46.612034285619,-2.994447908841,
    58.519016438563));
#6127 = CARTESIAN_POINT('',(46.706086727073,-2.770954412974,
    58.661148050055));
#6128 = CARTESIAN_POINT('',(46.786183587032,-2.559876188724,
    58.819855989542));
#6129 = CARTESIAN_POINT('',(46.876859740482,-2.297037138489,
    59.050082420493));
#6130 = CARTESIAN_POINT('',(46.898635096988,-2.231411489134,
    59.110675749035));
#6131 = CARTESIAN_POINT('',(46.91901543739,-2.167592970539,
    59.172762180525));
#6132 = CARTESIAN_POINT('',(46.93807275148,-2.105635618829,
    59.236250687752));
#6133 = CARTESIAN_POINT('',(46.955877817587,-2.04558833645,
    59.301044996691));
#6134 = CARTESIAN_POINT('',(46.972499818513,-1.98749447192,
    59.367043517497));
#6135 = CARTESIAN_POINT('',(47.062553153453,-1.661670694727,
    59.756708332649));
#6136 = CARTESIAN_POINT('',(47.111013974568,-1.439035109518,
    60.103355468307));
#6137 = CARTESIAN_POINT('',(47.142334852901,-1.262937920607,
    60.466659588267));
#6138 = CARTESIAN_POINT('',(47.162277065548,-1.132072302848,
    60.840848559934));
#6139 = CARTESIAN_POINT('',(47.17441981812,-1.045122790103,
    61.221457030866));
#6140 = CARTESIAN_POINT('',(47.180539671936,-1.001175001583,
    61.604897841845));
#6141 = CARTESIAN_POINT('',(47.180701493603,-1.000013029812,
    61.989645455883));
#6142 = CARTESIAN_POINT('',(47.180702098463,-1.00000868654,
    61.991371211336));
#6143 = CARTESIAN_POINT('',(47.180702582348,-1.000005211923,
    61.993096967928));
#6144 = CARTESIAN_POINT('',(47.180702945261,-1.000002605962,
    61.994822725376));
#6145 = CARTESIAN_POINT('',(47.180703187202,-1.000000868654,
    61.996548483394));
#6146 = CARTESIAN_POINT('',(47.180703308173,-1.,61.998274241697));
#6147 = CARTESIAN_POINT('',(47.180703308173,-1.,62.));
#6148 = PCURVE('',#3268,#6149);
#6149 = DEFINITIONAL_REPRESENTATION('',(#6150),#6249);
#6150 = B_SPLINE_CURVE_WITH_KNOTS('',7,(#6151,#6152,#6153,#6154,#6155,
    #6156,#6157,#6158,#6159,#6160,#6161,#6162,#6163,#6164,#6165,#6166,
    #6167,#6168,#6169,#6170,#6171,#6172,#6173,#6174,#6175,#6176,#6177,
    #6178,#6179,#6180,#6181,#6182,#6183,#6184,#6185,#6186,#6187,#6188,
    #6189,#6190,#6191,#6192,#6193,#6194,#6195,#6196,#6197,#6198,#6199,
    #6200,#6201,#6202,#6203,#6204,#6205,#6206,#6207,#6208,#6209,#6210,
    #6211,#6212,#6213,#6214,#6215,#6216,#6217,#6218,#6219,#6220,#6221,
    #6222,#6223,#6224,#6225,#6226,#6227,#6228,#6229,#6230,#6231,#6232,
    #6233,#6234,#6235,#6236,#6237,#6238,#6239,#6240,#6241,#6242,#6243,
    #6244,#6245,#6246,#6247,#6248),.UNSPECIFIED.,.F.,.F.,(8,6,6,6,6,6,6,
    6,6,6,6,6,6,6,6,6,8),(0.,4.014027631406E-04,0.116650807434,
    0.140805842084,0.18182641101,0.226847248578,0.289448092235,
    0.383449813131,0.502616135328,0.564742328214,0.621528194273,
    0.746343219133,0.790560392044,0.860158736109,0.884148301951,
    0.999480356662,1.),.UNSPECIFIED.);
#6151 = CARTESIAN_POINT('',(-6.28318530718,-88.81929669182));
#6152 = CARTESIAN_POINT('',(-6.282854319024,-88.81929669182));
#6153 = CARTESIAN_POINT('',(-6.282523330869,-88.81929676302));
#6154 = CARTESIAN_POINT('',(-6.282192342687,-88.81929690542));
#6155 = CARTESIAN_POINT('',(-6.281861354451,-88.81929711901));
#6156 = CARTESIAN_POINT('',(-6.281530366133,-88.8192974038));
#6157 = CARTESIAN_POINT('',(-6.281199377708,-88.81929775979));
#6158 = CARTESIAN_POINT('',(-6.185011492581,-88.81942190456));
#6159 = CARTESIAN_POINT('',(-6.089022015494,-88.82551676567));
#6160 = CARTESIAN_POINT('',(-5.992275453407,-88.83763950018));
#6161 = CARTESIAN_POINT('',(-5.894212294875,-88.85756680104));
#6162 = CARTESIAN_POINT('',(-5.794298116437,-88.88888434941));
#6163 = CARTESIAN_POINT('',(-5.692007956211,-88.93736863013));
#6164 = CARTESIAN_POINT('',(-5.564913460996,-89.02750018148));
#6165 = CARTESIAN_POINT('',(-5.542939437893,-89.04412218241));
#6166 = CARTESIAN_POINT('',(-5.520866027407,-89.06192724852));
#6167 = CARTESIAN_POINT('',(-5.498701833745,-89.08098456261));
#6168 = CARTESIAN_POINT('',(-5.476454757413,-89.10136490301));
#6169 = CARTESIAN_POINT('',(-5.454132117403,-89.12314025951));
#6170 = CARTESIAN_POINT('',(-5.393715339592,-89.18585550487));
#6171 = CARTESIAN_POINT('',(-5.355447488235,-89.22960662167));
#6172 = CARTESIAN_POINT('',(-5.31707477015,-89.27790264226));
#6173 = CARTESIAN_POINT('',(-5.278718934738,-89.33096555574));
#6174 = CARTESIAN_POINT('',(-5.240490376289,-89.38895566173));
#6175 = CARTESIAN_POINT('',(-5.202492580315,-89.45195373445));
#6176 = CARTESIAN_POINT('',(-5.123487422664,-89.59456287547));
#6177 = CARTESIAN_POINT('',(-5.082668285645,-89.67497795092));
#6178 = CARTESIAN_POINT('',(-5.042494964052,-89.76110880322));
#6179 = CARTESIAN_POINT('',(-5.003090287408,-89.85273298898));
#6180 = CARTESIAN_POINT('',(-4.964578240721,-89.94946152203));
#6181 = CARTESIAN_POINT('',(-4.92708809567,-90.05071516406));
#6182 = CARTESIAN_POINT('',(-4.840242806296,-90.301681653));
#6183 = CARTESIAN_POINT('',(-4.791987064949,-90.45483073292));
#6184 = CARTESIAN_POINT('',(-4.745893896377,-90.61435400985));
#6185 = CARTESIAN_POINT('',(-4.701901049572,-90.77940433997));
#6186 = CARTESIAN_POINT('',(-4.659972162811,-90.94909852047));
#6187 = CARTESIAN_POINT('',(-4.620089376312,-91.12252120162));
#6188 = CARTESIAN_POINT('',(-4.525424807948,-91.5632898652));
#6189 = CARTESIAN_POINT('',(-4.47295608138,-91.83526867228));
#6190 = CARTESIAN_POINT('',(-4.424543207436,-92.11316583088));
#6191 = CARTESIAN_POINT('',(-4.380004773847,-92.39592432346));
#6192 = CARTESIAN_POINT('',(-4.339237479535,-92.68293661092));
#6193 = CARTESIAN_POINT('',(-4.302208193413,-92.97401763761));
#6194 = CARTESIAN_POINT('',(-4.226849695724,-93.64369970204));
#6195 = CARTESIAN_POINT('',(-4.190657909621,-94.02636141803));
#6196 = CARTESIAN_POINT('',(-4.160930841554,-94.41488311964));
#6197 = CARTESIAN_POINT('',(-4.138156697614,-94.8073778759));
#6198 = CARTESIAN_POINT('',(-4.122753094688,-95.20271417971));
#6199 = CARTESIAN_POINT('',(-4.114982563739,-95.60037823315));
#6200 = CARTESIAN_POINT('',(-4.114982563739,-96.20833888728));
#6201 = CARTESIAN_POINT('',(-4.117094528557,-96.41655981274));
#6202 = CARTESIAN_POINT('',(-4.121314251369,-96.62447442863));
#6203 = CARTESIAN_POINT('',(-4.127619459728,-96.83188324045));
#6204 = CARTESIAN_POINT('',(-4.135969530173,-97.03855579672));
#6205 = CARTESIAN_POINT('',(-4.146305363436,-97.24421101959));
#6206 = CARTESIAN_POINT('',(-4.16974098597,-97.63522398627));
#6207 = CARTESIAN_POINT('',(-4.182530376022,-97.82086642469));
#6208 = CARTESIAN_POINT('',(-4.196873812742,-98.00538470004));
#6209 = CARTESIAN_POINT('',(-4.21272820164,-98.18871755317));
#6210 = CARTESIAN_POINT('',(-4.230053065492,-98.37078242497));
#6211 = CARTESIAN_POINT('',(-4.248812478426,-98.55147512377));
#6212 = CARTESIAN_POINT('',(-4.313298508827,-99.12453774166));
#6213 = CARTESIAN_POINT('',(-4.365309201917,-99.51917583277));
#6214 = CARTESIAN_POINT('',(-4.424940319258,-99.91045550416));
#6215 = CARTESIAN_POINT('',(-4.492004096136,-100.2938813657));
#6216 = CARTESIAN_POINT('',(-4.566406117949,-100.6644401864));
#6217 = CARTESIAN_POINT('',(-4.648211894741,-101.016682644));
#6218 = CARTESIAN_POINT('',(-4.769636710592,-101.4616070759));
#6219 = CARTESIAN_POINT('',(-4.802554440917,-101.5756361379));
#6220 = CARTESIAN_POINT('',(-4.836582118598,-101.6867064536));
#6221 = CARTESIAN_POINT('',(-4.871682238368,-101.7943055547));
#6222 = CARTESIAN_POINT('',(-4.907824548887,-101.8980026319));
#6223 = CARTESIAN_POINT('',(-4.944986575491,-101.9974427422));
#6224 = CARTESIAN_POINT('',(-5.043230337709,-102.2417120016));
#6225 = CARTESIAN_POINT('',(-5.105627904133,-102.3794086443));
#6226 = CARTESIAN_POINT('',(-5.169755873298,-102.5031710234));
#6227 = CARTESIAN_POINT('',(-5.235050841765,-102.6120342856));
#6228 = CARTESIAN_POINT('',(-5.300941196953,-102.706086727));
#6229 = CARTESIAN_POINT('',(-5.366779178185,-102.786183587));
#6230 = CARTESIAN_POINT('',(-5.454132117402,-102.8768597404));
#6231 = CARTESIAN_POINT('',(-5.476454757413,-102.8986350969));
#6232 = CARTESIAN_POINT('',(-5.498701833746,-102.9190154373));
#6233 = CARTESIAN_POINT('',(-5.520866027407,-102.9380727514));
#6234 = CARTESIAN_POINT('',(-5.542939437893,-102.9558778175));
#6235 = CARTESIAN_POINT('',(-5.564913460995,-102.9724998185));
#6236 = CARTESIAN_POINT('',(-5.691897663249,-103.0625531534));
#6237 = CARTESIAN_POINT('',(-5.794083678377,-103.1110139745));
#6238 = CARTESIAN_POINT('',(-5.893898340165,-103.1423348529));
#6239 = CARTESIAN_POINT('',(-5.991865075062,-103.1622770655));
#6240 = CARTESIAN_POINT('',(-6.088516358813,-103.1744198181));
#6241 = CARTESIAN_POINT('',(-6.184409326361,-103.1805396719));
#6242 = CARTESIAN_POINT('',(-6.280596668527,-103.1807014936));
#6243 = CARTESIAN_POINT('',(-6.281028108702,-103.1807020984));
#6244 = CARTESIAN_POINT('',(-6.281459548637,-103.1807025823));
#6245 = CARTESIAN_POINT('',(-6.281890988392,-103.1807029452));
#6246 = CARTESIAN_POINT('',(-6.282322428028,-103.1807031872));
#6247 = CARTESIAN_POINT('',(-6.282753867604,-103.1807033081));
#6248 = CARTESIAN_POINT('',(-6.28318530718,-103.1807033081));
#6249 = ( GEOMETRIC_REPRESENTATION_CONTEXT(2) 
PARAMETRIC_REPRESENTATION_CONTEXT() REPRESENTATION_CONTEXT('2D SPACE',''
  ) );
#6250 = PCURVE('',#4111,#6251);
#6251 = DEFINITIONAL_REPRESENTATION('',(#6252),#6351);
#6252 = B_SPLINE_CURVE_WITH_KNOTS('',7,(#6253,#6254,#6255,#6256,#6257,
    #6258,#6259,#6260,#6261,#6262,#6263,#6264,#6265,#6266,#6267,#6268,
    #6269,#6270,#6271,#6272,#6273,#6274,#6275,#6276,#6277,#6278,#6279,
    #6280,#6281,#6282,#6283,#6284,#6285,#6286,#6287,#6288,#6289,#6290,
    #6291,#6292,#6293,#6294,#6295,#6296,#6297,#6298,#6299,#6300,#6301,
    #6302,#6303,#6304,#6305,#6306,#6307,#6308,#6309,#6310,#6311,#6312,
    #6313,#6314,#6315,#6316,#6317,#6318,#6319,#6320,#6321,#6322,#6323,
    #6324,#6325,#6326,#6327,#6328,#6329,#6330,#6331,#6332,#6333,#6334,
    #6335,#6336,#6337,#6338,#6339,#6340,#6341,#6342,#6343,#6344,#6345,
    #6346,#6347,#6348,#6349,#6350),.UNSPECIFIED.,.F.,.F.,(8,6,6,6,6,6,6,
    6,6,6,6,6,6,6,6,6,8),(0.,4.014027631406E-04,0.116650807434,
    0.140805842084,0.18182641101,0.226847248578,0.289448092235,
    0.383449813131,0.502616135328,0.564742328214,0.621528194273,
    0.746343219133,0.790560392044,0.860158736109,0.884148301951,
    0.999480356662,1.),.UNSPECIFIED.);
#6253 = CARTESIAN_POINT('',(3.279964830975,-29.));
#6254 = CARTESIAN_POINT('',(3.279964830975,-29.00132395262));
#6255 = CARTESIAN_POINT('',(3.279964902172,-29.00264790524));
#6256 = CARTESIAN_POINT('',(3.279965044567,-29.00397185773));
#6257 = CARTESIAN_POINT('',(3.27996525816,-29.00529580996));
#6258 = CARTESIAN_POINT('',(3.27996554295,-29.00661976181));
#6259 = CARTESIAN_POINT('',(3.279965898938,-29.00794371314));
#6260 = CARTESIAN_POINT('',(3.280090042372,-29.39269422096));
#6261 = CARTESIAN_POINT('',(3.286185357932,-29.7765516663));
#6262 = CARTESIAN_POINT('',(3.298282120071,-30.15758373028));
#6263 = CARTESIAN_POINT('',(3.316537123096,-30.5321974606));
#6264 = CARTESIAN_POINT('',(3.341204635767,-30.89591705633));
#6265 = CARTESIAN_POINT('',(3.372609382201,-31.24295322142));
#6266 = CARTESIAN_POINT('',(3.419276024381,-31.6329564825));
#6267 = CARTESIAN_POINT('',(3.427610176457,-31.6989550033));
#6268 = CARTESIAN_POINT('',(3.436248344985,-31.76374931225));
#6269 = CARTESIAN_POINT('',(3.445188444444,-31.82723781947));
#6270 = CARTESIAN_POINT('',(3.454428049422,-31.88932425096));
#6271 = CARTESIAN_POINT('',(3.463964485533,-31.9499175795));
#6272 = CARTESIAN_POINT('',(3.490489163719,-32.1091513643));
#6273 = CARTESIAN_POINT('',(3.50805085038,-32.20493404869));
#6274 = CARTESIAN_POINT('',(3.526423134514,-32.295563473));
#6275 = CARTESIAN_POINT('',(3.545541532813,-32.38048030055));
#6276 = CARTESIAN_POINT('',(3.565335097359,-32.45927367098));
#6277 = CARTESIAN_POINT('',(3.585727588527,-32.53167247737));
#6278 = CARTESIAN_POINT('',(3.629588924601,-32.66982379082));
#6279 = CARTESIAN_POINT('',(3.653097058643,-32.73402927615));
#6280 = CARTESIAN_POINT('',(3.677050662828,-32.79005529144));
#6281 = CARTESIAN_POINT('',(3.701332397522,-32.83798893512));
#6282 = CARTESIAN_POINT('',(3.725817163097,-32.87808587438));
#6283 = CARTESIAN_POINT('',(3.75036929238,-32.91075400759));
#6284 = CARTESIAN_POINT('',(3.808865561865,-32.97238819264));
#6285 = CARTESIAN_POINT('',(3.842722158352,-32.99491570027));
#6286 = CARTESIAN_POINT('',(3.87632197976,-33.00592688604));
#6287 = CARTESIAN_POINT('',(3.909594844309,-33.00707512214));
#6288 = CARTESIAN_POINT('',(3.942478838047,-32.99989465096));
#6289 = CARTESIAN_POINT('',(3.974913950057,-32.98581775297));
#6290 = CARTESIAN_POINT('',(4.054776419229,-32.93667771932));
#6291 = CARTESIAN_POINT('',(4.101772180203,-32.89450183181));
#6292 = CARTESIAN_POINT('',(4.147898252663,-32.8437630114));
#6293 = CARTESIAN_POINT('',(4.193259489371,-32.78772559571));
#6294 = CARTESIAN_POINT('',(4.237989269835,-32.72908995696));
#6295 = CARTESIAN_POINT('',(4.282247166532,-32.67020032497));
#6296 = CARTESIAN_POINT('',(4.38196016565,-32.54087791615));
#6297 = CARTESIAN_POINT('',(4.437463096526,-32.47128829436));
#6298 = CARTESIAN_POINT('',(4.492670241205,-32.40931582111));
#6299 = CARTESIAN_POINT('',(4.547615791663,-32.35933061163));
#6300 = CARTESIAN_POINT('',(4.602418534154,-32.3246728935));
#6301 = CARTESIAN_POINT('',(4.657268736682,-32.30718913883));
#6302 = CARTESIAN_POINT('',(4.741125378631,-32.30718913883));
#6303 = CARTESIAN_POINT('',(4.769845500567,-32.31194107816));
#6304 = CARTESIAN_POINT('',(4.798562157602,-32.32143539121));
#6305 = CARTESIAN_POINT('',(4.82728632112,-32.33552925721));
#6306 = CARTESIAN_POINT('',(4.856024960775,-32.3539461901));
#6307 = CARTESIAN_POINT('',(4.884778146717,-32.37628604135));
#6308 = CARTESIAN_POINT('',(4.939820728763,-32.42559053091));
#6309 = CARTESIAN_POINT('',(4.966117834958,-32.45200032335));
#6310 = CARTESIAN_POINT('',(4.992450959452,-32.4809213841));
#6311 = CARTESIAN_POINT('',(5.018842199526,-32.51195475958));
#6312 = CARTESIAN_POINT('',(5.045311820455,-32.54466149159));
#6313 = CARTESIAN_POINT('',(5.071878551362,-32.57856815747));
#6314 = CARTESIAN_POINT('',(5.157205298706,-32.68923236977));
#6315 = CARTESIAN_POINT('',(5.217596857681,-32.77020769481));
#6316 = CARTESIAN_POINT('',(5.279623558068,-32.85056022778));
#6317 = CARTESIAN_POINT('',(5.343186332383,-32.92295693481));
#6318 = CARTESIAN_POINT('',(5.408150908895,-32.97867472244));
#6319 = CARTESIAN_POINT('',(5.474337266916,-33.00783997082));
#6320 = CARTESIAN_POINT('',(5.565173870194,-32.9954636613));
#6321 = CARTESIAN_POINT('',(5.58917316427,-32.98740190768));
#6322 = CARTESIAN_POINT('',(5.613334931867,-32.97390932353));
#6323 = CARTESIAN_POINT('',(5.637590229731,-32.95439946367));
#6324 = CARTESIAN_POINT('',(5.661873693973,-32.92830898902));
#6325 = CARTESIAN_POINT('',(5.686121210839,-32.89510061923));
#6326 = CARTESIAN_POINT('',(5.748274264948,-32.7899920545));
#6327 = CARTESIAN_POINT('',(5.785923051148,-32.70700569143));
#6328 = CARTESIAN_POINT('',(5.822639159133,-32.60405860122));
#6329 = CARTESIAN_POINT('',(5.857927715047,-32.48098356143));
#6330 = CARTESIAN_POINT('',(5.891337601602,-32.33885194994));
#6331 = CARTESIAN_POINT('',(5.922463058592,-32.18014401045));
#6332 = CARTESIAN_POINT('',(5.960813475236,-31.9499175795));
#6333 = CARTESIAN_POINT('',(5.970349911347,-31.88932425096));
#6334 = CARTESIAN_POINT('',(5.979589516326,-31.82723781947));
#6335 = CARTESIAN_POINT('',(5.988529615784,-31.76374931224));
#6336 = CARTESIAN_POINT('',(5.997167784313,-31.6989550033));
#6337 = CARTESIAN_POINT('',(6.005501936388,-31.6329564825));
#6338 = CARTESIAN_POINT('',(6.052128081125,-31.24329166735));
#6339 = CARTESIAN_POINT('',(6.083507480695,-30.89664453169));
#6340 = CARTESIAN_POINT('',(6.108163337328,-30.53334041173));
#6341 = CARTESIAN_POINT('',(6.126419460643,-30.15915144006));
#6342 = CARTESIAN_POINT('',(6.138529329055,-29.77854296913));
#6343 = CARTESIAN_POINT('',(6.14464949652,-29.39510215815));
#6344 = CARTESIAN_POINT('',(6.144811315235,-29.01035454411));
#6345 = CARTESIAN_POINT('',(6.144811920088,-29.00862878866));
#6346 = CARTESIAN_POINT('',(6.144812403971,-29.00690303207));
#6347 = CARTESIAN_POINT('',(6.144812766883,-29.00517727462));
#6348 = CARTESIAN_POINT('',(6.144813008824,-29.0034515166));
#6349 = CARTESIAN_POINT('',(6.144813129794,-29.0017257583));
#6350 = CARTESIAN_POINT('',(6.144813129794,-29.));
#6351 = ( GEOMETRIC_REPRESENTATION_CONTEXT(2) 
PARAMETRIC_REPRESENTATION_CONTEXT() REPRESENTATION_CONTEXT('2D SPACE',''
  ) );
#6352 = ORIENTED_EDGE('',*,*,#5044,.F.);
#6353 = ORIENTED_EDGE('',*,*,#3369,.F.);
#6354 = ORIENTED_EDGE('',*,*,#6355,.F.);
#6355 = EDGE_CURVE('',#3703,#3370,#6356,.T.);
#6356 = SURFACE_CURVE('',#6357,(#6456,#6558),.PCURVE_S1.);
#6357 = B_SPLINE_CURVE_WITH_KNOTS('',7,(#6358,#6359,#6360,#6361,#6362,
    #6363,#6364,#6365,#6366,#6367,#6368,#6369,#6370,#6371,#6372,#6373,
    #6374,#6375,#6376,#6377,#6378,#6379,#6380,#6381,#6382,#6383,#6384,
    #6385,#6386,#6387,#6388,#6389,#6390,#6391,#6392,#6393,#6394,#6395,
    #6396,#6397,#6398,#6399,#6400,#6401,#6402,#6403,#6404,#6405,#6406,
    #6407,#6408,#6409,#6410,#6411,#6412,#6413,#6414,#6415,#6416,#6417,
    #6418,#6419,#6420,#6421,#6422,#6423,#6424,#6425,#6426,#6427,#6428,
    #6429,#6430,#6431,#6432,#6433,#6434,#6435,#6436,#6437,#6438,#6439,
    #6440,#6441,#6442,#6443,#6444,#6445,#6446,#6447,#6448,#6449,#6450,
    #6451,#6452,#6453,#6454,#6455),.UNSPECIFIED.,.F.,.F.,(8,6,6,6,6,6,6,
    6,6,6,6,6,6,6,6,6,8),(0.,2.660431298379E-04,0.116650801532,
    0.140805835934,0.181826404443,0.226847243165,0.289448086141,
    0.383449806017,0.502616126917,0.564742319127,0.621528184568,
    0.746343208055,0.790560380493,0.86015872383,0.884148289421,
    0.999735779341,1.),.UNSPECIFIED.);
#6358 = CARTESIAN_POINT('',(-47.18070330817,-1.,62.));
#6359 = CARTESIAN_POINT('',(-47.18070330817,-1.,61.999122498484));
#6360 = CARTESIAN_POINT('',(-47.18070327689,-1.000000224586,
    61.998244996969));
#6361 = CARTESIAN_POINT('',(-47.18070321434,-1.000000673758,
    61.997367495491));
#6362 = CARTESIAN_POINT('',(-47.18070312051,-1.000001347516,
    61.996489994087));
#6363 = CARTESIAN_POINT('',(-47.1807029954,-1.000002245859,
    61.995612492797));
#6364 = CARTESIAN_POINT('',(-47.18070283902,-1.000003368789,
    61.994734991656));
#6365 = CARTESIAN_POINT('',(-47.18062055704,-1.000594208422,
    61.609980874451));
#6366 = CARTESIAN_POINT('',(-47.17455348047,-1.044164897719,
    61.22566077843));
#6367 = CARTESIAN_POINT('',(-47.16245302301,-1.130917218958,
    60.844158412609));
#6368 = CARTESIAN_POINT('',(-47.14254234385,-1.261769585092,
    60.469072793832));
#6369 = CARTESIAN_POINT('',(-47.11122858201,-1.43804892764,
    60.10489135796));
#6370 = CARTESIAN_POINT('',(-47.06271825992,-1.661073319694,
    59.757422755746));
#6371 = CARTESIAN_POINT('',(-46.97249981851,-1.987494471919,
    59.367043517497));
#6372 = CARTESIAN_POINT('',(-46.95587781758,-2.04558833645,
    59.301044996691));
#6373 = CARTESIAN_POINT('',(-46.93807275148,-2.105635618828,
    59.236250687753));
#6374 = CARTESIAN_POINT('',(-46.91901543739,-2.167592970538,
    59.172762180525));
#6375 = CARTESIAN_POINT('',(-46.89863509698,-2.231411489133,
    59.110675749036));
#6376 = CARTESIAN_POINT('',(-46.87685974048,-2.297037138488,
    59.050082420493));
#6377 = CARTESIAN_POINT('',(-46.81414449512,-2.478827111902,
    58.890848635696));
#6378 = CARTESIAN_POINT('',(-46.77039337833,-2.598419037168,
    58.795065951302));
#6379 = CARTESIAN_POINT('',(-46.72209735773,-2.722602862924,
    58.704436526994));
#6380 = CARTESIAN_POINT('',(-46.66903444425,-2.850719633718,
    58.619519699446));
#6381 = CARTESIAN_POINT('',(-46.61104433826,-2.982054968225,
    58.540726329012));
#6382 = CARTESIAN_POINT('',(-46.54804626554,-3.115858506902,
    58.468327522623));
#6383 = CARTESIAN_POINT('',(-46.40543712185,-3.400082461888,
    58.33017620659));
#6384 = CARTESIAN_POINT('',(-46.32502205255,-3.550417972166,
    58.265970725595));
#6385 = CARTESIAN_POINT('',(-46.23889119904,-3.701341074098,
    58.20994471065));
#6386 = CARTESIAN_POINT('',(-46.1472670079,-3.851812622457,
    58.162011064033));
#6387 = CARTESIAN_POINT('',(-46.05053847466,-4.000798737506,
    58.121914123649));
#6388 = CARTESIAN_POINT('',(-45.94928483976,-4.147286399337,
    58.089245993348));
#6389 = CARTESIAN_POINT('',(-45.69831834699,-4.489156110461,
    58.027611807358));
#6390 = CARTESIAN_POINT('',(-45.54516926707,-4.681229216344,
    58.005084299721));
#6391 = CARTESIAN_POINT('',(-45.38564599015,-4.86573438732,
    57.994073113957));
#6392 = CARTESIAN_POINT('',(-45.22059566002,-5.042111229134,
    57.992924877859));
#6393 = CARTESIAN_POINT('',(-45.05090147952,-5.209961168292,
    58.000105349037));
#6394 = CARTESIAN_POINT('',(-44.87747879837,-5.369010232401,
    58.014182247024));
#6395 = CARTESIAN_POINT('',(-44.43671013479,-5.744466415136,
    58.063322280675));
#6396 = CARTESIAN_POINT('',(-44.16473132772,-5.950609789581,
    58.105498168186));
#6397 = CARTESIAN_POINT('',(-43.88683416912,-6.138068769303,
    58.156236988588));
#6398 = CARTESIAN_POINT('',(-43.60407567654,-6.307604743172,
    58.212274404285));
#6399 = CARTESIAN_POINT('',(-43.31706338906,-6.460022919207,
    58.270910043038));
#6400 = CARTESIAN_POINT('',(-43.02598236239,-6.59602586758,
    58.329799675024));
#6401 = CARTESIAN_POINT('',(-42.35630029795,-6.868309112313,
    58.459122083845));
#6402 = CARTESIAN_POINT('',(-41.97363858196,-6.99552309637,
    58.528711705634));
#6403 = CARTESIAN_POINT('',(-41.58511688036,-7.097187008057,
    58.590684178882));
#6404 = CARTESIAN_POINT('',(-41.19262212409,-7.173358046322,
    58.640669388364));
#6405 = CARTESIAN_POINT('',(-40.79728582028,-7.224301507527,
    58.675327106499));
#6406 = CARTESIAN_POINT('',(-40.39962176684,-7.25,58.692810861169));
#6407 = CARTESIAN_POINT('',(-39.79166111271,-7.25,58.692810861169));
#6408 = CARTESIAN_POINT('',(-39.58344018725,-7.243015296522,
    58.688058921834));
#6409 = CARTESIAN_POINT('',(-39.37552557136,-7.229059997446,
    58.678564608788));
#6410 = CARTESIAN_POINT('',(-39.16811675954,-7.208144108498,
    58.66447074279));
#6411 = CARTESIAN_POINT('',(-38.96144420327,-7.180276641422,
    58.646053809891));
#6412 = CARTESIAN_POINT('',(-38.7557889804,-7.145481586457,
    58.62371395865));
#6413 = CARTESIAN_POINT('',(-38.36477601372,-7.065752534253,
    58.574409469081));
#6414 = CARTESIAN_POINT('',(-38.1791335753,-7.021935116694,
    58.547999676648));
#6415 = CARTESIAN_POINT('',(-37.99461529995,-6.972372870242,
    58.5190786159));
#6416 = CARTESIAN_POINT('',(-37.81128244682,-6.917046014971,
    58.488045240419));
#6417 = CARTESIAN_POINT('',(-37.62921757502,-6.855920817584,
    58.455338508408));
#6418 = CARTESIAN_POINT('',(-37.44852487622,-6.788953791802,
    58.421431842525));
#6419 = CARTESIAN_POINT('',(-36.87546225837,-6.555954645928,
    58.310767630237));
#6420 = CARTESIAN_POINT('',(-36.48082416722,-6.364096597963,
    58.22979230519));
#6421 = CARTESIAN_POINT('',(-36.08954449583,-6.138838336293,
    58.149439772209));
#6422 = CARTESIAN_POINT('',(-35.70611863425,-5.879097504631,
    58.077043065186));
#6423 = CARTESIAN_POINT('',(-35.33555981354,-5.584674139944,
    58.021325277558));
#6424 = CARTESIAN_POINT('',(-34.9833173559,-5.256602922325,
    57.992160029178));
#6425 = CARTESIAN_POINT('',(-34.53839292399,-4.771061367504,
    58.0045363387));
#6426 = CARTESIAN_POINT('',(-34.42436386207,-4.639553140425,
    58.012598092323));
#6427 = CARTESIAN_POINT('',(-34.31329354641,-4.503951604332,
    58.026090676461));
#6428 = CARTESIAN_POINT('',(-34.20569444528,-4.364699742287,
    58.045600536315));
#6429 = CARTESIAN_POINT('',(-34.101997368,-4.222283334769,
    58.071691010977));
#6430 = CARTESIAN_POINT('',(-34.0025572577,-4.077232760995,
    58.104899380774));
#6431 = CARTESIAN_POINT('',(-33.75828799836,-3.698575160214,
    58.210007945493));
#6432 = CARTESIAN_POINT('',(-33.62059135569,-3.462582668954,
    58.292994308568));
#6433 = CARTESIAN_POINT('',(-33.49682897652,-3.226419743307,
    58.395941398776));
#6434 = CARTESIAN_POINT('',(-33.38796571438,-2.99444790884,
    58.519016438564));
#6435 = CARTESIAN_POINT('',(-33.29391327292,-2.770954412973,
    58.661148050056));
#6436 = CARTESIAN_POINT('',(-33.21381641296,-2.559876188723,
    58.819855989543));
#6437 = CARTESIAN_POINT('',(-33.12314025951,-2.297037138488,
    59.050082420493));
#6438 = CARTESIAN_POINT('',(-33.10136490301,-2.231411489133,
    59.110675749036));
#6439 = CARTESIAN_POINT('',(-33.08098456261,-2.167592970538,
    59.172762180525));
#6440 = CARTESIAN_POINT('',(-33.06192724852,-2.105635618829,
    59.236250687753));
#6441 = CARTESIAN_POINT('',(-33.04412218241,-2.04558833645,
    59.301044996691));
#6442 = CARTESIAN_POINT('',(-33.02750018148,-1.987494471919,
    59.367043517497));
#6443 = CARTESIAN_POINT('',(-32.93728174007,-1.661073319693,
    59.757422755747));
#6444 = CARTESIAN_POINT('',(-32.88877141798,-1.438048927641,
    60.104891357958));
#6445 = CARTESIAN_POINT('',(-32.85745765613,-1.26176958509,
    60.469072793834));
#6446 = CARTESIAN_POINT('',(-32.83754697699,-1.13091721896,
    60.844158412607));
#6447 = CARTESIAN_POINT('',(-32.82544651952,-1.044164897719,
    61.225660778432));
#6448 = CARTESIAN_POINT('',(-32.81937944295,-1.000594208422,
    61.60998087445));
#6449 = CARTESIAN_POINT('',(-32.81929716097,-1.000003368789,
    61.994734991656));
#6450 = CARTESIAN_POINT('',(-32.81929700459,-1.000002245859,
    61.995612492797));
#6451 = CARTESIAN_POINT('',(-32.81929687948,-1.000001347516,
    61.996489994087));
#6452 = CARTESIAN_POINT('',(-32.81929678565,-1.000000673758,
    61.997367495491));
#6453 = CARTESIAN_POINT('',(-32.8192967231,-1.000000224586,
    61.998244996969));
#6454 = CARTESIAN_POINT('',(-32.81929669182,-1.,61.999122498484));
#6455 = CARTESIAN_POINT('',(-32.81929669182,-1.,62.));
#6456 = PCURVE('',#3268,#6457);
#6457 = DEFINITIONAL_REPRESENTATION('',(#6458),#6557);
#6458 = B_SPLINE_CURVE_WITH_KNOTS('',7,(#6459,#6460,#6461,#6462,#6463,
    #6464,#6465,#6466,#6467,#6468,#6469,#6470,#6471,#6472,#6473,#6474,
    #6475,#6476,#6477,#6478,#6479,#6480,#6481,#6482,#6483,#6484,#6485,
    #6486,#6487,#6488,#6489,#6490,#6491,#6492,#6493,#6494,#6495,#6496,
    #6497,#6498,#6499,#6500,#6501,#6502,#6503,#6504,#6505,#6506,#6507,
    #6508,#6509,#6510,#6511,#6512,#6513,#6514,#6515,#6516,#6517,#6518,
    #6519,#6520,#6521,#6522,#6523,#6524,#6525,#6526,#6527,#6528,#6529,
    #6530,#6531,#6532,#6533,#6534,#6535,#6536,#6537,#6538,#6539,#6540,
    #6541,#6542,#6543,#6544,#6545,#6546,#6547,#6548,#6549,#6550,#6551,
    #6552,#6553,#6554,#6555,#6556),.UNSPECIFIED.,.F.,.F.,(8,6,6,6,6,6,6,
    6,6,6,6,6,6,6,6,6,8),(0.,2.660431298379E-04,0.116650801532,
    0.140805835934,0.181826404443,0.226847243165,0.289448086141,
    0.383449806017,0.502616126917,0.564742319127,0.621528184568,
    0.746343208055,0.790560380493,0.86015872383,0.884148289421,
    0.999735779341,1.),.UNSPECIFIED.);
#6459 = CARTESIAN_POINT('',(-6.28318530718,-8.819296691827));
#6460 = CARTESIAN_POINT('',(-6.282965931801,-8.819296691827));
#6461 = CARTESIAN_POINT('',(-6.282746556422,-8.819296723104));
#6462 = CARTESIAN_POINT('',(-6.282527181035,-8.819296785656));
#6463 = CARTESIAN_POINT('',(-6.282307805632,-8.819296879485));
#6464 = CARTESIAN_POINT('',(-6.282088430206,-8.819297004591));
#6465 = CARTESIAN_POINT('',(-6.281869054749,-8.819297160973));
#6466 = CARTESIAN_POINT('',(-6.185680412034,-8.819379442951));
#6467 = CARTESIAN_POINT('',(-6.089583753059,-8.825446519531));
#6468 = CARTESIAN_POINT('',(-5.992731414005,-8.837546976986));
#6469 = CARTESIAN_POINT('',(-5.894561161767,-8.857457656147));
#6470 = CARTESIAN_POINT('',(-5.794536393355,-8.888771417983));
#6471 = CARTESIAN_POINT('',(-5.692130479874,-8.937281740077));
#6472 = CARTESIAN_POINT('',(-5.564913460996,-9.027500181487));
#6473 = CARTESIAN_POINT('',(-5.542939437893,-9.044122182413));
#6474 = CARTESIAN_POINT('',(-5.520866027408,-9.06192724852));
#6475 = CARTESIAN_POINT('',(-5.498701833746,-9.08098456261));
#6476 = CARTESIAN_POINT('',(-5.476454757413,-9.101364903011));
#6477 = CARTESIAN_POINT('',(-5.454132117402,-9.123140259517));
#6478 = CARTESIAN_POINT('',(-5.393715339592,-9.185855504874));
#6479 = CARTESIAN_POINT('',(-5.355447488235,-9.22960662167));
#6480 = CARTESIAN_POINT('',(-5.317074770151,-9.277902642264));
#6481 = CARTESIAN_POINT('',(-5.278718934739,-9.330965555741));
#6482 = CARTESIAN_POINT('',(-5.24049037629,-9.388955661735));
#6483 = CARTESIAN_POINT('',(-5.202492580315,-9.451953734456));
#6484 = CARTESIAN_POINT('',(-5.123487421184,-9.594562878142));
#6485 = CARTESIAN_POINT('',(-5.082668287109,-9.674977947447));
#6486 = CARTESIAN_POINT('',(-5.04249496528,-9.761108800958));
#6487 = CARTESIAN_POINT('',(-5.00309028631,-9.852732992092));
#6488 = CARTESIAN_POINT('',(-4.964578239244,-9.949461525338));
#6489 = CARTESIAN_POINT('',(-4.927088096996,-10.05071516023));
#6490 = CARTESIAN_POINT('',(-4.840242806297,-10.301681653));
#6491 = CARTESIAN_POINT('',(-4.79198706495,-10.45483073292));
#6492 = CARTESIAN_POINT('',(-4.745893896377,-10.61435400984));
#6493 = CARTESIAN_POINT('',(-4.701901049573,-10.77940433997));
#6494 = CARTESIAN_POINT('',(-4.659972162812,-10.94909852047));
#6495 = CARTESIAN_POINT('',(-4.620089376313,-11.12252120162));
#6496 = CARTESIAN_POINT('',(-4.525424807947,-11.5632898652));
#6497 = CARTESIAN_POINT('',(-4.47295608138,-11.83526867228));
#6498 = CARTESIAN_POINT('',(-4.424543207438,-12.11316583087));
#6499 = CARTESIAN_POINT('',(-4.380004773847,-12.39592432346));
#6500 = CARTESIAN_POINT('',(-4.339237479534,-12.68293661093));
#6501 = CARTESIAN_POINT('',(-4.302208193414,-12.9740176376));
#6502 = CARTESIAN_POINT('',(-4.226849695724,-13.64369970204));
#6503 = CARTESIAN_POINT('',(-4.190657909621,-14.02636141803));
#6504 = CARTESIAN_POINT('',(-4.160930841554,-14.41488311963));
#6505 = CARTESIAN_POINT('',(-4.138156697614,-14.8073778759));
#6506 = CARTESIAN_POINT('',(-4.122753094688,-15.20271417971));
#6507 = CARTESIAN_POINT('',(-4.114982563739,-15.60037823315));
#6508 = CARTESIAN_POINT('',(-4.114982563739,-16.20833888728));
#6509 = CARTESIAN_POINT('',(-4.117094528557,-16.41655981274));
#6510 = CARTESIAN_POINT('',(-4.121314251369,-16.62447442863));
#6511 = CARTESIAN_POINT('',(-4.127619459728,-16.83188324045));
#6512 = CARTESIAN_POINT('',(-4.135969530173,-17.03855579672));
#6513 = CARTESIAN_POINT('',(-4.146305363436,-17.24421101959));
#6514 = CARTESIAN_POINT('',(-4.16974098597,-17.63522398627));
#6515 = CARTESIAN_POINT('',(-4.182530376023,-17.82086642469));
#6516 = CARTESIAN_POINT('',(-4.196873812743,-18.00538470004));
#6517 = CARTESIAN_POINT('',(-4.21272820164,-18.18871755318));
#6518 = CARTESIAN_POINT('',(-4.230053065492,-18.37078242498));
#6519 = CARTESIAN_POINT('',(-4.248812478426,-18.55147512377));
#6520 = CARTESIAN_POINT('',(-4.313298508822,-19.12453774162));
#6521 = CARTESIAN_POINT('',(-4.365309201915,-19.51917583277));
#6522 = CARTESIAN_POINT('',(-4.42494031926,-19.91045550416));
#6523 = CARTESIAN_POINT('',(-4.492004096136,-20.29388136574));
#6524 = CARTESIAN_POINT('',(-4.566406117952,-20.66444018645));
#6525 = CARTESIAN_POINT('',(-4.648211894743,-21.01668264409));
#6526 = CARTESIAN_POINT('',(-4.769636710601,-21.461607076));
#6527 = CARTESIAN_POINT('',(-4.802554440918,-21.57563613792));
#6528 = CARTESIAN_POINT('',(-4.836582118591,-21.68670645358));
#6529 = CARTESIAN_POINT('',(-4.871682238361,-21.79430555471));
#6530 = CARTESIAN_POINT('',(-4.907824548889,-21.89800263199));
#6531 = CARTESIAN_POINT('',(-4.944986575501,-21.99744274229));
#6532 = CARTESIAN_POINT('',(-5.04323033771,-22.24171200163));
#6533 = CARTESIAN_POINT('',(-5.105627904133,-22.3794086443));
#6534 = CARTESIAN_POINT('',(-5.169755873298,-22.50317102347));
#6535 = CARTESIAN_POINT('',(-5.235050841765,-22.61203428562));
#6536 = CARTESIAN_POINT('',(-5.300941196953,-22.70608672707));
#6537 = CARTESIAN_POINT('',(-5.366779178185,-22.78618358703));
#6538 = CARTESIAN_POINT('',(-5.454132117402,-22.87685974048));
#6539 = CARTESIAN_POINT('',(-5.476454757413,-22.89863509698));
#6540 = CARTESIAN_POINT('',(-5.498701833746,-22.91901543739));
#6541 = CARTESIAN_POINT('',(-5.520866027408,-22.93807275148));
#6542 = CARTESIAN_POINT('',(-5.542939437893,-22.95587781758));
#6543 = CARTESIAN_POINT('',(-5.564913460996,-22.97249981851));
#6544 = CARTESIAN_POINT('',(-5.692130479874,-23.06271825992));
#6545 = CARTESIAN_POINT('',(-5.794536393355,-23.11122858201));
#6546 = CARTESIAN_POINT('',(-5.894561161768,-23.14254234385));
#6547 = CARTESIAN_POINT('',(-5.992731414004,-23.16245302301));
#6548 = CARTESIAN_POINT('',(-6.089583753059,-23.17455348047));
#6549 = CARTESIAN_POINT('',(-6.185680412034,-23.18062055704));
#6550 = CARTESIAN_POINT('',(-6.281869054749,-23.18070283902));
#6551 = CARTESIAN_POINT('',(-6.282088430206,-23.1807029954));
#6552 = CARTESIAN_POINT('',(-6.282307805632,-23.18070312051));
#6553 = CARTESIAN_POINT('',(-6.282527181035,-23.18070321434));
#6554 = CARTESIAN_POINT('',(-6.282746556422,-23.18070327689));
#6555 = CARTESIAN_POINT('',(-6.282965931801,-23.18070330817));
#6556 = CARTESIAN_POINT('',(-6.28318530718,-23.18070330817));
#6557 = ( GEOMETRIC_REPRESENTATION_CONTEXT(2) 
PARAMETRIC_REPRESENTATION_CONTEXT() REPRESENTATION_CONTEXT('2D SPACE',''
  ) );
#6558 = PCURVE('',#3719,#6559);
#6559 = DEFINITIONAL_REPRESENTATION('',(#6560),#6659);
#6560 = B_SPLINE_CURVE_WITH_KNOTS('',7,(#6561,#6562,#6563,#6564,#6565,
    #6566,#6567,#6568,#6569,#6570,#6571,#6572,#6573,#6574,#6575,#6576,
    #6577,#6578,#6579,#6580,#6581,#6582,#6583,#6584,#6585,#6586,#6587,
    #6588,#6589,#6590,#6591,#6592,#6593,#6594,#6595,#6596,#6597,#6598,
    #6599,#6600,#6601,#6602,#6603,#6604,#6605,#6606,#6607,#6608,#6609,
    #6610,#6611,#6612,#6613,#6614,#6615,#6616,#6617,#6618,#6619,#6620,
    #6621,#6622,#6623,#6624,#6625,#6626,#6627,#6628,#6629,#6630,#6631,
    #6632,#6633,#6634,#6635,#6636,#6637,#6638,#6639,#6640,#6641,#6642,
    #6643,#6644,#6645,#6646,#6647,#6648,#6649,#6650,#6651,#6652,#6653,
    #6654,#6655,#6656,#6657,#6658),.UNSPECIFIED.,.F.,.F.,(8,6,6,6,6,6,6,
    6,6,6,6,6,6,6,6,6,8),(0.,2.660431298379E-04,0.116650801532,
    0.140805835934,0.181826404443,0.226847243165,0.289448086141,
    0.383449806017,0.502616126917,0.564742319127,0.621528184568,
    0.746343208055,0.790560380493,0.86015872383,0.884148289421,
    0.999735779341,1.),.UNSPECIFIED.);
#6561 = CARTESIAN_POINT('',(3.279964830975,-29.));
#6562 = CARTESIAN_POINT('',(3.279964830975,-29.00087750151));
#6563 = CARTESIAN_POINT('',(3.279964862251,-29.00175500303));
#6564 = CARTESIAN_POINT('',(3.279964924804,-29.0026325045));
#6565 = CARTESIAN_POINT('',(3.279965018633,-29.00351000591));
#6566 = CARTESIAN_POINT('',(3.279965143738,-29.0043875072));
#6567 = CARTESIAN_POINT('',(3.27996530012,-29.00526500834));
#6568 = CARTESIAN_POINT('',(3.28004758171,-29.39001912554));
#6569 = CARTESIAN_POINT('',(3.28611522744,-29.77433922157));
#6570 = CARTESIAN_POINT('',(3.298197358353,-30.15584158739));
#6571 = CARTESIAN_POINT('',(3.316451052364,-30.53092720616));
#6572 = CARTESIAN_POINT('',(3.341131483904,-30.89510864204));
#6573 = CARTESIAN_POINT('',(3.37256439388,-31.24257724425));
#6574 = CARTESIAN_POINT('',(3.419276024381,-31.6329564825));
#6575 = CARTESIAN_POINT('',(3.427610176457,-31.6989550033));
#6576 = CARTESIAN_POINT('',(3.436248344985,-31.76374931224));
#6577 = CARTESIAN_POINT('',(3.445188444443,-31.82723781947));
#6578 = CARTESIAN_POINT('',(3.454428049422,-31.88932425096));
#6579 = CARTESIAN_POINT('',(3.463964485533,-31.9499175795));
#6580 = CARTESIAN_POINT('',(3.490489163719,-32.1091513643));
#6581 = CARTESIAN_POINT('',(3.50805085038,-32.20493404869));
#6582 = CARTESIAN_POINT('',(3.526423134514,-32.295563473));
#6583 = CARTESIAN_POINT('',(3.545541532813,-32.38048030055));
#6584 = CARTESIAN_POINT('',(3.565335097358,-32.45927367098));
#6585 = CARTESIAN_POINT('',(3.585727588527,-32.53167247737));
#6586 = CARTESIAN_POINT('',(3.629588925422,-32.66982379341));
#6587 = CARTESIAN_POINT('',(3.653097057737,-32.7340292744));
#6588 = CARTESIAN_POINT('',(3.67705066214,-32.79005528935));
#6589 = CARTESIAN_POINT('',(3.701332398255,-32.83798893596));
#6590 = CARTESIAN_POINT('',(3.725817163987,-32.87808587635));
#6591 = CARTESIAN_POINT('',(3.750369291487,-32.91075400665));
#6592 = CARTESIAN_POINT('',(3.808865561865,-32.97238819264));
#6593 = CARTESIAN_POINT('',(3.842722158351,-32.99491570027));
#6594 = CARTESIAN_POINT('',(3.876321979759,-33.00592688604));
#6595 = CARTESIAN_POINT('',(3.909594844308,-33.00707512214));
#6596 = CARTESIAN_POINT('',(3.942478838046,-32.99989465096));
#6597 = CARTESIAN_POINT('',(3.974913950057,-32.98581775297));
#6598 = CARTESIAN_POINT('',(4.05477641923,-32.93667771932));
#6599 = CARTESIAN_POINT('',(4.101772180203,-32.89450183181));
#6600 = CARTESIAN_POINT('',(4.147898252661,-32.84376301141));
#6601 = CARTESIAN_POINT('',(4.193259489371,-32.78772559571));
#6602 = CARTESIAN_POINT('',(4.237989269837,-32.72908995696));
#6603 = CARTESIAN_POINT('',(4.28224716653,-32.67020032497));
#6604 = CARTESIAN_POINT('',(4.38196016565,-32.54087791615));
#6605 = CARTESIAN_POINT('',(4.437463096527,-32.47128829436));
#6606 = CARTESIAN_POINT('',(4.492670241204,-32.40931582111));
#6607 = CARTESIAN_POINT('',(4.547615791664,-32.35933061163));
#6608 = CARTESIAN_POINT('',(4.602418534153,-32.3246728935));
#6609 = CARTESIAN_POINT('',(4.657268736682,-32.30718913883));
#6610 = CARTESIAN_POINT('',(4.741125378631,-32.30718913883));
#6611 = CARTESIAN_POINT('',(4.769845500567,-32.31194107816));
#6612 = CARTESIAN_POINT('',(4.798562157602,-32.32143539121));
#6613 = CARTESIAN_POINT('',(4.82728632112,-32.33552925721));
#6614 = CARTESIAN_POINT('',(4.856024960775,-32.3539461901));
#6615 = CARTESIAN_POINT('',(4.884778146717,-32.37628604135));
#6616 = CARTESIAN_POINT('',(4.939820728763,-32.42559053091));
#6617 = CARTESIAN_POINT('',(4.966117834958,-32.45200032335));
#6618 = CARTESIAN_POINT('',(4.992450959452,-32.4809213841));
#6619 = CARTESIAN_POINT('',(5.018842199526,-32.51195475958));
#6620 = CARTESIAN_POINT('',(5.045311820455,-32.54466149159));
#6621 = CARTESIAN_POINT('',(5.071878551363,-32.57856815747));
#6622 = CARTESIAN_POINT('',(5.1572052987,-32.68923236976));
#6623 = CARTESIAN_POINT('',(5.217596857681,-32.77020769481));
#6624 = CARTESIAN_POINT('',(5.279623558069,-32.85056022779));
#6625 = CARTESIAN_POINT('',(5.343186332383,-32.92295693481));
#6626 = CARTESIAN_POINT('',(5.408150908898,-32.97867472244));
#6627 = CARTESIAN_POINT('',(5.474337266918,-33.00783997082));
#6628 = CARTESIAN_POINT('',(5.565173870201,-32.9954636613));
#6629 = CARTESIAN_POINT('',(5.58917316427,-32.98740190767));
#6630 = CARTESIAN_POINT('',(5.613334931862,-32.97390932353));
#6631 = CARTESIAN_POINT('',(5.637590229727,-32.95439946368));
#6632 = CARTESIAN_POINT('',(5.661873693975,-32.92830898902));
#6633 = CARTESIAN_POINT('',(5.686121210845,-32.89510061922));
#6634 = CARTESIAN_POINT('',(5.748274264949,-32.7899920545));
#6635 = CARTESIAN_POINT('',(5.785923051148,-32.70700569143));
#6636 = CARTESIAN_POINT('',(5.822639159133,-32.60405860122));
#6637 = CARTESIAN_POINT('',(5.857927715047,-32.48098356143));
#6638 = CARTESIAN_POINT('',(5.891337601602,-32.33885194994));
#6639 = CARTESIAN_POINT('',(5.922463058592,-32.18014401045));
#6640 = CARTESIAN_POINT('',(5.960813475236,-31.9499175795));
#6641 = CARTESIAN_POINT('',(5.970349911347,-31.88932425096));
#6642 = CARTESIAN_POINT('',(5.979589516326,-31.82723781947));
#6643 = CARTESIAN_POINT('',(5.988529615785,-31.76374931224));
#6644 = CARTESIAN_POINT('',(5.997167784313,-31.6989550033));
#6645 = CARTESIAN_POINT('',(6.005501936388,-31.6329564825));
#6646 = CARTESIAN_POINT('',(6.05221356689,-31.24257724425));
#6647 = CARTESIAN_POINT('',(6.083646476865,-30.89510864204));
#6648 = CARTESIAN_POINT('',(6.108326908405,-30.53092720616));
#6649 = CARTESIAN_POINT('',(6.126580602416,-30.15584158739));
#6650 = CARTESIAN_POINT('',(6.13866273333,-29.77433922156));
#6651 = CARTESIAN_POINT('',(6.14473037906,-29.39001912555));
#6652 = CARTESIAN_POINT('',(6.14481266065,-29.00526500834));
#6653 = CARTESIAN_POINT('',(6.144812817031,-29.0043875072));
#6654 = CARTESIAN_POINT('',(6.144812942137,-29.00351000591));
#6655 = CARTESIAN_POINT('',(6.144813035966,-29.0026325045));
#6656 = CARTESIAN_POINT('',(6.144813098518,-29.00175500303));
#6657 = CARTESIAN_POINT('',(6.144813129794,-29.00087750151));
#6658 = CARTESIAN_POINT('',(6.144813129794,-29.));
#6659 = ( GEOMETRIC_REPRESENTATION_CONTEXT(2) 
PARAMETRIC_REPRESENTATION_CONTEXT() REPRESENTATION_CONTEXT('2D SPACE',''
  ) );
#6660 = FACE_BOUND('',#6661,.T.);
#6661 = EDGE_LOOP('',(#6662));
#6662 = ORIENTED_EDGE('',*,*,#6663,.T.);
#6663 = EDGE_CURVE('',#6664,#6664,#6666,.T.);
#6664 = VERTEX_POINT('',#6665);
#6665 = CARTESIAN_POINT('',(3.,-9.,62.));
#6666 = SURFACE_CURVE('',#6667,(#6780,#6896),.PCURVE_S1.);
#6667 = B_SPLINE_CURVE_WITH_KNOTS('',6,(#6668,#6669,#6670,#6671,#6672,
    #6673,#6674,#6675,#6676,#6677,#6678,#6679,#6680,#6681,#6682,#6683,
    #6684,#6685,#6686,#6687,#6688,#6689,#6690,#6691,#6692,#6693,#6694,
    #6695,#6696,#6697,#6698,#6699,#6700,#6701,#6702,#6703,#6704,#6705,
    #6706,#6707,#6708,#6709,#6710,#6711,#6712,#6713,#6714,#6715,#6716,
    #6717,#6718,#6719,#6720,#6721,#6722,#6723,#6724,#6725,#6726,#6727,
    #6728,#6729,#6730,#6731,#6732,#6733,#6734,#6735,#6736,#6737,#6738,
    #6739,#6740,#6741,#6742,#6743,#6744,#6745,#6746,#6747,#6748,#6749,
    #6750,#6751,#6752,#6753,#6754,#6755,#6756,#6757,#6758,#6759,#6760,
    #6761,#6762,#6763,#6764,#6765,#6766,#6767,#6768,#6769,#6770,#6771,
    #6772,#6773,#6774,#6775,#6776,#6777,#6778,#6779),.UNSPECIFIED.,.T.,
  .F.,(7,5,5,5,5,5,5,5,5,5,5,5,5,5,5,5,5,5,5,5,5,5,7),(0.,
    5.444243605223E-02,7.855082606447E-02,0.142904644039,0.203253310968,
    0.251016534197,0.282101914738,0.299081546988,0.358992535231,
    0.423191673682,0.468736766682,0.523719283662,0.555862099542,
    0.579812487482,0.643744552332,0.703697714543,0.751147913792,
    0.782029571282,0.798897922167,0.85841625577,0.922194635185,
    0.947691271664,1.),.UNSPECIFIED.);
#6668 = CARTESIAN_POINT('',(3.,-9.,62.));
#6669 = CARTESIAN_POINT('',(3.,-9.,62.214450991977));
#6670 = CARTESIAN_POINT('',(2.981604055115,-8.98620273363,
    62.426724198976));
#6671 = CARTESIAN_POINT('',(2.945514363411,-8.959136947517,
    62.63355791245));
#6672 = CARTESIAN_POINT('',(2.893433725543,-8.920350256124,
    62.831805612728));
#6673 = CARTESIAN_POINT('',(2.828061600843,-8.872369614791,
    63.018596330603));
#6674 = CARTESIAN_POINT('',(2.720141687306,-8.794554532113,
    63.267984536326));
#6675 = CARTESIAN_POINT('',(2.684993272963,-8.769376428745,
    63.342202248973));
#6676 = CARTESIAN_POINT('',(2.647991498473,-8.74307024682,
    63.414115121451));
#6677 = CARTESIAN_POINT('',(2.60929343946,-8.715792813468,
    63.483748368555));
#6678 = CARTESIAN_POINT('',(2.56904038272,-8.68769033781,63.551134108273
    ));
#6679 = CARTESIAN_POINT('',(2.416092343447,-8.582042577024,
    63.790292498915));
#6680 = CARTESIAN_POINT('',(2.294530596449,-8.500197712558,
    63.948708987869));
#6681 = CARTESIAN_POINT('',(2.164826052998,-8.41578843627,
    64.092544441303));
#6682 = CARTESIAN_POINT('',(2.028239037429,-8.330673200712,
    64.222898186401));
#6683 = CARTESIAN_POINT('',(1.885347210997,-8.246379238001,
    64.340710852675));
#6684 = CARTESIAN_POINT('',(1.596272661772,-8.087783428404,
    64.545847513904));
#6685 = CARTESIAN_POINT('',(1.45081835272,-8.013169454148,
    64.634634038628));
#6686 = CARTESIAN_POINT('',(1.300158255274,-7.942228453387,
    64.713164248783));
#6687 = CARTESIAN_POINT('',(1.144535981521,-7.876658685435,
    64.781413931371));
#6688 = CARTESIAN_POINT('',(0.984058257012,-7.818405878707,
    64.839221491745));
#6689 = CARTESIAN_POINT('',(0.687797227326,-7.730829678087,
    64.923259256711));
#6690 = CARTESIAN_POINT('',(0.553547236334,-7.697919106838,
    64.953644658815));
#6691 = CARTESIAN_POINT('',(0.416947449662,-7.672165410265,
    64.976705200923));
#6692 = CARTESIAN_POINT('',(0.278762405651,-7.654589726621,
    64.992205181416));
#6693 = CARTESIAN_POINT('',(0.139596922712,-7.645751311065,65.));
#6694 = CARTESIAN_POINT('',(-9.08528187916E-02,-7.645751311065,65.));
#6695 = CARTESIAN_POINT('',(-0.181640683752,-7.649494599565,
    64.996698232049));
#6696 = CARTESIAN_POINT('',(-0.272161476183,-7.656973469547,
    64.99010389506));
#6697 = CARTESIAN_POINT('',(-0.362190456221,-7.668077985026,
    64.980246906937));
#6698 = CARTESIAN_POINT('',(-0.451479762851,-7.682601783526,
    64.967190550492));
#6699 = CARTESIAN_POINT('',(-0.587977704534,-7.709886628315,
    64.942224524477));
#6700 = CARTESIAN_POINT('',(-0.635911813802,-7.720460369555,
    64.93248021587));
#6701 = CARTESIAN_POINT('',(-0.683544032804,-7.731927650911,
    64.921822269678));
#6702 = CARTESIAN_POINT('',(-0.730855642115,-7.744243560113,
    64.910262988738));
#6703 = CARTESIAN_POINT('',(-0.777825411806,-7.757359723986,
    64.897815902579));
#6704 = CARTESIAN_POINT('',(-0.988867971852,-7.820144152203,
    64.837496960312));
#6705 = CARTESIAN_POINT('',(-1.148451978947,-7.87829283471,
    64.779717378246));
#6706 = CARTESIAN_POINT('',(-1.303221627443,-7.943650286202,
    64.711601649436));
#6707 = CARTESIAN_POINT('',(-1.453073098221,-8.014302731541,
    64.633306971048));
#6708 = CARTESIAN_POINT('',(-1.597768684026,-8.088579848666,
    64.544853664808));
#6709 = CARTESIAN_POINT('',(-1.886118208457,-8.246828466307,
    64.340090698318));
#6710 = CARTESIAN_POINT('',(-2.028983484841,-8.331128642005,
    64.222220890962));
#6711 = CARTESIAN_POINT('',(-2.165541450141,-8.416243877826,
    64.091807701283));
#6712 = CARTESIAN_POINT('',(-2.29521406635,-8.50064737683,
    63.947908833837));
#6713 = CARTESIAN_POINT('',(-2.416739639694,-8.582480115279,
    63.789423338894));
#6714 = CARTESIAN_POINT('',(-2.606867193448,-8.713825774771,
    63.491883814067));
#6715 = CARTESIAN_POINT('',(-2.68082248583,-8.765983408617,
    63.360195482761));
#6716 = CARTESIAN_POINT('',(-2.748753574797,-8.814724511028,
    63.220247995192));
#6717 = CARTESIAN_POINT('',(-2.80950301355,-8.858906542654,
    63.072077170761));
#6718 = CARTESIAN_POINT('',(-2.861804323691,-8.897320447746,
    62.915842587732));
#6719 = CARTESIAN_POINT('',(-2.955504094915,-8.966587114324,
    62.553903877785));
#6720 = CARTESIAN_POINT('',(-2.992582519138,-8.994360932429,
    62.343944483672));
#6721 = CARTESIAN_POINT('',(-3.011680611938,-9.008812971177,
    62.126816490775));
#6722 = CARTESIAN_POINT('',(-3.011202927724,-9.008412449115,
    61.90769314548));
#6723 = CARTESIAN_POINT('',(-2.99156141577,-8.99360183486,
    61.691820933895));
#6724 = CARTESIAN_POINT('',(-2.934145886992,-8.950824277177,
    61.362844787491));
#6725 = CARTESIAN_POINT('',(-2.907326513194,-8.930902924485,
    61.244491241171));
#6726 = CARTESIAN_POINT('',(-2.875314248266,-8.907234021715,
    61.129546679158));
#6727 = CARTESIAN_POINT('',(-2.838597699419,-8.880264844235,
    61.018369102134));
#6728 = CARTESIAN_POINT('',(-2.797715792906,-8.85048893053,
    60.911278644788));
#6729 = CARTESIAN_POINT('',(-2.720141681617,-8.794554528011,
    60.732015450529));
#6730 = CARTESIAN_POINT('',(-2.68499327517,-8.769376430223,
    60.657797753276));
#6731 = CARTESIAN_POINT('',(-2.647991504893,-8.743070251341,
    60.585884890611));
#6732 = CARTESIAN_POINT('',(-2.609293440858,-8.715792814525,
    60.516251635829));
#6733 = CARTESIAN_POINT('',(-2.56904037602,-8.687690333182,
    60.44886588125));
#6734 = CARTESIAN_POINT('',(-2.416092343447,-8.582042577024,
    60.209707501085));
#6735 = CARTESIAN_POINT('',(-2.294530596449,-8.500197712557,
    60.051291012131));
#6736 = CARTESIAN_POINT('',(-2.164826052998,-8.41578843627,
    59.907455558697));
#6737 = CARTESIAN_POINT('',(-2.028239037429,-8.330673200712,
    59.777101813599));
#6738 = CARTESIAN_POINT('',(-1.885347210997,-8.246379238001,
    59.659289147325));
#6739 = CARTESIAN_POINT('',(-1.596272661763,-8.087783428399,
    59.454152486089));
#6740 = CARTESIAN_POINT('',(-1.450818352722,-8.013169454151,
    59.365365961376));
#6741 = CARTESIAN_POINT('',(-1.300158255282,-7.942228453391,
    59.286835751221));
#6742 = CARTESIAN_POINT('',(-1.144535981524,-7.876658685435,
    59.218586068628));
#6743 = CARTESIAN_POINT('',(-0.984058257003,-7.818405878704,
    59.160778508252));
#6744 = CARTESIAN_POINT('',(-0.687797227326,-7.730829678087,
    59.076740743289));
#6745 = CARTESIAN_POINT('',(-0.553547236335,-7.697919106839,
    59.046355341185));
#6746 = CARTESIAN_POINT('',(-0.416947449662,-7.672165410264,
    59.023294799077));
#6747 = CARTESIAN_POINT('',(-0.278762405651,-7.654589726621,
    59.007794818584));
#6748 = CARTESIAN_POINT('',(-0.139596922711,-7.645751311065,59.));
#6749 = CARTESIAN_POINT('',(9.085281879161E-02,-7.645751311065,59.));
#6750 = CARTESIAN_POINT('',(0.181640683752,-7.649494599565,
    59.003301767951));
#6751 = CARTESIAN_POINT('',(0.272161476183,-7.656973469547,
    59.00989610494));
#6752 = CARTESIAN_POINT('',(0.362190456221,-7.668077985026,
    59.019753093063));
#6753 = CARTESIAN_POINT('',(0.451479762851,-7.682601783526,
    59.032809449508));
#6754 = CARTESIAN_POINT('',(0.587977697076,-7.709886626824,
    59.057775474159));
#6755 = CARTESIAN_POINT('',(0.635911815626,-7.720460370292,
    59.067519784856));
#6756 = CARTESIAN_POINT('',(0.683544040111,-7.731927652722,
    59.078177732026));
#6757 = CARTESIAN_POINT('',(0.730855644193,-7.744243560344,
    59.089737011446));
#6758 = CARTESIAN_POINT('',(0.777825404665,-7.757359721862,
    59.10218409538));
#6759 = CARTESIAN_POINT('',(0.988867971852,-7.820144152203,
    59.162503039688));
#6760 = CARTESIAN_POINT('',(1.148451978947,-7.87829283471,
    59.220282621754));
#6761 = CARTESIAN_POINT('',(1.303221627443,-7.943650286202,
    59.288398350563));
#6762 = CARTESIAN_POINT('',(1.453073098221,-8.014302731541,
    59.366693028953));
#6763 = CARTESIAN_POINT('',(1.597768684026,-8.088579848666,
    59.455146335192));
#6764 = CARTESIAN_POINT('',(1.886118208457,-8.246828466307,
    59.659909301682));
#6765 = CARTESIAN_POINT('',(2.028983484841,-8.331128642005,
    59.777779109037));
#6766 = CARTESIAN_POINT('',(2.165541450142,-8.416243877826,
    59.908192298718));
#6767 = CARTESIAN_POINT('',(2.29521406635,-8.50064737683,60.052091166162
    ));
#6768 = CARTESIAN_POINT('',(2.416739639694,-8.582480115279,
    60.210576661106));
#6769 = CARTESIAN_POINT('',(2.572425444228,-8.690032409863,
    60.454216677446));
#6770 = CARTESIAN_POINT('',(2.615261640083,-8.719963794033,
    60.526318386164));
#6771 = CARTESIAN_POINT('',(2.656316116941,-8.748943984091,
    60.600984224764));
#6772 = CARTESIAN_POINT('',(2.6954145501,-8.776793358222,60.678250731855
    ));
#6773 = CARTESIAN_POINT('',(2.732362628174,-8.803318853272,
    60.758145215564));
#6774 = CARTESIAN_POINT('',(2.837896417991,-8.879594275559,
    61.010023536536));
#6775 = CARTESIAN_POINT('',(2.899690538502,-8.925010397273,
    61.192399546563));
#6776 = CARTESIAN_POINT('',(2.948789225396,-8.961592822439,
    61.385421764791));
#6777 = CARTESIAN_POINT('',(2.982734017917,-8.987050280212,
    61.586358453614));
#6778 = CARTESIAN_POINT('',(3.,-9.,61.792239615004));
#6779 = CARTESIAN_POINT('',(3.,-9.,62.));
#6780 = PCURVE('',#3268,#6781);
#6781 = DEFINITIONAL_REPRESENTATION('',(#6782),#6895);
#6782 = B_SPLINE_CURVE_WITH_KNOTS('',6,(#6783,#6784,#6785,#6786,#6787,
    #6788,#6789,#6790,#6791,#6792,#6793,#6794,#6795,#6796,#6797,#6798,
    #6799,#6800,#6801,#6802,#6803,#6804,#6805,#6806,#6807,#6808,#6809,
    #6810,#6811,#6812,#6813,#6814,#6815,#6816,#6817,#6818,#6819,#6820,
    #6821,#6822,#6823,#6824,#6825,#6826,#6827,#6828,#6829,#6830,#6831,
    #6832,#6833,#6834,#6835,#6836,#6837,#6838,#6839,#6840,#6841,#6842,
    #6843,#6844,#6845,#6846,#6847,#6848,#6849,#6850,#6851,#6852,#6853,
    #6854,#6855,#6856,#6857,#6858,#6859,#6860,#6861,#6862,#6863,#6864,
    #6865,#6866,#6867,#6868,#6869,#6870,#6871,#6872,#6873,#6874,#6875,
    #6876,#6877,#6878,#6879,#6880,#6881,#6882,#6883,#6884,#6885,#6886,
    #6887,#6888,#6889,#6890,#6891,#6892,#6893,#6894),.UNSPECIFIED.,.T.,
  .F.,(7,5,5,5,5,5,5,5,5,5,5,5,5,5,5,5,5,5,5,5,5,5,7),(0.,
    5.444243605223E-02,7.855082606447E-02,0.142904644039,0.203253310968,
    0.251016534197,0.282101914738,0.299081546988,0.358992535231,
    0.423191673682,0.468736766682,0.523719283662,0.555862099542,
    0.579812487482,0.643744552332,0.703697714543,0.751147913792,
    0.782029571282,0.798897922167,0.85841625577,0.922194635185,
    0.947691271664,1.),.UNSPECIFIED.);
#6783 = CARTESIAN_POINT('',(-3.14159265359,-59.));
#6784 = CARTESIAN_POINT('',(-3.087979905596,-59.));
#6785 = CARTESIAN_POINT('',(-3.034911501275,-58.98160405511));
#6786 = CARTESIAN_POINT('',(-2.982926170957,-58.94551436341));
#6787 = CARTESIAN_POINT('',(-2.932559102673,-58.89343372554));
#6788 = CARTESIAN_POINT('',(-2.88440809374,-58.82806160084));
#6789 = CARTESIAN_POINT('',(-2.819096502002,-58.7201416873));
#6790 = CARTESIAN_POINT('',(-2.799509271528,-58.68499327296));
#6791 = CARTESIAN_POINT('',(-2.780373812642,-58.64799149847));
#6792 = CARTESIAN_POINT('',(-2.761684374515,-58.60929343946));
#6793 = CARTESIAN_POINT('',(-2.743435530033,-58.56904038272));
#6794 = CARTESIAN_POINT('',(-2.678072034309,-58.41609234344));
#6795 = CARTESIAN_POINT('',(-2.633577227871,-58.29453059644));
#6796 = CARTESIAN_POINT('',(-2.59196435168,-58.16482605299));
#6797 = CARTESIAN_POINT('',(-2.553100184027,-58.02823903742));
#6798 = CARTESIAN_POINT('',(-2.516909320006,-57.88534721099));
#6799 = CARTESIAN_POINT('',(-2.452085674338,-57.59627266177));
#6800 = CARTESIAN_POINT('',(-2.423115834088,-57.45081835272));
#6801 = CARTESIAN_POINT('',(-2.396680910285,-57.30015825527));
#6802 = CARTESIAN_POINT('',(-2.373030985314,-57.14453598152));
#6803 = CARTESIAN_POINT('',(-2.352516913905,-56.98405825701));
#6804 = CARTESIAN_POINT('',(-2.322173116294,-56.68779722732));
#6805 = CARTESIAN_POINT('',(-2.310977076463,-56.55354723633));
#6806 = CARTESIAN_POINT('',(-2.302335352038,-56.41694744966));
#6807 = CARTESIAN_POINT('',(-2.296476692603,-56.27876240565));
#6808 = CARTESIAN_POINT('',(-2.293530574608,-56.13959692271));
#6809 = CARTESIAN_POINT('',(-2.293530574608,-55.9091471812));
#6810 = CARTESIAN_POINT('',(-2.294778408994,-55.81835931624));
#6811 = CARTESIAN_POINT('',(-2.2972711658,-55.72783852381));
#6812 = CARTESIAN_POINT('',(-2.30098316688,-55.63780954377));
#6813 = CARTESIAN_POINT('',(-2.305865411957,-55.54852023714));
#6814 = CARTESIAN_POINT('',(-2.315111239429,-55.41202229546));
#6815 = CARTESIAN_POINT('',(-2.318705972241,-55.36408818619));
#6816 = CARTESIAN_POINT('',(-2.322619750366,-55.31645596719));
#6817 = CARTESIAN_POINT('',(-2.326842352959,-55.26914435788));
#6818 = CARTESIAN_POINT('',(-2.331362809076,-55.22217458819));
#6819 = CARTESIAN_POINT('',(-2.353128980109,-55.01113202814));
#6820 = CARTESIAN_POINT('',(-2.373619632916,-54.85154802105));
#6821 = CARTESIAN_POINT('',(-2.397208680852,-54.69677837255));
#6822 = CARTESIAN_POINT('',(-2.423551805397,-54.54692690177));
#6823 = CARTESIAN_POINT('',(-2.452404021992,-54.40223131597));
#6824 = CARTESIAN_POINT('',(-2.517100668655,-54.11388179154));
#6825 = CARTESIAN_POINT('',(-2.553304024721,-53.97101651515));
#6826 = CARTESIAN_POINT('',(-2.59218058072,-53.83445854985));
#6827 = CARTESIAN_POINT('',(-2.633806331926,-53.70478593365));
#6828 = CARTESIAN_POINT('',(-2.678314993116,-53.5832603603));
#6829 = CARTESIAN_POINT('',(-2.759625144351,-53.39313280655));
#6830 = CARTESIAN_POINT('',(-2.795009074114,-53.31917751417));
#6831 = CARTESIAN_POINT('',(-2.832006160946,-53.2512464252));
#6832 = CARTESIAN_POINT('',(-2.870595636537,-53.19049698645));
#6833 = CARTESIAN_POINT('',(-2.910763219768,-53.1381956763));
#6834 = CARTESIAN_POINT('',(-3.002890000911,-53.04449590508));
#6835 = CARTESIAN_POINT('',(-3.055749652824,-53.00741748086));
#6836 = CARTESIAN_POINT('',(-3.109972159736,-52.98831938806));
#6837 = CARTESIAN_POINT('',(-3.164565280344,-52.98879707227));
#6838 = CARTESIAN_POINT('',(-3.218560508102,-53.00843858423));
#6839 = CARTESIAN_POINT('',(-3.301496938708,-53.065854113));
#6840 = CARTESIAN_POINT('',(-3.331480479504,-53.0926734868));
#6841 = CARTESIAN_POINT('',(-3.360791357772,-53.12468575173));
#6842 = CARTESIAN_POINT('',(-3.389367381892,-53.16140230058));
#6843 = CARTESIAN_POINT('',(-3.417142063391,-53.20228420709));
#6844 = CARTESIAN_POINT('',(-3.46408880862,-53.27985831838));
#6845 = CARTESIAN_POINT('',(-3.483676034995,-53.31500672483));
#6846 = CARTESIAN_POINT('',(-3.502811491313,-53.3520084951));
#6847 = CARTESIAN_POINT('',(-3.521500931544,-53.39070655914));
#6848 = CARTESIAN_POINT('',(-3.53974978001,-53.43095962398));
#6849 = CARTESIAN_POINT('',(-3.605113272871,-53.58390765655));
#6850 = CARTESIAN_POINT('',(-3.649608079309,-53.70546940355));
#6851 = CARTESIAN_POINT('',(-3.691220955499,-53.835173947));
#6852 = CARTESIAN_POINT('',(-3.730085123152,-53.97176096257));
#6853 = CARTESIAN_POINT('',(-3.766275987174,-54.114652789));
#6854 = CARTESIAN_POINT('',(-3.831099632843,-54.40372733823));
#6855 = CARTESIAN_POINT('',(-3.86006947309,-54.54918164727));
#6856 = CARTESIAN_POINT('',(-3.886504396893,-54.69984174471));
#6857 = CARTESIAN_POINT('',(-3.910154321866,-54.85546401847));
#6858 = CARTESIAN_POINT('',(-3.930668393275,-55.01594174299));
#6859 = CARTESIAN_POINT('',(-3.961012190886,-55.31220277267));
#6860 = CARTESIAN_POINT('',(-3.972208230717,-55.44645276366));
#6861 = CARTESIAN_POINT('',(-3.980849955142,-55.58305255033));
#6862 = CARTESIAN_POINT('',(-3.986708614576,-55.72123759434));
#6863 = CARTESIAN_POINT('',(-3.989654732571,-55.86040307728));
#6864 = CARTESIAN_POINT('',(-3.989654732571,-56.09085281879));
#6865 = CARTESIAN_POINT('',(-3.988406898185,-56.18164068375));
#6866 = CARTESIAN_POINT('',(-3.98591414138,-56.27216147618));
#6867 = CARTESIAN_POINT('',(-3.9822021403,-56.36219045622));
#6868 = CARTESIAN_POINT('',(-3.977319895223,-56.45147976285));
#6869 = CARTESIAN_POINT('',(-3.968074068256,-56.58797769707));
#6870 = CARTESIAN_POINT('',(-3.96447933468,-56.63591181562));
#6871 = CARTESIAN_POINT('',(-3.960565556192,-56.68354404011));
#6872 = CARTESIAN_POINT('',(-3.956342954147,-56.73085564419));
#6873 = CARTESIAN_POINT('',(-3.95182249884,-56.77782540466));
#6874 = CARTESIAN_POINT('',(-3.930056327071,-56.98886797185));
#6875 = CARTESIAN_POINT('',(-3.909565674263,-57.14845197894));
#6876 = CARTESIAN_POINT('',(-3.885976626327,-57.30322162744));
#6877 = CARTESIAN_POINT('',(-3.859633501783,-57.45307309822));
#6878 = CARTESIAN_POINT('',(-3.830781285187,-57.59776868402));
#6879 = CARTESIAN_POINT('',(-3.766084638524,-57.88611820845));
#6880 = CARTESIAN_POINT('',(-3.729881282459,-58.02898348484));
#6881 = CARTESIAN_POINT('',(-3.69100472646,-58.16554145014));
#6882 = CARTESIAN_POINT('',(-3.649378975253,-58.29521406635));
#6883 = CARTESIAN_POINT('',(-3.604870314063,-58.41673963969));
#6884 = CARTESIAN_POINT('',(-3.538289557819,-58.57242544422));
#6885 = CARTESIAN_POINT('',(-3.518777493665,-58.61526164008));
#6886 = CARTESIAN_POINT('',(-3.498762641977,-58.65631611694));
#6887 = CARTESIAN_POINT('',(-3.478239193302,-58.6954145501));
#6888 = CARTESIAN_POINT('',(-3.457200904426,-58.73236262817));
#6889 = CARTESIAN_POINT('',(-3.391407369114,-58.83789641799));
#6890 = CARTESIAN_POINT('',(-3.344479527834,-58.8996905385));
#6891 = CARTESIAN_POINT('',(-3.295489113019,-58.94878922539));
#6892 = CARTESIAN_POINT('',(-3.245003125646,-58.98273401791));
#6893 = CARTESIAN_POINT('',(-3.193532749839,-59.));
#6894 = CARTESIAN_POINT('',(-3.14159265359,-59.));
#6895 = ( GEOMETRIC_REPRESENTATION_CONTEXT(2) 
PARAMETRIC_REPRESENTATION_CONTEXT() REPRESENTATION_CONTEXT('2D SPACE',''
  ) );
#6896 = PCURVE('',#4536,#6897);
#6897 = DEFINITIONAL_REPRESENTATION('',(#6898),#7011);
#6898 = B_SPLINE_CURVE_WITH_KNOTS('',6,(#6899,#6900,#6901,#6902,#6903,
    #6904,#6905,#6906,#6907,#6908,#6909,#6910,#6911,#6912,#6913,#6914,
    #6915,#6916,#6917,#6918,#6919,#6920,#6921,#6922,#6923,#6924,#6925,
    #6926,#6927,#6928,#6929,#6930,#6931,#6932,#6933,#6934,#6935,#6936,
    #6937,#6938,#6939,#6940,#6941,#6942,#6943,#6944,#6945,#6946,#6947,
    #6948,#6949,#6950,#6951,#6952,#6953,#6954,#6955,#6956,#6957,#6958,
    #6959,#6960,#6961,#6962,#6963,#6964,#6965,#6966,#6967,#6968,#6969,
    #6970,#6971,#6972,#6973,#6974,#6975,#6976,#6977,#6978,#6979,#6980,
    #6981,#6982,#6983,#6984,#6985,#6986,#6987,#6988,#6989,#6990,#6991,
    #6992,#6993,#6994,#6995,#6996,#6997,#6998,#6999,#7000,#7001,#7002,
    #7003,#7004,#7005,#7006,#7007,#7008,#7009,#7010),.UNSPECIFIED.,.F.,
  .F.,(7,5,5,5,5,5,5,5,5,5,5,5,5,5,5,5,5,5,5,5,5,5,7),(0.,
    5.444243605223E-02,7.855082606447E-02,0.142904644039,0.203253310968,
    0.251016534197,0.282101914738,0.299081546988,0.358992535231,
    0.423191673682,0.468736766682,0.523719283662,0.555862099542,
    0.579812487482,0.643744552332,0.703697714543,0.751147913792,
    0.782029571282,0.798897922167,0.85841625577,0.922194635185,
    0.947691271664,1.),.UNSPECIFIED.);
#6899 = CARTESIAN_POINT('',(0.,-22.));
#6900 = CARTESIAN_POINT('',(7.148366399227E-02,-22.));
#6901 = CARTESIAN_POINT('',(0.142241375121,-22.01379726637));
#6902 = CARTESIAN_POINT('',(0.21184361096,-22.04086305248));
#6903 = CARTESIAN_POINT('',(0.27983118352,-22.07964974387));
#6904 = CARTESIAN_POINT('',(0.345627976552,-22.1276303852));
#6905 = CARTESIAN_POINT('',(0.436207091689,-22.20544546788));
#6906 = CARTESIAN_POINT('',(0.463564927815,-22.23062357125));
#6907 = CARTESIAN_POINT('',(0.490501199113,-22.25692975318));
#6908 = CARTESIAN_POINT('',(0.517035875447,-22.28420718653));
#6909 = CARTESIAN_POINT('',(0.543188250777,-22.31230966219));
#6910 = CARTESIAN_POINT('',(0.637816082326,-22.41795742297));
#6911 = CARTESIAN_POINT('',(0.704133653488,-22.49980228744));
#6912 = CARTESIAN_POINT('',(0.768405300403,-22.58421156373));
#6913 = CARTESIAN_POINT('',(0.83108903774,-22.66932679928));
#6914 = CARTESIAN_POINT('',(0.892660027522,-22.75362076199));
#6915 = CARTESIAN_POINT('',(1.010814890492,-22.91221657159));
#6916 = CARTESIAN_POINT('',(1.067483109293,-22.98683054585));
#6917 = CARTESIAN_POINT('',(1.123923794722,-23.05777154661));
#6918 = CARTESIAN_POINT('',(1.180375291894,-23.12334131456));
#6919 = CARTESIAN_POINT('',(1.237096082456,-23.18159412129));
#6920 = CARTESIAN_POINT('',(1.339745942363,-23.26917032191));
#6921 = CARTESIAN_POINT('',(1.385561349232,-23.30208089316));
#6922 = CARTESIAN_POINT('',(1.43163223071,-23.32783458973));
#6923 = CARTESIAN_POINT('',(1.477875591288,-23.34541027337));
#6924 = CARTESIAN_POINT('',(1.524264019224,-23.35424868893));
#6925 = CARTESIAN_POINT('',(1.601080599725,-23.35424868893));
#6926 = CARTESIAN_POINT('',(1.631343256852,-23.35050540043));
#6927 = CARTESIAN_POINT('',(1.661566751728,-23.34302653045));
#6928 = CARTESIAN_POINT('',(1.691726127681,-23.33192201497));
#6929 = CARTESIAN_POINT('',(1.721786534209,-23.31739821647));
#6930 = CARTESIAN_POINT('',(1.768040651789,-23.29011337168));
#6931 = CARTESIAN_POINT('',(1.784342342564,-23.27953963044));
#6932 = CARTESIAN_POINT('',(1.800607694643,-23.26807234908));
#6933 = CARTESIAN_POINT('',(1.816837504905,-23.25575643988));
#6934 = CARTESIAN_POINT('',(1.833031488178,-23.24264027601));
#6935 = CARTESIAN_POINT('',(1.906195942926,-23.17985584779));
#6936 = CARTESIAN_POINT('',(1.962635464237,-23.12170716529));
#6937 = CARTESIAN_POINT('',(2.018811576126,-23.05634971379));
#6938 = CARTESIAN_POINT('',(2.07497973864,-22.98569726845));
#6939 = CARTESIAN_POINT('',(2.131376161998,-22.91142015133));
#6940 = CARTESIAN_POINT('',(2.249261850832,-22.75317153369));
#6941 = CARTESIAN_POINT('',(2.310838102015,-22.66887135799));
#6942 = CARTESIAN_POINT('',(2.373528441306,-22.58375612217));
#6943 = CARTESIAN_POINT('',(2.437808565909,-22.49935262317));
#6944 = CARTESIAN_POINT('',(2.504136889865,-22.41751988472));
#6945 = CARTESIAN_POINT('',(2.62183625054,-22.28617422522));
#6946 = CARTESIAN_POINT('',(2.672099109271,-22.23401659138));
#6947 = CARTESIAN_POINT('',(2.723811320476,-22.18527548897));
#6948 = CARTESIAN_POINT('',(2.777023423362,-22.14109345734));
#6949 = CARTESIAN_POINT('',(2.831809156267,-22.10267955225));
#6950 = CARTESIAN_POINT('',(2.956432712488,-22.03341288567));
#6951 = CARTESIAN_POINT('',(3.027283081181,-22.00563906757));
#6952 = CARTESIAN_POINT('',(3.099514853672,-21.99118702882));
#6953 = CARTESIAN_POINT('',(3.172119933274,-21.99158755088));
#6954 = CARTESIAN_POINT('',(3.244131452704,-22.00639816514));
#6955 = CARTESIAN_POINT('',(3.355447742741,-22.04917572282));
#6956 = CARTESIAN_POINT('',(3.39584851089,-22.06909707551));
#6957 = CARTESIAN_POINT('',(3.43555202995,-22.09276597828));
#6958 = CARTESIAN_POINT('',(3.474517460233,-22.11973515576));
#6959 = CARTESIAN_POINT('',(3.512690409916,-22.14951106947));
#6960 = CARTESIAN_POINT('',(3.577799750054,-22.20544547198));
#6961 = CARTESIAN_POINT('',(3.605157580396,-22.23062356977));
#6962 = CARTESIAN_POINT('',(3.632093848136,-22.25692974865));
#6963 = CARTESIAN_POINT('',(3.658628527525,-22.28420718547));
#6964 = CARTESIAN_POINT('',(3.684780908513,-22.31230966681));
#6965 = CARTESIAN_POINT('',(3.779408735916,-22.41795742297));
#6966 = CARTESIAN_POINT('',(3.845726307078,-22.49980228744));
#6967 = CARTESIAN_POINT('',(3.909997953993,-22.58421156373));
#6968 = CARTESIAN_POINT('',(3.97268169133,-22.66932679928));
#6969 = CARTESIAN_POINT('',(4.034252681112,-22.75362076199));
#6970 = CARTESIAN_POINT('',(4.152407544085,-22.9122165716));
#6971 = CARTESIAN_POINT('',(4.209075762881,-22.98683054584));
#6972 = CARTESIAN_POINT('',(4.265516448309,-23.0577715466));
#6973 = CARTESIAN_POINT('',(4.321967945483,-23.12334131456));
#6974 = CARTESIAN_POINT('',(4.378688736049,-23.18159412129));
#6975 = CARTESIAN_POINT('',(4.481338595953,-23.26917032191));
#6976 = CARTESIAN_POINT('',(4.527154002822,-23.30208089316));
#6977 = CARTESIAN_POINT('',(4.5732248843,-23.32783458973));
#6978 = CARTESIAN_POINT('',(4.619468244878,-23.34541027337));
#6979 = CARTESIAN_POINT('',(4.665856672814,-23.35424868893));
#6980 = CARTESIAN_POINT('',(4.742673253315,-23.35424868893));
#6981 = CARTESIAN_POINT('',(4.772935910442,-23.35050540043));
#6982 = CARTESIAN_POINT('',(4.803159405318,-23.34302653045));
#6983 = CARTESIAN_POINT('',(4.833318781271,-23.33192201497));
#6984 = CARTESIAN_POINT('',(4.863379187799,-23.31739821647));
#6985 = CARTESIAN_POINT('',(4.909633302852,-23.29011337317));
#6986 = CARTESIAN_POINT('',(4.925934996802,-23.2795396297));
#6987 = CARTESIAN_POINT('',(4.942200350736,-23.26807234727));
#6988 = CARTESIAN_POINT('',(4.958430159184,-23.25575643965));
#6989 = CARTESIAN_POINT('',(4.974624139292,-23.24264027813));
#6990 = CARTESIAN_POINT('',(5.047788596515,-23.17985584779));
#6991 = CARTESIAN_POINT('',(5.104228117827,-23.12170716529));
#6992 = CARTESIAN_POINT('',(5.160404229716,-23.05634971379));
#6993 = CARTESIAN_POINT('',(5.21657239223,-22.98569726845));
#6994 = CARTESIAN_POINT('',(5.272968815588,-22.91142015133));
#6995 = CARTESIAN_POINT('',(5.390854504421,-22.75317153369));
#6996 = CARTESIAN_POINT('',(5.452430755605,-22.66887135799));
#6997 = CARTESIAN_POINT('',(5.515121094896,-22.58375612217));
#6998 = CARTESIAN_POINT('',(5.579401219498,-22.49935262317));
#6999 = CARTESIAN_POINT('',(5.645729543454,-22.41751988472));
#7000 = CARTESIAN_POINT('',(5.742107576507,-22.30996759013));
#7001 = CARTESIAN_POINT('',(5.770048292644,-22.28003620596));
#7002 = CARTESIAN_POINT('',(5.798427011295,-22.2510560159));
#7003 = CARTESIAN_POINT('',(5.827265838171,-22.22320664177));
#7004 = CARTESIAN_POINT('',(5.856587864585,-22.19668114672));
#7005 = CARTESIAN_POINT('',(5.947619037127,-22.12040572444));
#7006 = CARTESIAN_POINT('',(6.011648279723,-22.07498960272));
#7007 = CARTESIAN_POINT('',(6.077727921389,-22.03840717756));
#7008 = CARTESIAN_POINT('',(6.145304811113,-22.01294971978));
#7009 = CARTESIAN_POINT('',(6.213931845514,-22.));
#7010 = CARTESIAN_POINT('',(6.28318530718,-22.));
#7011 = ( GEOMETRIC_REPRESENTATION_CONTEXT(2) 
PARAMETRIC_REPRESENTATION_CONTEXT() REPRESENTATION_CONTEXT('2D SPACE',''
  ) );
#7012 = ADVANCED_FACE('',(#7013),#2627,.T.);
#7013 = FACE_BOUND('',#7014,.T.);
#7014 = EDGE_LOOP('',(#7015,#7046,#7065,#7066,#7067));
#7015 = ORIENTED_EDGE('',*,*,#7016,.T.);
#7016 = EDGE_CURVE('',#7017,#7019,#7021,.T.);
#7017 = VERTEX_POINT('',#7018);
#7018 = CARTESIAN_POINT('',(-47.34105007143,1.535898384862,68.));
#7019 = VERTEX_POINT('',#7020);
#7020 = CARTESIAN_POINT('',(-32.65894992856,1.535898384862,68.));
#7021 = SURFACE_CURVE('',#7022,(#7027,#7034),.PCURVE_S1.);
#7022 = CIRCLE('',#7023,7.5);
#7023 = AXIS2_PLACEMENT_3D('',#7024,#7025,#7026);
#7024 = CARTESIAN_POINT('',(-40.,0.,68.));
#7025 = DIRECTION('',(0.,0.,1.));
#7026 = DIRECTION('',(-0.978806676192,0.204786451315,0.));
#7027 = PCURVE('',#2627,#7028);
#7028 = DEFINITIONAL_REPRESENTATION('',(#7029),#7033);
#7029 = CIRCLE('',#7030,7.5);
#7030 = AXIS2_PLACEMENT_2D('',#7031,#7032);
#7031 = CARTESIAN_POINT('',(0.,-4.231397042342E-16));
#7032 = DIRECTION('',(-0.978806676192,0.204786451315));
#7033 = ( GEOMETRIC_REPRESENTATION_CONTEXT(2) 
PARAMETRIC_REPRESENTATION_CONTEXT() REPRESENTATION_CONTEXT('2D SPACE',''
  ) );
#7034 = PCURVE('',#7035,#7040);
#7035 = CYLINDRICAL_SURFACE('',#7036,7.5);
#7036 = AXIS2_PLACEMENT_3D('',#7037,#7038,#7039);
#7037 = CARTESIAN_POINT('',(-40.,0.,91.));
#7038 = DIRECTION('',(0.,0.,1.));
#7039 = DIRECTION('',(1.,0.,0.));
#7040 = DEFINITIONAL_REPRESENTATION('',(#7041),#7045);
#7041 = LINE('',#7042,#7043);
#7042 = CARTESIAN_POINT('',(2.935347123795,-23.));
#7043 = VECTOR('',#7044,1.);
#7044 = DIRECTION('',(1.,0.));
#7045 = ( GEOMETRIC_REPRESENTATION_CONTEXT(2) 
PARAMETRIC_REPRESENTATION_CONTEXT() REPRESENTATION_CONTEXT('2D SPACE',''
  ) );
#7046 = ORIENTED_EDGE('',*,*,#7047,.T.);
#7047 = EDGE_CURVE('',#7019,#2640,#7048,.T.);
#7048 = SURFACE_CURVE('',#7049,(#7053,#7059),.PCURVE_S1.);
#7049 = LINE('',#7050,#7051);
#7050 = CARTESIAN_POINT('',(-49.25,1.535898384862,68.));
#7051 = VECTOR('',#7052,1.);
#7052 = DIRECTION('',(-1.,-0.,-0.));
#7053 = PCURVE('',#2627,#7054);
#7054 = DEFINITIONAL_REPRESENTATION('',(#7055),#7058);
#7055 = B_SPLINE_CURVE_WITH_KNOTS('',1,(#7056,#7057),.UNSPECIFIED.,.F.,
  .F.,(2,2),(-18.25,-0.25),.PIECEWISE_BEZIER_KNOTS.);
#7056 = CARTESIAN_POINT('',(9.,1.535898384862));
#7057 = CARTESIAN_POINT('',(-9.,1.535898384862));
#7058 = ( GEOMETRIC_REPRESENTATION_CONTEXT(2) 
PARAMETRIC_REPRESENTATION_CONTEXT() REPRESENTATION_CONTEXT('2D SPACE',''
  ) );
#7059 = PCURVE('',#2881,#7060);
#7060 = DEFINITIONAL_REPRESENTATION('',(#7061),#7064);
#7061 = B_SPLINE_CURVE_WITH_KNOTS('',1,(#7062,#7063),.UNSPECIFIED.,.F.,
  .F.,(2,2),(-18.25,-0.25),.PIECEWISE_BEZIER_KNOTS.);
#7062 = CARTESIAN_POINT('',(-3.665191429188,-18.25));
#7063 = CARTESIAN_POINT('',(-3.665191429188,-0.25));
#7064 = ( GEOMETRIC_REPRESENTATION_CONTEXT(2) 
PARAMETRIC_REPRESENTATION_CONTEXT() REPRESENTATION_CONTEXT('2D SPACE',''
  ) );
#7065 = ORIENTED_EDGE('',*,*,#3006,.F.);
#7066 = ORIENTED_EDGE('',*,*,#2610,.F.);
#7067 = ORIENTED_EDGE('',*,*,#7068,.T.);
#7068 = EDGE_CURVE('',#2611,#7017,#7069,.T.);
#7069 = SURFACE_CURVE('',#7070,(#7074,#7080),.PCURVE_S1.);
#7070 = LINE('',#7071,#7072);
#7071 = CARTESIAN_POINT('',(-49.25,1.535898384862,68.));
#7072 = VECTOR('',#7073,1.);
#7073 = DIRECTION('',(-1.,-0.,-0.));
#7074 = PCURVE('',#2627,#7075);
#7075 = DEFINITIONAL_REPRESENTATION('',(#7076),#7079);
#7076 = B_SPLINE_CURVE_WITH_KNOTS('',1,(#7077,#7078),.UNSPECIFIED.,.F.,
  .F.,(2,2),(-18.25,-0.25),.PIECEWISE_BEZIER_KNOTS.);
#7077 = CARTESIAN_POINT('',(9.,1.535898384862));
#7078 = CARTESIAN_POINT('',(-9.,1.535898384862));
#7079 = ( GEOMETRIC_REPRESENTATION_CONTEXT(2) 
PARAMETRIC_REPRESENTATION_CONTEXT() REPRESENTATION_CONTEXT('2D SPACE',''
  ) );
#7080 = PCURVE('',#2881,#7081);
#7081 = DEFINITIONAL_REPRESENTATION('',(#7082),#7085);
#7082 = B_SPLINE_CURVE_WITH_KNOTS('',1,(#7083,#7084),.UNSPECIFIED.,.F.,
  .F.,(2,2),(-18.25,-0.25),.PIECEWISE_BEZIER_KNOTS.);
#7083 = CARTESIAN_POINT('',(-3.665191429188,-18.25));
#7084 = CARTESIAN_POINT('',(-3.665191429188,-0.25));
#7085 = ( GEOMETRIC_REPRESENTATION_CONTEXT(2) 
PARAMETRIC_REPRESENTATION_CONTEXT() REPRESENTATION_CONTEXT('2D SPACE',''
  ) );
#7086 = ADVANCED_FACE('',(#7087,#8369),#2881,.F.);
#7087 = FACE_BOUND('',#7088,.T.);
#7088 = EDGE_LOOP('',(#7089,#7276,#7299,#7327,#7455,#7481,#7609,#7630,
    #7725,#7746,#8108,#8134,#8135,#8318,#8341,#8368));
#7089 = ORIENTED_EDGE('',*,*,#7090,.F.);
#7090 = EDGE_CURVE('',#7091,#7093,#7095,.T.);
#7091 = VERTEX_POINT('',#7092);
#7092 = CARTESIAN_POINT('',(3.,9.,70.));
#7093 = VERTEX_POINT('',#7094);
#7094 = CARTESIAN_POINT('',(-3.,9.,70.));
#7095 = SURFACE_CURVE('',#7096,(#7154,#7215),.PCURVE_S1.);
#7096 = B_SPLINE_CURVE_WITH_KNOTS('',6,(#7097,#7098,#7099,#7100,#7101,
    #7102,#7103,#7104,#7105,#7106,#7107,#7108,#7109,#7110,#7111,#7112,
    #7113,#7114,#7115,#7116,#7117,#7118,#7119,#7120,#7121,#7122,#7123,
    #7124,#7125,#7126,#7127,#7128,#7129,#7130,#7131,#7132,#7133,#7134,
    #7135,#7136,#7137,#7138,#7139,#7140,#7141,#7142,#7143,#7144,#7145,
    #7146,#7147,#7148,#7149,#7150,#7151,#7152,#7153),.UNSPECIFIED.,.F.,
  .F.,(7,5,5,5,5,5,5,5,5,5,5,7),(0.,0.108556940615,0.156628512905,
    0.284948558137,0.405282423535,0.50052120125,0.562504741041,
    0.596361735233,0.71582284253,0.8438344209,0.895009516734,1.),
  .UNSPECIFIED.);
#7097 = CARTESIAN_POINT('',(3.,9.,70.));
#7098 = CARTESIAN_POINT('',(3.,9.,70.214450991977));
#7099 = CARTESIAN_POINT('',(2.981604055115,8.98620273363,70.426724198975
    ));
#7100 = CARTESIAN_POINT('',(2.945514363411,8.959136947517,70.63355791245
    ));
#7101 = CARTESIAN_POINT('',(2.893433725543,8.920350256124,
    70.831805612728));
#7102 = CARTESIAN_POINT('',(2.828061600843,8.872369614791,
    71.018596330603));
#7103 = CARTESIAN_POINT('',(2.72014168177,8.794554528121,71.267984549119
    ));
#7104 = CARTESIAN_POINT('',(2.684993275111,8.769376430184,
    71.342202246785));
#7105 = CARTESIAN_POINT('',(2.647991504721,8.74307025122,71.414115109712
    ));
#7106 = CARTESIAN_POINT('',(2.60929344082,8.715792814497,71.483748364288
    ));
#7107 = CARTESIAN_POINT('',(2.569040376199,8.687690333306,
    71.551134118469));
#7108 = CARTESIAN_POINT('',(2.416092343447,8.582042577024,
    71.790292498915));
#7109 = CARTESIAN_POINT('',(2.294530596449,8.500197712557,
    71.948708987869));
#7110 = CARTESIAN_POINT('',(2.164826052998,8.41578843627,72.092544441303
    ));
#7111 = CARTESIAN_POINT('',(2.028239037429,8.330673200712,
    72.222898186401));
#7112 = CARTESIAN_POINT('',(1.885347210997,8.246379238001,
    72.340710852675));
#7113 = CARTESIAN_POINT('',(1.596272661772,8.087783428404,
    72.545847513904));
#7114 = CARTESIAN_POINT('',(1.450818352719,8.013169454148,
    72.634634038628));
#7115 = CARTESIAN_POINT('',(1.300158255274,7.942228453388,
    72.713164248783));
#7116 = CARTESIAN_POINT('',(1.144535981521,7.876658685435,
    72.781413931371));
#7117 = CARTESIAN_POINT('',(0.984058257012,7.818405878707,
    72.839221491745));
#7118 = CARTESIAN_POINT('',(0.687797227326,7.730829678087,
    72.923259256711));
#7119 = CARTESIAN_POINT('',(0.553547236335,7.697919106839,
    72.953644658815));
#7120 = CARTESIAN_POINT('',(0.416947449662,7.672165410264,
    72.976705200923));
#7121 = CARTESIAN_POINT('',(0.278762405651,7.654589726621,
    72.992205181416));
#7122 = CARTESIAN_POINT('',(0.139596922711,7.645751311065,73.));
#7123 = CARTESIAN_POINT('',(-9.085281879165E-02,7.645751311065,73.));
#7124 = CARTESIAN_POINT('',(-0.181640683752,7.649494599565,
    72.996698232049));
#7125 = CARTESIAN_POINT('',(-0.272161476183,7.656973469547,
    72.99010389506));
#7126 = CARTESIAN_POINT('',(-0.362190456221,7.668077985026,
    72.980246906937));
#7127 = CARTESIAN_POINT('',(-0.451479762851,7.682601783526,
    72.967190550492));
#7128 = CARTESIAN_POINT('',(-0.587977697076,7.709886626824,
    72.942224525841));
#7129 = CARTESIAN_POINT('',(-0.635911815626,7.720460370292,
    72.932480215144));
#7130 = CARTESIAN_POINT('',(-0.683544040111,7.731927652722,
    72.921822267974));
#7131 = CARTESIAN_POINT('',(-0.730855644193,7.744243560344,
    72.910262988554));
#7132 = CARTESIAN_POINT('',(-0.777825404665,7.757359721862,
    72.89781590462));
#7133 = CARTESIAN_POINT('',(-0.988867971846,7.820144152201,
    72.837496960313));
#7134 = CARTESIAN_POINT('',(-1.148451978949,7.87829283471,
    72.779717378246));
#7135 = CARTESIAN_POINT('',(-1.303221627448,7.943650286204,
    72.711601649434));
#7136 = CARTESIAN_POINT('',(-1.453073098223,8.014302731542,
    72.633306971045));
#7137 = CARTESIAN_POINT('',(-1.597768684021,8.088579848663,
    72.544853664812));
#7138 = CARTESIAN_POINT('',(-1.886118208457,8.246828466307,
    72.340090698318));
#7139 = CARTESIAN_POINT('',(-2.028983484841,8.331128642005,
    72.222220890962));
#7140 = CARTESIAN_POINT('',(-2.165541450141,8.416243877826,
    72.091807701283));
#7141 = CARTESIAN_POINT('',(-2.29521406635,8.50064737683,71.947908833838
    ));
#7142 = CARTESIAN_POINT('',(-2.416739639694,8.582480115279,
    71.789423338894));
#7143 = CARTESIAN_POINT('',(-2.572425444228,8.690032409863,
    71.545783322554));
#7144 = CARTESIAN_POINT('',(-2.615261640083,8.719963794033,
    71.473681613836));
#7145 = CARTESIAN_POINT('',(-2.656316116941,8.748943984091,
    71.399015775236));
#7146 = CARTESIAN_POINT('',(-2.6954145501,8.776793358222,71.321749268145
    ));
#7147 = CARTESIAN_POINT('',(-2.732362628174,8.803318853272,
    71.241854784436));
#7148 = CARTESIAN_POINT('',(-2.837896417991,8.879594275559,
    70.989976463465));
#7149 = CARTESIAN_POINT('',(-2.899690538502,8.925010397273,
    70.807600453437));
#7150 = CARTESIAN_POINT('',(-2.948789225396,8.961592822439,
    70.614578235208));
#7151 = CARTESIAN_POINT('',(-2.982734017917,8.987050280212,
    70.413641546385));
#7152 = CARTESIAN_POINT('',(-3.,9.,70.207760384997));
#7153 = CARTESIAN_POINT('',(-3.,9.,70.));
#7154 = PCURVE('',#2881,#7155);
#7155 = DEFINITIONAL_REPRESENTATION('',(#7156),#7214);
#7156 = B_SPLINE_CURVE_WITH_KNOTS('',6,(#7157,#7158,#7159,#7160,#7161,
    #7162,#7163,#7164,#7165,#7166,#7167,#7168,#7169,#7170,#7171,#7172,
    #7173,#7174,#7175,#7176,#7177,#7178,#7179,#7180,#7181,#7182,#7183,
    #7184,#7185,#7186,#7187,#7188,#7189,#7190,#7191,#7192,#7193,#7194,
    #7195,#7196,#7197,#7198,#7199,#7200,#7201,#7202,#7203,#7204,#7205,
    #7206,#7207,#7208,#7209,#7210,#7211,#7212,#7213),.UNSPECIFIED.,.F.,
  .F.,(7,5,5,5,5,5,5,5,5,5,5,7),(0.,0.108556940615,0.156628512905,
    0.284948558137,0.405282423535,0.50052120125,0.562504741041,
    0.596361735233,0.71582284253,0.8438344209,0.895009516734,1.),
  .UNSPECIFIED.);
#7157 = CARTESIAN_POINT('',(0.,-52.25));
#7158 = CARTESIAN_POINT('',(-5.361274799421E-02,-52.25));
#7159 = CARTESIAN_POINT('',(-0.106681152315,-52.23160405511));
#7160 = CARTESIAN_POINT('',(-0.158666482633,-52.19551436341));
#7161 = CARTESIAN_POINT('',(-0.209033550917,-52.14343372554));
#7162 = CARTESIAN_POINT('',(-0.25718455985,-52.07806160084));
#7163 = CARTESIAN_POINT('',(-0.322496154938,-51.97014168177));
#7164 = CARTESIAN_POINT('',(-0.342083381423,-51.93499327511));
#7165 = CARTESIAN_POINT('',(-0.36121883781,-51.89799150472));
#7166 = CARTESIAN_POINT('',(-0.379908277985,-51.85929344082));
#7167 = CARTESIAN_POINT('',(-0.398157126343,-51.81904037619));
#7168 = CARTESIAN_POINT('',(-0.463520619281,-51.66609234344));
#7169 = CARTESIAN_POINT('',(-0.508015425719,-51.54453059644));
#7170 = CARTESIAN_POINT('',(-0.54962830191,-51.41482605299));
#7171 = CARTESIAN_POINT('',(-0.588492469563,-51.27823903742));
#7172 = CARTESIAN_POINT('',(-0.624683333584,-51.13534721099));
#7173 = CARTESIAN_POINT('',(-0.689506979252,-50.84627266177));
#7174 = CARTESIAN_POINT('',(-0.718476819502,-50.70081835271));
#7175 = CARTESIAN_POINT('',(-0.744911743304,-50.55015825527));
#7176 = CARTESIAN_POINT('',(-0.768561668276,-50.39453598152));
#7177 = CARTESIAN_POINT('',(-0.789075739685,-50.23405825701));
#7178 = CARTESIAN_POINT('',(-0.819419537296,-49.93779722732));
#7179 = CARTESIAN_POINT('',(-0.830615577127,-49.80354723633));
#7180 = CARTESIAN_POINT('',(-0.839257301552,-49.66694744966));
#7181 = CARTESIAN_POINT('',(-0.845115960987,-49.52876240565));
#7182 = CARTESIAN_POINT('',(-0.848062078981,-49.38959692271));
#7183 = CARTESIAN_POINT('',(-0.848062078981,-49.1591471812));
#7184 = CARTESIAN_POINT('',(-0.846814244595,-49.06835931624));
#7185 = CARTESIAN_POINT('',(-0.84432148779,-48.97783852381));
#7186 = CARTESIAN_POINT('',(-0.84060948671,-48.88780954377));
#7187 = CARTESIAN_POINT('',(-0.835727241633,-48.79852023714));
#7188 = CARTESIAN_POINT('',(-0.826481414666,-48.66202230292));
#7189 = CARTESIAN_POINT('',(-0.82288668109,-48.61408818437));
#7190 = CARTESIAN_POINT('',(-0.818972902602,-48.56645595988));
#7191 = CARTESIAN_POINT('',(-0.814750300557,-48.5191443558));
#7192 = CARTESIAN_POINT('',(-0.81022984525,-48.47217459533));
#7193 = CARTESIAN_POINT('',(-0.788463673482,-48.26113202815));
#7194 = CARTESIAN_POINT('',(-0.767973020674,-48.10154802105));
#7195 = CARTESIAN_POINT('',(-0.744383972737,-47.94677837255));
#7196 = CARTESIAN_POINT('',(-0.718040848193,-47.79692690177));
#7197 = CARTESIAN_POINT('',(-0.689188631599,-47.65223131597));
#7198 = CARTESIAN_POINT('',(-0.624491984935,-47.36388179154));
#7199 = CARTESIAN_POINT('',(-0.588288628869,-47.22101651515));
#7200 = CARTESIAN_POINT('',(-0.54941207287,-47.08445854985));
#7201 = CARTESIAN_POINT('',(-0.507786321664,-46.95478593365));
#7202 = CARTESIAN_POINT('',(-0.463277660474,-46.8332603603));
#7203 = CARTESIAN_POINT('',(-0.39669690423,-46.67757455577));
#7204 = CARTESIAN_POINT('',(-0.377184840075,-46.63473835991));
#7205 = CARTESIAN_POINT('',(-0.357169988387,-46.59368388305));
#7206 = CARTESIAN_POINT('',(-0.336646539713,-46.5545854499));
#7207 = CARTESIAN_POINT('',(-0.315608250836,-46.51763737182));
#7208 = CARTESIAN_POINT('',(-0.249814715525,-46.412103582));
#7209 = CARTESIAN_POINT('',(-0.202886874244,-46.35030946149));
#7210 = CARTESIAN_POINT('',(-0.153896459429,-46.3012107746));
#7211 = CARTESIAN_POINT('',(-0.103410472056,-46.26726598208));
#7212 = CARTESIAN_POINT('',(-5.194009624919E-02,-46.25));
#7213 = CARTESIAN_POINT('',(0.,-46.25));
#7214 = ( GEOMETRIC_REPRESENTATION_CONTEXT(2) 
PARAMETRIC_REPRESENTATION_CONTEXT() REPRESENTATION_CONTEXT('2D SPACE',''
  ) );
#7215 = PCURVE('',#4656,#7216);
#7216 = DEFINITIONAL_REPRESENTATION('',(#7217),#7275);
#7217 = B_SPLINE_CURVE_WITH_KNOTS('',6,(#7218,#7219,#7220,#7221,#7222,
    #7223,#7224,#7225,#7226,#7227,#7228,#7229,#7230,#7231,#7232,#7233,
    #7234,#7235,#7236,#7237,#7238,#7239,#7240,#7241,#7242,#7243,#7244,
    #7245,#7246,#7247,#7248,#7249,#7250,#7251,#7252,#7253,#7254,#7255,
    #7256,#7257,#7258,#7259,#7260,#7261,#7262,#7263,#7264,#7265,#7266,
    #7267,#7268,#7269,#7270,#7271,#7272,#7273,#7274),.UNSPECIFIED.,.F.,
  .F.,(7,5,5,5,5,5,5,5,5,5,5,7),(0.,0.108556940615,0.156628512905,
    0.284948558137,0.405282423535,0.50052120125,0.562504741041,
    0.596361735233,0.71582284253,0.8438344209,0.895009516734,1.),
  .UNSPECIFIED.);
#7218 = CARTESIAN_POINT('',(0.,-22.));
#7219 = CARTESIAN_POINT('',(-7.148366399228E-02,-22.));
#7220 = CARTESIAN_POINT('',(-0.142241375121,-22.01379726637));
#7221 = CARTESIAN_POINT('',(-0.21184361096,-22.04086305248));
#7222 = CARTESIAN_POINT('',(-0.27983118352,-22.07964974387));
#7223 = CARTESIAN_POINT('',(-0.345627976552,-22.1276303852));
#7224 = CARTESIAN_POINT('',(-0.436207096336,-22.20544547187));
#7225 = CARTESIAN_POINT('',(-0.463564926833,-22.23062356981));
#7226 = CARTESIAN_POINT('',(-0.490501194668,-22.25692974878));
#7227 = CARTESIAN_POINT('',(-0.517035873975,-22.2842071855));
#7228 = CARTESIAN_POINT('',(-0.543188254812,-22.31230966669));
#7229 = CARTESIAN_POINT('',(-0.637816082326,-22.41795742297));
#7230 = CARTESIAN_POINT('',(-0.704133653488,-22.49980228744));
#7231 = CARTESIAN_POINT('',(-0.768405300403,-22.58421156373));
#7232 = CARTESIAN_POINT('',(-0.83108903774,-22.66932679928));
#7233 = CARTESIAN_POINT('',(-0.892660027522,-22.75362076199));
#7234 = CARTESIAN_POINT('',(-1.010814890492,-22.91221657159));
#7235 = CARTESIAN_POINT('',(-1.067483109293,-22.98683054585));
#7236 = CARTESIAN_POINT('',(-1.123923794722,-23.05777154661));
#7237 = CARTESIAN_POINT('',(-1.180375291894,-23.12334131456));
#7238 = CARTESIAN_POINT('',(-1.237096082456,-23.18159412129));
#7239 = CARTESIAN_POINT('',(-1.339745942363,-23.26917032191));
#7240 = CARTESIAN_POINT('',(-1.385561349232,-23.30208089316));
#7241 = CARTESIAN_POINT('',(-1.43163223071,-23.32783458973));
#7242 = CARTESIAN_POINT('',(-1.477875591288,-23.34541027337));
#7243 = CARTESIAN_POINT('',(-1.524264019224,-23.35424868893));
#7244 = CARTESIAN_POINT('',(-1.601080599725,-23.35424868893));
#7245 = CARTESIAN_POINT('',(-1.631343256852,-23.35050540043));
#7246 = CARTESIAN_POINT('',(-1.661566751728,-23.34302653045));
#7247 = CARTESIAN_POINT('',(-1.691726127681,-23.33192201497));
#7248 = CARTESIAN_POINT('',(-1.721786534209,-23.31739821647));
#7249 = CARTESIAN_POINT('',(-1.768040649262,-23.29011337317));
#7250 = CARTESIAN_POINT('',(-1.784342343212,-23.2795396297));
#7251 = CARTESIAN_POINT('',(-1.800607697146,-23.26807234727));
#7252 = CARTESIAN_POINT('',(-1.816837505594,-23.25575643965));
#7253 = CARTESIAN_POINT('',(-1.833031485702,-23.24264027813));
#7254 = CARTESIAN_POINT('',(-1.906195942924,-23.17985584779));
#7255 = CARTESIAN_POINT('',(-1.962635464238,-23.12170716529));
#7256 = CARTESIAN_POINT('',(-2.018811576128,-23.05634971379));
#7257 = CARTESIAN_POINT('',(-2.074979738641,-22.98569726845));
#7258 = CARTESIAN_POINT('',(-2.131376161996,-22.91142015133));
#7259 = CARTESIAN_POINT('',(-2.249261850832,-22.75317153369));
#7260 = CARTESIAN_POINT('',(-2.310838102015,-22.66887135799));
#7261 = CARTESIAN_POINT('',(-2.373528441306,-22.58375612217));
#7262 = CARTESIAN_POINT('',(-2.437808565909,-22.49935262317));
#7263 = CARTESIAN_POINT('',(-2.504136889865,-22.41751988472));
#7264 = CARTESIAN_POINT('',(-2.600514922917,-22.30996759013));
#7265 = CARTESIAN_POINT('',(-2.628455639055,-22.28003620596));
#7266 = CARTESIAN_POINT('',(-2.656834357706,-22.2510560159));
#7267 = CARTESIAN_POINT('',(-2.685673184581,-22.22320664177));
#7268 = CARTESIAN_POINT('',(-2.714995210995,-22.19668114672));
#7269 = CARTESIAN_POINT('',(-2.806026383537,-22.12040572444));
#7270 = CARTESIAN_POINT('',(-2.870055626134,-22.07498960272));
#7271 = CARTESIAN_POINT('',(-2.936135267799,-22.03840717756));
#7272 = CARTESIAN_POINT('',(-3.003712157523,-22.01294971978));
#7273 = CARTESIAN_POINT('',(-3.072339191924,-22.));
#7274 = CARTESIAN_POINT('',(-3.14159265359,-22.));
#7275 = ( GEOMETRIC_REPRESENTATION_CONTEXT(2) 
PARAMETRIC_REPRESENTATION_CONTEXT() REPRESENTATION_CONTEXT('2D SPACE',''
  ) );
#7276 = ORIENTED_EDGE('',*,*,#7277,.T.);
#7277 = EDGE_CURVE('',#7091,#7278,#7280,.T.);
#7278 = VERTEX_POINT('',#7279);
#7279 = CARTESIAN_POINT('',(46.,9.,70.));
#7280 = SEAM_CURVE('',#7281,(#7285,#7292),.PCURVE_S1.);
#7281 = LINE('',#7282,#7283);
#7282 = CARTESIAN_POINT('',(-49.25,9.,70.));
#7283 = VECTOR('',#7284,1.);
#7284 = DIRECTION('',(1.,0.,0.));
#7285 = PCURVE('',#2881,#7286);
#7286 = DEFINITIONAL_REPRESENTATION('',(#7287),#7291);
#7287 = LINE('',#7288,#7289);
#7288 = CARTESIAN_POINT('',(-6.28318530718,0.));
#7289 = VECTOR('',#7290,1.);
#7290 = DIRECTION('',(-0.,-1.));
#7291 = ( GEOMETRIC_REPRESENTATION_CONTEXT(2) 
PARAMETRIC_REPRESENTATION_CONTEXT() REPRESENTATION_CONTEXT('2D SPACE',''
  ) );
#7292 = PCURVE('',#2881,#7293);
#7293 = DEFINITIONAL_REPRESENTATION('',(#7294),#7298);
#7294 = LINE('',#7295,#7296);
#7295 = CARTESIAN_POINT('',(-0.,0.));
#7296 = VECTOR('',#7297,1.);
#7297 = DIRECTION('',(-0.,-1.));
#7298 = ( GEOMETRIC_REPRESENTATION_CONTEXT(2) 
PARAMETRIC_REPRESENTATION_CONTEXT() REPRESENTATION_CONTEXT('2D SPACE',''
  ) );
#7299 = ORIENTED_EDGE('',*,*,#7300,.F.);
#7300 = EDGE_CURVE('',#7301,#7278,#7303,.T.);
#7301 = VERTEX_POINT('',#7302);
#7302 = CARTESIAN_POINT('',(46.,6.368869618564,73.758483217201));
#7303 = SURFACE_CURVE('',#7304,(#7309,#7316),.PCURVE_S1.);
#7304 = CIRCLE('',#7305,4.);
#7305 = AXIS2_PLACEMENT_3D('',#7306,#7307,#7308);
#7306 = CARTESIAN_POINT('',(46.,5.,70.));
#7307 = DIRECTION('',(-1.,0.,0.));
#7308 = DIRECTION('',(0.,1.,0.));
#7309 = PCURVE('',#2881,#7310);
#7310 = DEFINITIONAL_REPRESENTATION('',(#7311),#7315);
#7311 = LINE('',#7312,#7313);
#7312 = CARTESIAN_POINT('',(-6.28318530718,-95.25));
#7313 = VECTOR('',#7314,1.);
#7314 = DIRECTION('',(1.,-0.));
#7315 = ( GEOMETRIC_REPRESENTATION_CONTEXT(2) 
PARAMETRIC_REPRESENTATION_CONTEXT() REPRESENTATION_CONTEXT('2D SPACE',''
  ) );
#7316 = PCURVE('',#4006,#7317);
#7317 = DEFINITIONAL_REPRESENTATION('',(#7318),#7326);
#7318 = ( BOUNDED_CURVE() B_SPLINE_CURVE(2,(#7319,#7320,#7321,#7322,
#7323,#7324,#7325),.UNSPECIFIED.,.T.,.F.) B_SPLINE_CURVE_WITH_KNOTS((1,2
    ,2,2,2,1),(-2.094395102393,0.,2.094395102393,4.188790204786,
6.28318530718,8.377580409573),.UNSPECIFIED.) CURVE() 
GEOMETRIC_REPRESENTATION_ITEM() RATIONAL_B_SPLINE_CURVE((1.,0.5,1.,0.5,
1.,0.5,1.)) REPRESENTATION_ITEM('') );
#7319 = CARTESIAN_POINT('',(0.,-4.));
#7320 = CARTESIAN_POINT('',(-6.928203230276,-4.));
#7321 = CARTESIAN_POINT('',(-3.464101615138,2.));
#7322 = CARTESIAN_POINT('',(-9.797174393179E-16,8.));
#7323 = CARTESIAN_POINT('',(3.464101615138,2.));
#7324 = CARTESIAN_POINT('',(6.928203230276,-4.));
#7325 = CARTESIAN_POINT('',(0.,-4.));
#7326 = ( GEOMETRIC_REPRESENTATION_CONTEXT(2) 
PARAMETRIC_REPRESENTATION_CONTEXT() REPRESENTATION_CONTEXT('2D SPACE',''
  ) );
#7327 = ORIENTED_EDGE('',*,*,#7328,.F.);
#7328 = EDGE_CURVE('',#7329,#7301,#7331,.T.);
#7329 = VERTEX_POINT('',#7330);
#7330 = CARTESIAN_POINT('',(44.254995521661,7.645751311065,73.));
#7331 = SURFACE_CURVE('',#7332,(#7371,#7413),.PCURVE_S1.);
#7332 = B_SPLINE_CURVE_WITH_KNOTS('',7,(#7333,#7334,#7335,#7336,#7337,
    #7338,#7339,#7340,#7341,#7342,#7343,#7344,#7345,#7346,#7347,#7348,
    #7349,#7350,#7351,#7352,#7353,#7354,#7355,#7356,#7357,#7358,#7359,
    #7360,#7361,#7362,#7363,#7364,#7365,#7366,#7367,#7368,#7369,#7370),
  .UNSPECIFIED.,.F.,.F.,(8,6,6,6,6,6,8),(0.,0.501439501154,
    0.620397409786,0.683017536429,0.809504660392,0.934227871912,1.),
  .UNSPECIFIED.);
#7333 = CARTESIAN_POINT('',(44.254994299173,7.6457519914,72.9999994));
#7334 = CARTESIAN_POINT('',(44.636476428859,7.433450534477,
    73.187231771591));
#7335 = CARTESIAN_POINT('',(45.011708896075,7.195543139208,
    73.365884711533));
#7336 = CARTESIAN_POINT('',(45.383458424646,6.928814735399,
    73.53343933293));
#7337 = CARTESIAN_POINT('',(45.751389605407,6.629609972553,
    73.685702543177));
#7338 = CARTESIAN_POINT('',(46.113022041588,6.294660657299,
    73.815889677265));
#7339 = CARTESIAN_POINT('',(46.463639630138,5.921479931361,
    73.914417176109));
#7340 = CARTESIAN_POINT('',(46.875977430654,5.41287318245,
    73.979849722271));
#7341 = CARTESIAN_POINT('',(46.954095479238,5.313179721216,
    73.989832265362));
#7342 = CARTESIAN_POINT('',(47.031125421688,5.211387003987,
    73.997051662253));
#7343 = CARTESIAN_POINT('',(47.10693004136,5.107576573765,
    74.001306240296));
#7344 = CARTESIAN_POINT('',(47.181378071981,5.001840799325,
    74.002391497295));
#7345 = CARTESIAN_POINT('',(47.254344793422,4.894283720131,
    74.000099598553));
#7346 = CARTESIAN_POINT('',(47.36328106539,4.72750583671,73.991123226679
    ));
#7347 = CARTESIAN_POINT('',(47.40039912268,4.669528579067,
    73.987033708555));
#7348 = CARTESIAN_POINT('',(47.437039103805,4.611124165417,73.9819210024
    ));
#7349 = CARTESIAN_POINT('',(47.473175295124,4.55232735408,
    73.975757233837));
#7350 = CARTESIAN_POINT('',(47.508783964882,4.493173614605,
    73.968515971258));
#7351 = CARTESIAN_POINT('',(47.543843363215,4.433699127771,
    73.960172225825));
#7352 = CARTESIAN_POINT('',(47.648001200306,4.253234213418,
    73.931574343829));
#7353 = CARTESIAN_POINT('',(47.71538946684,4.131296012706,
    73.907840401399));
#7354 = CARTESIAN_POINT('',(47.780233423651,4.008594168602,
    73.879322986078));
#7355 = CARTESIAN_POINT('',(47.842328638876,3.885604165542,
    73.845903741565));
#7356 = CARTESIAN_POINT('',(47.901527183641,3.762803448198,
    73.807525944981));
#7357 = CARTESIAN_POINT('',(47.957733468812,3.640665882418,
    73.764196858495));
#7358 = CARTESIAN_POINT('',(48.063325265484,3.400334077082,
    73.668455565775));
#7359 = CARTESIAN_POINT('',(48.112742029045,3.282229056352,
    73.616226421571));
#7360 = CARTESIAN_POINT('',(48.159116733203,3.165778256012,
    73.559388788404));
#7361 = CARTESIAN_POINT('',(48.202459256815,3.051410286837,
    73.498091347954));
#7362 = CARTESIAN_POINT('',(48.242817036854,2.939538142754,
    73.432547560958));
#7363 = CARTESIAN_POINT('',(48.280269108439,2.830552075257,
    73.363037904665));
#7364 = CARTESIAN_POINT('',(48.33319318623,2.669051243265,
    73.251349608119));
#7365 = CARTESIAN_POINT('',(48.350692065049,2.614177861739,
    73.211771208861));
#7366 = CARTESIAN_POINT('',(48.367438134663,2.560225987789,
    73.171213227476));
#7367 = CARTESIAN_POINT('',(48.38345320703,2.50722760453,73.129714482356
    ));
#7368 = CARTESIAN_POINT('',(48.398759552705,2.455213013649,
    73.087316295327));
#7369 = CARTESIAN_POINT('',(48.413379900842,2.404210835399,
    73.044062491646));
#7370 = CARTESIAN_POINT('',(48.427337439192,2.3542480086,72.9999994));
#7371 = PCURVE('',#2881,#7372);
#7372 = DEFINITIONAL_REPRESENTATION('',(#7373),#7412);
#7373 = B_SPLINE_CURVE_WITH_KNOTS('',7,(#7374,#7375,#7376,#7377,#7378,
    #7379,#7380,#7381,#7382,#7383,#7384,#7385,#7386,#7387,#7388,#7389,
    #7390,#7391,#7392,#7393,#7394,#7395,#7396,#7397,#7398,#7399,#7400,
    #7401,#7402,#7403,#7404,#7405,#7406,#7407,#7408,#7409,#7410,#7411),
  .UNSPECIFIED.,.F.,.F.,(8,6,6,6,6,6,8),(0.,0.501439501154,
    0.620397409786,0.683017536429,0.809504660392,0.934227871912,1.),
  .UNSPECIFIED.);
#7374 = CARTESIAN_POINT('',(-0.848061852203,-93.50499429917));
#7375 = CARTESIAN_POINT('',(-0.918829018664,-93.88647642885));
#7376 = CARTESIAN_POINT('',(-0.992978152419,-94.26170889607));
#7377 = CARTESIAN_POINT('',(-1.07127777755,-94.63345842464));
#7378 = CARTESIAN_POINT('',(-1.154535589328,-95.0013896054));
#7379 = CARTESIAN_POINT('',(-1.243554176474,-95.36302204158));
#7380 = CARTESIAN_POINT('',(-1.339230542214,-95.71363963013));
#7381 = CARTESIAN_POINT('',(-1.467430152962,-96.12597743065));
#7382 = CARTESIAN_POINT('',(-1.492468222586,-96.20409547923));
#7383 = CARTESIAN_POINT('',(-1.517962959027,-96.28112542168));
#7384 = CARTESIAN_POINT('',(-1.54391598441,-96.35693004136));
#7385 = CARTESIAN_POINT('',(-1.57033055552,-96.43137807198));
#7386 = CARTESIAN_POINT('',(-1.597211768065,-96.50434479342));
#7387 = CARTESIAN_POINT('',(-1.638966586387,-96.61328106539));
#7388 = CARTESIAN_POINT('',(-1.653494892113,-96.65039912268));
#7389 = CARTESIAN_POINT('',(-1.668148467268,-96.6870391038));
#7390 = CARTESIAN_POINT('',(-1.682924273992,-96.72317529512));
#7391 = CARTESIAN_POINT('',(-1.697819447427,-96.75878396488));
#7392 = CARTESIAN_POINT('',(-1.712831295713,-96.79384336321));
#7393 = CARTESIAN_POINT('',(-1.758510492405,-96.8980012003));
#7394 = CARTESIAN_POINT('',(-1.789548052224,-96.96538946684));
#7395 = CARTESIAN_POINT('',(-1.821007830394,-97.03023342365));
#7396 = CARTESIAN_POINT('',(-1.852830438531,-97.09232863887));
#7397 = CARTESIAN_POINT('',(-1.88495806281,-97.15152718364));
#7398 = CARTESIAN_POINT('',(-1.917333277834,-97.20773346881));
#7399 = CARTESIAN_POINT('',(-1.982008317353,-97.31332526548));
#7400 = CARTESIAN_POINT('',(-2.014270489309,-97.36274202904));
#7401 = CARTESIAN_POINT('',(-2.046628831028,-97.4091167332));
#7402 = CARTESIAN_POINT('',(-2.079026578808,-97.45245925681));
#7403 = CARTESIAN_POINT('',(-2.111404241045,-97.49281703685));
#7404 = CARTESIAN_POINT('',(-2.143698088669,-97.53026910843));
#7405 = CARTESIAN_POINT('',(-2.192787798843,-97.58319318623));
#7406 = CARTESIAN_POINT('',(-2.209698823965,-97.60069206504));
#7407 = CARTESIAN_POINT('',(-2.226567659066,-97.61743813466));
#7408 = CARTESIAN_POINT('',(-2.243389983397,-97.63345320703));
#7409 = CARTESIAN_POINT('',(-2.26016121735,-97.6487595527));
#7410 = CARTESIAN_POINT('',(-2.276876522456,-97.66337990084));
#7411 = CARTESIAN_POINT('',(-2.293530801387,-97.67733743919));
#7412 = ( GEOMETRIC_REPRESENTATION_CONTEXT(2) 
PARAMETRIC_REPRESENTATION_CONTEXT() REPRESENTATION_CONTEXT('2D SPACE',''
  ) );
#7413 = PCURVE('',#4362,#7414);
#7414 = DEFINITIONAL_REPRESENTATION('',(#7415),#7454);
#7415 = B_SPLINE_CURVE_WITH_KNOTS('',7,(#7416,#7417,#7418,#7419,#7420,
    #7421,#7422,#7423,#7424,#7425,#7426,#7427,#7428,#7429,#7430,#7431,
    #7432,#7433,#7434,#7435,#7436,#7437,#7438,#7439,#7440,#7441,#7442,
    #7443,#7444,#7445,#7446,#7447,#7448,#7449,#7450,#7451,#7452,#7453),
  .UNSPECIFIED.,.F.,.F.,(8,6,6,6,6,6,8),(0.,0.501439501154,
    0.620397409786,0.683017536429,0.809504660392,0.934227871912,1.),
  .UNSPECIFIED.);
#7416 = CARTESIAN_POINT('',(1.062963100244,-18.0000006));
#7417 = CARTESIAN_POINT('',(1.013068448924,-17.8127682284));
#7418 = CARTESIAN_POINT('',(0.962374718304,-17.63411528846));
#7419 = CARTESIAN_POINT('',(0.910225016752,-17.46656066707));
#7420 = CARTESIAN_POINT('',(0.856213999266,-17.31429745682));
#7421 = CARTESIAN_POINT('',(0.800088762513,-17.18411032273));
#7422 = CARTESIAN_POINT('',(0.741724588809,-17.08558282389));
#7423 = CARTESIAN_POINT('',(0.6668955178,-17.02015027772));
#7424 = CARTESIAN_POINT('',(0.652422775229,-17.01016773463));
#7425 = CARTESIAN_POINT('',(0.637837162843,-17.00294833774));
#7426 = CARTESIAN_POINT('',(0.62315058605,-16.9986937597));
#7427 = CARTESIAN_POINT('',(0.608375200001,-16.9976085027));
#7428 = CARTESIAN_POINT('',(0.593523549694,-16.99990040144));
#7429 = CARTESIAN_POINT('',(0.57075745281,-17.00887677332));
#7430 = CARTESIAN_POINT('',(0.562890219844,-17.01296629144));
#7431 = CARTESIAN_POINT('',(0.555011196451,-17.0180789976));
#7432 = CARTESIAN_POINT('',(0.547124513532,-17.02424276616));
#7433 = CARTESIAN_POINT('',(0.539234247626,-17.03148402874));
#7434 = CARTESIAN_POINT('',(0.531344420907,-17.03982777417));
#7435 = CARTESIAN_POINT('',(0.507531149947,-17.06842565617));
#7436 = CARTESIAN_POINT('',(0.49161161104,-17.0921595986));
#7437 = CARTESIAN_POINT('',(0.475755205221,-17.12067701392));
#7438 = CARTESIAN_POINT('',(0.460014157299,-17.15409625843));
#7439 = CARTESIAN_POINT('',(0.444438226684,-17.19247405501));
#7440 = CARTESIAN_POINT('',(0.429074837917,-17.2358031415));
#7441 = CARTESIAN_POINT('',(0.399074238373,-17.33154443422));
#7442 = CARTESIAN_POINT('',(0.384444930752,-17.38377357842));
#7443 = CARTESIAN_POINT('',(0.370123114227,-17.44061121159));
#7444 = CARTESIAN_POINT('',(0.35614871855,-17.50190865204));
#7445 = CARTESIAN_POINT('',(0.342559421614,-17.56745243904));
#7446 = CARTESIAN_POINT('',(0.329390293729,-17.63696209533));
#7447 = CARTESIAN_POINT('',(0.30996727713,-17.74865039188));
#7448 = CARTESIAN_POINT('',(0.303385084543,-17.78822879113));
#7449 = CARTESIAN_POINT('',(0.29692927284,-17.82878677252));
#7450 = CARTESIAN_POINT('',(0.290602127729,-17.87028551764));
#7451 = CARTESIAN_POINT('',(0.284405811927,-17.91268370467));
#7452 = CARTESIAN_POINT('',(0.278342365159,-17.95593750835));
#7453 = CARTESIAN_POINT('',(0.272413704161,-18.0000006));
#7454 = ( GEOMETRIC_REPRESENTATION_CONTEXT(2) 
PARAMETRIC_REPRESENTATION_CONTEXT() REPRESENTATION_CONTEXT('2D SPACE',''
  ) );
#7455 = ORIENTED_EDGE('',*,*,#7456,.T.);
#7456 = EDGE_CURVE('',#7329,#7457,#7459,.T.);
#7457 = VERTEX_POINT('',#7458);
#7458 = CARTESIAN_POINT('',(35.745004478339,7.645751311065,73.));
#7459 = SURFACE_CURVE('',#7460,(#7464,#7470),.PCURVE_S1.);
#7460 = LINE('',#7461,#7462);
#7461 = CARTESIAN_POINT('',(-49.25,7.645751311065,73.));
#7462 = VECTOR('',#7463,1.);
#7463 = DIRECTION('',(-1.,-0.,-0.));
#7464 = PCURVE('',#2881,#7465);
#7465 = DEFINITIONAL_REPRESENTATION('',(#7466),#7469);
#7466 = B_SPLINE_CURVE_WITH_KNOTS('',1,(#7467,#7468),.UNSPECIFIED.,.F.,
  .F.,(2,2),(-99.75,-78.75),.PIECEWISE_BEZIER_KNOTS.);
#7467 = CARTESIAN_POINT('',(-0.848062078981,-99.75));
#7468 = CARTESIAN_POINT('',(-0.848062078981,-78.75));
#7469 = ( GEOMETRIC_REPRESENTATION_CONTEXT(2) 
PARAMETRIC_REPRESENTATION_CONTEXT() REPRESENTATION_CONTEXT('2D SPACE',''
  ) );
#7470 = PCURVE('',#7471,#7476);
#7471 = PLANE('',#7472);
#7472 = AXIS2_PLACEMENT_3D('',#7473,#7474,#7475);
#7473 = CARTESIAN_POINT('',(40.,5.8048458399E-16,73.));
#7474 = DIRECTION('',(0.,0.,1.));
#7475 = DIRECTION('',(1.,0.,-0.));
#7476 = DEFINITIONAL_REPRESENTATION('',(#7477),#7480);
#7477 = B_SPLINE_CURVE_WITH_KNOTS('',1,(#7478,#7479),.UNSPECIFIED.,.F.,
  .F.,(2,2),(-99.75,-78.75),.PIECEWISE_BEZIER_KNOTS.);
#7478 = CARTESIAN_POINT('',(10.5,7.645751311065));
#7479 = CARTESIAN_POINT('',(-10.5,7.645751311065));
#7480 = ( GEOMETRIC_REPRESENTATION_CONTEXT(2) 
PARAMETRIC_REPRESENTATION_CONTEXT() REPRESENTATION_CONTEXT('2D SPACE',''
  ) );
#7481 = ORIENTED_EDGE('',*,*,#7482,.T.);
#7482 = EDGE_CURVE('',#7457,#7483,#7485,.T.);
#7483 = VERTEX_POINT('',#7484);
#7484 = CARTESIAN_POINT('',(31.572662750866,2.354248688935,73.));
#7485 = SURFACE_CURVE('',#7486,(#7525,#7567),.PCURVE_S1.);
#7486 = B_SPLINE_CURVE_WITH_KNOTS('',7,(#7487,#7488,#7489,#7490,#7491,
    #7492,#7493,#7494,#7495,#7496,#7497,#7498,#7499,#7500,#7501,#7502,
    #7503,#7504,#7505,#7506,#7507,#7508,#7509,#7510,#7511,#7512,#7513,
    #7514,#7515,#7516,#7517,#7518,#7519,#7520,#7521,#7522,#7523,#7524),
  .UNSPECIFIED.,.F.,.F.,(8,6,6,6,6,6,8),(0.,0.501439453553,
    0.620397350885,0.68301748124,0.809504627225,0.93422786046,1.),
  .UNSPECIFIED.);
#7487 = CARTESIAN_POINT('',(35.745005700827,7.6457519914,72.9999994));
#7488 = CARTESIAN_POINT('',(35.363523571141,7.433450534477,
    73.187231771591));
#7489 = CARTESIAN_POINT('',(34.988291103926,7.195543139208,
    73.365884711533));
#7490 = CARTESIAN_POINT('',(34.616541575354,6.928814735398,
    73.53343933293));
#7491 = CARTESIAN_POINT('',(34.248610394593,6.629609972553,
    73.685702543177));
#7492 = CARTESIAN_POINT('',(33.886977958412,6.294660657299,
    73.815889677265));
#7493 = CARTESIAN_POINT('',(33.536360369862,5.921479931361,
    73.914417176109));
#7494 = CARTESIAN_POINT('',(33.12402256935,5.412873182455,73.97984972227
    ));
#7495 = CARTESIAN_POINT('',(33.045904520761,5.313179721216,
    73.989832265362));
#7496 = CARTESIAN_POINT('',(32.968874578308,5.211387003982,
    73.997051662253));
#7497 = CARTESIAN_POINT('',(32.893069958637,5.10757657376,
    74.001306240296));
#7498 = CARTESIAN_POINT('',(32.81862192802,5.001840799327,
    74.002391497295));
#7499 = CARTESIAN_POINT('',(32.745655206583,4.894283720139,
    74.000099598553));
#7500 = CARTESIAN_POINT('',(32.636718928812,4.727505827834,
    73.991123226201));
#7501 = CARTESIAN_POINT('',(32.599600875731,4.669528577032,
    73.987033708803));
#7502 = CARTESIAN_POINT('',(32.562960899499,4.611124171033,
    73.981921003202));
#7503 = CARTESIAN_POINT('',(32.526824708915,4.552327360502,
    73.975757234395));
#7504 = CARTESIAN_POINT('',(32.491216035365,4.493173614584,
    73.968515970896));
#7505 = CARTESIAN_POINT('',(32.456156632824,4.433699120908,
    73.960172224738));
#7506 = CARTESIAN_POINT('',(32.351998799694,4.253234213418,
    73.931574343829));
#7507 = CARTESIAN_POINT('',(32.28461053316,4.131296012706,
    73.907840401399));
#7508 = CARTESIAN_POINT('',(32.219766576349,4.008594168602,
    73.879322986078));
#7509 = CARTESIAN_POINT('',(32.157671361124,3.885604165542,
    73.845903741565));
#7510 = CARTESIAN_POINT('',(32.09847281636,3.762803448198,
    73.807525944981));
#7511 = CARTESIAN_POINT('',(32.042266531188,3.640665882418,
    73.764196858495));
#7512 = CARTESIAN_POINT('',(31.936674734516,3.400334077083,
    73.668455565775));
#7513 = CARTESIAN_POINT('',(31.887257970955,3.282229056352,
    73.616226421571));
#7514 = CARTESIAN_POINT('',(31.840883266797,3.165778256012,
    73.559388788404));
#7515 = CARTESIAN_POINT('',(31.797540743185,3.051410286837,
    73.498091347954));
#7516 = CARTESIAN_POINT('',(31.757182963146,2.939538142754,
    73.432547560958));
#7517 = CARTESIAN_POINT('',(31.719730891561,2.830552075257,
    73.363037904665));
#7518 = CARTESIAN_POINT('',(31.66680681377,2.669051243265,
    73.251349608119));
#7519 = CARTESIAN_POINT('',(31.649307934951,2.614177861739,
    73.211771208861));
#7520 = CARTESIAN_POINT('',(31.632561865337,2.560225987789,
    73.171213227476));
#7521 = CARTESIAN_POINT('',(31.61654679297,2.50722760453,73.129714482356
    ));
#7522 = CARTESIAN_POINT('',(31.601240447295,2.455213013649,
    73.087316295327));
#7523 = CARTESIAN_POINT('',(31.586620099158,2.404210835399,
    73.044062491646));
#7524 = CARTESIAN_POINT('',(31.572662560808,2.3542480086,72.9999994));
#7525 = PCURVE('',#2881,#7526);
#7526 = DEFINITIONAL_REPRESENTATION('',(#7527),#7566);
#7527 = B_SPLINE_CURVE_WITH_KNOTS('',7,(#7528,#7529,#7530,#7531,#7532,
    #7533,#7534,#7535,#7536,#7537,#7538,#7539,#7540,#7541,#7542,#7543,
    #7544,#7545,#7546,#7547,#7548,#7549,#7550,#7551,#7552,#7553,#7554,
    #7555,#7556,#7557,#7558,#7559,#7560,#7561,#7562,#7563,#7564,#7565),
  .UNSPECIFIED.,.F.,.F.,(8,6,6,6,6,6,8),(0.,0.501439453553,
    0.620397350885,0.68301748124,0.809504627225,0.93422786046,1.),
  .UNSPECIFIED.);
#7528 = CARTESIAN_POINT('',(-0.848061852203,-84.99500570082));
#7529 = CARTESIAN_POINT('',(-0.918829018664,-84.61352357114));
#7530 = CARTESIAN_POINT('',(-0.992978152419,-84.23829110392));
#7531 = CARTESIAN_POINT('',(-1.07127777755,-83.86654157535));
#7532 = CARTESIAN_POINT('',(-1.154535589328,-83.49861039459));
#7533 = CARTESIAN_POINT('',(-1.243554176474,-83.13697795841));
#7534 = CARTESIAN_POINT('',(-1.339230542214,-82.78636036986));
#7535 = CARTESIAN_POINT('',(-1.467430152961,-82.37402256935));
#7536 = CARTESIAN_POINT('',(-1.492468222586,-82.29590452076));
#7537 = CARTESIAN_POINT('',(-1.517962959028,-82.2188745783));
#7538 = CARTESIAN_POINT('',(-1.543915984412,-82.14306995863));
#7539 = CARTESIAN_POINT('',(-1.570330555519,-82.06862192802));
#7540 = CARTESIAN_POINT('',(-1.597211768063,-81.99565520658));
#7541 = CARTESIAN_POINT('',(-1.63896658861,-81.88671892881));
#7542 = CARTESIAN_POINT('',(-1.653494892613,-81.84960087573));
#7543 = CARTESIAN_POINT('',(-1.668148465849,-81.81296089949));
#7544 = CARTESIAN_POINT('',(-1.682924272379,-81.77682470891));
#7545 = CARTESIAN_POINT('',(-1.697819447442,-81.74121603536));
#7546 = CARTESIAN_POINT('',(-1.71283129745,-81.70615663282));
#7547 = CARTESIAN_POINT('',(-1.758510492405,-81.60199879969));
#7548 = CARTESIAN_POINT('',(-1.789548052224,-81.53461053316));
#7549 = CARTESIAN_POINT('',(-1.821007830394,-81.46976657634));
#7550 = CARTESIAN_POINT('',(-1.852830438531,-81.40767136112));
#7551 = CARTESIAN_POINT('',(-1.88495806281,-81.34847281636));
#7552 = CARTESIAN_POINT('',(-1.917333277834,-81.29226653118));
#7553 = CARTESIAN_POINT('',(-1.982008317353,-81.18667473451));
#7554 = CARTESIAN_POINT('',(-2.014270489309,-81.13725797095));
#7555 = CARTESIAN_POINT('',(-2.046628831028,-81.09088326679));
#7556 = CARTESIAN_POINT('',(-2.079026578808,-81.04754074318));
#7557 = CARTESIAN_POINT('',(-2.111404241045,-81.00718296314));
#7558 = CARTESIAN_POINT('',(-2.143698088669,-80.96973089156));
#7559 = CARTESIAN_POINT('',(-2.192787798843,-80.91680681377));
#7560 = CARTESIAN_POINT('',(-2.209698823965,-80.89930793495));
#7561 = CARTESIAN_POINT('',(-2.226567659066,-80.88256186533));
#7562 = CARTESIAN_POINT('',(-2.243389983397,-80.86654679297));
#7563 = CARTESIAN_POINT('',(-2.26016121735,-80.85124044729));
#7564 = CARTESIAN_POINT('',(-2.276876522456,-80.83662009915));
#7565 = CARTESIAN_POINT('',(-2.293530801387,-80.8226625608));
#7566 = ( GEOMETRIC_REPRESENTATION_CONTEXT(2) 
PARAMETRIC_REPRESENTATION_CONTEXT() REPRESENTATION_CONTEXT('2D SPACE',''
  ) );
#7567 = PCURVE('',#4362,#7568);
#7568 = DEFINITIONAL_REPRESENTATION('',(#7569),#7608);
#7569 = B_SPLINE_CURVE_WITH_KNOTS('',7,(#7570,#7571,#7572,#7573,#7574,
    #7575,#7576,#7577,#7578,#7579,#7580,#7581,#7582,#7583,#7584,#7585,
    #7586,#7587,#7588,#7589,#7590,#7591,#7592,#7593,#7594,#7595,#7596,
    #7597,#7598,#7599,#7600,#7601,#7602,#7603,#7604,#7605,#7606,#7607),
  .UNSPECIFIED.,.F.,.F.,(8,6,6,6,6,6,8),(0.,0.501439453553,
    0.620397350885,0.68301748124,0.809504627225,0.93422786046,1.),
  .UNSPECIFIED.);
#7570 = CARTESIAN_POINT('',(2.078629553346,-18.0000006));
#7571 = CARTESIAN_POINT('',(2.128524204665,-17.8127682284));
#7572 = CARTESIAN_POINT('',(2.179217935285,-17.63411528846));
#7573 = CARTESIAN_POINT('',(2.231367636838,-17.46656066707));
#7574 = CARTESIAN_POINT('',(2.285378654324,-17.31429745682));
#7575 = CARTESIAN_POINT('',(2.341503891077,-17.18411032273));
#7576 = CARTESIAN_POINT('',(2.399868064781,-17.08558282389));
#7577 = CARTESIAN_POINT('',(2.474697135789,-17.02015027773));
#7578 = CARTESIAN_POINT('',(2.48916987836,-17.01016773463));
#7579 = CARTESIAN_POINT('',(2.503755490748,-17.00294833774));
#7580 = CARTESIAN_POINT('',(2.51844206754,-16.9986937597));
#7581 = CARTESIAN_POINT('',(2.533217453588,-16.9976085027));
#7582 = CARTESIAN_POINT('',(2.548069103895,-16.99990040144));
#7583 = CARTESIAN_POINT('',(2.570835201992,-17.00887677379));
#7584 = CARTESIAN_POINT('',(2.578702434039,-17.01296629119));
#7585 = CARTESIAN_POINT('',(2.586581456394,-17.01807899679));
#7586 = CARTESIAN_POINT('',(2.594468139191,-17.0242427656));
#7587 = CARTESIAN_POINT('',(2.602358405951,-17.0314840291));
#7588 = CARTESIAN_POINT('',(2.610248233589,-17.03982777526));
#7589 = CARTESIAN_POINT('',(2.634061503643,-17.06842565617));
#7590 = CARTESIAN_POINT('',(2.649981042549,-17.0921595986));
#7591 = CARTESIAN_POINT('',(2.665837448369,-17.12067701392));
#7592 = CARTESIAN_POINT('',(2.681578496291,-17.15409625843));
#7593 = CARTESIAN_POINT('',(2.697154426906,-17.19247405501));
#7594 = CARTESIAN_POINT('',(2.712517815673,-17.2358031415));
#7595 = CARTESIAN_POINT('',(2.742518415216,-17.33154443422));
#7596 = CARTESIAN_POINT('',(2.757147722838,-17.38377357842));
#7597 = CARTESIAN_POINT('',(2.771469539362,-17.44061121159));
#7598 = CARTESIAN_POINT('',(2.78544393504,-17.50190865204));
#7599 = CARTESIAN_POINT('',(2.799033231976,-17.56745243904));
#7600 = CARTESIAN_POINT('',(2.812202359861,-17.63696209533));
#7601 = CARTESIAN_POINT('',(2.83162537646,-17.74865039188));
#7602 = CARTESIAN_POINT('',(2.838207569047,-17.78822879113));
#7603 = CARTESIAN_POINT('',(2.84466338075,-17.82878677252));
#7604 = CARTESIAN_POINT('',(2.850990525861,-17.87028551764));
#7605 = CARTESIAN_POINT('',(2.857186841663,-17.91268370467));
#7606 = CARTESIAN_POINT('',(2.86325028843,-17.95593750835));
#7607 = CARTESIAN_POINT('',(2.869178949429,-18.0000006));
#7608 = ( GEOMETRIC_REPRESENTATION_CONTEXT(2) 
PARAMETRIC_REPRESENTATION_CONTEXT() REPRESENTATION_CONTEXT('2D SPACE',''
  ) );
#7609 = ORIENTED_EDGE('',*,*,#7610,.F.);
#7610 = EDGE_CURVE('',#7611,#7483,#7613,.T.);
#7611 = VERTEX_POINT('',#7612);
#7612 = CARTESIAN_POINT('',(32.879079195031,2.354248688935,73.));
#7613 = SURFACE_CURVE('',#7614,(#7618,#7624),.PCURVE_S1.);
#7614 = LINE('',#7615,#7616);
#7615 = CARTESIAN_POINT('',(-49.25,2.354248688935,73.));
#7616 = VECTOR('',#7617,1.);
#7617 = DIRECTION('',(-1.,-0.,-0.));
#7618 = PCURVE('',#2881,#7619);
#7619 = DEFINITIONAL_REPRESENTATION('',(#7620),#7623);
#7620 = B_SPLINE_CURVE_WITH_KNOTS('',1,(#7621,#7622),.UNSPECIFIED.,.F.,
  .F.,(2,2),(-99.75,-78.75),.PIECEWISE_BEZIER_KNOTS.);
#7621 = CARTESIAN_POINT('',(-2.293530574608,-99.75));
#7622 = CARTESIAN_POINT('',(-2.293530574608,-78.75));
#7623 = ( GEOMETRIC_REPRESENTATION_CONTEXT(2) 
PARAMETRIC_REPRESENTATION_CONTEXT() REPRESENTATION_CONTEXT('2D SPACE',''
  ) );
#7624 = PCURVE('',#4279,#7625);
#7625 = DEFINITIONAL_REPRESENTATION('',(#7626),#7629);
#7626 = B_SPLINE_CURVE_WITH_KNOTS('',1,(#7627,#7628),.UNSPECIFIED.,.F.,
  .F.,(2,2),(-99.75,-78.75),.PIECEWISE_BEZIER_KNOTS.);
#7627 = CARTESIAN_POINT('',(10.5,2.354248688935));
#7628 = CARTESIAN_POINT('',(-10.5,2.354248688935));
#7629 = ( GEOMETRIC_REPRESENTATION_CONTEXT(2) 
PARAMETRIC_REPRESENTATION_CONTEXT() REPRESENTATION_CONTEXT('2D SPACE',''
  ) );
#7630 = ORIENTED_EDGE('',*,*,#7631,.T.);
#7631 = EDGE_CURVE('',#7611,#7632,#7634,.T.);
#7632 = VERTEX_POINT('',#7633);
#7633 = CARTESIAN_POINT('',(32.658949928561,1.535898384862,68.));
#7634 = SURFACE_CURVE('',#7635,(#7663,#7694),.PCURVE_S1.);
#7635 = B_SPLINE_CURVE_WITH_KNOTS('',6,(#7636,#7637,#7638,#7639,#7640,
    #7641,#7642,#7643,#7644,#7645,#7646,#7647,#7648,#7649,#7650,#7651,
    #7652,#7653,#7654,#7655,#7656,#7657,#7658,#7659,#7660,#7661,#7662),
  .UNSPECIFIED.,.F.,.F.,(7,5,5,5,5,7),(0.,0.168226489886,0.284320411487,
    0.612122285607,0.896756199612,1.),.UNSPECIFIED.);
#7636 = CARTESIAN_POINT('',(32.879079419957,2.354249369272,73.0000006));
#7637 = CARTESIAN_POINT('',(32.837677785851,2.229021450685,
    72.889560007226));
#7638 = CARTESIAN_POINT('',(32.801345394303,2.110259509763,
    72.77367006827));
#7639 = CARTESIAN_POINT('',(32.769536687188,1.998261809899,
    72.652906323452));
#7640 = CARTESIAN_POINT('',(32.741740279209,1.893266827704,
    72.527880033309));
#7641 = CARTESIAN_POINT('',(32.7174855359,1.795446601647,72.399238875077
    ));
#7642 = CARTESIAN_POINT('',(32.681762829704,1.642413484712,
    72.176869687214));
#7643 = CARTESIAN_POINT('',(32.668652663663,1.583352645716,
    72.084620738261));
#7644 = CARTESIAN_POINT('',(32.65687115355,1.527707388377,71.99106931252
    ));
#7645 = CARTESIAN_POINT('',(32.646286905545,1.475462677697,
    71.896356553987));
#7646 = CARTESIAN_POINT('',(32.63678348812,1.426599420389,
    71.800616163731));
#7647 = CARTESIAN_POINT('',(32.604186601475,1.252610098418,
    71.431097228709));
#7648 = CARTESIAN_POINT('',(32.587916040026,1.15091736893,71.15105726178
    ));
#7649 = CARTESIAN_POINT('',(32.577094219848,1.075286482213,
    70.866232733204));
#7650 = CARTESIAN_POINT('',(32.570341761745,1.025094770739,
    70.578449428417));
#7651 = CARTESIAN_POINT('',(32.566965626341,1.,70.289222200427));
#7652 = CARTESIAN_POINT('',(32.566965626341,1.,69.748865234083));
#7653 = CARTESIAN_POINT('',(32.569511106663,1.018920580647,
    69.497730983515));
#7654 = CARTESIAN_POINT('',(32.574602024337,1.056761747489,
    69.247548420047));
#7655 = CARTESIAN_POINT('',(32.582632121466,1.113716247322,
    68.999299053904));
#7656 = CARTESIAN_POINT('',(32.594385721714,1.190144337039,68.7541176743
    ));
#7657 = CARTESIAN_POINT('',(32.617248627126,1.321454050958,
    68.426105410617));
#7658 = CARTESIAN_POINT('',(32.623995191612,1.359027030961,
    68.33938712768));
#7659 = CARTESIAN_POINT('',(32.631463821013,1.399240271849,
    68.253334618074));
#7660 = CARTESIAN_POINT('',(32.639724729079,1.442111850467,
    68.168028063727));
#7661 = CARTESIAN_POINT('',(32.648857282527,1.487659124259,
    68.083552816863));
#7662 = CARTESIAN_POINT('',(32.658950001037,1.535898731272,67.9999994));
#7663 = PCURVE('',#2881,#7664);
#7664 = DEFINITIONAL_REPRESENTATION('',(#7665),#7693);
#7665 = B_SPLINE_CURVE_WITH_KNOTS('',6,(#7666,#7667,#7668,#7669,#7670,
    #7671,#7672,#7673,#7674,#7675,#7676,#7677,#7678,#7679,#7680,#7681,
    #7682,#7683,#7684,#7685,#7686,#7687,#7688,#7689,#7690,#7691,#7692),
  .UNSPECIFIED.,.F.,.F.,(7,5,5,5,5,7),(0.,0.168226489886,0.284320411487,
    0.612122285607,0.896756199612,1.),.UNSPECIFIED.);
#7666 = CARTESIAN_POINT('',(-2.29353034783,-82.12907941995));
#7667 = CARTESIAN_POINT('',(-2.33527297901,-82.08767778585));
#7668 = CARTESIAN_POINT('',(-2.376704364088,-82.0513453943));
#7669 = CARTESIAN_POINT('',(-2.417804216866,-82.01953668718));
#7670 = CARTESIAN_POINT('',(-2.458548107502,-81.9917402792));
#7671 = CARTESIAN_POINT('',(-2.498904914362,-81.9674855359));
#7672 = CARTESIAN_POINT('',(-2.566389723111,-81.9317628297));
#7673 = CARTESIAN_POINT('',(-2.593758464532,-81.91865266366));
#7674 = CARTESIAN_POINT('',(-2.620949015008,-81.90687115355));
#7675 = CARTESIAN_POINT('',(-2.647969551508,-81.89628690554));
#7676 = CARTESIAN_POINT('',(-2.67482811914,-81.88678348812));
#7677 = CARTESIAN_POINT('',(-2.776936066767,-81.85418660147));
#7678 = CARTESIAN_POINT('',(-2.851106097058,-81.83791604002));
#7679 = CARTESIAN_POINT('',(-2.924354185315,-81.82709421984));
#7680 = CARTESIAN_POINT('',(-2.996980258224,-81.82034176174));
#7681 = CARTESIAN_POINT('',(-3.069287103483,-81.81696562634));
#7682 = CARTESIAN_POINT('',(-3.204376345069,-81.81696562634));
#7683 = CARTESIAN_POINT('',(-3.267159922926,-81.81951110666));
#7684 = CARTESIAN_POINT('',(-3.330150953352,-81.82460202433));
#7685 = CARTESIAN_POINT('',(-3.393549885352,-81.83263212146));
#7686 = CARTESIAN_POINT('',(-3.457555985127,-81.84438572171));
#7687 = CARTESIAN_POINT('',(-3.545885724632,-81.86724862712));
#7688 = CARTESIAN_POINT('',(-3.569503489345,-81.87399519161));
#7689 = CARTESIAN_POINT('',(-3.593235354206,-81.88146382101));
#7690 = CARTESIAN_POINT('',(-3.617088924819,-81.88972472907));
#7691 = CARTESIAN_POINT('',(-3.641071806122,-81.89885728252));
#7692 = CARTESIAN_POINT('',(-3.665191602393,-81.90895000103));
#7693 = ( GEOMETRIC_REPRESENTATION_CONTEXT(2) 
PARAMETRIC_REPRESENTATION_CONTEXT() REPRESENTATION_CONTEXT('2D SPACE',''
  ) );
#7694 = PCURVE('',#4228,#7695);
#7695 = DEFINITIONAL_REPRESENTATION('',(#7696),#7724);
#7696 = B_SPLINE_CURVE_WITH_KNOTS('',6,(#7697,#7698,#7699,#7700,#7701,
    #7702,#7703,#7704,#7705,#7706,#7707,#7708,#7709,#7710,#7711,#7712,
    #7713,#7714,#7715,#7716,#7717,#7718,#7719,#7720,#7721,#7722,#7723),
  .UNSPECIFIED.,.F.,.F.,(7,5,5,5,5,7),(1.52323045605E-07,0.168226489886,
    0.284320411487,0.612122285607,0.896756199612,0.999999876434),
  .UNSPECIFIED.);
#7697 = CARTESIAN_POINT('',(2.822294963985,-18.));
#7698 = CARTESIAN_POINT('',(2.839880860437,-18.11044051744));
#7699 = CARTESIAN_POINT('',(2.856436044257,-18.22633036911));
#7700 = CARTESIAN_POINT('',(2.871955356204,-18.34709401616));
#7701 = CARTESIAN_POINT('',(2.886434107277,-18.47212019965));
#7702 = CARTESIAN_POINT('',(2.899870474385,-18.60076124405));
#7703 = CARTESIAN_POINT('',(2.92082342492,-18.82313031278));
#7704 = CARTESIAN_POINT('',(2.928889404662,-18.91537926173));
#7705 = CARTESIAN_POINT('',(2.936472746495,-19.00893068748));
#7706 = CARTESIAN_POINT('',(2.943579882926,-19.10364344601));
#7707 = CARTESIAN_POINT('',(2.950216902468,-19.19938383626));
#7708 = CARTESIAN_POINT('',(2.973819102433,-19.56890277129));
#7709 = CARTESIAN_POINT('',(2.987545777841,-19.84894273822));
#7710 = CARTESIAN_POINT('',(2.997732522254,-20.13376726679));
#7711 = CARTESIAN_POINT('',(3.004484924811,-20.42155057158));
#7712 = CARTESIAN_POINT('',(3.00786106418,-20.71077779957));
#7713 = CARTESIAN_POINT('',(3.00786106418,-21.25113476591));
#7714 = CARTESIAN_POINT('',(3.005315583935,-21.50226901648));
#7715 = CARTESIAN_POINT('',(3.000224677348,-21.75245157995));
#7716 = CARTESIAN_POINT('',(2.992555701385,-22.00070094609));
#7717 = CARTESIAN_POINT('',(2.98224750057,-22.2458823257));
#7718 = CARTESIAN_POINT('',(2.964476141792,-22.57389448488));
#7719 = CARTESIAN_POINT('',(2.959386350333,-22.66061266474));
#7720 = CARTESIAN_POINT('',(2.953933073598,-22.74666507295));
#7721 = CARTESIAN_POINT('',(2.948111963828,-22.83197152788));
#7722 = CARTESIAN_POINT('',(2.941918327192,-22.91644667762));
#7723 = CARTESIAN_POINT('',(2.935347123795,-23.));
#7724 = ( GEOMETRIC_REPRESENTATION_CONTEXT(2) 
PARAMETRIC_REPRESENTATION_CONTEXT() REPRESENTATION_CONTEXT('2D SPACE',''
  ) );
#7725 = ORIENTED_EDGE('',*,*,#7726,.F.);
#7726 = EDGE_CURVE('',#7727,#7632,#7729,.T.);
#7727 = VERTEX_POINT('',#7728);
#7728 = CARTESIAN_POINT('',(32.914556037101,1.535898384862,68.));
#7729 = SURFACE_CURVE('',#7730,(#7734,#7740),.PCURVE_S1.);
#7730 = LINE('',#7731,#7732);
#7731 = CARTESIAN_POINT('',(-49.25,1.535898384862,68.));
#7732 = VECTOR('',#7733,1.);
#7733 = DIRECTION('',(-1.,-0.,-0.));
#7734 = PCURVE('',#2881,#7735);
#7735 = DEFINITIONAL_REPRESENTATION('',(#7736),#7739);
#7736 = B_SPLINE_CURVE_WITH_KNOTS('',1,(#7737,#7738),.UNSPECIFIED.,.F.,
  .F.,(2,2),(-98.25,-80.25),.PIECEWISE_BEZIER_KNOTS.);
#7737 = CARTESIAN_POINT('',(-3.665191429188,-98.25));
#7738 = CARTESIAN_POINT('',(-3.665191429188,-80.25));
#7739 = ( GEOMETRIC_REPRESENTATION_CONTEXT(2) 
PARAMETRIC_REPRESENTATION_CONTEXT() REPRESENTATION_CONTEXT('2D SPACE',''
  ) );
#7740 = PCURVE('',#4153,#7741);
#7741 = DEFINITIONAL_REPRESENTATION('',(#7742),#7745);
#7742 = B_SPLINE_CURVE_WITH_KNOTS('',1,(#7743,#7744),.UNSPECIFIED.,.F.,
  .F.,(2,2),(-98.25,-80.25),.PIECEWISE_BEZIER_KNOTS.);
#7743 = CARTESIAN_POINT('',(9.,1.535898384862));
#7744 = CARTESIAN_POINT('',(-9.,1.535898384862));
#7745 = ( GEOMETRIC_REPRESENTATION_CONTEXT(2) 
PARAMETRIC_REPRESENTATION_CONTEXT() REPRESENTATION_CONTEXT('2D SPACE',''
  ) );
#7746 = ORIENTED_EDGE('',*,*,#7747,.F.);
#7747 = EDGE_CURVE('',#7748,#7727,#7750,.T.);
#7748 = VERTEX_POINT('',#7749);
#7749 = CARTESIAN_POINT('',(46.,4.069705167542,66.109684914554));
#7750 = SURFACE_CURVE('',#7751,(#7868,#7988),.PCURVE_S1.);
#7751 = B_SPLINE_CURVE_WITH_KNOTS('',7,(#7752,#7753,#7754,#7755,#7756,
    #7757,#7758,#7759,#7760,#7761,#7762,#7763,#7764,#7765,#7766,#7767,
    #7768,#7769,#7770,#7771,#7772,#7773,#7774,#7775,#7776,#7777,#7778,
    #7779,#7780,#7781,#7782,#7783,#7784,#7785,#7786,#7787,#7788,#7789,
    #7790,#7791,#7792,#7793,#7794,#7795,#7796,#7797,#7798,#7799,#7800,
    #7801,#7802,#7803,#7804,#7805,#7806,#7807,#7808,#7809,#7810,#7811,
    #7812,#7813,#7814,#7815,#7816,#7817,#7818,#7819,#7820,#7821,#7822,
    #7823,#7824,#7825,#7826,#7827,#7828,#7829,#7830,#7831,#7832,#7833,
    #7834,#7835,#7836,#7837,#7838,#7839,#7840,#7841,#7842,#7843,#7844,
    #7845,#7846,#7847,#7848,#7849,#7850,#7851,#7852,#7853,#7854,#7855,
    #7856,#7857,#7858,#7859,#7860,#7861,#7862,#7863,#7864,#7865,#7866,
    #7867),.UNSPECIFIED.,.F.,.F.,(8,6,6,6,6,6,6,6,6,6,6,6,6,6,6,6,6,6,6,
    8),(0.,4.946313017927E-02,7.104993261385E-02,0.111744381589,
    0.148617164113,0.167169006223,0.201734241237,0.243526616168,
    0.353109748708,0.424630086757,0.499010596811,0.645263199756,
    0.755351264276,0.797336208137,0.832060711207,0.850698035618,
    0.887740718807,0.928622677741,0.950308948484,1.),.UNSPECIFIED.);
#7752 = CARTESIAN_POINT('',(47.085444037989,1.535898038452,68.0000006));
#7753 = CARTESIAN_POINT('',(47.069910730191,1.607556690508,
    67.875884124191));
#7754 = CARTESIAN_POINT('',(47.052231258321,1.685032362492,
    67.753674015832));
#7755 = CARTESIAN_POINT('',(47.032140285865,1.76831786518,
    67.633760604565));
#7756 = CARTESIAN_POINT('',(47.009340977587,1.857377412695,
    67.516531766578));
#7757 = CARTESIAN_POINT('',(46.9835050399,1.9521467028,67.402372800407)
  );
#7758 = CARTESIAN_POINT('',(46.954272761247,2.052532997201,
    67.29166630272));
#7759 = CARTESIAN_POINT('',(46.906842522313,2.204624534421,
    67.138149757276));
#7760 = CARTESIAN_POINT('',(46.891714793103,2.251867560848,
    67.092250661182));
#7761 = CARTESIAN_POINT('',(46.875842775289,2.300117329155,
    67.047141250915));
#7762 = CARTESIAN_POINT('',(46.85919965938,2.34934508489,67.002865317879
    ));
#7763 = CARTESIAN_POINT('',(46.841758915959,2.399520271107,
    66.959463949797));
#7764 = CARTESIAN_POINT('',(46.823494295681,2.450610528372,
    66.916975530714));
#7765 = CARTESIAN_POINT('',(46.768346114684,2.600555351827,
    66.797126836358));
#7766 = CARTESIAN_POINT('',(46.729271610827,2.701716935633,
    66.722143616237));
#7767 = CARTESIAN_POINT('',(46.687028694268,2.805704104721,
    66.65084554487));
#7768 = CARTESIAN_POINT('',(46.641516782716,2.912121315695,
    66.583518666512));
#7769 = CARTESIAN_POINT('',(46.592668787906,3.020548788103,
    66.520378366575));
#7770 = CARTESIAN_POINT('',(46.540457568474,3.130551469302,
    66.46157213278));
#7771 = CARTESIAN_POINT('',(46.434564453965,3.342387559249,
    66.357900315305));
#7772 = CARTESIAN_POINT('',(46.38152814617,3.443923909561,
    66.312290193846));
#7773 = CARTESIAN_POINT('',(46.325822495265,3.545953121797,
    66.270407478192));
#7774 = CARTESIAN_POINT('',(46.267512316205,3.648123612959,
    66.232263005637));
#7775 = CARTESIAN_POINT('',(46.206701270229,3.750080982012,
    66.197825019636));
#7776 = CARTESIAN_POINT('',(46.143534932001,3.851472846363,
    66.167021264957));
#7777 = CARTESIAN_POINT('',(46.045333763696,4.002508705715,
    66.126015575901));
#7778 = CARTESIAN_POINT('',(46.011909701942,4.052842340554,
    66.113179565735));
#7779 = CARTESIAN_POINT('',(45.977947072831,4.102923298238,
    66.101216027948));
#7780 = CARTESIAN_POINT('',(45.943463102363,4.152720794389,
    66.090106801508));
#7781 = CARTESIAN_POINT('',(45.908476841199,4.202204544869,
    66.079832588729));
#7782 = CARTESIAN_POINT('',(45.873009164659,4.251344765779,
    66.070372955265));
#7783 = CARTESIAN_POINT('',(45.770145798331,4.390974142716,
    66.045558934438));
#7784 = CARTESIAN_POINT('',(45.701636333965,4.480515028366,
    66.032169203816));
#7785 = CARTESIAN_POINT('',(45.631644934756,4.568626566356,
    66.021381043704));
#7786 = CARTESIAN_POINT('',(45.560270803159,4.655208127252,66.0130386136
    ));
#7787 = CARTESIAN_POINT('',(45.487621788948,4.740166716231,
    66.006986327035));
#7788 = CARTESIAN_POINT('',(45.413814389224,4.82341697309,
    66.003068851582));
#7789 = CARTESIAN_POINT('',(45.248484905511,5.003378473152,
    65.998788209382));
#7790 = CARTESIAN_POINT('',(45.15646213849,5.099290137172,
    65.999338834808));
#7791 = CARTESIAN_POINT('',(45.063029528393,5.192580495362,
    66.002509417365));
#7792 = CARTESIAN_POINT('',(44.968306962672,5.283227484289,
    66.008044301733));
#7793 = CARTESIAN_POINT('',(44.872409228449,5.371220872543,
    66.015704278275));
#7794 = CARTESIAN_POINT('',(44.775445105784,5.456560487252,
    66.025265116266));
#7795 = CARTESIAN_POINT('',(44.420739293193,5.756084962067,
    66.066017118058));
#7796 = CARTESIAN_POINT('',(44.157109862676,5.95491199209,66.10716340425
    ));
#7797 = CARTESIAN_POINT('',(43.887957793196,6.136241096371,
    66.156254950855));
#7798 = CARTESIAN_POINT('',(43.61422619475,6.300766219894,
    66.210333951518));
#7799 = CARTESIAN_POINT('',(43.336470999106,6.44921464082,
    66.266937316139));
#7800 = CARTESIAN_POINT('',(43.054882055938,6.582223623242,
    66.323919181185));
#7801 = CARTESIAN_POINT('',(42.58295546031,6.777278856489,
    66.415516495696));
#7802 = CARTESIAN_POINT('',(42.39494636638,6.847905090959,
    66.451015511866));
#7803 = CARTESIAN_POINT('',(42.205441223106,6.912186127261,
    66.485269215854));
#7804 = CARTESIAN_POINT('',(42.014556982924,6.970173607306,
    66.51774003087));
#7805 = CARTESIAN_POINT('',(41.822385428875,7.021907206257,
    66.547930594815));
#7806 = CARTESIAN_POINT('',(41.628993568149,7.067409678915,
    66.575390306554));
#7807 = CARTESIAN_POINT('',(41.232073446671,7.147524670135,
    66.625026482204));
#7808 = CARTESIAN_POINT('',(41.028394079189,7.181639912907,
    66.64695502248));
#7809 = CARTESIAN_POINT('',(40.823725641021,7.208962701647,
    66.665022387568));
#7810 = CARTESIAN_POINT('',(40.618340715891,7.229469748665,
    66.678843378518));
#7811 = CARTESIAN_POINT('',(40.412463476429,7.243152096755,
    66.688151991387));
#7812 = CARTESIAN_POINT('',(40.206288546092,7.25,66.692810861169));
#7813 = CARTESIAN_POINT('',(39.594379807265,7.25,66.692810861169));
#7814 = CARTESIAN_POINT('',(39.190902567242,7.223524247574,
    66.674798286294));
#7815 = CARTESIAN_POINT('',(38.789900412231,7.17107651904,
    66.639117291636));
#7816 = CARTESIAN_POINT('',(38.391861356532,7.092676190873,
    66.587727974565));
#7817 = CARTESIAN_POINT('',(37.99792855767,6.988028087577,
    66.524152635703));
#7818 = CARTESIAN_POINT('',(37.610036825018,6.857045827832,
    66.452974810657));
#7819 = CARTESIAN_POINT('',(36.945117944062,6.582223623242,
    66.323919181185));
#7820 = CARTESIAN_POINT('',(36.663529000893,6.449214640819,
    66.266937316139));
#7821 = CARTESIAN_POINT('',(36.38577380525,6.300766219894,
    66.210333951518));
#7822 = CARTESIAN_POINT('',(36.112042206804,6.136241096371,
    66.156254950855));
#7823 = CARTESIAN_POINT('',(35.842890137323,5.954911992089,
    66.10716340425));
#7824 = CARTESIAN_POINT('',(35.579260706807,5.756084962067,
    66.066017118058));
#7825 = CARTESIAN_POINT('',(35.224554894216,5.456560487252,
    66.025265116266));
#7826 = CARTESIAN_POINT('',(35.127590771551,5.371220872544,
    66.015704278275));
#7827 = CARTESIAN_POINT('',(35.031693037329,5.283227484289,
    66.008044301733));
#7828 = CARTESIAN_POINT('',(34.936970471607,5.192580495362,
    66.002509417365));
#7829 = CARTESIAN_POINT('',(34.843537861509,5.099290137172,
    65.999338834808));
#7830 = CARTESIAN_POINT('',(34.751515094489,5.003378473152,
    65.998788209382));
#7831 = CARTESIAN_POINT('',(34.586185610776,4.82341697309,
    66.003068851582));
#7832 = CARTESIAN_POINT('',(34.512378211052,4.740166716231,
    66.006986327035));
#7833 = CARTESIAN_POINT('',(34.439729196841,4.655208127252,66.0130386136
    ));
#7834 = CARTESIAN_POINT('',(34.368355065244,4.568626566356,
    66.021381043704));
#7835 = CARTESIAN_POINT('',(34.298363666035,4.480515028366,
    66.032169203816));
#7836 = CARTESIAN_POINT('',(34.229854201669,4.390974142716,
    66.045558934438));
#7837 = CARTESIAN_POINT('',(34.126990835341,4.251344765779,
    66.070372955265));
#7838 = CARTESIAN_POINT('',(34.091523158801,4.202204544869,
    66.079832588729));
#7839 = CARTESIAN_POINT('',(34.056536897637,4.152720794389,
    66.090106801508));
#7840 = CARTESIAN_POINT('',(34.022052927169,4.102923298238,
    66.101216027948));
#7841 = CARTESIAN_POINT('',(33.988090298058,4.052842340554,
    66.113179565735));
#7842 = CARTESIAN_POINT('',(33.954666236304,4.002508705715,
    66.126015575901));
#7843 = CARTESIAN_POINT('',(33.856465067999,3.851472846363,
    66.167021264957));
#7844 = CARTESIAN_POINT('',(33.793298729771,3.750080982012,
    66.197825019636));
#7845 = CARTESIAN_POINT('',(33.732487683795,3.648123612959,
    66.232263005637));
#7846 = CARTESIAN_POINT('',(33.674177504735,3.545953121797,
    66.270407478192));
#7847 = CARTESIAN_POINT('',(33.61847185383,3.443923909561,
    66.312290193846));
#7848 = CARTESIAN_POINT('',(33.565435546035,3.342387559249,
    66.357900315305));
#7849 = CARTESIAN_POINT('',(33.459542431526,3.130551469302,
    66.46157213278));
#7850 = CARTESIAN_POINT('',(33.407331212094,3.020548788103,
    66.520378366575));
#7851 = CARTESIAN_POINT('',(33.358483217284,2.912121315695,
    66.583518666512));
#7852 = CARTESIAN_POINT('',(33.312971305732,2.805704104721,
    66.65084554487));
#7853 = CARTESIAN_POINT('',(33.270728389173,2.701716935633,
    66.722143616237));
#7854 = CARTESIAN_POINT('',(33.231653885316,2.600555351827,
    66.797126836358));
#7855 = CARTESIAN_POINT('',(33.176505702855,2.450610524392,
    66.916975533895));
#7856 = CARTESIAN_POINT('',(33.158241083697,2.399520270405,
    66.959463950035));
#7857 = CARTESIAN_POINT('',(33.140800341545,2.349345087724,
    67.002865315176));
#7858 = CARTESIAN_POINT('',(33.124157225797,2.300117332222,
    67.047141248312));
#7859 = CARTESIAN_POINT('',(33.108285206956,2.251867560727,
    67.092250661669));
#7860 = CARTESIAN_POINT('',(33.093157476627,2.204624531022,
    67.138149760707));
#7861 = CARTESIAN_POINT('',(33.045727238751,2.052532997196,
    67.291666302725));
#7862 = CARTESIAN_POINT('',(33.0164949601,1.9521467028,67.402372800408)
  );
#7863 = CARTESIAN_POINT('',(32.990659022414,1.857377412699,
    67.516531766574));
#7864 = CARTESIAN_POINT('',(32.967859714135,1.768317865184,
    67.63376060456));
#7865 = CARTESIAN_POINT('',(32.947768741679,1.685032362491,
    67.753674015833));
#7866 = CARTESIAN_POINT('',(32.930089269808,1.607556690505,
    67.875884124197));
#7867 = CARTESIAN_POINT('',(32.914555962011,1.535898038452,68.0000006));
#7868 = PCURVE('',#2881,#7869);
#7869 = DEFINITIONAL_REPRESENTATION('',(#7870),#7987);
#7870 = B_SPLINE_CURVE_WITH_KNOTS('',7,(#7871,#7872,#7873,#7874,#7875,
    #7876,#7877,#7878,#7879,#7880,#7881,#7882,#7883,#7884,#7885,#7886,
    #7887,#7888,#7889,#7890,#7891,#7892,#7893,#7894,#7895,#7896,#7897,
    #7898,#7899,#7900,#7901,#7902,#7903,#7904,#7905,#7906,#7907,#7908,
    #7909,#7910,#7911,#7912,#7913,#7914,#7915,#7916,#7917,#7918,#7919,
    #7920,#7921,#7922,#7923,#7924,#7925,#7926,#7927,#7928,#7929,#7930,
    #7931,#7932,#7933,#7934,#7935,#7936,#7937,#7938,#7939,#7940,#7941,
    #7942,#7943,#7944,#7945,#7946,#7947,#7948,#7949,#7950,#7951,#7952,
    #7953,#7954,#7955,#7956,#7957,#7958,#7959,#7960,#7961,#7962,#7963,
    #7964,#7965,#7966,#7967,#7968,#7969,#7970,#7971,#7972,#7973,#7974,
    #7975,#7976,#7977,#7978,#7979,#7980,#7981,#7982,#7983,#7984,#7985,
    #7986),.UNSPECIFIED.,.F.,.F.,(8,6,6,6,6,6,6,6,6,6,6,6,6,6,6,6,6,6,6,
    8),(0.,4.946313017927E-02,7.104993261385E-02,0.111744381589,
    0.148617164113,0.167169006223,0.201734241237,0.243526616168,
    0.353109748708,0.424630086757,0.499010596811,0.645263199756,
    0.755351264276,0.797336208137,0.832060711207,0.850698035618,
    0.887740718807,0.928622677741,0.950308948484,1.),.UNSPECIFIED.);
#7871 = CARTESIAN_POINT('',(-3.665191255983,-96.33544403798));
#7872 = CARTESIAN_POINT('',(-3.70102059276,-96.31991073019));
#7873 = CARTESIAN_POINT('',(-3.737164306755,-96.30223125832));
#7874 = CARTESIAN_POINT('',(-3.773612154324,-96.28214028586));
#7875 = CARTESIAN_POINT('',(-3.810356691042,-96.25934097758));
#7876 = CARTESIAN_POINT('',(-3.847392795941,-96.2335050399));
#7877 = CARTESIAN_POINT('',(-3.88471719574,-96.20427276124));
#7878 = CARTESIAN_POINT('',(-3.938742169953,-96.15684252231));
#7879 = CARTESIAN_POINT('',(-3.95520620837,-96.1417147931));
#7880 = CARTESIAN_POINT('',(-3.971714404139,-96.12584277528));
#7881 = CARTESIAN_POINT('',(-3.98826132053,-96.10919965938));
#7882 = CARTESIAN_POINT('',(-4.004841784277,-96.09175891595));
#7883 = CARTESIAN_POINT('',(-4.021450885578,-96.07349429568));
#7884 = CARTESIAN_POINT('',(-4.069439920536,-96.01834611468));
#7885 = CARTESIAN_POINT('',(-4.100899270662,-95.97927161082));
#7886 = CARTESIAN_POINT('',(-4.132385691277,-95.93702869426));
#7887 = CARTESIAN_POINT('',(-4.163828924322,-95.89151678271));
#7888 = CARTESIAN_POINT('',(-4.195163461472,-95.8426687879));
#7889 = CARTESIAN_POINT('',(-4.226327214741,-95.79045756847));
#7890 = CARTESIAN_POINT('',(-4.285288205416,-95.68456445396));
#7891 = CARTESIAN_POINT('',(-4.313100578475,-95.63152814617));
#7892 = CARTESIAN_POINT('',(-4.340650043874,-95.57582249526));
#7893 = CARTESIAN_POINT('',(-4.367889810567,-95.5175123162));
#7894 = CARTESIAN_POINT('',(-4.394773220171,-95.45670127022));
#7895 = CARTESIAN_POINT('',(-4.421253408312,-95.393534932));
#7896 = CARTESIAN_POINT('',(-4.46037924484,-95.29533376369));
#7897 = CARTESIAN_POINT('',(-4.473363840488,-95.26190970194));
#7898 = CARTESIAN_POINT('',(-4.486233999009,-95.22794707283));
#7899 = CARTESIAN_POINT('',(-4.498986866832,-95.19346310236));
#7900 = CARTESIAN_POINT('',(-4.511619490696,-95.15847684119));
#7901 = CARTESIAN_POINT('',(-4.524128817649,-95.12300916465));
#7902 = CARTESIAN_POINT('',(-4.559583100301,-95.02014579833));
#7903 = CARTESIAN_POINT('',(-4.582208821821,-94.95163633396));
#7904 = CARTESIAN_POINT('',(-4.604388799035,-94.88164493475));
#7905 = CARTESIAN_POINT('',(-4.62612174218,-94.81027080315));
#7906 = CARTESIAN_POINT('',(-4.647405132304,-94.73762178894));
#7907 = CARTESIAN_POINT('',(-4.668235221267,-94.66381438922));
#7908 = CARTESIAN_POINT('',(-4.713238322134,-94.49848490551));
#7909 = CARTESIAN_POINT('',(-4.737206203818,-94.40646213849));
#7910 = CARTESIAN_POINT('',(-4.760527719971,-94.31302952839));
#7911 = CARTESIAN_POINT('',(-4.783217468401,-94.21830696267));
#7912 = CARTESIAN_POINT('',(-4.80528802671,-94.12240922844));
#7913 = CARTESIAN_POINT('',(-4.826750377462,-94.02544510578));
#7914 = CARTESIAN_POINT('',(-4.902321385735,-93.67073929319));
#7915 = CARTESIAN_POINT('',(-4.952961438174,-93.40710986267));
#7916 = CARTESIAN_POINT('',(-4.999800720793,-93.13795779319));
#7917 = CARTESIAN_POINT('',(-5.043004475686,-92.86422619475));
#7918 = CARTESIAN_POINT('',(-5.082667602979,-92.5864709991));
#7919 = CARTESIAN_POINT('',(-5.118821854218,-92.30488205593));
#7920 = CARTESIAN_POINT('',(-5.172694743993,-91.83295546031));
#7921 = CARTESIAN_POINT('',(-5.19244915908,-91.64494636638));
#7922 = CARTESIAN_POINT('',(-5.210651080327,-91.4554412231));
#7923 = CARTESIAN_POINT('',(-5.227260732108,-91.26455698292));
#7924 = CARTESIAN_POINT('',(-5.242232694307,-91.07238542887));
#7925 = CARTESIAN_POINT('',(-5.255518295423,-90.87899356815));
#7926 = CARTESIAN_POINT('',(-5.279079600766,-90.48207344667));
#7927 = CARTESIAN_POINT('',(-5.289216949882,-90.27839407918));
#7928 = CARTESIAN_POINT('',(-5.297405277484,-90.07372564102));
#7929 = CARTESIAN_POINT('',(-5.303587608416,-89.86834071589));
#7930 = CARTESIAN_POINT('',(-5.307724795839,-89.66246347642));
#7931 = CARTESIAN_POINT('',(-5.30979539703,-89.45628854609));
#7932 = CARTESIAN_POINT('',(-5.30979539703,-88.84437980726));
#7933 = CARTESIAN_POINT('',(-5.301789847217,-88.44090256724));
#7934 = CARTESIAN_POINT('',(-5.285931387845,-88.03990041223));
#7935 = CARTESIAN_POINT('',(-5.262499058493,-87.64186135653));
#7936 = CARTESIAN_POINT('',(-5.231929696616,-87.24792855767));
#7937 = CARTESIAN_POINT('',(-5.194725823002,-86.86003682501));
#7938 = CARTESIAN_POINT('',(-5.118821854218,-86.19511794406));
#7939 = CARTESIAN_POINT('',(-5.082667602979,-85.91352900089));
#7940 = CARTESIAN_POINT('',(-5.043004475686,-85.63577380525));
#7941 = CARTESIAN_POINT('',(-4.999800720793,-85.3620422068));
#7942 = CARTESIAN_POINT('',(-4.952961438174,-85.09289013732));
#7943 = CARTESIAN_POINT('',(-4.902321385735,-84.8292607068));
#7944 = CARTESIAN_POINT('',(-4.826750377462,-84.47455489421));
#7945 = CARTESIAN_POINT('',(-4.80528802671,-84.37759077155));
#7946 = CARTESIAN_POINT('',(-4.783217468401,-84.28169303732));
#7947 = CARTESIAN_POINT('',(-4.760527719971,-84.1869704716));
#7948 = CARTESIAN_POINT('',(-4.737206203818,-84.09353786151));
#7949 = CARTESIAN_POINT('',(-4.713238322134,-84.00151509448));
#7950 = CARTESIAN_POINT('',(-4.668235221267,-83.83618561077));
#7951 = CARTESIAN_POINT('',(-4.647405132304,-83.76237821105));
#7952 = CARTESIAN_POINT('',(-4.62612174218,-83.68972919684));
#7953 = CARTESIAN_POINT('',(-4.604388799035,-83.61835506524));
#7954 = CARTESIAN_POINT('',(-4.582208821821,-83.54836366603));
#7955 = CARTESIAN_POINT('',(-4.559583100301,-83.47985420166));
#7956 = CARTESIAN_POINT('',(-4.524128817649,-83.37699083534));
#7957 = CARTESIAN_POINT('',(-4.511619490696,-83.3415231588));
#7958 = CARTESIAN_POINT('',(-4.498986866832,-83.30653689763));
#7959 = CARTESIAN_POINT('',(-4.486233999009,-83.27205292716));
#7960 = CARTESIAN_POINT('',(-4.473363840488,-83.23809029805));
#7961 = CARTESIAN_POINT('',(-4.46037924484,-83.2046662363));
#7962 = CARTESIAN_POINT('',(-4.421253408312,-83.10646506799));
#7963 = CARTESIAN_POINT('',(-4.394773220171,-83.04329872977));
#7964 = CARTESIAN_POINT('',(-4.367889810567,-82.98248768379));
#7965 = CARTESIAN_POINT('',(-4.340650043874,-82.92417750473));
#7966 = CARTESIAN_POINT('',(-4.313100578475,-82.86847185383));
#7967 = CARTESIAN_POINT('',(-4.285288205416,-82.81543554603));
#7968 = CARTESIAN_POINT('',(-4.226327214741,-82.70954243152));
#7969 = CARTESIAN_POINT('',(-4.195163461472,-82.65733121209));
#7970 = CARTESIAN_POINT('',(-4.163828924322,-82.60848321728));
#7971 = CARTESIAN_POINT('',(-4.132385691277,-82.56297130573));
#7972 = CARTESIAN_POINT('',(-4.100899270662,-82.52072838917));
#7973 = CARTESIAN_POINT('',(-4.069439920536,-82.48165388531));
#7974 = CARTESIAN_POINT('',(-4.021450884304,-82.42650570285));
#7975 = CARTESIAN_POINT('',(-4.004841784107,-82.40824108369));
#7976 = CARTESIAN_POINT('',(-3.98826132151,-82.39080034154));
#7977 = CARTESIAN_POINT('',(-3.971714405146,-82.37415722579));
#7978 = CARTESIAN_POINT('',(-3.955206208266,-82.35828520695));
#7979 = CARTESIAN_POINT('',(-3.938742168746,-82.34315747662));
#7980 = CARTESIAN_POINT('',(-3.884717195738,-82.29572723875));
#7981 = CARTESIAN_POINT('',(-3.847392795941,-82.2664949601));
#7982 = CARTESIAN_POINT('',(-3.810356691043,-82.24065902241));
#7983 = CARTESIAN_POINT('',(-3.773612154325,-82.21785971413));
#7984 = CARTESIAN_POINT('',(-3.737164306755,-82.19776874167));
#7985 = CARTESIAN_POINT('',(-3.701020592758,-82.1800892698));
#7986 = CARTESIAN_POINT('',(-3.665191255983,-82.16455596201));
#7987 = ( GEOMETRIC_REPRESENTATION_CONTEXT(2) 
PARAMETRIC_REPRESENTATION_CONTEXT() REPRESENTATION_CONTEXT('2D SPACE',''
  ) );
#7988 = PCURVE('',#4111,#7989);
#7989 = DEFINITIONAL_REPRESENTATION('',(#7990),#8107);
#7990 = B_SPLINE_CURVE_WITH_KNOTS('',7,(#7991,#7992,#7993,#7994,#7995,
    #7996,#7997,#7998,#7999,#8000,#8001,#8002,#8003,#8004,#8005,#8006,
    #8007,#8008,#8009,#8010,#8011,#8012,#8013,#8014,#8015,#8016,#8017,
    #8018,#8019,#8020,#8021,#8022,#8023,#8024,#8025,#8026,#8027,#8028,
    #8029,#8030,#8031,#8032,#8033,#8034,#8035,#8036,#8037,#8038,#8039,
    #8040,#8041,#8042,#8043,#8044,#8045,#8046,#8047,#8048,#8049,#8050,
    #8051,#8052,#8053,#8054,#8055,#8056,#8057,#8058,#8059,#8060,#8061,
    #8062,#8063,#8064,#8065,#8066,#8067,#8068,#8069,#8070,#8071,#8072,
    #8073,#8074,#8075,#8076,#8077,#8078,#8079,#8080,#8081,#8082,#8083,
    #8084,#8085,#8086,#8087,#8088,#8089,#8090,#8091,#8092,#8093,#8094,
    #8095,#8096,#8097,#8098,#8099,#8100,#8101,#8102,#8103,#8104,#8105,
    #8106),.UNSPECIFIED.,.F.,.F.,(8,6,6,6,6,6,6,6,6,6,6,6,6,6,6,6,6,6,6,
    8),(0.,4.946313017927E-02,7.104993261385E-02,0.111744381589,
    0.148617164113,0.167169006223,0.201734241237,0.243526616168,
    0.353109748708,0.424630086757,0.499010596811,0.645263199756,
    0.755351264276,0.797336208137,0.832060711207,0.850698035618,
    0.887740718807,0.928622677741,0.950308948484,1.),.UNSPECIFIED.);
#7991 = CARTESIAN_POINT('',(0.213465497826,-22.9999994));
#7992 = CARTESIAN_POINT('',(0.22357899977,-23.1241158758));
#7993 = CARTESIAN_POINT('',(0.234539336982,-23.24632598416));
#7994 = CARTESIAN_POINT('',(0.246355032745,-23.36623939543));
#7995 = CARTESIAN_POINT('',(0.259032839823,-23.48346823342));
#7996 = CARTESIAN_POINT('',(0.272578485403,-23.59762719959));
#7997 = CARTESIAN_POINT('',(0.286997416023,-23.70833369728));
#7998 = CARTESIAN_POINT('',(0.308971982777,-23.86185024272));
#7999 = CARTESIAN_POINT('',(0.315813991449,-23.90774933881));
#8000 = CARTESIAN_POINT('',(0.322819607831,-23.95285874908));
#8001 = CARTESIAN_POINT('',(0.329986744169,-23.99713468212));
#8002 = CARTESIAN_POINT('',(0.337313185647,-24.0405360502));
#8003 = CARTESIAN_POINT('',(0.344796590391,-24.08302446928));
#8004 = CARTESIAN_POINT('',(0.366833106167,-24.20287316364));
#8005 = CARTESIAN_POINT('',(0.381789207992,-24.27785638376));
#8006 = CARTESIAN_POINT('',(0.397266757759,-24.34915445513));
#8007 = CARTESIAN_POINT('',(0.413226017198,-24.41648133348));
#8008 = CARTESIAN_POINT('',(0.429624132666,-24.47962163342));
#8009 = CARTESIAN_POINT('',(0.446415720864,-24.53842786722));
#8010 = CARTESIAN_POINT('',(0.4790817623,-24.64209968469));
#8011 = CARTESIAN_POINT('',(0.49487973807,-24.68770980615));
#8012 = CARTESIAN_POINT('',(0.510909228943,-24.7295925218));
#8013 = CARTESIAN_POINT('',(0.527129990027,-24.76773699436));
#8014 = CARTESIAN_POINT('',(0.543499628037,-24.80217498036));
#8015 = CARTESIAN_POINT('',(0.559973544862,-24.83297873504));
#8016 = CARTESIAN_POINT('',(0.584822309878,-24.87398442409));
#8017 = CARTESIAN_POINT('',(0.593155782141,-24.88682043426));
#8018 = CARTESIAN_POINT('',(0.601501475918,-24.89878397205));
#8019 = CARTESIAN_POINT('',(0.609855489051,-24.90989319849));
#8020 = CARTESIAN_POINT('',(0.618213839249,-24.92016741127));
#8021 = CARTESIAN_POINT('',(0.626572464088,-24.92962704473));
#8022 = CARTESIAN_POINT('',(0.650493553162,-24.95444106556));
#8023 = CARTESIAN_POINT('',(0.666041758337,-24.96783079618));
#8024 = CARTESIAN_POINT('',(0.68155872436,-24.97861895629));
#8025 = CARTESIAN_POINT('',(0.697031214692,-24.9869613864));
#8026 = CARTESIAN_POINT('',(0.712445868433,-24.99301367296));
#8027 = CARTESIAN_POINT('',(0.727789200316,-24.99693114841));
#8028 = CARTESIAN_POINT('',(0.761496333661,-25.00121179061));
#8029 = CARTESIAN_POINT('',(0.779825568543,-25.00066116519));
#8030 = CARTESIAN_POINT('',(0.798030373326,-24.99749058263));
#8031 = CARTESIAN_POINT('',(0.816106960095,-24.99195569826));
#8032 = CARTESIAN_POINT('',(0.834052577285,-24.98429572172));
#8033 = CARTESIAN_POINT('',(0.851865401911,-24.97473488373));
#8034 = CARTESIAN_POINT('',(0.915900339536,-24.93398288194));
#8035 = CARTESIAN_POINT('',(0.961376228373,-24.89283659575));
#8036 = CARTESIAN_POINT('',(1.006039760235,-24.84374504914));
#8037 = CARTESIAN_POINT('',(1.049987937757,-24.78966604848));
#8038 = CARTESIAN_POINT('',(1.09334166904,-24.73306268386));
#8039 = CARTESIAN_POINT('',(1.136244118614,-24.67608081881));
#8040 = CARTESIAN_POINT('',(1.206678308734,-24.5844835043));
#8041 = CARTESIAN_POINT('',(1.234365236883,-24.54898448813));
#8042 = CARTESIAN_POINT('',(1.261943746998,-24.51473078414));
#8043 = CARTESIAN_POINT('',(1.289435290602,-24.48225996913));
#8044 = CARTESIAN_POINT('',(1.31686303318,-24.45206940518));
#8045 = CARTESIAN_POINT('',(1.344252234564,-24.42460969344));
#8046 = CARTESIAN_POINT('',(1.400103914254,-24.37497351779));
#8047 = CARTESIAN_POINT('',(1.428573258819,-24.35304497752));
#8048 = CARTESIAN_POINT('',(1.457028692803,-24.33497761243));
#8049 = CARTESIAN_POINT('',(1.485470312891,-24.32115662148));
#8050 = CARTESIAN_POINT('',(1.513904818125,-24.31184800861));
#8051 = CARTESIAN_POINT('',(1.54234273423,-24.30718913883));
#8052 = CARTESIAN_POINT('',(1.626743939586,-24.30718913883));
#8053 = CARTESIAN_POINT('',(1.682395958159,-24.3252017137));
#8054 = CARTESIAN_POINT('',(1.737992713955,-24.36088270836));
#8055 = CARTESIAN_POINT('',(1.79373893174,-24.41227202543));
#8056 = CARTESIAN_POINT('',(1.849764257609,-24.47584736429));
#8057 = CARTESIAN_POINT('',(1.906110595624,-24.54702518934));
#8058 = CARTESIAN_POINT('',(2.005348534975,-24.67608081881));
#8059 = CARTESIAN_POINT('',(2.04825098455,-24.73306268386));
#8060 = CARTESIAN_POINT('',(2.091604715832,-24.78966604848));
#8061 = CARTESIAN_POINT('',(2.135552893354,-24.84374504914));
#8062 = CARTESIAN_POINT('',(2.180216425217,-24.89283659575));
#8063 = CARTESIAN_POINT('',(2.225692314053,-24.93398288194));
#8064 = CARTESIAN_POINT('',(2.289727251678,-24.97473488373));
#8065 = CARTESIAN_POINT('',(2.307540076305,-24.98429572172));
#8066 = CARTESIAN_POINT('',(2.325485693495,-24.99195569826));
#8067 = CARTESIAN_POINT('',(2.343562280264,-24.99749058263));
#8068 = CARTESIAN_POINT('',(2.361767085047,-25.00066116519));
#8069 = CARTESIAN_POINT('',(2.380096319929,-25.00121179061));
#8070 = CARTESIAN_POINT('',(2.413803453273,-24.99693114841));
#8071 = CARTESIAN_POINT('',(2.429146785156,-24.99301367296));
#8072 = CARTESIAN_POINT('',(2.444561438897,-24.9869613864));
#8073 = CARTESIAN_POINT('',(2.46003392923,-24.97861895629));
#8074 = CARTESIAN_POINT('',(2.475550895253,-24.96783079618));
#8075 = CARTESIAN_POINT('',(2.491099100428,-24.95444106556));
#8076 = CARTESIAN_POINT('',(2.515020189502,-24.92962704473));
#8077 = CARTESIAN_POINT('',(2.523378814341,-24.92016741127));
#8078 = CARTESIAN_POINT('',(2.531737164539,-24.90989319849));
#8079 = CARTESIAN_POINT('',(2.540091177672,-24.89878397205));
#8080 = CARTESIAN_POINT('',(2.548436871449,-24.88682043426));
#8081 = CARTESIAN_POINT('',(2.556770343712,-24.87398442409));
#8082 = CARTESIAN_POINT('',(2.581619108727,-24.83297873504));
#8083 = CARTESIAN_POINT('',(2.598093025553,-24.80217498036));
#8084 = CARTESIAN_POINT('',(2.614462663562,-24.76773699436));
#8085 = CARTESIAN_POINT('',(2.630683424647,-24.7295925218));
#8086 = CARTESIAN_POINT('',(2.64671291552,-24.68770980615));
#8087 = CARTESIAN_POINT('',(2.66251089129,-24.64209968469));
#8088 = CARTESIAN_POINT('',(2.695176932726,-24.53842786722));
#8089 = CARTESIAN_POINT('',(2.711968520924,-24.47962163342));
#8090 = CARTESIAN_POINT('',(2.728366636392,-24.41648133348));
#8091 = CARTESIAN_POINT('',(2.744325895831,-24.34915445513));
#8092 = CARTESIAN_POINT('',(2.759803445598,-24.27785638376));
#8093 = CARTESIAN_POINT('',(2.774759547423,-24.20287316364));
#8094 = CARTESIAN_POINT('',(2.796796063784,-24.0830244661));
#8095 = CARTESIAN_POINT('',(2.804279468049,-24.04053604996));
#8096 = CARTESIAN_POINT('',(2.811605909009,-23.99713468482));
#8097 = CARTESIAN_POINT('',(2.81877304531,-23.95285875168));
#8098 = CARTESIAN_POINT('',(2.825778662154,-23.90774933833));
#8099 = CARTESIAN_POINT('',(2.832620671304,-23.86185023929));
#8100 = CARTESIAN_POINT('',(2.854595237567,-23.70833369727));
#8101 = CARTESIAN_POINT('',(2.869014168187,-23.59762719959));
#8102 = CARTESIAN_POINT('',(2.882559813766,-23.48346823342));
#8103 = CARTESIAN_POINT('',(2.895237620845,-23.36623939544));
#8104 = CARTESIAN_POINT('',(2.907053316607,-23.24632598416));
#8105 = CARTESIAN_POINT('',(2.91801365382,-23.1241158758));
#8106 = CARTESIAN_POINT('',(2.928127155764,-22.9999994));
#8107 = ( GEOMETRIC_REPRESENTATION_CONTEXT(2) 
PARAMETRIC_REPRESENTATION_CONTEXT() REPRESENTATION_CONTEXT('2D SPACE',''
  ) );
#8108 = ORIENTED_EDGE('',*,*,#8109,.F.);
#8109 = EDGE_CURVE('',#7278,#7748,#8110,.T.);
#8110 = SURFACE_CURVE('',#8111,(#8116,#8123),.PCURVE_S1.);
#8111 = CIRCLE('',#8112,4.);
#8112 = AXIS2_PLACEMENT_3D('',#8113,#8114,#8115);
#8113 = CARTESIAN_POINT('',(46.,5.,70.));
#8114 = DIRECTION('',(-1.,0.,0.));
#8115 = DIRECTION('',(0.,1.,0.));
#8116 = PCURVE('',#2881,#8117);
#8117 = DEFINITIONAL_REPRESENTATION('',(#8118),#8122);
#8118 = LINE('',#8119,#8120);
#8119 = CARTESIAN_POINT('',(-6.28318530718,-95.25));
#8120 = VECTOR('',#8121,1.);
#8121 = DIRECTION('',(1.,-0.));
#8122 = ( GEOMETRIC_REPRESENTATION_CONTEXT(2) 
PARAMETRIC_REPRESENTATION_CONTEXT() REPRESENTATION_CONTEXT('2D SPACE',''
  ) );
#8123 = PCURVE('',#4006,#8124);
#8124 = DEFINITIONAL_REPRESENTATION('',(#8125),#8133);
#8125 = ( BOUNDED_CURVE() B_SPLINE_CURVE(2,(#8126,#8127,#8128,#8129,
#8130,#8131,#8132),.UNSPECIFIED.,.T.,.F.) B_SPLINE_CURVE_WITH_KNOTS((1,2
    ,2,2,2,1),(-2.094395102393,0.,2.094395102393,4.188790204786,
6.28318530718,8.377580409573),.UNSPECIFIED.) CURVE() 
GEOMETRIC_REPRESENTATION_ITEM() RATIONAL_B_SPLINE_CURVE((1.,0.5,1.,0.5,
1.,0.5,1.)) REPRESENTATION_ITEM('') );
#8126 = CARTESIAN_POINT('',(0.,-4.));
#8127 = CARTESIAN_POINT('',(-6.928203230276,-4.));
#8128 = CARTESIAN_POINT('',(-3.464101615138,2.));
#8129 = CARTESIAN_POINT('',(-9.797174393179E-16,8.));
#8130 = CARTESIAN_POINT('',(3.464101615138,2.));
#8131 = CARTESIAN_POINT('',(6.928203230276,-4.));
#8132 = CARTESIAN_POINT('',(0.,-4.));
#8133 = ( GEOMETRIC_REPRESENTATION_CONTEXT(2) 
PARAMETRIC_REPRESENTATION_CONTEXT() REPRESENTATION_CONTEXT('2D SPACE',''
  ) );
#8134 = ORIENTED_EDGE('',*,*,#7277,.F.);
#8135 = ORIENTED_EDGE('',*,*,#8136,.F.);
#8136 = EDGE_CURVE('',#7093,#7091,#8137,.T.);
#8137 = SURFACE_CURVE('',#8138,(#8196,#8257),.PCURVE_S1.);
#8138 = B_SPLINE_CURVE_WITH_KNOTS('',6,(#8139,#8140,#8141,#8142,#8143,
    #8144,#8145,#8146,#8147,#8148,#8149,#8150,#8151,#8152,#8153,#8154,
    #8155,#8156,#8157,#8158,#8159,#8160,#8161,#8162,#8163,#8164,#8165,
    #8166,#8167,#8168,#8169,#8170,#8171,#8172,#8173,#8174,#8175,#8176,
    #8177,#8178,#8179,#8180,#8181,#8182,#8183,#8184,#8185,#8186,#8187,
    #8188,#8189,#8190,#8191,#8192,#8193,#8194,#8195),.UNSPECIFIED.,.F.,
  .F.,(7,5,5,5,5,5,5,5,5,5,5,7),(0.,0.108556941002,0.156628513361,
    0.284948558524,0.405282423856,0.500521201519,0.562504741277,
    0.59636173545,0.715822842683,0.843834420984,0.895009516791,1.),
  .UNSPECIFIED.);
#8139 = CARTESIAN_POINT('',(-3.,9.,70.));
#8140 = CARTESIAN_POINT('',(-3.,9.,69.785549008023));
#8141 = CARTESIAN_POINT('',(-2.981604055115,8.98620273363,
    69.573275801025));
#8142 = CARTESIAN_POINT('',(-2.945514363411,8.959136947517,
    69.36644208755));
#8143 = CARTESIAN_POINT('',(-2.893433725543,8.920350256124,
    69.168194387272));
#8144 = CARTESIAN_POINT('',(-2.828061600843,8.872369614791,
    68.981403669397));
#8145 = CARTESIAN_POINT('',(-2.72014168184,8.794554528171,
    68.732015451043));
#8146 = CARTESIAN_POINT('',(-2.684993275083,8.769376430165,
    68.657797753188));
#8147 = CARTESIAN_POINT('',(-2.647991504642,8.743070251164,
    68.585884890139));
#8148 = CARTESIAN_POINT('',(-2.609293440803,8.715792814484,
    68.516251635658));
#8149 = CARTESIAN_POINT('',(-2.569040376282,8.687690333363,
    68.44886588166));
#8150 = CARTESIAN_POINT('',(-2.416092343447,8.582042577024,
    68.209707501085));
#8151 = CARTESIAN_POINT('',(-2.294530596449,8.500197712557,
    68.051291012131));
#8152 = CARTESIAN_POINT('',(-2.164826052998,8.41578843627,
    67.907455558697));
#8153 = CARTESIAN_POINT('',(-2.028239037429,8.330673200712,
    67.777101813599));
#8154 = CARTESIAN_POINT('',(-1.885347210997,8.246379238001,
    67.659289147325));
#8155 = CARTESIAN_POINT('',(-1.596272661772,8.087783428404,
    67.454152486096));
#8156 = CARTESIAN_POINT('',(-1.450818352719,8.013169454148,
    67.365365961372));
#8157 = CARTESIAN_POINT('',(-1.300158255274,7.942228453387,
    67.286835751217));
#8158 = CARTESIAN_POINT('',(-1.144535981521,7.876658685435,
    67.218586068629));
#8159 = CARTESIAN_POINT('',(-0.984058257012,7.818405878707,
    67.160778508255));
#8160 = CARTESIAN_POINT('',(-0.687797227326,7.730829678087,
    67.076740743289));
#8161 = CARTESIAN_POINT('',(-0.553547236334,7.697919106839,
    67.046355341185));
#8162 = CARTESIAN_POINT('',(-0.416947449662,7.672165410264,
    67.023294799077));
#8163 = CARTESIAN_POINT('',(-0.278762405651,7.654589726621,
    67.007794818584));
#8164 = CARTESIAN_POINT('',(-0.139596922712,7.645751311065,67.));
#8165 = CARTESIAN_POINT('',(9.085281879165E-02,7.645751311065,67.));
#8166 = CARTESIAN_POINT('',(0.181640683752,7.649494599565,
    67.003301767951));
#8167 = CARTESIAN_POINT('',(0.272161476183,7.656973469547,67.00989610494
    ));
#8168 = CARTESIAN_POINT('',(0.362190456221,7.668077985026,
    67.019753093063));
#8169 = CARTESIAN_POINT('',(0.451479762851,7.682601783526,
    67.032809449508));
#8170 = CARTESIAN_POINT('',(0.587977697076,7.709886626824,
    67.057775474159));
#8171 = CARTESIAN_POINT('',(0.635911815626,7.720460370292,
    67.067519784856));
#8172 = CARTESIAN_POINT('',(0.683544040111,7.731927652722,
    67.078177732026));
#8173 = CARTESIAN_POINT('',(0.730855644193,7.744243560344,
    67.089737011446));
#8174 = CARTESIAN_POINT('',(0.777825404665,7.757359721862,67.10218409538
    ));
#8175 = CARTESIAN_POINT('',(0.988867971846,7.820144152201,
    67.162503039687));
#8176 = CARTESIAN_POINT('',(1.148451978949,7.87829283471,67.220282621754
    ));
#8177 = CARTESIAN_POINT('',(1.303221627448,7.943650286204,
    67.288398350566));
#8178 = CARTESIAN_POINT('',(1.453073098223,8.014302731542,
    67.366693028955));
#8179 = CARTESIAN_POINT('',(1.597768684021,8.088579848663,
    67.455146335188));
#8180 = CARTESIAN_POINT('',(1.886118208458,8.246828466307,
    67.659909301682));
#8181 = CARTESIAN_POINT('',(2.028983484841,8.331128642005,
    67.777779109037));
#8182 = CARTESIAN_POINT('',(2.165541450142,8.416243877826,
    67.908192298717));
#8183 = CARTESIAN_POINT('',(2.29521406635,8.50064737683,68.052091166162)
  );
#8184 = CARTESIAN_POINT('',(2.416739639694,8.582480115279,
    68.210576661106));
#8185 = CARTESIAN_POINT('',(2.572425444228,8.690032409863,
    68.454216677446));
#8186 = CARTESIAN_POINT('',(2.615261640083,8.719963794033,
    68.526318386164));
#8187 = CARTESIAN_POINT('',(2.656316116941,8.748943984091,
    68.600984224764));
#8188 = CARTESIAN_POINT('',(2.6954145501,8.776793358222,68.678250731855)
  );
#8189 = CARTESIAN_POINT('',(2.732362628174,8.803318853272,
    68.758145215564));
#8190 = CARTESIAN_POINT('',(2.837896417991,8.879594275559,
    69.010023536535));
#8191 = CARTESIAN_POINT('',(2.899690538502,8.925010397273,
    69.192399546563));
#8192 = CARTESIAN_POINT('',(2.948789225396,8.961592822439,
    69.385421764791));
#8193 = CARTESIAN_POINT('',(2.982734017917,8.987050280212,
    69.586358453615));
#8194 = CARTESIAN_POINT('',(3.,9.,69.792239615004));
#8195 = CARTESIAN_POINT('',(3.,9.,70.));
#8196 = PCURVE('',#2881,#8197);
#8197 = DEFINITIONAL_REPRESENTATION('',(#8198),#8256);
#8198 = B_SPLINE_CURVE_WITH_KNOTS('',6,(#8199,#8200,#8201,#8202,#8203,
    #8204,#8205,#8206,#8207,#8208,#8209,#8210,#8211,#8212,#8213,#8214,
    #8215,#8216,#8217,#8218,#8219,#8220,#8221,#8222,#8223,#8224,#8225,
    #8226,#8227,#8228,#8229,#8230,#8231,#8232,#8233,#8234,#8235,#8236,
    #8237,#8238,#8239,#8240,#8241,#8242,#8243,#8244,#8245,#8246,#8247,
    #8248,#8249,#8250,#8251,#8252,#8253,#8254,#8255),.UNSPECIFIED.,.F.,
  .F.,(7,5,5,5,5,5,5,5,5,5,5,7),(0.,0.108556941002,0.156628513361,
    0.284948558524,0.405282423856,0.500521201519,0.562504741277,
    0.59636173545,0.715822842683,0.843834420984,0.895009516791,1.),
  .UNSPECIFIED.);
#8199 = CARTESIAN_POINT('',(-6.28318530718,-46.25));
#8200 = CARTESIAN_POINT('',(-6.229572559185,-46.25));
#8201 = CARTESIAN_POINT('',(-6.176504154865,-46.26839594488));
#8202 = CARTESIAN_POINT('',(-6.124518824547,-46.30448563658));
#8203 = CARTESIAN_POINT('',(-6.074151756262,-46.35656627445));
#8204 = CARTESIAN_POINT('',(-6.02600074733,-46.42193839915));
#8205 = CARTESIAN_POINT('',(-5.960689152284,-46.52985831816));
#8206 = CARTESIAN_POINT('',(-5.941101925749,-46.56500672491));
#8207 = CARTESIAN_POINT('',(-5.92196646933,-46.60200849535));
#8208 = CARTESIAN_POINT('',(-5.903277029181,-46.64070655919));
#8209 = CARTESIAN_POINT('',(-5.885028180872,-46.68095962371));
#8210 = CARTESIAN_POINT('',(-5.819664687898,-46.83390765655));
#8211 = CARTESIAN_POINT('',(-5.775169881461,-46.95546940355));
#8212 = CARTESIAN_POINT('',(-5.73355700527,-47.085173947));
#8213 = CARTESIAN_POINT('',(-5.694692837617,-47.22176096257));
#8214 = CARTESIAN_POINT('',(-5.658501973596,-47.364652789));
#8215 = CARTESIAN_POINT('',(-5.593678327928,-47.65372733822));
#8216 = CARTESIAN_POINT('',(-5.564708487678,-47.79918164728));
#8217 = CARTESIAN_POINT('',(-5.538273563875,-47.94984174472));
#8218 = CARTESIAN_POINT('',(-5.514623638904,-48.10546401847));
#8219 = CARTESIAN_POINT('',(-5.494109567495,-48.26594174298));
#8220 = CARTESIAN_POINT('',(-5.463765769884,-48.56220277267));
#8221 = CARTESIAN_POINT('',(-5.452569730053,-48.69645276366));
#8222 = CARTESIAN_POINT('',(-5.443928005627,-48.83305255033));
#8223 = CARTESIAN_POINT('',(-5.438069346193,-48.97123759434));
#8224 = CARTESIAN_POINT('',(-5.435123228198,-49.11040307728));
#8225 = CARTESIAN_POINT('',(-5.435123228198,-49.34085281879));
#8226 = CARTESIAN_POINT('',(-5.436371062584,-49.43164068375));
#8227 = CARTESIAN_POINT('',(-5.43886381939,-49.52216147618));
#8228 = CARTESIAN_POINT('',(-5.44257582047,-49.61219045622));
#8229 = CARTESIAN_POINT('',(-5.447458065547,-49.70147976285));
#8230 = CARTESIAN_POINT('',(-5.456703892513,-49.83797769707));
#8231 = CARTESIAN_POINT('',(-5.46029862609,-49.88591181562));
#8232 = CARTESIAN_POINT('',(-5.464212404577,-49.93354404011));
#8233 = CARTESIAN_POINT('',(-5.468435006622,-49.98085564419));
#8234 = CARTESIAN_POINT('',(-5.472955461929,-50.02782540466));
#8235 = CARTESIAN_POINT('',(-5.494721633698,-50.23886797184));
#8236 = CARTESIAN_POINT('',(-5.515212286506,-50.39845197894));
#8237 = CARTESIAN_POINT('',(-5.538801334443,-50.55322162744));
#8238 = CARTESIAN_POINT('',(-5.565144458987,-50.70307309822));
#8239 = CARTESIAN_POINT('',(-5.593996675581,-50.84776868402));
#8240 = CARTESIAN_POINT('',(-5.658693322245,-51.13611820845));
#8241 = CARTESIAN_POINT('',(-5.694896678311,-51.27898348484));
#8242 = CARTESIAN_POINT('',(-5.73377323431,-51.41554145014));
#8243 = CARTESIAN_POINT('',(-5.775398985516,-51.54521406635));
#8244 = CARTESIAN_POINT('',(-5.819907646706,-51.66673963969));
#8245 = CARTESIAN_POINT('',(-5.88648840295,-51.82242544422));
#8246 = CARTESIAN_POINT('',(-5.906000467104,-51.86526164008));
#8247 = CARTESIAN_POINT('',(-5.926015318792,-51.90631611694));
#8248 = CARTESIAN_POINT('',(-5.946538767467,-51.9454145501));
#8249 = CARTESIAN_POINT('',(-5.967577056344,-51.98236262817));
#8250 = CARTESIAN_POINT('',(-6.033370591655,-52.08789641799));
#8251 = CARTESIAN_POINT('',(-6.080298432936,-52.1496905385));
#8252 = CARTESIAN_POINT('',(-6.12928884775,-52.19878922539));
#8253 = CARTESIAN_POINT('',(-6.179774835123,-52.23273401791));
#8254 = CARTESIAN_POINT('',(-6.231245210931,-52.25));
#8255 = CARTESIAN_POINT('',(-6.28318530718,-52.25));
#8256 = ( GEOMETRIC_REPRESENTATION_CONTEXT(2) 
PARAMETRIC_REPRESENTATION_CONTEXT() REPRESENTATION_CONTEXT('2D SPACE',''
  ) );
#8257 = PCURVE('',#4656,#8258);
#8258 = DEFINITIONAL_REPRESENTATION('',(#8259),#8317);
#8259 = B_SPLINE_CURVE_WITH_KNOTS('',6,(#8260,#8261,#8262,#8263,#8264,
    #8265,#8266,#8267,#8268,#8269,#8270,#8271,#8272,#8273,#8274,#8275,
    #8276,#8277,#8278,#8279,#8280,#8281,#8282,#8283,#8284,#8285,#8286,
    #8287,#8288,#8289,#8290,#8291,#8292,#8293,#8294,#8295,#8296,#8297,
    #8298,#8299,#8300,#8301,#8302,#8303,#8304,#8305,#8306,#8307,#8308,
    #8309,#8310,#8311,#8312,#8313,#8314,#8315,#8316),.UNSPECIFIED.,.F.,
  .F.,(7,5,5,5,5,5,5,5,5,5,5,7),(0.,0.108556941002,0.156628513361,
    0.284948558524,0.405282423856,0.500521201519,0.562504741277,
    0.59636173545,0.715822842683,0.843834420984,0.895009516791,1.),
  .UNSPECIFIED.);
#8260 = CARTESIAN_POINT('',(-3.14159265359,-22.));
#8261 = CARTESIAN_POINT('',(-3.213076317582,-22.));
#8262 = CARTESIAN_POINT('',(-3.283834028711,-22.01379726637));
#8263 = CARTESIAN_POINT('',(-3.35343626455,-22.04086305248));
#8264 = CARTESIAN_POINT('',(-3.42142383711,-22.07964974387));
#8265 = CARTESIAN_POINT('',(-3.487220630142,-22.1276303852));
#8266 = CARTESIAN_POINT('',(-3.577799749867,-22.20544547182));
#8267 = CARTESIAN_POINT('',(-3.605157580435,-22.23062356983));
#8268 = CARTESIAN_POINT('',(-3.632093848314,-22.25692974883));
#8269 = CARTESIAN_POINT('',(-3.658628527584,-22.28420718551));
#8270 = CARTESIAN_POINT('',(-3.68478090835,-22.31230966663));
#8271 = CARTESIAN_POINT('',(-3.779408735916,-22.41795742297));
#8272 = CARTESIAN_POINT('',(-3.845726307078,-22.49980228744));
#8273 = CARTESIAN_POINT('',(-3.909997953993,-22.58421156373));
#8274 = CARTESIAN_POINT('',(-3.97268169133,-22.66932679928));
#8275 = CARTESIAN_POINT('',(-4.034252681112,-22.75362076199));
#8276 = CARTESIAN_POINT('',(-4.152407544081,-22.91221657159));
#8277 = CARTESIAN_POINT('',(-4.209075762882,-22.98683054585));
#8278 = CARTESIAN_POINT('',(-4.265516448312,-23.05777154661));
#8279 = CARTESIAN_POINT('',(-4.321967945484,-23.12334131456));
#8280 = CARTESIAN_POINT('',(-4.378688736046,-23.18159412129));
#8281 = CARTESIAN_POINT('',(-4.481338595953,-23.26917032191));
#8282 = CARTESIAN_POINT('',(-4.527154002822,-23.30208089316));
#8283 = CARTESIAN_POINT('',(-4.5732248843,-23.32783458973));
#8284 = CARTESIAN_POINT('',(-4.619468244878,-23.34541027337));
#8285 = CARTESIAN_POINT('',(-4.665856672814,-23.35424868893));
#8286 = CARTESIAN_POINT('',(-4.742673253315,-23.35424868893));
#8287 = CARTESIAN_POINT('',(-4.772935910442,-23.35050540043));
#8288 = CARTESIAN_POINT('',(-4.803159405318,-23.34302653045));
#8289 = CARTESIAN_POINT('',(-4.833318781271,-23.33192201497));
#8290 = CARTESIAN_POINT('',(-4.863379187799,-23.31739821647));
#8291 = CARTESIAN_POINT('',(-4.909633302852,-23.29011337317));
#8292 = CARTESIAN_POINT('',(-4.925934996802,-23.2795396297));
#8293 = CARTESIAN_POINT('',(-4.942200350736,-23.26807234727));
#8294 = CARTESIAN_POINT('',(-4.958430159184,-23.25575643965));
#8295 = CARTESIAN_POINT('',(-4.974624139292,-23.24264027813));
#8296 = CARTESIAN_POINT('',(-5.047788596514,-23.17985584779));
#8297 = CARTESIAN_POINT('',(-5.104228117828,-23.12170716529));
#8298 = CARTESIAN_POINT('',(-5.160404229717,-23.05634971379));
#8299 = CARTESIAN_POINT('',(-5.216572392231,-22.98569726845));
#8300 = CARTESIAN_POINT('',(-5.272968815586,-22.91142015133));
#8301 = CARTESIAN_POINT('',(-5.390854504421,-22.75317153369));
#8302 = CARTESIAN_POINT('',(-5.452430755605,-22.66887135799));
#8303 = CARTESIAN_POINT('',(-5.515121094896,-22.58375612217));
#8304 = CARTESIAN_POINT('',(-5.579401219498,-22.49935262317));
#8305 = CARTESIAN_POINT('',(-5.645729543454,-22.41751988472));
#8306 = CARTESIAN_POINT('',(-5.742107576507,-22.30996759013));
#8307 = CARTESIAN_POINT('',(-5.770048292644,-22.28003620596));
#8308 = CARTESIAN_POINT('',(-5.798427011295,-22.2510560159));
#8309 = CARTESIAN_POINT('',(-5.827265838171,-22.22320664177));
#8310 = CARTESIAN_POINT('',(-5.856587864585,-22.19668114672));
#8311 = CARTESIAN_POINT('',(-5.947619037127,-22.12040572444));
#8312 = CARTESIAN_POINT('',(-6.011648279724,-22.07498960272));
#8313 = CARTESIAN_POINT('',(-6.077727921389,-22.03840717756));
#8314 = CARTESIAN_POINT('',(-6.145304811113,-22.01294971978));
#8315 = CARTESIAN_POINT('',(-6.213931845514,-22.));
#8316 = CARTESIAN_POINT('',(-6.28318530718,-22.));
#8317 = ( GEOMETRIC_REPRESENTATION_CONTEXT(2) 
PARAMETRIC_REPRESENTATION_CONTEXT() REPRESENTATION_CONTEXT('2D SPACE',''
  ) );
#8318 = ORIENTED_EDGE('',*,*,#8319,.F.);
#8319 = EDGE_CURVE('',#8320,#7093,#8322,.T.);
#8320 = VERTEX_POINT('',#8321);
#8321 = CARTESIAN_POINT('',(-49.25,9.,70.));
#8322 = SEAM_CURVE('',#8323,(#8327,#8334),.PCURVE_S1.);
#8323 = LINE('',#8324,#8325);
#8324 = CARTESIAN_POINT('',(-49.25,9.,70.));
#8325 = VECTOR('',#8326,1.);
#8326 = DIRECTION('',(1.,0.,0.));
#8327 = PCURVE('',#2881,#8328);
#8328 = DEFINITIONAL_REPRESENTATION('',(#8329),#8333);
#8329 = LINE('',#8330,#8331);
#8330 = CARTESIAN_POINT('',(-0.,0.));
#8331 = VECTOR('',#8332,1.);
#8332 = DIRECTION('',(-0.,-1.));
#8333 = ( GEOMETRIC_REPRESENTATION_CONTEXT(2) 
PARAMETRIC_REPRESENTATION_CONTEXT() REPRESENTATION_CONTEXT('2D SPACE',''
  ) );
#8334 = PCURVE('',#2881,#8335);
#8335 = DEFINITIONAL_REPRESENTATION('',(#8336),#8340);
#8336 = LINE('',#8337,#8338);
#8337 = CARTESIAN_POINT('',(-6.28318530718,0.));
#8338 = VECTOR('',#8339,1.);
#8339 = DIRECTION('',(-0.,-1.));
#8340 = ( GEOMETRIC_REPRESENTATION_CONTEXT(2) 
PARAMETRIC_REPRESENTATION_CONTEXT() REPRESENTATION_CONTEXT('2D SPACE',''
  ) );
#8341 = ORIENTED_EDGE('',*,*,#8342,.F.);
#8342 = EDGE_CURVE('',#8320,#8320,#8343,.T.);
#8343 = SURFACE_CURVE('',#8344,(#8349,#8356),.PCURVE_S1.);
#8344 = CIRCLE('',#8345,4.);
#8345 = AXIS2_PLACEMENT_3D('',#8346,#8347,#8348);
#8346 = CARTESIAN_POINT('',(-49.25,5.,70.));
#8347 = DIRECTION('',(1.,0.,0.));
#8348 = DIRECTION('',(0.,1.,0.));
#8349 = PCURVE('',#2881,#8350);
#8350 = DEFINITIONAL_REPRESENTATION('',(#8351),#8355);
#8351 = LINE('',#8352,#8353);
#8352 = CARTESIAN_POINT('',(-0.,0.));
#8353 = VECTOR('',#8354,1.);
#8354 = DIRECTION('',(-1.,0.));
#8355 = ( GEOMETRIC_REPRESENTATION_CONTEXT(2) 
PARAMETRIC_REPRESENTATION_CONTEXT() REPRESENTATION_CONTEXT('2D SPACE',''
  ) );
#8356 = PCURVE('',#8357,#8362);
#8357 = PLANE('',#8358);
#8358 = AXIS2_PLACEMENT_3D('',#8359,#8360,#8361);
#8359 = CARTESIAN_POINT('',(-49.25,5.,70.));
#8360 = DIRECTION('',(1.,0.,0.));
#8361 = DIRECTION('',(-0.,0.,1.));
#8362 = DEFINITIONAL_REPRESENTATION('',(#8363),#8367);
#8363 = CIRCLE('',#8364,4.);
#8364 = AXIS2_PLACEMENT_2D('',#8365,#8366);
#8365 = CARTESIAN_POINT('',(0.,8.881784197001E-16));
#8366 = DIRECTION('',(0.,-1.));
#8367 = ( GEOMETRIC_REPRESENTATION_CONTEXT(2) 
PARAMETRIC_REPRESENTATION_CONTEXT() REPRESENTATION_CONTEXT('2D SPACE',''
  ) );
#8368 = ORIENTED_EDGE('',*,*,#8319,.T.);
#8369 = FACE_BOUND('',#8370,.T.);
#8370 = EDGE_LOOP('',(#8371,#8372,#8373,#8468,#8494,#8622,#8648,#8776,
    #8797,#8890));
#8371 = ORIENTED_EDGE('',*,*,#2639,.F.);
#8372 = ORIENTED_EDGE('',*,*,#7047,.F.);
#8373 = ORIENTED_EDGE('',*,*,#8374,.F.);
#8374 = EDGE_CURVE('',#8375,#7019,#8377,.T.);
#8375 = VERTEX_POINT('',#8376);
#8376 = CARTESIAN_POINT('',(-32.87907919503,2.354248688935,73.));
#8377 = SURFACE_CURVE('',#8378,(#8406,#8437),.PCURVE_S1.);
#8378 = B_SPLINE_CURVE_WITH_KNOTS('',6,(#8379,#8380,#8381,#8382,#8383,
    #8384,#8385,#8386,#8387,#8388,#8389,#8390,#8391,#8392,#8393,#8394,
    #8395,#8396,#8397,#8398,#8399,#8400,#8401,#8402,#8403,#8404,#8405),
  .UNSPECIFIED.,.F.,.F.,(7,5,5,5,5,7),(0.,0.168226489872,0.284320411476,
    0.612122285601,0.89675619961,1.),.UNSPECIFIED.);
#8379 = CARTESIAN_POINT('',(-32.87907941995,2.354249369272,73.0000006));
#8380 = CARTESIAN_POINT('',(-32.83767778584,2.229021450672,
    72.889560007215));
#8381 = CARTESIAN_POINT('',(-32.8013453943,2.110259509767,
    72.773670068271));
#8382 = CARTESIAN_POINT('',(-32.76953668719,1.998261809909,
    72.652906323464));
#8383 = CARTESIAN_POINT('',(-32.7417402792,1.893266827706,
    72.527880033314));
#8384 = CARTESIAN_POINT('',(-32.71748553589,1.795446601639,
    72.399238875065));
#8385 = CARTESIAN_POINT('',(-32.6817628297,1.642413484712,
    72.176869687214));
#8386 = CARTESIAN_POINT('',(-32.66865266366,1.583352645716,
    72.084620738261));
#8387 = CARTESIAN_POINT('',(-32.65687115355,1.527707388377,
    71.99106931252));
#8388 = CARTESIAN_POINT('',(-32.64628690554,1.475462677697,
    71.896356553987));
#8389 = CARTESIAN_POINT('',(-32.63678348812,1.426599420389,
    71.800616163731));
#8390 = CARTESIAN_POINT('',(-32.60418660147,1.252610098418,
    71.431097228709));
#8391 = CARTESIAN_POINT('',(-32.58791604002,1.15091736893,71.15105726178
    ));
#8392 = CARTESIAN_POINT('',(-32.57709421984,1.075286482213,
    70.866232733204));
#8393 = CARTESIAN_POINT('',(-32.57034176174,1.025094770739,
    70.578449428418));
#8394 = CARTESIAN_POINT('',(-32.56696562634,1.,70.289222200426));
#8395 = CARTESIAN_POINT('',(-32.56696562634,1.,69.748865234083));
#8396 = CARTESIAN_POINT('',(-32.56951110666,1.018920580647,
    69.497730983515));
#8397 = CARTESIAN_POINT('',(-32.57460202433,1.056761747489,
    69.247548420048));
#8398 = CARTESIAN_POINT('',(-32.58263212146,1.113716247322,
    68.999299053903));
#8399 = CARTESIAN_POINT('',(-32.59438572171,1.190144337038,68.7541176743
    ));
#8400 = CARTESIAN_POINT('',(-32.61724862712,1.321454050958,
    68.426105410617));
#8401 = CARTESIAN_POINT('',(-32.62399519161,1.359027030961,
    68.33938712768));
#8402 = CARTESIAN_POINT('',(-32.63146382101,1.399240271849,
    68.253334618074));
#8403 = CARTESIAN_POINT('',(-32.63972472907,1.442111850467,
    68.168028063727));
#8404 = CARTESIAN_POINT('',(-32.64885728252,1.487659124259,
    68.083552816863));
#8405 = CARTESIAN_POINT('',(-32.65895000103,1.535898731272,67.9999994));
#8406 = PCURVE('',#2881,#8407);
#8407 = DEFINITIONAL_REPRESENTATION('',(#8408),#8436);
#8408 = B_SPLINE_CURVE_WITH_KNOTS('',6,(#8409,#8410,#8411,#8412,#8413,
    #8414,#8415,#8416,#8417,#8418,#8419,#8420,#8421,#8422,#8423,#8424,
    #8425,#8426,#8427,#8428,#8429,#8430,#8431,#8432,#8433,#8434,#8435),
  .UNSPECIFIED.,.F.,.F.,(7,5,5,5,5,7),(0.,0.168226489872,0.284320411476,
    0.612122285601,0.89675619961,1.),.UNSPECIFIED.);
#8409 = CARTESIAN_POINT('',(-2.29353034783,-16.37092058004));
#8410 = CARTESIAN_POINT('',(-2.335272979014,-16.41232221415));
#8411 = CARTESIAN_POINT('',(-2.376704364087,-16.44865460569));
#8412 = CARTESIAN_POINT('',(-2.417804216862,-16.4804633128));
#8413 = CARTESIAN_POINT('',(-2.458548107501,-16.50825972079));
#8414 = CARTESIAN_POINT('',(-2.498904914365,-16.5325144641));
#8415 = CARTESIAN_POINT('',(-2.566389723111,-16.56823717029));
#8416 = CARTESIAN_POINT('',(-2.593758464532,-16.58134733633));
#8417 = CARTESIAN_POINT('',(-2.620949015008,-16.59312884645));
#8418 = CARTESIAN_POINT('',(-2.647969551508,-16.60371309445));
#8419 = CARTESIAN_POINT('',(-2.67482811914,-16.61321651188));
#8420 = CARTESIAN_POINT('',(-2.776936066767,-16.64581339852));
#8421 = CARTESIAN_POINT('',(-2.851106097058,-16.66208395997));
#8422 = CARTESIAN_POINT('',(-2.924354185315,-16.67290578015));
#8423 = CARTESIAN_POINT('',(-2.996980258224,-16.67965823825));
#8424 = CARTESIAN_POINT('',(-3.069287103483,-16.68303437365));
#8425 = CARTESIAN_POINT('',(-3.204376345069,-16.68303437365));
#8426 = CARTESIAN_POINT('',(-3.267159922926,-16.68048889333));
#8427 = CARTESIAN_POINT('',(-3.330150953352,-16.67539797566));
#8428 = CARTESIAN_POINT('',(-3.393549885352,-16.66736787853));
#8429 = CARTESIAN_POINT('',(-3.457555985127,-16.65561427828));
#8430 = CARTESIAN_POINT('',(-3.545885724632,-16.63275137287));
#8431 = CARTESIAN_POINT('',(-3.569503489345,-16.62600480838));
#8432 = CARTESIAN_POINT('',(-3.593235354206,-16.61853617898));
#8433 = CARTESIAN_POINT('',(-3.617088924819,-16.61027527092));
#8434 = CARTESIAN_POINT('',(-3.641071806122,-16.60114271747));
#8435 = CARTESIAN_POINT('',(-3.665191602393,-16.59104999896));
#8436 = ( GEOMETRIC_REPRESENTATION_CONTEXT(2) 
PARAMETRIC_REPRESENTATION_CONTEXT() REPRESENTATION_CONTEXT('2D SPACE',''
  ) );
#8437 = PCURVE('',#7035,#8438);
#8438 = DEFINITIONAL_REPRESENTATION('',(#8439),#8467);
#8439 = B_SPLINE_CURVE_WITH_KNOTS('',6,(#8440,#8441,#8442,#8443,#8444,
    #8445,#8446,#8447,#8448,#8449,#8450,#8451,#8452,#8453,#8454,#8455,
    #8456,#8457,#8458,#8459,#8460,#8461,#8462,#8463,#8464,#8465,#8466),
  .UNSPECIFIED.,.F.,.F.,(7,5,5,5,5,7),(1.523230441987E-07,0.168226489872
    ,0.284320411476,0.612122285601,0.89675619961,0.999999876434),
  .UNSPECIFIED.);
#8440 = CARTESIAN_POINT('',(6.602482996785,-18.));
#8441 = CARTESIAN_POINT('',(6.58489710033,-18.11044051745));
#8442 = CARTESIAN_POINT('',(6.568341916513,-18.22633036911));
#8443 = CARTESIAN_POINT('',(6.552822604567,-18.34709401615));
#8444 = CARTESIAN_POINT('',(6.538343853492,-18.47212019964));
#8445 = CARTESIAN_POINT('',(6.524907486383,-18.60076124406));
#8446 = CARTESIAN_POINT('',(6.50395453585,-18.82313031278));
#8447 = CARTESIAN_POINT('',(6.495888556108,-18.91537926173));
#8448 = CARTESIAN_POINT('',(6.488305214274,-19.00893068748));
#8449 = CARTESIAN_POINT('',(6.481198077844,-19.10364344601));
#8450 = CARTESIAN_POINT('',(6.474561058302,-19.19938383626));
#8451 = CARTESIAN_POINT('',(6.450958858337,-19.56890277129));
#8452 = CARTESIAN_POINT('',(6.437232182929,-19.84894273822));
#8453 = CARTESIAN_POINT('',(6.427045438515,-20.13376726679));
#8454 = CARTESIAN_POINT('',(6.420293035959,-20.42155057158));
#8455 = CARTESIAN_POINT('',(6.41691689659,-20.71077779957));
#8456 = CARTESIAN_POINT('',(6.41691689659,-21.25113476591));
#8457 = CARTESIAN_POINT('',(6.419462376834,-21.50226901648));
#8458 = CARTESIAN_POINT('',(6.424553283421,-21.75245157995));
#8459 = CARTESIAN_POINT('',(6.432222259384,-22.00070094609));
#8460 = CARTESIAN_POINT('',(6.4425304602,-22.2458823257));
#8461 = CARTESIAN_POINT('',(6.460301818977,-22.57389448488));
#8462 = CARTESIAN_POINT('',(6.465391610436,-22.66061266474));
#8463 = CARTESIAN_POINT('',(6.470844887171,-22.74666507295));
#8464 = CARTESIAN_POINT('',(6.476665996942,-22.83197152788));
#8465 = CARTESIAN_POINT('',(6.482859633577,-22.91644667762));
#8466 = CARTESIAN_POINT('',(6.489430836974,-23.));
#8467 = ( GEOMETRIC_REPRESENTATION_CONTEXT(2) 
PARAMETRIC_REPRESENTATION_CONTEXT() REPRESENTATION_CONTEXT('2D SPACE',''
  ) );
#8468 = ORIENTED_EDGE('',*,*,#8469,.F.);
#8469 = EDGE_CURVE('',#8470,#8375,#8472,.T.);
#8470 = VERTEX_POINT('',#8471);
#8471 = CARTESIAN_POINT('',(-31.57266275086,2.354248688935,73.));
#8472 = SURFACE_CURVE('',#8473,(#8477,#8483),.PCURVE_S1.);
#8473 = LINE('',#8474,#8475);
#8474 = CARTESIAN_POINT('',(-49.25,2.354248688935,73.));
#8475 = VECTOR('',#8476,1.);
#8476 = DIRECTION('',(-1.,-0.,-0.));
#8477 = PCURVE('',#2881,#8478);
#8478 = DEFINITIONAL_REPRESENTATION('',(#8479),#8482);
#8479 = B_SPLINE_CURVE_WITH_KNOTS('',1,(#8480,#8481),.UNSPECIFIED.,.F.,
  .F.,(2,2),(-19.75,5.999999999062E-07),.PIECEWISE_BEZIER_KNOTS.);
#8480 = CARTESIAN_POINT('',(-2.293530574608,-19.75));
#8481 = CARTESIAN_POINT('',(-2.293530574608,5.999999999062E-07));
#8482 = ( GEOMETRIC_REPRESENTATION_CONTEXT(2) 
PARAMETRIC_REPRESENTATION_CONTEXT() REPRESENTATION_CONTEXT('2D SPACE',''
  ) );
#8483 = PCURVE('',#8484,#8489);
#8484 = PLANE('',#8485);
#8485 = AXIS2_PLACEMENT_3D('',#8486,#8487,#8488);
#8486 = CARTESIAN_POINT('',(-40.,5.8048458399E-16,73.));
#8487 = DIRECTION('',(0.,0.,1.));
#8488 = DIRECTION('',(1.,0.,-0.));
#8489 = DEFINITIONAL_REPRESENTATION('',(#8490),#8493);
#8490 = B_SPLINE_CURVE_WITH_KNOTS('',1,(#8491,#8492),.UNSPECIFIED.,.F.,
  .F.,(2,2),(-19.75,5.999999999062E-07),.PIECEWISE_BEZIER_KNOTS.);
#8491 = CARTESIAN_POINT('',(10.5,2.354248688935));
#8492 = CARTESIAN_POINT('',(-9.2500006,2.354248688935));
#8493 = ( GEOMETRIC_REPRESENTATION_CONTEXT(2) 
PARAMETRIC_REPRESENTATION_CONTEXT() REPRESENTATION_CONTEXT('2D SPACE',''
  ) );
#8494 = ORIENTED_EDGE('',*,*,#8495,.F.);
#8495 = EDGE_CURVE('',#8496,#8470,#8498,.T.);
#8496 = VERTEX_POINT('',#8497);
#8497 = CARTESIAN_POINT('',(-35.74500447833,7.645751311065,73.));
#8498 = SURFACE_CURVE('',#8499,(#8538,#8580),.PCURVE_S1.);
#8499 = B_SPLINE_CURVE_WITH_KNOTS('',7,(#8500,#8501,#8502,#8503,#8504,
    #8505,#8506,#8507,#8508,#8509,#8510,#8511,#8512,#8513,#8514,#8515,
    #8516,#8517,#8518,#8519,#8520,#8521,#8522,#8523,#8524,#8525,#8526,
    #8527,#8528,#8529,#8530,#8531,#8532,#8533,#8534,#8535,#8536,#8537),
  .UNSPECIFIED.,.F.,.F.,(8,6,6,6,6,6,8),(0.,0.50143945352,0.620397350853
    ,0.683017481213,0.809504627209,0.934227860454,1.),.UNSPECIFIED.);
#8500 = CARTESIAN_POINT('',(-35.74500570082,7.6457519914,72.9999994));
#8501 = CARTESIAN_POINT('',(-35.36352357114,7.433450534477,
    73.187231771591));
#8502 = CARTESIAN_POINT('',(-34.98829110392,7.195543139208,
    73.365884711533));
#8503 = CARTESIAN_POINT('',(-34.61654157535,6.928814735398,
    73.53343933293));
#8504 = CARTESIAN_POINT('',(-34.24861039459,6.629609972554,
    73.685702543177));
#8505 = CARTESIAN_POINT('',(-33.88697795841,6.294660657297,
    73.815889677266));
#8506 = CARTESIAN_POINT('',(-33.53636036986,5.921479931361,
    73.914417176109));
#8507 = CARTESIAN_POINT('',(-33.12402256934,5.412873182448,
    73.979849722271));
#8508 = CARTESIAN_POINT('',(-33.04590452076,5.313179721216,
    73.989832265362));
#8509 = CARTESIAN_POINT('',(-32.96887457831,5.211387003988,
    73.997051662253));
#8510 = CARTESIAN_POINT('',(-32.89306995864,5.107576573766,
    74.001306240296));
#8511 = CARTESIAN_POINT('',(-32.81862192801,5.001840799325,
    74.002391497295));
#8512 = CARTESIAN_POINT('',(-32.74565520657,4.894283720129,
    74.000099598553));
#8513 = CARTESIAN_POINT('',(-32.63671892881,4.727505827834,
    73.991123226201));
#8514 = CARTESIAN_POINT('',(-32.59960087573,4.669528577032,
    73.987033708803));
#8515 = CARTESIAN_POINT('',(-32.56296089949,4.611124171033,
    73.981921003202));
#8516 = CARTESIAN_POINT('',(-32.52682470891,4.552327360501,
    73.975757234395));
#8517 = CARTESIAN_POINT('',(-32.49121603536,4.493173614584,
    73.968515970896));
#8518 = CARTESIAN_POINT('',(-32.45615663282,4.433699120908,
    73.960172224738));
#8519 = CARTESIAN_POINT('',(-32.35199879969,4.253234213418,
    73.931574343829));
#8520 = CARTESIAN_POINT('',(-32.28461053316,4.131296012706,
    73.907840401399));
#8521 = CARTESIAN_POINT('',(-32.21976657634,4.008594168602,
    73.879322986078));
#8522 = CARTESIAN_POINT('',(-32.15767136112,3.885604165542,
    73.845903741565));
#8523 = CARTESIAN_POINT('',(-32.09847281636,3.762803448198,
    73.807525944981));
#8524 = CARTESIAN_POINT('',(-32.04226653118,3.640665882418,
    73.764196858495));
#8525 = CARTESIAN_POINT('',(-31.93667473451,3.400334077083,
    73.668455565775));
#8526 = CARTESIAN_POINT('',(-31.88725797095,3.282229056352,
    73.616226421571));
#8527 = CARTESIAN_POINT('',(-31.84088326679,3.165778256012,
    73.559388788404));
#8528 = CARTESIAN_POINT('',(-31.79754074318,3.051410286837,
    73.498091347954));
#8529 = CARTESIAN_POINT('',(-31.75718296314,2.939538142754,
    73.432547560958));
#8530 = CARTESIAN_POINT('',(-31.71973089156,2.830552075257,
    73.363037904665));
#8531 = CARTESIAN_POINT('',(-31.66680681377,2.669051243265,
    73.251349608119));
#8532 = CARTESIAN_POINT('',(-31.64930793495,2.614177861739,
    73.211771208861));
#8533 = CARTESIAN_POINT('',(-31.63256186533,2.560225987789,
    73.171213227476));
#8534 = CARTESIAN_POINT('',(-31.61654679297,2.50722760453,
    73.129714482356));
#8535 = CARTESIAN_POINT('',(-31.60124044729,2.455213013649,
    73.087316295327));
#8536 = CARTESIAN_POINT('',(-31.58662009915,2.404210835399,
    73.044062491646));
#8537 = CARTESIAN_POINT('',(-31.5726625608,2.3542480086,72.9999994));
#8538 = PCURVE('',#2881,#8539);
#8539 = DEFINITIONAL_REPRESENTATION('',(#8540),#8579);
#8540 = B_SPLINE_CURVE_WITH_KNOTS('',7,(#8541,#8542,#8543,#8544,#8545,
    #8546,#8547,#8548,#8549,#8550,#8551,#8552,#8553,#8554,#8555,#8556,
    #8557,#8558,#8559,#8560,#8561,#8562,#8563,#8564,#8565,#8566,#8567,
    #8568,#8569,#8570,#8571,#8572,#8573,#8574,#8575,#8576,#8577,#8578),
  .UNSPECIFIED.,.F.,.F.,(8,6,6,6,6,6,8),(0.,0.50143945352,0.620397350853
    ,0.683017481213,0.809504627209,0.934227860454,1.),.UNSPECIFIED.);
#8541 = CARTESIAN_POINT('',(-0.848061852203,-13.50499429917));
#8542 = CARTESIAN_POINT('',(-0.918829018664,-13.88647642886));
#8543 = CARTESIAN_POINT('',(-0.992978152418,-14.26170889607));
#8544 = CARTESIAN_POINT('',(-1.07127777755,-14.63345842464));
#8545 = CARTESIAN_POINT('',(-1.154535589328,-15.0013896054));
#8546 = CARTESIAN_POINT('',(-1.243554176474,-15.36302204158));
#8547 = CARTESIAN_POINT('',(-1.339230542214,-15.71363963013));
#8548 = CARTESIAN_POINT('',(-1.467430152962,-16.12597743065));
#8549 = CARTESIAN_POINT('',(-1.492468222586,-16.20409547923));
#8550 = CARTESIAN_POINT('',(-1.517962959026,-16.28112542168));
#8551 = CARTESIAN_POINT('',(-1.54391598441,-16.35693004135));
#8552 = CARTESIAN_POINT('',(-1.57033055552,-16.43137807198));
#8553 = CARTESIAN_POINT('',(-1.597211768065,-16.50434479342));
#8554 = CARTESIAN_POINT('',(-1.63896658861,-16.61328107118));
#8555 = CARTESIAN_POINT('',(-1.653494892613,-16.65039912426));
#8556 = CARTESIAN_POINT('',(-1.668148465849,-16.6870391005));
#8557 = CARTESIAN_POINT('',(-1.682924272379,-16.72317529108));
#8558 = CARTESIAN_POINT('',(-1.697819447442,-16.75878396463));
#8559 = CARTESIAN_POINT('',(-1.71283129745,-16.79384336717));
#8560 = CARTESIAN_POINT('',(-1.758510492405,-16.8980012003));
#8561 = CARTESIAN_POINT('',(-1.789548052224,-16.96538946684));
#8562 = CARTESIAN_POINT('',(-1.821007830394,-17.03023342365));
#8563 = CARTESIAN_POINT('',(-1.852830438531,-17.09232863887));
#8564 = CARTESIAN_POINT('',(-1.88495806281,-17.15152718364));
#8565 = CARTESIAN_POINT('',(-1.917333277834,-17.20773346881));
#8566 = CARTESIAN_POINT('',(-1.982008317353,-17.31332526548));
#8567 = CARTESIAN_POINT('',(-2.014270489309,-17.36274202904));
#8568 = CARTESIAN_POINT('',(-2.046628831028,-17.4091167332));
#8569 = CARTESIAN_POINT('',(-2.079026578808,-17.45245925681));
#8570 = CARTESIAN_POINT('',(-2.111404241045,-17.49281703685));
#8571 = CARTESIAN_POINT('',(-2.143698088669,-17.53026910843));
#8572 = CARTESIAN_POINT('',(-2.192787798843,-17.58319318623));
#8573 = CARTESIAN_POINT('',(-2.209698823965,-17.60069206504));
#8574 = CARTESIAN_POINT('',(-2.226567659066,-17.61743813466));
#8575 = CARTESIAN_POINT('',(-2.243389983397,-17.63345320703));
#8576 = CARTESIAN_POINT('',(-2.26016121735,-17.6487595527));
#8577 = CARTESIAN_POINT('',(-2.276876522456,-17.66337990084));
#8578 = CARTESIAN_POINT('',(-2.293530801387,-17.67733743919));
#8579 = ( GEOMETRIC_REPRESENTATION_CONTEXT(2) 
PARAMETRIC_REPRESENTATION_CONTEXT() REPRESENTATION_CONTEXT('2D SPACE',''
  ) );
#8580 = PCURVE('',#4571,#8581);
#8581 = DEFINITIONAL_REPRESENTATION('',(#8582),#8621);
#8582 = B_SPLINE_CURVE_WITH_KNOTS('',7,(#8583,#8584,#8585,#8586,#8587,
    #8588,#8589,#8590,#8591,#8592,#8593,#8594,#8595,#8596,#8597,#8598,
    #8599,#8600,#8601,#8602,#8603,#8604,#8605,#8606,#8607,#8608,#8609,
    #8610,#8611,#8612,#8613,#8614,#8615,#8616,#8617,#8618,#8619,#8620),
  .UNSPECIFIED.,.F.,.F.,(8,6,6,6,6,6,8),(0.,0.50143945352,0.620397350853
    ,0.683017481213,0.809504627209,0.934227860454,1.),.UNSPECIFIED.);
#8583 = CARTESIAN_POINT('',(1.062963100244,-18.0000006));
#8584 = CARTESIAN_POINT('',(1.013068448924,-17.8127682284));
#8585 = CARTESIAN_POINT('',(0.962374718304,-17.63411528846));
#8586 = CARTESIAN_POINT('',(0.910225016752,-17.46656066707));
#8587 = CARTESIAN_POINT('',(0.856213999266,-17.31429745682));
#8588 = CARTESIAN_POINT('',(0.800088762513,-17.18411032273));
#8589 = CARTESIAN_POINT('',(0.741724588809,-17.08558282389));
#8590 = CARTESIAN_POINT('',(0.6668955178,-17.02015027772));
#8591 = CARTESIAN_POINT('',(0.652422775229,-17.01016773463));
#8592 = CARTESIAN_POINT('',(0.637837162843,-17.00294833774));
#8593 = CARTESIAN_POINT('',(0.62315058605,-16.9986937597));
#8594 = CARTESIAN_POINT('',(0.608375200001,-16.9976085027));
#8595 = CARTESIAN_POINT('',(0.593523549694,-16.99990040144));
#8596 = CARTESIAN_POINT('',(0.570757451598,-17.00887677379));
#8597 = CARTESIAN_POINT('',(0.562890219551,-17.01296629119));
#8598 = CARTESIAN_POINT('',(0.555011197196,-17.01807899679));
#8599 = CARTESIAN_POINT('',(0.547124514399,-17.0242427656));
#8600 = CARTESIAN_POINT('',(0.539234247638,-17.0314840291));
#8601 = CARTESIAN_POINT('',(0.531344420001,-17.03982777526));
#8602 = CARTESIAN_POINT('',(0.507531149947,-17.06842565617));
#8603 = CARTESIAN_POINT('',(0.49161161104,-17.0921595986));
#8604 = CARTESIAN_POINT('',(0.475755205221,-17.12067701392));
#8605 = CARTESIAN_POINT('',(0.460014157299,-17.15409625843));
#8606 = CARTESIAN_POINT('',(0.444438226684,-17.19247405501));
#8607 = CARTESIAN_POINT('',(0.429074837917,-17.2358031415));
#8608 = CARTESIAN_POINT('',(0.399074238373,-17.33154443422));
#8609 = CARTESIAN_POINT('',(0.384444930752,-17.38377357842));
#8610 = CARTESIAN_POINT('',(0.370123114227,-17.44061121159));
#8611 = CARTESIAN_POINT('',(0.35614871855,-17.50190865204));
#8612 = CARTESIAN_POINT('',(0.342559421614,-17.56745243904));
#8613 = CARTESIAN_POINT('',(0.329390293729,-17.63696209533));
#8614 = CARTESIAN_POINT('',(0.30996727713,-17.74865039188));
#8615 = CARTESIAN_POINT('',(0.303385084543,-17.78822879113));
#8616 = CARTESIAN_POINT('',(0.29692927284,-17.82878677252));
#8617 = CARTESIAN_POINT('',(0.290602127729,-17.87028551764));
#8618 = CARTESIAN_POINT('',(0.284405811927,-17.91268370467));
#8619 = CARTESIAN_POINT('',(0.278342365159,-17.95593750835));
#8620 = CARTESIAN_POINT('',(0.272413704161,-18.0000006));
#8621 = ( GEOMETRIC_REPRESENTATION_CONTEXT(2) 
PARAMETRIC_REPRESENTATION_CONTEXT() REPRESENTATION_CONTEXT('2D SPACE',''
  ) );
#8622 = ORIENTED_EDGE('',*,*,#8623,.T.);
#8623 = EDGE_CURVE('',#8496,#8624,#8626,.T.);
#8624 = VERTEX_POINT('',#8625);
#8625 = CARTESIAN_POINT('',(-44.25499552166,7.645751311065,73.));
#8626 = SURFACE_CURVE('',#8627,(#8631,#8637),.PCURVE_S1.);
#8627 = LINE('',#8628,#8629);
#8628 = CARTESIAN_POINT('',(-49.25,7.645751311065,73.));
#8629 = VECTOR('',#8630,1.);
#8630 = DIRECTION('',(-1.,-0.,-0.));
#8631 = PCURVE('',#2881,#8632);
#8632 = DEFINITIONAL_REPRESENTATION('',(#8633),#8636);
#8633 = B_SPLINE_CURVE_WITH_KNOTS('',1,(#8634,#8635),.UNSPECIFIED.,.F.,
  .F.,(2,2),(-19.75,5.999999999062E-07),.PIECEWISE_BEZIER_KNOTS.);
#8634 = CARTESIAN_POINT('',(-0.848062078981,-19.75));
#8635 = CARTESIAN_POINT('',(-0.848062078981,5.999999999062E-07));
#8636 = ( GEOMETRIC_REPRESENTATION_CONTEXT(2) 
PARAMETRIC_REPRESENTATION_CONTEXT() REPRESENTATION_CONTEXT('2D SPACE',''
  ) );
#8637 = PCURVE('',#8638,#8643);
#8638 = PLANE('',#8639);
#8639 = AXIS2_PLACEMENT_3D('',#8640,#8641,#8642);
#8640 = CARTESIAN_POINT('',(-40.,5.8048458399E-16,73.));
#8641 = DIRECTION('',(0.,0.,1.));
#8642 = DIRECTION('',(1.,0.,-0.));
#8643 = DEFINITIONAL_REPRESENTATION('',(#8644),#8647);
#8644 = B_SPLINE_CURVE_WITH_KNOTS('',1,(#8645,#8646),.UNSPECIFIED.,.F.,
  .F.,(2,2),(-19.75,5.999999999062E-07),.PIECEWISE_BEZIER_KNOTS.);
#8645 = CARTESIAN_POINT('',(10.5,7.645751311065));
#8646 = CARTESIAN_POINT('',(-9.2500006,7.645751311065));
#8647 = ( GEOMETRIC_REPRESENTATION_CONTEXT(2) 
PARAMETRIC_REPRESENTATION_CONTEXT() REPRESENTATION_CONTEXT('2D SPACE',''
  ) );
#8648 = ORIENTED_EDGE('',*,*,#8649,.T.);
#8649 = EDGE_CURVE('',#8624,#8650,#8652,.T.);
#8650 = VERTEX_POINT('',#8651);
#8651 = CARTESIAN_POINT('',(-48.42733724913,2.354248688935,73.));
#8652 = SURFACE_CURVE('',#8653,(#8692,#8734),.PCURVE_S1.);
#8653 = B_SPLINE_CURVE_WITH_KNOTS('',7,(#8654,#8655,#8656,#8657,#8658,
    #8659,#8660,#8661,#8662,#8663,#8664,#8665,#8666,#8667,#8668,#8669,
    #8670,#8671,#8672,#8673,#8674,#8675,#8676,#8677,#8678,#8679,#8680,
    #8681,#8682,#8683,#8684,#8685,#8686,#8687,#8688,#8689,#8690,#8691),
  .UNSPECIFIED.,.F.,.F.,(8,6,6,6,6,6,8),(0.,0.50143945122,0.620397348006
    ,0.683017478077,0.809504623489,0.93422785616,1.),.UNSPECIFIED.);
#8654 = CARTESIAN_POINT('',(-44.25499429917,7.6457519914,72.9999994));
#8655 = CARTESIAN_POINT('',(-44.63647642886,7.433450534477,
    73.187231771591));
#8656 = CARTESIAN_POINT('',(-45.01170889607,7.195543139208,
    73.365884711533));
#8657 = CARTESIAN_POINT('',(-45.38345842464,6.928814735398,
    73.53343933293));
#8658 = CARTESIAN_POINT('',(-45.7513896054,6.629609972554,
    73.685702543177));
#8659 = CARTESIAN_POINT('',(-46.11302204158,6.294660657298,
    73.815889677265));
#8660 = CARTESIAN_POINT('',(-46.46363963013,5.921479931361,
    73.914417176109));
#8661 = CARTESIAN_POINT('',(-46.87597743065,5.41287318245,
    73.979849722271));
#8662 = CARTESIAN_POINT('',(-46.95409547923,5.313179721216,
    73.989832265362));
#8663 = CARTESIAN_POINT('',(-47.03112542168,5.211387003987,
    73.997051662253));
#8664 = CARTESIAN_POINT('',(-47.10693004136,5.107576573765,
    74.001306240296));
#8665 = CARTESIAN_POINT('',(-47.18137807198,5.001840799325,
    74.002391497295));
#8666 = CARTESIAN_POINT('',(-47.25434479342,4.894283720131,
    74.000099598553));
#8667 = CARTESIAN_POINT('',(-47.36328107118,4.727505827834,
    73.991123226201));
#8668 = CARTESIAN_POINT('',(-47.40039912426,4.669528577032,
    73.987033708803));
#8669 = CARTESIAN_POINT('',(-47.4370391005,4.611124171033,
    73.981921003202));
#8670 = CARTESIAN_POINT('',(-47.47317529108,4.552327360501,
    73.975757234395));
#8671 = CARTESIAN_POINT('',(-47.50878396463,4.493173614584,
    73.968515970896));
#8672 = CARTESIAN_POINT('',(-47.54384336717,4.433699120908,
    73.960172224738));
#8673 = CARTESIAN_POINT('',(-47.6480012003,4.253234213418,
    73.931574343829));
#8674 = CARTESIAN_POINT('',(-47.71538946684,4.131296012706,
    73.907840401399));
#8675 = CARTESIAN_POINT('',(-47.78023342365,4.008594168602,
    73.879322986078));
#8676 = CARTESIAN_POINT('',(-47.84232863887,3.885604165542,
    73.845903741565));
#8677 = CARTESIAN_POINT('',(-47.90152718364,3.762803448198,
    73.807525944981));
#8678 = CARTESIAN_POINT('',(-47.95773346881,3.640665882418,
    73.764196858495));
#8679 = CARTESIAN_POINT('',(-48.06332526548,3.400334077083,
    73.668455565775));
#8680 = CARTESIAN_POINT('',(-48.11274202904,3.282229056352,
    73.616226421571));
#8681 = CARTESIAN_POINT('',(-48.1591167332,3.165778256012,
    73.559388788404));
#8682 = CARTESIAN_POINT('',(-48.20245925681,3.051410286837,
    73.498091347954));
#8683 = CARTESIAN_POINT('',(-48.24281703685,2.939538142754,
    73.432547560958));
#8684 = CARTESIAN_POINT('',(-48.28026910843,2.830552075257,
    73.363037904665));
#8685 = CARTESIAN_POINT('',(-48.3331931875,2.669051239366,
    73.251349605422));
#8686 = CARTESIAN_POINT('',(-48.35069206534,2.614177861058,
    73.211771208679));
#8687 = CARTESIAN_POINT('',(-48.36743813385,2.560225990573,
    73.171213229793));
#8688 = CARTESIAN_POINT('',(-48.38345320608,2.507227607536,
    73.129714484571));
#8689 = CARTESIAN_POINT('',(-48.39875955265,2.455213013523,
    73.087316294891));
#8690 = CARTESIAN_POINT('',(-48.41337990177,2.404210832054,
    73.044062488696));
#8691 = CARTESIAN_POINT('',(-48.42733743919,2.3542480086,72.9999994));
#8692 = PCURVE('',#2881,#8693);
#8693 = DEFINITIONAL_REPRESENTATION('',(#8694),#8733);
#8694 = B_SPLINE_CURVE_WITH_KNOTS('',7,(#8695,#8696,#8697,#8698,#8699,
    #8700,#8701,#8702,#8703,#8704,#8705,#8706,#8707,#8708,#8709,#8710,
    #8711,#8712,#8713,#8714,#8715,#8716,#8717,#8718,#8719,#8720,#8721,
    #8722,#8723,#8724,#8725,#8726,#8727,#8728,#8729,#8730,#8731,#8732),
  .UNSPECIFIED.,.F.,.F.,(8,6,6,6,6,6,8),(0.,0.50143945122,0.620397348006
    ,0.683017478077,0.809504623489,0.93422785616,1.),.UNSPECIFIED.);
#8695 = CARTESIAN_POINT('',(-0.848061852203,-4.995005700827));
#8696 = CARTESIAN_POINT('',(-0.918829018664,-4.61352357114));
#8697 = CARTESIAN_POINT('',(-0.992978152418,-4.238291103926));
#8698 = CARTESIAN_POINT('',(-1.07127777755,-3.866541575354));
#8699 = CARTESIAN_POINT('',(-1.154535589328,-3.498610394593));
#8700 = CARTESIAN_POINT('',(-1.243554176474,-3.136977958412));
#8701 = CARTESIAN_POINT('',(-1.339230542214,-2.786360369862));
#8702 = CARTESIAN_POINT('',(-1.467430152962,-2.374022569346));
#8703 = CARTESIAN_POINT('',(-1.492468222586,-2.295904520762));
#8704 = CARTESIAN_POINT('',(-1.517962959027,-2.218874578312));
#8705 = CARTESIAN_POINT('',(-1.54391598441,-2.14306995864));
#8706 = CARTESIAN_POINT('',(-1.57033055552,-2.068621928019));
#8707 = CARTESIAN_POINT('',(-1.597211768065,-1.995655206578));
#8708 = CARTESIAN_POINT('',(-1.63896658861,-1.886718928812));
#8709 = CARTESIAN_POINT('',(-1.653494892613,-1.849600875731));
#8710 = CARTESIAN_POINT('',(-1.668148465849,-1.812960899499));
#8711 = CARTESIAN_POINT('',(-1.682924272379,-1.776824708915));
#8712 = CARTESIAN_POINT('',(-1.697819447442,-1.741216035365));
#8713 = CARTESIAN_POINT('',(-1.71283129745,-1.706156632824));
#8714 = CARTESIAN_POINT('',(-1.758510492405,-1.601998799694));
#8715 = CARTESIAN_POINT('',(-1.789548052224,-1.53461053316));
#8716 = CARTESIAN_POINT('',(-1.821007830394,-1.469766576349));
#8717 = CARTESIAN_POINT('',(-1.852830438531,-1.407671361124));
#8718 = CARTESIAN_POINT('',(-1.88495806281,-1.34847281636));
#8719 = CARTESIAN_POINT('',(-1.917333277834,-1.292266531188));
#8720 = CARTESIAN_POINT('',(-1.982008317353,-1.186674734516));
#8721 = CARTESIAN_POINT('',(-2.014270489309,-1.137257970955));
#8722 = CARTESIAN_POINT('',(-2.046628831028,-1.090883266797));
#8723 = CARTESIAN_POINT('',(-2.079026578808,-1.047540743185));
#8724 = CARTESIAN_POINT('',(-2.111404241045,-1.007182963146));
#8725 = CARTESIAN_POINT('',(-2.143698088669,-0.969730891561));
#8726 = CARTESIAN_POINT('',(-2.192787800028,-0.916806812492));
#8727 = CARTESIAN_POINT('',(-2.209698824127,-0.899307934655));
#8728 = CARTESIAN_POINT('',(-2.226567658159,-0.882561866149));
#8729 = CARTESIAN_POINT('',(-2.243389982462,-0.866546793919));
#8730 = CARTESIAN_POINT('',(-2.260161217442,-0.851240447341));
#8731 = CARTESIAN_POINT('',(-2.276876523571,-0.836620098224));
#8732 = CARTESIAN_POINT('',(-2.293530801387,-0.822662560808));
#8733 = ( GEOMETRIC_REPRESENTATION_CONTEXT(2) 
PARAMETRIC_REPRESENTATION_CONTEXT() REPRESENTATION_CONTEXT('2D SPACE',''
  ) );
#8734 = PCURVE('',#4571,#8735);
#8735 = DEFINITIONAL_REPRESENTATION('',(#8736),#8775);
#8736 = B_SPLINE_CURVE_WITH_KNOTS('',7,(#8737,#8738,#8739,#8740,#8741,
    #8742,#8743,#8744,#8745,#8746,#8747,#8748,#8749,#8750,#8751,#8752,
    #8753,#8754,#8755,#8756,#8757,#8758,#8759,#8760,#8761,#8762,#8763,
    #8764,#8765,#8766,#8767,#8768,#8769,#8770,#8771,#8772,#8773,#8774),
  .UNSPECIFIED.,.F.,.F.,(8,6,6,6,6,6,8),(0.,0.50143945122,0.620397348006
    ,0.683017478077,0.809504623489,0.93422785616,1.),.UNSPECIFIED.);
#8737 = CARTESIAN_POINT('',(2.078629553346,-18.0000006));
#8738 = CARTESIAN_POINT('',(2.128524204665,-17.8127682284));
#8739 = CARTESIAN_POINT('',(2.179217935285,-17.63411528846));
#8740 = CARTESIAN_POINT('',(2.231367636838,-17.46656066707));
#8741 = CARTESIAN_POINT('',(2.285378654324,-17.31429745682));
#8742 = CARTESIAN_POINT('',(2.341503891077,-17.18411032273));
#8743 = CARTESIAN_POINT('',(2.399868064781,-17.08558282389));
#8744 = CARTESIAN_POINT('',(2.47469713579,-17.02015027772));
#8745 = CARTESIAN_POINT('',(2.48916987836,-17.01016773463));
#8746 = CARTESIAN_POINT('',(2.503755490747,-17.00294833774));
#8747 = CARTESIAN_POINT('',(2.51844206754,-16.9986937597));
#8748 = CARTESIAN_POINT('',(2.533217453588,-16.9976085027));
#8749 = CARTESIAN_POINT('',(2.548069103896,-16.99990040144));
#8750 = CARTESIAN_POINT('',(2.570835201992,-17.00887677379));
#8751 = CARTESIAN_POINT('',(2.578702434039,-17.01296629119));
#8752 = CARTESIAN_POINT('',(2.586581456394,-17.01807899679));
#8753 = CARTESIAN_POINT('',(2.594468139191,-17.0242427656));
#8754 = CARTESIAN_POINT('',(2.602358405951,-17.0314840291));
#8755 = CARTESIAN_POINT('',(2.610248233589,-17.03982777526));
#8756 = CARTESIAN_POINT('',(2.634061503643,-17.06842565617));
#8757 = CARTESIAN_POINT('',(2.649981042549,-17.0921595986));
#8758 = CARTESIAN_POINT('',(2.665837448369,-17.12067701392));
#8759 = CARTESIAN_POINT('',(2.681578496291,-17.15409625843));
#8760 = CARTESIAN_POINT('',(2.697154426906,-17.19247405501));
#8761 = CARTESIAN_POINT('',(2.712517815673,-17.2358031415));
#8762 = CARTESIAN_POINT('',(2.742518415216,-17.33154443422));
#8763 = CARTESIAN_POINT('',(2.757147722838,-17.38377357842));
#8764 = CARTESIAN_POINT('',(2.771469539362,-17.44061121159));
#8765 = CARTESIAN_POINT('',(2.78544393504,-17.50190865204));
#8766 = CARTESIAN_POINT('',(2.799033231976,-17.56745243904));
#8767 = CARTESIAN_POINT('',(2.812202359861,-17.63696209533));
#8768 = CARTESIAN_POINT('',(2.831625376929,-17.74865039457));
#8769 = CARTESIAN_POINT('',(2.838207569131,-17.78822879132));
#8770 = CARTESIAN_POINT('',(2.844663380418,-17.8287867702));
#8771 = CARTESIAN_POINT('',(2.8509905255,-17.87028551542));
#8772 = CARTESIAN_POINT('',(2.857186841675,-17.9126837051));
#8773 = CARTESIAN_POINT('',(2.863250288827,-17.9559375113));
#8774 = CARTESIAN_POINT('',(2.869178949429,-18.0000006));
#8775 = ( GEOMETRIC_REPRESENTATION_CONTEXT(2) 
PARAMETRIC_REPRESENTATION_CONTEXT() REPRESENTATION_CONTEXT('2D SPACE',''
  ) );
#8776 = ORIENTED_EDGE('',*,*,#8777,.F.);
#8777 = EDGE_CURVE('',#8778,#8650,#8780,.T.);
#8778 = VERTEX_POINT('',#8779);
#8779 = CARTESIAN_POINT('',(-47.12092080496,2.354248688935,73.));
#8780 = SURFACE_CURVE('',#8781,(#8785,#8791),.PCURVE_S1.);
#8781 = LINE('',#8782,#8783);
#8782 = CARTESIAN_POINT('',(-49.25,2.354248688935,73.));
#8783 = VECTOR('',#8784,1.);
#8784 = DIRECTION('',(-1.,-0.,-0.));
#8785 = PCURVE('',#2881,#8786);
#8786 = DEFINITIONAL_REPRESENTATION('',(#8787),#8790);
#8787 = B_SPLINE_CURVE_WITH_KNOTS('',1,(#8788,#8789),.UNSPECIFIED.,.F.,
  .F.,(2,2),(-19.75,5.999999999062E-07),.PIECEWISE_BEZIER_KNOTS.);
#8788 = CARTESIAN_POINT('',(-2.293530574608,-19.75));
#8789 = CARTESIAN_POINT('',(-2.293530574608,5.999999999062E-07));
#8790 = ( GEOMETRIC_REPRESENTATION_CONTEXT(2) 
PARAMETRIC_REPRESENTATION_CONTEXT() REPRESENTATION_CONTEXT('2D SPACE',''
  ) );
#8791 = PCURVE('',#8484,#8792);
#8792 = DEFINITIONAL_REPRESENTATION('',(#8793),#8796);
#8793 = B_SPLINE_CURVE_WITH_KNOTS('',1,(#8794,#8795),.UNSPECIFIED.,.F.,
  .F.,(2,2),(-19.75,5.999999999062E-07),.PIECEWISE_BEZIER_KNOTS.);
#8794 = CARTESIAN_POINT('',(10.5,2.354248688935));
#8795 = CARTESIAN_POINT('',(-9.2500006,2.354248688935));
#8796 = ( GEOMETRIC_REPRESENTATION_CONTEXT(2) 
PARAMETRIC_REPRESENTATION_CONTEXT() REPRESENTATION_CONTEXT('2D SPACE',''
  ) );
#8797 = ORIENTED_EDGE('',*,*,#8798,.T.);
#8798 = EDGE_CURVE('',#8778,#7017,#8799,.T.);
#8799 = SURFACE_CURVE('',#8800,(#8828,#8859),.PCURVE_S1.);
#8800 = B_SPLINE_CURVE_WITH_KNOTS('',6,(#8801,#8802,#8803,#8804,#8805,
    #8806,#8807,#8808,#8809,#8810,#8811,#8812,#8813,#8814,#8815,#8816,
    #8817,#8818,#8819,#8820,#8821,#8822,#8823,#8824,#8825,#8826,#8827),
  .UNSPECIFIED.,.F.,.F.,(7,5,5,5,5,7),(0.,0.168226489886,0.284320411487,
    0.612122285607,0.896756199612,1.),.UNSPECIFIED.);
#8801 = CARTESIAN_POINT('',(-47.12092058004,2.354249369272,73.0000006));
#8802 = CARTESIAN_POINT('',(-47.16232221414,2.229021450685,
    72.889560007226));
#8803 = CARTESIAN_POINT('',(-47.19865460569,2.110259509763,
    72.77367006827));
#8804 = CARTESIAN_POINT('',(-47.23046331281,1.998261809899,
    72.652906323452));
#8805 = CARTESIAN_POINT('',(-47.25825972079,1.893266827704,
    72.527880033309));
#8806 = CARTESIAN_POINT('',(-47.2825144641,1.795446601647,
    72.399238875077));
#8807 = CARTESIAN_POINT('',(-47.31823717029,1.642413484712,
    72.176869687214));
#8808 = CARTESIAN_POINT('',(-47.33134733633,1.583352645716,
    72.084620738261));
#8809 = CARTESIAN_POINT('',(-47.34312884645,1.527707388377,
    71.99106931252));
#8810 = CARTESIAN_POINT('',(-47.35371309445,1.475462677697,
    71.896356553987));
#8811 = CARTESIAN_POINT('',(-47.36321651188,1.426599420389,
    71.800616163731));
#8812 = CARTESIAN_POINT('',(-47.39581339852,1.252610098417,
    71.431097228709));
#8813 = CARTESIAN_POINT('',(-47.41208395997,1.150917368931,
    71.151057261781));
#8814 = CARTESIAN_POINT('',(-47.42290578015,1.075286482213,
    70.866232733203));
#8815 = CARTESIAN_POINT('',(-47.42965823825,1.025094770739,
    70.578449428418));
#8816 = CARTESIAN_POINT('',(-47.43303437365,1.,70.289222200426));
#8817 = CARTESIAN_POINT('',(-47.43303437365,1.,69.748865234083));
#8818 = CARTESIAN_POINT('',(-47.43048889333,1.018920580647,
    69.497730983515));
#8819 = CARTESIAN_POINT('',(-47.42539797566,1.056761747489,
    69.247548420047));
#8820 = CARTESIAN_POINT('',(-47.41736787853,1.113716247322,
    68.999299053903));
#8821 = CARTESIAN_POINT('',(-47.40561427828,1.190144337038,68.7541176743
    ));
#8822 = CARTESIAN_POINT('',(-47.38275137287,1.321454050958,
    68.426105410617));
#8823 = CARTESIAN_POINT('',(-47.37600480838,1.359027030961,
    68.33938712768));
#8824 = CARTESIAN_POINT('',(-47.36853617898,1.399240271849,
    68.253334618074));
#8825 = CARTESIAN_POINT('',(-47.36027527092,1.442111850467,
    68.168028063727));
#8826 = CARTESIAN_POINT('',(-47.35114271747,1.487659124259,
    68.083552816863));
#8827 = CARTESIAN_POINT('',(-47.34104999896,1.535898731272,67.9999994));
#8828 = PCURVE('',#2881,#8829);
#8829 = DEFINITIONAL_REPRESENTATION('',(#8830),#8858);
#8830 = B_SPLINE_CURVE_WITH_KNOTS('',6,(#8831,#8832,#8833,#8834,#8835,
    #8836,#8837,#8838,#8839,#8840,#8841,#8842,#8843,#8844,#8845,#8846,
    #8847,#8848,#8849,#8850,#8851,#8852,#8853,#8854,#8855,#8856,#8857),
  .UNSPECIFIED.,.F.,.F.,(7,5,5,5,5,7),(0.,0.168226489886,0.284320411487,
    0.612122285607,0.896756199612,1.),.UNSPECIFIED.);
#8831 = CARTESIAN_POINT('',(-2.29353034783,-2.129079419957));
#8832 = CARTESIAN_POINT('',(-2.33527297901,-2.087677785851));
#8833 = CARTESIAN_POINT('',(-2.376704364088,-2.051345394303));
#8834 = CARTESIAN_POINT('',(-2.417804216866,-2.019536687188));
#8835 = CARTESIAN_POINT('',(-2.458548107502,-1.991740279209));
#8836 = CARTESIAN_POINT('',(-2.498904914362,-1.9674855359));
#8837 = CARTESIAN_POINT('',(-2.566389723111,-1.931762829704));
#8838 = CARTESIAN_POINT('',(-2.593758464532,-1.918652663663));
#8839 = CARTESIAN_POINT('',(-2.620949015008,-1.90687115355));
#8840 = CARTESIAN_POINT('',(-2.647969551508,-1.896286905545));
#8841 = CARTESIAN_POINT('',(-2.67482811914,-1.88678348812));
#8842 = CARTESIAN_POINT('',(-2.776936066767,-1.854186601475));
#8843 = CARTESIAN_POINT('',(-2.851106097058,-1.837916040026));
#8844 = CARTESIAN_POINT('',(-2.924354185315,-1.827094219848));
#8845 = CARTESIAN_POINT('',(-2.996980258224,-1.820341761745));
#8846 = CARTESIAN_POINT('',(-3.069287103483,-1.816965626341));
#8847 = CARTESIAN_POINT('',(-3.204376345069,-1.816965626341));
#8848 = CARTESIAN_POINT('',(-3.267159922926,-1.819511106663));
#8849 = CARTESIAN_POINT('',(-3.330150953352,-1.824602024337));
#8850 = CARTESIAN_POINT('',(-3.393549885352,-1.832632121467));
#8851 = CARTESIAN_POINT('',(-3.457555985127,-1.844385721714));
#8852 = CARTESIAN_POINT('',(-3.545885724632,-1.867248627126));
#8853 = CARTESIAN_POINT('',(-3.569503489345,-1.873995191612));
#8854 = CARTESIAN_POINT('',(-3.593235354206,-1.881463821013));
#8855 = CARTESIAN_POINT('',(-3.617088924819,-1.889724729079));
#8856 = CARTESIAN_POINT('',(-3.641071806122,-1.898857282527));
#8857 = CARTESIAN_POINT('',(-3.665191602393,-1.908950001037));
#8858 = ( GEOMETRIC_REPRESENTATION_CONTEXT(2) 
PARAMETRIC_REPRESENTATION_CONTEXT() REPRESENTATION_CONTEXT('2D SPACE',''
  ) );
#8859 = PCURVE('',#7035,#8860);
#8860 = DEFINITIONAL_REPRESENTATION('',(#8861),#8889);
#8861 = B_SPLINE_CURVE_WITH_KNOTS('',6,(#8862,#8863,#8864,#8865,#8866,
    #8867,#8868,#8869,#8870,#8871,#8872,#8873,#8874,#8875,#8876,#8877,
    #8878,#8879,#8880,#8881,#8882,#8883,#8884,#8885,#8886,#8887,#8888),
  .UNSPECIFIED.,.F.,.F.,(7,5,5,5,5,7),(1.523230447536E-07,0.168226489886
    ,0.284320411487,0.612122285607,0.896756199612,0.999999876434),
  .UNSPECIFIED.);
#8862 = CARTESIAN_POINT('',(2.822294963985,-18.));
#8863 = CARTESIAN_POINT('',(2.839880860437,-18.11044051744));
#8864 = CARTESIAN_POINT('',(2.856436044257,-18.22633036911));
#8865 = CARTESIAN_POINT('',(2.871955356204,-18.34709401616));
#8866 = CARTESIAN_POINT('',(2.886434107277,-18.47212019965));
#8867 = CARTESIAN_POINT('',(2.899870474385,-18.60076124405));
#8868 = CARTESIAN_POINT('',(2.92082342492,-18.82313031278));
#8869 = CARTESIAN_POINT('',(2.928889404662,-18.91537926173));
#8870 = CARTESIAN_POINT('',(2.936472746495,-19.00893068748));
#8871 = CARTESIAN_POINT('',(2.943579882926,-19.10364344601));
#8872 = CARTESIAN_POINT('',(2.950216902468,-19.19938383626));
#8873 = CARTESIAN_POINT('',(2.973819102433,-19.56890277129));
#8874 = CARTESIAN_POINT('',(2.987545777841,-19.84894273821));
#8875 = CARTESIAN_POINT('',(2.997732522254,-20.13376726679));
#8876 = CARTESIAN_POINT('',(3.004484924811,-20.42155057158));
#8877 = CARTESIAN_POINT('',(3.00786106418,-20.71077779957));
#8878 = CARTESIAN_POINT('',(3.00786106418,-21.25113476591));
#8879 = CARTESIAN_POINT('',(3.005315583935,-21.50226901648));
#8880 = CARTESIAN_POINT('',(3.000224677348,-21.75245157995));
#8881 = CARTESIAN_POINT('',(2.992555701385,-22.00070094609));
#8882 = CARTESIAN_POINT('',(2.98224750057,-22.2458823257));
#8883 = CARTESIAN_POINT('',(2.964476141792,-22.57389448488));
#8884 = CARTESIAN_POINT('',(2.959386350333,-22.66061266474));
#8885 = CARTESIAN_POINT('',(2.953933073598,-22.74666507295));
#8886 = CARTESIAN_POINT('',(2.948111963828,-22.83197152788));
#8887 = CARTESIAN_POINT('',(2.941918327192,-22.91644667762));
#8888 = CARTESIAN_POINT('',(2.935347123795,-23.));
#8889 = ( GEOMETRIC_REPRESENTATION_CONTEXT(2) 
PARAMETRIC_REPRESENTATION_CONTEXT() REPRESENTATION_CONTEXT('2D SPACE',''
  ) );
#8890 = ORIENTED_EDGE('',*,*,#7068,.F.);
#8891 = ADVANCED_FACE('',(#8892),#3719,.F.);
#8892 = FACE_BOUND('',#8893,.F.);
#8893 = EDGE_LOOP('',(#8894,#8895));
#8894 = ORIENTED_EDGE('',*,*,#6355,.F.);
#8895 = ORIENTED_EDGE('',*,*,#3702,.T.);
#8896 = ADVANCED_FACE('',(#8897),#3770,.F.);
#8897 = FACE_BOUND('',#8898,.F.);
#8898 = EDGE_LOOP('',(#8899,#8900,#8901));
#8899 = ORIENTED_EDGE('',*,*,#3823,.F.);
#8900 = ORIENTED_EDGE('',*,*,#3755,.T.);
#8901 = ORIENTED_EDGE('',*,*,#4736,.F.);
#8902 = ADVANCED_FACE('',(#8903),#3805,.F.);
#8903 = FACE_BOUND('',#8904,.F.);
#8904 = EDGE_LOOP('',(#8905,#8926,#8927,#8928));
#8905 = ORIENTED_EDGE('',*,*,#8906,.F.);
#8906 = EDGE_CURVE('',#3785,#4707,#8907,.T.);
#8907 = SEAM_CURVE('',#8908,(#8912,#8919),.PCURVE_S1.);
#8908 = LINE('',#8909,#8910);
#8909 = CARTESIAN_POINT('',(-33.65,0.,91.));
#8910 = VECTOR('',#8911,1.);
#8911 = DIRECTION('',(-0.,-0.,-1.));
#8912 = PCURVE('',#3805,#8913);
#8913 = DEFINITIONAL_REPRESENTATION('',(#8914),#8918);
#8914 = LINE('',#8915,#8916);
#8915 = CARTESIAN_POINT('',(6.28318530718,0.));
#8916 = VECTOR('',#8917,1.);
#8917 = DIRECTION('',(0.,-1.));
#8918 = ( GEOMETRIC_REPRESENTATION_CONTEXT(2) 
PARAMETRIC_REPRESENTATION_CONTEXT() REPRESENTATION_CONTEXT('2D SPACE',''
  ) );
#8919 = PCURVE('',#3805,#8920);
#8920 = DEFINITIONAL_REPRESENTATION('',(#8921),#8925);
#8921 = LINE('',#8922,#8923);
#8922 = CARTESIAN_POINT('',(0.,0.));
#8923 = VECTOR('',#8924,1.);
#8924 = DIRECTION('',(0.,-1.));
#8925 = ( GEOMETRIC_REPRESENTATION_CONTEXT(2) 
PARAMETRIC_REPRESENTATION_CONTEXT() REPRESENTATION_CONTEXT('2D SPACE',''
  ) );
#8926 = ORIENTED_EDGE('',*,*,#3784,.T.);
#8927 = ORIENTED_EDGE('',*,*,#8906,.T.);
#8928 = ORIENTED_EDGE('',*,*,#4706,.T.);
#8929 = ADVANCED_FACE('',(#8930),#3894,.T.);
#8930 = FACE_BOUND('',#8931,.T.);
#8931 = EDGE_LOOP('',(#8932));
#8932 = ORIENTED_EDGE('',*,*,#3877,.T.);
#8933 = ADVANCED_FACE('',(#8934),#3949,.T.);
#8934 = FACE_BOUND('',#8935,.T.);
#8935 = EDGE_LOOP('',(#8936));
#8936 = ORIENTED_EDGE('',*,*,#3932,.T.);
#8937 = ADVANCED_FACE('',(#8938),#4006,.T.);
#8938 = FACE_BOUND('',#8939,.T.);
#8939 = EDGE_LOOP('',(#8940,#8941,#8942,#8961,#8962,#8963));
#8940 = ORIENTED_EDGE('',*,*,#4041,.T.);
#8941 = ORIENTED_EDGE('',*,*,#3987,.T.);
#8942 = ORIENTED_EDGE('',*,*,#8943,.F.);
#8943 = EDGE_CURVE('',#7301,#3990,#8944,.T.);
#8944 = SURFACE_CURVE('',#8945,(#8949,#8955),.PCURVE_S1.);
#8945 = LINE('',#8946,#8947);
#8946 = CARTESIAN_POINT('',(46.,6.368869601428,91.));
#8947 = VECTOR('',#8948,1.);
#8948 = DIRECTION('',(0.,0.,1.));
#8949 = PCURVE('',#4006,#8950);
#8950 = DEFINITIONAL_REPRESENTATION('',(#8951),#8954);
#8951 = B_SPLINE_CURVE_WITH_KNOTS('',1,(#8952,#8953),.UNSPECIFIED.,.F.,
  .F.,(2,2),(-18.0000006,-15.84),.PIECEWISE_BEZIER_KNOTS.);
#8952 = CARTESIAN_POINT('',(2.9999994,-1.368869601428));
#8953 = CARTESIAN_POINT('',(5.16,-1.368869601428));
#8954 = ( GEOMETRIC_REPRESENTATION_CONTEXT(2) 
PARAMETRIC_REPRESENTATION_CONTEXT() REPRESENTATION_CONTEXT('2D SPACE',''
  ) );
#8955 = PCURVE('',#4362,#8956);
#8956 = DEFINITIONAL_REPRESENTATION('',(#8957),#8960);
#8957 = B_SPLINE_CURVE_WITH_KNOTS('',1,(#8958,#8959),.UNSPECIFIED.,.F.,
  .F.,(2,2),(-18.0000006,-15.84),.PIECEWISE_BEZIER_KNOTS.);
#8958 = CARTESIAN_POINT('',(0.815211745152,-18.0000006));
#8959 = CARTESIAN_POINT('',(0.815211745152,-15.84));
#8960 = ( GEOMETRIC_REPRESENTATION_CONTEXT(2) 
PARAMETRIC_REPRESENTATION_CONTEXT() REPRESENTATION_CONTEXT('2D SPACE',''
  ) );
#8961 = ORIENTED_EDGE('',*,*,#7300,.T.);
#8962 = ORIENTED_EDGE('',*,*,#8109,.T.);
#8963 = ORIENTED_EDGE('',*,*,#8964,.F.);
#8964 = EDGE_CURVE('',#4042,#7748,#8965,.T.);
#8965 = SURFACE_CURVE('',#8966,(#8970,#8976),.PCURVE_S1.);
#8966 = LINE('',#8967,#8968);
#8967 = CARTESIAN_POINT('',(46.,4.069705149025,91.));
#8968 = VECTOR('',#8969,1.);
#8969 = DIRECTION('',(0.,0.,1.));
#8970 = PCURVE('',#4006,#8971);
#8971 = DEFINITIONAL_REPRESENTATION('',(#8972),#8975);
#8972 = B_SPLINE_CURVE_WITH_KNOTS('',1,(#8973,#8974),.UNSPECIFIED.,.F.,
  .F.,(2,2),(-26.16,-22.9999994),.PIECEWISE_BEZIER_KNOTS.);
#8973 = CARTESIAN_POINT('',(-5.16,0.930294850975));
#8974 = CARTESIAN_POINT('',(-1.9999994,0.930294850975));
#8975 = ( GEOMETRIC_REPRESENTATION_CONTEXT(2) 
PARAMETRIC_REPRESENTATION_CONTEXT() REPRESENTATION_CONTEXT('2D SPACE',''
  ) );
#8976 = PCURVE('',#4111,#8977);
#8977 = DEFINITIONAL_REPRESENTATION('',(#8978),#8981);
#8978 = B_SPLINE_CURVE_WITH_KNOTS('',1,(#8979,#8980),.UNSPECIFIED.,.F.,
  .F.,(2,2),(-26.16,-22.9999994),.PIECEWISE_BEZIER_KNOTS.);
#8979 = CARTESIAN_POINT('',(0.596002439188,-26.16));
#8980 = CARTESIAN_POINT('',(0.596002439188,-22.9999994));
#8981 = ( GEOMETRIC_REPRESENTATION_CONTEXT(2) 
PARAMETRIC_REPRESENTATION_CONTEXT() REPRESENTATION_CONTEXT('2D SPACE',''
  ) );
#8982 = ADVANCED_FACE('',(#8983),#4362,.F.);
#8983 = FACE_BOUND('',#8984,.F.);
#8984 = EDGE_LOOP('',(#8985,#8986,#9009,#9031,#9032,#9033,#9034,#9056,
    #9057,#9079));
#8985 = ORIENTED_EDGE('',*,*,#4589,.F.);
#8986 = ORIENTED_EDGE('',*,*,#8987,.T.);
#8987 = EDGE_CURVE('',#4590,#8988,#8990,.T.);
#8988 = VERTEX_POINT('',#8989);
#8989 = CARTESIAN_POINT('',(48.75,0.,73.));
#8990 = SEAM_CURVE('',#8991,(#8995,#9002),.PCURVE_S1.);
#8991 = LINE('',#8992,#8993);
#8992 = CARTESIAN_POINT('',(48.75,0.,91.));
#8993 = VECTOR('',#8994,1.);
#8994 = DIRECTION('',(-0.,-0.,-1.));
#8995 = PCURVE('',#4362,#8996);
#8996 = DEFINITIONAL_REPRESENTATION('',(#8997),#9001);
#8997 = LINE('',#8998,#8999);
#8998 = CARTESIAN_POINT('',(6.28318530718,0.));
#8999 = VECTOR('',#9000,1.);
#9000 = DIRECTION('',(0.,-1.));
#9001 = ( GEOMETRIC_REPRESENTATION_CONTEXT(2) 
PARAMETRIC_REPRESENTATION_CONTEXT() REPRESENTATION_CONTEXT('2D SPACE',''
  ) );
#9002 = PCURVE('',#4362,#9003);
#9003 = DEFINITIONAL_REPRESENTATION('',(#9004),#9008);
#9004 = LINE('',#9005,#9006);
#9005 = CARTESIAN_POINT('',(0.,0.));
#9006 = VECTOR('',#9007,1.);
#9007 = DIRECTION('',(0.,-1.));
#9008 = ( GEOMETRIC_REPRESENTATION_CONTEXT(2) 
PARAMETRIC_REPRESENTATION_CONTEXT() REPRESENTATION_CONTEXT('2D SPACE',''
  ) );
#9009 = ORIENTED_EDGE('',*,*,#9010,.T.);
#9010 = EDGE_CURVE('',#8988,#4265,#9011,.T.);
#9011 = SURFACE_CURVE('',#9012,(#9017,#9024),.PCURVE_S1.);
#9012 = CIRCLE('',#9013,8.75);
#9013 = AXIS2_PLACEMENT_3D('',#9014,#9015,#9016);
#9014 = CARTESIAN_POINT('',(40.,0.,73.));
#9015 = DIRECTION('',(0.,0.,1.));
#9016 = DIRECTION('',(1.,0.,0.));
#9017 = PCURVE('',#4362,#9018);
#9018 = DEFINITIONAL_REPRESENTATION('',(#9019),#9023);
#9019 = LINE('',#9020,#9021);
#9020 = CARTESIAN_POINT('',(0.,-18.));
#9021 = VECTOR('',#9022,1.);
#9022 = DIRECTION('',(1.,0.));
#9023 = ( GEOMETRIC_REPRESENTATION_CONTEXT(2) 
PARAMETRIC_REPRESENTATION_CONTEXT() REPRESENTATION_CONTEXT('2D SPACE',''
  ) );
#9024 = PCURVE('',#4279,#9025);
#9025 = DEFINITIONAL_REPRESENTATION('',(#9026),#9030);
#9026 = CIRCLE('',#9027,8.75);
#9027 = AXIS2_PLACEMENT_2D('',#9028,#9029);
#9028 = CARTESIAN_POINT('',(0.,-5.8048458399E-16));
#9029 = DIRECTION('',(1.,0.));
#9030 = ( GEOMETRIC_REPRESENTATION_CONTEXT(2) 
PARAMETRIC_REPRESENTATION_CONTEXT() REPRESENTATION_CONTEXT('2D SPACE',''
  ) );
#9031 = ORIENTED_EDGE('',*,*,#4290,.F.);
#9032 = ORIENTED_EDGE('',*,*,#8943,.F.);
#9033 = ORIENTED_EDGE('',*,*,#7328,.F.);
#9034 = ORIENTED_EDGE('',*,*,#9035,.T.);
#9035 = EDGE_CURVE('',#7329,#7457,#9036,.T.);
#9036 = SURFACE_CURVE('',#9037,(#9042,#9049),.PCURVE_S1.);
#9037 = CIRCLE('',#9038,8.75);
#9038 = AXIS2_PLACEMENT_3D('',#9039,#9040,#9041);
#9039 = CARTESIAN_POINT('',(40.,0.,73.));
#9040 = DIRECTION('',(0.,0.,1.));
#9041 = DIRECTION('',(1.,0.,0.));
#9042 = PCURVE('',#4362,#9043);
#9043 = DEFINITIONAL_REPRESENTATION('',(#9044),#9048);
#9044 = LINE('',#9045,#9046);
#9045 = CARTESIAN_POINT('',(0.,-18.));
#9046 = VECTOR('',#9047,1.);
#9047 = DIRECTION('',(1.,0.));
#9048 = ( GEOMETRIC_REPRESENTATION_CONTEXT(2) 
PARAMETRIC_REPRESENTATION_CONTEXT() REPRESENTATION_CONTEXT('2D SPACE',''
  ) );
#9049 = PCURVE('',#7471,#9050);
#9050 = DEFINITIONAL_REPRESENTATION('',(#9051),#9055);
#9051 = CIRCLE('',#9052,8.75);
#9052 = AXIS2_PLACEMENT_2D('',#9053,#9054);
#9053 = CARTESIAN_POINT('',(0.,-5.8048458399E-16));
#9054 = DIRECTION('',(1.,0.));
#9055 = ( GEOMETRIC_REPRESENTATION_CONTEXT(2) 
PARAMETRIC_REPRESENTATION_CONTEXT() REPRESENTATION_CONTEXT('2D SPACE',''
  ) );
#9056 = ORIENTED_EDGE('',*,*,#7482,.T.);
#9057 = ORIENTED_EDGE('',*,*,#9058,.T.);
#9058 = EDGE_CURVE('',#7483,#8988,#9059,.T.);
#9059 = SURFACE_CURVE('',#9060,(#9065,#9072),.PCURVE_S1.);
#9060 = CIRCLE('',#9061,8.75);
#9061 = AXIS2_PLACEMENT_3D('',#9062,#9063,#9064);
#9062 = CARTESIAN_POINT('',(40.,0.,73.));
#9063 = DIRECTION('',(0.,0.,1.));
#9064 = DIRECTION('',(1.,0.,0.));
#9065 = PCURVE('',#4362,#9066);
#9066 = DEFINITIONAL_REPRESENTATION('',(#9067),#9071);
#9067 = LINE('',#9068,#9069);
#9068 = CARTESIAN_POINT('',(0.,-18.));
#9069 = VECTOR('',#9070,1.);
#9070 = DIRECTION('',(1.,0.));
#9071 = ( GEOMETRIC_REPRESENTATION_CONTEXT(2) 
PARAMETRIC_REPRESENTATION_CONTEXT() REPRESENTATION_CONTEXT('2D SPACE',''
  ) );
#9072 = PCURVE('',#4279,#9073);
#9073 = DEFINITIONAL_REPRESENTATION('',(#9074),#9078);
#9074 = CIRCLE('',#9075,8.75);
#9075 = AXIS2_PLACEMENT_2D('',#9076,#9077);
#9076 = CARTESIAN_POINT('',(0.,-5.8048458399E-16));
#9077 = DIRECTION('',(1.,0.));
#9078 = ( GEOMETRIC_REPRESENTATION_CONTEXT(2) 
PARAMETRIC_REPRESENTATION_CONTEXT() REPRESENTATION_CONTEXT('2D SPACE',''
  ) );
#9079 = ORIENTED_EDGE('',*,*,#8987,.F.);
#9080 = ADVANCED_FACE('',(#9081),#4279,.T.);
#9081 = FACE_BOUND('',#9082,.T.);
#9082 = EDGE_LOOP('',(#9083,#9084,#9085,#9086,#9087));
#9083 = ORIENTED_EDGE('',*,*,#7610,.T.);
#9084 = ORIENTED_EDGE('',*,*,#9058,.T.);
#9085 = ORIENTED_EDGE('',*,*,#9010,.T.);
#9086 = ORIENTED_EDGE('',*,*,#4264,.T.);
#9087 = ORIENTED_EDGE('',*,*,#9088,.T.);
#9088 = EDGE_CURVE('',#4165,#7611,#9089,.T.);
#9089 = SURFACE_CURVE('',#9090,(#9095,#9106),.PCURVE_S1.);
#9090 = CIRCLE('',#9091,7.5);
#9091 = AXIS2_PLACEMENT_3D('',#9092,#9093,#9094);
#9092 = CARTESIAN_POINT('',(40.,0.,73.));
#9093 = DIRECTION('',(0.,0.,-1.));
#9094 = DIRECTION('',(0.949456107329,0.313899825191,0.));
#9095 = PCURVE('',#4279,#9096);
#9096 = DEFINITIONAL_REPRESENTATION('',(#9097),#9105);
#9097 = ( BOUNDED_CURVE() B_SPLINE_CURVE(2,(#9098,#9099,#9100,#9101,
#9102,#9103,#9104),.UNSPECIFIED.,.T.,.F.) B_SPLINE_CURVE_WITH_KNOTS((1,2
    ,2,2,2,1),(-2.094395102393,0.,2.094395102393,4.188790204786,
6.28318530718,8.377580409573),.UNSPECIFIED.) CURVE() 
GEOMETRIC_REPRESENTATION_ITEM() RATIONAL_B_SPLINE_CURVE((1.,0.5,1.,0.5,
1.,0.5,1.)) REPRESENTATION_ITEM('') );
#9098 = CARTESIAN_POINT('',(7.120920804969,2.354248688935));
#9099 = CARTESIAN_POINT('',(11.198599147858,-9.979547941946));
#9100 = CARTESIAN_POINT('',(-1.52162123104,-7.344022659908));
#9101 = CARTESIAN_POINT('',(-14.24184160993,-4.708497377871));
#9102 = CARTESIAN_POINT('',(-5.599299573929,4.989773970973));
#9103 = CARTESIAN_POINT('',(3.043242462081,14.688045319817));
#9104 = CARTESIAN_POINT('',(7.120920804969,2.354248688935));
#9105 = ( GEOMETRIC_REPRESENTATION_CONTEXT(2) 
PARAMETRIC_REPRESENTATION_CONTEXT() REPRESENTATION_CONTEXT('2D SPACE',''
  ) );
#9106 = PCURVE('',#4228,#9107);
#9107 = DEFINITIONAL_REPRESENTATION('',(#9108),#9112);
#9108 = LINE('',#9109,#9110);
#9109 = CARTESIAN_POINT('',(6.602482996785,-18.));
#9110 = VECTOR('',#9111,1.);
#9111 = DIRECTION('',(-1.,-0.));
#9112 = ( GEOMETRIC_REPRESENTATION_CONTEXT(2) 
PARAMETRIC_REPRESENTATION_CONTEXT() REPRESENTATION_CONTEXT('2D SPACE',''
  ) );
#9113 = ADVANCED_FACE('',(#9114),#4228,.F.);
#9114 = FACE_BOUND('',#9115,.F.);
#9115 = EDGE_LOOP('',(#9116,#9117,#9118,#9119));
#9116 = ORIENTED_EDGE('',*,*,#4164,.F.);
#9117 = ORIENTED_EDGE('',*,*,#9088,.T.);
#9118 = ORIENTED_EDGE('',*,*,#7631,.T.);
#9119 = ORIENTED_EDGE('',*,*,#9120,.F.);
#9120 = EDGE_CURVE('',#4139,#7632,#9121,.T.);
#9121 = SURFACE_CURVE('',#9122,(#9127,#9134),.PCURVE_S1.);
#9122 = CIRCLE('',#9123,7.5);
#9123 = AXIS2_PLACEMENT_3D('',#9124,#9125,#9126);
#9124 = CARTESIAN_POINT('',(40.,0.,68.));
#9125 = DIRECTION('',(0.,0.,-1.));
#9126 = DIRECTION('',(0.978806676192,0.204786451315,0.));
#9127 = PCURVE('',#4228,#9128);
#9128 = DEFINITIONAL_REPRESENTATION('',(#9129),#9133);
#9129 = LINE('',#9130,#9131);
#9130 = CARTESIAN_POINT('',(6.489430836974,-23.));
#9131 = VECTOR('',#9132,1.);
#9132 = DIRECTION('',(-1.,-0.));
#9133 = ( GEOMETRIC_REPRESENTATION_CONTEXT(2) 
PARAMETRIC_REPRESENTATION_CONTEXT() REPRESENTATION_CONTEXT('2D SPACE',''
  ) );
#9134 = PCURVE('',#4153,#9135);
#9135 = DEFINITIONAL_REPRESENTATION('',(#9136),#9144);
#9136 = ( BOUNDED_CURVE() B_SPLINE_CURVE(2,(#9137,#9138,#9139,#9140,
#9141,#9142,#9143),.UNSPECIFIED.,.T.,.F.) B_SPLINE_CURVE_WITH_KNOTS((1,2
    ,2,2,2,1),(-2.094395102393,0.,2.094395102393,4.188790204786,
6.28318530718,8.377580409573),.UNSPECIFIED.) CURVE() 
GEOMETRIC_REPRESENTATION_ITEM() RATIONAL_B_SPLINE_CURVE((1.,0.5,1.,0.5,
1.,0.5,1.)) REPRESENTATION_ITEM('') );
#9137 = CARTESIAN_POINT('',(7.341050071439,1.535898384862));
#9138 = CARTESIAN_POINT('',(10.001304109284,-11.17917331977));
#9139 = CARTESIAN_POINT('',(-2.340398016797,-7.125485044751));
#9140 = CARTESIAN_POINT('',(-14.68210014287,-3.071796769724));
#9141 = CARTESIAN_POINT('',(-5.000652054642,5.589586659889));
#9142 = CARTESIAN_POINT('',(4.680796033595,14.250970089502));
#9143 = CARTESIAN_POINT('',(7.341050071439,1.535898384862));
#9144 = ( GEOMETRIC_REPRESENTATION_CONTEXT(2) 
PARAMETRIC_REPRESENTATION_CONTEXT() REPRESENTATION_CONTEXT('2D SPACE',''
  ) );
#9145 = ADVANCED_FACE('',(#9146),#4153,.T.);
#9146 = FACE_BOUND('',#9147,.T.);
#9147 = EDGE_LOOP('',(#9148,#9172,#9173,#9174,#9175));
#9148 = ORIENTED_EDGE('',*,*,#9149,.F.);
#9149 = EDGE_CURVE('',#7727,#9150,#9152,.T.);
#9150 = VERTEX_POINT('',#9151);
#9151 = CARTESIAN_POINT('',(47.25,0.,68.));
#9152 = SURFACE_CURVE('',#9153,(#9158,#9165),.PCURVE_S1.);
#9153 = CIRCLE('',#9154,7.25);
#9154 = AXIS2_PLACEMENT_3D('',#9155,#9156,#9157);
#9155 = CARTESIAN_POINT('',(40.,0.,68.));
#9156 = DIRECTION('',(0.,0.,1.));
#9157 = DIRECTION('',(1.,0.,-0.));
#9158 = PCURVE('',#4153,#9159);
#9159 = DEFINITIONAL_REPRESENTATION('',(#9160),#9164);
#9160 = CIRCLE('',#9161,7.25);
#9161 = AXIS2_PLACEMENT_2D('',#9162,#9163);
#9162 = CARTESIAN_POINT('',(0.,-4.231397042342E-16));
#9163 = DIRECTION('',(1.,0.));
#9164 = ( GEOMETRIC_REPRESENTATION_CONTEXT(2) 
PARAMETRIC_REPRESENTATION_CONTEXT() REPRESENTATION_CONTEXT('2D SPACE',''
  ) );
#9165 = PCURVE('',#4111,#9166);
#9166 = DEFINITIONAL_REPRESENTATION('',(#9167),#9171);
#9167 = LINE('',#9168,#9169);
#9168 = CARTESIAN_POINT('',(0.,-23.));
#9169 = VECTOR('',#9170,1.);
#9170 = DIRECTION('',(1.,0.));
#9171 = ( GEOMETRIC_REPRESENTATION_CONTEXT(2) 
PARAMETRIC_REPRESENTATION_CONTEXT() REPRESENTATION_CONTEXT('2D SPACE',''
  ) );
#9172 = ORIENTED_EDGE('',*,*,#7726,.T.);
#9173 = ORIENTED_EDGE('',*,*,#9120,.F.);
#9174 = ORIENTED_EDGE('',*,*,#4138,.T.);
#9175 = ORIENTED_EDGE('',*,*,#9176,.F.);
#9176 = EDGE_CURVE('',#9150,#4066,#9177,.T.);
#9177 = SURFACE_CURVE('',#9178,(#9183,#9190),.PCURVE_S1.);
#9178 = CIRCLE('',#9179,7.25);
#9179 = AXIS2_PLACEMENT_3D('',#9180,#9181,#9182);
#9180 = CARTESIAN_POINT('',(40.,0.,68.));
#9181 = DIRECTION('',(0.,0.,1.));
#9182 = DIRECTION('',(1.,0.,-0.));
#9183 = PCURVE('',#4153,#9184);
#9184 = DEFINITIONAL_REPRESENTATION('',(#9185),#9189);
#9185 = CIRCLE('',#9186,7.25);
#9186 = AXIS2_PLACEMENT_2D('',#9187,#9188);
#9187 = CARTESIAN_POINT('',(0.,-4.231397042342E-16));
#9188 = DIRECTION('',(1.,0.));
#9189 = ( GEOMETRIC_REPRESENTATION_CONTEXT(2) 
PARAMETRIC_REPRESENTATION_CONTEXT() REPRESENTATION_CONTEXT('2D SPACE',''
  ) );
#9190 = PCURVE('',#4111,#9191);
#9191 = DEFINITIONAL_REPRESENTATION('',(#9192),#9196);
#9192 = LINE('',#9193,#9194);
#9193 = CARTESIAN_POINT('',(0.,-23.));
#9194 = VECTOR('',#9195,1.);
#9195 = DIRECTION('',(1.,0.));
#9196 = ( GEOMETRIC_REPRESENTATION_CONTEXT(2) 
PARAMETRIC_REPRESENTATION_CONTEXT() REPRESENTATION_CONTEXT('2D SPACE',''
  ) );
#9197 = ADVANCED_FACE('',(#9198),#4111,.F.);
#9198 = FACE_BOUND('',#9199,.F.);
#9199 = EDGE_LOOP('',(#9200,#9223,#9224,#9225,#9226,#9227,#9228,#9229,
    #9256,#9257,#9258,#9259));
#9200 = ORIENTED_EDGE('',*,*,#9201,.F.);
#9201 = EDGE_CURVE('',#9150,#9202,#9204,.T.);
#9202 = VERTEX_POINT('',#9203);
#9203 = CARTESIAN_POINT('',(47.25,0.,58.));
#9204 = SEAM_CURVE('',#9205,(#9209,#9216),.PCURVE_S1.);
#9205 = LINE('',#9206,#9207);
#9206 = CARTESIAN_POINT('',(47.25,0.,91.));
#9207 = VECTOR('',#9208,1.);
#9208 = DIRECTION('',(-0.,-0.,-1.));
#9209 = PCURVE('',#4111,#9210);
#9210 = DEFINITIONAL_REPRESENTATION('',(#9211),#9215);
#9211 = LINE('',#9212,#9213);
#9212 = CARTESIAN_POINT('',(6.28318530718,0.));
#9213 = VECTOR('',#9214,1.);
#9214 = DIRECTION('',(0.,-1.));
#9215 = ( GEOMETRIC_REPRESENTATION_CONTEXT(2) 
PARAMETRIC_REPRESENTATION_CONTEXT() REPRESENTATION_CONTEXT('2D SPACE',''
  ) );
#9216 = PCURVE('',#4111,#9217);
#9217 = DEFINITIONAL_REPRESENTATION('',(#9218),#9222);
#9218 = LINE('',#9219,#9220);
#9219 = CARTESIAN_POINT('',(0.,0.));
#9220 = VECTOR('',#9221,1.);
#9221 = DIRECTION('',(0.,-1.));
#9222 = ( GEOMETRIC_REPRESENTATION_CONTEXT(2) 
PARAMETRIC_REPRESENTATION_CONTEXT() REPRESENTATION_CONTEXT('2D SPACE',''
  ) );
#9223 = ORIENTED_EDGE('',*,*,#9149,.F.);
#9224 = ORIENTED_EDGE('',*,*,#7747,.F.);
#9225 = ORIENTED_EDGE('',*,*,#8964,.F.);
#9226 = ORIENTED_EDGE('',*,*,#4065,.F.);
#9227 = ORIENTED_EDGE('',*,*,#9176,.F.);
#9228 = ORIENTED_EDGE('',*,*,#9201,.T.);
#9229 = ORIENTED_EDGE('',*,*,#9230,.T.);
#9230 = EDGE_CURVE('',#9202,#5735,#9231,.T.);
#9231 = SURFACE_CURVE('',#9232,(#9237,#9244),.PCURVE_S1.);
#9232 = CIRCLE('',#9233,7.25);
#9233 = AXIS2_PLACEMENT_3D('',#9234,#9235,#9236);
#9234 = CARTESIAN_POINT('',(40.,0.,58.));
#9235 = DIRECTION('',(0.,0.,1.));
#9236 = DIRECTION('',(1.,0.,0.));
#9237 = PCURVE('',#4111,#9238);
#9238 = DEFINITIONAL_REPRESENTATION('',(#9239),#9243);
#9239 = LINE('',#9240,#9241);
#9240 = CARTESIAN_POINT('',(0.,-33.));
#9241 = VECTOR('',#9242,1.);
#9242 = DIRECTION('',(1.,0.));
#9243 = ( GEOMETRIC_REPRESENTATION_CONTEXT(2) 
PARAMETRIC_REPRESENTATION_CONTEXT() REPRESENTATION_CONTEXT('2D SPACE',''
  ) );
#9244 = PCURVE('',#9245,#9250);
#9245 = PLANE('',#9246);
#9246 = AXIS2_PLACEMENT_3D('',#9247,#9248,#9249);
#9247 = CARTESIAN_POINT('',(40.,4.584934185037E-16,58.));
#9248 = DIRECTION('',(0.,0.,1.));
#9249 = DIRECTION('',(1.,0.,-0.));
#9250 = DEFINITIONAL_REPRESENTATION('',(#9251),#9255);
#9251 = CIRCLE('',#9252,7.25);
#9252 = AXIS2_PLACEMENT_2D('',#9253,#9254);
#9253 = CARTESIAN_POINT('',(7.105427357601E-15,-4.584934185037E-16));
#9254 = DIRECTION('',(1.,0.));
#9255 = ( GEOMETRIC_REPRESENTATION_CONTEXT(2) 
PARAMETRIC_REPRESENTATION_CONTEXT() REPRESENTATION_CONTEXT('2D SPACE',''
  ) );
#9256 = ORIENTED_EDGE('',*,*,#6047,.F.);
#9257 = ORIENTED_EDGE('',*,*,#5067,.F.);
#9258 = ORIENTED_EDGE('',*,*,#5426,.F.);
#9259 = ORIENTED_EDGE('',*,*,#9260,.T.);
#9260 = EDGE_CURVE('',#5427,#9202,#9261,.T.);
#9261 = SURFACE_CURVE('',#9262,(#9267,#9274),.PCURVE_S1.);
#9262 = CIRCLE('',#9263,7.25);
#9263 = AXIS2_PLACEMENT_3D('',#9264,#9265,#9266);
#9264 = CARTESIAN_POINT('',(40.,0.,58.));
#9265 = DIRECTION('',(0.,0.,1.));
#9266 = DIRECTION('',(1.,0.,0.));
#9267 = PCURVE('',#4111,#9268);
#9268 = DEFINITIONAL_REPRESENTATION('',(#9269),#9273);
#9269 = LINE('',#9270,#9271);
#9270 = CARTESIAN_POINT('',(0.,-33.));
#9271 = VECTOR('',#9272,1.);
#9272 = DIRECTION('',(1.,0.));
#9273 = ( GEOMETRIC_REPRESENTATION_CONTEXT(2) 
PARAMETRIC_REPRESENTATION_CONTEXT() REPRESENTATION_CONTEXT('2D SPACE',''
  ) );
#9274 = PCURVE('',#9245,#9275);
#9275 = DEFINITIONAL_REPRESENTATION('',(#9276),#9280);
#9276 = CIRCLE('',#9277,7.25);
#9277 = AXIS2_PLACEMENT_2D('',#9278,#9279);
#9278 = CARTESIAN_POINT('',(7.105427357601E-15,-4.584934185037E-16));
#9279 = DIRECTION('',(1.,0.));
#9280 = ( GEOMETRIC_REPRESENTATION_CONTEXT(2) 
PARAMETRIC_REPRESENTATION_CONTEXT() REPRESENTATION_CONTEXT('2D SPACE',''
  ) );
#9281 = ADVANCED_FACE('',(#9282),#4423,.T.);
#9282 = FACE_BOUND('',#9283,.T.);
#9283 = EDGE_LOOP('',(#9284));
#9284 = ORIENTED_EDGE('',*,*,#4406,.T.);
#9285 = ADVANCED_FACE('',(#9286),#4478,.T.);
#9286 = FACE_BOUND('',#9287,.T.);
#9287 = EDGE_LOOP('',(#9288));
#9288 = ORIENTED_EDGE('',*,*,#4461,.T.);
#9289 = ADVANCED_FACE('',(#9290),#4536,.F.);
#9290 = FACE_BOUND('',#9291,.F.);
#9291 = EDGE_LOOP('',(#9292,#9293,#9314,#9315));
#9292 = ORIENTED_EDGE('',*,*,#4519,.F.);
#9293 = ORIENTED_EDGE('',*,*,#9294,.T.);
#9294 = EDGE_CURVE('',#4520,#6664,#9295,.T.);
#9295 = SEAM_CURVE('',#9296,(#9300,#9307),.PCURVE_S1.);
#9296 = LINE('',#9297,#9298);
#9297 = CARTESIAN_POINT('',(3.,-31.,62.));
#9298 = VECTOR('',#9299,1.);
#9299 = DIRECTION('',(-0.,1.,-0.));
#9300 = PCURVE('',#4536,#9301);
#9301 = DEFINITIONAL_REPRESENTATION('',(#9302),#9306);
#9302 = LINE('',#9303,#9304);
#9303 = CARTESIAN_POINT('',(6.28318530718,0.));
#9304 = VECTOR('',#9305,1.);
#9305 = DIRECTION('',(0.,-1.));
#9306 = ( GEOMETRIC_REPRESENTATION_CONTEXT(2) 
PARAMETRIC_REPRESENTATION_CONTEXT() REPRESENTATION_CONTEXT('2D SPACE',''
  ) );
#9307 = PCURVE('',#4536,#9308);
#9308 = DEFINITIONAL_REPRESENTATION('',(#9309),#9313);
#9309 = LINE('',#9310,#9311);
#9310 = CARTESIAN_POINT('',(0.,0.));
#9311 = VECTOR('',#9312,1.);
#9312 = DIRECTION('',(0.,-1.));
#9313 = ( GEOMETRIC_REPRESENTATION_CONTEXT(2) 
PARAMETRIC_REPRESENTATION_CONTEXT() REPRESENTATION_CONTEXT('2D SPACE',''
  ) );
#9314 = ORIENTED_EDGE('',*,*,#6663,.T.);
#9315 = ORIENTED_EDGE('',*,*,#9294,.F.);
#9316 = ADVANCED_FACE('',(#9317),#4571,.F.);
#9317 = FACE_BOUND('',#9318,.F.);
#9318 = EDGE_LOOP('',(#9319,#9342,#9343,#9344,#9366,#9367,#9389,#9390));
#9319 = ORIENTED_EDGE('',*,*,#9320,.F.);
#9320 = EDGE_CURVE('',#4555,#9321,#9323,.T.);
#9321 = VERTEX_POINT('',#9322);
#9322 = CARTESIAN_POINT('',(-31.25,0.,73.));
#9323 = SEAM_CURVE('',#9324,(#9328,#9335),.PCURVE_S1.);
#9324 = LINE('',#9325,#9326);
#9325 = CARTESIAN_POINT('',(-31.25,0.,91.));
#9326 = VECTOR('',#9327,1.);
#9327 = DIRECTION('',(-0.,-0.,-1.));
#9328 = PCURVE('',#4571,#9329);
#9329 = DEFINITIONAL_REPRESENTATION('',(#9330),#9334);
#9330 = LINE('',#9331,#9332);
#9331 = CARTESIAN_POINT('',(6.28318530718,0.));
#9332 = VECTOR('',#9333,1.);
#9333 = DIRECTION('',(0.,-1.));
#9334 = ( GEOMETRIC_REPRESENTATION_CONTEXT(2) 
PARAMETRIC_REPRESENTATION_CONTEXT() REPRESENTATION_CONTEXT('2D SPACE',''
  ) );
#9335 = PCURVE('',#4571,#9336);
#9336 = DEFINITIONAL_REPRESENTATION('',(#9337),#9341);
#9337 = LINE('',#9338,#9339);
#9338 = CARTESIAN_POINT('',(0.,0.));
#9339 = VECTOR('',#9340,1.);
#9340 = DIRECTION('',(0.,-1.));
#9341 = ( GEOMETRIC_REPRESENTATION_CONTEXT(2) 
PARAMETRIC_REPRESENTATION_CONTEXT() REPRESENTATION_CONTEXT('2D SPACE',''
  ) );
#9342 = ORIENTED_EDGE('',*,*,#4554,.F.);
#9343 = ORIENTED_EDGE('',*,*,#9320,.T.);
#9344 = ORIENTED_EDGE('',*,*,#9345,.T.);
#9345 = EDGE_CURVE('',#9321,#8470,#9346,.T.);
#9346 = SURFACE_CURVE('',#9347,(#9352,#9359),.PCURVE_S1.);
#9347 = CIRCLE('',#9348,8.75);
#9348 = AXIS2_PLACEMENT_3D('',#9349,#9350,#9351);
#9349 = CARTESIAN_POINT('',(-40.,0.,73.));
#9350 = DIRECTION('',(0.,0.,1.));
#9351 = DIRECTION('',(1.,0.,0.));
#9352 = PCURVE('',#4571,#9353);
#9353 = DEFINITIONAL_REPRESENTATION('',(#9354),#9358);
#9354 = LINE('',#9355,#9356);
#9355 = CARTESIAN_POINT('',(0.,-18.));
#9356 = VECTOR('',#9357,1.);
#9357 = DIRECTION('',(1.,0.));
#9358 = ( GEOMETRIC_REPRESENTATION_CONTEXT(2) 
PARAMETRIC_REPRESENTATION_CONTEXT() REPRESENTATION_CONTEXT('2D SPACE',''
  ) );
#9359 = PCURVE('',#8484,#9360);
#9360 = DEFINITIONAL_REPRESENTATION('',(#9361),#9365);
#9361 = CIRCLE('',#9362,8.75);
#9362 = AXIS2_PLACEMENT_2D('',#9363,#9364);
#9363 = CARTESIAN_POINT('',(0.,-5.8048458399E-16));
#9364 = DIRECTION('',(1.,0.));
#9365 = ( GEOMETRIC_REPRESENTATION_CONTEXT(2) 
PARAMETRIC_REPRESENTATION_CONTEXT() REPRESENTATION_CONTEXT('2D SPACE',''
  ) );
#9366 = ORIENTED_EDGE('',*,*,#8495,.F.);
#9367 = ORIENTED_EDGE('',*,*,#9368,.T.);
#9368 = EDGE_CURVE('',#8496,#8624,#9369,.T.);
#9369 = SURFACE_CURVE('',#9370,(#9375,#9382),.PCURVE_S1.);
#9370 = CIRCLE('',#9371,8.75);
#9371 = AXIS2_PLACEMENT_3D('',#9372,#9373,#9374);
#9372 = CARTESIAN_POINT('',(-40.,0.,73.));
#9373 = DIRECTION('',(0.,0.,1.));
#9374 = DIRECTION('',(1.,0.,0.));
#9375 = PCURVE('',#4571,#9376);
#9376 = DEFINITIONAL_REPRESENTATION('',(#9377),#9381);
#9377 = LINE('',#9378,#9379);
#9378 = CARTESIAN_POINT('',(0.,-18.));
#9379 = VECTOR('',#9380,1.);
#9380 = DIRECTION('',(1.,0.));
#9381 = ( GEOMETRIC_REPRESENTATION_CONTEXT(2) 
PARAMETRIC_REPRESENTATION_CONTEXT() REPRESENTATION_CONTEXT('2D SPACE',''
  ) );
#9382 = PCURVE('',#8638,#9383);
#9383 = DEFINITIONAL_REPRESENTATION('',(#9384),#9388);
#9384 = CIRCLE('',#9385,8.75);
#9385 = AXIS2_PLACEMENT_2D('',#9386,#9387);
#9386 = CARTESIAN_POINT('',(0.,-5.8048458399E-16));
#9387 = DIRECTION('',(1.,0.));
#9388 = ( GEOMETRIC_REPRESENTATION_CONTEXT(2) 
PARAMETRIC_REPRESENTATION_CONTEXT() REPRESENTATION_CONTEXT('2D SPACE',''
  ) );
#9389 = ORIENTED_EDGE('',*,*,#8649,.T.);
#9390 = ORIENTED_EDGE('',*,*,#9391,.T.);
#9391 = EDGE_CURVE('',#8650,#9321,#9392,.T.);
#9392 = SURFACE_CURVE('',#9393,(#9398,#9405),.PCURVE_S1.);
#9393 = CIRCLE('',#9394,8.75);
#9394 = AXIS2_PLACEMENT_3D('',#9395,#9396,#9397);
#9395 = CARTESIAN_POINT('',(-40.,0.,73.));
#9396 = DIRECTION('',(0.,0.,1.));
#9397 = DIRECTION('',(1.,0.,0.));
#9398 = PCURVE('',#4571,#9399);
#9399 = DEFINITIONAL_REPRESENTATION('',(#9400),#9404);
#9400 = LINE('',#9401,#9402);
#9401 = CARTESIAN_POINT('',(0.,-18.));
#9402 = VECTOR('',#9403,1.);
#9403 = DIRECTION('',(1.,0.));
#9404 = ( GEOMETRIC_REPRESENTATION_CONTEXT(2) 
PARAMETRIC_REPRESENTATION_CONTEXT() REPRESENTATION_CONTEXT('2D SPACE',''
  ) );
#9405 = PCURVE('',#8484,#9406);
#9406 = DEFINITIONAL_REPRESENTATION('',(#9407),#9411);
#9407 = CIRCLE('',#9408,8.75);
#9408 = AXIS2_PLACEMENT_2D('',#9409,#9410);
#9409 = CARTESIAN_POINT('',(0.,-5.8048458399E-16));
#9410 = DIRECTION('',(1.,0.));
#9411 = ( GEOMETRIC_REPRESENTATION_CONTEXT(2) 
PARAMETRIC_REPRESENTATION_CONTEXT() REPRESENTATION_CONTEXT('2D SPACE',''
  ) );
#9412 = ADVANCED_FACE('',(#9413),#4656,.F.);
#9413 = FACE_BOUND('',#9414,.T.);
#9414 = EDGE_LOOP('',(#9415,#9416,#9417,#9438,#9439));
#9415 = ORIENTED_EDGE('',*,*,#7090,.T.);
#9416 = ORIENTED_EDGE('',*,*,#8136,.T.);
#9417 = ORIENTED_EDGE('',*,*,#9418,.F.);
#9418 = EDGE_CURVE('',#4636,#7091,#9419,.T.);
#9419 = SEAM_CURVE('',#9420,(#9424,#9431),.PCURVE_S1.);
#9420 = LINE('',#9421,#9422);
#9421 = CARTESIAN_POINT('',(3.,31.,70.));
#9422 = VECTOR('',#9423,1.);
#9423 = DIRECTION('',(0.,-1.,0.));
#9424 = PCURVE('',#4656,#9425);
#9425 = DEFINITIONAL_REPRESENTATION('',(#9426),#9430);
#9426 = LINE('',#9427,#9428);
#9427 = CARTESIAN_POINT('',(-0.,0.));
#9428 = VECTOR('',#9429,1.);
#9429 = DIRECTION('',(-0.,-1.));
#9430 = ( GEOMETRIC_REPRESENTATION_CONTEXT(2) 
PARAMETRIC_REPRESENTATION_CONTEXT() REPRESENTATION_CONTEXT('2D SPACE',''
  ) );
#9431 = PCURVE('',#4656,#9432);
#9432 = DEFINITIONAL_REPRESENTATION('',(#9433),#9437);
#9433 = LINE('',#9434,#9435);
#9434 = CARTESIAN_POINT('',(-6.28318530718,0.));
#9435 = VECTOR('',#9436,1.);
#9436 = DIRECTION('',(-0.,-1.));
#9437 = ( GEOMETRIC_REPRESENTATION_CONTEXT(2) 
PARAMETRIC_REPRESENTATION_CONTEXT() REPRESENTATION_CONTEXT('2D SPACE',''
  ) );
#9438 = ORIENTED_EDGE('',*,*,#4635,.T.);
#9439 = ORIENTED_EDGE('',*,*,#9418,.T.);
#9440 = ADVANCED_FACE('',(#9441),#4688,.F.);
#9441 = FACE_BOUND('',#9442,.F.);
#9442 = EDGE_LOOP('',(#9443,#9466,#9492,#9493));
#9443 = ORIENTED_EDGE('',*,*,#9444,.F.);
#9444 = EDGE_CURVE('',#9445,#4672,#9447,.T.);
#9445 = VERTEX_POINT('',#9446);
#9446 = CARTESIAN_POINT('',(46.35,0.,58.));
#9447 = SEAM_CURVE('',#9448,(#9452,#9459),.PCURVE_S1.);
#9448 = LINE('',#9449,#9450);
#9449 = CARTESIAN_POINT('',(46.35,0.,91.));
#9450 = VECTOR('',#9451,1.);
#9451 = DIRECTION('',(-0.,-0.,-1.));
#9452 = PCURVE('',#4688,#9453);
#9453 = DEFINITIONAL_REPRESENTATION('',(#9454),#9458);
#9454 = LINE('',#9455,#9456);
#9455 = CARTESIAN_POINT('',(6.28318530718,0.));
#9456 = VECTOR('',#9457,1.);
#9457 = DIRECTION('',(0.,-1.));
#9458 = ( GEOMETRIC_REPRESENTATION_CONTEXT(2) 
PARAMETRIC_REPRESENTATION_CONTEXT() REPRESENTATION_CONTEXT('2D SPACE',''
  ) );
#9459 = PCURVE('',#4688,#9460);
#9460 = DEFINITIONAL_REPRESENTATION('',(#9461),#9465);
#9461 = LINE('',#9462,#9463);
#9462 = CARTESIAN_POINT('',(0.,0.));
#9463 = VECTOR('',#9464,1.);
#9464 = DIRECTION('',(0.,-1.));
#9465 = ( GEOMETRIC_REPRESENTATION_CONTEXT(2) 
PARAMETRIC_REPRESENTATION_CONTEXT() REPRESENTATION_CONTEXT('2D SPACE',''
  ) );
#9466 = ORIENTED_EDGE('',*,*,#9467,.T.);
#9467 = EDGE_CURVE('',#9445,#9445,#9468,.T.);
#9468 = SURFACE_CURVE('',#9469,(#9474,#9481),.PCURVE_S1.);
#9469 = CIRCLE('',#9470,6.35);
#9470 = AXIS2_PLACEMENT_3D('',#9471,#9472,#9473);
#9471 = CARTESIAN_POINT('',(40.,4.218847493576E-15,58.));
#9472 = DIRECTION('',(0.,0.,-1.));
#9473 = DIRECTION('',(1.,-9.093147918886E-16,0.));
#9474 = PCURVE('',#4688,#9475);
#9475 = DEFINITIONAL_REPRESENTATION('',(#9476),#9480);
#9476 = LINE('',#9477,#9478);
#9477 = CARTESIAN_POINT('',(6.28318530718,-33.));
#9478 = VECTOR('',#9479,1.);
#9479 = DIRECTION('',(-1.,-0.));
#9480 = ( GEOMETRIC_REPRESENTATION_CONTEXT(2) 
PARAMETRIC_REPRESENTATION_CONTEXT() REPRESENTATION_CONTEXT('2D SPACE',''
  ) );
#9481 = PCURVE('',#9245,#9482);
#9482 = DEFINITIONAL_REPRESENTATION('',(#9483),#9491);
#9483 = ( BOUNDED_CURVE() B_SPLINE_CURVE(2,(#9484,#9485,#9486,#9487,
#9488,#9489,#9490),.UNSPECIFIED.,.T.,.F.) B_SPLINE_CURVE_WITH_KNOTS((1,2
    ,2,2,2,1),(-2.094395102393,0.,2.094395102393,4.188790204786,
6.28318530718,8.377580409573),.UNSPECIFIED.) CURVE() 
GEOMETRIC_REPRESENTATION_ITEM() RATIONAL_B_SPLINE_CURVE((1.,0.5,1.,0.5,
1.,0.5,1.)) REPRESENTATION_ITEM('') );
#9484 = CARTESIAN_POINT('',(6.35,-2.013794853421E-15));
#9485 = CARTESIAN_POINT('',(6.35,-10.99852262806));
#9486 = CARTESIAN_POINT('',(-3.175,-5.499261314031));
#9487 = CARTESIAN_POINT('',(-12.7,1.375335049714E-14));
#9488 = CARTESIAN_POINT('',(-3.175,5.499261314031));
#9489 = CARTESIAN_POINT('',(6.35,10.998522628062));
#9490 = CARTESIAN_POINT('',(6.35,-2.013794853421E-15));
#9491 = ( GEOMETRIC_REPRESENTATION_CONTEXT(2) 
PARAMETRIC_REPRESENTATION_CONTEXT() REPRESENTATION_CONTEXT('2D SPACE',''
  ) );
#9492 = ORIENTED_EDGE('',*,*,#9444,.T.);
#9493 = ORIENTED_EDGE('',*,*,#4671,.T.);
#9494 = ADVANCED_FACE('',(#9495),#5940,.F.);
#9495 = FACE_BOUND('',#9496,.F.);
#9496 = EDGE_LOOP('',(#9497,#9498));
#9497 = ORIENTED_EDGE('',*,*,#5734,.F.);
#9498 = ORIENTED_EDGE('',*,*,#9499,.T.);
#9499 = EDGE_CURVE('',#5735,#5427,#9500,.T.);
#9500 = SURFACE_CURVE('',#9501,(#9506,#9513),.PCURVE_S1.);
#9501 = CIRCLE('',#9502,7.25);
#9502 = AXIS2_PLACEMENT_3D('',#9503,#9504,#9505);
#9503 = CARTESIAN_POINT('',(40.,0.,58.));
#9504 = DIRECTION('',(0.,0.,1.));
#9505 = DIRECTION('',(1.,0.,0.));
#9506 = PCURVE('',#5940,#9507);
#9507 = DEFINITIONAL_REPRESENTATION('',(#9508),#9512);
#9508 = LINE('',#9509,#9510);
#9509 = CARTESIAN_POINT('',(0.,-33.));
#9510 = VECTOR('',#9511,1.);
#9511 = DIRECTION('',(1.,0.));
#9512 = ( GEOMETRIC_REPRESENTATION_CONTEXT(2) 
PARAMETRIC_REPRESENTATION_CONTEXT() REPRESENTATION_CONTEXT('2D SPACE',''
  ) );
#9513 = PCURVE('',#9245,#9514);
#9514 = DEFINITIONAL_REPRESENTATION('',(#9515),#9519);
#9515 = CIRCLE('',#9516,7.25);
#9516 = AXIS2_PLACEMENT_2D('',#9517,#9518);
#9517 = CARTESIAN_POINT('',(7.105427357601E-15,-4.584934185037E-16));
#9518 = DIRECTION('',(1.,0.));
#9519 = ( GEOMETRIC_REPRESENTATION_CONTEXT(2) 
PARAMETRIC_REPRESENTATION_CONTEXT() REPRESENTATION_CONTEXT('2D SPACE',''
  ) );
#9520 = ADVANCED_FACE('',(#9521),#5413,.F.);
#9521 = FACE_BOUND('',#9522,.F.);
#9522 = EDGE_LOOP('',(#9523));
#9523 = ORIENTED_EDGE('',*,*,#5398,.T.);
#9524 = ADVANCED_FACE('',(#9525),#7035,.F.);
#9525 = FACE_BOUND('',#9526,.F.);
#9526 = EDGE_LOOP('',(#9527,#9528,#9529,#9551));
#9527 = ORIENTED_EDGE('',*,*,#7016,.T.);
#9528 = ORIENTED_EDGE('',*,*,#8374,.F.);
#9529 = ORIENTED_EDGE('',*,*,#9530,.F.);
#9530 = EDGE_CURVE('',#8778,#8375,#9531,.T.);
#9531 = SURFACE_CURVE('',#9532,(#9537,#9544),.PCURVE_S1.);
#9532 = CIRCLE('',#9533,7.5);
#9533 = AXIS2_PLACEMENT_3D('',#9534,#9535,#9536);
#9534 = CARTESIAN_POINT('',(-40.,0.,73.));
#9535 = DIRECTION('',(0.,0.,1.));
#9536 = DIRECTION('',(-0.949456107329,0.313899825191,0.));
#9537 = PCURVE('',#7035,#9538);
#9538 = DEFINITIONAL_REPRESENTATION('',(#9539),#9543);
#9539 = LINE('',#9540,#9541);
#9540 = CARTESIAN_POINT('',(2.822294963985,-18.));
#9541 = VECTOR('',#9542,1.);
#9542 = DIRECTION('',(1.,0.));
#9543 = ( GEOMETRIC_REPRESENTATION_CONTEXT(2) 
PARAMETRIC_REPRESENTATION_CONTEXT() REPRESENTATION_CONTEXT('2D SPACE',''
  ) );
#9544 = PCURVE('',#8484,#9545);
#9545 = DEFINITIONAL_REPRESENTATION('',(#9546),#9550);
#9546 = CIRCLE('',#9547,7.5);
#9547 = AXIS2_PLACEMENT_2D('',#9548,#9549);
#9548 = CARTESIAN_POINT('',(0.,-5.8048458399E-16));
#9549 = DIRECTION('',(-0.949456107329,0.313899825191));
#9550 = ( GEOMETRIC_REPRESENTATION_CONTEXT(2) 
PARAMETRIC_REPRESENTATION_CONTEXT() REPRESENTATION_CONTEXT('2D SPACE',''
  ) );
#9551 = ORIENTED_EDGE('',*,*,#8798,.T.);
#9552 = ADVANCED_FACE('',(#9553),#8357,.T.);
#9553 = FACE_BOUND('',#9554,.T.);
#9554 = EDGE_LOOP('',(#9555));
#9555 = ORIENTED_EDGE('',*,*,#8342,.T.);
#9556 = ADVANCED_FACE('',(#9557),#7471,.T.);
#9557 = FACE_BOUND('',#9558,.T.);
#9558 = EDGE_LOOP('',(#9559,#9560));
#9559 = ORIENTED_EDGE('',*,*,#7456,.F.);
#9560 = ORIENTED_EDGE('',*,*,#9035,.T.);
#9561 = ADVANCED_FACE('',(#9562),#8484,.T.);
#9562 = FACE_BOUND('',#9563,.T.);
#9563 = EDGE_LOOP('',(#9564,#9565,#9566,#9567,#9568));
#9564 = ORIENTED_EDGE('',*,*,#9391,.T.);
#9565 = ORIENTED_EDGE('',*,*,#9345,.T.);
#9566 = ORIENTED_EDGE('',*,*,#8469,.T.);
#9567 = ORIENTED_EDGE('',*,*,#9530,.F.);
#9568 = ORIENTED_EDGE('',*,*,#8777,.T.);
#9569 = ADVANCED_FACE('',(#9570),#8638,.T.);
#9570 = FACE_BOUND('',#9571,.T.);
#9571 = EDGE_LOOP('',(#9572,#9573));
#9572 = ORIENTED_EDGE('',*,*,#8623,.F.);
#9573 = ORIENTED_EDGE('',*,*,#9368,.T.);
#9574 = ADVANCED_FACE('',(#9575,#9580),#9245,.T.);
#9575 = FACE_BOUND('',#9576,.T.);
#9576 = EDGE_LOOP('',(#9577,#9578,#9579));
#9577 = ORIENTED_EDGE('',*,*,#9260,.T.);
#9578 = ORIENTED_EDGE('',*,*,#9230,.T.);
#9579 = ORIENTED_EDGE('',*,*,#9499,.T.);
#9580 = FACE_BOUND('',#9581,.T.);
#9581 = EDGE_LOOP('',(#9582));
#9582 = ORIENTED_EDGE('',*,*,#9467,.T.);
#9583 = ( GEOMETRIC_REPRESENTATION_CONTEXT(3) 
GLOBAL_UNCERTAINTY_ASSIGNED_CONTEXT((#9587)) 
GLOBAL_UNIT_ASSIGNED_CONTEXT((#9584,#9585,#9586)) REPRESENTATION_CONTEXT
('Context #1','3D Context with UNIT and UNCERTAINTY') );
#9584 = ( LENGTH_UNIT() NAMED_UNIT(*) SI_UNIT(.MILLI.,.METRE.) );
#9585 = ( NAMED_UNIT(*) PLANE_ANGLE_UNIT() SI_UNIT($,.RADIAN.) );
#9586 = ( NAMED_UNIT(*) SI_UNIT($,.STERADIAN.) SOLID_ANGLE_UNIT() );
#9587 = UNCERTAINTY_MEASURE_WITH_UNIT(LENGTH_MEASURE(1.E-05),#9584,
  'distance_accuracy_value','confusion accuracy');
#9588 = CONTEXT_DEPENDENT_SHAPE_REPRESENTATION(#9589,#9591);
#9589 = ( REPRESENTATION_RELATIONSHIP('','',#80,#10) 
REPRESENTATION_RELATIONSHIP_WITH_TRANSFORMATION(#9590) 
SHAPE_REPRESENTATION_RELATIONSHIP() );
#9590 = ITEM_DEFINED_TRANSFORMATION('','',#11,#15);
#9591 = PRODUCT_DEFINITION_SHAPE('Placement','Placement of an item',
  #9592);
#9592 = NEXT_ASSEMBLY_USAGE_OCCURRENCE('1','bloque','',#5,#75,$);
#9593 = PRODUCT_RELATED_PRODUCT_CATEGORY('part',$,(#77));
#9594 = SHAPE_DEFINITION_REPRESENTATION(#9595,#9601);
#9595 = PRODUCT_DEFINITION_SHAPE('','',#9596);
#9596 = PRODUCT_DEFINITION('design','',#9597,#9600);
#9597 = PRODUCT_DEFINITION_FORMATION('','',#9598);
#9598 = PRODUCT('tapa_der','tapa_der','',(#9599));
#9599 = PRODUCT_CONTEXT('',#2,'mechanical');
#9600 = PRODUCT_DEFINITION_CONTEXT('part definition',#2,'design');
#9601 = ADVANCED_BREP_SHAPE_REPRESENTATION('',(#11,#9602),#11146);
#9602 = MANIFOLD_SOLID_BREP('',#9603);
#9603 = CLOSED_SHELL('',(#9604,#9692,#10002,#10157,#10230,#10333,#10381,
    #10484,#10532,#10608,#10656,#10712,#10767,#10811,#10846,#10901,
    #10956,#10991,#11030,#11085,#11139));
#9604 = ADVANCED_FACE('',(#9605),#9619,.T.);
#9605 = FACE_BOUND('',#9606,.F.);
#9606 = EDGE_LOOP('',(#9607,#9637,#9664,#9665));
#9607 = ORIENTED_EDGE('',*,*,#9608,.T.);
#9608 = EDGE_CURVE('',#9609,#9611,#9613,.T.);
#9609 = VERTEX_POINT('',#9610);
#9610 = CARTESIAN_POINT('',(6.,25.,0.));
#9611 = VERTEX_POINT('',#9612);
#9612 = CARTESIAN_POINT('',(16.,25.,0.));
#9613 = SEAM_CURVE('',#9614,(#9618,#9630),.PCURVE_S1.);
#9614 = LINE('',#9615,#9616);
#9615 = CARTESIAN_POINT('',(6.,25.,0.));
#9616 = VECTOR('',#9617,1.);
#9617 = DIRECTION('',(1.,0.,0.));
#9618 = PCURVE('',#9619,#9624);
#9619 = CYLINDRICAL_SURFACE('',#9620,25.);
#9620 = AXIS2_PLACEMENT_3D('',#9621,#9622,#9623);
#9621 = CARTESIAN_POINT('',(6.,0.,0.));
#9622 = DIRECTION('',(-1.,-0.,-0.));
#9623 = DIRECTION('',(0.,1.,0.));
#9624 = DEFINITIONAL_REPRESENTATION('',(#9625),#9629);
#9625 = LINE('',#9626,#9627);
#9626 = CARTESIAN_POINT('',(-0.,0.));
#9627 = VECTOR('',#9628,1.);
#9628 = DIRECTION('',(-0.,-1.));
#9629 = ( GEOMETRIC_REPRESENTATION_CONTEXT(2) 
PARAMETRIC_REPRESENTATION_CONTEXT() REPRESENTATION_CONTEXT('2D SPACE',''
  ) );
#9630 = PCURVE('',#9619,#9631);
#9631 = DEFINITIONAL_REPRESENTATION('',(#9632),#9636);
#9632 = LINE('',#9633,#9634);
#9633 = CARTESIAN_POINT('',(-6.28318530718,0.));
#9634 = VECTOR('',#9635,1.);
#9635 = DIRECTION('',(-0.,-1.));
#9636 = ( GEOMETRIC_REPRESENTATION_CONTEXT(2) 
PARAMETRIC_REPRESENTATION_CONTEXT() REPRESENTATION_CONTEXT('2D SPACE',''
  ) );
#9637 = ORIENTED_EDGE('',*,*,#9638,.T.);
#9638 = EDGE_CURVE('',#9611,#9611,#9639,.T.);
#9639 = SURFACE_CURVE('',#9640,(#9645,#9652),.PCURVE_S1.);
#9640 = CIRCLE('',#9641,25.);
#9641 = AXIS2_PLACEMENT_3D('',#9642,#9643,#9644);
#9642 = CARTESIAN_POINT('',(16.,0.,0.));
#9643 = DIRECTION('',(1.,0.,0.));
#9644 = DIRECTION('',(0.,1.,0.));
#9645 = PCURVE('',#9619,#9646);
#9646 = DEFINITIONAL_REPRESENTATION('',(#9647),#9651);
#9647 = LINE('',#9648,#9649);
#9648 = CARTESIAN_POINT('',(-0.,-10.));
#9649 = VECTOR('',#9650,1.);
#9650 = DIRECTION('',(-1.,0.));
#9651 = ( GEOMETRIC_REPRESENTATION_CONTEXT(2) 
PARAMETRIC_REPRESENTATION_CONTEXT() REPRESENTATION_CONTEXT('2D SPACE',''
  ) );
#9652 = PCURVE('',#9653,#9658);
#9653 = PLANE('',#9654);
#9654 = AXIS2_PLACEMENT_3D('',#9655,#9656,#9657);
#9655 = CARTESIAN_POINT('',(16.,-8.751616848252E-16,1.604946055186E-15)
  );
#9656 = DIRECTION('',(1.,0.,0.));
#9657 = DIRECTION('',(-0.,0.,1.));
#9658 = DEFINITIONAL_REPRESENTATION('',(#9659),#9663);
#9659 = CIRCLE('',#9660,25.);
#9660 = AXIS2_PLACEMENT_2D('',#9661,#9662);
#9661 = CARTESIAN_POINT('',(-1.604946055186E-15,-8.751616848252E-16));
#9662 = DIRECTION('',(0.,-1.));
#9663 = ( GEOMETRIC_REPRESENTATION_CONTEXT(2) 
PARAMETRIC_REPRESENTATION_CONTEXT() REPRESENTATION_CONTEXT('2D SPACE',''
  ) );
#9664 = ORIENTED_EDGE('',*,*,#9608,.F.);
#9665 = ORIENTED_EDGE('',*,*,#9666,.F.);
#9666 = EDGE_CURVE('',#9609,#9609,#9667,.T.);
#9667 = SURFACE_CURVE('',#9668,(#9673,#9680),.PCURVE_S1.);
#9668 = CIRCLE('',#9669,25.);
#9669 = AXIS2_PLACEMENT_3D('',#9670,#9671,#9672);
#9670 = CARTESIAN_POINT('',(6.,0.,0.));
#9671 = DIRECTION('',(1.,0.,0.));
#9672 = DIRECTION('',(0.,1.,0.));
#9673 = PCURVE('',#9619,#9674);
#9674 = DEFINITIONAL_REPRESENTATION('',(#9675),#9679);
#9675 = LINE('',#9676,#9677);
#9676 = CARTESIAN_POINT('',(-0.,0.));
#9677 = VECTOR('',#9678,1.);
#9678 = DIRECTION('',(-1.,0.));
#9679 = ( GEOMETRIC_REPRESENTATION_CONTEXT(2) 
PARAMETRIC_REPRESENTATION_CONTEXT() REPRESENTATION_CONTEXT('2D SPACE',''
  ) );
#9680 = PCURVE('',#9681,#9686);
#9681 = PLANE('',#9682);
#9682 = AXIS2_PLACEMENT_3D('',#9683,#9684,#9685);
#9683 = CARTESIAN_POINT('',(6.,-8.751616848252E-16,1.604946055186E-15));
#9684 = DIRECTION('',(1.,0.,0.));
#9685 = DIRECTION('',(-0.,0.,1.));
#9686 = DEFINITIONAL_REPRESENTATION('',(#9687),#9691);
#9687 = CIRCLE('',#9688,25.);
#9688 = AXIS2_PLACEMENT_2D('',#9689,#9690);
#9689 = CARTESIAN_POINT('',(-1.604946055186E-15,-8.751616848252E-16));
#9690 = DIRECTION('',(0.,-1.));
#9691 = ( GEOMETRIC_REPRESENTATION_CONTEXT(2) 
PARAMETRIC_REPRESENTATION_CONTEXT() REPRESENTATION_CONTEXT('2D SPACE',''
  ) );
#9692 = ADVANCED_FACE('',(#9693,#9696),#9681,.F.);
#9693 = FACE_BOUND('',#9694,.F.);
#9694 = EDGE_LOOP('',(#9695));
#9695 = ORIENTED_EDGE('',*,*,#9666,.T.);
#9696 = FACE_BOUND('',#9697,.F.);
#9697 = EDGE_LOOP('',(#9698,#9729,#9762,#9790,#9819,#9852,#9880,#9909,
    #9942,#9971));
#9698 = ORIENTED_EDGE('',*,*,#9699,.F.);
#9699 = EDGE_CURVE('',#9700,#9702,#9704,.T.);
#9700 = VERTEX_POINT('',#9701);
#9701 = CARTESIAN_POINT('',(6.,10.935793606301,14.673050746194));
#9702 = VERTEX_POINT('',#9703);
#9703 = CARTESIAN_POINT('',(6.,-10.9357936063,14.673050746194));
#9704 = SURFACE_CURVE('',#9705,(#9710,#9717),.PCURVE_S1.);
#9705 = CIRCLE('',#9706,18.3);
#9706 = AXIS2_PLACEMENT_3D('',#9707,#9708,#9709);
#9707 = CARTESIAN_POINT('',(6.,0.,0.));
#9708 = DIRECTION('',(1.,0.,-0.));
#9709 = DIRECTION('',(0.,0.597584350071,0.801806051705));
#9710 = PCURVE('',#9681,#9711);
#9711 = DEFINITIONAL_REPRESENTATION('',(#9712),#9716);
#9712 = CIRCLE('',#9713,18.3);
#9713 = AXIS2_PLACEMENT_2D('',#9714,#9715);
#9714 = CARTESIAN_POINT('',(-1.604946055186E-15,-8.751616848252E-16));
#9715 = DIRECTION('',(0.801806051705,-0.597584350071));
#9716 = ( GEOMETRIC_REPRESENTATION_CONTEXT(2) 
PARAMETRIC_REPRESENTATION_CONTEXT() REPRESENTATION_CONTEXT('2D SPACE',''
  ) );
#9717 = PCURVE('',#9718,#9723);
#9718 = CYLINDRICAL_SURFACE('',#9719,18.3);
#9719 = AXIS2_PLACEMENT_3D('',#9720,#9721,#9722);
#9720 = CARTESIAN_POINT('',(6.,0.,0.));
#9721 = DIRECTION('',(-1.,-0.,-0.));
#9722 = DIRECTION('',(0.,1.,0.));
#9723 = DEFINITIONAL_REPRESENTATION('',(#9724),#9728);
#9724 = LINE('',#9725,#9726);
#9725 = CARTESIAN_POINT('',(-0.930311373541,0.));
#9726 = VECTOR('',#9727,1.);
#9727 = DIRECTION('',(-1.,0.));
#9728 = ( GEOMETRIC_REPRESENTATION_CONTEXT(2) 
PARAMETRIC_REPRESENTATION_CONTEXT() REPRESENTATION_CONTEXT('2D SPACE',''
  ) );
#9729 = ORIENTED_EDGE('',*,*,#9730,.T.);
#9730 = EDGE_CURVE('',#9700,#9731,#9733,.T.);
#9731 = VERTEX_POINT('',#9732);
#9732 = CARTESIAN_POINT('',(6.,17.392135623731,14.142135623731));
#9733 = SURFACE_CURVE('',#9734,(#9739,#9750),.PCURVE_S1.);
#9734 = CIRCLE('',#9735,3.25);
#9735 = AXIS2_PLACEMENT_3D('',#9736,#9737,#9738);
#9736 = CARTESIAN_POINT('',(6.,14.142135623731,14.142135623731));
#9737 = DIRECTION('',(-1.,0.,0.));
#9738 = DIRECTION('',(0.,1.,0.));
#9739 = PCURVE('',#9681,#9740);
#9740 = DEFINITIONAL_REPRESENTATION('',(#9741),#9749);
#9741 = ( BOUNDED_CURVE() B_SPLINE_CURVE(2,(#9742,#9743,#9744,#9745,
#9746,#9747,#9748),.UNSPECIFIED.,.T.,.F.) B_SPLINE_CURVE_WITH_KNOTS((1,2
    ,2,2,2,1),(-2.094395102393,0.,2.094395102393,4.188790204786,
6.28318530718,8.377580409573),.UNSPECIFIED.) CURVE() 
GEOMETRIC_REPRESENTATION_ITEM() RATIONAL_B_SPLINE_CURVE((1.,0.5,1.,0.5,
1.,0.5,1.)) REPRESENTATION_ITEM('') );
#9742 = CARTESIAN_POINT('',(14.142135623731,-17.39213562373));
#9743 = CARTESIAN_POINT('',(8.512970499132,-17.39213562373));
#9744 = CARTESIAN_POINT('',(11.327553061432,-12.51713562373));
#9745 = CARTESIAN_POINT('',(14.142135623731,-7.642135623731));
#9746 = CARTESIAN_POINT('',(16.95671818603,-12.51713562373));
#9747 = CARTESIAN_POINT('',(19.77130074833,-17.39213562373));
#9748 = CARTESIAN_POINT('',(14.142135623731,-17.39213562373));
#9749 = ( GEOMETRIC_REPRESENTATION_CONTEXT(2) 
PARAMETRIC_REPRESENTATION_CONTEXT() REPRESENTATION_CONTEXT('2D SPACE',''
  ) );
#9750 = PCURVE('',#9751,#9756);
#9751 = CYLINDRICAL_SURFACE('',#9752,3.25);
#9752 = AXIS2_PLACEMENT_3D('',#9753,#9754,#9755);
#9753 = CARTESIAN_POINT('',(5.,14.142135623731,14.142135623731));
#9754 = DIRECTION('',(-1.,-0.,-0.));
#9755 = DIRECTION('',(0.,1.,0.));
#9756 = DEFINITIONAL_REPRESENTATION('',(#9757),#9761);
#9757 = LINE('',#9758,#9759);
#9758 = CARTESIAN_POINT('',(-6.28318530718,-1.));
#9759 = VECTOR('',#9760,1.);
#9760 = DIRECTION('',(1.,-0.));
#9761 = ( GEOMETRIC_REPRESENTATION_CONTEXT(2) 
PARAMETRIC_REPRESENTATION_CONTEXT() REPRESENTATION_CONTEXT('2D SPACE',''
  ) );
#9762 = ORIENTED_EDGE('',*,*,#9763,.T.);
#9763 = EDGE_CURVE('',#9731,#9764,#9766,.T.);
#9764 = VERTEX_POINT('',#9765);
#9765 = CARTESIAN_POINT('',(6.,14.673050746194,10.935793606301));
#9766 = SURFACE_CURVE('',#9767,(#9772,#9783),.PCURVE_S1.);
#9767 = CIRCLE('',#9768,3.25);
#9768 = AXIS2_PLACEMENT_3D('',#9769,#9770,#9771);
#9769 = CARTESIAN_POINT('',(6.,14.142135623731,14.142135623731));
#9770 = DIRECTION('',(-1.,0.,0.));
#9771 = DIRECTION('',(0.,1.,0.));
#9772 = PCURVE('',#9681,#9773);
#9773 = DEFINITIONAL_REPRESENTATION('',(#9774),#9782);
#9774 = ( BOUNDED_CURVE() B_SPLINE_CURVE(2,(#9775,#9776,#9777,#9778,
#9779,#9780,#9781),.UNSPECIFIED.,.T.,.F.) B_SPLINE_CURVE_WITH_KNOTS((1,2
    ,2,2,2,1),(-2.094395102393,0.,2.094395102393,4.188790204786,
6.28318530718,8.377580409573),.UNSPECIFIED.) CURVE() 
GEOMETRIC_REPRESENTATION_ITEM() RATIONAL_B_SPLINE_CURVE((1.,0.5,1.,0.5,
1.,0.5,1.)) REPRESENTATION_ITEM('') );
#9775 = CARTESIAN_POINT('',(14.142135623731,-17.39213562373));
#9776 = CARTESIAN_POINT('',(8.512970499132,-17.39213562373));
#9777 = CARTESIAN_POINT('',(11.327553061432,-12.51713562373));
#9778 = CARTESIAN_POINT('',(14.142135623731,-7.642135623731));
#9779 = CARTESIAN_POINT('',(16.95671818603,-12.51713562373));
#9780 = CARTESIAN_POINT('',(19.77130074833,-17.39213562373));
#9781 = CARTESIAN_POINT('',(14.142135623731,-17.39213562373));
#9782 = ( GEOMETRIC_REPRESENTATION_CONTEXT(2) 
PARAMETRIC_REPRESENTATION_CONTEXT() REPRESENTATION_CONTEXT('2D SPACE',''
  ) );
#9783 = PCURVE('',#9751,#9784);
#9784 = DEFINITIONAL_REPRESENTATION('',(#9785),#9789);
#9785 = LINE('',#9786,#9787);
#9786 = CARTESIAN_POINT('',(-6.28318530718,-1.));
#9787 = VECTOR('',#9788,1.);
#9788 = DIRECTION('',(1.,-0.));
#9789 = ( GEOMETRIC_REPRESENTATION_CONTEXT(2) 
PARAMETRIC_REPRESENTATION_CONTEXT() REPRESENTATION_CONTEXT('2D SPACE',''
  ) );
#9790 = ORIENTED_EDGE('',*,*,#9791,.F.);
#9791 = EDGE_CURVE('',#9792,#9764,#9794,.T.);
#9792 = VERTEX_POINT('',#9793);
#9793 = CARTESIAN_POINT('',(6.,14.673050746194,-10.9357936063));
#9794 = SURFACE_CURVE('',#9795,(#9800,#9807),.PCURVE_S1.);
#9795 = CIRCLE('',#9796,18.3);
#9796 = AXIS2_PLACEMENT_3D('',#9797,#9798,#9799);
#9797 = CARTESIAN_POINT('',(6.,0.,0.));
#9798 = DIRECTION('',(1.,0.,-0.));
#9799 = DIRECTION('',(0.,0.597584350071,0.801806051705));
#9800 = PCURVE('',#9681,#9801);
#9801 = DEFINITIONAL_REPRESENTATION('',(#9802),#9806);
#9802 = CIRCLE('',#9803,18.3);
#9803 = AXIS2_PLACEMENT_2D('',#9804,#9805);
#9804 = CARTESIAN_POINT('',(-1.604946055186E-15,-8.751616848252E-16));
#9805 = DIRECTION('',(0.801806051705,-0.597584350071));
#9806 = ( GEOMETRIC_REPRESENTATION_CONTEXT(2) 
PARAMETRIC_REPRESENTATION_CONTEXT() REPRESENTATION_CONTEXT('2D SPACE',''
  ) );
#9807 = PCURVE('',#9808,#9813);
#9808 = CYLINDRICAL_SURFACE('',#9809,18.3);
#9809 = AXIS2_PLACEMENT_3D('',#9810,#9811,#9812);
#9810 = CARTESIAN_POINT('',(6.,0.,0.));
#9811 = DIRECTION('',(-1.,-0.,-0.));
#9812 = DIRECTION('',(0.,1.,0.));
#9813 = DEFINITIONAL_REPRESENTATION('',(#9814),#9818);
#9814 = LINE('',#9815,#9816);
#9815 = CARTESIAN_POINT('',(-0.930311373541,0.));
#9816 = VECTOR('',#9817,1.);
#9817 = DIRECTION('',(-1.,0.));
#9818 = ( GEOMETRIC_REPRESENTATION_CONTEXT(2) 
PARAMETRIC_REPRESENTATION_CONTEXT() REPRESENTATION_CONTEXT('2D SPACE',''
  ) );
#9819 = ORIENTED_EDGE('',*,*,#9820,.T.);
#9820 = EDGE_CURVE('',#9792,#9821,#9823,.T.);
#9821 = VERTEX_POINT('',#9822);
#9822 = CARTESIAN_POINT('',(6.,17.392135623731,-14.14213562373));
#9823 = SURFACE_CURVE('',#9824,(#9829,#9840),.PCURVE_S1.);
#9824 = CIRCLE('',#9825,3.25);
#9825 = AXIS2_PLACEMENT_3D('',#9826,#9827,#9828);
#9826 = CARTESIAN_POINT('',(6.,14.142135623731,-14.14213562373));
#9827 = DIRECTION('',(-1.,0.,0.));
#9828 = DIRECTION('',(0.,1.,0.));
#9829 = PCURVE('',#9681,#9830);
#9830 = DEFINITIONAL_REPRESENTATION('',(#9831),#9839);
#9831 = ( BOUNDED_CURVE() B_SPLINE_CURVE(2,(#9832,#9833,#9834,#9835,
#9836,#9837,#9838),.UNSPECIFIED.,.T.,.F.) B_SPLINE_CURVE_WITH_KNOTS((1,2
    ,2,2,2,1),(-2.094395102393,0.,2.094395102393,4.188790204786,
6.28318530718,8.377580409573),.UNSPECIFIED.) CURVE() 
GEOMETRIC_REPRESENTATION_ITEM() RATIONAL_B_SPLINE_CURVE((1.,0.5,1.,0.5,
1.,0.5,1.)) REPRESENTATION_ITEM('') );
#9832 = CARTESIAN_POINT('',(-14.14213562373,-17.39213562373));
#9833 = CARTESIAN_POINT('',(-19.77130074833,-17.39213562373));
#9834 = CARTESIAN_POINT('',(-16.95671818603,-12.51713562373));
#9835 = CARTESIAN_POINT('',(-14.14213562373,-7.642135623731));
#9836 = CARTESIAN_POINT('',(-11.32755306143,-12.51713562373));
#9837 = CARTESIAN_POINT('',(-8.512970499132,-17.39213562373));
#9838 = CARTESIAN_POINT('',(-14.14213562373,-17.39213562373));
#9839 = ( GEOMETRIC_REPRESENTATION_CONTEXT(2) 
PARAMETRIC_REPRESENTATION_CONTEXT() REPRESENTATION_CONTEXT('2D SPACE',''
  ) );
#9840 = PCURVE('',#9841,#9846);
#9841 = CYLINDRICAL_SURFACE('',#9842,3.25);
#9842 = AXIS2_PLACEMENT_3D('',#9843,#9844,#9845);
#9843 = CARTESIAN_POINT('',(5.,14.142135623731,-14.14213562373));
#9844 = DIRECTION('',(-1.,-0.,-0.));
#9845 = DIRECTION('',(0.,1.,0.));
#9846 = DEFINITIONAL_REPRESENTATION('',(#9847),#9851);
#9847 = LINE('',#9848,#9849);
#9848 = CARTESIAN_POINT('',(-6.28318530718,-1.));
#9849 = VECTOR('',#9850,1.);
#9850 = DIRECTION('',(1.,-0.));
#9851 = ( GEOMETRIC_REPRESENTATION_CONTEXT(2) 
PARAMETRIC_REPRESENTATION_CONTEXT() REPRESENTATION_CONTEXT('2D SPACE',''
  ) );
#9852 = ORIENTED_EDGE('',*,*,#9853,.T.);
#9853 = EDGE_CURVE('',#9821,#9854,#9856,.T.);
#9854 = VERTEX_POINT('',#9855);
#9855 = CARTESIAN_POINT('',(6.,10.935793606301,-14.67305074619));
#9856 = SURFACE_CURVE('',#9857,(#9862,#9873),.PCURVE_S1.);
#9857 = CIRCLE('',#9858,3.25);
#9858 = AXIS2_PLACEMENT_3D('',#9859,#9860,#9861);
#9859 = CARTESIAN_POINT('',(6.,14.142135623731,-14.14213562373));
#9860 = DIRECTION('',(-1.,0.,0.));
#9861 = DIRECTION('',(0.,1.,0.));
#9862 = PCURVE('',#9681,#9863);
#9863 = DEFINITIONAL_REPRESENTATION('',(#9864),#9872);
#9864 = ( BOUNDED_CURVE() B_SPLINE_CURVE(2,(#9865,#9866,#9867,#9868,
#9869,#9870,#9871),.UNSPECIFIED.,.T.,.F.) B_SPLINE_CURVE_WITH_KNOTS((1,2
    ,2,2,2,1),(-2.094395102393,0.,2.094395102393,4.188790204786,
6.28318530718,8.377580409573),.UNSPECIFIED.) CURVE() 
GEOMETRIC_REPRESENTATION_ITEM() RATIONAL_B_SPLINE_CURVE((1.,0.5,1.,0.5,
1.,0.5,1.)) REPRESENTATION_ITEM('') );
#9865 = CARTESIAN_POINT('',(-14.14213562373,-17.39213562373));
#9866 = CARTESIAN_POINT('',(-19.77130074833,-17.39213562373));
#9867 = CARTESIAN_POINT('',(-16.95671818603,-12.51713562373));
#9868 = CARTESIAN_POINT('',(-14.14213562373,-7.642135623731));
#9869 = CARTESIAN_POINT('',(-11.32755306143,-12.51713562373));
#9870 = CARTESIAN_POINT('',(-8.512970499132,-17.39213562373));
#9871 = CARTESIAN_POINT('',(-14.14213562373,-17.39213562373));
#9872 = ( GEOMETRIC_REPRESENTATION_CONTEXT(2) 
PARAMETRIC_REPRESENTATION_CONTEXT() REPRESENTATION_CONTEXT('2D SPACE',''
  ) );
#9873 = PCURVE('',#9841,#9874);
#9874 = DEFINITIONAL_REPRESENTATION('',(#9875),#9879);
#9875 = LINE('',#9876,#9877);
#9876 = CARTESIAN_POINT('',(-6.28318530718,-1.));
#9877 = VECTOR('',#9878,1.);
#9878 = DIRECTION('',(1.,-0.));
#9879 = ( GEOMETRIC_REPRESENTATION_CONTEXT(2) 
PARAMETRIC_REPRESENTATION_CONTEXT() REPRESENTATION_CONTEXT('2D SPACE',''
  ) );
#9880 = ORIENTED_EDGE('',*,*,#9881,.F.);
#9881 = EDGE_CURVE('',#9882,#9854,#9884,.T.);
#9882 = VERTEX_POINT('',#9883);
#9883 = CARTESIAN_POINT('',(6.,-10.9357936063,-14.67305074619));
#9884 = SURFACE_CURVE('',#9885,(#9890,#9897),.PCURVE_S1.);
#9885 = CIRCLE('',#9886,18.3);
#9886 = AXIS2_PLACEMENT_3D('',#9887,#9888,#9889);
#9887 = CARTESIAN_POINT('',(6.,0.,0.));
#9888 = DIRECTION('',(1.,0.,-0.));
#9889 = DIRECTION('',(0.,0.597584350071,0.801806051705));
#9890 = PCURVE('',#9681,#9891);
#9891 = DEFINITIONAL_REPRESENTATION('',(#9892),#9896);
#9892 = CIRCLE('',#9893,18.3);
#9893 = AXIS2_PLACEMENT_2D('',#9894,#9895);
#9894 = CARTESIAN_POINT('',(-1.604946055186E-15,-8.751616848252E-16));
#9895 = DIRECTION('',(0.801806051705,-0.597584350071));
#9896 = ( GEOMETRIC_REPRESENTATION_CONTEXT(2) 
PARAMETRIC_REPRESENTATION_CONTEXT() REPRESENTATION_CONTEXT('2D SPACE',''
  ) );
#9897 = PCURVE('',#9898,#9903);
#9898 = CYLINDRICAL_SURFACE('',#9899,18.3);
#9899 = AXIS2_PLACEMENT_3D('',#9900,#9901,#9902);
#9900 = CARTESIAN_POINT('',(6.,0.,0.));
#9901 = DIRECTION('',(-1.,-0.,-0.));
#9902 = DIRECTION('',(0.,1.,0.));
#9903 = DEFINITIONAL_REPRESENTATION('',(#9904),#9908);
#9904 = LINE('',#9905,#9906);
#9905 = CARTESIAN_POINT('',(-0.930311373541,0.));
#9906 = VECTOR('',#9907,1.);
#9907 = DIRECTION('',(-1.,0.));
#9908 = ( GEOMETRIC_REPRESENTATION_CONTEXT(2) 
PARAMETRIC_REPRESENTATION_CONTEXT() REPRESENTATION_CONTEXT('2D SPACE',''
  ) );
#9909 = ORIENTED_EDGE('',*,*,#9910,.T.);
#9910 = EDGE_CURVE('',#9882,#9911,#9913,.T.);
#9911 = VERTEX_POINT('',#9912);
#9912 = CARTESIAN_POINT('',(6.,-14.67305074619,-10.9357936063));
#9913 = SURFACE_CURVE('',#9914,(#9919,#9930),.PCURVE_S1.);
#9914 = CIRCLE('',#9915,3.25);
#9915 = AXIS2_PLACEMENT_3D('',#9916,#9917,#9918);
#9916 = CARTESIAN_POINT('',(6.,-14.14213562373,-14.14213562373));
#9917 = DIRECTION('',(-1.,0.,0.));
#9918 = DIRECTION('',(0.,1.,0.));
#9919 = PCURVE('',#9681,#9920);
#9920 = DEFINITIONAL_REPRESENTATION('',(#9921),#9929);
#9921 = ( BOUNDED_CURVE() B_SPLINE_CURVE(2,(#9922,#9923,#9924,#9925,
#9926,#9927,#9928),.UNSPECIFIED.,.T.,.F.) B_SPLINE_CURVE_WITH_KNOTS((1,2
    ,2,2,2,1),(-2.094395102393,0.,2.094395102393,4.188790204786,
6.28318530718,8.377580409573),.UNSPECIFIED.) CURVE() 
GEOMETRIC_REPRESENTATION_ITEM() RATIONAL_B_SPLINE_CURVE((1.,0.5,1.,0.5,
1.,0.5,1.)) REPRESENTATION_ITEM('') );
#9922 = CARTESIAN_POINT('',(-14.14213562373,10.892135623731));
#9923 = CARTESIAN_POINT('',(-19.77130074833,10.892135623731));
#9924 = CARTESIAN_POINT('',(-16.95671818603,15.767135623731));
#9925 = CARTESIAN_POINT('',(-14.14213562373,20.642135623731));
#9926 = CARTESIAN_POINT('',(-11.32755306143,15.767135623731));
#9927 = CARTESIAN_POINT('',(-8.512970499132,10.892135623731));
#9928 = CARTESIAN_POINT('',(-14.14213562373,10.892135623731));
#9929 = ( GEOMETRIC_REPRESENTATION_CONTEXT(2) 
PARAMETRIC_REPRESENTATION_CONTEXT() REPRESENTATION_CONTEXT('2D SPACE',''
  ) );
#9930 = PCURVE('',#9931,#9936);
#9931 = CYLINDRICAL_SURFACE('',#9932,3.25);
#9932 = AXIS2_PLACEMENT_3D('',#9933,#9934,#9935);
#9933 = CARTESIAN_POINT('',(5.,-14.14213562373,-14.14213562373));
#9934 = DIRECTION('',(-1.,-0.,-0.));
#9935 = DIRECTION('',(0.,1.,0.));
#9936 = DEFINITIONAL_REPRESENTATION('',(#9937),#9941);
#9937 = LINE('',#9938,#9939);
#9938 = CARTESIAN_POINT('',(-6.28318530718,-1.));
#9939 = VECTOR('',#9940,1.);
#9940 = DIRECTION('',(1.,-0.));
#9941 = ( GEOMETRIC_REPRESENTATION_CONTEXT(2) 
PARAMETRIC_REPRESENTATION_CONTEXT() REPRESENTATION_CONTEXT('2D SPACE',''
  ) );
#9942 = ORIENTED_EDGE('',*,*,#9943,.F.);
#9943 = EDGE_CURVE('',#9944,#9911,#9946,.T.);
#9944 = VERTEX_POINT('',#9945);
#9945 = CARTESIAN_POINT('',(6.,-14.67305074619,10.935793606301));
#9946 = SURFACE_CURVE('',#9947,(#9952,#9959),.PCURVE_S1.);
#9947 = CIRCLE('',#9948,18.3);
#9948 = AXIS2_PLACEMENT_3D('',#9949,#9950,#9951);
#9949 = CARTESIAN_POINT('',(6.,0.,0.));
#9950 = DIRECTION('',(1.,0.,-0.));
#9951 = DIRECTION('',(0.,0.597584350071,0.801806051705));
#9952 = PCURVE('',#9681,#9953);
#9953 = DEFINITIONAL_REPRESENTATION('',(#9954),#9958);
#9954 = CIRCLE('',#9955,18.3);
#9955 = AXIS2_PLACEMENT_2D('',#9956,#9957);
#9956 = CARTESIAN_POINT('',(-1.604946055186E-15,-8.751616848252E-16));
#9957 = DIRECTION('',(0.801806051705,-0.597584350071));
#9958 = ( GEOMETRIC_REPRESENTATION_CONTEXT(2) 
PARAMETRIC_REPRESENTATION_CONTEXT() REPRESENTATION_CONTEXT('2D SPACE',''
  ) );
#9959 = PCURVE('',#9960,#9965);
#9960 = CYLINDRICAL_SURFACE('',#9961,18.3);
#9961 = AXIS2_PLACEMENT_3D('',#9962,#9963,#9964);
#9962 = CARTESIAN_POINT('',(6.,0.,0.));
#9963 = DIRECTION('',(-1.,-0.,-0.));
#9964 = DIRECTION('',(0.,1.,0.));
#9965 = DEFINITIONAL_REPRESENTATION('',(#9966),#9970);
#9966 = LINE('',#9967,#9968);
#9967 = CARTESIAN_POINT('',(-0.930311373541,0.));
#9968 = VECTOR('',#9969,1.);
#9969 = DIRECTION('',(-1.,0.));
#9970 = ( GEOMETRIC_REPRESENTATION_CONTEXT(2) 
PARAMETRIC_REPRESENTATION_CONTEXT() REPRESENTATION_CONTEXT('2D SPACE',''
  ) );
#9971 = ORIENTED_EDGE('',*,*,#9972,.T.);
#9972 = EDGE_CURVE('',#9944,#9702,#9973,.T.);
#9973 = SURFACE_CURVE('',#9974,(#9979,#9990),.PCURVE_S1.);
#9974 = CIRCLE('',#9975,3.25);
#9975 = AXIS2_PLACEMENT_3D('',#9976,#9977,#9978);
#9976 = CARTESIAN_POINT('',(6.,-14.14213562373,14.142135623731));
#9977 = DIRECTION('',(-1.,0.,0.));
#9978 = DIRECTION('',(0.,1.,0.));
#9979 = PCURVE('',#9681,#9980);
#9980 = DEFINITIONAL_REPRESENTATION('',(#9981),#9989);
#9981 = ( BOUNDED_CURVE() B_SPLINE_CURVE(2,(#9982,#9983,#9984,#9985,
#9986,#9987,#9988),.UNSPECIFIED.,.T.,.F.) B_SPLINE_CURVE_WITH_KNOTS((1,2
    ,2,2,2,1),(-2.094395102393,0.,2.094395102393,4.188790204786,
6.28318530718,8.377580409573),.UNSPECIFIED.) CURVE() 
GEOMETRIC_REPRESENTATION_ITEM() RATIONAL_B_SPLINE_CURVE((1.,0.5,1.,0.5,
1.,0.5,1.)) REPRESENTATION_ITEM('') );
#9982 = CARTESIAN_POINT('',(14.142135623731,10.892135623731));
#9983 = CARTESIAN_POINT('',(8.512970499132,10.892135623731));
#9984 = CARTESIAN_POINT('',(11.327553061432,15.767135623731));
#9985 = CARTESIAN_POINT('',(14.142135623731,20.642135623731));
#9986 = CARTESIAN_POINT('',(16.95671818603,15.767135623731));
#9987 = CARTESIAN_POINT('',(19.77130074833,10.892135623731));
#9988 = CARTESIAN_POINT('',(14.142135623731,10.892135623731));
#9989 = ( GEOMETRIC_REPRESENTATION_CONTEXT(2) 
PARAMETRIC_REPRESENTATION_CONTEXT() REPRESENTATION_CONTEXT('2D SPACE',''
  ) );
#9990 = PCURVE('',#9991,#9996);
#9991 = CYLINDRICAL_SURFACE('',#9992,3.25);
#9992 = AXIS2_PLACEMENT_3D('',#9993,#9994,#9995);
#9993 = CARTESIAN_POINT('',(5.,-14.14213562373,14.142135623731));
#9994 = DIRECTION('',(-1.,-0.,-0.));
#9995 = DIRECTION('',(0.,1.,0.));
#9996 = DEFINITIONAL_REPRESENTATION('',(#9997),#10001);
#9997 = LINE('',#9998,#9999);
#9998 = CARTESIAN_POINT('',(-6.28318530718,-1.));
#9999 = VECTOR('',#10000,1.);
#10000 = DIRECTION('',(1.,-0.));
#10001 = ( GEOMETRIC_REPRESENTATION_CONTEXT(2) 
PARAMETRIC_REPRESENTATION_CONTEXT() REPRESENTATION_CONTEXT('2D SPACE',''
  ) );
#10002 = ADVANCED_FACE('',(#10003,#10006,#10036,#10066,#10096,#10127),
  #9653,.T.);
#10003 = FACE_BOUND('',#10004,.T.);
#10004 = EDGE_LOOP('',(#10005));
#10005 = ORIENTED_EDGE('',*,*,#9638,.T.);
#10006 = FACE_BOUND('',#10007,.T.);
#10007 = EDGE_LOOP('',(#10008));
#10008 = ORIENTED_EDGE('',*,*,#10009,.T.);
#10009 = EDGE_CURVE('',#10010,#10010,#10012,.T.);
#10010 = VERTEX_POINT('',#10011);
#10011 = CARTESIAN_POINT('',(16.,17.392135623731,-14.14213562373));
#10012 = SURFACE_CURVE('',#10013,(#10018,#10029),.PCURVE_S1.);
#10013 = CIRCLE('',#10014,3.25);
#10014 = AXIS2_PLACEMENT_3D('',#10015,#10016,#10017);
#10015 = CARTESIAN_POINT('',(16.,14.142135623731,-14.14213562373));
#10016 = DIRECTION('',(-1.,0.,0.));
#10017 = DIRECTION('',(0.,1.,0.));
#10018 = PCURVE('',#9653,#10019);
#10019 = DEFINITIONAL_REPRESENTATION('',(#10020),#10028);
#10020 = ( BOUNDED_CURVE() B_SPLINE_CURVE(2,(#10021,#10022,#10023,#10024
    ,#10025,#10026,#10027),.UNSPECIFIED.,.T.,.F.) 
B_SPLINE_CURVE_WITH_KNOTS((1,2,2,2,2,1),(-2.094395102393,0.,
    2.094395102393,4.188790204786,6.28318530718,8.377580409573),
.UNSPECIFIED.) CURVE() GEOMETRIC_REPRESENTATION_ITEM() 
RATIONAL_B_SPLINE_CURVE((1.,0.5,1.,0.5,1.,0.5,1.)) REPRESENTATION_ITEM(
  '') );
#10021 = CARTESIAN_POINT('',(-14.14213562373,-17.39213562373));
#10022 = CARTESIAN_POINT('',(-19.77130074833,-17.39213562373));
#10023 = CARTESIAN_POINT('',(-16.95671818603,-12.51713562373));
#10024 = CARTESIAN_POINT('',(-14.14213562373,-7.642135623731));
#10025 = CARTESIAN_POINT('',(-11.32755306143,-12.51713562373));
#10026 = CARTESIAN_POINT('',(-8.512970499132,-17.39213562373));
#10027 = CARTESIAN_POINT('',(-14.14213562373,-17.39213562373));
#10028 = ( GEOMETRIC_REPRESENTATION_CONTEXT(2) 
PARAMETRIC_REPRESENTATION_CONTEXT() REPRESENTATION_CONTEXT('2D SPACE',''
  ) );
#10029 = PCURVE('',#9841,#10030);
#10030 = DEFINITIONAL_REPRESENTATION('',(#10031),#10035);
#10031 = LINE('',#10032,#10033);
#10032 = CARTESIAN_POINT('',(-6.28318530718,-11.));
#10033 = VECTOR('',#10034,1.);
#10034 = DIRECTION('',(1.,-0.));
#10035 = ( GEOMETRIC_REPRESENTATION_CONTEXT(2) 
PARAMETRIC_REPRESENTATION_CONTEXT() REPRESENTATION_CONTEXT('2D SPACE',''
  ) );
#10036 = FACE_BOUND('',#10037,.T.);
#10037 = EDGE_LOOP('',(#10038));
#10038 = ORIENTED_EDGE('',*,*,#10039,.T.);
#10039 = EDGE_CURVE('',#10040,#10040,#10042,.T.);
#10040 = VERTEX_POINT('',#10041);
#10041 = CARTESIAN_POINT('',(16.,17.392135623731,14.142135623731));
#10042 = SURFACE_CURVE('',#10043,(#10048,#10059),.PCURVE_S1.);
#10043 = CIRCLE('',#10044,3.25);
#10044 = AXIS2_PLACEMENT_3D('',#10045,#10046,#10047);
#10045 = CARTESIAN_POINT('',(16.,14.142135623731,14.142135623731));
#10046 = DIRECTION('',(-1.,0.,0.));
#10047 = DIRECTION('',(0.,1.,0.));
#10048 = PCURVE('',#9653,#10049);
#10049 = DEFINITIONAL_REPRESENTATION('',(#10050),#10058);
#10050 = ( BOUNDED_CURVE() B_SPLINE_CURVE(2,(#10051,#10052,#10053,#10054
    ,#10055,#10056,#10057),.UNSPECIFIED.,.T.,.F.) 
B_SPLINE_CURVE_WITH_KNOTS((1,2,2,2,2,1),(-2.094395102393,0.,
    2.094395102393,4.188790204786,6.28318530718,8.377580409573),
.UNSPECIFIED.) CURVE() GEOMETRIC_REPRESENTATION_ITEM() 
RATIONAL_B_SPLINE_CURVE((1.,0.5,1.,0.5,1.,0.5,1.)) REPRESENTATION_ITEM(
  '') );
#10051 = CARTESIAN_POINT('',(14.142135623731,-17.39213562373));
#10052 = CARTESIAN_POINT('',(8.512970499132,-17.39213562373));
#10053 = CARTESIAN_POINT('',(11.327553061432,-12.51713562373));
#10054 = CARTESIAN_POINT('',(14.142135623731,-7.642135623731));
#10055 = CARTESIAN_POINT('',(16.95671818603,-12.51713562373));
#10056 = CARTESIAN_POINT('',(19.77130074833,-17.39213562373));
#10057 = CARTESIAN_POINT('',(14.142135623731,-17.39213562373));
#10058 = ( GEOMETRIC_REPRESENTATION_CONTEXT(2) 
PARAMETRIC_REPRESENTATION_CONTEXT() REPRESENTATION_CONTEXT('2D SPACE',''
  ) );
#10059 = PCURVE('',#9751,#10060);
#10060 = DEFINITIONAL_REPRESENTATION('',(#10061),#10065);
#10061 = LINE('',#10062,#10063);
#10062 = CARTESIAN_POINT('',(-6.28318530718,-11.));
#10063 = VECTOR('',#10064,1.);
#10064 = DIRECTION('',(1.,-0.));
#10065 = ( GEOMETRIC_REPRESENTATION_CONTEXT(2) 
PARAMETRIC_REPRESENTATION_CONTEXT() REPRESENTATION_CONTEXT('2D SPACE',''
  ) );
#10066 = FACE_BOUND('',#10067,.T.);
#10067 = EDGE_LOOP('',(#10068));
#10068 = ORIENTED_EDGE('',*,*,#10069,.T.);
#10069 = EDGE_CURVE('',#10070,#10070,#10072,.T.);
#10070 = VERTEX_POINT('',#10071);
#10071 = CARTESIAN_POINT('',(16.,-10.89213562373,-14.14213562373));
#10072 = SURFACE_CURVE('',#10073,(#10078,#10089),.PCURVE_S1.);
#10073 = CIRCLE('',#10074,3.25);
#10074 = AXIS2_PLACEMENT_3D('',#10075,#10076,#10077);
#10075 = CARTESIAN_POINT('',(16.,-14.14213562373,-14.14213562373));
#10076 = DIRECTION('',(-1.,0.,0.));
#10077 = DIRECTION('',(0.,1.,0.));
#10078 = PCURVE('',#9653,#10079);
#10079 = DEFINITIONAL_REPRESENTATION('',(#10080),#10088);
#10080 = ( BOUNDED_CURVE() B_SPLINE_CURVE(2,(#10081,#10082,#10083,#10084
    ,#10085,#10086,#10087),.UNSPECIFIED.,.T.,.F.) 
B_SPLINE_CURVE_WITH_KNOTS((1,2,2,2,2,1),(-2.094395102393,0.,
    2.094395102393,4.188790204786,6.28318530718,8.377580409573),
.UNSPECIFIED.) CURVE() GEOMETRIC_REPRESENTATION_ITEM() 
RATIONAL_B_SPLINE_CURVE((1.,0.5,1.,0.5,1.,0.5,1.)) REPRESENTATION_ITEM(
  '') );
#10081 = CARTESIAN_POINT('',(-14.14213562373,10.892135623731));
#10082 = CARTESIAN_POINT('',(-19.77130074833,10.892135623731));
#10083 = CARTESIAN_POINT('',(-16.95671818603,15.767135623731));
#10084 = CARTESIAN_POINT('',(-14.14213562373,20.642135623731));
#10085 = CARTESIAN_POINT('',(-11.32755306143,15.767135623731));
#10086 = CARTESIAN_POINT('',(-8.512970499132,10.892135623731));
#10087 = CARTESIAN_POINT('',(-14.14213562373,10.892135623731));
#10088 = ( GEOMETRIC_REPRESENTATION_CONTEXT(2) 
PARAMETRIC_REPRESENTATION_CONTEXT() REPRESENTATION_CONTEXT('2D SPACE',''
  ) );
#10089 = PCURVE('',#9931,#10090);
#10090 = DEFINITIONAL_REPRESENTATION('',(#10091),#10095);
#10091 = LINE('',#10092,#10093);
#10092 = CARTESIAN_POINT('',(-6.28318530718,-11.));
#10093 = VECTOR('',#10094,1.);
#10094 = DIRECTION('',(1.,-0.));
#10095 = ( GEOMETRIC_REPRESENTATION_CONTEXT(2) 
PARAMETRIC_REPRESENTATION_CONTEXT() REPRESENTATION_CONTEXT('2D SPACE',''
  ) );
#10096 = FACE_BOUND('',#10097,.T.);
#10097 = EDGE_LOOP('',(#10098));
#10098 = ORIENTED_EDGE('',*,*,#10099,.F.);
#10099 = EDGE_CURVE('',#10100,#10100,#10102,.T.);
#10100 = VERTEX_POINT('',#10101);
#10101 = CARTESIAN_POINT('',(16.,8.,0.));
#10102 = SURFACE_CURVE('',#10103,(#10108,#10115),.PCURVE_S1.);
#10103 = CIRCLE('',#10104,8.);
#10104 = AXIS2_PLACEMENT_3D('',#10105,#10106,#10107);
#10105 = CARTESIAN_POINT('',(16.,0.,0.));
#10106 = DIRECTION('',(1.,0.,0.));
#10107 = DIRECTION('',(0.,1.,0.));
#10108 = PCURVE('',#9653,#10109);
#10109 = DEFINITIONAL_REPRESENTATION('',(#10110),#10114);
#10110 = CIRCLE('',#10111,8.);
#10111 = AXIS2_PLACEMENT_2D('',#10112,#10113);
#10112 = CARTESIAN_POINT('',(-1.604946055186E-15,-8.751616848252E-16));
#10113 = DIRECTION('',(0.,-1.));
#10114 = ( GEOMETRIC_REPRESENTATION_CONTEXT(2) 
PARAMETRIC_REPRESENTATION_CONTEXT() REPRESENTATION_CONTEXT('2D SPACE',''
  ) );
#10115 = PCURVE('',#10116,#10121);
#10116 = CYLINDRICAL_SURFACE('',#10117,8.);
#10117 = AXIS2_PLACEMENT_3D('',#10118,#10119,#10120);
#10118 = CARTESIAN_POINT('',(12.,0.,0.));
#10119 = DIRECTION('',(-1.,-0.,-0.));
#10120 = DIRECTION('',(0.,1.,0.));
#10121 = DEFINITIONAL_REPRESENTATION('',(#10122),#10126);
#10122 = LINE('',#10123,#10124);
#10123 = CARTESIAN_POINT('',(-0.,-4.));
#10124 = VECTOR('',#10125,1.);
#10125 = DIRECTION('',(-1.,0.));
#10126 = ( GEOMETRIC_REPRESENTATION_CONTEXT(2) 
PARAMETRIC_REPRESENTATION_CONTEXT() REPRESENTATION_CONTEXT('2D SPACE',''
  ) );
#10127 = FACE_BOUND('',#10128,.T.);
#10128 = EDGE_LOOP('',(#10129));
#10129 = ORIENTED_EDGE('',*,*,#10130,.T.);
#10130 = EDGE_CURVE('',#10131,#10131,#10133,.T.);
#10131 = VERTEX_POINT('',#10132);
#10132 = CARTESIAN_POINT('',(16.,-10.89213562373,14.142135623731));
#10133 = SURFACE_CURVE('',#10134,(#10139,#10150),.PCURVE_S1.);
#10134 = CIRCLE('',#10135,3.25);
#10135 = AXIS2_PLACEMENT_3D('',#10136,#10137,#10138);
#10136 = CARTESIAN_POINT('',(16.,-14.14213562373,14.142135623731));
#10137 = DIRECTION('',(-1.,0.,0.));
#10138 = DIRECTION('',(0.,1.,0.));
#10139 = PCURVE('',#9653,#10140);
#10140 = DEFINITIONAL_REPRESENTATION('',(#10141),#10149);
#10141 = ( BOUNDED_CURVE() B_SPLINE_CURVE(2,(#10142,#10143,#10144,#10145
    ,#10146,#10147,#10148),.UNSPECIFIED.,.T.,.F.) 
B_SPLINE_CURVE_WITH_KNOTS((1,2,2,2,2,1),(-2.094395102393,0.,
    2.094395102393,4.188790204786,6.28318530718,8.377580409573),
.UNSPECIFIED.) CURVE() GEOMETRIC_REPRESENTATION_ITEM() 
RATIONAL_B_SPLINE_CURVE((1.,0.5,1.,0.5,1.,0.5,1.)) REPRESENTATION_ITEM(
  '') );
#10142 = CARTESIAN_POINT('',(14.142135623731,10.892135623731));
#10143 = CARTESIAN_POINT('',(8.512970499132,10.892135623731));
#10144 = CARTESIAN_POINT('',(11.327553061432,15.767135623731));
#10145 = CARTESIAN_POINT('',(14.142135623731,20.642135623731));
#10146 = CARTESIAN_POINT('',(16.95671818603,15.767135623731));
#10147 = CARTESIAN_POINT('',(19.77130074833,10.892135623731));
#10148 = CARTESIAN_POINT('',(14.142135623731,10.892135623731));
#10149 = ( GEOMETRIC_REPRESENTATION_CONTEXT(2) 
PARAMETRIC_REPRESENTATION_CONTEXT() REPRESENTATION_CONTEXT('2D SPACE',''
  ) );
#10150 = PCURVE('',#9991,#10151);
#10151 = DEFINITIONAL_REPRESENTATION('',(#10152),#10156);
#10152 = LINE('',#10153,#10154);
#10153 = CARTESIAN_POINT('',(-6.28318530718,-11.));
#10154 = VECTOR('',#10155,1.);
#10155 = DIRECTION('',(1.,-0.));
#10156 = ( GEOMETRIC_REPRESENTATION_CONTEXT(2) 
PARAMETRIC_REPRESENTATION_CONTEXT() REPRESENTATION_CONTEXT('2D SPACE',''
  ) );
#10157 = ADVANCED_FACE('',(#10158),#9718,.F.);
#10158 = FACE_BOUND('',#10159,.T.);
#10159 = EDGE_LOOP('',(#10160,#10161,#10182,#10211));
#10160 = ORIENTED_EDGE('',*,*,#9699,.F.);
#10161 = ORIENTED_EDGE('',*,*,#10162,.F.);
#10162 = EDGE_CURVE('',#10163,#9700,#10165,.T.);
#10163 = VERTEX_POINT('',#10164);
#10164 = CARTESIAN_POINT('',(7.6,10.935793606301,14.673050746194));
#10165 = SURFACE_CURVE('',#10166,(#10170,#10176),.PCURVE_S1.);
#10166 = LINE('',#10167,#10168);
#10167 = CARTESIAN_POINT('',(6.,10.935793606301,14.673050746194));
#10168 = VECTOR('',#10169,1.);
#10169 = DIRECTION('',(-1.,-0.,-0.));
#10170 = PCURVE('',#9718,#10171);
#10171 = DEFINITIONAL_REPRESENTATION('',(#10172),#10175);
#10172 = B_SPLINE_CURVE_WITH_KNOTS('',1,(#10173,#10174),.UNSPECIFIED.,
  .F.,.F.,(2,2),(-1.6,0.),.PIECEWISE_BEZIER_KNOTS.);
#10173 = CARTESIAN_POINT('',(-0.930311373541,-1.6));
#10174 = CARTESIAN_POINT('',(-0.930311373541,0.));
#10175 = ( GEOMETRIC_REPRESENTATION_CONTEXT(2) 
PARAMETRIC_REPRESENTATION_CONTEXT() REPRESENTATION_CONTEXT('2D SPACE',''
  ) );
#10176 = PCURVE('',#9751,#10177);
#10177 = DEFINITIONAL_REPRESENTATION('',(#10178),#10181);
#10178 = B_SPLINE_CURVE_WITH_KNOTS('',1,(#10179,#10180),.UNSPECIFIED.,
  .F.,.F.,(2,2),(-1.6000006,5.999999999062E-07),
  .PIECEWISE_BEZIER_KNOTS.);
#10179 = CARTESIAN_POINT('',(-2.977498723987,-2.6000006));
#10180 = CARTESIAN_POINT('',(-2.977498723987,-0.9999994));
#10181 = ( GEOMETRIC_REPRESENTATION_CONTEXT(2) 
PARAMETRIC_REPRESENTATION_CONTEXT() REPRESENTATION_CONTEXT('2D SPACE',''
  ) );
#10182 = ORIENTED_EDGE('',*,*,#10183,.T.);
#10183 = EDGE_CURVE('',#10163,#10184,#10186,.T.);
#10184 = VERTEX_POINT('',#10185);
#10185 = CARTESIAN_POINT('',(7.6,-10.9357936063,14.673050746194));
#10186 = SURFACE_CURVE('',#10187,(#10192,#10199),.PCURVE_S1.);
#10187 = CIRCLE('',#10188,18.3);
#10188 = AXIS2_PLACEMENT_3D('',#10189,#10190,#10191);
#10189 = CARTESIAN_POINT('',(7.6,0.,0.));
#10190 = DIRECTION('',(1.,0.,-0.));
#10191 = DIRECTION('',(0.,0.597584350071,0.801806051705));
#10192 = PCURVE('',#9718,#10193);
#10193 = DEFINITIONAL_REPRESENTATION('',(#10194),#10198);
#10194 = LINE('',#10195,#10196);
#10195 = CARTESIAN_POINT('',(-0.930311373541,-1.6));
#10196 = VECTOR('',#10197,1.);
#10197 = DIRECTION('',(-1.,0.));
#10198 = ( GEOMETRIC_REPRESENTATION_CONTEXT(2) 
PARAMETRIC_REPRESENTATION_CONTEXT() REPRESENTATION_CONTEXT('2D SPACE',''
  ) );
#10199 = PCURVE('',#10200,#10205);
#10200 = PLANE('',#10201);
#10201 = AXIS2_PLACEMENT_3D('',#10202,#10203,#10204);
#10202 = CARTESIAN_POINT('',(7.6,-1.195576072166E-15,1.644117596851E-15)
  );
#10203 = DIRECTION('',(1.,0.,0.));
#10204 = DIRECTION('',(-0.,0.,1.));
#10205 = DEFINITIONAL_REPRESENTATION('',(#10206),#10210);
#10206 = CIRCLE('',#10207,18.3);
#10207 = AXIS2_PLACEMENT_2D('',#10208,#10209);
#10208 = CARTESIAN_POINT('',(-1.644117596851E-15,-1.195576072166E-15));
#10209 = DIRECTION('',(0.801806051705,-0.597584350071));
#10210 = ( GEOMETRIC_REPRESENTATION_CONTEXT(2) 
PARAMETRIC_REPRESENTATION_CONTEXT() REPRESENTATION_CONTEXT('2D SPACE',''
  ) );
#10211 = ORIENTED_EDGE('',*,*,#10212,.T.);
#10212 = EDGE_CURVE('',#10184,#9702,#10213,.T.);
#10213 = SURFACE_CURVE('',#10214,(#10218,#10224),.PCURVE_S1.);
#10214 = LINE('',#10215,#10216);
#10215 = CARTESIAN_POINT('',(6.,-10.9357936063,14.673050746194));
#10216 = VECTOR('',#10217,1.);
#10217 = DIRECTION('',(-1.,-0.,-0.));
#10218 = PCURVE('',#9718,#10219);
#10219 = DEFINITIONAL_REPRESENTATION('',(#10220),#10223);
#10220 = B_SPLINE_CURVE_WITH_KNOTS('',1,(#10221,#10222),.UNSPECIFIED.,
  .F.,.F.,(2,2),(-1.6000006,5.999999999062E-07),
  .PIECEWISE_BEZIER_KNOTS.);
#10221 = CARTESIAN_POINT('',(-2.211281280049,-1.6000006));
#10222 = CARTESIAN_POINT('',(-2.211281280049,5.999999999062E-07));
#10223 = ( GEOMETRIC_REPRESENTATION_CONTEXT(2) 
PARAMETRIC_REPRESENTATION_CONTEXT() REPRESENTATION_CONTEXT('2D SPACE',''
  ) );
#10224 = PCURVE('',#9991,#10225);
#10225 = DEFINITIONAL_REPRESENTATION('',(#10226),#10229);
#10226 = B_SPLINE_CURVE_WITH_KNOTS('',1,(#10227,#10228),.UNSPECIFIED.,
  .F.,.F.,(2,2),(-1.6000006,5.999999999062E-07),
  .PIECEWISE_BEZIER_KNOTS.);
#10227 = CARTESIAN_POINT('',(-0.164093929603,-2.6000006));
#10228 = CARTESIAN_POINT('',(-0.164093929603,-0.9999994));
#10229 = ( GEOMETRIC_REPRESENTATION_CONTEXT(2) 
PARAMETRIC_REPRESENTATION_CONTEXT() REPRESENTATION_CONTEXT('2D SPACE',''
  ) );
#10230 = ADVANCED_FACE('',(#10231),#9991,.F.);
#10231 = FACE_BOUND('',#10232,.T.);
#10232 = EDGE_LOOP('',(#10233,#10261,#10282,#10283,#10284,#10312,#10331,
    #10332));
#10233 = ORIENTED_EDGE('',*,*,#10234,.T.);
#10234 = EDGE_CURVE('',#10184,#10235,#10237,.T.);
#10235 = VERTEX_POINT('',#10236);
#10236 = CARTESIAN_POINT('',(7.6,-10.89213562373,14.142135623731));
#10237 = SURFACE_CURVE('',#10238,(#10243,#10250),.PCURVE_S1.);
#10238 = CIRCLE('',#10239,3.25);
#10239 = AXIS2_PLACEMENT_3D('',#10240,#10241,#10242);
#10240 = CARTESIAN_POINT('',(7.6,-14.14213562373,14.142135623731));
#10241 = DIRECTION('',(-1.,0.,0.));
#10242 = DIRECTION('',(0.,1.,0.));
#10243 = PCURVE('',#9991,#10244);
#10244 = DEFINITIONAL_REPRESENTATION('',(#10245),#10249);
#10245 = LINE('',#10246,#10247);
#10246 = CARTESIAN_POINT('',(-6.28318530718,-2.6));
#10247 = VECTOR('',#10248,1.);
#10248 = DIRECTION('',(1.,-0.));
#10249 = ( GEOMETRIC_REPRESENTATION_CONTEXT(2) 
PARAMETRIC_REPRESENTATION_CONTEXT() REPRESENTATION_CONTEXT('2D SPACE',''
  ) );
#10250 = PCURVE('',#10200,#10251);
#10251 = DEFINITIONAL_REPRESENTATION('',(#10252),#10260);
#10252 = ( BOUNDED_CURVE() B_SPLINE_CURVE(2,(#10253,#10254,#10255,#10256
    ,#10257,#10258,#10259),.UNSPECIFIED.,.T.,.F.) 
B_SPLINE_CURVE_WITH_KNOTS((1,2,2,2,2,1),(-2.094395102393,0.,
    2.094395102393,4.188790204786,6.28318530718,8.377580409573),
.UNSPECIFIED.) CURVE() GEOMETRIC_REPRESENTATION_ITEM() 
RATIONAL_B_SPLINE_CURVE((1.,0.5,1.,0.5,1.,0.5,1.)) REPRESENTATION_ITEM(
  '') );
#10253 = CARTESIAN_POINT('',(14.142135623731,10.892135623731));
#10254 = CARTESIAN_POINT('',(8.512970499132,10.892135623731));
#10255 = CARTESIAN_POINT('',(11.327553061432,15.767135623731));
#10256 = CARTESIAN_POINT('',(14.142135623731,20.642135623731));
#10257 = CARTESIAN_POINT('',(16.95671818603,15.767135623731));
#10258 = CARTESIAN_POINT('',(19.77130074833,10.892135623731));
#10259 = CARTESIAN_POINT('',(14.142135623731,10.892135623731));
#10260 = ( GEOMETRIC_REPRESENTATION_CONTEXT(2) 
PARAMETRIC_REPRESENTATION_CONTEXT() REPRESENTATION_CONTEXT('2D SPACE',''
  ) );
#10261 = ORIENTED_EDGE('',*,*,#10262,.T.);
#10262 = EDGE_CURVE('',#10235,#10131,#10263,.T.);
#10263 = SEAM_CURVE('',#10264,(#10268,#10275),.PCURVE_S1.);
#10264 = LINE('',#10265,#10266);
#10265 = CARTESIAN_POINT('',(5.,-10.89213562373,14.142135623731));
#10266 = VECTOR('',#10267,1.);
#10267 = DIRECTION('',(1.,0.,0.));
#10268 = PCURVE('',#9991,#10269);
#10269 = DEFINITIONAL_REPRESENTATION('',(#10270),#10274);
#10270 = LINE('',#10271,#10272);
#10271 = CARTESIAN_POINT('',(-6.28318530718,0.));
#10272 = VECTOR('',#10273,1.);
#10273 = DIRECTION('',(-0.,-1.));
#10274 = ( GEOMETRIC_REPRESENTATION_CONTEXT(2) 
PARAMETRIC_REPRESENTATION_CONTEXT() REPRESENTATION_CONTEXT('2D SPACE',''
  ) );
#10275 = PCURVE('',#9991,#10276);
#10276 = DEFINITIONAL_REPRESENTATION('',(#10277),#10281);
#10277 = LINE('',#10278,#10279);
#10278 = CARTESIAN_POINT('',(-0.,0.));
#10279 = VECTOR('',#10280,1.);
#10280 = DIRECTION('',(-0.,-1.));
#10281 = ( GEOMETRIC_REPRESENTATION_CONTEXT(2) 
PARAMETRIC_REPRESENTATION_CONTEXT() REPRESENTATION_CONTEXT('2D SPACE',''
  ) );
#10282 = ORIENTED_EDGE('',*,*,#10130,.F.);
#10283 = ORIENTED_EDGE('',*,*,#10262,.F.);
#10284 = ORIENTED_EDGE('',*,*,#10285,.T.);
#10285 = EDGE_CURVE('',#10235,#10286,#10288,.T.);
#10286 = VERTEX_POINT('',#10287);
#10287 = CARTESIAN_POINT('',(7.6,-14.67305074619,10.935793606301));
#10288 = SURFACE_CURVE('',#10289,(#10294,#10301),.PCURVE_S1.);
#10289 = CIRCLE('',#10290,3.25);
#10290 = AXIS2_PLACEMENT_3D('',#10291,#10292,#10293);
#10291 = CARTESIAN_POINT('',(7.6,-14.14213562373,14.142135623731));
#10292 = DIRECTION('',(-1.,0.,0.));
#10293 = DIRECTION('',(0.,1.,0.));
#10294 = PCURVE('',#9991,#10295);
#10295 = DEFINITIONAL_REPRESENTATION('',(#10296),#10300);
#10296 = LINE('',#10297,#10298);
#10297 = CARTESIAN_POINT('',(-6.28318530718,-2.6));
#10298 = VECTOR('',#10299,1.);
#10299 = DIRECTION('',(1.,-0.));
#10300 = ( GEOMETRIC_REPRESENTATION_CONTEXT(2) 
PARAMETRIC_REPRESENTATION_CONTEXT() REPRESENTATION_CONTEXT('2D SPACE',''
  ) );
#10301 = PCURVE('',#10200,#10302);
#10302 = DEFINITIONAL_REPRESENTATION('',(#10303),#10311);
#10303 = ( BOUNDED_CURVE() B_SPLINE_CURVE(2,(#10304,#10305,#10306,#10307
    ,#10308,#10309,#10310),.UNSPECIFIED.,.T.,.F.) 
B_SPLINE_CURVE_WITH_KNOTS((1,2,2,2,2,1),(-2.094395102393,0.,
    2.094395102393,4.188790204786,6.28318530718,8.377580409573),
.UNSPECIFIED.) CURVE() GEOMETRIC_REPRESENTATION_ITEM() 
RATIONAL_B_SPLINE_CURVE((1.,0.5,1.,0.5,1.,0.5,1.)) REPRESENTATION_ITEM(
  '') );
#10304 = CARTESIAN_POINT('',(14.142135623731,10.892135623731));
#10305 = CARTESIAN_POINT('',(8.512970499132,10.892135623731));
#10306 = CARTESIAN_POINT('',(11.327553061432,15.767135623731));
#10307 = CARTESIAN_POINT('',(14.142135623731,20.642135623731));
#10308 = CARTESIAN_POINT('',(16.95671818603,15.767135623731));
#10309 = CARTESIAN_POINT('',(19.77130074833,10.892135623731));
#10310 = CARTESIAN_POINT('',(14.142135623731,10.892135623731));
#10311 = ( GEOMETRIC_REPRESENTATION_CONTEXT(2) 
PARAMETRIC_REPRESENTATION_CONTEXT() REPRESENTATION_CONTEXT('2D SPACE',''
  ) );
#10312 = ORIENTED_EDGE('',*,*,#10313,.T.);
#10313 = EDGE_CURVE('',#10286,#9944,#10314,.T.);
#10314 = SURFACE_CURVE('',#10315,(#10319,#10325),.PCURVE_S1.);
#10315 = LINE('',#10316,#10317);
#10316 = CARTESIAN_POINT('',(6.,-14.67305074619,10.935793606301));
#10317 = VECTOR('',#10318,1.);
#10318 = DIRECTION('',(-1.,-0.,-0.));
#10319 = PCURVE('',#9991,#10320);
#10320 = DEFINITIONAL_REPRESENTATION('',(#10321),#10324);
#10321 = B_SPLINE_CURVE_WITH_KNOTS('',1,(#10322,#10323),.UNSPECIFIED.,
  .F.,.F.,(2,2),(-1.6000006,5.999999999062E-07),
  .PIECEWISE_BEZIER_KNOTS.);
#10322 = CARTESIAN_POINT('',(-4.548295050782,-2.6000006));
#10323 = CARTESIAN_POINT('',(-4.548295050782,-0.9999994));
#10324 = ( GEOMETRIC_REPRESENTATION_CONTEXT(2) 
PARAMETRIC_REPRESENTATION_CONTEXT() REPRESENTATION_CONTEXT('2D SPACE',''
  ) );
#10325 = PCURVE('',#9960,#10326);
#10326 = DEFINITIONAL_REPRESENTATION('',(#10327),#10330);
#10327 = B_SPLINE_CURVE_WITH_KNOTS('',1,(#10328,#10329),.UNSPECIFIED.,
  .F.,.F.,(2,2),(-1.6000006,5.999999999062E-07),
  .PIECEWISE_BEZIER_KNOTS.);
#10328 = CARTESIAN_POINT('',(-2.501107700336,-1.6000006));
#10329 = CARTESIAN_POINT('',(-2.501107700336,5.999999999062E-07));
#10330 = ( GEOMETRIC_REPRESENTATION_CONTEXT(2) 
PARAMETRIC_REPRESENTATION_CONTEXT() REPRESENTATION_CONTEXT('2D SPACE',''
  ) );
#10331 = ORIENTED_EDGE('',*,*,#9972,.T.);
#10332 = ORIENTED_EDGE('',*,*,#10212,.F.);
#10333 = ADVANCED_FACE('',(#10334),#9960,.F.);
#10334 = FACE_BOUND('',#10335,.T.);
#10335 = EDGE_LOOP('',(#10336,#10337,#10338,#10362));
#10336 = ORIENTED_EDGE('',*,*,#9943,.F.);
#10337 = ORIENTED_EDGE('',*,*,#10313,.F.);
#10338 = ORIENTED_EDGE('',*,*,#10339,.T.);
#10339 = EDGE_CURVE('',#10286,#10340,#10342,.T.);
#10340 = VERTEX_POINT('',#10341);
#10341 = CARTESIAN_POINT('',(7.6,-14.67305074619,-10.9357936063));
#10342 = SURFACE_CURVE('',#10343,(#10348,#10355),.PCURVE_S1.);
#10343 = CIRCLE('',#10344,18.3);
#10344 = AXIS2_PLACEMENT_3D('',#10345,#10346,#10347);
#10345 = CARTESIAN_POINT('',(7.6,0.,0.));
#10346 = DIRECTION('',(1.,0.,-0.));
#10347 = DIRECTION('',(0.,0.597584350071,0.801806051705));
#10348 = PCURVE('',#9960,#10349);
#10349 = DEFINITIONAL_REPRESENTATION('',(#10350),#10354);
#10350 = LINE('',#10351,#10352);
#10351 = CARTESIAN_POINT('',(-0.930311373541,-1.6));
#10352 = VECTOR('',#10353,1.);
#10353 = DIRECTION('',(-1.,0.));
#10354 = ( GEOMETRIC_REPRESENTATION_CONTEXT(2) 
PARAMETRIC_REPRESENTATION_CONTEXT() REPRESENTATION_CONTEXT('2D SPACE',''
  ) );
#10355 = PCURVE('',#10200,#10356);
#10356 = DEFINITIONAL_REPRESENTATION('',(#10357),#10361);
#10357 = CIRCLE('',#10358,18.3);
#10358 = AXIS2_PLACEMENT_2D('',#10359,#10360);
#10359 = CARTESIAN_POINT('',(-1.644117596851E-15,-1.195576072166E-15));
#10360 = DIRECTION('',(0.801806051705,-0.597584350071));
#10361 = ( GEOMETRIC_REPRESENTATION_CONTEXT(2) 
PARAMETRIC_REPRESENTATION_CONTEXT() REPRESENTATION_CONTEXT('2D SPACE',''
  ) );
#10362 = ORIENTED_EDGE('',*,*,#10363,.T.);
#10363 = EDGE_CURVE('',#10340,#9911,#10364,.T.);
#10364 = SURFACE_CURVE('',#10365,(#10369,#10375),.PCURVE_S1.);
#10365 = LINE('',#10366,#10367);
#10366 = CARTESIAN_POINT('',(6.,-14.67305074619,-10.9357936063));
#10367 = VECTOR('',#10368,1.);
#10368 = DIRECTION('',(-1.,-0.,-0.));
#10369 = PCURVE('',#9960,#10370);
#10370 = DEFINITIONAL_REPRESENTATION('',(#10371),#10374);
#10371 = B_SPLINE_CURVE_WITH_KNOTS('',1,(#10372,#10373),.UNSPECIFIED.,
  .F.,.F.,(2,2),(-1.6000006,5.999999999062E-07),
  .PIECEWISE_BEZIER_KNOTS.);
#10372 = CARTESIAN_POINT('',(-3.782077606844,-1.6000006));
#10373 = CARTESIAN_POINT('',(-3.782077606844,5.999999999062E-07));
#10374 = ( GEOMETRIC_REPRESENTATION_CONTEXT(2) 
PARAMETRIC_REPRESENTATION_CONTEXT() REPRESENTATION_CONTEXT('2D SPACE',''
  ) );
#10375 = PCURVE('',#9931,#10376);
#10376 = DEFINITIONAL_REPRESENTATION('',(#10377),#10380);
#10377 = B_SPLINE_CURVE_WITH_KNOTS('',1,(#10378,#10379),.UNSPECIFIED.,
  .F.,.F.,(2,2),(-1.6000006,5.999999999062E-07),
  .PIECEWISE_BEZIER_KNOTS.);
#10378 = CARTESIAN_POINT('',(-1.734890256398,-2.6000006));
#10379 = CARTESIAN_POINT('',(-1.734890256398,-0.9999994));
#10380 = ( GEOMETRIC_REPRESENTATION_CONTEXT(2) 
PARAMETRIC_REPRESENTATION_CONTEXT() REPRESENTATION_CONTEXT('2D SPACE',''
  ) );
#10381 = ADVANCED_FACE('',(#10382),#9931,.F.);
#10382 = FACE_BOUND('',#10383,.T.);
#10383 = EDGE_LOOP('',(#10384,#10412,#10433,#10434,#10435,#10463,#10482,
    #10483));
#10384 = ORIENTED_EDGE('',*,*,#10385,.T.);
#10385 = EDGE_CURVE('',#10340,#10386,#10388,.T.);
#10386 = VERTEX_POINT('',#10387);
#10387 = CARTESIAN_POINT('',(7.6,-10.89213562373,-14.14213562373));
#10388 = SURFACE_CURVE('',#10389,(#10394,#10401),.PCURVE_S1.);
#10389 = CIRCLE('',#10390,3.25);
#10390 = AXIS2_PLACEMENT_3D('',#10391,#10392,#10393);
#10391 = CARTESIAN_POINT('',(7.6,-14.14213562373,-14.14213562373));
#10392 = DIRECTION('',(-1.,0.,0.));
#10393 = DIRECTION('',(0.,1.,0.));
#10394 = PCURVE('',#9931,#10395);
#10395 = DEFINITIONAL_REPRESENTATION('',(#10396),#10400);
#10396 = LINE('',#10397,#10398);
#10397 = CARTESIAN_POINT('',(-6.28318530718,-2.6));
#10398 = VECTOR('',#10399,1.);
#10399 = DIRECTION('',(1.,-0.));
#10400 = ( GEOMETRIC_REPRESENTATION_CONTEXT(2) 
PARAMETRIC_REPRESENTATION_CONTEXT() REPRESENTATION_CONTEXT('2D SPACE',''
  ) );
#10401 = PCURVE('',#10200,#10402);
#10402 = DEFINITIONAL_REPRESENTATION('',(#10403),#10411);
#10403 = ( BOUNDED_CURVE() B_SPLINE_CURVE(2,(#10404,#10405,#10406,#10407
    ,#10408,#10409,#10410),.UNSPECIFIED.,.T.,.F.) 
B_SPLINE_CURVE_WITH_KNOTS((1,2,2,2,2,1),(-2.094395102393,0.,
    2.094395102393,4.188790204786,6.28318530718,8.377580409573),
.UNSPECIFIED.) CURVE() GEOMETRIC_REPRESENTATION_ITEM() 
RATIONAL_B_SPLINE_CURVE((1.,0.5,1.,0.5,1.,0.5,1.)) REPRESENTATION_ITEM(
  '') );
#10404 = CARTESIAN_POINT('',(-14.14213562373,10.892135623731));
#10405 = CARTESIAN_POINT('',(-19.77130074833,10.892135623731));
#10406 = CARTESIAN_POINT('',(-16.95671818603,15.767135623731));
#10407 = CARTESIAN_POINT('',(-14.14213562373,20.642135623731));
#10408 = CARTESIAN_POINT('',(-11.32755306143,15.767135623731));
#10409 = CARTESIAN_POINT('',(-8.512970499132,10.892135623731));
#10410 = CARTESIAN_POINT('',(-14.14213562373,10.892135623731));
#10411 = ( GEOMETRIC_REPRESENTATION_CONTEXT(2) 
PARAMETRIC_REPRESENTATION_CONTEXT() REPRESENTATION_CONTEXT('2D SPACE',''
  ) );
#10412 = ORIENTED_EDGE('',*,*,#10413,.T.);
#10413 = EDGE_CURVE('',#10386,#10070,#10414,.T.);
#10414 = SEAM_CURVE('',#10415,(#10419,#10426),.PCURVE_S1.);
#10415 = LINE('',#10416,#10417);
#10416 = CARTESIAN_POINT('',(5.,-10.89213562373,-14.14213562373));
#10417 = VECTOR('',#10418,1.);
#10418 = DIRECTION('',(1.,0.,0.));
#10419 = PCURVE('',#9931,#10420);
#10420 = DEFINITIONAL_REPRESENTATION('',(#10421),#10425);
#10421 = LINE('',#10422,#10423);
#10422 = CARTESIAN_POINT('',(-6.28318530718,0.));
#10423 = VECTOR('',#10424,1.);
#10424 = DIRECTION('',(-0.,-1.));
#10425 = ( GEOMETRIC_REPRESENTATION_CONTEXT(2) 
PARAMETRIC_REPRESENTATION_CONTEXT() REPRESENTATION_CONTEXT('2D SPACE',''
  ) );
#10426 = PCURVE('',#9931,#10427);
#10427 = DEFINITIONAL_REPRESENTATION('',(#10428),#10432);
#10428 = LINE('',#10429,#10430);
#10429 = CARTESIAN_POINT('',(-0.,0.));
#10430 = VECTOR('',#10431,1.);
#10431 = DIRECTION('',(-0.,-1.));
#10432 = ( GEOMETRIC_REPRESENTATION_CONTEXT(2) 
PARAMETRIC_REPRESENTATION_CONTEXT() REPRESENTATION_CONTEXT('2D SPACE',''
  ) );
#10433 = ORIENTED_EDGE('',*,*,#10069,.F.);
#10434 = ORIENTED_EDGE('',*,*,#10413,.F.);
#10435 = ORIENTED_EDGE('',*,*,#10436,.T.);
#10436 = EDGE_CURVE('',#10386,#10437,#10439,.T.);
#10437 = VERTEX_POINT('',#10438);
#10438 = CARTESIAN_POINT('',(7.6,-10.9357936063,-14.67305074619));
#10439 = SURFACE_CURVE('',#10440,(#10445,#10452),.PCURVE_S1.);
#10440 = CIRCLE('',#10441,3.25);
#10441 = AXIS2_PLACEMENT_3D('',#10442,#10443,#10444);
#10442 = CARTESIAN_POINT('',(7.6,-14.14213562373,-14.14213562373));
#10443 = DIRECTION('',(-1.,0.,0.));
#10444 = DIRECTION('',(0.,1.,0.));
#10445 = PCURVE('',#9931,#10446);
#10446 = DEFINITIONAL_REPRESENTATION('',(#10447),#10451);
#10447 = LINE('',#10448,#10449);
#10448 = CARTESIAN_POINT('',(-6.28318530718,-2.6));
#10449 = VECTOR('',#10450,1.);
#10450 = DIRECTION('',(1.,-0.));
#10451 = ( GEOMETRIC_REPRESENTATION_CONTEXT(2) 
PARAMETRIC_REPRESENTATION_CONTEXT() REPRESENTATION_CONTEXT('2D SPACE',''
  ) );
#10452 = PCURVE('',#10200,#10453);
#10453 = DEFINITIONAL_REPRESENTATION('',(#10454),#10462);
#10454 = ( BOUNDED_CURVE() B_SPLINE_CURVE(2,(#10455,#10456,#10457,#10458
    ,#10459,#10460,#10461),.UNSPECIFIED.,.T.,.F.) 
B_SPLINE_CURVE_WITH_KNOTS((1,2,2,2,2,1),(-2.094395102393,0.,
    2.094395102393,4.188790204786,6.28318530718,8.377580409573),
.UNSPECIFIED.) CURVE() GEOMETRIC_REPRESENTATION_ITEM() 
RATIONAL_B_SPLINE_CURVE((1.,0.5,1.,0.5,1.,0.5,1.)) REPRESENTATION_ITEM(
  '') );
#10455 = CARTESIAN_POINT('',(-14.14213562373,10.892135623731));
#10456 = CARTESIAN_POINT('',(-19.77130074833,10.892135623731));
#10457 = CARTESIAN_POINT('',(-16.95671818603,15.767135623731));
#10458 = CARTESIAN_POINT('',(-14.14213562373,20.642135623731));
#10459 = CARTESIAN_POINT('',(-11.32755306143,15.767135623731));
#10460 = CARTESIAN_POINT('',(-8.512970499132,10.892135623731));
#10461 = CARTESIAN_POINT('',(-14.14213562373,10.892135623731));
#10462 = ( GEOMETRIC_REPRESENTATION_CONTEXT(2) 
PARAMETRIC_REPRESENTATION_CONTEXT() REPRESENTATION_CONTEXT('2D SPACE',''
  ) );
#10463 = ORIENTED_EDGE('',*,*,#10464,.T.);
#10464 = EDGE_CURVE('',#10437,#9882,#10465,.T.);
#10465 = SURFACE_CURVE('',#10466,(#10470,#10476),.PCURVE_S1.);
#10466 = LINE('',#10467,#10468);
#10467 = CARTESIAN_POINT('',(6.,-10.9357936063,-14.67305074619));
#10468 = VECTOR('',#10469,1.);
#10469 = DIRECTION('',(-1.,-0.,-0.));
#10470 = PCURVE('',#9931,#10471);
#10471 = DEFINITIONAL_REPRESENTATION('',(#10472),#10475);
#10472 = B_SPLINE_CURVE_WITH_KNOTS('',1,(#10473,#10474),.UNSPECIFIED.,
  .F.,.F.,(2,2),(-1.6000006,5.999999999062E-07),
  .PIECEWISE_BEZIER_KNOTS.);
#10473 = CARTESIAN_POINT('',(-6.119091377576,-2.6000006));
#10474 = CARTESIAN_POINT('',(-6.119091377576,-0.9999994));
#10475 = ( GEOMETRIC_REPRESENTATION_CONTEXT(2) 
PARAMETRIC_REPRESENTATION_CONTEXT() REPRESENTATION_CONTEXT('2D SPACE',''
  ) );
#10476 = PCURVE('',#9898,#10477);
#10477 = DEFINITIONAL_REPRESENTATION('',(#10478),#10481);
#10478 = B_SPLINE_CURVE_WITH_KNOTS('',1,(#10479,#10480),.UNSPECIFIED.,
  .F.,.F.,(2,2),(-1.6000006,5.999999999062E-07),
  .PIECEWISE_BEZIER_KNOTS.);
#10479 = CARTESIAN_POINT('',(-4.07190402713,-1.6000006));
#10480 = CARTESIAN_POINT('',(-4.07190402713,5.999999999062E-07));
#10481 = ( GEOMETRIC_REPRESENTATION_CONTEXT(2) 
PARAMETRIC_REPRESENTATION_CONTEXT() REPRESENTATION_CONTEXT('2D SPACE',''
  ) );
#10482 = ORIENTED_EDGE('',*,*,#9910,.T.);
#10483 = ORIENTED_EDGE('',*,*,#10363,.F.);
#10484 = ADVANCED_FACE('',(#10485),#9898,.F.);
#10485 = FACE_BOUND('',#10486,.T.);
#10486 = EDGE_LOOP('',(#10487,#10488,#10489,#10513));
#10487 = ORIENTED_EDGE('',*,*,#9881,.F.);
#10488 = ORIENTED_EDGE('',*,*,#10464,.F.);
#10489 = ORIENTED_EDGE('',*,*,#10490,.T.);
#10490 = EDGE_CURVE('',#10437,#10491,#10493,.T.);
#10491 = VERTEX_POINT('',#10492);
#10492 = CARTESIAN_POINT('',(7.6,10.935793606301,-14.67305074619));
#10493 = SURFACE_CURVE('',#10494,(#10499,#10506),.PCURVE_S1.);
#10494 = CIRCLE('',#10495,18.3);
#10495 = AXIS2_PLACEMENT_3D('',#10496,#10497,#10498);
#10496 = CARTESIAN_POINT('',(7.6,0.,0.));
#10497 = DIRECTION('',(1.,0.,-0.));
#10498 = DIRECTION('',(0.,0.597584350071,0.801806051705));
#10499 = PCURVE('',#9898,#10500);
#10500 = DEFINITIONAL_REPRESENTATION('',(#10501),#10505);
#10501 = LINE('',#10502,#10503);
#10502 = CARTESIAN_POINT('',(-0.930311373541,-1.6));
#10503 = VECTOR('',#10504,1.);
#10504 = DIRECTION('',(-1.,0.));
#10505 = ( GEOMETRIC_REPRESENTATION_CONTEXT(2) 
PARAMETRIC_REPRESENTATION_CONTEXT() REPRESENTATION_CONTEXT('2D SPACE',''
  ) );
#10506 = PCURVE('',#10200,#10507);
#10507 = DEFINITIONAL_REPRESENTATION('',(#10508),#10512);
#10508 = CIRCLE('',#10509,18.3);
#10509 = AXIS2_PLACEMENT_2D('',#10510,#10511);
#10510 = CARTESIAN_POINT('',(-1.644117596851E-15,-1.195576072166E-15));
#10511 = DIRECTION('',(0.801806051705,-0.597584350071));
#10512 = ( GEOMETRIC_REPRESENTATION_CONTEXT(2) 
PARAMETRIC_REPRESENTATION_CONTEXT() REPRESENTATION_CONTEXT('2D SPACE',''
  ) );
#10513 = ORIENTED_EDGE('',*,*,#10514,.T.);
#10514 = EDGE_CURVE('',#10491,#9854,#10515,.T.);
#10515 = SURFACE_CURVE('',#10516,(#10520,#10526),.PCURVE_S1.);
#10516 = LINE('',#10517,#10518);
#10517 = CARTESIAN_POINT('',(6.,10.935793606301,-14.67305074619));
#10518 = VECTOR('',#10519,1.);
#10519 = DIRECTION('',(-1.,-0.,-0.));
#10520 = PCURVE('',#9898,#10521);
#10521 = DEFINITIONAL_REPRESENTATION('',(#10522),#10525);
#10522 = B_SPLINE_CURVE_WITH_KNOTS('',1,(#10523,#10524),.UNSPECIFIED.,
  .F.,.F.,(2,2),(-1.6000006,5.999999999062E-07),
  .PIECEWISE_BEZIER_KNOTS.);
#10523 = CARTESIAN_POINT('',(-5.352873933639,-1.6000006));
#10524 = CARTESIAN_POINT('',(-5.352873933639,5.999999999062E-07));
#10525 = ( GEOMETRIC_REPRESENTATION_CONTEXT(2) 
PARAMETRIC_REPRESENTATION_CONTEXT() REPRESENTATION_CONTEXT('2D SPACE',''
  ) );
#10526 = PCURVE('',#9841,#10527);
#10527 = DEFINITIONAL_REPRESENTATION('',(#10528),#10531);
#10528 = B_SPLINE_CURVE_WITH_KNOTS('',1,(#10529,#10530),.UNSPECIFIED.,
  .F.,.F.,(2,2),(-1.6000006,5.999999999062E-07),
  .PIECEWISE_BEZIER_KNOTS.);
#10529 = CARTESIAN_POINT('',(-3.305686583193,-2.6000006));
#10530 = CARTESIAN_POINT('',(-3.305686583193,-0.9999994));
#10531 = ( GEOMETRIC_REPRESENTATION_CONTEXT(2) 
PARAMETRIC_REPRESENTATION_CONTEXT() REPRESENTATION_CONTEXT('2D SPACE',''
  ) );
#10532 = ADVANCED_FACE('',(#10533),#9841,.F.);
#10533 = FACE_BOUND('',#10534,.T.);
#10534 = EDGE_LOOP('',(#10535,#10536,#10557,#10558,#10559,#10560,#10561,
    #10589));
#10535 = ORIENTED_EDGE('',*,*,#9820,.T.);
#10536 = ORIENTED_EDGE('',*,*,#10537,.T.);
#10537 = EDGE_CURVE('',#9821,#10010,#10538,.T.);
#10538 = SEAM_CURVE('',#10539,(#10543,#10550),.PCURVE_S1.);
#10539 = LINE('',#10540,#10541);
#10540 = CARTESIAN_POINT('',(5.,17.392135623731,-14.14213562373));
#10541 = VECTOR('',#10542,1.);
#10542 = DIRECTION('',(1.,0.,0.));
#10543 = PCURVE('',#9841,#10544);
#10544 = DEFINITIONAL_REPRESENTATION('',(#10545),#10549);
#10545 = LINE('',#10546,#10547);
#10546 = CARTESIAN_POINT('',(-6.28318530718,0.));
#10547 = VECTOR('',#10548,1.);
#10548 = DIRECTION('',(-0.,-1.));
#10549 = ( GEOMETRIC_REPRESENTATION_CONTEXT(2) 
PARAMETRIC_REPRESENTATION_CONTEXT() REPRESENTATION_CONTEXT('2D SPACE',''
  ) );
#10550 = PCURVE('',#9841,#10551);
#10551 = DEFINITIONAL_REPRESENTATION('',(#10552),#10556);
#10552 = LINE('',#10553,#10554);
#10553 = CARTESIAN_POINT('',(-0.,0.));
#10554 = VECTOR('',#10555,1.);
#10555 = DIRECTION('',(-0.,-1.));
#10556 = ( GEOMETRIC_REPRESENTATION_CONTEXT(2) 
PARAMETRIC_REPRESENTATION_CONTEXT() REPRESENTATION_CONTEXT('2D SPACE',''
  ) );
#10557 = ORIENTED_EDGE('',*,*,#10009,.F.);
#10558 = ORIENTED_EDGE('',*,*,#10537,.F.);
#10559 = ORIENTED_EDGE('',*,*,#9853,.T.);
#10560 = ORIENTED_EDGE('',*,*,#10514,.F.);
#10561 = ORIENTED_EDGE('',*,*,#10562,.T.);
#10562 = EDGE_CURVE('',#10491,#10563,#10565,.T.);
#10563 = VERTEX_POINT('',#10564);
#10564 = CARTESIAN_POINT('',(7.6,14.673050746194,-10.9357936063));
#10565 = SURFACE_CURVE('',#10566,(#10571,#10578),.PCURVE_S1.);
#10566 = CIRCLE('',#10567,3.25);
#10567 = AXIS2_PLACEMENT_3D('',#10568,#10569,#10570);
#10568 = CARTESIAN_POINT('',(7.6,14.142135623731,-14.14213562373));
#10569 = DIRECTION('',(-1.,0.,0.));
#10570 = DIRECTION('',(0.,1.,0.));
#10571 = PCURVE('',#9841,#10572);
#10572 = DEFINITIONAL_REPRESENTATION('',(#10573),#10577);
#10573 = LINE('',#10574,#10575);
#10574 = CARTESIAN_POINT('',(-6.28318530718,-2.6));
#10575 = VECTOR('',#10576,1.);
#10576 = DIRECTION('',(1.,-0.));
#10577 = ( GEOMETRIC_REPRESENTATION_CONTEXT(2) 
PARAMETRIC_REPRESENTATION_CONTEXT() REPRESENTATION_CONTEXT('2D SPACE',''
  ) );
#10578 = PCURVE('',#10200,#10579);
#10579 = DEFINITIONAL_REPRESENTATION('',(#10580),#10588);
#10580 = ( BOUNDED_CURVE() B_SPLINE_CURVE(2,(#10581,#10582,#10583,#10584
    ,#10585,#10586,#10587),.UNSPECIFIED.,.T.,.F.) 
B_SPLINE_CURVE_WITH_KNOTS((1,2,2,2,2,1),(-2.094395102393,0.,
    2.094395102393,4.188790204786,6.28318530718,8.377580409573),
.UNSPECIFIED.) CURVE() GEOMETRIC_REPRESENTATION_ITEM() 
RATIONAL_B_SPLINE_CURVE((1.,0.5,1.,0.5,1.,0.5,1.)) REPRESENTATION_ITEM(
  '') );
#10581 = CARTESIAN_POINT('',(-14.14213562373,-17.39213562373));
#10582 = CARTESIAN_POINT('',(-19.77130074833,-17.39213562373));
#10583 = CARTESIAN_POINT('',(-16.95671818603,-12.51713562373));
#10584 = CARTESIAN_POINT('',(-14.14213562373,-7.642135623731));
#10585 = CARTESIAN_POINT('',(-11.32755306143,-12.51713562373));
#10586 = CARTESIAN_POINT('',(-8.512970499132,-17.39213562373));
#10587 = CARTESIAN_POINT('',(-14.14213562373,-17.39213562373));
#10588 = ( GEOMETRIC_REPRESENTATION_CONTEXT(2) 
PARAMETRIC_REPRESENTATION_CONTEXT() REPRESENTATION_CONTEXT('2D SPACE',''
  ) );
#10589 = ORIENTED_EDGE('',*,*,#10590,.T.);
#10590 = EDGE_CURVE('',#10563,#9792,#10591,.T.);
#10591 = SURFACE_CURVE('',#10592,(#10596,#10602),.PCURVE_S1.);
#10592 = LINE('',#10593,#10594);
#10593 = CARTESIAN_POINT('',(6.,14.673050746194,-10.9357936063));
#10594 = VECTOR('',#10595,1.);
#10595 = DIRECTION('',(-1.,-0.,-0.));
#10596 = PCURVE('',#9841,#10597);
#10597 = DEFINITIONAL_REPRESENTATION('',(#10598),#10601);
#10598 = B_SPLINE_CURVE_WITH_KNOTS('',1,(#10599,#10600),.UNSPECIFIED.,
  .F.,.F.,(2,2),(-1.6000006,5.999999999062E-07),
  .PIECEWISE_BEZIER_KNOTS.);
#10599 = CARTESIAN_POINT('',(-1.406702397192,-2.6000006));
#10600 = CARTESIAN_POINT('',(-1.406702397192,-0.9999994));
#10601 = ( GEOMETRIC_REPRESENTATION_CONTEXT(2) 
PARAMETRIC_REPRESENTATION_CONTEXT() REPRESENTATION_CONTEXT('2D SPACE',''
  ) );
#10602 = PCURVE('',#9808,#10603);
#10603 = DEFINITIONAL_REPRESENTATION('',(#10604),#10607);
#10604 = B_SPLINE_CURVE_WITH_KNOTS('',1,(#10605,#10606),.UNSPECIFIED.,
  .F.,.F.,(2,2),(-1.6000006,5.999999999062E-07),
  .PIECEWISE_BEZIER_KNOTS.);
#10605 = CARTESIAN_POINT('',(-5.642700353925,-1.6000006));
#10606 = CARTESIAN_POINT('',(-5.642700353925,5.999999999062E-07));
#10607 = ( GEOMETRIC_REPRESENTATION_CONTEXT(2) 
PARAMETRIC_REPRESENTATION_CONTEXT() REPRESENTATION_CONTEXT('2D SPACE',''
  ) );
#10608 = ADVANCED_FACE('',(#10609),#9808,.F.);
#10609 = FACE_BOUND('',#10610,.T.);
#10610 = EDGE_LOOP('',(#10611,#10612,#10613,#10637));
#10611 = ORIENTED_EDGE('',*,*,#9791,.F.);
#10612 = ORIENTED_EDGE('',*,*,#10590,.F.);
#10613 = ORIENTED_EDGE('',*,*,#10614,.T.);
#10614 = EDGE_CURVE('',#10563,#10615,#10617,.T.);
#10615 = VERTEX_POINT('',#10616);
#10616 = CARTESIAN_POINT('',(7.6,14.673050746194,10.935793606301));
#10617 = SURFACE_CURVE('',#10618,(#10623,#10630),.PCURVE_S1.);
#10618 = CIRCLE('',#10619,18.3);
#10619 = AXIS2_PLACEMENT_3D('',#10620,#10621,#10622);
#10620 = CARTESIAN_POINT('',(7.6,0.,0.));
#10621 = DIRECTION('',(1.,0.,-0.));
#10622 = DIRECTION('',(0.,0.597584350071,0.801806051705));
#10623 = PCURVE('',#9808,#10624);
#10624 = DEFINITIONAL_REPRESENTATION('',(#10625),#10629);
#10625 = LINE('',#10626,#10627);
#10626 = CARTESIAN_POINT('',(-0.930311373541,-1.6));
#10627 = VECTOR('',#10628,1.);
#10628 = DIRECTION('',(-1.,0.));
#10629 = ( GEOMETRIC_REPRESENTATION_CONTEXT(2) 
PARAMETRIC_REPRESENTATION_CONTEXT() REPRESENTATION_CONTEXT('2D SPACE',''
  ) );
#10630 = PCURVE('',#10200,#10631);
#10631 = DEFINITIONAL_REPRESENTATION('',(#10632),#10636);
#10632 = CIRCLE('',#10633,18.3);
#10633 = AXIS2_PLACEMENT_2D('',#10634,#10635);
#10634 = CARTESIAN_POINT('',(-1.644117596851E-15,-1.195576072166E-15));
#10635 = DIRECTION('',(0.801806051705,-0.597584350071));
#10636 = ( GEOMETRIC_REPRESENTATION_CONTEXT(2) 
PARAMETRIC_REPRESENTATION_CONTEXT() REPRESENTATION_CONTEXT('2D SPACE',''
  ) );
#10637 = ORIENTED_EDGE('',*,*,#10638,.T.);
#10638 = EDGE_CURVE('',#10615,#9764,#10639,.T.);
#10639 = SURFACE_CURVE('',#10640,(#10644,#10650),.PCURVE_S1.);
#10640 = LINE('',#10641,#10642);
#10641 = CARTESIAN_POINT('',(6.,14.673050746194,10.935793606301));
#10642 = VECTOR('',#10643,1.);
#10643 = DIRECTION('',(-1.,-0.,-0.));
#10644 = PCURVE('',#9808,#10645);
#10645 = DEFINITIONAL_REPRESENTATION('',(#10646),#10649);
#10646 = B_SPLINE_CURVE_WITH_KNOTS('',1,(#10647,#10648),.UNSPECIFIED.,
  .F.,.F.,(2,2),(-1.6,0.),.PIECEWISE_BEZIER_KNOTS.);
#10647 = CARTESIAN_POINT('',(-6.923670260434,-1.6));
#10648 = CARTESIAN_POINT('',(-6.923670260434,0.));
#10649 = ( GEOMETRIC_REPRESENTATION_CONTEXT(2) 
PARAMETRIC_REPRESENTATION_CONTEXT() REPRESENTATION_CONTEXT('2D SPACE',''
  ) );
#10650 = PCURVE('',#9751,#10651);
#10651 = DEFINITIONAL_REPRESENTATION('',(#10652),#10655);
#10652 = B_SPLINE_CURVE_WITH_KNOTS('',1,(#10653,#10654),.UNSPECIFIED.,
  .F.,.F.,(2,2),(-1.6000006,5.999999999062E-07),
  .PIECEWISE_BEZIER_KNOTS.);
#10653 = CARTESIAN_POINT('',(-4.876482909988,-2.6000006));
#10654 = CARTESIAN_POINT('',(-4.876482909988,-0.9999994));
#10655 = ( GEOMETRIC_REPRESENTATION_CONTEXT(2) 
PARAMETRIC_REPRESENTATION_CONTEXT() REPRESENTATION_CONTEXT('2D SPACE',''
  ) );
#10656 = ADVANCED_FACE('',(#10657),#9751,.F.);
#10657 = FACE_BOUND('',#10658,.T.);
#10658 = EDGE_LOOP('',(#10659,#10660,#10681,#10682,#10683,#10684,#10685,
    #10711));
#10659 = ORIENTED_EDGE('',*,*,#9730,.T.);
#10660 = ORIENTED_EDGE('',*,*,#10661,.T.);
#10661 = EDGE_CURVE('',#9731,#10040,#10662,.T.);
#10662 = SEAM_CURVE('',#10663,(#10667,#10674),.PCURVE_S1.);
#10663 = LINE('',#10664,#10665);
#10664 = CARTESIAN_POINT('',(5.,17.392135623731,14.142135623731));
#10665 = VECTOR('',#10666,1.);
#10666 = DIRECTION('',(1.,0.,0.));
#10667 = PCURVE('',#9751,#10668);
#10668 = DEFINITIONAL_REPRESENTATION('',(#10669),#10673);
#10669 = LINE('',#10670,#10671);
#10670 = CARTESIAN_POINT('',(-6.28318530718,0.));
#10671 = VECTOR('',#10672,1.);
#10672 = DIRECTION('',(-0.,-1.));
#10673 = ( GEOMETRIC_REPRESENTATION_CONTEXT(2) 
PARAMETRIC_REPRESENTATION_CONTEXT() REPRESENTATION_CONTEXT('2D SPACE',''
  ) );
#10674 = PCURVE('',#9751,#10675);
#10675 = DEFINITIONAL_REPRESENTATION('',(#10676),#10680);
#10676 = LINE('',#10677,#10678);
#10677 = CARTESIAN_POINT('',(-0.,0.));
#10678 = VECTOR('',#10679,1.);
#10679 = DIRECTION('',(-0.,-1.));
#10680 = ( GEOMETRIC_REPRESENTATION_CONTEXT(2) 
PARAMETRIC_REPRESENTATION_CONTEXT() REPRESENTATION_CONTEXT('2D SPACE',''
  ) );
#10681 = ORIENTED_EDGE('',*,*,#10039,.F.);
#10682 = ORIENTED_EDGE('',*,*,#10661,.F.);
#10683 = ORIENTED_EDGE('',*,*,#9763,.T.);
#10684 = ORIENTED_EDGE('',*,*,#10638,.F.);
#10685 = ORIENTED_EDGE('',*,*,#10686,.T.);
#10686 = EDGE_CURVE('',#10615,#10163,#10687,.T.);
#10687 = SURFACE_CURVE('',#10688,(#10693,#10700),.PCURVE_S1.);
#10688 = CIRCLE('',#10689,3.25);
#10689 = AXIS2_PLACEMENT_3D('',#10690,#10691,#10692);
#10690 = CARTESIAN_POINT('',(7.6,14.142135623731,14.142135623731));
#10691 = DIRECTION('',(-1.,0.,0.));
#10692 = DIRECTION('',(0.,1.,0.));
#10693 = PCURVE('',#9751,#10694);
#10694 = DEFINITIONAL_REPRESENTATION('',(#10695),#10699);
#10695 = LINE('',#10696,#10697);
#10696 = CARTESIAN_POINT('',(-6.28318530718,-2.6));
#10697 = VECTOR('',#10698,1.);
#10698 = DIRECTION('',(1.,-0.));
#10699 = ( GEOMETRIC_REPRESENTATION_CONTEXT(2) 
PARAMETRIC_REPRESENTATION_CONTEXT() REPRESENTATION_CONTEXT('2D SPACE',''
  ) );
#10700 = PCURVE('',#10200,#10701);
#10701 = DEFINITIONAL_REPRESENTATION('',(#10702),#10710);
#10702 = ( BOUNDED_CURVE() B_SPLINE_CURVE(2,(#10703,#10704,#10705,#10706
    ,#10707,#10708,#10709),.UNSPECIFIED.,.T.,.F.) 
B_SPLINE_CURVE_WITH_KNOTS((1,2,2,2,2,1),(-2.094395102393,0.,
    2.094395102393,4.188790204786,6.28318530718,8.377580409573),
.UNSPECIFIED.) CURVE() GEOMETRIC_REPRESENTATION_ITEM() 
RATIONAL_B_SPLINE_CURVE((1.,0.5,1.,0.5,1.,0.5,1.)) REPRESENTATION_ITEM(
  '') );
#10703 = CARTESIAN_POINT('',(14.142135623731,-17.39213562373));
#10704 = CARTESIAN_POINT('',(8.512970499132,-17.39213562373));
#10705 = CARTESIAN_POINT('',(11.327553061432,-12.51713562373));
#10706 = CARTESIAN_POINT('',(14.142135623731,-7.642135623731));
#10707 = CARTESIAN_POINT('',(16.95671818603,-12.51713562373));
#10708 = CARTESIAN_POINT('',(19.77130074833,-17.39213562373));
#10709 = CARTESIAN_POINT('',(14.142135623731,-17.39213562373));
#10710 = ( GEOMETRIC_REPRESENTATION_CONTEXT(2) 
PARAMETRIC_REPRESENTATION_CONTEXT() REPRESENTATION_CONTEXT('2D SPACE',''
  ) );
#10711 = ORIENTED_EDGE('',*,*,#10162,.T.);
#10712 = ADVANCED_FACE('',(#10713),#10116,.F.);
#10713 = FACE_BOUND('',#10714,.T.);
#10714 = EDGE_LOOP('',(#10715,#10738,#10739,#10740));
#10715 = ORIENTED_EDGE('',*,*,#10716,.T.);
#10716 = EDGE_CURVE('',#10717,#10100,#10719,.T.);
#10717 = VERTEX_POINT('',#10718);
#10718 = CARTESIAN_POINT('',(12.,8.,0.));
#10719 = SEAM_CURVE('',#10720,(#10724,#10731),.PCURVE_S1.);
#10720 = LINE('',#10721,#10722);
#10721 = CARTESIAN_POINT('',(12.,8.,0.));
#10722 = VECTOR('',#10723,1.);
#10723 = DIRECTION('',(1.,0.,0.));
#10724 = PCURVE('',#10116,#10725);
#10725 = DEFINITIONAL_REPRESENTATION('',(#10726),#10730);
#10726 = LINE('',#10727,#10728);
#10727 = CARTESIAN_POINT('',(-0.,0.));
#10728 = VECTOR('',#10729,1.);
#10729 = DIRECTION('',(-0.,-1.));
#10730 = ( GEOMETRIC_REPRESENTATION_CONTEXT(2) 
PARAMETRIC_REPRESENTATION_CONTEXT() REPRESENTATION_CONTEXT('2D SPACE',''
  ) );
#10731 = PCURVE('',#10116,#10732);
#10732 = DEFINITIONAL_REPRESENTATION('',(#10733),#10737);
#10733 = LINE('',#10734,#10735);
#10734 = CARTESIAN_POINT('',(-6.28318530718,0.));
#10735 = VECTOR('',#10736,1.);
#10736 = DIRECTION('',(-0.,-1.));
#10737 = ( GEOMETRIC_REPRESENTATION_CONTEXT(2) 
PARAMETRIC_REPRESENTATION_CONTEXT() REPRESENTATION_CONTEXT('2D SPACE',''
  ) );
#10738 = ORIENTED_EDGE('',*,*,#10099,.T.);
#10739 = ORIENTED_EDGE('',*,*,#10716,.F.);
#10740 = ORIENTED_EDGE('',*,*,#10741,.F.);
#10741 = EDGE_CURVE('',#10717,#10717,#10742,.T.);
#10742 = SURFACE_CURVE('',#10743,(#10748,#10755),.PCURVE_S1.);
#10743 = CIRCLE('',#10744,8.);
#10744 = AXIS2_PLACEMENT_3D('',#10745,#10746,#10747);
#10745 = CARTESIAN_POINT('',(12.,0.,0.));
#10746 = DIRECTION('',(1.,0.,0.));
#10747 = DIRECTION('',(0.,1.,0.));
#10748 = PCURVE('',#10116,#10749);
#10749 = DEFINITIONAL_REPRESENTATION('',(#10750),#10754);
#10750 = LINE('',#10751,#10752);
#10751 = CARTESIAN_POINT('',(-0.,0.));
#10752 = VECTOR('',#10753,1.);
#10753 = DIRECTION('',(-1.,0.));
#10754 = ( GEOMETRIC_REPRESENTATION_CONTEXT(2) 
PARAMETRIC_REPRESENTATION_CONTEXT() REPRESENTATION_CONTEXT('2D SPACE',''
  ) );
#10755 = PCURVE('',#10756,#10761);
#10756 = PLANE('',#10757);
#10757 = AXIS2_PLACEMENT_3D('',#10758,#10759,#10760);
#10758 = CARTESIAN_POINT('',(12.,-3.038755850088E-16,2.403571302733E-16)
  );
#10759 = DIRECTION('',(1.,0.,0.));
#10760 = DIRECTION('',(-0.,0.,1.));
#10761 = DEFINITIONAL_REPRESENTATION('',(#10762),#10766);
#10762 = CIRCLE('',#10763,8.);
#10763 = AXIS2_PLACEMENT_2D('',#10764,#10765);
#10764 = CARTESIAN_POINT('',(-2.403571302733E-16,-3.038755850088E-16));
#10765 = DIRECTION('',(0.,-1.));
#10766 = ( GEOMETRIC_REPRESENTATION_CONTEXT(2) 
PARAMETRIC_REPRESENTATION_CONTEXT() REPRESENTATION_CONTEXT('2D SPACE',''
  ) );
#10767 = ADVANCED_FACE('',(#10768,#10780),#10200,.F.);
#10768 = FACE_BOUND('',#10769,.F.);
#10769 = EDGE_LOOP('',(#10770,#10771,#10772,#10773,#10774,#10775,#10776,
    #10777,#10778,#10779));
#10770 = ORIENTED_EDGE('',*,*,#10436,.T.);
#10771 = ORIENTED_EDGE('',*,*,#10490,.T.);
#10772 = ORIENTED_EDGE('',*,*,#10562,.T.);
#10773 = ORIENTED_EDGE('',*,*,#10614,.T.);
#10774 = ORIENTED_EDGE('',*,*,#10686,.T.);
#10775 = ORIENTED_EDGE('',*,*,#10183,.T.);
#10776 = ORIENTED_EDGE('',*,*,#10234,.T.);
#10777 = ORIENTED_EDGE('',*,*,#10285,.T.);
#10778 = ORIENTED_EDGE('',*,*,#10339,.T.);
#10779 = ORIENTED_EDGE('',*,*,#10385,.T.);
#10780 = FACE_BOUND('',#10781,.F.);
#10781 = EDGE_LOOP('',(#10782));
#10782 = ORIENTED_EDGE('',*,*,#10783,.F.);
#10783 = EDGE_CURVE('',#10784,#10784,#10786,.T.);
#10784 = VERTEX_POINT('',#10785);
#10785 = CARTESIAN_POINT('',(7.6,15.7,0.));
#10786 = SURFACE_CURVE('',#10787,(#10792,#10799),.PCURVE_S1.);
#10787 = CIRCLE('',#10788,15.7);
#10788 = AXIS2_PLACEMENT_3D('',#10789,#10790,#10791);
#10789 = CARTESIAN_POINT('',(7.6,0.,0.));
#10790 = DIRECTION('',(1.,0.,0.));
#10791 = DIRECTION('',(0.,1.,0.));
#10792 = PCURVE('',#10200,#10793);
#10793 = DEFINITIONAL_REPRESENTATION('',(#10794),#10798);
#10794 = CIRCLE('',#10795,15.7);
#10795 = AXIS2_PLACEMENT_2D('',#10796,#10797);
#10796 = CARTESIAN_POINT('',(-1.644117596851E-15,-1.195576072166E-15));
#10797 = DIRECTION('',(0.,-1.));
#10798 = ( GEOMETRIC_REPRESENTATION_CONTEXT(2) 
PARAMETRIC_REPRESENTATION_CONTEXT() REPRESENTATION_CONTEXT('2D SPACE',''
  ) );
#10799 = PCURVE('',#10800,#10805);
#10800 = CYLINDRICAL_SURFACE('',#10801,15.7);
#10801 = AXIS2_PLACEMENT_3D('',#10802,#10803,#10804);
#10802 = CARTESIAN_POINT('',(6.,0.,0.));
#10803 = DIRECTION('',(-1.,-0.,-0.));
#10804 = DIRECTION('',(0.,1.,0.));
#10805 = DEFINITIONAL_REPRESENTATION('',(#10806),#10810);
#10806 = LINE('',#10807,#10808);
#10807 = CARTESIAN_POINT('',(-0.,-1.6));
#10808 = VECTOR('',#10809,1.);
#10809 = DIRECTION('',(-1.,0.));
#10810 = ( GEOMETRIC_REPRESENTATION_CONTEXT(2) 
PARAMETRIC_REPRESENTATION_CONTEXT() REPRESENTATION_CONTEXT('2D SPACE',''
  ) );
#10811 = ADVANCED_FACE('',(#10812,#10843),#10756,.F.);
#10812 = FACE_BOUND('',#10813,.F.);
#10813 = EDGE_LOOP('',(#10814));
#10814 = ORIENTED_EDGE('',*,*,#10815,.T.);
#10815 = EDGE_CURVE('',#10816,#10816,#10818,.T.);
#10816 = VERTEX_POINT('',#10817);
#10817 = CARTESIAN_POINT('',(12.,9.,0.));
#10818 = SURFACE_CURVE('',#10819,(#10824,#10831),.PCURVE_S1.);
#10819 = CIRCLE('',#10820,9.);
#10820 = AXIS2_PLACEMENT_3D('',#10821,#10822,#10823);
#10821 = CARTESIAN_POINT('',(12.,0.,0.));
#10822 = DIRECTION('',(1.,0.,0.));
#10823 = DIRECTION('',(0.,1.,0.));
#10824 = PCURVE('',#10756,#10825);
#10825 = DEFINITIONAL_REPRESENTATION('',(#10826),#10830);
#10826 = CIRCLE('',#10827,9.);
#10827 = AXIS2_PLACEMENT_2D('',#10828,#10829);
#10828 = CARTESIAN_POINT('',(-2.403571302733E-16,-3.038755850088E-16));
#10829 = DIRECTION('',(0.,-1.));
#10830 = ( GEOMETRIC_REPRESENTATION_CONTEXT(2) 
PARAMETRIC_REPRESENTATION_CONTEXT() REPRESENTATION_CONTEXT('2D SPACE',''
  ) );
#10831 = PCURVE('',#10832,#10837);
#10832 = CYLINDRICAL_SURFACE('',#10833,9.);
#10833 = AXIS2_PLACEMENT_3D('',#10834,#10835,#10836);
#10834 = CARTESIAN_POINT('',(7.,0.,0.));
#10835 = DIRECTION('',(-1.,-0.,-0.));
#10836 = DIRECTION('',(0.,1.,0.));
#10837 = DEFINITIONAL_REPRESENTATION('',(#10838),#10842);
#10838 = LINE('',#10839,#10840);
#10839 = CARTESIAN_POINT('',(-0.,-5.));
#10840 = VECTOR('',#10841,1.);
#10841 = DIRECTION('',(-1.,0.));
#10842 = ( GEOMETRIC_REPRESENTATION_CONTEXT(2) 
PARAMETRIC_REPRESENTATION_CONTEXT() REPRESENTATION_CONTEXT('2D SPACE',''
  ) );
#10843 = FACE_BOUND('',#10844,.F.);
#10844 = EDGE_LOOP('',(#10845));
#10845 = ORIENTED_EDGE('',*,*,#10741,.F.);
#10846 = ADVANCED_FACE('',(#10847),#10800,.T.);
#10847 = FACE_BOUND('',#10848,.F.);
#10848 = EDGE_LOOP('',(#10849,#10872,#10873,#10874));
#10849 = ORIENTED_EDGE('',*,*,#10850,.T.);
#10850 = EDGE_CURVE('',#10851,#10784,#10853,.T.);
#10851 = VERTEX_POINT('',#10852);
#10852 = CARTESIAN_POINT('',(6.,15.7,0.));
#10853 = SEAM_CURVE('',#10854,(#10858,#10865),.PCURVE_S1.);
#10854 = LINE('',#10855,#10856);
#10855 = CARTESIAN_POINT('',(6.,15.7,0.));
#10856 = VECTOR('',#10857,1.);
#10857 = DIRECTION('',(1.,0.,0.));
#10858 = PCURVE('',#10800,#10859);
#10859 = DEFINITIONAL_REPRESENTATION('',(#10860),#10864);
#10860 = LINE('',#10861,#10862);
#10861 = CARTESIAN_POINT('',(-0.,0.));
#10862 = VECTOR('',#10863,1.);
#10863 = DIRECTION('',(-0.,-1.));
#10864 = ( GEOMETRIC_REPRESENTATION_CONTEXT(2) 
PARAMETRIC_REPRESENTATION_CONTEXT() REPRESENTATION_CONTEXT('2D SPACE',''
  ) );
#10865 = PCURVE('',#10800,#10866);
#10866 = DEFINITIONAL_REPRESENTATION('',(#10867),#10871);
#10867 = LINE('',#10868,#10869);
#10868 = CARTESIAN_POINT('',(-6.28318530718,0.));
#10869 = VECTOR('',#10870,1.);
#10870 = DIRECTION('',(-0.,-1.));
#10871 = ( GEOMETRIC_REPRESENTATION_CONTEXT(2) 
PARAMETRIC_REPRESENTATION_CONTEXT() REPRESENTATION_CONTEXT('2D SPACE',''
  ) );
#10872 = ORIENTED_EDGE('',*,*,#10783,.T.);
#10873 = ORIENTED_EDGE('',*,*,#10850,.F.);
#10874 = ORIENTED_EDGE('',*,*,#10875,.F.);
#10875 = EDGE_CURVE('',#10851,#10851,#10876,.T.);
#10876 = SURFACE_CURVE('',#10877,(#10882,#10889),.PCURVE_S1.);
#10877 = CIRCLE('',#10878,15.7);
#10878 = AXIS2_PLACEMENT_3D('',#10879,#10880,#10881);
#10879 = CARTESIAN_POINT('',(6.,0.,0.));
#10880 = DIRECTION('',(1.,0.,0.));
#10881 = DIRECTION('',(0.,1.,0.));
#10882 = PCURVE('',#10800,#10883);
#10883 = DEFINITIONAL_REPRESENTATION('',(#10884),#10888);
#10884 = LINE('',#10885,#10886);
#10885 = CARTESIAN_POINT('',(-0.,0.));
#10886 = VECTOR('',#10887,1.);
#10887 = DIRECTION('',(-1.,0.));
#10888 = ( GEOMETRIC_REPRESENTATION_CONTEXT(2) 
PARAMETRIC_REPRESENTATION_CONTEXT() REPRESENTATION_CONTEXT('2D SPACE',''
  ) );
#10889 = PCURVE('',#10890,#10895);
#10890 = PLANE('',#10891);
#10891 = AXIS2_PLACEMENT_3D('',#10892,#10893,#10894);
#10892 = CARTESIAN_POINT('',(6.,-8.751616848252E-16,1.604946055186E-15)
  );
#10893 = DIRECTION('',(1.,0.,0.));
#10894 = DIRECTION('',(-0.,0.,1.));
#10895 = DEFINITIONAL_REPRESENTATION('',(#10896),#10900);
#10896 = CIRCLE('',#10897,15.7);
#10897 = AXIS2_PLACEMENT_2D('',#10898,#10899);
#10898 = CARTESIAN_POINT('',(-1.604946055186E-15,-8.751616848252E-16));
#10899 = DIRECTION('',(0.,-1.));
#10900 = ( GEOMETRIC_REPRESENTATION_CONTEXT(2) 
PARAMETRIC_REPRESENTATION_CONTEXT() REPRESENTATION_CONTEXT('2D SPACE',''
  ) );
#10901 = ADVANCED_FACE('',(#10902),#10832,.F.);
#10902 = FACE_BOUND('',#10903,.T.);
#10903 = EDGE_LOOP('',(#10904,#10927,#10928,#10929));
#10904 = ORIENTED_EDGE('',*,*,#10905,.T.);
#10905 = EDGE_CURVE('',#10906,#10816,#10908,.T.);
#10906 = VERTEX_POINT('',#10907);
#10907 = CARTESIAN_POINT('',(7.,9.,0.));
#10908 = SEAM_CURVE('',#10909,(#10913,#10920),.PCURVE_S1.);
#10909 = LINE('',#10910,#10911);
#10910 = CARTESIAN_POINT('',(7.,9.,0.));
#10911 = VECTOR('',#10912,1.);
#10912 = DIRECTION('',(1.,0.,0.));
#10913 = PCURVE('',#10832,#10914);
#10914 = DEFINITIONAL_REPRESENTATION('',(#10915),#10919);
#10915 = LINE('',#10916,#10917);
#10916 = CARTESIAN_POINT('',(-0.,0.));
#10917 = VECTOR('',#10918,1.);
#10918 = DIRECTION('',(-0.,-1.));
#10919 = ( GEOMETRIC_REPRESENTATION_CONTEXT(2) 
PARAMETRIC_REPRESENTATION_CONTEXT() REPRESENTATION_CONTEXT('2D SPACE',''
  ) );
#10920 = PCURVE('',#10832,#10921);
#10921 = DEFINITIONAL_REPRESENTATION('',(#10922),#10926);
#10922 = LINE('',#10923,#10924);
#10923 = CARTESIAN_POINT('',(-6.28318530718,0.));
#10924 = VECTOR('',#10925,1.);
#10925 = DIRECTION('',(-0.,-1.));
#10926 = ( GEOMETRIC_REPRESENTATION_CONTEXT(2) 
PARAMETRIC_REPRESENTATION_CONTEXT() REPRESENTATION_CONTEXT('2D SPACE',''
  ) );
#10927 = ORIENTED_EDGE('',*,*,#10815,.T.);
#10928 = ORIENTED_EDGE('',*,*,#10905,.F.);
#10929 = ORIENTED_EDGE('',*,*,#10930,.F.);
#10930 = EDGE_CURVE('',#10906,#10906,#10931,.T.);
#10931 = SURFACE_CURVE('',#10932,(#10937,#10944),.PCURVE_S1.);
#10932 = CIRCLE('',#10933,9.);
#10933 = AXIS2_PLACEMENT_3D('',#10934,#10935,#10936);
#10934 = CARTESIAN_POINT('',(7.,0.,0.));
#10935 = DIRECTION('',(1.,0.,0.));
#10936 = DIRECTION('',(0.,1.,0.));
#10937 = PCURVE('',#10832,#10938);
#10938 = DEFINITIONAL_REPRESENTATION('',(#10939),#10943);
#10939 = LINE('',#10940,#10941);
#10940 = CARTESIAN_POINT('',(-0.,0.));
#10941 = VECTOR('',#10942,1.);
#10942 = DIRECTION('',(-1.,0.));
#10943 = ( GEOMETRIC_REPRESENTATION_CONTEXT(2) 
PARAMETRIC_REPRESENTATION_CONTEXT() REPRESENTATION_CONTEXT('2D SPACE',''
  ) );
#10944 = PCURVE('',#10945,#10950);
#10945 = PLANE('',#10946);
#10946 = AXIS2_PLACEMENT_3D('',#10947,#10948,#10949);
#10947 = CARTESIAN_POINT('',(7.,-3.038755850088E-16,2.403571302733E-16)
  );
#10948 = DIRECTION('',(1.,0.,0.));
#10949 = DIRECTION('',(-0.,0.,1.));
#10950 = DEFINITIONAL_REPRESENTATION('',(#10951),#10955);
#10951 = CIRCLE('',#10952,9.);
#10952 = AXIS2_PLACEMENT_2D('',#10953,#10954);
#10953 = CARTESIAN_POINT('',(-2.403571302733E-16,-3.038755850088E-16));
#10954 = DIRECTION('',(0.,-1.));
#10955 = ( GEOMETRIC_REPRESENTATION_CONTEXT(2) 
PARAMETRIC_REPRESENTATION_CONTEXT() REPRESENTATION_CONTEXT('2D SPACE',''
  ) );
#10956 = ADVANCED_FACE('',(#10957,#10960),#10890,.F.);
#10957 = FACE_BOUND('',#10958,.F.);
#10958 = EDGE_LOOP('',(#10959));
#10959 = ORIENTED_EDGE('',*,*,#10875,.T.);
#10960 = FACE_BOUND('',#10961,.F.);
#10961 = EDGE_LOOP('',(#10962));
#10962 = ORIENTED_EDGE('',*,*,#10963,.F.);
#10963 = EDGE_CURVE('',#10964,#10964,#10966,.T.);
#10964 = VERTEX_POINT('',#10965);
#10965 = CARTESIAN_POINT('',(6.,9.95,0.));
#10966 = SURFACE_CURVE('',#10967,(#10972,#10979),.PCURVE_S1.);
#10967 = CIRCLE('',#10968,9.95);
#10968 = AXIS2_PLACEMENT_3D('',#10969,#10970,#10971);
#10969 = CARTESIAN_POINT('',(6.,0.,0.));
#10970 = DIRECTION('',(1.,0.,0.));
#10971 = DIRECTION('',(0.,1.,0.));
#10972 = PCURVE('',#10890,#10973);
#10973 = DEFINITIONAL_REPRESENTATION('',(#10974),#10978);
#10974 = CIRCLE('',#10975,9.95);
#10975 = AXIS2_PLACEMENT_2D('',#10976,#10977);
#10976 = CARTESIAN_POINT('',(-1.604946055186E-15,-8.751616848252E-16));
#10977 = DIRECTION('',(0.,-1.));
#10978 = ( GEOMETRIC_REPRESENTATION_CONTEXT(2) 
PARAMETRIC_REPRESENTATION_CONTEXT() REPRESENTATION_CONTEXT('2D SPACE',''
  ) );
#10979 = PCURVE('',#10980,#10985);
#10980 = CYLINDRICAL_SURFACE('',#10981,9.95);
#10981 = AXIS2_PLACEMENT_3D('',#10982,#10983,#10984);
#10982 = CARTESIAN_POINT('',(0.,0.,0.));
#10983 = DIRECTION('',(-1.,-0.,-0.));
#10984 = DIRECTION('',(0.,1.,0.));
#10985 = DEFINITIONAL_REPRESENTATION('',(#10986),#10990);
#10986 = LINE('',#10987,#10988);
#10987 = CARTESIAN_POINT('',(-0.,-6.));
#10988 = VECTOR('',#10989,1.);
#10989 = DIRECTION('',(-1.,0.));
#10990 = ( GEOMETRIC_REPRESENTATION_CONTEXT(2) 
PARAMETRIC_REPRESENTATION_CONTEXT() REPRESENTATION_CONTEXT('2D SPACE',''
  ) );
#10991 = ADVANCED_FACE('',(#10992,#10995),#10945,.T.);
#10992 = FACE_BOUND('',#10993,.T.);
#10993 = EDGE_LOOP('',(#10994));
#10994 = ORIENTED_EDGE('',*,*,#10930,.T.);
#10995 = FACE_BOUND('',#10996,.T.);
#10996 = EDGE_LOOP('',(#10997));
#10997 = ORIENTED_EDGE('',*,*,#10998,.T.);
#10998 = EDGE_CURVE('',#10999,#10999,#11001,.T.);
#10999 = VERTEX_POINT('',#11000);
#11000 = CARTESIAN_POINT('',(7.,5.05,0.));
#11001 = SURFACE_CURVE('',#11002,(#11007,#11018),.PCURVE_S1.);
#11002 = CIRCLE('',#11003,5.05);
#11003 = AXIS2_PLACEMENT_3D('',#11004,#11005,#11006);
#11004 = CARTESIAN_POINT('',(7.,0.,0.));
#11005 = DIRECTION('',(-1.,0.,0.));
#11006 = DIRECTION('',(0.,1.,0.));
#11007 = PCURVE('',#10945,#11008);
#11008 = DEFINITIONAL_REPRESENTATION('',(#11009),#11017);
#11009 = ( BOUNDED_CURVE() B_SPLINE_CURVE(2,(#11010,#11011,#11012,#11013
    ,#11014,#11015,#11016),.UNSPECIFIED.,.T.,.F.) 
B_SPLINE_CURVE_WITH_KNOTS((1,2,2,2,2,1),(-2.094395102393,0.,
    2.094395102393,4.188790204786,6.28318530718,8.377580409573),
.UNSPECIFIED.) CURVE() GEOMETRIC_REPRESENTATION_ITEM() 
RATIONAL_B_SPLINE_CURVE((1.,0.5,1.,0.5,1.,0.5,1.)) REPRESENTATION_ITEM(
  '') );
#11010 = CARTESIAN_POINT('',(-2.403571302733E-16,-5.05));
#11011 = CARTESIAN_POINT('',(-8.746856578223,-5.05));
#11012 = CARTESIAN_POINT('',(-4.373428289111,2.525));
#11013 = CARTESIAN_POINT('',(-1.477250397412E-15,10.1));
#11014 = CARTESIAN_POINT('',(4.373428289111,2.525));
#11015 = CARTESIAN_POINT('',(8.746856578223,-5.05));
#11016 = CARTESIAN_POINT('',(-2.403571302733E-16,-5.05));
#11017 = ( GEOMETRIC_REPRESENTATION_CONTEXT(2) 
PARAMETRIC_REPRESENTATION_CONTEXT() REPRESENTATION_CONTEXT('2D SPACE',''
  ) );
#11018 = PCURVE('',#11019,#11024);
#11019 = CYLINDRICAL_SURFACE('',#11020,5.05);
#11020 = AXIS2_PLACEMENT_3D('',#11021,#11022,#11023);
#11021 = CARTESIAN_POINT('',(-1.,0.,0.));
#11022 = DIRECTION('',(-1.,-0.,-0.));
#11023 = DIRECTION('',(0.,1.,0.));
#11024 = DEFINITIONAL_REPRESENTATION('',(#11025),#11029);
#11025 = LINE('',#11026,#11027);
#11026 = CARTESIAN_POINT('',(-6.28318530718,-8.));
#11027 = VECTOR('',#11028,1.);
#11028 = DIRECTION('',(1.,-0.));
#11029 = ( GEOMETRIC_REPRESENTATION_CONTEXT(2) 
PARAMETRIC_REPRESENTATION_CONTEXT() REPRESENTATION_CONTEXT('2D SPACE',''
  ) );
#11030 = ADVANCED_FACE('',(#11031),#10980,.T.);
#11031 = FACE_BOUND('',#11032,.F.);
#11032 = EDGE_LOOP('',(#11033,#11056,#11057,#11058));
#11033 = ORIENTED_EDGE('',*,*,#11034,.T.);
#11034 = EDGE_CURVE('',#11035,#10964,#11037,.T.);
#11035 = VERTEX_POINT('',#11036);
#11036 = CARTESIAN_POINT('',(0.,9.95,0.));
#11037 = SEAM_CURVE('',#11038,(#11042,#11049),.PCURVE_S1.);
#11038 = LINE('',#11039,#11040);
#11039 = CARTESIAN_POINT('',(0.,9.95,0.));
#11040 = VECTOR('',#11041,1.);
#11041 = DIRECTION('',(1.,0.,0.));
#11042 = PCURVE('',#10980,#11043);
#11043 = DEFINITIONAL_REPRESENTATION('',(#11044),#11048);
#11044 = LINE('',#11045,#11046);
#11045 = CARTESIAN_POINT('',(-0.,0.));
#11046 = VECTOR('',#11047,1.);
#11047 = DIRECTION('',(-0.,-1.));
#11048 = ( GEOMETRIC_REPRESENTATION_CONTEXT(2) 
PARAMETRIC_REPRESENTATION_CONTEXT() REPRESENTATION_CONTEXT('2D SPACE',''
  ) );
#11049 = PCURVE('',#10980,#11050);
#11050 = DEFINITIONAL_REPRESENTATION('',(#11051),#11055);
#11051 = LINE('',#11052,#11053);
#11052 = CARTESIAN_POINT('',(-6.28318530718,0.));
#11053 = VECTOR('',#11054,1.);
#11054 = DIRECTION('',(-0.,-1.));
#11055 = ( GEOMETRIC_REPRESENTATION_CONTEXT(2) 
PARAMETRIC_REPRESENTATION_CONTEXT() REPRESENTATION_CONTEXT('2D SPACE',''
  ) );
#11056 = ORIENTED_EDGE('',*,*,#10963,.T.);
#11057 = ORIENTED_EDGE('',*,*,#11034,.F.);
#11058 = ORIENTED_EDGE('',*,*,#11059,.F.);
#11059 = EDGE_CURVE('',#11035,#11035,#11060,.T.);
#11060 = SURFACE_CURVE('',#11061,(#11066,#11073),.PCURVE_S1.);
#11061 = CIRCLE('',#11062,9.95);
#11062 = AXIS2_PLACEMENT_3D('',#11063,#11064,#11065);
#11063 = CARTESIAN_POINT('',(0.,0.,0.));
#11064 = DIRECTION('',(1.,0.,0.));
#11065 = DIRECTION('',(0.,1.,0.));
#11066 = PCURVE('',#10980,#11067);
#11067 = DEFINITIONAL_REPRESENTATION('',(#11068),#11072);
#11068 = LINE('',#11069,#11070);
#11069 = CARTESIAN_POINT('',(-0.,0.));
#11070 = VECTOR('',#11071,1.);
#11071 = DIRECTION('',(-1.,0.));
#11072 = ( GEOMETRIC_REPRESENTATION_CONTEXT(2) 
PARAMETRIC_REPRESENTATION_CONTEXT() REPRESENTATION_CONTEXT('2D SPACE',''
  ) );
#11073 = PCURVE('',#11074,#11079);
#11074 = PLANE('',#11075);
#11075 = AXIS2_PLACEMENT_3D('',#11076,#11077,#11078);
#11076 = CARTESIAN_POINT('',(0.,-2.748623381989E-16,1.435501546806E-16)
  );
#11077 = DIRECTION('',(1.,0.,0.));
#11078 = DIRECTION('',(-0.,0.,1.));
#11079 = DEFINITIONAL_REPRESENTATION('',(#11080),#11084);
#11080 = CIRCLE('',#11081,9.95);
#11081 = AXIS2_PLACEMENT_2D('',#11082,#11083);
#11082 = CARTESIAN_POINT('',(-1.435501546806E-16,-2.748623381989E-16));
#11083 = DIRECTION('',(0.,-1.));
#11084 = ( GEOMETRIC_REPRESENTATION_CONTEXT(2) 
PARAMETRIC_REPRESENTATION_CONTEXT() REPRESENTATION_CONTEXT('2D SPACE',''
  ) );
#11085 = ADVANCED_FACE('',(#11086),#11019,.F.);
#11086 = FACE_BOUND('',#11087,.T.);
#11087 = EDGE_LOOP('',(#11088,#11111,#11137,#11138));
#11088 = ORIENTED_EDGE('',*,*,#11089,.F.);
#11089 = EDGE_CURVE('',#11090,#10999,#11092,.T.);
#11090 = VERTEX_POINT('',#11091);
#11091 = CARTESIAN_POINT('',(0.,5.05,0.));
#11092 = SEAM_CURVE('',#11093,(#11097,#11104),.PCURVE_S1.);
#11093 = LINE('',#11094,#11095);
#11094 = CARTESIAN_POINT('',(-1.,5.05,0.));
#11095 = VECTOR('',#11096,1.);
#11096 = DIRECTION('',(1.,0.,0.));
#11097 = PCURVE('',#11019,#11098);
#11098 = DEFINITIONAL_REPRESENTATION('',(#11099),#11103);
#11099 = LINE('',#11100,#11101);
#11100 = CARTESIAN_POINT('',(-6.28318530718,0.));
#11101 = VECTOR('',#11102,1.);
#11102 = DIRECTION('',(-0.,-1.));
#11103 = ( GEOMETRIC_REPRESENTATION_CONTEXT(2) 
PARAMETRIC_REPRESENTATION_CONTEXT() REPRESENTATION_CONTEXT('2D SPACE',''
  ) );
#11104 = PCURVE('',#11019,#11105);
#11105 = DEFINITIONAL_REPRESENTATION('',(#11106),#11110);
#11106 = LINE('',#11107,#11108);
#11107 = CARTESIAN_POINT('',(-0.,0.));
#11108 = VECTOR('',#11109,1.);
#11109 = DIRECTION('',(-0.,-1.));
#11110 = ( GEOMETRIC_REPRESENTATION_CONTEXT(2) 
PARAMETRIC_REPRESENTATION_CONTEXT() REPRESENTATION_CONTEXT('2D SPACE',''
  ) );
#11111 = ORIENTED_EDGE('',*,*,#11112,.T.);
#11112 = EDGE_CURVE('',#11090,#11090,#11113,.T.);
#11113 = SURFACE_CURVE('',#11114,(#11119,#11126),.PCURVE_S1.);
#11114 = CIRCLE('',#11115,5.05);
#11115 = AXIS2_PLACEMENT_3D('',#11116,#11117,#11118);
#11116 = CARTESIAN_POINT('',(0.,0.,0.));
#11117 = DIRECTION('',(-1.,0.,0.));
#11118 = DIRECTION('',(0.,1.,0.));
#11119 = PCURVE('',#11019,#11120);
#11120 = DEFINITIONAL_REPRESENTATION('',(#11121),#11125);
#11121 = LINE('',#11122,#11123);
#11122 = CARTESIAN_POINT('',(-6.28318530718,-1.));
#11123 = VECTOR('',#11124,1.);
#11124 = DIRECTION('',(1.,-0.));
#11125 = ( GEOMETRIC_REPRESENTATION_CONTEXT(2) 
PARAMETRIC_REPRESENTATION_CONTEXT() REPRESENTATION_CONTEXT('2D SPACE',''
  ) );
#11126 = PCURVE('',#11074,#11127);
#11127 = DEFINITIONAL_REPRESENTATION('',(#11128),#11136);
#11128 = ( BOUNDED_CURVE() B_SPLINE_CURVE(2,(#11129,#11130,#11131,#11132
    ,#11133,#11134,#11135),.UNSPECIFIED.,.T.,.F.) 
B_SPLINE_CURVE_WITH_KNOTS((1,2,2,2,2,1),(-2.094395102393,0.,
    2.094395102393,4.188790204786,6.28318530718,8.377580409573),
.UNSPECIFIED.) CURVE() GEOMETRIC_REPRESENTATION_ITEM() 
RATIONAL_B_SPLINE_CURVE((1.,0.5,1.,0.5,1.,0.5,1.)) REPRESENTATION_ITEM(
  '') );
#11129 = CARTESIAN_POINT('',(-1.435501546806E-16,-5.05));
#11130 = CARTESIAN_POINT('',(-8.746856578223,-5.05));
#11131 = CARTESIAN_POINT('',(-4.373428289111,2.525));
#11132 = CARTESIAN_POINT('',(-1.380443421819E-15,10.1));
#11133 = CARTESIAN_POINT('',(4.373428289111,2.525));
#11134 = CARTESIAN_POINT('',(8.746856578223,-5.05));
#11135 = CARTESIAN_POINT('',(-1.435501546806E-16,-5.05));
#11136 = ( GEOMETRIC_REPRESENTATION_CONTEXT(2) 
PARAMETRIC_REPRESENTATION_CONTEXT() REPRESENTATION_CONTEXT('2D SPACE',''
  ) );
#11137 = ORIENTED_EDGE('',*,*,#11089,.T.);
#11138 = ORIENTED_EDGE('',*,*,#10998,.F.);
#11139 = ADVANCED_FACE('',(#11140,#11143),#11074,.F.);
#11140 = FACE_BOUND('',#11141,.F.);
#11141 = EDGE_LOOP('',(#11142));
#11142 = ORIENTED_EDGE('',*,*,#11059,.T.);
#11143 = FACE_BOUND('',#11144,.F.);
#11144 = EDGE_LOOP('',(#11145));
#11145 = ORIENTED_EDGE('',*,*,#11112,.T.);
#11146 = ( GEOMETRIC_REPRESENTATION_CONTEXT(3) 
GLOBAL_UNCERTAINTY_ASSIGNED_CONTEXT((#11150)) 
GLOBAL_UNIT_ASSIGNED_CONTEXT((#11147,#11148,#11149)) 
REPRESENTATION_CONTEXT('Context #1',
  '3D Context with UNIT and UNCERTAINTY') );
#11147 = ( LENGTH_UNIT() NAMED_UNIT(*) SI_UNIT(.MILLI.,.METRE.) );
#11148 = ( NAMED_UNIT(*) PLANE_ANGLE_UNIT() SI_UNIT($,.RADIAN.) );
#11149 = ( NAMED_UNIT(*) SI_UNIT($,.STERADIAN.) SOLID_ANGLE_UNIT() );
#11150 = UNCERTAINTY_MEASURE_WITH_UNIT(LENGTH_MEASURE(1.E-07),#11147,
  'distance_accuracy_value','confusion accuracy');
#11151 = CONTEXT_DEPENDENT_SHAPE_REPRESENTATION(#11152,#11154);
#11152 = ( REPRESENTATION_RELATIONSHIP('','',#9601,#10) 
REPRESENTATION_RELATIONSHIP_WITH_TRANSFORMATION(#11153) 
SHAPE_REPRESENTATION_RELATIONSHIP() );
#11153 = ITEM_DEFINED_TRANSFORMATION('','',#11,#19);
#11154 = PRODUCT_DEFINITION_SHAPE('Placement','Placement of an item',
  #11155);
#11155 = NEXT_ASSEMBLY_USAGE_OCCURRENCE('2','tapa_der','',#5,#9596,$);
#11156 = PRODUCT_RELATED_PRODUCT_CATEGORY('part',$,(#9598));
#11157 = SHAPE_DEFINITION_REPRESENTATION(#11158,#11164);
#11158 = PRODUCT_DEFINITION_SHAPE('','',#11159);
#11159 = PRODUCT_DEFINITION('design','',#11160,#11163);
#11160 = PRODUCT_DEFINITION_FORMATION('','',#11161);
#11161 = PRODUCT('tapa_izq','tapa_izq','',(#11162));
#11162 = PRODUCT_CONTEXT('',#2,'mechanical');
#11163 = PRODUCT_DEFINITION_CONTEXT('part definition',#2,'design');
#11164 = ADVANCED_BREP_SHAPE_REPRESENTATION('',(#11,#11165),#12709);
#11165 = MANIFOLD_SOLID_BREP('',#11166);
#11166 = CLOSED_SHELL('',(#11167,#11255,#11565,#11720,#11793,#11896,
    #11944,#12047,#12095,#12171,#12219,#12275,#12330,#12374,#12409,
    #12464,#12519,#12554,#12593,#12648,#12702));
#11167 = ADVANCED_FACE('',(#11168),#11182,.T.);
#11168 = FACE_BOUND('',#11169,.F.);
#11169 = EDGE_LOOP('',(#11170,#11200,#11227,#11228));
#11170 = ORIENTED_EDGE('',*,*,#11171,.T.);
#11171 = EDGE_CURVE('',#11172,#11174,#11176,.T.);
#11172 = VERTEX_POINT('',#11173);
#11173 = CARTESIAN_POINT('',(6.,25.,0.));
#11174 = VERTEX_POINT('',#11175);
#11175 = CARTESIAN_POINT('',(16.,25.,0.));
#11176 = SEAM_CURVE('',#11177,(#11181,#11193),.PCURVE_S1.);
#11177 = LINE('',#11178,#11179);
#11178 = CARTESIAN_POINT('',(6.,25.,0.));
#11179 = VECTOR('',#11180,1.);
#11180 = DIRECTION('',(1.,0.,0.));
#11181 = PCURVE('',#11182,#11187);
#11182 = CYLINDRICAL_SURFACE('',#11183,25.);
#11183 = AXIS2_PLACEMENT_3D('',#11184,#11185,#11186);
#11184 = CARTESIAN_POINT('',(6.,0.,0.));
#11185 = DIRECTION('',(-1.,-0.,-0.));
#11186 = DIRECTION('',(0.,1.,0.));
#11187 = DEFINITIONAL_REPRESENTATION('',(#11188),#11192);
#11188 = LINE('',#11189,#11190);
#11189 = CARTESIAN_POINT('',(-0.,0.));
#11190 = VECTOR('',#11191,1.);
#11191 = DIRECTION('',(-0.,-1.));
#11192 = ( GEOMETRIC_REPRESENTATION_CONTEXT(2) 
PARAMETRIC_REPRESENTATION_CONTEXT() REPRESENTATION_CONTEXT('2D SPACE',''
  ) );
#11193 = PCURVE('',#11182,#11194);
#11194 = DEFINITIONAL_REPRESENTATION('',(#11195),#11199);
#11195 = LINE('',#11196,#11197);
#11196 = CARTESIAN_POINT('',(-6.28318530718,0.));
#11197 = VECTOR('',#11198,1.);
#11198 = DIRECTION('',(-0.,-1.));
#11199 = ( GEOMETRIC_REPRESENTATION_CONTEXT(2) 
PARAMETRIC_REPRESENTATION_CONTEXT() REPRESENTATION_CONTEXT('2D SPACE',''
  ) );
#11200 = ORIENTED_EDGE('',*,*,#11201,.T.);
#11201 = EDGE_CURVE('',#11174,#11174,#11202,.T.);
#11202 = SURFACE_CURVE('',#11203,(#11208,#11215),.PCURVE_S1.);
#11203 = CIRCLE('',#11204,25.);
#11204 = AXIS2_PLACEMENT_3D('',#11205,#11206,#11207);
#11205 = CARTESIAN_POINT('',(16.,0.,0.));
#11206 = DIRECTION('',(1.,0.,0.));
#11207 = DIRECTION('',(0.,1.,0.));
#11208 = PCURVE('',#11182,#11209);
#11209 = DEFINITIONAL_REPRESENTATION('',(#11210),#11214);
#11210 = LINE('',#11211,#11212);
#11211 = CARTESIAN_POINT('',(-0.,-10.));
#11212 = VECTOR('',#11213,1.);
#11213 = DIRECTION('',(-1.,0.));
#11214 = ( GEOMETRIC_REPRESENTATION_CONTEXT(2) 
PARAMETRIC_REPRESENTATION_CONTEXT() REPRESENTATION_CONTEXT('2D SPACE',''
  ) );
#11215 = PCURVE('',#11216,#11221);
#11216 = PLANE('',#11217);
#11217 = AXIS2_PLACEMENT_3D('',#11218,#11219,#11220);
#11218 = CARTESIAN_POINT('',(16.,-8.751616848252E-16,1.604946055186E-15)
  );
#11219 = DIRECTION('',(1.,0.,0.));
#11220 = DIRECTION('',(-0.,0.,1.));
#11221 = DEFINITIONAL_REPRESENTATION('',(#11222),#11226);
#11222 = CIRCLE('',#11223,25.);
#11223 = AXIS2_PLACEMENT_2D('',#11224,#11225);
#11224 = CARTESIAN_POINT('',(-1.604946055186E-15,-8.751616848252E-16));
#11225 = DIRECTION('',(0.,-1.));
#11226 = ( GEOMETRIC_REPRESENTATION_CONTEXT(2) 
PARAMETRIC_REPRESENTATION_CONTEXT() REPRESENTATION_CONTEXT('2D SPACE',''
  ) );
#11227 = ORIENTED_EDGE('',*,*,#11171,.F.);
#11228 = ORIENTED_EDGE('',*,*,#11229,.F.);
#11229 = EDGE_CURVE('',#11172,#11172,#11230,.T.);
#11230 = SURFACE_CURVE('',#11231,(#11236,#11243),.PCURVE_S1.);
#11231 = CIRCLE('',#11232,25.);
#11232 = AXIS2_PLACEMENT_3D('',#11233,#11234,#11235);
#11233 = CARTESIAN_POINT('',(6.,0.,0.));
#11234 = DIRECTION('',(1.,0.,0.));
#11235 = DIRECTION('',(0.,1.,0.));
#11236 = PCURVE('',#11182,#11237);
#11237 = DEFINITIONAL_REPRESENTATION('',(#11238),#11242);
#11238 = LINE('',#11239,#11240);
#11239 = CARTESIAN_POINT('',(-0.,0.));
#11240 = VECTOR('',#11241,1.);
#11241 = DIRECTION('',(-1.,0.));
#11242 = ( GEOMETRIC_REPRESENTATION_CONTEXT(2) 
PARAMETRIC_REPRESENTATION_CONTEXT() REPRESENTATION_CONTEXT('2D SPACE',''
  ) );
#11243 = PCURVE('',#11244,#11249);
#11244 = PLANE('',#11245);
#11245 = AXIS2_PLACEMENT_3D('',#11246,#11247,#11248);
#11246 = CARTESIAN_POINT('',(6.,-8.751616848252E-16,1.604946055186E-15)
  );
#11247 = DIRECTION('',(1.,0.,0.));
#11248 = DIRECTION('',(-0.,0.,1.));
#11249 = DEFINITIONAL_REPRESENTATION('',(#11250),#11254);
#11250 = CIRCLE('',#11251,25.);
#11251 = AXIS2_PLACEMENT_2D('',#11252,#11253);
#11252 = CARTESIAN_POINT('',(-1.604946055186E-15,-8.751616848252E-16));
#11253 = DIRECTION('',(0.,-1.));
#11254 = ( GEOMETRIC_REPRESENTATION_CONTEXT(2) 
PARAMETRIC_REPRESENTATION_CONTEXT() REPRESENTATION_CONTEXT('2D SPACE',''
  ) );
#11255 = ADVANCED_FACE('',(#11256,#11259),#11244,.F.);
#11256 = FACE_BOUND('',#11257,.F.);
#11257 = EDGE_LOOP('',(#11258));
#11258 = ORIENTED_EDGE('',*,*,#11229,.T.);
#11259 = FACE_BOUND('',#11260,.F.);
#11260 = EDGE_LOOP('',(#11261,#11292,#11325,#11353,#11382,#11415,#11443,
    #11472,#11505,#11534));
#11261 = ORIENTED_EDGE('',*,*,#11262,.F.);
#11262 = EDGE_CURVE('',#11263,#11265,#11267,.T.);
#11263 = VERTEX_POINT('',#11264);
#11264 = CARTESIAN_POINT('',(6.,10.935793606301,14.673050746194));
#11265 = VERTEX_POINT('',#11266);
#11266 = CARTESIAN_POINT('',(6.,-10.9357936063,14.673050746194));
#11267 = SURFACE_CURVE('',#11268,(#11273,#11280),.PCURVE_S1.);
#11268 = CIRCLE('',#11269,18.3);
#11269 = AXIS2_PLACEMENT_3D('',#11270,#11271,#11272);
#11270 = CARTESIAN_POINT('',(6.,0.,0.));
#11271 = DIRECTION('',(1.,0.,-0.));
#11272 = DIRECTION('',(0.,0.597584350071,0.801806051705));
#11273 = PCURVE('',#11244,#11274);
#11274 = DEFINITIONAL_REPRESENTATION('',(#11275),#11279);
#11275 = CIRCLE('',#11276,18.3);
#11276 = AXIS2_PLACEMENT_2D('',#11277,#11278);
#11277 = CARTESIAN_POINT('',(-1.604946055186E-15,-8.751616848252E-16));
#11278 = DIRECTION('',(0.801806051705,-0.597584350071));
#11279 = ( GEOMETRIC_REPRESENTATION_CONTEXT(2) 
PARAMETRIC_REPRESENTATION_CONTEXT() REPRESENTATION_CONTEXT('2D SPACE',''
  ) );
#11280 = PCURVE('',#11281,#11286);
#11281 = CYLINDRICAL_SURFACE('',#11282,18.3);
#11282 = AXIS2_PLACEMENT_3D('',#11283,#11284,#11285);
#11283 = CARTESIAN_POINT('',(6.,0.,0.));
#11284 = DIRECTION('',(-1.,-0.,-0.));
#11285 = DIRECTION('',(0.,1.,0.));
#11286 = DEFINITIONAL_REPRESENTATION('',(#11287),#11291);
#11287 = LINE('',#11288,#11289);
#11288 = CARTESIAN_POINT('',(-0.930311373541,0.));
#11289 = VECTOR('',#11290,1.);
#11290 = DIRECTION('',(-1.,0.));
#11291 = ( GEOMETRIC_REPRESENTATION_CONTEXT(2) 
PARAMETRIC_REPRESENTATION_CONTEXT() REPRESENTATION_CONTEXT('2D SPACE',''
  ) );
#11292 = ORIENTED_EDGE('',*,*,#11293,.T.);
#11293 = EDGE_CURVE('',#11263,#11294,#11296,.T.);
#11294 = VERTEX_POINT('',#11295);
#11295 = CARTESIAN_POINT('',(6.,17.392135623731,14.142135623731));
#11296 = SURFACE_CURVE('',#11297,(#11302,#11313),.PCURVE_S1.);
#11297 = CIRCLE('',#11298,3.25);
#11298 = AXIS2_PLACEMENT_3D('',#11299,#11300,#11301);
#11299 = CARTESIAN_POINT('',(6.,14.142135623731,14.142135623731));
#11300 = DIRECTION('',(-1.,0.,0.));
#11301 = DIRECTION('',(0.,1.,0.));
#11302 = PCURVE('',#11244,#11303);
#11303 = DEFINITIONAL_REPRESENTATION('',(#11304),#11312);
#11304 = ( BOUNDED_CURVE() B_SPLINE_CURVE(2,(#11305,#11306,#11307,#11308
    ,#11309,#11310,#11311),.UNSPECIFIED.,.T.,.F.) 
B_SPLINE_CURVE_WITH_KNOTS((1,2,2,2,2,1),(-2.094395102393,0.,
    2.094395102393,4.188790204786,6.28318530718,8.377580409573),
.UNSPECIFIED.) CURVE() GEOMETRIC_REPRESENTATION_ITEM() 
RATIONAL_B_SPLINE_CURVE((1.,0.5,1.,0.5,1.,0.5,1.)) REPRESENTATION_ITEM(
  '') );
#11305 = CARTESIAN_POINT('',(14.142135623731,-17.39213562373));
#11306 = CARTESIAN_POINT('',(8.512970499132,-17.39213562373));
#11307 = CARTESIAN_POINT('',(11.327553061432,-12.51713562373));
#11308 = CARTESIAN_POINT('',(14.142135623731,-7.642135623731));
#11309 = CARTESIAN_POINT('',(16.95671818603,-12.51713562373));
#11310 = CARTESIAN_POINT('',(19.77130074833,-17.39213562373));
#11311 = CARTESIAN_POINT('',(14.142135623731,-17.39213562373));
#11312 = ( GEOMETRIC_REPRESENTATION_CONTEXT(2) 
PARAMETRIC_REPRESENTATION_CONTEXT() REPRESENTATION_CONTEXT('2D SPACE',''
  ) );
#11313 = PCURVE('',#11314,#11319);
#11314 = CYLINDRICAL_SURFACE('',#11315,3.25);
#11315 = AXIS2_PLACEMENT_3D('',#11316,#11317,#11318);
#11316 = CARTESIAN_POINT('',(5.,14.142135623731,14.142135623731));
#11317 = DIRECTION('',(-1.,-0.,-0.));
#11318 = DIRECTION('',(0.,1.,0.));
#11319 = DEFINITIONAL_REPRESENTATION('',(#11320),#11324);
#11320 = LINE('',#11321,#11322);
#11321 = CARTESIAN_POINT('',(-6.28318530718,-1.));
#11322 = VECTOR('',#11323,1.);
#11323 = DIRECTION('',(1.,-0.));
#11324 = ( GEOMETRIC_REPRESENTATION_CONTEXT(2) 
PARAMETRIC_REPRESENTATION_CONTEXT() REPRESENTATION_CONTEXT('2D SPACE',''
  ) );
#11325 = ORIENTED_EDGE('',*,*,#11326,.T.);
#11326 = EDGE_CURVE('',#11294,#11327,#11329,.T.);
#11327 = VERTEX_POINT('',#11328);
#11328 = CARTESIAN_POINT('',(6.,14.673050746194,10.935793606301));
#11329 = SURFACE_CURVE('',#11330,(#11335,#11346),.PCURVE_S1.);
#11330 = CIRCLE('',#11331,3.25);
#11331 = AXIS2_PLACEMENT_3D('',#11332,#11333,#11334);
#11332 = CARTESIAN_POINT('',(6.,14.142135623731,14.142135623731));
#11333 = DIRECTION('',(-1.,0.,0.));
#11334 = DIRECTION('',(0.,1.,0.));
#11335 = PCURVE('',#11244,#11336);
#11336 = DEFINITIONAL_REPRESENTATION('',(#11337),#11345);
#11337 = ( BOUNDED_CURVE() B_SPLINE_CURVE(2,(#11338,#11339,#11340,#11341
    ,#11342,#11343,#11344),.UNSPECIFIED.,.T.,.F.) 
B_SPLINE_CURVE_WITH_KNOTS((1,2,2,2,2,1),(-2.094395102393,0.,
    2.094395102393,4.188790204786,6.28318530718,8.377580409573),
.UNSPECIFIED.) CURVE() GEOMETRIC_REPRESENTATION_ITEM() 
RATIONAL_B_SPLINE_CURVE((1.,0.5,1.,0.5,1.,0.5,1.)) REPRESENTATION_ITEM(
  '') );
#11338 = CARTESIAN_POINT('',(14.142135623731,-17.39213562373));
#11339 = CARTESIAN_POINT('',(8.512970499132,-17.39213562373));
#11340 = CARTESIAN_POINT('',(11.327553061432,-12.51713562373));
#11341 = CARTESIAN_POINT('',(14.142135623731,-7.642135623731));
#11342 = CARTESIAN_POINT('',(16.95671818603,-12.51713562373));
#11343 = CARTESIAN_POINT('',(19.77130074833,-17.39213562373));
#11344 = CARTESIAN_POINT('',(14.142135623731,-17.39213562373));
#11345 = ( GEOMETRIC_REPRESENTATION_CONTEXT(2) 
PARAMETRIC_REPRESENTATION_CONTEXT() REPRESENTATION_CONTEXT('2D SPACE',''
  ) );
#11346 = PCURVE('',#11314,#11347);
#11347 = DEFINITIONAL_REPRESENTATION('',(#11348),#11352);
#11348 = LINE('',#11349,#11350);
#11349 = CARTESIAN_POINT('',(-6.28318530718,-1.));
#11350 = VECTOR('',#11351,1.);
#11351 = DIRECTION('',(1.,-0.));
#11352 = ( GEOMETRIC_REPRESENTATION_CONTEXT(2) 
PARAMETRIC_REPRESENTATION_CONTEXT() REPRESENTATION_CONTEXT('2D SPACE',''
  ) );
#11353 = ORIENTED_EDGE('',*,*,#11354,.F.);
#11354 = EDGE_CURVE('',#11355,#11327,#11357,.T.);
#11355 = VERTEX_POINT('',#11356);
#11356 = CARTESIAN_POINT('',(6.,14.673050746194,-10.9357936063));
#11357 = SURFACE_CURVE('',#11358,(#11363,#11370),.PCURVE_S1.);
#11358 = CIRCLE('',#11359,18.3);
#11359 = AXIS2_PLACEMENT_3D('',#11360,#11361,#11362);
#11360 = CARTESIAN_POINT('',(6.,0.,0.));
#11361 = DIRECTION('',(1.,0.,-0.));
#11362 = DIRECTION('',(0.,0.597584350071,0.801806051705));
#11363 = PCURVE('',#11244,#11364);
#11364 = DEFINITIONAL_REPRESENTATION('',(#11365),#11369);
#11365 = CIRCLE('',#11366,18.3);
#11366 = AXIS2_PLACEMENT_2D('',#11367,#11368);
#11367 = CARTESIAN_POINT('',(-1.604946055186E-15,-8.751616848252E-16));
#11368 = DIRECTION('',(0.801806051705,-0.597584350071));
#11369 = ( GEOMETRIC_REPRESENTATION_CONTEXT(2) 
PARAMETRIC_REPRESENTATION_CONTEXT() REPRESENTATION_CONTEXT('2D SPACE',''
  ) );
#11370 = PCURVE('',#11371,#11376);
#11371 = CYLINDRICAL_SURFACE('',#11372,18.3);
#11372 = AXIS2_PLACEMENT_3D('',#11373,#11374,#11375);
#11373 = CARTESIAN_POINT('',(6.,0.,0.));
#11374 = DIRECTION('',(-1.,-0.,-0.));
#11375 = DIRECTION('',(0.,1.,0.));
#11376 = DEFINITIONAL_REPRESENTATION('',(#11377),#11381);
#11377 = LINE('',#11378,#11379);
#11378 = CARTESIAN_POINT('',(-0.930311373541,0.));
#11379 = VECTOR('',#11380,1.);
#11380 = DIRECTION('',(-1.,0.));
#11381 = ( GEOMETRIC_REPRESENTATION_CONTEXT(2) 
PARAMETRIC_REPRESENTATION_CONTEXT() REPRESENTATION_CONTEXT('2D SPACE',''
  ) );
#11382 = ORIENTED_EDGE('',*,*,#11383,.T.);
#11383 = EDGE_CURVE('',#11355,#11384,#11386,.T.);
#11384 = VERTEX_POINT('',#11385);
#11385 = CARTESIAN_POINT('',(6.,17.392135623731,-14.14213562373));
#11386 = SURFACE_CURVE('',#11387,(#11392,#11403),.PCURVE_S1.);
#11387 = CIRCLE('',#11388,3.25);
#11388 = AXIS2_PLACEMENT_3D('',#11389,#11390,#11391);
#11389 = CARTESIAN_POINT('',(6.,14.142135623731,-14.14213562373));
#11390 = DIRECTION('',(-1.,0.,0.));
#11391 = DIRECTION('',(0.,1.,0.));
#11392 = PCURVE('',#11244,#11393);
#11393 = DEFINITIONAL_REPRESENTATION('',(#11394),#11402);
#11394 = ( BOUNDED_CURVE() B_SPLINE_CURVE(2,(#11395,#11396,#11397,#11398
    ,#11399,#11400,#11401),.UNSPECIFIED.,.T.,.F.) 
B_SPLINE_CURVE_WITH_KNOTS((1,2,2,2,2,1),(-2.094395102393,0.,
    2.094395102393,4.188790204786,6.28318530718,8.377580409573),
.UNSPECIFIED.) CURVE() GEOMETRIC_REPRESENTATION_ITEM() 
RATIONAL_B_SPLINE_CURVE((1.,0.5,1.,0.5,1.,0.5,1.)) REPRESENTATION_ITEM(
  '') );
#11395 = CARTESIAN_POINT('',(-14.14213562373,-17.39213562373));
#11396 = CARTESIAN_POINT('',(-19.77130074833,-17.39213562373));
#11397 = CARTESIAN_POINT('',(-16.95671818603,-12.51713562373));
#11398 = CARTESIAN_POINT('',(-14.14213562373,-7.642135623731));
#11399 = CARTESIAN_POINT('',(-11.32755306143,-12.51713562373));
#11400 = CARTESIAN_POINT('',(-8.512970499132,-17.39213562373));
#11401 = CARTESIAN_POINT('',(-14.14213562373,-17.39213562373));
#11402 = ( GEOMETRIC_REPRESENTATION_CONTEXT(2) 
PARAMETRIC_REPRESENTATION_CONTEXT() REPRESENTATION_CONTEXT('2D SPACE',''
  ) );
#11403 = PCURVE('',#11404,#11409);
#11404 = CYLINDRICAL_SURFACE('',#11405,3.25);
#11405 = AXIS2_PLACEMENT_3D('',#11406,#11407,#11408);
#11406 = CARTESIAN_POINT('',(5.,14.142135623731,-14.14213562373));
#11407 = DIRECTION('',(-1.,-0.,-0.));
#11408 = DIRECTION('',(0.,1.,0.));
#11409 = DEFINITIONAL_REPRESENTATION('',(#11410),#11414);
#11410 = LINE('',#11411,#11412);
#11411 = CARTESIAN_POINT('',(-6.28318530718,-1.));
#11412 = VECTOR('',#11413,1.);
#11413 = DIRECTION('',(1.,-0.));
#11414 = ( GEOMETRIC_REPRESENTATION_CONTEXT(2) 
PARAMETRIC_REPRESENTATION_CONTEXT() REPRESENTATION_CONTEXT('2D SPACE',''
  ) );
#11415 = ORIENTED_EDGE('',*,*,#11416,.T.);
#11416 = EDGE_CURVE('',#11384,#11417,#11419,.T.);
#11417 = VERTEX_POINT('',#11418);
#11418 = CARTESIAN_POINT('',(6.,10.935793606301,-14.67305074619));
#11419 = SURFACE_CURVE('',#11420,(#11425,#11436),.PCURVE_S1.);
#11420 = CIRCLE('',#11421,3.25);
#11421 = AXIS2_PLACEMENT_3D('',#11422,#11423,#11424);
#11422 = CARTESIAN_POINT('',(6.,14.142135623731,-14.14213562373));
#11423 = DIRECTION('',(-1.,0.,0.));
#11424 = DIRECTION('',(0.,1.,0.));
#11425 = PCURVE('',#11244,#11426);
#11426 = DEFINITIONAL_REPRESENTATION('',(#11427),#11435);
#11427 = ( BOUNDED_CURVE() B_SPLINE_CURVE(2,(#11428,#11429,#11430,#11431
    ,#11432,#11433,#11434),.UNSPECIFIED.,.T.,.F.) 
B_SPLINE_CURVE_WITH_KNOTS((1,2,2,2,2,1),(-2.094395102393,0.,
    2.094395102393,4.188790204786,6.28318530718,8.377580409573),
.UNSPECIFIED.) CURVE() GEOMETRIC_REPRESENTATION_ITEM() 
RATIONAL_B_SPLINE_CURVE((1.,0.5,1.,0.5,1.,0.5,1.)) REPRESENTATION_ITEM(
  '') );
#11428 = CARTESIAN_POINT('',(-14.14213562373,-17.39213562373));
#11429 = CARTESIAN_POINT('',(-19.77130074833,-17.39213562373));
#11430 = CARTESIAN_POINT('',(-16.95671818603,-12.51713562373));
#11431 = CARTESIAN_POINT('',(-14.14213562373,-7.642135623731));
#11432 = CARTESIAN_POINT('',(-11.32755306143,-12.51713562373));
#11433 = CARTESIAN_POINT('',(-8.512970499132,-17.39213562373));
#11434 = CARTESIAN_POINT('',(-14.14213562373,-17.39213562373));
#11435 = ( GEOMETRIC_REPRESENTATION_CONTEXT(2) 
PARAMETRIC_REPRESENTATION_CONTEXT() REPRESENTATION_CONTEXT('2D SPACE',''
  ) );
#11436 = PCURVE('',#11404,#11437);
#11437 = DEFINITIONAL_REPRESENTATION('',(#11438),#11442);
#11438 = LINE('',#11439,#11440);
#11439 = CARTESIAN_POINT('',(-6.28318530718,-1.));
#11440 = VECTOR('',#11441,1.);
#11441 = DIRECTION('',(1.,-0.));
#11442 = ( GEOMETRIC_REPRESENTATION_CONTEXT(2) 
PARAMETRIC_REPRESENTATION_CONTEXT() REPRESENTATION_CONTEXT('2D SPACE',''
  ) );
#11443 = ORIENTED_EDGE('',*,*,#11444,.F.);
#11444 = EDGE_CURVE('',#11445,#11417,#11447,.T.);
#11445 = VERTEX_POINT('',#11446);
#11446 = CARTESIAN_POINT('',(6.,-10.9357936063,-14.67305074619));
#11447 = SURFACE_CURVE('',#11448,(#11453,#11460),.PCURVE_S1.);
#11448 = CIRCLE('',#11449,18.3);
#11449 = AXIS2_PLACEMENT_3D('',#11450,#11451,#11452);
#11450 = CARTESIAN_POINT('',(6.,0.,0.));
#11451 = DIRECTION('',(1.,0.,-0.));
#11452 = DIRECTION('',(0.,0.597584350071,0.801806051705));
#11453 = PCURVE('',#11244,#11454);
#11454 = DEFINITIONAL_REPRESENTATION('',(#11455),#11459);
#11455 = CIRCLE('',#11456,18.3);
#11456 = AXIS2_PLACEMENT_2D('',#11457,#11458);
#11457 = CARTESIAN_POINT('',(-1.604946055186E-15,-8.751616848252E-16));
#11458 = DIRECTION('',(0.801806051705,-0.597584350071));
#11459 = ( GEOMETRIC_REPRESENTATION_CONTEXT(2) 
PARAMETRIC_REPRESENTATION_CONTEXT() REPRESENTATION_CONTEXT('2D SPACE',''
  ) );
#11460 = PCURVE('',#11461,#11466);
#11461 = CYLINDRICAL_SURFACE('',#11462,18.3);
#11462 = AXIS2_PLACEMENT_3D('',#11463,#11464,#11465);
#11463 = CARTESIAN_POINT('',(6.,0.,0.));
#11464 = DIRECTION('',(-1.,-0.,-0.));
#11465 = DIRECTION('',(0.,1.,0.));
#11466 = DEFINITIONAL_REPRESENTATION('',(#11467),#11471);
#11467 = LINE('',#11468,#11469);
#11468 = CARTESIAN_POINT('',(-0.930311373541,0.));
#11469 = VECTOR('',#11470,1.);
#11470 = DIRECTION('',(-1.,0.));
#11471 = ( GEOMETRIC_REPRESENTATION_CONTEXT(2) 
PARAMETRIC_REPRESENTATION_CONTEXT() REPRESENTATION_CONTEXT('2D SPACE',''
  ) );
#11472 = ORIENTED_EDGE('',*,*,#11473,.T.);
#11473 = EDGE_CURVE('',#11445,#11474,#11476,.T.);
#11474 = VERTEX_POINT('',#11475);
#11475 = CARTESIAN_POINT('',(6.,-14.67305074619,-10.9357936063));
#11476 = SURFACE_CURVE('',#11477,(#11482,#11493),.PCURVE_S1.);
#11477 = CIRCLE('',#11478,3.25);
#11478 = AXIS2_PLACEMENT_3D('',#11479,#11480,#11481);
#11479 = CARTESIAN_POINT('',(6.,-14.14213562373,-14.14213562373));
#11480 = DIRECTION('',(-1.,0.,0.));
#11481 = DIRECTION('',(0.,1.,0.));
#11482 = PCURVE('',#11244,#11483);
#11483 = DEFINITIONAL_REPRESENTATION('',(#11484),#11492);
#11484 = ( BOUNDED_CURVE() B_SPLINE_CURVE(2,(#11485,#11486,#11487,#11488
    ,#11489,#11490,#11491),.UNSPECIFIED.,.T.,.F.) 
B_SPLINE_CURVE_WITH_KNOTS((1,2,2,2,2,1),(-2.094395102393,0.,
    2.094395102393,4.188790204786,6.28318530718,8.377580409573),
.UNSPECIFIED.) CURVE() GEOMETRIC_REPRESENTATION_ITEM() 
RATIONAL_B_SPLINE_CURVE((1.,0.5,1.,0.5,1.,0.5,1.)) REPRESENTATION_ITEM(
  '') );
#11485 = CARTESIAN_POINT('',(-14.14213562373,10.892135623731));
#11486 = CARTESIAN_POINT('',(-19.77130074833,10.892135623731));
#11487 = CARTESIAN_POINT('',(-16.95671818603,15.767135623731));
#11488 = CARTESIAN_POINT('',(-14.14213562373,20.642135623731));
#11489 = CARTESIAN_POINT('',(-11.32755306143,15.767135623731));
#11490 = CARTESIAN_POINT('',(-8.512970499132,10.892135623731));
#11491 = CARTESIAN_POINT('',(-14.14213562373,10.892135623731));
#11492 = ( GEOMETRIC_REPRESENTATION_CONTEXT(2) 
PARAMETRIC_REPRESENTATION_CONTEXT() REPRESENTATION_CONTEXT('2D SPACE',''
  ) );
#11493 = PCURVE('',#11494,#11499);
#11494 = CYLINDRICAL_SURFACE('',#11495,3.25);
#11495 = AXIS2_PLACEMENT_3D('',#11496,#11497,#11498);
#11496 = CARTESIAN_POINT('',(5.,-14.14213562373,-14.14213562373));
#11497 = DIRECTION('',(-1.,-0.,-0.));
#11498 = DIRECTION('',(0.,1.,0.));
#11499 = DEFINITIONAL_REPRESENTATION('',(#11500),#11504);
#11500 = LINE('',#11501,#11502);
#11501 = CARTESIAN_POINT('',(-6.28318530718,-1.));
#11502 = VECTOR('',#11503,1.);
#11503 = DIRECTION('',(1.,-0.));
#11504 = ( GEOMETRIC_REPRESENTATION_CONTEXT(2) 
PARAMETRIC_REPRESENTATION_CONTEXT() REPRESENTATION_CONTEXT('2D SPACE',''
  ) );
#11505 = ORIENTED_EDGE('',*,*,#11506,.F.);
#11506 = EDGE_CURVE('',#11507,#11474,#11509,.T.);
#11507 = VERTEX_POINT('',#11508);
#11508 = CARTESIAN_POINT('',(6.,-14.67305074619,10.935793606301));
#11509 = SURFACE_CURVE('',#11510,(#11515,#11522),.PCURVE_S1.);
#11510 = CIRCLE('',#11511,18.3);
#11511 = AXIS2_PLACEMENT_3D('',#11512,#11513,#11514);
#11512 = CARTESIAN_POINT('',(6.,0.,0.));
#11513 = DIRECTION('',(1.,0.,-0.));
#11514 = DIRECTION('',(0.,0.597584350071,0.801806051705));
#11515 = PCURVE('',#11244,#11516);
#11516 = DEFINITIONAL_REPRESENTATION('',(#11517),#11521);
#11517 = CIRCLE('',#11518,18.3);
#11518 = AXIS2_PLACEMENT_2D('',#11519,#11520);
#11519 = CARTESIAN_POINT('',(-1.604946055186E-15,-8.751616848252E-16));
#11520 = DIRECTION('',(0.801806051705,-0.597584350071));
#11521 = ( GEOMETRIC_REPRESENTATION_CONTEXT(2) 
PARAMETRIC_REPRESENTATION_CONTEXT() REPRESENTATION_CONTEXT('2D SPACE',''
  ) );
#11522 = PCURVE('',#11523,#11528);
#11523 = CYLINDRICAL_SURFACE('',#11524,18.3);
#11524 = AXIS2_PLACEMENT_3D('',#11525,#11526,#11527);
#11525 = CARTESIAN_POINT('',(6.,0.,0.));
#11526 = DIRECTION('',(-1.,-0.,-0.));
#11527 = DIRECTION('',(0.,1.,0.));
#11528 = DEFINITIONAL_REPRESENTATION('',(#11529),#11533);
#11529 = LINE('',#11530,#11531);
#11530 = CARTESIAN_POINT('',(-0.930311373541,0.));
#11531 = VECTOR('',#11532,1.);
#11532 = DIRECTION('',(-1.,0.));
#11533 = ( GEOMETRIC_REPRESENTATION_CONTEXT(2) 
PARAMETRIC_REPRESENTATION_CONTEXT() REPRESENTATION_CONTEXT('2D SPACE',''
  ) );
#11534 = ORIENTED_EDGE('',*,*,#11535,.T.);
#11535 = EDGE_CURVE('',#11507,#11265,#11536,.T.);
#11536 = SURFACE_CURVE('',#11537,(#11542,#11553),.PCURVE_S1.);
#11537 = CIRCLE('',#11538,3.25);
#11538 = AXIS2_PLACEMENT_3D('',#11539,#11540,#11541);
#11539 = CARTESIAN_POINT('',(6.,-14.14213562373,14.142135623731));
#11540 = DIRECTION('',(-1.,0.,0.));
#11541 = DIRECTION('',(0.,1.,0.));
#11542 = PCURVE('',#11244,#11543);
#11543 = DEFINITIONAL_REPRESENTATION('',(#11544),#11552);
#11544 = ( BOUNDED_CURVE() B_SPLINE_CURVE(2,(#11545,#11546,#11547,#11548
    ,#11549,#11550,#11551),.UNSPECIFIED.,.T.,.F.) 
B_SPLINE_CURVE_WITH_KNOTS((1,2,2,2,2,1),(-2.094395102393,0.,
    2.094395102393,4.188790204786,6.28318530718,8.377580409573),
.UNSPECIFIED.) CURVE() GEOMETRIC_REPRESENTATION_ITEM() 
RATIONAL_B_SPLINE_CURVE((1.,0.5,1.,0.5,1.,0.5,1.)) REPRESENTATION_ITEM(
  '') );
#11545 = CARTESIAN_POINT('',(14.142135623731,10.892135623731));
#11546 = CARTESIAN_POINT('',(8.512970499132,10.892135623731));
#11547 = CARTESIAN_POINT('',(11.327553061432,15.767135623731));
#11548 = CARTESIAN_POINT('',(14.142135623731,20.642135623731));
#11549 = CARTESIAN_POINT('',(16.95671818603,15.767135623731));
#11550 = CARTESIAN_POINT('',(19.77130074833,10.892135623731));
#11551 = CARTESIAN_POINT('',(14.142135623731,10.892135623731));
#11552 = ( GEOMETRIC_REPRESENTATION_CONTEXT(2) 
PARAMETRIC_REPRESENTATION_CONTEXT() REPRESENTATION_CONTEXT('2D SPACE',''
  ) );
#11553 = PCURVE('',#11554,#11559);
#11554 = CYLINDRICAL_SURFACE('',#11555,3.25);
#11555 = AXIS2_PLACEMENT_3D('',#11556,#11557,#11558);
#11556 = CARTESIAN_POINT('',(5.,-14.14213562373,14.142135623731));
#11557 = DIRECTION('',(-1.,-0.,-0.));
#11558 = DIRECTION('',(0.,1.,0.));
#11559 = DEFINITIONAL_REPRESENTATION('',(#11560),#11564);
#11560 = LINE('',#11561,#11562);
#11561 = CARTESIAN_POINT('',(-6.28318530718,-1.));
#11562 = VECTOR('',#11563,1.);
#11563 = DIRECTION('',(1.,-0.));
#11564 = ( GEOMETRIC_REPRESENTATION_CONTEXT(2) 
PARAMETRIC_REPRESENTATION_CONTEXT() REPRESENTATION_CONTEXT('2D SPACE',''
  ) );
#11565 = ADVANCED_FACE('',(#11566,#11569,#11599,#11629,#11659,#11690),
  #11216,.T.);
#11566 = FACE_BOUND('',#11567,.T.);
#11567 = EDGE_LOOP('',(#11568));
#11568 = ORIENTED_EDGE('',*,*,#11201,.T.);
#11569 = FACE_BOUND('',#11570,.T.);
#11570 = EDGE_LOOP('',(#11571));
#11571 = ORIENTED_EDGE('',*,*,#11572,.T.);
#11572 = EDGE_CURVE('',#11573,#11573,#11575,.T.);
#11573 = VERTEX_POINT('',#11574);
#11574 = CARTESIAN_POINT('',(16.,17.392135623731,-14.14213562373));
#11575 = SURFACE_CURVE('',#11576,(#11581,#11592),.PCURVE_S1.);
#11576 = CIRCLE('',#11577,3.25);
#11577 = AXIS2_PLACEMENT_3D('',#11578,#11579,#11580);
#11578 = CARTESIAN_POINT('',(16.,14.142135623731,-14.14213562373));
#11579 = DIRECTION('',(-1.,0.,0.));
#11580 = DIRECTION('',(0.,1.,0.));
#11581 = PCURVE('',#11216,#11582);
#11582 = DEFINITIONAL_REPRESENTATION('',(#11583),#11591);
#11583 = ( BOUNDED_CURVE() B_SPLINE_CURVE(2,(#11584,#11585,#11586,#11587
    ,#11588,#11589,#11590),.UNSPECIFIED.,.T.,.F.) 
B_SPLINE_CURVE_WITH_KNOTS((1,2,2,2,2,1),(-2.094395102393,0.,
    2.094395102393,4.188790204786,6.28318530718,8.377580409573),
.UNSPECIFIED.) CURVE() GEOMETRIC_REPRESENTATION_ITEM() 
RATIONAL_B_SPLINE_CURVE((1.,0.5,1.,0.5,1.,0.5,1.)) REPRESENTATION_ITEM(
  '') );
#11584 = CARTESIAN_POINT('',(-14.14213562373,-17.39213562373));
#11585 = CARTESIAN_POINT('',(-19.77130074833,-17.39213562373));
#11586 = CARTESIAN_POINT('',(-16.95671818603,-12.51713562373));
#11587 = CARTESIAN_POINT('',(-14.14213562373,-7.642135623731));
#11588 = CARTESIAN_POINT('',(-11.32755306143,-12.51713562373));
#11589 = CARTESIAN_POINT('',(-8.512970499132,-17.39213562373));
#11590 = CARTESIAN_POINT('',(-14.14213562373,-17.39213562373));
#11591 = ( GEOMETRIC_REPRESENTATION_CONTEXT(2) 
PARAMETRIC_REPRESENTATION_CONTEXT() REPRESENTATION_CONTEXT('2D SPACE',''
  ) );
#11592 = PCURVE('',#11404,#11593);
#11593 = DEFINITIONAL_REPRESENTATION('',(#11594),#11598);
#11594 = LINE('',#11595,#11596);
#11595 = CARTESIAN_POINT('',(-6.28318530718,-11.));
#11596 = VECTOR('',#11597,1.);
#11597 = DIRECTION('',(1.,-0.));
#11598 = ( GEOMETRIC_REPRESENTATION_CONTEXT(2) 
PARAMETRIC_REPRESENTATION_CONTEXT() REPRESENTATION_CONTEXT('2D SPACE',''
  ) );
#11599 = FACE_BOUND('',#11600,.T.);
#11600 = EDGE_LOOP('',(#11601));
#11601 = ORIENTED_EDGE('',*,*,#11602,.T.);
#11602 = EDGE_CURVE('',#11603,#11603,#11605,.T.);
#11603 = VERTEX_POINT('',#11604);
#11604 = CARTESIAN_POINT('',(16.,17.392135623731,14.142135623731));
#11605 = SURFACE_CURVE('',#11606,(#11611,#11622),.PCURVE_S1.);
#11606 = CIRCLE('',#11607,3.25);
#11607 = AXIS2_PLACEMENT_3D('',#11608,#11609,#11610);
#11608 = CARTESIAN_POINT('',(16.,14.142135623731,14.142135623731));
#11609 = DIRECTION('',(-1.,0.,0.));
#11610 = DIRECTION('',(0.,1.,0.));
#11611 = PCURVE('',#11216,#11612);
#11612 = DEFINITIONAL_REPRESENTATION('',(#11613),#11621);
#11613 = ( BOUNDED_CURVE() B_SPLINE_CURVE(2,(#11614,#11615,#11616,#11617
    ,#11618,#11619,#11620),.UNSPECIFIED.,.T.,.F.) 
B_SPLINE_CURVE_WITH_KNOTS((1,2,2,2,2,1),(-2.094395102393,0.,
    2.094395102393,4.188790204786,6.28318530718,8.377580409573),
.UNSPECIFIED.) CURVE() GEOMETRIC_REPRESENTATION_ITEM() 
RATIONAL_B_SPLINE_CURVE((1.,0.5,1.,0.5,1.,0.5,1.)) REPRESENTATION_ITEM(
  '') );
#11614 = CARTESIAN_POINT('',(14.142135623731,-17.39213562373));
#11615 = CARTESIAN_POINT('',(8.512970499132,-17.39213562373));
#11616 = CARTESIAN_POINT('',(11.327553061432,-12.51713562373));
#11617 = CARTESIAN_POINT('',(14.142135623731,-7.642135623731));
#11618 = CARTESIAN_POINT('',(16.95671818603,-12.51713562373));
#11619 = CARTESIAN_POINT('',(19.77130074833,-17.39213562373));
#11620 = CARTESIAN_POINT('',(14.142135623731,-17.39213562373));
#11621 = ( GEOMETRIC_REPRESENTATION_CONTEXT(2) 
PARAMETRIC_REPRESENTATION_CONTEXT() REPRESENTATION_CONTEXT('2D SPACE',''
  ) );
#11622 = PCURVE('',#11314,#11623);
#11623 = DEFINITIONAL_REPRESENTATION('',(#11624),#11628);
#11624 = LINE('',#11625,#11626);
#11625 = CARTESIAN_POINT('',(-6.28318530718,-11.));
#11626 = VECTOR('',#11627,1.);
#11627 = DIRECTION('',(1.,-0.));
#11628 = ( GEOMETRIC_REPRESENTATION_CONTEXT(2) 
PARAMETRIC_REPRESENTATION_CONTEXT() REPRESENTATION_CONTEXT('2D SPACE',''
  ) );
#11629 = FACE_BOUND('',#11630,.T.);
#11630 = EDGE_LOOP('',(#11631));
#11631 = ORIENTED_EDGE('',*,*,#11632,.T.);
#11632 = EDGE_CURVE('',#11633,#11633,#11635,.T.);
#11633 = VERTEX_POINT('',#11634);
#11634 = CARTESIAN_POINT('',(16.,-10.89213562373,-14.14213562373));
#11635 = SURFACE_CURVE('',#11636,(#11641,#11652),.PCURVE_S1.);
#11636 = CIRCLE('',#11637,3.25);
#11637 = AXIS2_PLACEMENT_3D('',#11638,#11639,#11640);
#11638 = CARTESIAN_POINT('',(16.,-14.14213562373,-14.14213562373));
#11639 = DIRECTION('',(-1.,0.,0.));
#11640 = DIRECTION('',(0.,1.,0.));
#11641 = PCURVE('',#11216,#11642);
#11642 = DEFINITIONAL_REPRESENTATION('',(#11643),#11651);
#11643 = ( BOUNDED_CURVE() B_SPLINE_CURVE(2,(#11644,#11645,#11646,#11647
    ,#11648,#11649,#11650),.UNSPECIFIED.,.T.,.F.) 
B_SPLINE_CURVE_WITH_KNOTS((1,2,2,2,2,1),(-2.094395102393,0.,
    2.094395102393,4.188790204786,6.28318530718,8.377580409573),
.UNSPECIFIED.) CURVE() GEOMETRIC_REPRESENTATION_ITEM() 
RATIONAL_B_SPLINE_CURVE((1.,0.5,1.,0.5,1.,0.5,1.)) REPRESENTATION_ITEM(
  '') );
#11644 = CARTESIAN_POINT('',(-14.14213562373,10.892135623731));
#11645 = CARTESIAN_POINT('',(-19.77130074833,10.892135623731));
#11646 = CARTESIAN_POINT('',(-16.95671818603,15.767135623731));
#11647 = CARTESIAN_POINT('',(-14.14213562373,20.642135623731));
#11648 = CARTESIAN_POINT('',(-11.32755306143,15.767135623731));
#11649 = CARTESIAN_POINT('',(-8.512970499132,10.892135623731));
#11650 = CARTESIAN_POINT('',(-14.14213562373,10.892135623731));
#11651 = ( GEOMETRIC_REPRESENTATION_CONTEXT(2) 
PARAMETRIC_REPRESENTATION_CONTEXT() REPRESENTATION_CONTEXT('2D SPACE',''
  ) );
#11652 = PCURVE('',#11494,#11653);
#11653 = DEFINITIONAL_REPRESENTATION('',(#11654),#11658);
#11654 = LINE('',#11655,#11656);
#11655 = CARTESIAN_POINT('',(-6.28318530718,-11.));
#11656 = VECTOR('',#11657,1.);
#11657 = DIRECTION('',(1.,-0.));
#11658 = ( GEOMETRIC_REPRESENTATION_CONTEXT(2) 
PARAMETRIC_REPRESENTATION_CONTEXT() REPRESENTATION_CONTEXT('2D SPACE',''
  ) );
#11659 = FACE_BOUND('',#11660,.T.);
#11660 = EDGE_LOOP('',(#11661));
#11661 = ORIENTED_EDGE('',*,*,#11662,.F.);
#11662 = EDGE_CURVE('',#11663,#11663,#11665,.T.);
#11663 = VERTEX_POINT('',#11664);
#11664 = CARTESIAN_POINT('',(16.,8.,0.));
#11665 = SURFACE_CURVE('',#11666,(#11671,#11678),.PCURVE_S1.);
#11666 = CIRCLE('',#11667,8.);
#11667 = AXIS2_PLACEMENT_3D('',#11668,#11669,#11670);
#11668 = CARTESIAN_POINT('',(16.,0.,0.));
#11669 = DIRECTION('',(1.,0.,0.));
#11670 = DIRECTION('',(0.,1.,0.));
#11671 = PCURVE('',#11216,#11672);
#11672 = DEFINITIONAL_REPRESENTATION('',(#11673),#11677);
#11673 = CIRCLE('',#11674,8.);
#11674 = AXIS2_PLACEMENT_2D('',#11675,#11676);
#11675 = CARTESIAN_POINT('',(-1.604946055186E-15,-8.751616848252E-16));
#11676 = DIRECTION('',(0.,-1.));
#11677 = ( GEOMETRIC_REPRESENTATION_CONTEXT(2) 
PARAMETRIC_REPRESENTATION_CONTEXT() REPRESENTATION_CONTEXT('2D SPACE',''
  ) );
#11678 = PCURVE('',#11679,#11684);
#11679 = CYLINDRICAL_SURFACE('',#11680,8.);
#11680 = AXIS2_PLACEMENT_3D('',#11681,#11682,#11683);
#11681 = CARTESIAN_POINT('',(12.,0.,0.));
#11682 = DIRECTION('',(-1.,-0.,-0.));
#11683 = DIRECTION('',(0.,1.,0.));
#11684 = DEFINITIONAL_REPRESENTATION('',(#11685),#11689);
#11685 = LINE('',#11686,#11687);
#11686 = CARTESIAN_POINT('',(-0.,-4.));
#11687 = VECTOR('',#11688,1.);
#11688 = DIRECTION('',(-1.,0.));
#11689 = ( GEOMETRIC_REPRESENTATION_CONTEXT(2) 
PARAMETRIC_REPRESENTATION_CONTEXT() REPRESENTATION_CONTEXT('2D SPACE',''
  ) );
#11690 = FACE_BOUND('',#11691,.T.);
#11691 = EDGE_LOOP('',(#11692));
#11692 = ORIENTED_EDGE('',*,*,#11693,.T.);
#11693 = EDGE_CURVE('',#11694,#11694,#11696,.T.);
#11694 = VERTEX_POINT('',#11695);
#11695 = CARTESIAN_POINT('',(16.,-10.89213562373,14.142135623731));
#11696 = SURFACE_CURVE('',#11697,(#11702,#11713),.PCURVE_S1.);
#11697 = CIRCLE('',#11698,3.25);
#11698 = AXIS2_PLACEMENT_3D('',#11699,#11700,#11701);
#11699 = CARTESIAN_POINT('',(16.,-14.14213562373,14.142135623731));
#11700 = DIRECTION('',(-1.,0.,0.));
#11701 = DIRECTION('',(0.,1.,0.));
#11702 = PCURVE('',#11216,#11703);
#11703 = DEFINITIONAL_REPRESENTATION('',(#11704),#11712);
#11704 = ( BOUNDED_CURVE() B_SPLINE_CURVE(2,(#11705,#11706,#11707,#11708
    ,#11709,#11710,#11711),.UNSPECIFIED.,.T.,.F.) 
B_SPLINE_CURVE_WITH_KNOTS((1,2,2,2,2,1),(-2.094395102393,0.,
    2.094395102393,4.188790204786,6.28318530718,8.377580409573),
.UNSPECIFIED.) CURVE() GEOMETRIC_REPRESENTATION_ITEM() 
RATIONAL_B_SPLINE_CURVE((1.,0.5,1.,0.5,1.,0.5,1.)) REPRESENTATION_ITEM(
  '') );
#11705 = CARTESIAN_POINT('',(14.142135623731,10.892135623731));
#11706 = CARTESIAN_POINT('',(8.512970499132,10.892135623731));
#11707 = CARTESIAN_POINT('',(11.327553061432,15.767135623731));
#11708 = CARTESIAN_POINT('',(14.142135623731,20.642135623731));
#11709 = CARTESIAN_POINT('',(16.95671818603,15.767135623731));
#11710 = CARTESIAN_POINT('',(19.77130074833,10.892135623731));
#11711 = CARTESIAN_POINT('',(14.142135623731,10.892135623731));
#11712 = ( GEOMETRIC_REPRESENTATION_CONTEXT(2) 
PARAMETRIC_REPRESENTATION_CONTEXT() REPRESENTATION_CONTEXT('2D SPACE',''
  ) );
#11713 = PCURVE('',#11554,#11714);
#11714 = DEFINITIONAL_REPRESENTATION('',(#11715),#11719);
#11715 = LINE('',#11716,#11717);
#11716 = CARTESIAN_POINT('',(-6.28318530718,-11.));
#11717 = VECTOR('',#11718,1.);
#11718 = DIRECTION('',(1.,-0.));
#11719 = ( GEOMETRIC_REPRESENTATION_CONTEXT(2) 
PARAMETRIC_REPRESENTATION_CONTEXT() REPRESENTATION_CONTEXT('2D SPACE',''
  ) );
#11720 = ADVANCED_FACE('',(#11721),#11281,.F.);
#11721 = FACE_BOUND('',#11722,.T.);
#11722 = EDGE_LOOP('',(#11723,#11724,#11745,#11774));
#11723 = ORIENTED_EDGE('',*,*,#11262,.F.);
#11724 = ORIENTED_EDGE('',*,*,#11725,.F.);
#11725 = EDGE_CURVE('',#11726,#11263,#11728,.T.);
#11726 = VERTEX_POINT('',#11727);
#11727 = CARTESIAN_POINT('',(7.6,10.935793606301,14.673050746194));
#11728 = SURFACE_CURVE('',#11729,(#11733,#11739),.PCURVE_S1.);
#11729 = LINE('',#11730,#11731);
#11730 = CARTESIAN_POINT('',(6.,10.935793606301,14.673050746194));
#11731 = VECTOR('',#11732,1.);
#11732 = DIRECTION('',(-1.,-0.,-0.));
#11733 = PCURVE('',#11281,#11734);
#11734 = DEFINITIONAL_REPRESENTATION('',(#11735),#11738);
#11735 = B_SPLINE_CURVE_WITH_KNOTS('',1,(#11736,#11737),.UNSPECIFIED.,
  .F.,.F.,(2,2),(-1.6,0.),.PIECEWISE_BEZIER_KNOTS.);
#11736 = CARTESIAN_POINT('',(-0.930311373541,-1.6));
#11737 = CARTESIAN_POINT('',(-0.930311373541,0.));
#11738 = ( GEOMETRIC_REPRESENTATION_CONTEXT(2) 
PARAMETRIC_REPRESENTATION_CONTEXT() REPRESENTATION_CONTEXT('2D SPACE',''
  ) );
#11739 = PCURVE('',#11314,#11740);
#11740 = DEFINITIONAL_REPRESENTATION('',(#11741),#11744);
#11741 = B_SPLINE_CURVE_WITH_KNOTS('',1,(#11742,#11743),.UNSPECIFIED.,
  .F.,.F.,(2,2),(-1.6000006,5.999999999062E-07),
  .PIECEWISE_BEZIER_KNOTS.);
#11742 = CARTESIAN_POINT('',(-2.977498723987,-2.6000006));
#11743 = CARTESIAN_POINT('',(-2.977498723987,-0.9999994));
#11744 = ( GEOMETRIC_REPRESENTATION_CONTEXT(2) 
PARAMETRIC_REPRESENTATION_CONTEXT() REPRESENTATION_CONTEXT('2D SPACE',''
  ) );
#11745 = ORIENTED_EDGE('',*,*,#11746,.T.);
#11746 = EDGE_CURVE('',#11726,#11747,#11749,.T.);
#11747 = VERTEX_POINT('',#11748);
#11748 = CARTESIAN_POINT('',(7.6,-10.9357936063,14.673050746194));
#11749 = SURFACE_CURVE('',#11750,(#11755,#11762),.PCURVE_S1.);
#11750 = CIRCLE('',#11751,18.3);
#11751 = AXIS2_PLACEMENT_3D('',#11752,#11753,#11754);
#11752 = CARTESIAN_POINT('',(7.6,0.,0.));
#11753 = DIRECTION('',(1.,0.,-0.));
#11754 = DIRECTION('',(0.,0.597584350071,0.801806051705));
#11755 = PCURVE('',#11281,#11756);
#11756 = DEFINITIONAL_REPRESENTATION('',(#11757),#11761);
#11757 = LINE('',#11758,#11759);
#11758 = CARTESIAN_POINT('',(-0.930311373541,-1.6));
#11759 = VECTOR('',#11760,1.);
#11760 = DIRECTION('',(-1.,0.));
#11761 = ( GEOMETRIC_REPRESENTATION_CONTEXT(2) 
PARAMETRIC_REPRESENTATION_CONTEXT() REPRESENTATION_CONTEXT('2D SPACE',''
  ) );
#11762 = PCURVE('',#11763,#11768);
#11763 = PLANE('',#11764);
#11764 = AXIS2_PLACEMENT_3D('',#11765,#11766,#11767);
#11765 = CARTESIAN_POINT('',(7.6,-1.195576072166E-15,1.644117596851E-15)
  );
#11766 = DIRECTION('',(1.,0.,0.));
#11767 = DIRECTION('',(-0.,0.,1.));
#11768 = DEFINITIONAL_REPRESENTATION('',(#11769),#11773);
#11769 = CIRCLE('',#11770,18.3);
#11770 = AXIS2_PLACEMENT_2D('',#11771,#11772);
#11771 = CARTESIAN_POINT('',(-1.644117596851E-15,-1.195576072166E-15));
#11772 = DIRECTION('',(0.801806051705,-0.597584350071));
#11773 = ( GEOMETRIC_REPRESENTATION_CONTEXT(2) 
PARAMETRIC_REPRESENTATION_CONTEXT() REPRESENTATION_CONTEXT('2D SPACE',''
  ) );
#11774 = ORIENTED_EDGE('',*,*,#11775,.T.);
#11775 = EDGE_CURVE('',#11747,#11265,#11776,.T.);
#11776 = SURFACE_CURVE('',#11777,(#11781,#11787),.PCURVE_S1.);
#11777 = LINE('',#11778,#11779);
#11778 = CARTESIAN_POINT('',(6.,-10.9357936063,14.673050746194));
#11779 = VECTOR('',#11780,1.);
#11780 = DIRECTION('',(-1.,-0.,-0.));
#11781 = PCURVE('',#11281,#11782);
#11782 = DEFINITIONAL_REPRESENTATION('',(#11783),#11786);
#11783 = B_SPLINE_CURVE_WITH_KNOTS('',1,(#11784,#11785),.UNSPECIFIED.,
  .F.,.F.,(2,2),(-1.6000006,5.999999999062E-07),
  .PIECEWISE_BEZIER_KNOTS.);
#11784 = CARTESIAN_POINT('',(-2.211281280049,-1.6000006));
#11785 = CARTESIAN_POINT('',(-2.211281280049,5.999999999062E-07));
#11786 = ( GEOMETRIC_REPRESENTATION_CONTEXT(2) 
PARAMETRIC_REPRESENTATION_CONTEXT() REPRESENTATION_CONTEXT('2D SPACE',''
  ) );
#11787 = PCURVE('',#11554,#11788);
#11788 = DEFINITIONAL_REPRESENTATION('',(#11789),#11792);
#11789 = B_SPLINE_CURVE_WITH_KNOTS('',1,(#11790,#11791),.UNSPECIFIED.,
  .F.,.F.,(2,2),(-1.6000006,5.999999999062E-07),
  .PIECEWISE_BEZIER_KNOTS.);
#11790 = CARTESIAN_POINT('',(-0.164093929603,-2.6000006));
#11791 = CARTESIAN_POINT('',(-0.164093929603,-0.9999994));
#11792 = ( GEOMETRIC_REPRESENTATION_CONTEXT(2) 
PARAMETRIC_REPRESENTATION_CONTEXT() REPRESENTATION_CONTEXT('2D SPACE',''
  ) );
#11793 = ADVANCED_FACE('',(#11794),#11554,.F.);
#11794 = FACE_BOUND('',#11795,.T.);
#11795 = EDGE_LOOP('',(#11796,#11824,#11845,#11846,#11847,#11875,#11894,
    #11895));
#11796 = ORIENTED_EDGE('',*,*,#11797,.T.);
#11797 = EDGE_CURVE('',#11747,#11798,#11800,.T.);
#11798 = VERTEX_POINT('',#11799);
#11799 = CARTESIAN_POINT('',(7.6,-10.89213562373,14.142135623731));
#11800 = SURFACE_CURVE('',#11801,(#11806,#11813),.PCURVE_S1.);
#11801 = CIRCLE('',#11802,3.25);
#11802 = AXIS2_PLACEMENT_3D('',#11803,#11804,#11805);
#11803 = CARTESIAN_POINT('',(7.6,-14.14213562373,14.142135623731));
#11804 = DIRECTION('',(-1.,0.,0.));
#11805 = DIRECTION('',(0.,1.,0.));
#11806 = PCURVE('',#11554,#11807);
#11807 = DEFINITIONAL_REPRESENTATION('',(#11808),#11812);
#11808 = LINE('',#11809,#11810);
#11809 = CARTESIAN_POINT('',(-6.28318530718,-2.6));
#11810 = VECTOR('',#11811,1.);
#11811 = DIRECTION('',(1.,-0.));
#11812 = ( GEOMETRIC_REPRESENTATION_CONTEXT(2) 
PARAMETRIC_REPRESENTATION_CONTEXT() REPRESENTATION_CONTEXT('2D SPACE',''
  ) );
#11813 = PCURVE('',#11763,#11814);
#11814 = DEFINITIONAL_REPRESENTATION('',(#11815),#11823);
#11815 = ( BOUNDED_CURVE() B_SPLINE_CURVE(2,(#11816,#11817,#11818,#11819
    ,#11820,#11821,#11822),.UNSPECIFIED.,.T.,.F.) 
B_SPLINE_CURVE_WITH_KNOTS((1,2,2,2,2,1),(-2.094395102393,0.,
    2.094395102393,4.188790204786,6.28318530718,8.377580409573),
.UNSPECIFIED.) CURVE() GEOMETRIC_REPRESENTATION_ITEM() 
RATIONAL_B_SPLINE_CURVE((1.,0.5,1.,0.5,1.,0.5,1.)) REPRESENTATION_ITEM(
  '') );
#11816 = CARTESIAN_POINT('',(14.142135623731,10.892135623731));
#11817 = CARTESIAN_POINT('',(8.512970499132,10.892135623731));
#11818 = CARTESIAN_POINT('',(11.327553061432,15.767135623731));
#11819 = CARTESIAN_POINT('',(14.142135623731,20.642135623731));
#11820 = CARTESIAN_POINT('',(16.95671818603,15.767135623731));
#11821 = CARTESIAN_POINT('',(19.77130074833,10.892135623731));
#11822 = CARTESIAN_POINT('',(14.142135623731,10.892135623731));
#11823 = ( GEOMETRIC_REPRESENTATION_CONTEXT(2) 
PARAMETRIC_REPRESENTATION_CONTEXT() REPRESENTATION_CONTEXT('2D SPACE',''
  ) );
#11824 = ORIENTED_EDGE('',*,*,#11825,.T.);
#11825 = EDGE_CURVE('',#11798,#11694,#11826,.T.);
#11826 = SEAM_CURVE('',#11827,(#11831,#11838),.PCURVE_S1.);
#11827 = LINE('',#11828,#11829);
#11828 = CARTESIAN_POINT('',(5.,-10.89213562373,14.142135623731));
#11829 = VECTOR('',#11830,1.);
#11830 = DIRECTION('',(1.,0.,0.));
#11831 = PCURVE('',#11554,#11832);
#11832 = DEFINITIONAL_REPRESENTATION('',(#11833),#11837);
#11833 = LINE('',#11834,#11835);
#11834 = CARTESIAN_POINT('',(-6.28318530718,0.));
#11835 = VECTOR('',#11836,1.);
#11836 = DIRECTION('',(-0.,-1.));
#11837 = ( GEOMETRIC_REPRESENTATION_CONTEXT(2) 
PARAMETRIC_REPRESENTATION_CONTEXT() REPRESENTATION_CONTEXT('2D SPACE',''
  ) );
#11838 = PCURVE('',#11554,#11839);
#11839 = DEFINITIONAL_REPRESENTATION('',(#11840),#11844);
#11840 = LINE('',#11841,#11842);
#11841 = CARTESIAN_POINT('',(-0.,0.));
#11842 = VECTOR('',#11843,1.);
#11843 = DIRECTION('',(-0.,-1.));
#11844 = ( GEOMETRIC_REPRESENTATION_CONTEXT(2) 
PARAMETRIC_REPRESENTATION_CONTEXT() REPRESENTATION_CONTEXT('2D SPACE',''
  ) );
#11845 = ORIENTED_EDGE('',*,*,#11693,.F.);
#11846 = ORIENTED_EDGE('',*,*,#11825,.F.);
#11847 = ORIENTED_EDGE('',*,*,#11848,.T.);
#11848 = EDGE_CURVE('',#11798,#11849,#11851,.T.);
#11849 = VERTEX_POINT('',#11850);
#11850 = CARTESIAN_POINT('',(7.6,-14.67305074619,10.935793606301));
#11851 = SURFACE_CURVE('',#11852,(#11857,#11864),.PCURVE_S1.);
#11852 = CIRCLE('',#11853,3.25);
#11853 = AXIS2_PLACEMENT_3D('',#11854,#11855,#11856);
#11854 = CARTESIAN_POINT('',(7.6,-14.14213562373,14.142135623731));
#11855 = DIRECTION('',(-1.,0.,0.));
#11856 = DIRECTION('',(0.,1.,0.));
#11857 = PCURVE('',#11554,#11858);
#11858 = DEFINITIONAL_REPRESENTATION('',(#11859),#11863);
#11859 = LINE('',#11860,#11861);
#11860 = CARTESIAN_POINT('',(-6.28318530718,-2.6));
#11861 = VECTOR('',#11862,1.);
#11862 = DIRECTION('',(1.,-0.));
#11863 = ( GEOMETRIC_REPRESENTATION_CONTEXT(2) 
PARAMETRIC_REPRESENTATION_CONTEXT() REPRESENTATION_CONTEXT('2D SPACE',''
  ) );
#11864 = PCURVE('',#11763,#11865);
#11865 = DEFINITIONAL_REPRESENTATION('',(#11866),#11874);
#11866 = ( BOUNDED_CURVE() B_SPLINE_CURVE(2,(#11867,#11868,#11869,#11870
    ,#11871,#11872,#11873),.UNSPECIFIED.,.T.,.F.) 
B_SPLINE_CURVE_WITH_KNOTS((1,2,2,2,2,1),(-2.094395102393,0.,
    2.094395102393,4.188790204786,6.28318530718,8.377580409573),
.UNSPECIFIED.) CURVE() GEOMETRIC_REPRESENTATION_ITEM() 
RATIONAL_B_SPLINE_CURVE((1.,0.5,1.,0.5,1.,0.5,1.)) REPRESENTATION_ITEM(
  '') );
#11867 = CARTESIAN_POINT('',(14.142135623731,10.892135623731));
#11868 = CARTESIAN_POINT('',(8.512970499132,10.892135623731));
#11869 = CARTESIAN_POINT('',(11.327553061432,15.767135623731));
#11870 = CARTESIAN_POINT('',(14.142135623731,20.642135623731));
#11871 = CARTESIAN_POINT('',(16.95671818603,15.767135623731));
#11872 = CARTESIAN_POINT('',(19.77130074833,10.892135623731));
#11873 = CARTESIAN_POINT('',(14.142135623731,10.892135623731));
#11874 = ( GEOMETRIC_REPRESENTATION_CONTEXT(2) 
PARAMETRIC_REPRESENTATION_CONTEXT() REPRESENTATION_CONTEXT('2D SPACE',''
  ) );
#11875 = ORIENTED_EDGE('',*,*,#11876,.T.);
#11876 = EDGE_CURVE('',#11849,#11507,#11877,.T.);
#11877 = SURFACE_CURVE('',#11878,(#11882,#11888),.PCURVE_S1.);
#11878 = LINE('',#11879,#11880);
#11879 = CARTESIAN_POINT('',(6.,-14.67305074619,10.935793606301));
#11880 = VECTOR('',#11881,1.);
#11881 = DIRECTION('',(-1.,-0.,-0.));
#11882 = PCURVE('',#11554,#11883);
#11883 = DEFINITIONAL_REPRESENTATION('',(#11884),#11887);
#11884 = B_SPLINE_CURVE_WITH_KNOTS('',1,(#11885,#11886),.UNSPECIFIED.,
  .F.,.F.,(2,2),(-1.6000006,5.999999999062E-07),
  .PIECEWISE_BEZIER_KNOTS.);
#11885 = CARTESIAN_POINT('',(-4.548295050782,-2.6000006));
#11886 = CARTESIAN_POINT('',(-4.548295050782,-0.9999994));
#11887 = ( GEOMETRIC_REPRESENTATION_CONTEXT(2) 
PARAMETRIC_REPRESENTATION_CONTEXT() REPRESENTATION_CONTEXT('2D SPACE',''
  ) );
#11888 = PCURVE('',#11523,#11889);
#11889 = DEFINITIONAL_REPRESENTATION('',(#11890),#11893);
#11890 = B_SPLINE_CURVE_WITH_KNOTS('',1,(#11891,#11892),.UNSPECIFIED.,
  .F.,.F.,(2,2),(-1.6000006,5.999999999062E-07),
  .PIECEWISE_BEZIER_KNOTS.);
#11891 = CARTESIAN_POINT('',(-2.501107700336,-1.6000006));
#11892 = CARTESIAN_POINT('',(-2.501107700336,5.999999999062E-07));
#11893 = ( GEOMETRIC_REPRESENTATION_CONTEXT(2) 
PARAMETRIC_REPRESENTATION_CONTEXT() REPRESENTATION_CONTEXT('2D SPACE',''
  ) );
#11894 = ORIENTED_EDGE('',*,*,#11535,.T.);
#11895 = ORIENTED_EDGE('',*,*,#11775,.F.);
#11896 = ADVANCED_FACE('',(#11897),#11523,.F.);
#11897 = FACE_BOUND('',#11898,.T.);
#11898 = EDGE_LOOP('',(#11899,#11900,#11901,#11925));
#11899 = ORIENTED_EDGE('',*,*,#11506,.F.);
#11900 = ORIENTED_EDGE('',*,*,#11876,.F.);
#11901 = ORIENTED_EDGE('',*,*,#11902,.T.);
#11902 = EDGE_CURVE('',#11849,#11903,#11905,.T.);
#11903 = VERTEX_POINT('',#11904);
#11904 = CARTESIAN_POINT('',(7.6,-14.67305074619,-10.9357936063));
#11905 = SURFACE_CURVE('',#11906,(#11911,#11918),.PCURVE_S1.);
#11906 = CIRCLE('',#11907,18.3);
#11907 = AXIS2_PLACEMENT_3D('',#11908,#11909,#11910);
#11908 = CARTESIAN_POINT('',(7.6,0.,0.));
#11909 = DIRECTION('',(1.,0.,-0.));
#11910 = DIRECTION('',(0.,0.597584350071,0.801806051705));
#11911 = PCURVE('',#11523,#11912);
#11912 = DEFINITIONAL_REPRESENTATION('',(#11913),#11917);
#11913 = LINE('',#11914,#11915);
#11914 = CARTESIAN_POINT('',(-0.930311373541,-1.6));
#11915 = VECTOR('',#11916,1.);
#11916 = DIRECTION('',(-1.,0.));
#11917 = ( GEOMETRIC_REPRESENTATION_CONTEXT(2) 
PARAMETRIC_REPRESENTATION_CONTEXT() REPRESENTATION_CONTEXT('2D SPACE',''
  ) );
#11918 = PCURVE('',#11763,#11919);
#11919 = DEFINITIONAL_REPRESENTATION('',(#11920),#11924);
#11920 = CIRCLE('',#11921,18.3);
#11921 = AXIS2_PLACEMENT_2D('',#11922,#11923);
#11922 = CARTESIAN_POINT('',(-1.644117596851E-15,-1.195576072166E-15));
#11923 = DIRECTION('',(0.801806051705,-0.597584350071));
#11924 = ( GEOMETRIC_REPRESENTATION_CONTEXT(2) 
PARAMETRIC_REPRESENTATION_CONTEXT() REPRESENTATION_CONTEXT('2D SPACE',''
  ) );
#11925 = ORIENTED_EDGE('',*,*,#11926,.T.);
#11926 = EDGE_CURVE('',#11903,#11474,#11927,.T.);
#11927 = SURFACE_CURVE('',#11928,(#11932,#11938),.PCURVE_S1.);
#11928 = LINE('',#11929,#11930);
#11929 = CARTESIAN_POINT('',(6.,-14.67305074619,-10.9357936063));
#11930 = VECTOR('',#11931,1.);
#11931 = DIRECTION('',(-1.,-0.,-0.));
#11932 = PCURVE('',#11523,#11933);
#11933 = DEFINITIONAL_REPRESENTATION('',(#11934),#11937);
#11934 = B_SPLINE_CURVE_WITH_KNOTS('',1,(#11935,#11936),.UNSPECIFIED.,
  .F.,.F.,(2,2),(-1.6000006,5.999999999062E-07),
  .PIECEWISE_BEZIER_KNOTS.);
#11935 = CARTESIAN_POINT('',(-3.782077606844,-1.6000006));
#11936 = CARTESIAN_POINT('',(-3.782077606844,5.999999999062E-07));
#11937 = ( GEOMETRIC_REPRESENTATION_CONTEXT(2) 
PARAMETRIC_REPRESENTATION_CONTEXT() REPRESENTATION_CONTEXT('2D SPACE',''
  ) );
#11938 = PCURVE('',#11494,#11939);
#11939 = DEFINITIONAL_REPRESENTATION('',(#11940),#11943);
#11940 = B_SPLINE_CURVE_WITH_KNOTS('',1,(#11941,#11942),.UNSPECIFIED.,
  .F.,.F.,(2,2),(-1.6000006,5.999999999062E-07),
  .PIECEWISE_BEZIER_KNOTS.);
#11941 = CARTESIAN_POINT('',(-1.734890256398,-2.6000006));
#11942 = CARTESIAN_POINT('',(-1.734890256398,-0.9999994));
#11943 = ( GEOMETRIC_REPRESENTATION_CONTEXT(2) 
PARAMETRIC_REPRESENTATION_CONTEXT() REPRESENTATION_CONTEXT('2D SPACE',''
  ) );
#11944 = ADVANCED_FACE('',(#11945),#11494,.F.);
#11945 = FACE_BOUND('',#11946,.T.);
#11946 = EDGE_LOOP('',(#11947,#11975,#11996,#11997,#11998,#12026,#12045,
    #12046));
#11947 = ORIENTED_EDGE('',*,*,#11948,.T.);
#11948 = EDGE_CURVE('',#11903,#11949,#11951,.T.);
#11949 = VERTEX_POINT('',#11950);
#11950 = CARTESIAN_POINT('',(7.6,-10.89213562373,-14.14213562373));
#11951 = SURFACE_CURVE('',#11952,(#11957,#11964),.PCURVE_S1.);
#11952 = CIRCLE('',#11953,3.25);
#11953 = AXIS2_PLACEMENT_3D('',#11954,#11955,#11956);
#11954 = CARTESIAN_POINT('',(7.6,-14.14213562373,-14.14213562373));
#11955 = DIRECTION('',(-1.,0.,0.));
#11956 = DIRECTION('',(0.,1.,0.));
#11957 = PCURVE('',#11494,#11958);
#11958 = DEFINITIONAL_REPRESENTATION('',(#11959),#11963);
#11959 = LINE('',#11960,#11961);
#11960 = CARTESIAN_POINT('',(-6.28318530718,-2.6));
#11961 = VECTOR('',#11962,1.);
#11962 = DIRECTION('',(1.,-0.));
#11963 = ( GEOMETRIC_REPRESENTATION_CONTEXT(2) 
PARAMETRIC_REPRESENTATION_CONTEXT() REPRESENTATION_CONTEXT('2D SPACE',''
  ) );
#11964 = PCURVE('',#11763,#11965);
#11965 = DEFINITIONAL_REPRESENTATION('',(#11966),#11974);
#11966 = ( BOUNDED_CURVE() B_SPLINE_CURVE(2,(#11967,#11968,#11969,#11970
    ,#11971,#11972,#11973),.UNSPECIFIED.,.T.,.F.) 
B_SPLINE_CURVE_WITH_KNOTS((1,2,2,2,2,1),(-2.094395102393,0.,
    2.094395102393,4.188790204786,6.28318530718,8.377580409573),
.UNSPECIFIED.) CURVE() GEOMETRIC_REPRESENTATION_ITEM() 
RATIONAL_B_SPLINE_CURVE((1.,0.5,1.,0.5,1.,0.5,1.)) REPRESENTATION_ITEM(
  '') );
#11967 = CARTESIAN_POINT('',(-14.14213562373,10.892135623731));
#11968 = CARTESIAN_POINT('',(-19.77130074833,10.892135623731));
#11969 = CARTESIAN_POINT('',(-16.95671818603,15.767135623731));
#11970 = CARTESIAN_POINT('',(-14.14213562373,20.642135623731));
#11971 = CARTESIAN_POINT('',(-11.32755306143,15.767135623731));
#11972 = CARTESIAN_POINT('',(-8.512970499132,10.892135623731));
#11973 = CARTESIAN_POINT('',(-14.14213562373,10.892135623731));
#11974 = ( GEOMETRIC_REPRESENTATION_CONTEXT(2) 
PARAMETRIC_REPRESENTATION_CONTEXT() REPRESENTATION_CONTEXT('2D SPACE',''
  ) );
#11975 = ORIENTED_EDGE('',*,*,#11976,.T.);
#11976 = EDGE_CURVE('',#11949,#11633,#11977,.T.);
#11977 = SEAM_CURVE('',#11978,(#11982,#11989),.PCURVE_S1.);
#11978 = LINE('',#11979,#11980);
#11979 = CARTESIAN_POINT('',(5.,-10.89213562373,-14.14213562373));
#11980 = VECTOR('',#11981,1.);
#11981 = DIRECTION('',(1.,0.,0.));
#11982 = PCURVE('',#11494,#11983);
#11983 = DEFINITIONAL_REPRESENTATION('',(#11984),#11988);
#11984 = LINE('',#11985,#11986);
#11985 = CARTESIAN_POINT('',(-6.28318530718,0.));
#11986 = VECTOR('',#11987,1.);
#11987 = DIRECTION('',(-0.,-1.));
#11988 = ( GEOMETRIC_REPRESENTATION_CONTEXT(2) 
PARAMETRIC_REPRESENTATION_CONTEXT() REPRESENTATION_CONTEXT('2D SPACE',''
  ) );
#11989 = PCURVE('',#11494,#11990);
#11990 = DEFINITIONAL_REPRESENTATION('',(#11991),#11995);
#11991 = LINE('',#11992,#11993);
#11992 = CARTESIAN_POINT('',(-0.,0.));
#11993 = VECTOR('',#11994,1.);
#11994 = DIRECTION('',(-0.,-1.));
#11995 = ( GEOMETRIC_REPRESENTATION_CONTEXT(2) 
PARAMETRIC_REPRESENTATION_CONTEXT() REPRESENTATION_CONTEXT('2D SPACE',''
  ) );
#11996 = ORIENTED_EDGE('',*,*,#11632,.F.);
#11997 = ORIENTED_EDGE('',*,*,#11976,.F.);
#11998 = ORIENTED_EDGE('',*,*,#11999,.T.);
#11999 = EDGE_CURVE('',#11949,#12000,#12002,.T.);
#12000 = VERTEX_POINT('',#12001);
#12001 = CARTESIAN_POINT('',(7.6,-10.9357936063,-14.67305074619));
#12002 = SURFACE_CURVE('',#12003,(#12008,#12015),.PCURVE_S1.);
#12003 = CIRCLE('',#12004,3.25);
#12004 = AXIS2_PLACEMENT_3D('',#12005,#12006,#12007);
#12005 = CARTESIAN_POINT('',(7.6,-14.14213562373,-14.14213562373));
#12006 = DIRECTION('',(-1.,0.,0.));
#12007 = DIRECTION('',(0.,1.,0.));
#12008 = PCURVE('',#11494,#12009);
#12009 = DEFINITIONAL_REPRESENTATION('',(#12010),#12014);
#12010 = LINE('',#12011,#12012);
#12011 = CARTESIAN_POINT('',(-6.28318530718,-2.6));
#12012 = VECTOR('',#12013,1.);
#12013 = DIRECTION('',(1.,-0.));
#12014 = ( GEOMETRIC_REPRESENTATION_CONTEXT(2) 
PARAMETRIC_REPRESENTATION_CONTEXT() REPRESENTATION_CONTEXT('2D SPACE',''
  ) );
#12015 = PCURVE('',#11763,#12016);
#12016 = DEFINITIONAL_REPRESENTATION('',(#12017),#12025);
#12017 = ( BOUNDED_CURVE() B_SPLINE_CURVE(2,(#12018,#12019,#12020,#12021
    ,#12022,#12023,#12024),.UNSPECIFIED.,.T.,.F.) 
B_SPLINE_CURVE_WITH_KNOTS((1,2,2,2,2,1),(-2.094395102393,0.,
    2.094395102393,4.188790204786,6.28318530718,8.377580409573),
.UNSPECIFIED.) CURVE() GEOMETRIC_REPRESENTATION_ITEM() 
RATIONAL_B_SPLINE_CURVE((1.,0.5,1.,0.5,1.,0.5,1.)) REPRESENTATION_ITEM(
  '') );
#12018 = CARTESIAN_POINT('',(-14.14213562373,10.892135623731));
#12019 = CARTESIAN_POINT('',(-19.77130074833,10.892135623731));
#12020 = CARTESIAN_POINT('',(-16.95671818603,15.767135623731));
#12021 = CARTESIAN_POINT('',(-14.14213562373,20.642135623731));
#12022 = CARTESIAN_POINT('',(-11.32755306143,15.767135623731));
#12023 = CARTESIAN_POINT('',(-8.512970499132,10.892135623731));
#12024 = CARTESIAN_POINT('',(-14.14213562373,10.892135623731));
#12025 = ( GEOMETRIC_REPRESENTATION_CONTEXT(2) 
PARAMETRIC_REPRESENTATION_CONTEXT() REPRESENTATION_CONTEXT('2D SPACE',''
  ) );
#12026 = ORIENTED_EDGE('',*,*,#12027,.T.);
#12027 = EDGE_CURVE('',#12000,#11445,#12028,.T.);
#12028 = SURFACE_CURVE('',#12029,(#12033,#12039),.PCURVE_S1.);
#12029 = LINE('',#12030,#12031);
#12030 = CARTESIAN_POINT('',(6.,-10.9357936063,-14.67305074619));
#12031 = VECTOR('',#12032,1.);
#12032 = DIRECTION('',(-1.,-0.,-0.));
#12033 = PCURVE('',#11494,#12034);
#12034 = DEFINITIONAL_REPRESENTATION('',(#12035),#12038);
#12035 = B_SPLINE_CURVE_WITH_KNOTS('',1,(#12036,#12037),.UNSPECIFIED.,
  .F.,.F.,(2,2),(-1.6000006,5.999999999062E-07),
  .PIECEWISE_BEZIER_KNOTS.);
#12036 = CARTESIAN_POINT('',(-6.119091377576,-2.6000006));
#12037 = CARTESIAN_POINT('',(-6.119091377576,-0.9999994));
#12038 = ( GEOMETRIC_REPRESENTATION_CONTEXT(2) 
PARAMETRIC_REPRESENTATION_CONTEXT() REPRESENTATION_CONTEXT('2D SPACE',''
  ) );
#12039 = PCURVE('',#11461,#12040);
#12040 = DEFINITIONAL_REPRESENTATION('',(#12041),#12044);
#12041 = B_SPLINE_CURVE_WITH_KNOTS('',1,(#12042,#12043),.UNSPECIFIED.,
  .F.,.F.,(2,2),(-1.6000006,5.999999999062E-07),
  .PIECEWISE_BEZIER_KNOTS.);
#12042 = CARTESIAN_POINT('',(-4.07190402713,-1.6000006));
#12043 = CARTESIAN_POINT('',(-4.07190402713,5.999999999062E-07));
#12044 = ( GEOMETRIC_REPRESENTATION_CONTEXT(2) 
PARAMETRIC_REPRESENTATION_CONTEXT() REPRESENTATION_CONTEXT('2D SPACE',''
  ) );
#12045 = ORIENTED_EDGE('',*,*,#11473,.T.);
#12046 = ORIENTED_EDGE('',*,*,#11926,.F.);
#12047 = ADVANCED_FACE('',(#12048),#11461,.F.);
#12048 = FACE_BOUND('',#12049,.T.);
#12049 = EDGE_LOOP('',(#12050,#12051,#12052,#12076));
#12050 = ORIENTED_EDGE('',*,*,#11444,.F.);
#12051 = ORIENTED_EDGE('',*,*,#12027,.F.);
#12052 = ORIENTED_EDGE('',*,*,#12053,.T.);
#12053 = EDGE_CURVE('',#12000,#12054,#12056,.T.);
#12054 = VERTEX_POINT('',#12055);
#12055 = CARTESIAN_POINT('',(7.6,10.935793606301,-14.67305074619));
#12056 = SURFACE_CURVE('',#12057,(#12062,#12069),.PCURVE_S1.);
#12057 = CIRCLE('',#12058,18.3);
#12058 = AXIS2_PLACEMENT_3D('',#12059,#12060,#12061);
#12059 = CARTESIAN_POINT('',(7.6,0.,0.));
#12060 = DIRECTION('',(1.,0.,-0.));
#12061 = DIRECTION('',(0.,0.597584350071,0.801806051705));
#12062 = PCURVE('',#11461,#12063);
#12063 = DEFINITIONAL_REPRESENTATION('',(#12064),#12068);
#12064 = LINE('',#12065,#12066);
#12065 = CARTESIAN_POINT('',(-0.930311373541,-1.6));
#12066 = VECTOR('',#12067,1.);
#12067 = DIRECTION('',(-1.,0.));
#12068 = ( GEOMETRIC_REPRESENTATION_CONTEXT(2) 
PARAMETRIC_REPRESENTATION_CONTEXT() REPRESENTATION_CONTEXT('2D SPACE',''
  ) );
#12069 = PCURVE('',#11763,#12070);
#12070 = DEFINITIONAL_REPRESENTATION('',(#12071),#12075);
#12071 = CIRCLE('',#12072,18.3);
#12072 = AXIS2_PLACEMENT_2D('',#12073,#12074);
#12073 = CARTESIAN_POINT('',(-1.644117596851E-15,-1.195576072166E-15));
#12074 = DIRECTION('',(0.801806051705,-0.597584350071));
#12075 = ( GEOMETRIC_REPRESENTATION_CONTEXT(2) 
PARAMETRIC_REPRESENTATION_CONTEXT() REPRESENTATION_CONTEXT('2D SPACE',''
  ) );
#12076 = ORIENTED_EDGE('',*,*,#12077,.T.);
#12077 = EDGE_CURVE('',#12054,#11417,#12078,.T.);
#12078 = SURFACE_CURVE('',#12079,(#12083,#12089),.PCURVE_S1.);
#12079 = LINE('',#12080,#12081);
#12080 = CARTESIAN_POINT('',(6.,10.935793606301,-14.67305074619));
#12081 = VECTOR('',#12082,1.);
#12082 = DIRECTION('',(-1.,-0.,-0.));
#12083 = PCURVE('',#11461,#12084);
#12084 = DEFINITIONAL_REPRESENTATION('',(#12085),#12088);
#12085 = B_SPLINE_CURVE_WITH_KNOTS('',1,(#12086,#12087),.UNSPECIFIED.,
  .F.,.F.,(2,2),(-1.6000006,5.999999999062E-07),
  .PIECEWISE_BEZIER_KNOTS.);
#12086 = CARTESIAN_POINT('',(-5.352873933639,-1.6000006));
#12087 = CARTESIAN_POINT('',(-5.352873933639,5.999999999062E-07));
#12088 = ( GEOMETRIC_REPRESENTATION_CONTEXT(2) 
PARAMETRIC_REPRESENTATION_CONTEXT() REPRESENTATION_CONTEXT('2D SPACE',''
  ) );
#12089 = PCURVE('',#11404,#12090);
#12090 = DEFINITIONAL_REPRESENTATION('',(#12091),#12094);
#12091 = B_SPLINE_CURVE_WITH_KNOTS('',1,(#12092,#12093),.UNSPECIFIED.,
  .F.,.F.,(2,2),(-1.6000006,5.999999999062E-07),
  .PIECEWISE_BEZIER_KNOTS.);
#12092 = CARTESIAN_POINT('',(-3.305686583193,-2.6000006));
#12093 = CARTESIAN_POINT('',(-3.305686583193,-0.9999994));
#12094 = ( GEOMETRIC_REPRESENTATION_CONTEXT(2) 
PARAMETRIC_REPRESENTATION_CONTEXT() REPRESENTATION_CONTEXT('2D SPACE',''
  ) );
#12095 = ADVANCED_FACE('',(#12096),#11404,.F.);
#12096 = FACE_BOUND('',#12097,.T.);
#12097 = EDGE_LOOP('',(#12098,#12099,#12120,#12121,#12122,#12123,#12124,
    #12152));
#12098 = ORIENTED_EDGE('',*,*,#11383,.T.);
#12099 = ORIENTED_EDGE('',*,*,#12100,.T.);
#12100 = EDGE_CURVE('',#11384,#11573,#12101,.T.);
#12101 = SEAM_CURVE('',#12102,(#12106,#12113),.PCURVE_S1.);
#12102 = LINE('',#12103,#12104);
#12103 = CARTESIAN_POINT('',(5.,17.392135623731,-14.14213562373));
#12104 = VECTOR('',#12105,1.);
#12105 = DIRECTION('',(1.,0.,0.));
#12106 = PCURVE('',#11404,#12107);
#12107 = DEFINITIONAL_REPRESENTATION('',(#12108),#12112);
#12108 = LINE('',#12109,#12110);
#12109 = CARTESIAN_POINT('',(-6.28318530718,0.));
#12110 = VECTOR('',#12111,1.);
#12111 = DIRECTION('',(-0.,-1.));
#12112 = ( GEOMETRIC_REPRESENTATION_CONTEXT(2) 
PARAMETRIC_REPRESENTATION_CONTEXT() REPRESENTATION_CONTEXT('2D SPACE',''
  ) );
#12113 = PCURVE('',#11404,#12114);
#12114 = DEFINITIONAL_REPRESENTATION('',(#12115),#12119);
#12115 = LINE('',#12116,#12117);
#12116 = CARTESIAN_POINT('',(-0.,0.));
#12117 = VECTOR('',#12118,1.);
#12118 = DIRECTION('',(-0.,-1.));
#12119 = ( GEOMETRIC_REPRESENTATION_CONTEXT(2) 
PARAMETRIC_REPRESENTATION_CONTEXT() REPRESENTATION_CONTEXT('2D SPACE',''
  ) );
#12120 = ORIENTED_EDGE('',*,*,#11572,.F.);
#12121 = ORIENTED_EDGE('',*,*,#12100,.F.);
#12122 = ORIENTED_EDGE('',*,*,#11416,.T.);
#12123 = ORIENTED_EDGE('',*,*,#12077,.F.);
#12124 = ORIENTED_EDGE('',*,*,#12125,.T.);
#12125 = EDGE_CURVE('',#12054,#12126,#12128,.T.);
#12126 = VERTEX_POINT('',#12127);
#12127 = CARTESIAN_POINT('',(7.6,14.673050746194,-10.9357936063));
#12128 = SURFACE_CURVE('',#12129,(#12134,#12141),.PCURVE_S1.);
#12129 = CIRCLE('',#12130,3.25);
#12130 = AXIS2_PLACEMENT_3D('',#12131,#12132,#12133);
#12131 = CARTESIAN_POINT('',(7.6,14.142135623731,-14.14213562373));
#12132 = DIRECTION('',(-1.,0.,0.));
#12133 = DIRECTION('',(0.,1.,0.));
#12134 = PCURVE('',#11404,#12135);
#12135 = DEFINITIONAL_REPRESENTATION('',(#12136),#12140);
#12136 = LINE('',#12137,#12138);
#12137 = CARTESIAN_POINT('',(-6.28318530718,-2.6));
#12138 = VECTOR('',#12139,1.);
#12139 = DIRECTION('',(1.,-0.));
#12140 = ( GEOMETRIC_REPRESENTATION_CONTEXT(2) 
PARAMETRIC_REPRESENTATION_CONTEXT() REPRESENTATION_CONTEXT('2D SPACE',''
  ) );
#12141 = PCURVE('',#11763,#12142);
#12142 = DEFINITIONAL_REPRESENTATION('',(#12143),#12151);
#12143 = ( BOUNDED_CURVE() B_SPLINE_CURVE(2,(#12144,#12145,#12146,#12147
    ,#12148,#12149,#12150),.UNSPECIFIED.,.T.,.F.) 
B_SPLINE_CURVE_WITH_KNOTS((1,2,2,2,2,1),(-2.094395102393,0.,
    2.094395102393,4.188790204786,6.28318530718,8.377580409573),
.UNSPECIFIED.) CURVE() GEOMETRIC_REPRESENTATION_ITEM() 
RATIONAL_B_SPLINE_CURVE((1.,0.5,1.,0.5,1.,0.5,1.)) REPRESENTATION_ITEM(
  '') );
#12144 = CARTESIAN_POINT('',(-14.14213562373,-17.39213562373));
#12145 = CARTESIAN_POINT('',(-19.77130074833,-17.39213562373));
#12146 = CARTESIAN_POINT('',(-16.95671818603,-12.51713562373));
#12147 = CARTESIAN_POINT('',(-14.14213562373,-7.642135623731));
#12148 = CARTESIAN_POINT('',(-11.32755306143,-12.51713562373));
#12149 = CARTESIAN_POINT('',(-8.512970499132,-17.39213562373));
#12150 = CARTESIAN_POINT('',(-14.14213562373,-17.39213562373));
#12151 = ( GEOMETRIC_REPRESENTATION_CONTEXT(2) 
PARAMETRIC_REPRESENTATION_CONTEXT() REPRESENTATION_CONTEXT('2D SPACE',''
  ) );
#12152 = ORIENTED_EDGE('',*,*,#12153,.T.);
#12153 = EDGE_CURVE('',#12126,#11355,#12154,.T.);
#12154 = SURFACE_CURVE('',#12155,(#12159,#12165),.PCURVE_S1.);
#12155 = LINE('',#12156,#12157);
#12156 = CARTESIAN_POINT('',(6.,14.673050746194,-10.9357936063));
#12157 = VECTOR('',#12158,1.);
#12158 = DIRECTION('',(-1.,-0.,-0.));
#12159 = PCURVE('',#11404,#12160);
#12160 = DEFINITIONAL_REPRESENTATION('',(#12161),#12164);
#12161 = B_SPLINE_CURVE_WITH_KNOTS('',1,(#12162,#12163),.UNSPECIFIED.,
  .F.,.F.,(2,2),(-1.6000006,5.999999999062E-07),
  .PIECEWISE_BEZIER_KNOTS.);
#12162 = CARTESIAN_POINT('',(-1.406702397192,-2.6000006));
#12163 = CARTESIAN_POINT('',(-1.406702397192,-0.9999994));
#12164 = ( GEOMETRIC_REPRESENTATION_CONTEXT(2) 
PARAMETRIC_REPRESENTATION_CONTEXT() REPRESENTATION_CONTEXT('2D SPACE',''
  ) );
#12165 = PCURVE('',#11371,#12166);
#12166 = DEFINITIONAL_REPRESENTATION('',(#12167),#12170);
#12167 = B_SPLINE_CURVE_WITH_KNOTS('',1,(#12168,#12169),.UNSPECIFIED.,
  .F.,.F.,(2,2),(-1.6000006,5.999999999062E-07),
  .PIECEWISE_BEZIER_KNOTS.);
#12168 = CARTESIAN_POINT('',(-5.642700353925,-1.6000006));
#12169 = CARTESIAN_POINT('',(-5.642700353925,5.999999999062E-07));
#12170 = ( GEOMETRIC_REPRESENTATION_CONTEXT(2) 
PARAMETRIC_REPRESENTATION_CONTEXT() REPRESENTATION_CONTEXT('2D SPACE',''
  ) );
#12171 = ADVANCED_FACE('',(#12172),#11371,.F.);
#12172 = FACE_BOUND('',#12173,.T.);
#12173 = EDGE_LOOP('',(#12174,#12175,#12176,#12200));
#12174 = ORIENTED_EDGE('',*,*,#11354,.F.);
#12175 = ORIENTED_EDGE('',*,*,#12153,.F.);
#12176 = ORIENTED_EDGE('',*,*,#12177,.T.);
#12177 = EDGE_CURVE('',#12126,#12178,#12180,.T.);
#12178 = VERTEX_POINT('',#12179);
#12179 = CARTESIAN_POINT('',(7.6,14.673050746194,10.935793606301));
#12180 = SURFACE_CURVE('',#12181,(#12186,#12193),.PCURVE_S1.);
#12181 = CIRCLE('',#12182,18.3);
#12182 = AXIS2_PLACEMENT_3D('',#12183,#12184,#12185);
#12183 = CARTESIAN_POINT('',(7.6,0.,0.));
#12184 = DIRECTION('',(1.,0.,-0.));
#12185 = DIRECTION('',(0.,0.597584350071,0.801806051705));
#12186 = PCURVE('',#11371,#12187);
#12187 = DEFINITIONAL_REPRESENTATION('',(#12188),#12192);
#12188 = LINE('',#12189,#12190);
#12189 = CARTESIAN_POINT('',(-0.930311373541,-1.6));
#12190 = VECTOR('',#12191,1.);
#12191 = DIRECTION('',(-1.,0.));
#12192 = ( GEOMETRIC_REPRESENTATION_CONTEXT(2) 
PARAMETRIC_REPRESENTATION_CONTEXT() REPRESENTATION_CONTEXT('2D SPACE',''
  ) );
#12193 = PCURVE('',#11763,#12194);
#12194 = DEFINITIONAL_REPRESENTATION('',(#12195),#12199);
#12195 = CIRCLE('',#12196,18.3);
#12196 = AXIS2_PLACEMENT_2D('',#12197,#12198);
#12197 = CARTESIAN_POINT('',(-1.644117596851E-15,-1.195576072166E-15));
#12198 = DIRECTION('',(0.801806051705,-0.597584350071));
#12199 = ( GEOMETRIC_REPRESENTATION_CONTEXT(2) 
PARAMETRIC_REPRESENTATION_CONTEXT() REPRESENTATION_CONTEXT('2D SPACE',''
  ) );
#12200 = ORIENTED_EDGE('',*,*,#12201,.T.);
#12201 = EDGE_CURVE('',#12178,#11327,#12202,.T.);
#12202 = SURFACE_CURVE('',#12203,(#12207,#12213),.PCURVE_S1.);
#12203 = LINE('',#12204,#12205);
#12204 = CARTESIAN_POINT('',(6.,14.673050746194,10.935793606301));
#12205 = VECTOR('',#12206,1.);
#12206 = DIRECTION('',(-1.,-0.,-0.));
#12207 = PCURVE('',#11371,#12208);
#12208 = DEFINITIONAL_REPRESENTATION('',(#12209),#12212);
#12209 = B_SPLINE_CURVE_WITH_KNOTS('',1,(#12210,#12211),.UNSPECIFIED.,
  .F.,.F.,(2,2),(-1.6,0.),.PIECEWISE_BEZIER_KNOTS.);
#12210 = CARTESIAN_POINT('',(-6.923670260434,-1.6));
#12211 = CARTESIAN_POINT('',(-6.923670260434,0.));
#12212 = ( GEOMETRIC_REPRESENTATION_CONTEXT(2) 
PARAMETRIC_REPRESENTATION_CONTEXT() REPRESENTATION_CONTEXT('2D SPACE',''
  ) );
#12213 = PCURVE('',#11314,#12214);
#12214 = DEFINITIONAL_REPRESENTATION('',(#12215),#12218);
#12215 = B_SPLINE_CURVE_WITH_KNOTS('',1,(#12216,#12217),.UNSPECIFIED.,
  .F.,.F.,(2,2),(-1.6000006,5.999999999062E-07),
  .PIECEWISE_BEZIER_KNOTS.);
#12216 = CARTESIAN_POINT('',(-4.876482909988,-2.6000006));
#12217 = CARTESIAN_POINT('',(-4.876482909988,-0.9999994));
#12218 = ( GEOMETRIC_REPRESENTATION_CONTEXT(2) 
PARAMETRIC_REPRESENTATION_CONTEXT() REPRESENTATION_CONTEXT('2D SPACE',''
  ) );
#12219 = ADVANCED_FACE('',(#12220),#11314,.F.);
#12220 = FACE_BOUND('',#12221,.T.);
#12221 = EDGE_LOOP('',(#12222,#12223,#12244,#12245,#12246,#12247,#12248,
    #12274));
#12222 = ORIENTED_EDGE('',*,*,#11293,.T.);
#12223 = ORIENTED_EDGE('',*,*,#12224,.T.);
#12224 = EDGE_CURVE('',#11294,#11603,#12225,.T.);
#12225 = SEAM_CURVE('',#12226,(#12230,#12237),.PCURVE_S1.);
#12226 = LINE('',#12227,#12228);
#12227 = CARTESIAN_POINT('',(5.,17.392135623731,14.142135623731));
#12228 = VECTOR('',#12229,1.);
#12229 = DIRECTION('',(1.,0.,0.));
#12230 = PCURVE('',#11314,#12231);
#12231 = DEFINITIONAL_REPRESENTATION('',(#12232),#12236);
#12232 = LINE('',#12233,#12234);
#12233 = CARTESIAN_POINT('',(-6.28318530718,0.));
#12234 = VECTOR('',#12235,1.);
#12235 = DIRECTION('',(-0.,-1.));
#12236 = ( GEOMETRIC_REPRESENTATION_CONTEXT(2) 
PARAMETRIC_REPRESENTATION_CONTEXT() REPRESENTATION_CONTEXT('2D SPACE',''
  ) );
#12237 = PCURVE('',#11314,#12238);
#12238 = DEFINITIONAL_REPRESENTATION('',(#12239),#12243);
#12239 = LINE('',#12240,#12241);
#12240 = CARTESIAN_POINT('',(-0.,0.));
#12241 = VECTOR('',#12242,1.);
#12242 = DIRECTION('',(-0.,-1.));
#12243 = ( GEOMETRIC_REPRESENTATION_CONTEXT(2) 
PARAMETRIC_REPRESENTATION_CONTEXT() REPRESENTATION_CONTEXT('2D SPACE',''
  ) );
#12244 = ORIENTED_EDGE('',*,*,#11602,.F.);
#12245 = ORIENTED_EDGE('',*,*,#12224,.F.);
#12246 = ORIENTED_EDGE('',*,*,#11326,.T.);
#12247 = ORIENTED_EDGE('',*,*,#12201,.F.);
#12248 = ORIENTED_EDGE('',*,*,#12249,.T.);
#12249 = EDGE_CURVE('',#12178,#11726,#12250,.T.);
#12250 = SURFACE_CURVE('',#12251,(#12256,#12263),.PCURVE_S1.);
#12251 = CIRCLE('',#12252,3.25);
#12252 = AXIS2_PLACEMENT_3D('',#12253,#12254,#12255);
#12253 = CARTESIAN_POINT('',(7.6,14.142135623731,14.142135623731));
#12254 = DIRECTION('',(-1.,0.,0.));
#12255 = DIRECTION('',(0.,1.,0.));
#12256 = PCURVE('',#11314,#12257);
#12257 = DEFINITIONAL_REPRESENTATION('',(#12258),#12262);
#12258 = LINE('',#12259,#12260);
#12259 = CARTESIAN_POINT('',(-6.28318530718,-2.6));
#12260 = VECTOR('',#12261,1.);
#12261 = DIRECTION('',(1.,-0.));
#12262 = ( GEOMETRIC_REPRESENTATION_CONTEXT(2) 
PARAMETRIC_REPRESENTATION_CONTEXT() REPRESENTATION_CONTEXT('2D SPACE',''
  ) );
#12263 = PCURVE('',#11763,#12264);
#12264 = DEFINITIONAL_REPRESENTATION('',(#12265),#12273);
#12265 = ( BOUNDED_CURVE() B_SPLINE_CURVE(2,(#12266,#12267,#12268,#12269
    ,#12270,#12271,#12272),.UNSPECIFIED.,.T.,.F.) 
B_SPLINE_CURVE_WITH_KNOTS((1,2,2,2,2,1),(-2.094395102393,0.,
    2.094395102393,4.188790204786,6.28318530718,8.377580409573),
.UNSPECIFIED.) CURVE() GEOMETRIC_REPRESENTATION_ITEM() 
RATIONAL_B_SPLINE_CURVE((1.,0.5,1.,0.5,1.,0.5,1.)) REPRESENTATION_ITEM(
  '') );
#12266 = CARTESIAN_POINT('',(14.142135623731,-17.39213562373));
#12267 = CARTESIAN_POINT('',(8.512970499132,-17.39213562373));
#12268 = CARTESIAN_POINT('',(11.327553061432,-12.51713562373));
#12269 = CARTESIAN_POINT('',(14.142135623731,-7.642135623731));
#12270 = CARTESIAN_POINT('',(16.95671818603,-12.51713562373));
#12271 = CARTESIAN_POINT('',(19.77130074833,-17.39213562373));
#12272 = CARTESIAN_POINT('',(14.142135623731,-17.39213562373));
#12273 = ( GEOMETRIC_REPRESENTATION_CONTEXT(2) 
PARAMETRIC_REPRESENTATION_CONTEXT() REPRESENTATION_CONTEXT('2D SPACE',''
  ) );
#12274 = ORIENTED_EDGE('',*,*,#11725,.T.);
#12275 = ADVANCED_FACE('',(#12276),#11679,.F.);
#12276 = FACE_BOUND('',#12277,.T.);
#12277 = EDGE_LOOP('',(#12278,#12301,#12302,#12303));
#12278 = ORIENTED_EDGE('',*,*,#12279,.T.);
#12279 = EDGE_CURVE('',#12280,#11663,#12282,.T.);
#12280 = VERTEX_POINT('',#12281);
#12281 = CARTESIAN_POINT('',(12.,8.,0.));
#12282 = SEAM_CURVE('',#12283,(#12287,#12294),.PCURVE_S1.);
#12283 = LINE('',#12284,#12285);
#12284 = CARTESIAN_POINT('',(12.,8.,0.));
#12285 = VECTOR('',#12286,1.);
#12286 = DIRECTION('',(1.,0.,0.));
#12287 = PCURVE('',#11679,#12288);
#12288 = DEFINITIONAL_REPRESENTATION('',(#12289),#12293);
#12289 = LINE('',#12290,#12291);
#12290 = CARTESIAN_POINT('',(-0.,0.));
#12291 = VECTOR('',#12292,1.);
#12292 = DIRECTION('',(-0.,-1.));
#12293 = ( GEOMETRIC_REPRESENTATION_CONTEXT(2) 
PARAMETRIC_REPRESENTATION_CONTEXT() REPRESENTATION_CONTEXT('2D SPACE',''
  ) );
#12294 = PCURVE('',#11679,#12295);
#12295 = DEFINITIONAL_REPRESENTATION('',(#12296),#12300);
#12296 = LINE('',#12297,#12298);
#12297 = CARTESIAN_POINT('',(-6.28318530718,0.));
#12298 = VECTOR('',#12299,1.);
#12299 = DIRECTION('',(-0.,-1.));
#12300 = ( GEOMETRIC_REPRESENTATION_CONTEXT(2) 
PARAMETRIC_REPRESENTATION_CONTEXT() REPRESENTATION_CONTEXT('2D SPACE',''
  ) );
#12301 = ORIENTED_EDGE('',*,*,#11662,.T.);
#12302 = ORIENTED_EDGE('',*,*,#12279,.F.);
#12303 = ORIENTED_EDGE('',*,*,#12304,.F.);
#12304 = EDGE_CURVE('',#12280,#12280,#12305,.T.);
#12305 = SURFACE_CURVE('',#12306,(#12311,#12318),.PCURVE_S1.);
#12306 = CIRCLE('',#12307,8.);
#12307 = AXIS2_PLACEMENT_3D('',#12308,#12309,#12310);
#12308 = CARTESIAN_POINT('',(12.,0.,0.));
#12309 = DIRECTION('',(1.,0.,0.));
#12310 = DIRECTION('',(0.,1.,0.));
#12311 = PCURVE('',#11679,#12312);
#12312 = DEFINITIONAL_REPRESENTATION('',(#12313),#12317);
#12313 = LINE('',#12314,#12315);
#12314 = CARTESIAN_POINT('',(-0.,0.));
#12315 = VECTOR('',#12316,1.);
#12316 = DIRECTION('',(-1.,0.));
#12317 = ( GEOMETRIC_REPRESENTATION_CONTEXT(2) 
PARAMETRIC_REPRESENTATION_CONTEXT() REPRESENTATION_CONTEXT('2D SPACE',''
  ) );
#12318 = PCURVE('',#12319,#12324);
#12319 = PLANE('',#12320);
#12320 = AXIS2_PLACEMENT_3D('',#12321,#12322,#12323);
#12321 = CARTESIAN_POINT('',(12.,-3.038755850088E-16,2.403571302733E-16)
  );
#12322 = DIRECTION('',(1.,0.,0.));
#12323 = DIRECTION('',(-0.,0.,1.));
#12324 = DEFINITIONAL_REPRESENTATION('',(#12325),#12329);
#12325 = CIRCLE('',#12326,8.);
#12326 = AXIS2_PLACEMENT_2D('',#12327,#12328);
#12327 = CARTESIAN_POINT('',(-2.403571302733E-16,-3.038755850088E-16));
#12328 = DIRECTION('',(0.,-1.));
#12329 = ( GEOMETRIC_REPRESENTATION_CONTEXT(2) 
PARAMETRIC_REPRESENTATION_CONTEXT() REPRESENTATION_CONTEXT('2D SPACE',''
  ) );
#12330 = ADVANCED_FACE('',(#12331,#12343),#11763,.F.);
#12331 = FACE_BOUND('',#12332,.F.);
#12332 = EDGE_LOOP('',(#12333,#12334,#12335,#12336,#12337,#12338,#12339,
    #12340,#12341,#12342));
#12333 = ORIENTED_EDGE('',*,*,#11999,.T.);
#12334 = ORIENTED_EDGE('',*,*,#12053,.T.);
#12335 = ORIENTED_EDGE('',*,*,#12125,.T.);
#12336 = ORIENTED_EDGE('',*,*,#12177,.T.);
#12337 = ORIENTED_EDGE('',*,*,#12249,.T.);
#12338 = ORIENTED_EDGE('',*,*,#11746,.T.);
#12339 = ORIENTED_EDGE('',*,*,#11797,.T.);
#12340 = ORIENTED_EDGE('',*,*,#11848,.T.);
#12341 = ORIENTED_EDGE('',*,*,#11902,.T.);
#12342 = ORIENTED_EDGE('',*,*,#11948,.T.);
#12343 = FACE_BOUND('',#12344,.F.);
#12344 = EDGE_LOOP('',(#12345));
#12345 = ORIENTED_EDGE('',*,*,#12346,.F.);
#12346 = EDGE_CURVE('',#12347,#12347,#12349,.T.);
#12347 = VERTEX_POINT('',#12348);
#12348 = CARTESIAN_POINT('',(7.6,15.7,0.));
#12349 = SURFACE_CURVE('',#12350,(#12355,#12362),.PCURVE_S1.);
#12350 = CIRCLE('',#12351,15.7);
#12351 = AXIS2_PLACEMENT_3D('',#12352,#12353,#12354);
#12352 = CARTESIAN_POINT('',(7.6,0.,0.));
#12353 = DIRECTION('',(1.,0.,0.));
#12354 = DIRECTION('',(0.,1.,0.));
#12355 = PCURVE('',#11763,#12356);
#12356 = DEFINITIONAL_REPRESENTATION('',(#12357),#12361);
#12357 = CIRCLE('',#12358,15.7);
#12358 = AXIS2_PLACEMENT_2D('',#12359,#12360);
#12359 = CARTESIAN_POINT('',(-1.644117596851E-15,-1.195576072166E-15));
#12360 = DIRECTION('',(0.,-1.));
#12361 = ( GEOMETRIC_REPRESENTATION_CONTEXT(2) 
PARAMETRIC_REPRESENTATION_CONTEXT() REPRESENTATION_CONTEXT('2D SPACE',''
  ) );
#12362 = PCURVE('',#12363,#12368);
#12363 = CYLINDRICAL_SURFACE('',#12364,15.7);
#12364 = AXIS2_PLACEMENT_3D('',#12365,#12366,#12367);
#12365 = CARTESIAN_POINT('',(6.,0.,0.));
#12366 = DIRECTION('',(-1.,-0.,-0.));
#12367 = DIRECTION('',(0.,1.,0.));
#12368 = DEFINITIONAL_REPRESENTATION('',(#12369),#12373);
#12369 = LINE('',#12370,#12371);
#12370 = CARTESIAN_POINT('',(-0.,-1.6));
#12371 = VECTOR('',#12372,1.);
#12372 = DIRECTION('',(-1.,0.));
#12373 = ( GEOMETRIC_REPRESENTATION_CONTEXT(2) 
PARAMETRIC_REPRESENTATION_CONTEXT() REPRESENTATION_CONTEXT('2D SPACE',''
  ) );
#12374 = ADVANCED_FACE('',(#12375,#12406),#12319,.F.);
#12375 = FACE_BOUND('',#12376,.F.);
#12376 = EDGE_LOOP('',(#12377));
#12377 = ORIENTED_EDGE('',*,*,#12378,.T.);
#12378 = EDGE_CURVE('',#12379,#12379,#12381,.T.);
#12379 = VERTEX_POINT('',#12380);
#12380 = CARTESIAN_POINT('',(12.,9.,0.));
#12381 = SURFACE_CURVE('',#12382,(#12387,#12394),.PCURVE_S1.);
#12382 = CIRCLE('',#12383,9.);
#12383 = AXIS2_PLACEMENT_3D('',#12384,#12385,#12386);
#12384 = CARTESIAN_POINT('',(12.,0.,0.));
#12385 = DIRECTION('',(1.,0.,0.));
#12386 = DIRECTION('',(0.,1.,0.));
#12387 = PCURVE('',#12319,#12388);
#12388 = DEFINITIONAL_REPRESENTATION('',(#12389),#12393);
#12389 = CIRCLE('',#12390,9.);
#12390 = AXIS2_PLACEMENT_2D('',#12391,#12392);
#12391 = CARTESIAN_POINT('',(-2.403571302733E-16,-3.038755850088E-16));
#12392 = DIRECTION('',(0.,-1.));
#12393 = ( GEOMETRIC_REPRESENTATION_CONTEXT(2) 
PARAMETRIC_REPRESENTATION_CONTEXT() REPRESENTATION_CONTEXT('2D SPACE',''
  ) );
#12394 = PCURVE('',#12395,#12400);
#12395 = CYLINDRICAL_SURFACE('',#12396,9.);
#12396 = AXIS2_PLACEMENT_3D('',#12397,#12398,#12399);
#12397 = CARTESIAN_POINT('',(7.,0.,0.));
#12398 = DIRECTION('',(-1.,-0.,-0.));
#12399 = DIRECTION('',(0.,1.,0.));
#12400 = DEFINITIONAL_REPRESENTATION('',(#12401),#12405);
#12401 = LINE('',#12402,#12403);
#12402 = CARTESIAN_POINT('',(-0.,-5.));
#12403 = VECTOR('',#12404,1.);
#12404 = DIRECTION('',(-1.,0.));
#12405 = ( GEOMETRIC_REPRESENTATION_CONTEXT(2) 
PARAMETRIC_REPRESENTATION_CONTEXT() REPRESENTATION_CONTEXT('2D SPACE',''
  ) );
#12406 = FACE_BOUND('',#12407,.F.);
#12407 = EDGE_LOOP('',(#12408));
#12408 = ORIENTED_EDGE('',*,*,#12304,.F.);
#12409 = ADVANCED_FACE('',(#12410),#12363,.T.);
#12410 = FACE_BOUND('',#12411,.F.);
#12411 = EDGE_LOOP('',(#12412,#12435,#12436,#12437));
#12412 = ORIENTED_EDGE('',*,*,#12413,.T.);
#12413 = EDGE_CURVE('',#12414,#12347,#12416,.T.);
#12414 = VERTEX_POINT('',#12415);
#12415 = CARTESIAN_POINT('',(6.,15.7,0.));
#12416 = SEAM_CURVE('',#12417,(#12421,#12428),.PCURVE_S1.);
#12417 = LINE('',#12418,#12419);
#12418 = CARTESIAN_POINT('',(6.,15.7,0.));
#12419 = VECTOR('',#12420,1.);
#12420 = DIRECTION('',(1.,0.,0.));
#12421 = PCURVE('',#12363,#12422);
#12422 = DEFINITIONAL_REPRESENTATION('',(#12423),#12427);
#12423 = LINE('',#12424,#12425);
#12424 = CARTESIAN_POINT('',(-0.,0.));
#12425 = VECTOR('',#12426,1.);
#12426 = DIRECTION('',(-0.,-1.));
#12427 = ( GEOMETRIC_REPRESENTATION_CONTEXT(2) 
PARAMETRIC_REPRESENTATION_CONTEXT() REPRESENTATION_CONTEXT('2D SPACE',''
  ) );
#12428 = PCURVE('',#12363,#12429);
#12429 = DEFINITIONAL_REPRESENTATION('',(#12430),#12434);
#12430 = LINE('',#12431,#12432);
#12431 = CARTESIAN_POINT('',(-6.28318530718,0.));
#12432 = VECTOR('',#12433,1.);
#12433 = DIRECTION('',(-0.,-1.));
#12434 = ( GEOMETRIC_REPRESENTATION_CONTEXT(2) 
PARAMETRIC_REPRESENTATION_CONTEXT() REPRESENTATION_CONTEXT('2D SPACE',''
  ) );
#12435 = ORIENTED_EDGE('',*,*,#12346,.T.);
#12436 = ORIENTED_EDGE('',*,*,#12413,.F.);
#12437 = ORIENTED_EDGE('',*,*,#12438,.F.);
#12438 = EDGE_CURVE('',#12414,#12414,#12439,.T.);
#12439 = SURFACE_CURVE('',#12440,(#12445,#12452),.PCURVE_S1.);
#12440 = CIRCLE('',#12441,15.7);
#12441 = AXIS2_PLACEMENT_3D('',#12442,#12443,#12444);
#12442 = CARTESIAN_POINT('',(6.,0.,0.));
#12443 = DIRECTION('',(1.,0.,0.));
#12444 = DIRECTION('',(0.,1.,0.));
#12445 = PCURVE('',#12363,#12446);
#12446 = DEFINITIONAL_REPRESENTATION('',(#12447),#12451);
#12447 = LINE('',#12448,#12449);
#12448 = CARTESIAN_POINT('',(-0.,0.));
#12449 = VECTOR('',#12450,1.);
#12450 = DIRECTION('',(-1.,0.));
#12451 = ( GEOMETRIC_REPRESENTATION_CONTEXT(2) 
PARAMETRIC_REPRESENTATION_CONTEXT() REPRESENTATION_CONTEXT('2D SPACE',''
  ) );
#12452 = PCURVE('',#12453,#12458);
#12453 = PLANE('',#12454);
#12454 = AXIS2_PLACEMENT_3D('',#12455,#12456,#12457);
#12455 = CARTESIAN_POINT('',(6.,-8.751616848252E-16,1.604946055186E-15)
  );
#12456 = DIRECTION('',(1.,0.,0.));
#12457 = DIRECTION('',(-0.,0.,1.));
#12458 = DEFINITIONAL_REPRESENTATION('',(#12459),#12463);
#12459 = CIRCLE('',#12460,15.7);
#12460 = AXIS2_PLACEMENT_2D('',#12461,#12462);
#12461 = CARTESIAN_POINT('',(-1.604946055186E-15,-8.751616848252E-16));
#12462 = DIRECTION('',(0.,-1.));
#12463 = ( GEOMETRIC_REPRESENTATION_CONTEXT(2) 
PARAMETRIC_REPRESENTATION_CONTEXT() REPRESENTATION_CONTEXT('2D SPACE',''
  ) );
#12464 = ADVANCED_FACE('',(#12465),#12395,.F.);
#12465 = FACE_BOUND('',#12466,.T.);
#12466 = EDGE_LOOP('',(#12467,#12490,#12491,#12492));
#12467 = ORIENTED_EDGE('',*,*,#12468,.T.);
#12468 = EDGE_CURVE('',#12469,#12379,#12471,.T.);
#12469 = VERTEX_POINT('',#12470);
#12470 = CARTESIAN_POINT('',(7.,9.,0.));
#12471 = SEAM_CURVE('',#12472,(#12476,#12483),.PCURVE_S1.);
#12472 = LINE('',#12473,#12474);
#12473 = CARTESIAN_POINT('',(7.,9.,0.));
#12474 = VECTOR('',#12475,1.);
#12475 = DIRECTION('',(1.,0.,0.));
#12476 = PCURVE('',#12395,#12477);
#12477 = DEFINITIONAL_REPRESENTATION('',(#12478),#12482);
#12478 = LINE('',#12479,#12480);
#12479 = CARTESIAN_POINT('',(-0.,0.));
#12480 = VECTOR('',#12481,1.);
#12481 = DIRECTION('',(-0.,-1.));
#12482 = ( GEOMETRIC_REPRESENTATION_CONTEXT(2) 
PARAMETRIC_REPRESENTATION_CONTEXT() REPRESENTATION_CONTEXT('2D SPACE',''
  ) );
#12483 = PCURVE('',#12395,#12484);
#12484 = DEFINITIONAL_REPRESENTATION('',(#12485),#12489);
#12485 = LINE('',#12486,#12487);
#12486 = CARTESIAN_POINT('',(-6.28318530718,0.));
#12487 = VECTOR('',#12488,1.);
#12488 = DIRECTION('',(-0.,-1.));
#12489 = ( GEOMETRIC_REPRESENTATION_CONTEXT(2) 
PARAMETRIC_REPRESENTATION_CONTEXT() REPRESENTATION_CONTEXT('2D SPACE',''
  ) );
#12490 = ORIENTED_EDGE('',*,*,#12378,.T.);
#12491 = ORIENTED_EDGE('',*,*,#12468,.F.);
#12492 = ORIENTED_EDGE('',*,*,#12493,.F.);
#12493 = EDGE_CURVE('',#12469,#12469,#12494,.T.);
#12494 = SURFACE_CURVE('',#12495,(#12500,#12507),.PCURVE_S1.);
#12495 = CIRCLE('',#12496,9.);
#12496 = AXIS2_PLACEMENT_3D('',#12497,#12498,#12499);
#12497 = CARTESIAN_POINT('',(7.,0.,0.));
#12498 = DIRECTION('',(1.,0.,0.));
#12499 = DIRECTION('',(0.,1.,0.));
#12500 = PCURVE('',#12395,#12501);
#12501 = DEFINITIONAL_REPRESENTATION('',(#12502),#12506);
#12502 = LINE('',#12503,#12504);
#12503 = CARTESIAN_POINT('',(-0.,0.));
#12504 = VECTOR('',#12505,1.);
#12505 = DIRECTION('',(-1.,0.));
#12506 = ( GEOMETRIC_REPRESENTATION_CONTEXT(2) 
PARAMETRIC_REPRESENTATION_CONTEXT() REPRESENTATION_CONTEXT('2D SPACE',''
  ) );
#12507 = PCURVE('',#12508,#12513);
#12508 = PLANE('',#12509);
#12509 = AXIS2_PLACEMENT_3D('',#12510,#12511,#12512);
#12510 = CARTESIAN_POINT('',(7.,-3.038755850088E-16,2.403571302733E-16)
  );
#12511 = DIRECTION('',(1.,0.,0.));
#12512 = DIRECTION('',(-0.,0.,1.));
#12513 = DEFINITIONAL_REPRESENTATION('',(#12514),#12518);
#12514 = CIRCLE('',#12515,9.);
#12515 = AXIS2_PLACEMENT_2D('',#12516,#12517);
#12516 = CARTESIAN_POINT('',(-2.403571302733E-16,-3.038755850088E-16));
#12517 = DIRECTION('',(0.,-1.));
#12518 = ( GEOMETRIC_REPRESENTATION_CONTEXT(2) 
PARAMETRIC_REPRESENTATION_CONTEXT() REPRESENTATION_CONTEXT('2D SPACE',''
  ) );
#12519 = ADVANCED_FACE('',(#12520,#12523),#12453,.F.);
#12520 = FACE_BOUND('',#12521,.F.);
#12521 = EDGE_LOOP('',(#12522));
#12522 = ORIENTED_EDGE('',*,*,#12438,.T.);
#12523 = FACE_BOUND('',#12524,.F.);
#12524 = EDGE_LOOP('',(#12525));
#12525 = ORIENTED_EDGE('',*,*,#12526,.F.);
#12526 = EDGE_CURVE('',#12527,#12527,#12529,.T.);
#12527 = VERTEX_POINT('',#12528);
#12528 = CARTESIAN_POINT('',(6.,9.95,0.));
#12529 = SURFACE_CURVE('',#12530,(#12535,#12542),.PCURVE_S1.);
#12530 = CIRCLE('',#12531,9.95);
#12531 = AXIS2_PLACEMENT_3D('',#12532,#12533,#12534);
#12532 = CARTESIAN_POINT('',(6.,0.,0.));
#12533 = DIRECTION('',(1.,0.,0.));
#12534 = DIRECTION('',(0.,1.,0.));
#12535 = PCURVE('',#12453,#12536);
#12536 = DEFINITIONAL_REPRESENTATION('',(#12537),#12541);
#12537 = CIRCLE('',#12538,9.95);
#12538 = AXIS2_PLACEMENT_2D('',#12539,#12540);
#12539 = CARTESIAN_POINT('',(-1.604946055186E-15,-8.751616848252E-16));
#12540 = DIRECTION('',(0.,-1.));
#12541 = ( GEOMETRIC_REPRESENTATION_CONTEXT(2) 
PARAMETRIC_REPRESENTATION_CONTEXT() REPRESENTATION_CONTEXT('2D SPACE',''
  ) );
#12542 = PCURVE('',#12543,#12548);
#12543 = CYLINDRICAL_SURFACE('',#12544,9.95);
#12544 = AXIS2_PLACEMENT_3D('',#12545,#12546,#12547);
#12545 = CARTESIAN_POINT('',(0.,0.,0.));
#12546 = DIRECTION('',(-1.,-0.,-0.));
#12547 = DIRECTION('',(0.,1.,0.));
#12548 = DEFINITIONAL_REPRESENTATION('',(#12549),#12553);
#12549 = LINE('',#12550,#12551);
#12550 = CARTESIAN_POINT('',(-0.,-6.));
#12551 = VECTOR('',#12552,1.);
#12552 = DIRECTION('',(-1.,0.));
#12553 = ( GEOMETRIC_REPRESENTATION_CONTEXT(2) 
PARAMETRIC_REPRESENTATION_CONTEXT() REPRESENTATION_CONTEXT('2D SPACE',''
  ) );
#12554 = ADVANCED_FACE('',(#12555,#12558),#12508,.T.);
#12555 = FACE_BOUND('',#12556,.T.);
#12556 = EDGE_LOOP('',(#12557));
#12557 = ORIENTED_EDGE('',*,*,#12493,.T.);
#12558 = FACE_BOUND('',#12559,.T.);
#12559 = EDGE_LOOP('',(#12560));
#12560 = ORIENTED_EDGE('',*,*,#12561,.T.);
#12561 = EDGE_CURVE('',#12562,#12562,#12564,.T.);
#12562 = VERTEX_POINT('',#12563);
#12563 = CARTESIAN_POINT('',(7.,5.05,0.));
#12564 = SURFACE_CURVE('',#12565,(#12570,#12581),.PCURVE_S1.);
#12565 = CIRCLE('',#12566,5.05);
#12566 = AXIS2_PLACEMENT_3D('',#12567,#12568,#12569);
#12567 = CARTESIAN_POINT('',(7.,0.,0.));
#12568 = DIRECTION('',(-1.,0.,0.));
#12569 = DIRECTION('',(0.,1.,0.));
#12570 = PCURVE('',#12508,#12571);
#12571 = DEFINITIONAL_REPRESENTATION('',(#12572),#12580);
#12572 = ( BOUNDED_CURVE() B_SPLINE_CURVE(2,(#12573,#12574,#12575,#12576
    ,#12577,#12578,#12579),.UNSPECIFIED.,.T.,.F.) 
B_SPLINE_CURVE_WITH_KNOTS((1,2,2,2,2,1),(-2.094395102393,0.,
    2.094395102393,4.188790204786,6.28318530718,8.377580409573),
.UNSPECIFIED.) CURVE() GEOMETRIC_REPRESENTATION_ITEM() 
RATIONAL_B_SPLINE_CURVE((1.,0.5,1.,0.5,1.,0.5,1.)) REPRESENTATION_ITEM(
  '') );
#12573 = CARTESIAN_POINT('',(-2.403571302733E-16,-5.05));
#12574 = CARTESIAN_POINT('',(-8.746856578223,-5.05));
#12575 = CARTESIAN_POINT('',(-4.373428289111,2.525));
#12576 = CARTESIAN_POINT('',(-1.477250397412E-15,10.1));
#12577 = CARTESIAN_POINT('',(4.373428289111,2.525));
#12578 = CARTESIAN_POINT('',(8.746856578223,-5.05));
#12579 = CARTESIAN_POINT('',(-2.403571302733E-16,-5.05));
#12580 = ( GEOMETRIC_REPRESENTATION_CONTEXT(2) 
PARAMETRIC_REPRESENTATION_CONTEXT() REPRESENTATION_CONTEXT('2D SPACE',''
  ) );
#12581 = PCURVE('',#12582,#12587);
#12582 = CYLINDRICAL_SURFACE('',#12583,5.05);
#12583 = AXIS2_PLACEMENT_3D('',#12584,#12585,#12586);
#12584 = CARTESIAN_POINT('',(-1.,0.,0.));
#12585 = DIRECTION('',(-1.,-0.,-0.));
#12586 = DIRECTION('',(0.,1.,0.));
#12587 = DEFINITIONAL_REPRESENTATION('',(#12588),#12592);
#12588 = LINE('',#12589,#12590);
#12589 = CARTESIAN_POINT('',(-6.28318530718,-8.));
#12590 = VECTOR('',#12591,1.);
#12591 = DIRECTION('',(1.,-0.));
#12592 = ( GEOMETRIC_REPRESENTATION_CONTEXT(2) 
PARAMETRIC_REPRESENTATION_CONTEXT() REPRESENTATION_CONTEXT('2D SPACE',''
  ) );
#12593 = ADVANCED_FACE('',(#12594),#12543,.T.);
#12594 = FACE_BOUND('',#12595,.F.);
#12595 = EDGE_LOOP('',(#12596,#12619,#12620,#12621));
#12596 = ORIENTED_EDGE('',*,*,#12597,.T.);
#12597 = EDGE_CURVE('',#12598,#12527,#12600,.T.);
#12598 = VERTEX_POINT('',#12599);
#12599 = CARTESIAN_POINT('',(0.,9.95,0.));
#12600 = SEAM_CURVE('',#12601,(#12605,#12612),.PCURVE_S1.);
#12601 = LINE('',#12602,#12603);
#12602 = CARTESIAN_POINT('',(0.,9.95,0.));
#12603 = VECTOR('',#12604,1.);
#12604 = DIRECTION('',(1.,0.,0.));
#12605 = PCURVE('',#12543,#12606);
#12606 = DEFINITIONAL_REPRESENTATION('',(#12607),#12611);
#12607 = LINE('',#12608,#12609);
#12608 = CARTESIAN_POINT('',(-0.,0.));
#12609 = VECTOR('',#12610,1.);
#12610 = DIRECTION('',(-0.,-1.));
#12611 = ( GEOMETRIC_REPRESENTATION_CONTEXT(2) 
PARAMETRIC_REPRESENTATION_CONTEXT() REPRESENTATION_CONTEXT('2D SPACE',''
  ) );
#12612 = PCURVE('',#12543,#12613);
#12613 = DEFINITIONAL_REPRESENTATION('',(#12614),#12618);
#12614 = LINE('',#12615,#12616);
#12615 = CARTESIAN_POINT('',(-6.28318530718,0.));
#12616 = VECTOR('',#12617,1.);
#12617 = DIRECTION('',(-0.,-1.));
#12618 = ( GEOMETRIC_REPRESENTATION_CONTEXT(2) 
PARAMETRIC_REPRESENTATION_CONTEXT() REPRESENTATION_CONTEXT('2D SPACE',''
  ) );
#12619 = ORIENTED_EDGE('',*,*,#12526,.T.);
#12620 = ORIENTED_EDGE('',*,*,#12597,.F.);
#12621 = ORIENTED_EDGE('',*,*,#12622,.F.);
#12622 = EDGE_CURVE('',#12598,#12598,#12623,.T.);
#12623 = SURFACE_CURVE('',#12624,(#12629,#12636),.PCURVE_S1.);
#12624 = CIRCLE('',#12625,9.95);
#12625 = AXIS2_PLACEMENT_3D('',#12626,#12627,#12628);
#12626 = CARTESIAN_POINT('',(0.,0.,0.));
#12627 = DIRECTION('',(1.,0.,0.));
#12628 = DIRECTION('',(0.,1.,0.));
#12629 = PCURVE('',#12543,#12630);
#12630 = DEFINITIONAL_REPRESENTATION('',(#12631),#12635);
#12631 = LINE('',#12632,#12633);
#12632 = CARTESIAN_POINT('',(-0.,0.));
#12633 = VECTOR('',#12634,1.);
#12634 = DIRECTION('',(-1.,0.));
#12635 = ( GEOMETRIC_REPRESENTATION_CONTEXT(2) 
PARAMETRIC_REPRESENTATION_CONTEXT() REPRESENTATION_CONTEXT('2D SPACE',''
  ) );
#12636 = PCURVE('',#12637,#12642);
#12637 = PLANE('',#12638);
#12638 = AXIS2_PLACEMENT_3D('',#12639,#12640,#12641);
#12639 = CARTESIAN_POINT('',(0.,-2.748623381989E-16,1.435501546806E-16)
  );
#12640 = DIRECTION('',(1.,0.,0.));
#12641 = DIRECTION('',(-0.,0.,1.));
#12642 = DEFINITIONAL_REPRESENTATION('',(#12643),#12647);
#12643 = CIRCLE('',#12644,9.95);
#12644 = AXIS2_PLACEMENT_2D('',#12645,#12646);
#12645 = CARTESIAN_POINT('',(-1.435501546806E-16,-2.748623381989E-16));
#12646 = DIRECTION('',(0.,-1.));
#12647 = ( GEOMETRIC_REPRESENTATION_CONTEXT(2) 
PARAMETRIC_REPRESENTATION_CONTEXT() REPRESENTATION_CONTEXT('2D SPACE',''
  ) );
#12648 = ADVANCED_FACE('',(#12649),#12582,.F.);
#12649 = FACE_BOUND('',#12650,.T.);
#12650 = EDGE_LOOP('',(#12651,#12674,#12700,#12701));
#12651 = ORIENTED_EDGE('',*,*,#12652,.F.);
#12652 = EDGE_CURVE('',#12653,#12562,#12655,.T.);
#12653 = VERTEX_POINT('',#12654);
#12654 = CARTESIAN_POINT('',(0.,5.05,0.));
#12655 = SEAM_CURVE('',#12656,(#12660,#12667),.PCURVE_S1.);
#12656 = LINE('',#12657,#12658);
#12657 = CARTESIAN_POINT('',(-1.,5.05,0.));
#12658 = VECTOR('',#12659,1.);
#12659 = DIRECTION('',(1.,0.,0.));
#12660 = PCURVE('',#12582,#12661);
#12661 = DEFINITIONAL_REPRESENTATION('',(#12662),#12666);
#12662 = LINE('',#12663,#12664);
#12663 = CARTESIAN_POINT('',(-6.28318530718,0.));
#12664 = VECTOR('',#12665,1.);
#12665 = DIRECTION('',(-0.,-1.));
#12666 = ( GEOMETRIC_REPRESENTATION_CONTEXT(2) 
PARAMETRIC_REPRESENTATION_CONTEXT() REPRESENTATION_CONTEXT('2D SPACE',''
  ) );
#12667 = PCURVE('',#12582,#12668);
#12668 = DEFINITIONAL_REPRESENTATION('',(#12669),#12673);
#12669 = LINE('',#12670,#12671);
#12670 = CARTESIAN_POINT('',(-0.,0.));
#12671 = VECTOR('',#12672,1.);
#12672 = DIRECTION('',(-0.,-1.));
#12673 = ( GEOMETRIC_REPRESENTATION_CONTEXT(2) 
PARAMETRIC_REPRESENTATION_CONTEXT() REPRESENTATION_CONTEXT('2D SPACE',''
  ) );
#12674 = ORIENTED_EDGE('',*,*,#12675,.T.);
#12675 = EDGE_CURVE('',#12653,#12653,#12676,.T.);
#12676 = SURFACE_CURVE('',#12677,(#12682,#12689),.PCURVE_S1.);
#12677 = CIRCLE('',#12678,5.05);
#12678 = AXIS2_PLACEMENT_3D('',#12679,#12680,#12681);
#12679 = CARTESIAN_POINT('',(0.,0.,0.));
#12680 = DIRECTION('',(-1.,0.,0.));
#12681 = DIRECTION('',(0.,1.,0.));
#12682 = PCURVE('',#12582,#12683);
#12683 = DEFINITIONAL_REPRESENTATION('',(#12684),#12688);
#12684 = LINE('',#12685,#12686);
#12685 = CARTESIAN_POINT('',(-6.28318530718,-1.));
#12686 = VECTOR('',#12687,1.);
#12687 = DIRECTION('',(1.,-0.));
#12688 = ( GEOMETRIC_REPRESENTATION_CONTEXT(2) 
PARAMETRIC_REPRESENTATION_CONTEXT() REPRESENTATION_CONTEXT('2D SPACE',''
  ) );
#12689 = PCURVE('',#12637,#12690);
#12690 = DEFINITIONAL_REPRESENTATION('',(#12691),#12699);
#12691 = ( BOUNDED_CURVE() B_SPLINE_CURVE(2,(#12692,#12693,#12694,#12695
    ,#12696,#12697,#12698),.UNSPECIFIED.,.T.,.F.) 
B_SPLINE_CURVE_WITH_KNOTS((1,2,2,2,2,1),(-2.094395102393,0.,
    2.094395102393,4.188790204786,6.28318530718,8.377580409573),
.UNSPECIFIED.) CURVE() GEOMETRIC_REPRESENTATION_ITEM() 
RATIONAL_B_SPLINE_CURVE((1.,0.5,1.,0.5,1.,0.5,1.)) REPRESENTATION_ITEM(
  '') );
#12692 = CARTESIAN_POINT('',(-1.435501546806E-16,-5.05));
#12693 = CARTESIAN_POINT('',(-8.746856578223,-5.05));
#12694 = CARTESIAN_POINT('',(-4.373428289111,2.525));
#12695 = CARTESIAN_POINT('',(-1.380443421819E-15,10.1));
#12696 = CARTESIAN_POINT('',(4.373428289111,2.525));
#12697 = CARTESIAN_POINT('',(8.746856578223,-5.05));
#12698 = CARTESIAN_POINT('',(-1.435501546806E-16,-5.05));
#12699 = ( GEOMETRIC_REPRESENTATION_CONTEXT(2) 
PARAMETRIC_REPRESENTATION_CONTEXT() REPRESENTATION_CONTEXT('2D SPACE',''
  ) );
#12700 = ORIENTED_EDGE('',*,*,#12652,.T.);
#12701 = ORIENTED_EDGE('',*,*,#12561,.F.);
#12702 = ADVANCED_FACE('',(#12703,#12706),#12637,.F.);
#12703 = FACE_BOUND('',#12704,.F.);
#12704 = EDGE_LOOP('',(#12705));
#12705 = ORIENTED_EDGE('',*,*,#12622,.T.);
#12706 = FACE_BOUND('',#12707,.F.);
#12707 = EDGE_LOOP('',(#12708));
#12708 = ORIENTED_EDGE('',*,*,#12675,.T.);
#12709 = ( GEOMETRIC_REPRESENTATION_CONTEXT(3) 
GLOBAL_UNCERTAINTY_ASSIGNED_CONTEXT((#12713)) 
GLOBAL_UNIT_ASSIGNED_CONTEXT((#12710,#12711,#12712)) 
REPRESENTATION_CONTEXT('Context #1',
  '3D Context with UNIT and UNCERTAINTY') );
#12710 = ( LENGTH_UNIT() NAMED_UNIT(*) SI_UNIT(.MILLI.,.METRE.) );
#12711 = ( NAMED_UNIT(*) PLANE_ANGLE_UNIT() SI_UNIT($,.RADIAN.) );
#12712 = ( NAMED_UNIT(*) SI_UNIT($,.STERADIAN.) SOLID_ANGLE_UNIT() );
#12713 = UNCERTAINTY_MEASURE_WITH_UNIT(LENGTH_MEASURE(1.E-07),#12710,
  'distance_accuracy_value','confusion accuracy');
#12714 = CONTEXT_DEPENDENT_SHAPE_REPRESENTATION(#12715,#12717);
#12715 = ( REPRESENTATION_RELATIONSHIP('','',#11164,#10) 
REPRESENTATION_RELATIONSHIP_WITH_TRANSFORMATION(#12716) 
SHAPE_REPRESENTATION_RELATIONSHIP() );
#12716 = ITEM_DEFINED_TRANSFORMATION('','',#11,#23);
#12717 = PRODUCT_DEFINITION_SHAPE('Placement','Placement of an item',
  #12718);
#12718 = NEXT_ASSEMBLY_USAGE_OCCURRENCE('3','tapa_izq','',#5,#11159,$);
#12719 = PRODUCT_RELATED_PRODUCT_CATEGORY('part',$,(#11161));
#12720 = SHAPE_DEFINITION_REPRESENTATION(#12721,#12727);
#12721 = PRODUCT_DEFINITION_SHAPE('','',#12722);
#12722 = PRODUCT_DEFINITION('design','',#12723,#12726);
#12723 = PRODUCT_DEFINITION_FORMATION('','',#12724);
#12724 = PRODUCT('piston','piston','',(#12725));
#12725 = PRODUCT_CONTEXT('',#2,'mechanical');
#12726 = PRODUCT_DEFINITION_CONTEXT('part definition',#2,'design');
#12727 = ADVANCED_BREP_SHAPE_REPRESENTATION('',(#11,#12728),#13106);
#12728 = MANIFOLD_SOLID_BREP('',#12729);
#12729 = CLOSED_SHELL('',(#12730,#12822,#12861,#12896,#12955,#13010,
    #13045,#13079));
#12730 = ADVANCED_FACE('',(#12731),#12744,.T.);
#12731 = FACE_BOUND('',#12732,.F.);
#12732 = EDGE_LOOP('',(#12733,#12767,#12790,#12821));
#12733 = ORIENTED_EDGE('',*,*,#12734,.F.);
#12734 = EDGE_CURVE('',#12735,#12735,#12737,.T.);
#12735 = VERTEX_POINT('',#12736);
#12736 = CARTESIAN_POINT('',(-7.,9.95,30.));
#12737 = SURFACE_CURVE('',#12738,(#12743,#12755),.PCURVE_S1.);
#12738 = CIRCLE('',#12739,9.95);
#12739 = AXIS2_PLACEMENT_3D('',#12740,#12741,#12742);
#12740 = CARTESIAN_POINT('',(-7.,0.,30.));
#12741 = DIRECTION('',(1.,0.,0.));
#12742 = DIRECTION('',(0.,1.,0.));
#12743 = PCURVE('',#12744,#12749);
#12744 = CYLINDRICAL_SURFACE('',#12745,9.95);
#12745 = AXIS2_PLACEMENT_3D('',#12746,#12747,#12748);
#12746 = CARTESIAN_POINT('',(-7.,0.,30.));
#12747 = DIRECTION('',(-1.,-0.,-0.));
#12748 = DIRECTION('',(0.,1.,0.));
#12749 = DEFINITIONAL_REPRESENTATION('',(#12750),#12754);
#12750 = LINE('',#12751,#12752);
#12751 = CARTESIAN_POINT('',(-0.,0.));
#12752 = VECTOR('',#12753,1.);
#12753 = DIRECTION('',(-1.,0.));
#12754 = ( GEOMETRIC_REPRESENTATION_CONTEXT(2) 
PARAMETRIC_REPRESENTATION_CONTEXT() REPRESENTATION_CONTEXT('2D SPACE',''
  ) );
#12755 = PCURVE('',#12756,#12761);
#12756 = PLANE('',#12757);
#12757 = AXIS2_PLACEMENT_3D('',#12758,#12759,#12760);
#12758 = CARTESIAN_POINT('',(-7.,-2.748623381989E-16,30.));
#12759 = DIRECTION('',(1.,0.,0.));
#12760 = DIRECTION('',(-0.,0.,1.));
#12761 = DEFINITIONAL_REPRESENTATION('',(#12762),#12766);
#12762 = CIRCLE('',#12763,9.95);
#12763 = AXIS2_PLACEMENT_2D('',#12764,#12765);
#12764 = CARTESIAN_POINT('',(3.552713678801E-15,-2.748623381989E-16));
#12765 = DIRECTION('',(0.,-1.));
#12766 = ( GEOMETRIC_REPRESENTATION_CONTEXT(2) 
PARAMETRIC_REPRESENTATION_CONTEXT() REPRESENTATION_CONTEXT('2D SPACE',''
  ) );
#12767 = ORIENTED_EDGE('',*,*,#12768,.T.);
#12768 = EDGE_CURVE('',#12735,#12769,#12771,.T.);
#12769 = VERTEX_POINT('',#12770);
#12770 = CARTESIAN_POINT('',(-2.,9.95,30.));
#12771 = SEAM_CURVE('',#12772,(#12776,#12783),.PCURVE_S1.);
#12772 = LINE('',#12773,#12774);
#12773 = CARTESIAN_POINT('',(-7.,9.95,30.));
#12774 = VECTOR('',#12775,1.);
#12775 = DIRECTION('',(1.,0.,0.));
#12776 = PCURVE('',#12744,#12777);
#12777 = DEFINITIONAL_REPRESENTATION('',(#12778),#12782);
#12778 = LINE('',#12779,#12780);
#12779 = CARTESIAN_POINT('',(-6.28318530718,0.));
#12780 = VECTOR('',#12781,1.);
#12781 = DIRECTION('',(-0.,-1.));
#12782 = ( GEOMETRIC_REPRESENTATION_CONTEXT(2) 
PARAMETRIC_REPRESENTATION_CONTEXT() REPRESENTATION_CONTEXT('2D SPACE',''
  ) );
#12783 = PCURVE('',#12744,#12784);
#12784 = DEFINITIONAL_REPRESENTATION('',(#12785),#12789);
#12785 = LINE('',#12786,#12787);
#12786 = CARTESIAN_POINT('',(-0.,0.));
#12787 = VECTOR('',#12788,1.);
#12788 = DIRECTION('',(-0.,-1.));
#12789 = ( GEOMETRIC_REPRESENTATION_CONTEXT(2) 
PARAMETRIC_REPRESENTATION_CONTEXT() REPRESENTATION_CONTEXT('2D SPACE',''
  ) );
#12790 = ORIENTED_EDGE('',*,*,#12791,.F.);
#12791 = EDGE_CURVE('',#12769,#12769,#12792,.T.);
#12792 = SURFACE_CURVE('',#12793,(#12798,#12805),.PCURVE_S1.);
#12793 = CIRCLE('',#12794,9.95);
#12794 = AXIS2_PLACEMENT_3D('',#12795,#12796,#12797);
#12795 = CARTESIAN_POINT('',(-2.,0.,30.));
#12796 = DIRECTION('',(-1.,0.,0.));
#12797 = DIRECTION('',(0.,1.,0.));
#12798 = PCURVE('',#12744,#12799);
#12799 = DEFINITIONAL_REPRESENTATION('',(#12800),#12804);
#12800 = LINE('',#12801,#12802);
#12801 = CARTESIAN_POINT('',(-6.28318530718,-5.));
#12802 = VECTOR('',#12803,1.);
#12803 = DIRECTION('',(1.,-0.));
#12804 = ( GEOMETRIC_REPRESENTATION_CONTEXT(2) 
PARAMETRIC_REPRESENTATION_CONTEXT() REPRESENTATION_CONTEXT('2D SPACE',''
  ) );
#12805 = PCURVE('',#12806,#12811);
#12806 = PLANE('',#12807);
#12807 = AXIS2_PLACEMENT_3D('',#12808,#12809,#12810);
#12808 = CARTESIAN_POINT('',(-2.,-1.243127393218E-15,30.));
#12809 = DIRECTION('',(1.,0.,0.));
#12810 = DIRECTION('',(-0.,0.,1.));
#12811 = DEFINITIONAL_REPRESENTATION('',(#12812),#12820);
#12812 = ( BOUNDED_CURVE() B_SPLINE_CURVE(2,(#12813,#12814,#12815,#12816
    ,#12817,#12818,#12819),.UNSPECIFIED.,.T.,.F.) 
B_SPLINE_CURVE_WITH_KNOTS((1,2,2,2,2,1),(-2.094395102393,0.,
    2.094395102393,4.188790204786,6.28318530718,8.377580409573),
.UNSPECIFIED.) CURVE() GEOMETRIC_REPRESENTATION_ITEM() 
RATIONAL_B_SPLINE_CURVE((1.,0.5,1.,0.5,1.,0.5,1.)) REPRESENTATION_ITEM(
  '') );
#12813 = CARTESIAN_POINT('',(-3.552713678801E-15,-9.95));
#12814 = CARTESIAN_POINT('',(-17.23390553531,-9.95));
#12815 = CARTESIAN_POINT('',(-8.616952767655,4.975));
#12816 = CARTESIAN_POINT('',(-5.989760809104E-15,19.9));
#12817 = CARTESIAN_POINT('',(8.616952767655,4.975));
#12818 = CARTESIAN_POINT('',(17.23390553531,-9.95));
#12819 = CARTESIAN_POINT('',(-3.552713678801E-15,-9.95));
#12820 = ( GEOMETRIC_REPRESENTATION_CONTEXT(2) 
PARAMETRIC_REPRESENTATION_CONTEXT() REPRESENTATION_CONTEXT('2D SPACE',''
  ) );
#12821 = ORIENTED_EDGE('',*,*,#12768,.F.);
#12822 = ADVANCED_FACE('',(#12823,#12826),#12756,.F.);
#12823 = FACE_BOUND('',#12824,.F.);
#12824 = EDGE_LOOP('',(#12825));
#12825 = ORIENTED_EDGE('',*,*,#12734,.T.);
#12826 = FACE_BOUND('',#12827,.F.);
#12827 = EDGE_LOOP('',(#12828));
#12828 = ORIENTED_EDGE('',*,*,#12829,.T.);
#12829 = EDGE_CURVE('',#12830,#12830,#12832,.T.);
#12830 = VERTEX_POINT('',#12831);
#12831 = CARTESIAN_POINT('',(-7.,5.025,30.));
#12832 = SURFACE_CURVE('',#12833,(#12838,#12849),.PCURVE_S1.);
#12833 = CIRCLE('',#12834,5.025);
#12834 = AXIS2_PLACEMENT_3D('',#12835,#12836,#12837);
#12835 = CARTESIAN_POINT('',(-7.,0.,30.));
#12836 = DIRECTION('',(-1.,0.,0.));
#12837 = DIRECTION('',(0.,1.,0.));
#12838 = PCURVE('',#12756,#12839);
#12839 = DEFINITIONAL_REPRESENTATION('',(#12840),#12848);
#12840 = ( BOUNDED_CURVE() B_SPLINE_CURVE(2,(#12841,#12842,#12843,#12844
    ,#12845,#12846,#12847),.UNSPECIFIED.,.T.,.F.) 
B_SPLINE_CURVE_WITH_KNOTS((1,2,2,2,2,1),(-2.094395102393,0.,
    2.094395102393,4.188790204786,6.28318530718,8.377580409573),
.UNSPECIFIED.) CURVE() GEOMETRIC_REPRESENTATION_ITEM() 
RATIONAL_B_SPLINE_CURVE((1.,0.5,1.,0.5,1.,0.5,1.)) REPRESENTATION_ITEM(
  '') );
#12841 = CARTESIAN_POINT('',(3.552713678801E-15,-5.025));
#12842 = CARTESIAN_POINT('',(-8.703555308034,-5.025));
#12843 = CARTESIAN_POINT('',(-4.351777654017,2.5125));
#12844 = CARTESIAN_POINT('',(2.321943645657E-15,10.05));
#12845 = CARTESIAN_POINT('',(4.351777654017,2.5125));
#12846 = CARTESIAN_POINT('',(8.703555308034,-5.025));
#12847 = CARTESIAN_POINT('',(3.552713678801E-15,-5.025));
#12848 = ( GEOMETRIC_REPRESENTATION_CONTEXT(2) 
PARAMETRIC_REPRESENTATION_CONTEXT() REPRESENTATION_CONTEXT('2D SPACE',''
  ) );
#12849 = PCURVE('',#12850,#12855);
#12850 = CYLINDRICAL_SURFACE('',#12851,5.025);
#12851 = AXIS2_PLACEMENT_3D('',#12852,#12853,#12854);
#12852 = CARTESIAN_POINT('',(-8.,0.,30.));
#12853 = DIRECTION('',(-1.,-0.,-0.));
#12854 = DIRECTION('',(0.,1.,0.));
#12855 = DEFINITIONAL_REPRESENTATION('',(#12856),#12860);
#12856 = LINE('',#12857,#12858);
#12857 = CARTESIAN_POINT('',(-6.28318530718,-1.));
#12858 = VECTOR('',#12859,1.);
#12859 = DIRECTION('',(1.,-0.));
#12860 = ( GEOMETRIC_REPRESENTATION_CONTEXT(2) 
PARAMETRIC_REPRESENTATION_CONTEXT() REPRESENTATION_CONTEXT('2D SPACE',''
  ) );
#12861 = ADVANCED_FACE('',(#12862,#12865),#12806,.T.);
#12862 = FACE_BOUND('',#12863,.T.);
#12863 = EDGE_LOOP('',(#12864));
#12864 = ORIENTED_EDGE('',*,*,#12791,.F.);
#12865 = FACE_BOUND('',#12866,.T.);
#12866 = EDGE_LOOP('',(#12867));
#12867 = ORIENTED_EDGE('',*,*,#12868,.F.);
#12868 = EDGE_CURVE('',#12869,#12869,#12871,.T.);
#12869 = VERTEX_POINT('',#12870);
#12870 = CARTESIAN_POINT('',(-2.,7.,30.));
#12871 = SURFACE_CURVE('',#12872,(#12877,#12884),.PCURVE_S1.);
#12872 = CIRCLE('',#12873,7.);
#12873 = AXIS2_PLACEMENT_3D('',#12874,#12875,#12876);
#12874 = CARTESIAN_POINT('',(-2.,0.,30.));
#12875 = DIRECTION('',(1.,0.,0.));
#12876 = DIRECTION('',(0.,1.,0.));
#12877 = PCURVE('',#12806,#12878);
#12878 = DEFINITIONAL_REPRESENTATION('',(#12879),#12883);
#12879 = CIRCLE('',#12880,7.);
#12880 = AXIS2_PLACEMENT_2D('',#12881,#12882);
#12881 = CARTESIAN_POINT('',(-3.552713678801E-15,-1.243127393218E-15));
#12882 = DIRECTION('',(0.,-1.));
#12883 = ( GEOMETRIC_REPRESENTATION_CONTEXT(2) 
PARAMETRIC_REPRESENTATION_CONTEXT() REPRESENTATION_CONTEXT('2D SPACE',''
  ) );
#12884 = PCURVE('',#12885,#12890);
#12885 = CYLINDRICAL_SURFACE('',#12886,7.);
#12886 = AXIS2_PLACEMENT_3D('',#12887,#12888,#12889);
#12887 = CARTESIAN_POINT('',(-2.,0.,30.));
#12888 = DIRECTION('',(-1.,-0.,-0.));
#12889 = DIRECTION('',(0.,1.,0.));
#12890 = DEFINITIONAL_REPRESENTATION('',(#12891),#12895);
#12891 = LINE('',#12892,#12893);
#12892 = CARTESIAN_POINT('',(-0.,0.));
#12893 = VECTOR('',#12894,1.);
#12894 = DIRECTION('',(-1.,0.));
#12895 = ( GEOMETRIC_REPRESENTATION_CONTEXT(2) 
PARAMETRIC_REPRESENTATION_CONTEXT() REPRESENTATION_CONTEXT('2D SPACE',''
  ) );
#12896 = ADVANCED_FACE('',(#12897),#12850,.F.);
#12897 = FACE_BOUND('',#12898,.T.);
#12898 = EDGE_LOOP('',(#12899,#12900,#12923,#12954));
#12899 = ORIENTED_EDGE('',*,*,#12829,.T.);
#12900 = ORIENTED_EDGE('',*,*,#12901,.T.);
#12901 = EDGE_CURVE('',#12830,#12902,#12904,.T.);
#12902 = VERTEX_POINT('',#12903);
#12903 = CARTESIAN_POINT('',(7.,5.025,30.));
#12904 = SEAM_CURVE('',#12905,(#12909,#12916),.PCURVE_S1.);
#12905 = LINE('',#12906,#12907);
#12906 = CARTESIAN_POINT('',(-8.,5.025,30.));
#12907 = VECTOR('',#12908,1.);
#12908 = DIRECTION('',(1.,0.,0.));
#12909 = PCURVE('',#12850,#12910);
#12910 = DEFINITIONAL_REPRESENTATION('',(#12911),#12915);
#12911 = LINE('',#12912,#12913);
#12912 = CARTESIAN_POINT('',(-6.28318530718,0.));
#12913 = VECTOR('',#12914,1.);
#12914 = DIRECTION('',(-0.,-1.));
#12915 = ( GEOMETRIC_REPRESENTATION_CONTEXT(2) 
PARAMETRIC_REPRESENTATION_CONTEXT() REPRESENTATION_CONTEXT('2D SPACE',''
  ) );
#12916 = PCURVE('',#12850,#12917);
#12917 = DEFINITIONAL_REPRESENTATION('',(#12918),#12922);
#12918 = LINE('',#12919,#12920);
#12919 = CARTESIAN_POINT('',(-0.,0.));
#12920 = VECTOR('',#12921,1.);
#12921 = DIRECTION('',(-0.,-1.));
#12922 = ( GEOMETRIC_REPRESENTATION_CONTEXT(2) 
PARAMETRIC_REPRESENTATION_CONTEXT() REPRESENTATION_CONTEXT('2D SPACE',''
  ) );
#12923 = ORIENTED_EDGE('',*,*,#12924,.F.);
#12924 = EDGE_CURVE('',#12902,#12902,#12925,.T.);
#12925 = SURFACE_CURVE('',#12926,(#12931,#12938),.PCURVE_S1.);
#12926 = CIRCLE('',#12927,5.025);
#12927 = AXIS2_PLACEMENT_3D('',#12928,#12929,#12930);
#12928 = CARTESIAN_POINT('',(7.,0.,30.));
#12929 = DIRECTION('',(-1.,0.,0.));
#12930 = DIRECTION('',(0.,1.,0.));
#12931 = PCURVE('',#12850,#12932);
#12932 = DEFINITIONAL_REPRESENTATION('',(#12933),#12937);
#12933 = LINE('',#12934,#12935);
#12934 = CARTESIAN_POINT('',(-6.28318530718,-15.));
#12935 = VECTOR('',#12936,1.);
#12936 = DIRECTION('',(1.,-0.));
#12937 = ( GEOMETRIC_REPRESENTATION_CONTEXT(2) 
PARAMETRIC_REPRESENTATION_CONTEXT() REPRESENTATION_CONTEXT('2D SPACE',''
  ) );
#12938 = PCURVE('',#12939,#12944);
#12939 = PLANE('',#12940);
#12940 = AXIS2_PLACEMENT_3D('',#12941,#12942,#12943);
#12941 = CARTESIAN_POINT('',(7.,-2.748623381989E-16,30.));
#12942 = DIRECTION('',(1.,0.,0.));
#12943 = DIRECTION('',(-0.,0.,1.));
#12944 = DEFINITIONAL_REPRESENTATION('',(#12945),#12953);
#12945 = ( BOUNDED_CURVE() B_SPLINE_CURVE(2,(#12946,#12947,#12948,#12949
    ,#12950,#12951,#12952),.UNSPECIFIED.,.T.,.F.) 
B_SPLINE_CURVE_WITH_KNOTS((1,2,2,2,2,1),(-2.094395102393,0.,
    2.094395102393,4.188790204786,6.28318530718,8.377580409573),
.UNSPECIFIED.) CURVE() GEOMETRIC_REPRESENTATION_ITEM() 
RATIONAL_B_SPLINE_CURVE((1.,0.5,1.,0.5,1.,0.5,1.)) REPRESENTATION_ITEM(
  '') );
#12946 = CARTESIAN_POINT('',(3.552713678801E-15,-5.025));
#12947 = CARTESIAN_POINT('',(-8.703555308034,-5.025));
#12948 = CARTESIAN_POINT('',(-4.351777654017,2.5125));
#12949 = CARTESIAN_POINT('',(2.321943645657E-15,10.05));
#12950 = CARTESIAN_POINT('',(4.351777654017,2.5125));
#12951 = CARTESIAN_POINT('',(8.703555308034,-5.025));
#12952 = CARTESIAN_POINT('',(3.552713678801E-15,-5.025));
#12953 = ( GEOMETRIC_REPRESENTATION_CONTEXT(2) 
PARAMETRIC_REPRESENTATION_CONTEXT() REPRESENTATION_CONTEXT('2D SPACE',''
  ) );
#12954 = ORIENTED_EDGE('',*,*,#12901,.F.);
#12955 = ADVANCED_FACE('',(#12956),#12885,.T.);
#12956 = FACE_BOUND('',#12957,.F.);
#12957 = EDGE_LOOP('',(#12958,#12981,#13008,#13009));
#12958 = ORIENTED_EDGE('',*,*,#12959,.T.);
#12959 = EDGE_CURVE('',#12869,#12960,#12962,.T.);
#12960 = VERTEX_POINT('',#12961);
#12961 = CARTESIAN_POINT('',(2.,7.,30.));
#12962 = SEAM_CURVE('',#12963,(#12967,#12974),.PCURVE_S1.);
#12963 = LINE('',#12964,#12965);
#12964 = CARTESIAN_POINT('',(-2.,7.,30.));
#12965 = VECTOR('',#12966,1.);
#12966 = DIRECTION('',(1.,0.,0.));
#12967 = PCURVE('',#12885,#12968);
#12968 = DEFINITIONAL_REPRESENTATION('',(#12969),#12973);
#12969 = LINE('',#12970,#12971);
#12970 = CARTESIAN_POINT('',(-0.,0.));
#12971 = VECTOR('',#12972,1.);
#12972 = DIRECTION('',(-0.,-1.));
#12973 = ( GEOMETRIC_REPRESENTATION_CONTEXT(2) 
PARAMETRIC_REPRESENTATION_CONTEXT() REPRESENTATION_CONTEXT('2D SPACE',''
  ) );
#12974 = PCURVE('',#12885,#12975);
#12975 = DEFINITIONAL_REPRESENTATION('',(#12976),#12980);
#12976 = LINE('',#12977,#12978);
#12977 = CARTESIAN_POINT('',(-6.28318530718,0.));
#12978 = VECTOR('',#12979,1.);
#12979 = DIRECTION('',(-0.,-1.));
#12980 = ( GEOMETRIC_REPRESENTATION_CONTEXT(2) 
PARAMETRIC_REPRESENTATION_CONTEXT() REPRESENTATION_CONTEXT('2D SPACE',''
  ) );
#12981 = ORIENTED_EDGE('',*,*,#12982,.T.);
#12982 = EDGE_CURVE('',#12960,#12960,#12983,.T.);
#12983 = SURFACE_CURVE('',#12984,(#12989,#12996),.PCURVE_S1.);
#12984 = CIRCLE('',#12985,7.);
#12985 = AXIS2_PLACEMENT_3D('',#12986,#12987,#12988);
#12986 = CARTESIAN_POINT('',(2.,0.,30.));
#12987 = DIRECTION('',(1.,0.,0.));
#12988 = DIRECTION('',(0.,1.,0.));
#12989 = PCURVE('',#12885,#12990);
#12990 = DEFINITIONAL_REPRESENTATION('',(#12991),#12995);
#12991 = LINE('',#12992,#12993);
#12992 = CARTESIAN_POINT('',(-0.,-4.));
#12993 = VECTOR('',#12994,1.);
#12994 = DIRECTION('',(-1.,0.));
#12995 = ( GEOMETRIC_REPRESENTATION_CONTEXT(2) 
PARAMETRIC_REPRESENTATION_CONTEXT() REPRESENTATION_CONTEXT('2D SPACE',''
  ) );
#12996 = PCURVE('',#12997,#13002);
#12997 = PLANE('',#12998);
#12998 = AXIS2_PLACEMENT_3D('',#12999,#13000,#13001);
#12999 = CARTESIAN_POINT('',(2.,-1.243127393218E-15,30.));
#13000 = DIRECTION('',(1.,0.,0.));
#13001 = DIRECTION('',(-0.,0.,1.));
#13002 = DEFINITIONAL_REPRESENTATION('',(#13003),#13007);
#13003 = CIRCLE('',#13004,7.);
#13004 = AXIS2_PLACEMENT_2D('',#13005,#13006);
#13005 = CARTESIAN_POINT('',(-3.552713678801E-15,-1.243127393218E-15));
#13006 = DIRECTION('',(0.,-1.));
#13007 = ( GEOMETRIC_REPRESENTATION_CONTEXT(2) 
PARAMETRIC_REPRESENTATION_CONTEXT() REPRESENTATION_CONTEXT('2D SPACE',''
  ) );
#13008 = ORIENTED_EDGE('',*,*,#12959,.F.);
#13009 = ORIENTED_EDGE('',*,*,#12868,.F.);
#13010 = ADVANCED_FACE('',(#13011,#13042),#12939,.T.);
#13011 = FACE_BOUND('',#13012,.T.);
#13012 = EDGE_LOOP('',(#13013));
#13013 = ORIENTED_EDGE('',*,*,#13014,.T.);
#13014 = EDGE_CURVE('',#13015,#13015,#13017,.T.);
#13015 = VERTEX_POINT('',#13016);
#13016 = CARTESIAN_POINT('',(7.,9.95,30.));
#13017 = SURFACE_CURVE('',#13018,(#13023,#13030),.PCURVE_S1.);
#13018 = CIRCLE('',#13019,9.95);
#13019 = AXIS2_PLACEMENT_3D('',#13020,#13021,#13022);
#13020 = CARTESIAN_POINT('',(7.,0.,30.));
#13021 = DIRECTION('',(1.,0.,0.));
#13022 = DIRECTION('',(0.,1.,0.));
#13023 = PCURVE('',#12939,#13024);
#13024 = DEFINITIONAL_REPRESENTATION('',(#13025),#13029);
#13025 = CIRCLE('',#13026,9.95);
#13026 = AXIS2_PLACEMENT_2D('',#13027,#13028);
#13027 = CARTESIAN_POINT('',(3.552713678801E-15,-2.748623381989E-16));
#13028 = DIRECTION('',(0.,-1.));
#13029 = ( GEOMETRIC_REPRESENTATION_CONTEXT(2) 
PARAMETRIC_REPRESENTATION_CONTEXT() REPRESENTATION_CONTEXT('2D SPACE',''
  ) );
#13030 = PCURVE('',#13031,#13036);
#13031 = CYLINDRICAL_SURFACE('',#13032,9.95);
#13032 = AXIS2_PLACEMENT_3D('',#13033,#13034,#13035);
#13033 = CARTESIAN_POINT('',(-7.,0.,30.));
#13034 = DIRECTION('',(-1.,-0.,-0.));
#13035 = DIRECTION('',(0.,1.,0.));
#13036 = DEFINITIONAL_REPRESENTATION('',(#13037),#13041);
#13037 = LINE('',#13038,#13039);
#13038 = CARTESIAN_POINT('',(-0.,-14.));
#13039 = VECTOR('',#13040,1.);
#13040 = DIRECTION('',(-1.,0.));
#13041 = ( GEOMETRIC_REPRESENTATION_CONTEXT(2) 
PARAMETRIC_REPRESENTATION_CONTEXT() REPRESENTATION_CONTEXT('2D SPACE',''
  ) );
#13042 = FACE_BOUND('',#13043,.T.);
#13043 = EDGE_LOOP('',(#13044));
#13044 = ORIENTED_EDGE('',*,*,#12924,.T.);
#13045 = ADVANCED_FACE('',(#13046,#13076),#12997,.F.);
#13046 = FACE_BOUND('',#13047,.F.);
#13047 = EDGE_LOOP('',(#13048));
#13048 = ORIENTED_EDGE('',*,*,#13049,.F.);
#13049 = EDGE_CURVE('',#13050,#13050,#13052,.T.);
#13050 = VERTEX_POINT('',#13051);
#13051 = CARTESIAN_POINT('',(2.,9.95,30.));
#13052 = SURFACE_CURVE('',#13053,(#13058,#13069),.PCURVE_S1.);
#13053 = CIRCLE('',#13054,9.95);
#13054 = AXIS2_PLACEMENT_3D('',#13055,#13056,#13057);
#13055 = CARTESIAN_POINT('',(2.,0.,30.));
#13056 = DIRECTION('',(-1.,0.,0.));
#13057 = DIRECTION('',(0.,1.,0.));
#13058 = PCURVE('',#12997,#13059);
#13059 = DEFINITIONAL_REPRESENTATION('',(#13060),#13068);
#13060 = ( BOUNDED_CURVE() B_SPLINE_CURVE(2,(#13061,#13062,#13063,#13064
    ,#13065,#13066,#13067),.UNSPECIFIED.,.T.,.F.) 
B_SPLINE_CURVE_WITH_KNOTS((1,2,2,2,2,1),(-2.094395102393,0.,
    2.094395102393,4.188790204786,6.28318530718,8.377580409573),
.UNSPECIFIED.) CURVE() GEOMETRIC_REPRESENTATION_ITEM() 
RATIONAL_B_SPLINE_CURVE((1.,0.5,1.,0.5,1.,0.5,1.)) REPRESENTATION_ITEM(
  '') );
#13061 = CARTESIAN_POINT('',(-3.552713678801E-15,-9.95));
#13062 = CARTESIAN_POINT('',(-17.23390553531,-9.95));
#13063 = CARTESIAN_POINT('',(-8.616952767655,4.975));
#13064 = CARTESIAN_POINT('',(-5.989760809104E-15,19.9));
#13065 = CARTESIAN_POINT('',(8.616952767655,4.975));
#13066 = CARTESIAN_POINT('',(17.23390553531,-9.95));
#13067 = CARTESIAN_POINT('',(-3.552713678801E-15,-9.95));
#13068 = ( GEOMETRIC_REPRESENTATION_CONTEXT(2) 
PARAMETRIC_REPRESENTATION_CONTEXT() REPRESENTATION_CONTEXT('2D SPACE',''
  ) );
#13069 = PCURVE('',#13031,#13070);
#13070 = DEFINITIONAL_REPRESENTATION('',(#13071),#13075);
#13071 = LINE('',#13072,#13073);
#13072 = CARTESIAN_POINT('',(-6.28318530718,-9.));
#13073 = VECTOR('',#13074,1.);
#13074 = DIRECTION('',(1.,-0.));
#13075 = ( GEOMETRIC_REPRESENTATION_CONTEXT(2) 
PARAMETRIC_REPRESENTATION_CONTEXT() REPRESENTATION_CONTEXT('2D SPACE',''
  ) );
#13076 = FACE_BOUND('',#13077,.F.);
#13077 = EDGE_LOOP('',(#13078));
#13078 = ORIENTED_EDGE('',*,*,#12982,.F.);
#13079 = ADVANCED_FACE('',(#13080),#13031,.T.);
#13080 = FACE_BOUND('',#13081,.F.);
#13081 = EDGE_LOOP('',(#13082,#13083,#13104,#13105));
#13082 = ORIENTED_EDGE('',*,*,#13049,.T.);
#13083 = ORIENTED_EDGE('',*,*,#13084,.T.);
#13084 = EDGE_CURVE('',#13050,#13015,#13085,.T.);
#13085 = SEAM_CURVE('',#13086,(#13090,#13097),.PCURVE_S1.);
#13086 = LINE('',#13087,#13088);
#13087 = CARTESIAN_POINT('',(-7.,9.95,30.));
#13088 = VECTOR('',#13089,1.);
#13089 = DIRECTION('',(1.,0.,0.));
#13090 = PCURVE('',#13031,#13091);
#13091 = DEFINITIONAL_REPRESENTATION('',(#13092),#13096);
#13092 = LINE('',#13093,#13094);
#13093 = CARTESIAN_POINT('',(-6.28318530718,0.));
#13094 = VECTOR('',#13095,1.);
#13095 = DIRECTION('',(-0.,-1.));
#13096 = ( GEOMETRIC_REPRESENTATION_CONTEXT(2) 
PARAMETRIC_REPRESENTATION_CONTEXT() REPRESENTATION_CONTEXT('2D SPACE',''
  ) );
#13097 = PCURVE('',#13031,#13098);
#13098 = DEFINITIONAL_REPRESENTATION('',(#13099),#13103);
#13099 = LINE('',#13100,#13101);
#13100 = CARTESIAN_POINT('',(-0.,0.));
#13101 = VECTOR('',#13102,1.);
#13102 = DIRECTION('',(-0.,-1.));
#13103 = ( GEOMETRIC_REPRESENTATION_CONTEXT(2) 
PARAMETRIC_REPRESENTATION_CONTEXT() REPRESENTATION_CONTEXT('2D SPACE',''
  ) );
#13104 = ORIENTED_EDGE('',*,*,#13014,.T.);
#13105 = ORIENTED_EDGE('',*,*,#13084,.F.);
#13106 = ( GEOMETRIC_REPRESENTATION_CONTEXT(3) 
GLOBAL_UNCERTAINTY_ASSIGNED_CONTEXT((#13110)) 
GLOBAL_UNIT_ASSIGNED_CONTEXT((#13107,#13108,#13109)) 
REPRESENTATION_CONTEXT('Context #1',
  '3D Context with UNIT and UNCERTAINTY') );
#13107 = ( LENGTH_UNIT() NAMED_UNIT(*) SI_UNIT(.MILLI.,.METRE.) );
#13108 = ( NAMED_UNIT(*) PLANE_ANGLE_UNIT() SI_UNIT($,.RADIAN.) );
#13109 = ( NAMED_UNIT(*) SI_UNIT($,.STERADIAN.) SOLID_ANGLE_UNIT() );
#13110 = UNCERTAINTY_MEASURE_WITH_UNIT(LENGTH_MEASURE(1.E-07),#13107,
  'distance_accuracy_value','confusion accuracy');
#13111 = CONTEXT_DEPENDENT_SHAPE_REPRESENTATION(#13112,#13114);
#13112 = ( REPRESENTATION_RELATIONSHIP('','',#12727,#10) 
REPRESENTATION_RELATIONSHIP_WITH_TRANSFORMATION(#13113) 
SHAPE_REPRESENTATION_RELATIONSHIP() );
#13113 = ITEM_DEFINED_TRANSFORMATION('','',#11,#27);
#13114 = PRODUCT_DEFINITION_SHAPE('Placement','Placement of an item',
  #13115);
#13115 = NEXT_ASSEMBLY_USAGE_OCCURRENCE('4','piston','',#5,#12722,$);
#13116 = PRODUCT_RELATED_PRODUCT_CATEGORY('part',$,(#12724));
#13117 = SHAPE_DEFINITION_REPRESENTATION(#13118,#13124);
#13118 = PRODUCT_DEFINITION_SHAPE('','',#13119);
#13119 = PRODUCT_DEFINITION('design','',#13120,#13123);
#13120 = PRODUCT_DEFINITION_FORMATION('','',#13121);
#13121 = PRODUCT('vastago','vastago','',(#13122));
#13122 = PRODUCT_CONTEXT('',#2,'mechanical');
#13123 = PRODUCT_DEFINITION_CONTEXT('part definition',#2,'design');
#13124 = ADVANCED_BREP_SHAPE_REPRESENTATION('',(#11,#13125),#13411);
#13125 = MANIFOLD_SOLID_BREP('',#13126);
#13126 = CLOSED_SHELL('',(#13127,#13223,#13258,#13293,#13348,#13403,
    #13407));
#13127 = ADVANCED_FACE('',(#13128),#13142,.T.);
#13128 = FACE_BOUND('',#13129,.F.);
#13129 = EDGE_LOOP('',(#13130,#13160,#13191,#13192));
#13130 = ORIENTED_EDGE('',*,*,#13131,.F.);
#13131 = EDGE_CURVE('',#13132,#13134,#13136,.T.);
#13132 = VERTEX_POINT('',#13133);
#13133 = CARTESIAN_POINT('',(-102.,5.,30.));
#13134 = VERTEX_POINT('',#13135);
#13135 = CARTESIAN_POINT('',(102.,5.,30.));
#13136 = SEAM_CURVE('',#13137,(#13141,#13153),.PCURVE_S1.);
#13137 = LINE('',#13138,#13139);
#13138 = CARTESIAN_POINT('',(-120.,5.,30.));
#13139 = VECTOR('',#13140,1.);
#13140 = DIRECTION('',(1.,0.,0.));
#13141 = PCURVE('',#13142,#13147);
#13142 = CYLINDRICAL_SURFACE('',#13143,5.);
#13143 = AXIS2_PLACEMENT_3D('',#13144,#13145,#13146);
#13144 = CARTESIAN_POINT('',(-120.,0.,30.));
#13145 = DIRECTION('',(-1.,-0.,-0.));
#13146 = DIRECTION('',(0.,1.,0.));
#13147 = DEFINITIONAL_REPRESENTATION('',(#13148),#13152);
#13148 = LINE('',#13149,#13150);
#13149 = CARTESIAN_POINT('',(-6.28318530718,0.));
#13150 = VECTOR('',#13151,1.);
#13151 = DIRECTION('',(-0.,-1.));
#13152 = ( GEOMETRIC_REPRESENTATION_CONTEXT(2) 
PARAMETRIC_REPRESENTATION_CONTEXT() REPRESENTATION_CONTEXT('2D SPACE',''
  ) );
#13153 = PCURVE('',#13142,#13154);
#13154 = DEFINITIONAL_REPRESENTATION('',(#13155),#13159);
#13155 = LINE('',#13156,#13157);
#13156 = CARTESIAN_POINT('',(-0.,0.));
#13157 = VECTOR('',#13158,1.);
#13158 = DIRECTION('',(-0.,-1.));
#13159 = ( GEOMETRIC_REPRESENTATION_CONTEXT(2) 
PARAMETRIC_REPRESENTATION_CONTEXT() REPRESENTATION_CONTEXT('2D SPACE',''
  ) );
#13160 = ORIENTED_EDGE('',*,*,#13161,.T.);
#13161 = EDGE_CURVE('',#13132,#13132,#13162,.T.);
#13162 = SURFACE_CURVE('',#13163,(#13168,#13175),.PCURVE_S1.);
#13163 = CIRCLE('',#13164,5.);
#13164 = AXIS2_PLACEMENT_3D('',#13165,#13166,#13167);
#13165 = CARTESIAN_POINT('',(-102.,0.,30.));
#13166 = DIRECTION('',(-1.,0.,0.));
#13167 = DIRECTION('',(0.,1.,0.));
#13168 = PCURVE('',#13142,#13169);
#13169 = DEFINITIONAL_REPRESENTATION('',(#13170),#13174);
#13170 = LINE('',#13171,#13172);
#13171 = CARTESIAN_POINT('',(-6.28318530718,-18.));
#13172 = VECTOR('',#13173,1.);
#13173 = DIRECTION('',(1.,-0.));
#13174 = ( GEOMETRIC_REPRESENTATION_CONTEXT(2) 
PARAMETRIC_REPRESENTATION_CONTEXT() REPRESENTATION_CONTEXT('2D SPACE',''
  ) );
#13175 = PCURVE('',#13176,#13181);
#13176 = PLANE('',#13177);
#13177 = AXIS2_PLACEMENT_3D('',#13178,#13179,#13180);
#13178 = CARTESIAN_POINT('',(-102.,-6.215636966088E-16,30.));
#13179 = DIRECTION('',(1.,0.,0.));
#13180 = DIRECTION('',(-0.,0.,1.));
#13181 = DEFINITIONAL_REPRESENTATION('',(#13182),#13190);
#13182 = ( BOUNDED_CURVE() B_SPLINE_CURVE(2,(#13183,#13184,#13185,#13186
    ,#13187,#13188,#13189),.UNSPECIFIED.,.T.,.F.) 
B_SPLINE_CURVE_WITH_KNOTS((1,2,2,2,2,1),(-2.094395102393,0.,
    2.094395102393,4.188790204786,6.28318530718,8.377580409573),
.UNSPECIFIED.) CURVE() GEOMETRIC_REPRESENTATION_ITEM() 
RATIONAL_B_SPLINE_CURVE((1.,0.5,1.,0.5,1.,0.5,1.)) REPRESENTATION_ITEM(
  '') );
#13183 = CARTESIAN_POINT('',(-3.552713678801E-15,-5.));
#13184 = CARTESIAN_POINT('',(-8.660254037844,-5.));
#13185 = CARTESIAN_POINT('',(-4.330127018922,2.5));
#13186 = CARTESIAN_POINT('',(-4.777360477948E-15,10.));
#13187 = CARTESIAN_POINT('',(4.330127018922,2.5));
#13188 = CARTESIAN_POINT('',(8.660254037844,-5.));
#13189 = CARTESIAN_POINT('',(-3.552713678801E-15,-5.));
#13190 = ( GEOMETRIC_REPRESENTATION_CONTEXT(2) 
PARAMETRIC_REPRESENTATION_CONTEXT() REPRESENTATION_CONTEXT('2D SPACE',''
  ) );
#13191 = ORIENTED_EDGE('',*,*,#13131,.T.);
#13192 = ORIENTED_EDGE('',*,*,#13193,.F.);
#13193 = EDGE_CURVE('',#13134,#13134,#13194,.T.);
#13194 = SURFACE_CURVE('',#13195,(#13200,#13207),.PCURVE_S1.);
#13195 = CIRCLE('',#13196,5.);
#13196 = AXIS2_PLACEMENT_3D('',#13197,#13198,#13199);
#13197 = CARTESIAN_POINT('',(102.,0.,30.));
#13198 = DIRECTION('',(-1.,0.,0.));
#13199 = DIRECTION('',(0.,1.,0.));
#13200 = PCURVE('',#13142,#13201);
#13201 = DEFINITIONAL_REPRESENTATION('',(#13202),#13206);
#13202 = LINE('',#13203,#13204);
#13203 = CARTESIAN_POINT('',(-6.28318530718,-222.));
#13204 = VECTOR('',#13205,1.);
#13205 = DIRECTION('',(1.,-0.));
#13206 = ( GEOMETRIC_REPRESENTATION_CONTEXT(2) 
PARAMETRIC_REPRESENTATION_CONTEXT() REPRESENTATION_CONTEXT('2D SPACE',''
  ) );
#13207 = PCURVE('',#13208,#13213);
#13208 = PLANE('',#13209);
#13209 = AXIS2_PLACEMENT_3D('',#13210,#13211,#13212);
#13210 = CARTESIAN_POINT('',(102.,-6.215636966088E-16,30.));
#13211 = DIRECTION('',(1.,0.,0.));
#13212 = DIRECTION('',(-0.,0.,1.));
#13213 = DEFINITIONAL_REPRESENTATION('',(#13214),#13222);
#13214 = ( BOUNDED_CURVE() B_SPLINE_CURVE(2,(#13215,#13216,#13217,#13218
    ,#13219,#13220,#13221),.UNSPECIFIED.,.T.,.F.) 
B_SPLINE_CURVE_WITH_KNOTS((1,2,2,2,2,1),(-2.094395102393,0.,
    2.094395102393,4.188790204786,6.28318530718,8.377580409573),
.UNSPECIFIED.) CURVE() GEOMETRIC_REPRESENTATION_ITEM() 
RATIONAL_B_SPLINE_CURVE((1.,0.5,1.,0.5,1.,0.5,1.)) REPRESENTATION_ITEM(
  '') );
#13215 = CARTESIAN_POINT('',(-3.552713678801E-15,-5.));
#13216 = CARTESIAN_POINT('',(-8.660254037844,-5.));
#13217 = CARTESIAN_POINT('',(-4.330127018922,2.5));
#13218 = CARTESIAN_POINT('',(-4.777360477948E-15,10.));
#13219 = CARTESIAN_POINT('',(4.330127018922,2.5));
#13220 = CARTESIAN_POINT('',(8.660254037844,-5.));
#13221 = CARTESIAN_POINT('',(-3.552713678801E-15,-5.));
#13222 = ( GEOMETRIC_REPRESENTATION_CONTEXT(2) 
PARAMETRIC_REPRESENTATION_CONTEXT() REPRESENTATION_CONTEXT('2D SPACE',''
  ) );
#13223 = ADVANCED_FACE('',(#13224,#13227),#13208,.T.);
#13224 = FACE_BOUND('',#13225,.T.);
#13225 = EDGE_LOOP('',(#13226));
#13226 = ORIENTED_EDGE('',*,*,#13193,.F.);
#13227 = FACE_BOUND('',#13228,.T.);
#13228 = EDGE_LOOP('',(#13229));
#13229 = ORIENTED_EDGE('',*,*,#13230,.F.);
#13230 = EDGE_CURVE('',#13231,#13231,#13233,.T.);
#13231 = VERTEX_POINT('',#13232);
#13232 = CARTESIAN_POINT('',(102.,4.,30.));
#13233 = SURFACE_CURVE('',#13234,(#13239,#13246),.PCURVE_S1.);
#13234 = CIRCLE('',#13235,4.);
#13235 = AXIS2_PLACEMENT_3D('',#13236,#13237,#13238);
#13236 = CARTESIAN_POINT('',(102.,0.,30.));
#13237 = DIRECTION('',(1.,0.,0.));
#13238 = DIRECTION('',(0.,1.,0.));
#13239 = PCURVE('',#13208,#13240);
#13240 = DEFINITIONAL_REPRESENTATION('',(#13241),#13245);
#13241 = CIRCLE('',#13242,4.);
#13242 = AXIS2_PLACEMENT_2D('',#13243,#13244);
#13243 = CARTESIAN_POINT('',(-3.552713678801E-15,-6.215636966088E-16));
#13244 = DIRECTION('',(0.,-1.));
#13245 = ( GEOMETRIC_REPRESENTATION_CONTEXT(2) 
PARAMETRIC_REPRESENTATION_CONTEXT() REPRESENTATION_CONTEXT('2D SPACE',''
  ) );
#13246 = PCURVE('',#13247,#13252);
#13247 = CYLINDRICAL_SURFACE('',#13248,4.);
#13248 = AXIS2_PLACEMENT_3D('',#13249,#13250,#13251);
#13249 = CARTESIAN_POINT('',(102.,0.,30.));
#13250 = DIRECTION('',(-1.,-0.,-0.));
#13251 = DIRECTION('',(0.,1.,0.));
#13252 = DEFINITIONAL_REPRESENTATION('',(#13253),#13257);
#13253 = LINE('',#13254,#13255);
#13254 = CARTESIAN_POINT('',(-0.,0.));
#13255 = VECTOR('',#13256,1.);
#13256 = DIRECTION('',(-1.,0.));
#13257 = ( GEOMETRIC_REPRESENTATION_CONTEXT(2) 
PARAMETRIC_REPRESENTATION_CONTEXT() REPRESENTATION_CONTEXT('2D SPACE',''
  ) );
#13258 = ADVANCED_FACE('',(#13259,#13262),#13176,.F.);
#13259 = FACE_BOUND('',#13260,.F.);
#13260 = EDGE_LOOP('',(#13261));
#13261 = ORIENTED_EDGE('',*,*,#13161,.F.);
#13262 = FACE_BOUND('',#13263,.F.);
#13263 = EDGE_LOOP('',(#13264));
#13264 = ORIENTED_EDGE('',*,*,#13265,.F.);
#13265 = EDGE_CURVE('',#13266,#13266,#13268,.T.);
#13266 = VERTEX_POINT('',#13267);
#13267 = CARTESIAN_POINT('',(-102.,4.,30.));
#13268 = SURFACE_CURVE('',#13269,(#13274,#13281),.PCURVE_S1.);
#13269 = CIRCLE('',#13270,4.);
#13270 = AXIS2_PLACEMENT_3D('',#13271,#13272,#13273);
#13271 = CARTESIAN_POINT('',(-102.,0.,30.));
#13272 = DIRECTION('',(1.,0.,0.));
#13273 = DIRECTION('',(0.,1.,0.));
#13274 = PCURVE('',#13176,#13275);
#13275 = DEFINITIONAL_REPRESENTATION('',(#13276),#13280);
#13276 = CIRCLE('',#13277,4.);
#13277 = AXIS2_PLACEMENT_2D('',#13278,#13279);
#13278 = CARTESIAN_POINT('',(-3.552713678801E-15,-6.215636966088E-16));
#13279 = DIRECTION('',(0.,-1.));
#13280 = ( GEOMETRIC_REPRESENTATION_CONTEXT(2) 
PARAMETRIC_REPRESENTATION_CONTEXT() REPRESENTATION_CONTEXT('2D SPACE',''
  ) );
#13281 = PCURVE('',#13282,#13287);
#13282 = CYLINDRICAL_SURFACE('',#13283,4.);
#13283 = AXIS2_PLACEMENT_3D('',#13284,#13285,#13286);
#13284 = CARTESIAN_POINT('',(-120.,0.,30.));
#13285 = DIRECTION('',(-1.,-0.,-0.));
#13286 = DIRECTION('',(0.,1.,0.));
#13287 = DEFINITIONAL_REPRESENTATION('',(#13288),#13292);
#13288 = LINE('',#13289,#13290);
#13289 = CARTESIAN_POINT('',(-0.,-18.));
#13290 = VECTOR('',#13291,1.);
#13291 = DIRECTION('',(-1.,0.));
#13292 = ( GEOMETRIC_REPRESENTATION_CONTEXT(2) 
PARAMETRIC_REPRESENTATION_CONTEXT() REPRESENTATION_CONTEXT('2D SPACE',''
  ) );
#13293 = ADVANCED_FACE('',(#13294),#13247,.T.);
#13294 = FACE_BOUND('',#13295,.F.);
#13295 = EDGE_LOOP('',(#13296,#13319,#13346,#13347));
#13296 = ORIENTED_EDGE('',*,*,#13297,.T.);
#13297 = EDGE_CURVE('',#13231,#13298,#13300,.T.);
#13298 = VERTEX_POINT('',#13299);
#13299 = CARTESIAN_POINT('',(120.,4.,30.));
#13300 = SEAM_CURVE('',#13301,(#13305,#13312),.PCURVE_S1.);
#13301 = LINE('',#13302,#13303);
#13302 = CARTESIAN_POINT('',(102.,4.,30.));
#13303 = VECTOR('',#13304,1.);
#13304 = DIRECTION('',(1.,0.,0.));
#13305 = PCURVE('',#13247,#13306);
#13306 = DEFINITIONAL_REPRESENTATION('',(#13307),#13311);
#13307 = LINE('',#13308,#13309);
#13308 = CARTESIAN_POINT('',(-0.,0.));
#13309 = VECTOR('',#13310,1.);
#13310 = DIRECTION('',(-0.,-1.));
#13311 = ( GEOMETRIC_REPRESENTATION_CONTEXT(2) 
PARAMETRIC_REPRESENTATION_CONTEXT() REPRESENTATION_CONTEXT('2D SPACE',''
  ) );
#13312 = PCURVE('',#13247,#13313);
#13313 = DEFINITIONAL_REPRESENTATION('',(#13314),#13318);
#13314 = LINE('',#13315,#13316);
#13315 = CARTESIAN_POINT('',(-6.28318530718,0.));
#13316 = VECTOR('',#13317,1.);
#13317 = DIRECTION('',(-0.,-1.));
#13318 = ( GEOMETRIC_REPRESENTATION_CONTEXT(2) 
PARAMETRIC_REPRESENTATION_CONTEXT() REPRESENTATION_CONTEXT('2D SPACE',''
  ) );
#13319 = ORIENTED_EDGE('',*,*,#13320,.T.);
#13320 = EDGE_CURVE('',#13298,#13298,#13321,.T.);
#13321 = SURFACE_CURVE('',#13322,(#13327,#13334),.PCURVE_S1.);
#13322 = CIRCLE('',#13323,4.);
#13323 = AXIS2_PLACEMENT_3D('',#13324,#13325,#13326);
#13324 = CARTESIAN_POINT('',(120.,0.,30.));
#13325 = DIRECTION('',(1.,0.,0.));
#13326 = DIRECTION('',(0.,1.,0.));
#13327 = PCURVE('',#13247,#13328);
#13328 = DEFINITIONAL_REPRESENTATION('',(#13329),#13333);
#13329 = LINE('',#13330,#13331);
#13330 = CARTESIAN_POINT('',(-0.,-18.));
#13331 = VECTOR('',#13332,1.);
#13332 = DIRECTION('',(-1.,0.));
#13333 = ( GEOMETRIC_REPRESENTATION_CONTEXT(2) 
PARAMETRIC_REPRESENTATION_CONTEXT() REPRESENTATION_CONTEXT('2D SPACE',''
  ) );
#13334 = PCURVE('',#13335,#13340);
#13335 = PLANE('',#13336);
#13336 = AXIS2_PLACEMENT_3D('',#13337,#13338,#13339);
#13337 = CARTESIAN_POINT('',(120.,-1.367440132539E-16,30.));
#13338 = DIRECTION('',(1.,0.,0.));
#13339 = DIRECTION('',(-0.,0.,1.));
#13340 = DEFINITIONAL_REPRESENTATION('',(#13341),#13345);
#13341 = CIRCLE('',#13342,4.);
#13342 = AXIS2_PLACEMENT_2D('',#13343,#13344);
#13343 = CARTESIAN_POINT('',(0.,-1.367440132539E-16));
#13344 = DIRECTION('',(0.,-1.));
#13345 = ( GEOMETRIC_REPRESENTATION_CONTEXT(2) 
PARAMETRIC_REPRESENTATION_CONTEXT() REPRESENTATION_CONTEXT('2D SPACE',''
  ) );
#13346 = ORIENTED_EDGE('',*,*,#13297,.F.);
#13347 = ORIENTED_EDGE('',*,*,#13230,.F.);
#13348 = ADVANCED_FACE('',(#13349),#13282,.T.);
#13349 = FACE_BOUND('',#13350,.F.);
#13350 = EDGE_LOOP('',(#13351,#13374,#13375,#13376));
#13351 = ORIENTED_EDGE('',*,*,#13352,.T.);
#13352 = EDGE_CURVE('',#13353,#13266,#13355,.T.);
#13353 = VERTEX_POINT('',#13354);
#13354 = CARTESIAN_POINT('',(-120.,4.,30.));
#13355 = SEAM_CURVE('',#13356,(#13360,#13367),.PCURVE_S1.);
#13356 = LINE('',#13357,#13358);
#13357 = CARTESIAN_POINT('',(-120.,4.,30.));
#13358 = VECTOR('',#13359,1.);
#13359 = DIRECTION('',(1.,0.,0.));
#13360 = PCURVE('',#13282,#13361);
#13361 = DEFINITIONAL_REPRESENTATION('',(#13362),#13366);
#13362 = LINE('',#13363,#13364);
#13363 = CARTESIAN_POINT('',(-0.,0.));
#13364 = VECTOR('',#13365,1.);
#13365 = DIRECTION('',(-0.,-1.));
#13366 = ( GEOMETRIC_REPRESENTATION_CONTEXT(2) 
PARAMETRIC_REPRESENTATION_CONTEXT() REPRESENTATION_CONTEXT('2D SPACE',''
  ) );
#13367 = PCURVE('',#13282,#13368);
#13368 = DEFINITIONAL_REPRESENTATION('',(#13369),#13373);
#13369 = LINE('',#13370,#13371);
#13370 = CARTESIAN_POINT('',(-6.28318530718,0.));
#13371 = VECTOR('',#13372,1.);
#13372 = DIRECTION('',(-0.,-1.));
#13373 = ( GEOMETRIC_REPRESENTATION_CONTEXT(2) 
PARAMETRIC_REPRESENTATION_CONTEXT() REPRESENTATION_CONTEXT('2D SPACE',''
  ) );
#13374 = ORIENTED_EDGE('',*,*,#13265,.T.);
#13375 = ORIENTED_EDGE('',*,*,#13352,.F.);
#13376 = ORIENTED_EDGE('',*,*,#13377,.F.);
#13377 = EDGE_CURVE('',#13353,#13353,#13378,.T.);
#13378 = SURFACE_CURVE('',#13379,(#13384,#13391),.PCURVE_S1.);
#13379 = CIRCLE('',#13380,4.);
#13380 = AXIS2_PLACEMENT_3D('',#13381,#13382,#13383);
#13381 = CARTESIAN_POINT('',(-120.,0.,30.));
#13382 = DIRECTION('',(1.,0.,0.));
#13383 = DIRECTION('',(0.,1.,0.));
#13384 = PCURVE('',#13282,#13385);
#13385 = DEFINITIONAL_REPRESENTATION('',(#13386),#13390);
#13386 = LINE('',#13387,#13388);
#13387 = CARTESIAN_POINT('',(-0.,0.));
#13388 = VECTOR('',#13389,1.);
#13389 = DIRECTION('',(-1.,0.));
#13390 = ( GEOMETRIC_REPRESENTATION_CONTEXT(2) 
PARAMETRIC_REPRESENTATION_CONTEXT() REPRESENTATION_CONTEXT('2D SPACE',''
  ) );
#13391 = PCURVE('',#13392,#13397);
#13392 = PLANE('',#13393);
#13393 = AXIS2_PLACEMENT_3D('',#13394,#13395,#13396);
#13394 = CARTESIAN_POINT('',(-120.,-1.367440132539E-16,30.));
#13395 = DIRECTION('',(1.,0.,0.));
#13396 = DIRECTION('',(-0.,0.,1.));
#13397 = DEFINITIONAL_REPRESENTATION('',(#13398),#13402);
#13398 = CIRCLE('',#13399,4.);
#13399 = AXIS2_PLACEMENT_2D('',#13400,#13401);
#13400 = CARTESIAN_POINT('',(0.,-1.367440132539E-16));
#13401 = DIRECTION('',(0.,-1.));
#13402 = ( GEOMETRIC_REPRESENTATION_CONTEXT(2) 
PARAMETRIC_REPRESENTATION_CONTEXT() REPRESENTATION_CONTEXT('2D SPACE',''
  ) );
#13403 = ADVANCED_FACE('',(#13404),#13335,.T.);
#13404 = FACE_BOUND('',#13405,.T.);
#13405 = EDGE_LOOP('',(#13406));
#13406 = ORIENTED_EDGE('',*,*,#13320,.T.);
#13407 = ADVANCED_FACE('',(#13408),#13392,.F.);
#13408 = FACE_BOUND('',#13409,.F.);
#13409 = EDGE_LOOP('',(#13410));
#13410 = ORIENTED_EDGE('',*,*,#13377,.T.);
#13411 = ( GEOMETRIC_REPRESENTATION_CONTEXT(3) 
GLOBAL_UNCERTAINTY_ASSIGNED_CONTEXT((#13415)) 
GLOBAL_UNIT_ASSIGNED_CONTEXT((#13412,#13413,#13414)) 
REPRESENTATION_CONTEXT('Context #1',
  '3D Context with UNIT and UNCERTAINTY') );
#13412 = ( LENGTH_UNIT() NAMED_UNIT(*) SI_UNIT(.MILLI.,.METRE.) );
#13413 = ( NAMED_UNIT(*) PLANE_ANGLE_UNIT() SI_UNIT($,.RADIAN.) );
#13414 = ( NAMED_UNIT(*) SI_UNIT($,.STERADIAN.) SOLID_ANGLE_UNIT() );
#13415 = UNCERTAINTY_MEASURE_WITH_UNIT(LENGTH_MEASURE(1.E-07),#13412,
  'distance_accuracy_value','confusion accuracy');
#13416 = CONTEXT_DEPENDENT_SHAPE_REPRESENTATION(#13417,#13419);
#13417 = ( REPRESENTATION_RELATIONSHIP('','',#13124,#10) 
REPRESENTATION_RELATIONSHIP_WITH_TRANSFORMATION(#13418) 
SHAPE_REPRESENTATION_RELATIONSHIP() );
#13418 = ITEM_DEFINED_TRANSFORMATION('','',#11,#31);
#13419 = PRODUCT_DEFINITION_SHAPE('Placement','Placement of an item',
  #13420);
#13420 = NEXT_ASSEMBLY_USAGE_OCCURRENCE('5','vastago','',#5,#13119,$);
#13421 = PRODUCT_RELATED_PRODUCT_CATEGORY('part',$,(#13121));
#13422 = SHAPE_DEFINITION_REPRESENTATION(#13423,#13429);
#13423 = PRODUCT_DEFINITION_SHAPE('','',#13424);
#13424 = PRODUCT_DEFINITION('design','',#13425,#13428);
#13425 = PRODUCT_DEFINITION_FORMATION('','',#13426);
#13426 = PRODUCT('horquilla','horquilla','',(#13427));
#13427 = PRODUCT_CONTEXT('',#2,'mechanical');
#13428 = PRODUCT_DEFINITION_CONTEXT('part definition',#2,'design');
#13429 = ADVANCED_BREP_SHAPE_REPRESENTATION('',(#11,#13430),#14403);
#13430 = MANIFOLD_SOLID_BREP('',#13431);
#13431 = CLOSED_SHELL('',(#13432,#13587,#13694,#13849,#13989,#14051,
    #14133,#14158,#14208,#14233,#14311,#14338,#14369,#14376));
#13432 = ADVANCED_FACE('',(#13433,#13552),#13447,.F.);
#13433 = FACE_BOUND('',#13434,.F.);
#13434 = EDGE_LOOP('',(#13435,#13470,#13498,#13526));
#13435 = ORIENTED_EDGE('',*,*,#13436,.F.);
#13436 = EDGE_CURVE('',#13437,#13439,#13441,.T.);
#13437 = VERTEX_POINT('',#13438);
#13438 = CARTESIAN_POINT('',(0.,-8.,20.));
#13439 = VERTEX_POINT('',#13440);
#13440 = CARTESIAN_POINT('',(0.,-8.,40.));
#13441 = SURFACE_CURVE('',#13442,(#13446,#13458),.PCURVE_S1.);
#13442 = LINE('',#13443,#13444);
#13443 = CARTESIAN_POINT('',(0.,-8.,20.));
#13444 = VECTOR('',#13445,1.);
#13445 = DIRECTION('',(0.,0.,1.));
#13446 = PCURVE('',#13447,#13452);
#13447 = PLANE('',#13448);
#13448 = AXIS2_PLACEMENT_3D('',#13449,#13450,#13451);
#13449 = CARTESIAN_POINT('',(0.,-8.,20.));
#13450 = DIRECTION('',(1.,0.,0.));
#13451 = DIRECTION('',(0.,0.,1.));
#13452 = DEFINITIONAL_REPRESENTATION('',(#13453),#13457);
#13453 = LINE('',#13454,#13455);
#13454 = CARTESIAN_POINT('',(0.,0.));
#13455 = VECTOR('',#13456,1.);
#13456 = DIRECTION('',(1.,0.));
#13457 = ( GEOMETRIC_REPRESENTATION_CONTEXT(2) 
PARAMETRIC_REPRESENTATION_CONTEXT() REPRESENTATION_CONTEXT('2D SPACE',''
  ) );
#13458 = PCURVE('',#13459,#13464);
#13459 = PLANE('',#13460);
#13460 = AXIS2_PLACEMENT_3D('',#13461,#13462,#13463);
#13461 = CARTESIAN_POINT('',(0.,-8.,20.));
#13462 = DIRECTION('',(0.,1.,0.));
#13463 = DIRECTION('',(0.,0.,1.));
#13464 = DEFINITIONAL_REPRESENTATION('',(#13465),#13469);
#13465 = LINE('',#13466,#13467);
#13466 = CARTESIAN_POINT('',(0.,0.));
#13467 = VECTOR('',#13468,1.);
#13468 = DIRECTION('',(1.,0.));
#13469 = ( GEOMETRIC_REPRESENTATION_CONTEXT(2) 
PARAMETRIC_REPRESENTATION_CONTEXT() REPRESENTATION_CONTEXT('2D SPACE',''
  ) );
#13470 = ORIENTED_EDGE('',*,*,#13471,.T.);
#13471 = EDGE_CURVE('',#13437,#13472,#13474,.T.);
#13472 = VERTEX_POINT('',#13473);
#13473 = CARTESIAN_POINT('',(0.,8.,20.));
#13474 = SURFACE_CURVE('',#13475,(#13479,#13486),.PCURVE_S1.);
#13475 = LINE('',#13476,#13477);
#13476 = CARTESIAN_POINT('',(0.,-8.,20.));
#13477 = VECTOR('',#13478,1.);
#13478 = DIRECTION('',(0.,1.,0.));
#13479 = PCURVE('',#13447,#13480);
#13480 = DEFINITIONAL_REPRESENTATION('',(#13481),#13485);
#13481 = LINE('',#13482,#13483);
#13482 = CARTESIAN_POINT('',(0.,0.));
#13483 = VECTOR('',#13484,1.);
#13484 = DIRECTION('',(0.,-1.));
#13485 = ( GEOMETRIC_REPRESENTATION_CONTEXT(2) 
PARAMETRIC_REPRESENTATION_CONTEXT() REPRESENTATION_CONTEXT('2D SPACE',''
  ) );
#13486 = PCURVE('',#13487,#13492);
#13487 = PLANE('',#13488);
#13488 = AXIS2_PLACEMENT_3D('',#13489,#13490,#13491);
#13489 = CARTESIAN_POINT('',(0.,-8.,20.));
#13490 = DIRECTION('',(0.,0.,1.));
#13491 = DIRECTION('',(1.,0.,0.));
#13492 = DEFINITIONAL_REPRESENTATION('',(#13493),#13497);
#13493 = LINE('',#13494,#13495);
#13494 = CARTESIAN_POINT('',(0.,0.));
#13495 = VECTOR('',#13496,1.);
#13496 = DIRECTION('',(0.,1.));
#13497 = ( GEOMETRIC_REPRESENTATION_CONTEXT(2) 
PARAMETRIC_REPRESENTATION_CONTEXT() REPRESENTATION_CONTEXT('2D SPACE',''
  ) );
#13498 = ORIENTED_EDGE('',*,*,#13499,.T.);
#13499 = EDGE_CURVE('',#13472,#13500,#13502,.T.);
#13500 = VERTEX_POINT('',#13501);
#13501 = CARTESIAN_POINT('',(0.,8.,40.));
#13502 = SURFACE_CURVE('',#13503,(#13507,#13514),.PCURVE_S1.);
#13503 = LINE('',#13504,#13505);
#13504 = CARTESIAN_POINT('',(0.,8.,20.));
#13505 = VECTOR('',#13506,1.);
#13506 = DIRECTION('',(0.,0.,1.));
#13507 = PCURVE('',#13447,#13508);
#13508 = DEFINITIONAL_REPRESENTATION('',(#13509),#13513);
#13509 = LINE('',#13510,#13511);
#13510 = CARTESIAN_POINT('',(0.,-16.));
#13511 = VECTOR('',#13512,1.);
#13512 = DIRECTION('',(1.,0.));
#13513 = ( GEOMETRIC_REPRESENTATION_CONTEXT(2) 
PARAMETRIC_REPRESENTATION_CONTEXT() REPRESENTATION_CONTEXT('2D SPACE',''
  ) );
#13514 = PCURVE('',#13515,#13520);
#13515 = PLANE('',#13516);
#13516 = AXIS2_PLACEMENT_3D('',#13517,#13518,#13519);
#13517 = CARTESIAN_POINT('',(0.,8.,20.));
#13518 = DIRECTION('',(0.,1.,0.));
#13519 = DIRECTION('',(0.,0.,1.));
#13520 = DEFINITIONAL_REPRESENTATION('',(#13521),#13525);
#13521 = LINE('',#13522,#13523);
#13522 = CARTESIAN_POINT('',(0.,0.));
#13523 = VECTOR('',#13524,1.);
#13524 = DIRECTION('',(1.,0.));
#13525 = ( GEOMETRIC_REPRESENTATION_CONTEXT(2) 
PARAMETRIC_REPRESENTATION_CONTEXT() REPRESENTATION_CONTEXT('2D SPACE',''
  ) );
#13526 = ORIENTED_EDGE('',*,*,#13527,.F.);
#13527 = EDGE_CURVE('',#13439,#13500,#13528,.T.);
#13528 = SURFACE_CURVE('',#13529,(#13533,#13540),.PCURVE_S1.);
#13529 = LINE('',#13530,#13531);
#13530 = CARTESIAN_POINT('',(0.,-8.,40.));
#13531 = VECTOR('',#13532,1.);
#13532 = DIRECTION('',(0.,1.,0.));
#13533 = PCURVE('',#13447,#13534);
#13534 = DEFINITIONAL_REPRESENTATION('',(#13535),#13539);
#13535 = LINE('',#13536,#13537);
#13536 = CARTESIAN_POINT('',(20.,0.));
#13537 = VECTOR('',#13538,1.);
#13538 = DIRECTION('',(0.,-1.));
#13539 = ( GEOMETRIC_REPRESENTATION_CONTEXT(2) 
PARAMETRIC_REPRESENTATION_CONTEXT() REPRESENTATION_CONTEXT('2D SPACE',''
  ) );
#13540 = PCURVE('',#13541,#13546);
#13541 = PLANE('',#13542);
#13542 = AXIS2_PLACEMENT_3D('',#13543,#13544,#13545);
#13543 = CARTESIAN_POINT('',(0.,-8.,40.));
#13544 = DIRECTION('',(0.,0.,1.));
#13545 = DIRECTION('',(1.,0.,0.));
#13546 = DEFINITIONAL_REPRESENTATION('',(#13547),#13551);
#13547 = LINE('',#13548,#13549);
#13548 = CARTESIAN_POINT('',(0.,0.));
#13549 = VECTOR('',#13550,1.);
#13550 = DIRECTION('',(0.,1.));
#13551 = ( GEOMETRIC_REPRESENTATION_CONTEXT(2) 
PARAMETRIC_REPRESENTATION_CONTEXT() REPRESENTATION_CONTEXT('2D SPACE',''
  ) );
#13552 = FACE_BOUND('',#13553,.F.);
#13553 = EDGE_LOOP('',(#13554));
#13554 = ORIENTED_EDGE('',*,*,#13555,.T.);
#13555 = EDGE_CURVE('',#13556,#13556,#13558,.T.);
#13556 = VERTEX_POINT('',#13557);
#13557 = CARTESIAN_POINT('',(0.,4.,30.));
#13558 = SURFACE_CURVE('',#13559,(#13564,#13575),.PCURVE_S1.);
#13559 = CIRCLE('',#13560,4.);
#13560 = AXIS2_PLACEMENT_3D('',#13561,#13562,#13563);
#13561 = CARTESIAN_POINT('',(0.,0.,30.));
#13562 = DIRECTION('',(-1.,0.,0.));
#13563 = DIRECTION('',(0.,1.,0.));
#13564 = PCURVE('',#13447,#13565);
#13565 = DEFINITIONAL_REPRESENTATION('',(#13566),#13574);
#13566 = ( BOUNDED_CURVE() B_SPLINE_CURVE(2,(#13567,#13568,#13569,#13570
    ,#13571,#13572,#13573),.UNSPECIFIED.,.T.,.F.) 
B_SPLINE_CURVE_WITH_KNOTS((1,2,2,2,2,1),(-2.094395102393,0.,
    2.094395102393,4.188790204786,6.28318530718,8.377580409573),
.UNSPECIFIED.) CURVE() GEOMETRIC_REPRESENTATION_ITEM() 
RATIONAL_B_SPLINE_CURVE((1.,0.5,1.,0.5,1.,0.5,1.)) REPRESENTATION_ITEM(
  '') );
#13567 = CARTESIAN_POINT('',(10.,-12.));
#13568 = CARTESIAN_POINT('',(3.071796769724,-12.));
#13569 = CARTESIAN_POINT('',(6.535898384862,-6.));
#13570 = CARTESIAN_POINT('',(10.,-1.7763568394E-15));
#13571 = CARTESIAN_POINT('',(13.464101615138,-6.));
#13572 = CARTESIAN_POINT('',(16.928203230276,-12.));
#13573 = CARTESIAN_POINT('',(10.,-12.));
#13574 = ( GEOMETRIC_REPRESENTATION_CONTEXT(2) 
PARAMETRIC_REPRESENTATION_CONTEXT() REPRESENTATION_CONTEXT('2D SPACE',''
  ) );
#13575 = PCURVE('',#13576,#13581);
#13576 = CYLINDRICAL_SURFACE('',#13577,4.);
#13577 = AXIS2_PLACEMENT_3D('',#13578,#13579,#13580);
#13578 = CARTESIAN_POINT('',(-1.,0.,30.));
#13579 = DIRECTION('',(-1.,-0.,-0.));
#13580 = DIRECTION('',(0.,1.,0.));
#13581 = DEFINITIONAL_REPRESENTATION('',(#13582),#13586);
#13582 = LINE('',#13583,#13584);
#13583 = CARTESIAN_POINT('',(-6.28318530718,-1.));
#13584 = VECTOR('',#13585,1.);
#13585 = DIRECTION('',(1.,-0.));
#13586 = ( GEOMETRIC_REPRESENTATION_CONTEXT(2) 
PARAMETRIC_REPRESENTATION_CONTEXT() REPRESENTATION_CONTEXT('2D SPACE',''
  ) );
#13587 = ADVANCED_FACE('',(#13588,#13663),#13459,.F.);
#13588 = FACE_BOUND('',#13589,.F.);
#13589 = EDGE_LOOP('',(#13590,#13613,#13614,#13637));
#13590 = ORIENTED_EDGE('',*,*,#13591,.F.);
#13591 = EDGE_CURVE('',#13437,#13592,#13594,.T.);
#13592 = VERTEX_POINT('',#13593);
#13593 = CARTESIAN_POINT('',(30.,-8.,20.));
#13594 = SURFACE_CURVE('',#13595,(#13599,#13606),.PCURVE_S1.);
#13595 = LINE('',#13596,#13597);
#13596 = CARTESIAN_POINT('',(0.,-8.,20.));
#13597 = VECTOR('',#13598,1.);
#13598 = DIRECTION('',(1.,0.,0.));
#13599 = PCURVE('',#13459,#13600);
#13600 = DEFINITIONAL_REPRESENTATION('',(#13601),#13605);
#13601 = LINE('',#13602,#13603);
#13602 = CARTESIAN_POINT('',(0.,0.));
#13603 = VECTOR('',#13604,1.);
#13604 = DIRECTION('',(0.,1.));
#13605 = ( GEOMETRIC_REPRESENTATION_CONTEXT(2) 
PARAMETRIC_REPRESENTATION_CONTEXT() REPRESENTATION_CONTEXT('2D SPACE',''
  ) );
#13606 = PCURVE('',#13487,#13607);
#13607 = DEFINITIONAL_REPRESENTATION('',(#13608),#13612);
#13608 = LINE('',#13609,#13610);
#13609 = CARTESIAN_POINT('',(0.,0.));
#13610 = VECTOR('',#13611,1.);
#13611 = DIRECTION('',(1.,0.));
#13612 = ( GEOMETRIC_REPRESENTATION_CONTEXT(2) 
PARAMETRIC_REPRESENTATION_CONTEXT() REPRESENTATION_CONTEXT('2D SPACE',''
  ) );
#13613 = ORIENTED_EDGE('',*,*,#13436,.T.);
#13614 = ORIENTED_EDGE('',*,*,#13615,.T.);
#13615 = EDGE_CURVE('',#13439,#13616,#13618,.T.);
#13616 = VERTEX_POINT('',#13617);
#13617 = CARTESIAN_POINT('',(30.,-8.,40.));
#13618 = SURFACE_CURVE('',#13619,(#13623,#13630),.PCURVE_S1.);
#13619 = LINE('',#13620,#13621);
#13620 = CARTESIAN_POINT('',(0.,-8.,40.));
#13621 = VECTOR('',#13622,1.);
#13622 = DIRECTION('',(1.,0.,0.));
#13623 = PCURVE('',#13459,#13624);
#13624 = DEFINITIONAL_REPRESENTATION('',(#13625),#13629);
#13625 = LINE('',#13626,#13627);
#13626 = CARTESIAN_POINT('',(20.,0.));
#13627 = VECTOR('',#13628,1.);
#13628 = DIRECTION('',(0.,1.));
#13629 = ( GEOMETRIC_REPRESENTATION_CONTEXT(2) 
PARAMETRIC_REPRESENTATION_CONTEXT() REPRESENTATION_CONTEXT('2D SPACE',''
  ) );
#13630 = PCURVE('',#13541,#13631);
#13631 = DEFINITIONAL_REPRESENTATION('',(#13632),#13636);
#13632 = LINE('',#13633,#13634);
#13633 = CARTESIAN_POINT('',(0.,0.));
#13634 = VECTOR('',#13635,1.);
#13635 = DIRECTION('',(1.,0.));
#13636 = ( GEOMETRIC_REPRESENTATION_CONTEXT(2) 
PARAMETRIC_REPRESENTATION_CONTEXT() REPRESENTATION_CONTEXT('2D SPACE',''
  ) );
#13637 = ORIENTED_EDGE('',*,*,#13638,.F.);
#13638 = EDGE_CURVE('',#13592,#13616,#13639,.T.);
#13639 = SURFACE_CURVE('',#13640,(#13644,#13651),.PCURVE_S1.);
#13640 = LINE('',#13641,#13642);
#13641 = CARTESIAN_POINT('',(30.,-8.,20.));
#13642 = VECTOR('',#13643,1.);
#13643 = DIRECTION('',(0.,0.,1.));
#13644 = PCURVE('',#13459,#13645);
#13645 = DEFINITIONAL_REPRESENTATION('',(#13646),#13650);
#13646 = LINE('',#13647,#13648);
#13647 = CARTESIAN_POINT('',(0.,30.));
#13648 = VECTOR('',#13649,1.);
#13649 = DIRECTION('',(1.,0.));
#13650 = ( GEOMETRIC_REPRESENTATION_CONTEXT(2) 
PARAMETRIC_REPRESENTATION_CONTEXT() REPRESENTATION_CONTEXT('2D SPACE',''
  ) );
#13651 = PCURVE('',#13652,#13657);
#13652 = PLANE('',#13653);
#13653 = AXIS2_PLACEMENT_3D('',#13654,#13655,#13656);
#13654 = CARTESIAN_POINT('',(30.,-8.,20.));
#13655 = DIRECTION('',(1.,0.,0.));
#13656 = DIRECTION('',(0.,0.,1.));
#13657 = DEFINITIONAL_REPRESENTATION('',(#13658),#13662);
#13658 = LINE('',#13659,#13660);
#13659 = CARTESIAN_POINT('',(0.,0.));
#13660 = VECTOR('',#13661,1.);
#13661 = DIRECTION('',(1.,0.));
#13662 = ( GEOMETRIC_REPRESENTATION_CONTEXT(2) 
PARAMETRIC_REPRESENTATION_CONTEXT() REPRESENTATION_CONTEXT('2D SPACE',''
  ) );
#13663 = FACE_BOUND('',#13664,.F.);
#13664 = EDGE_LOOP('',(#13665));
#13665 = ORIENTED_EDGE('',*,*,#13666,.F.);
#13666 = EDGE_CURVE('',#13667,#13667,#13669,.T.);
#13667 = VERTEX_POINT('',#13668);
#13668 = CARTESIAN_POINT('',(25.,-8.,30.));
#13669 = SURFACE_CURVE('',#13670,(#13675,#13682),.PCURVE_S1.);
#13670 = CIRCLE('',#13671,4.);
#13671 = AXIS2_PLACEMENT_3D('',#13672,#13673,#13674);
#13672 = CARTESIAN_POINT('',(21.,-8.,30.));
#13673 = DIRECTION('',(-0.,1.,0.));
#13674 = DIRECTION('',(1.,0.,0.));
#13675 = PCURVE('',#13459,#13676);
#13676 = DEFINITIONAL_REPRESENTATION('',(#13677),#13681);
#13677 = CIRCLE('',#13678,4.);
#13678 = AXIS2_PLACEMENT_2D('',#13679,#13680);
#13679 = CARTESIAN_POINT('',(10.,21.));
#13680 = DIRECTION('',(0.,1.));
#13681 = ( GEOMETRIC_REPRESENTATION_CONTEXT(2) 
PARAMETRIC_REPRESENTATION_CONTEXT() REPRESENTATION_CONTEXT('2D SPACE',''
  ) );
#13682 = PCURVE('',#13683,#13688);
#13683 = CYLINDRICAL_SURFACE('',#13684,4.);
#13684 = AXIS2_PLACEMENT_3D('',#13685,#13686,#13687);
#13685 = CARTESIAN_POINT('',(21.,0.,30.));
#13686 = DIRECTION('',(-0.,1.,-0.));
#13687 = DIRECTION('',(1.,0.,0.));
#13688 = DEFINITIONAL_REPRESENTATION('',(#13689),#13693);
#13689 = LINE('',#13690,#13691);
#13690 = CARTESIAN_POINT('',(-6.28318530718,-8.));
#13691 = VECTOR('',#13692,1.);
#13692 = DIRECTION('',(1.,-0.));
#13693 = ( GEOMETRIC_REPRESENTATION_CONTEXT(2) 
PARAMETRIC_REPRESENTATION_CONTEXT() REPRESENTATION_CONTEXT('2D SPACE',''
  ) );
#13694 = ADVANCED_FACE('',(#13695),#13541,.T.);
#13695 = FACE_BOUND('',#13696,.T.);
#13696 = EDGE_LOOP('',(#13697,#13720,#13721,#13722,#13745,#13771,#13797,
    #13823));
#13697 = ORIENTED_EDGE('',*,*,#13698,.F.);
#13698 = EDGE_CURVE('',#13500,#13699,#13701,.T.);
#13699 = VERTEX_POINT('',#13700);
#13700 = CARTESIAN_POINT('',(30.,8.,40.));
#13701 = SURFACE_CURVE('',#13702,(#13706,#13713),.PCURVE_S1.);
#13702 = LINE('',#13703,#13704);
#13703 = CARTESIAN_POINT('',(0.,8.,40.));
#13704 = VECTOR('',#13705,1.);
#13705 = DIRECTION('',(1.,0.,0.));
#13706 = PCURVE('',#13541,#13707);
#13707 = DEFINITIONAL_REPRESENTATION('',(#13708),#13712);
#13708 = LINE('',#13709,#13710);
#13709 = CARTESIAN_POINT('',(0.,16.));
#13710 = VECTOR('',#13711,1.);
#13711 = DIRECTION('',(1.,0.));
#13712 = ( GEOMETRIC_REPRESENTATION_CONTEXT(2) 
PARAMETRIC_REPRESENTATION_CONTEXT() REPRESENTATION_CONTEXT('2D SPACE',''
  ) );
#13713 = PCURVE('',#13515,#13714);
#13714 = DEFINITIONAL_REPRESENTATION('',(#13715),#13719);
#13715 = LINE('',#13716,#13717);
#13716 = CARTESIAN_POINT('',(20.,0.));
#13717 = VECTOR('',#13718,1.);
#13718 = DIRECTION('',(0.,1.));
#13719 = ( GEOMETRIC_REPRESENTATION_CONTEXT(2) 
PARAMETRIC_REPRESENTATION_CONTEXT() REPRESENTATION_CONTEXT('2D SPACE',''
  ) );
#13720 = ORIENTED_EDGE('',*,*,#13527,.F.);
#13721 = ORIENTED_EDGE('',*,*,#13615,.T.);
#13722 = ORIENTED_EDGE('',*,*,#13723,.T.);
#13723 = EDGE_CURVE('',#13616,#13724,#13726,.T.);
#13724 = VERTEX_POINT('',#13725);
#13725 = CARTESIAN_POINT('',(30.,-4.,40.));
#13726 = SURFACE_CURVE('',#13727,(#13731,#13738),.PCURVE_S1.);
#13727 = LINE('',#13728,#13729);
#13728 = CARTESIAN_POINT('',(30.,-8.,40.));
#13729 = VECTOR('',#13730,1.);
#13730 = DIRECTION('',(0.,1.,0.));
#13731 = PCURVE('',#13541,#13732);
#13732 = DEFINITIONAL_REPRESENTATION('',(#13733),#13737);
#13733 = LINE('',#13734,#13735);
#13734 = CARTESIAN_POINT('',(30.,0.));
#13735 = VECTOR('',#13736,1.);
#13736 = DIRECTION('',(0.,1.));
#13737 = ( GEOMETRIC_REPRESENTATION_CONTEXT(2) 
PARAMETRIC_REPRESENTATION_CONTEXT() REPRESENTATION_CONTEXT('2D SPACE',''
  ) );
#13738 = PCURVE('',#13652,#13739);
#13739 = DEFINITIONAL_REPRESENTATION('',(#13740),#13744);
#13740 = LINE('',#13741,#13742);
#13741 = CARTESIAN_POINT('',(20.,0.));
#13742 = VECTOR('',#13743,1.);
#13743 = DIRECTION('',(0.,-1.));
#13744 = ( GEOMETRIC_REPRESENTATION_CONTEXT(2) 
PARAMETRIC_REPRESENTATION_CONTEXT() REPRESENTATION_CONTEXT('2D SPACE',''
  ) );
#13745 = ORIENTED_EDGE('',*,*,#13746,.T.);
#13746 = EDGE_CURVE('',#13724,#13747,#13749,.T.);
#13747 = VERTEX_POINT('',#13748);
#13748 = CARTESIAN_POINT('',(11.5,-4.,40.));
#13749 = SURFACE_CURVE('',#13750,(#13754,#13760),.PCURVE_S1.);
#13750 = LINE('',#13751,#13752);
#13751 = CARTESIAN_POINT('',(5.75,-4.,40.));
#13752 = VECTOR('',#13753,1.);
#13753 = DIRECTION('',(-1.,0.,0.));
#13754 = PCURVE('',#13541,#13755);
#13755 = DEFINITIONAL_REPRESENTATION('',(#13756),#13759);
#13756 = B_SPLINE_CURVE_WITH_KNOTS('',1,(#13757,#13758),.UNSPECIFIED.,
  .F.,.F.,(2,2),(-24.25,-5.75),.PIECEWISE_BEZIER_KNOTS.);
#13757 = CARTESIAN_POINT('',(30.,4.));
#13758 = CARTESIAN_POINT('',(11.5,4.));
#13759 = ( GEOMETRIC_REPRESENTATION_CONTEXT(2) 
PARAMETRIC_REPRESENTATION_CONTEXT() REPRESENTATION_CONTEXT('2D SPACE',''
  ) );
#13760 = PCURVE('',#13761,#13766);
#13761 = PLANE('',#13762);
#13762 = AXIS2_PLACEMENT_3D('',#13763,#13764,#13765);
#13763 = CARTESIAN_POINT('',(11.5,-4.,19.));
#13764 = DIRECTION('',(0.,1.,0.));
#13765 = DIRECTION('',(0.,0.,1.));
#13766 = DEFINITIONAL_REPRESENTATION('',(#13767),#13770);
#13767 = B_SPLINE_CURVE_WITH_KNOTS('',1,(#13768,#13769),.UNSPECIFIED.,
  .F.,.F.,(2,2),(-24.25,-5.75),.PIECEWISE_BEZIER_KNOTS.);
#13768 = CARTESIAN_POINT('',(21.,18.5));
#13769 = CARTESIAN_POINT('',(21.,0.));
#13770 = ( GEOMETRIC_REPRESENTATION_CONTEXT(2) 
PARAMETRIC_REPRESENTATION_CONTEXT() REPRESENTATION_CONTEXT('2D SPACE',''
  ) );
#13771 = ORIENTED_EDGE('',*,*,#13772,.T.);
#13772 = EDGE_CURVE('',#13747,#13773,#13775,.T.);
#13773 = VERTEX_POINT('',#13774);
#13774 = CARTESIAN_POINT('',(11.5,4.,40.));
#13775 = SURFACE_CURVE('',#13776,(#13780,#13786),.PCURVE_S1.);
#13776 = LINE('',#13777,#13778);
#13777 = CARTESIAN_POINT('',(11.5,-6.,40.));
#13778 = VECTOR('',#13779,1.);
#13779 = DIRECTION('',(0.,1.,0.));
#13780 = PCURVE('',#13541,#13781);
#13781 = DEFINITIONAL_REPRESENTATION('',(#13782),#13785);
#13782 = B_SPLINE_CURVE_WITH_KNOTS('',1,(#13783,#13784),.UNSPECIFIED.,
  .F.,.F.,(2,2),(2.,10.),.PIECEWISE_BEZIER_KNOTS.);
#13783 = CARTESIAN_POINT('',(11.5,4.));
#13784 = CARTESIAN_POINT('',(11.5,12.));
#13785 = ( GEOMETRIC_REPRESENTATION_CONTEXT(2) 
PARAMETRIC_REPRESENTATION_CONTEXT() REPRESENTATION_CONTEXT('2D SPACE',''
  ) );
#13786 = PCURVE('',#13787,#13792);
#13787 = PLANE('',#13788);
#13788 = AXIS2_PLACEMENT_3D('',#13789,#13790,#13791);
#13789 = CARTESIAN_POINT('',(11.5,-4.,19.));
#13790 = DIRECTION('',(1.,0.,0.));
#13791 = DIRECTION('',(0.,0.,1.));
#13792 = DEFINITIONAL_REPRESENTATION('',(#13793),#13796);
#13793 = B_SPLINE_CURVE_WITH_KNOTS('',1,(#13794,#13795),.UNSPECIFIED.,
  .F.,.F.,(2,2),(2.,10.),.PIECEWISE_BEZIER_KNOTS.);
#13794 = CARTESIAN_POINT('',(21.,0.));
#13795 = CARTESIAN_POINT('',(21.,-8.));
#13796 = ( GEOMETRIC_REPRESENTATION_CONTEXT(2) 
PARAMETRIC_REPRESENTATION_CONTEXT() REPRESENTATION_CONTEXT('2D SPACE',''
  ) );
#13797 = ORIENTED_EDGE('',*,*,#13798,.F.);
#13798 = EDGE_CURVE('',#13799,#13773,#13801,.T.);
#13799 = VERTEX_POINT('',#13800);
#13800 = CARTESIAN_POINT('',(30.,4.,40.));
#13801 = SURFACE_CURVE('',#13802,(#13806,#13812),.PCURVE_S1.);
#13802 = LINE('',#13803,#13804);
#13803 = CARTESIAN_POINT('',(5.75,4.,40.));
#13804 = VECTOR('',#13805,1.);
#13805 = DIRECTION('',(-1.,0.,0.));
#13806 = PCURVE('',#13541,#13807);
#13807 = DEFINITIONAL_REPRESENTATION('',(#13808),#13811);
#13808 = B_SPLINE_CURVE_WITH_KNOTS('',1,(#13809,#13810),.UNSPECIFIED.,
  .F.,.F.,(2,2),(-24.25,-5.75),.PIECEWISE_BEZIER_KNOTS.);
#13809 = CARTESIAN_POINT('',(30.,12.));
#13810 = CARTESIAN_POINT('',(11.5,12.));
#13811 = ( GEOMETRIC_REPRESENTATION_CONTEXT(2) 
PARAMETRIC_REPRESENTATION_CONTEXT() REPRESENTATION_CONTEXT('2D SPACE',''
  ) );
#13812 = PCURVE('',#13813,#13818);
#13813 = PLANE('',#13814);
#13814 = AXIS2_PLACEMENT_3D('',#13815,#13816,#13817);
#13815 = CARTESIAN_POINT('',(11.5,4.,19.));
#13816 = DIRECTION('',(0.,1.,0.));
#13817 = DIRECTION('',(0.,0.,1.));
#13818 = DEFINITIONAL_REPRESENTATION('',(#13819),#13822);
#13819 = B_SPLINE_CURVE_WITH_KNOTS('',1,(#13820,#13821),.UNSPECIFIED.,
  .F.,.F.,(2,2),(-24.25,-5.75),.PIECEWISE_BEZIER_KNOTS.);
#13820 = CARTESIAN_POINT('',(21.,18.5));
#13821 = CARTESIAN_POINT('',(21.,0.));
#13822 = ( GEOMETRIC_REPRESENTATION_CONTEXT(2) 
PARAMETRIC_REPRESENTATION_CONTEXT() REPRESENTATION_CONTEXT('2D SPACE',''
  ) );
#13823 = ORIENTED_EDGE('',*,*,#13824,.T.);
#13824 = EDGE_CURVE('',#13799,#13699,#13825,.T.);
#13825 = SURFACE_CURVE('',#13826,(#13830,#13837),.PCURVE_S1.);
#13826 = LINE('',#13827,#13828);
#13827 = CARTESIAN_POINT('',(30.,-8.,40.));
#13828 = VECTOR('',#13829,1.);
#13829 = DIRECTION('',(0.,1.,0.));
#13830 = PCURVE('',#13541,#13831);
#13831 = DEFINITIONAL_REPRESENTATION('',(#13832),#13836);
#13832 = LINE('',#13833,#13834);
#13833 = CARTESIAN_POINT('',(30.,0.));
#13834 = VECTOR('',#13835,1.);
#13835 = DIRECTION('',(0.,1.));
#13836 = ( GEOMETRIC_REPRESENTATION_CONTEXT(2) 
PARAMETRIC_REPRESENTATION_CONTEXT() REPRESENTATION_CONTEXT('2D SPACE',''
  ) );
#13837 = PCURVE('',#13838,#13843);
#13838 = PLANE('',#13839);
#13839 = AXIS2_PLACEMENT_3D('',#13840,#13841,#13842);
#13840 = CARTESIAN_POINT('',(30.,-8.,20.));
#13841 = DIRECTION('',(1.,0.,0.));
#13842 = DIRECTION('',(0.,0.,1.));
#13843 = DEFINITIONAL_REPRESENTATION('',(#13844),#13848);
#13844 = LINE('',#13845,#13846);
#13845 = CARTESIAN_POINT('',(20.,0.));
#13846 = VECTOR('',#13847,1.);
#13847 = DIRECTION('',(0.,-1.));
#13848 = ( GEOMETRIC_REPRESENTATION_CONTEXT(2) 
PARAMETRIC_REPRESENTATION_CONTEXT() REPRESENTATION_CONTEXT('2D SPACE',''
  ) );
#13849 = ADVANCED_FACE('',(#13850),#13487,.F.);
#13850 = FACE_BOUND('',#13851,.F.);
#13851 = EDGE_LOOP('',(#13852,#13875,#13876,#13877,#13900,#13921,#13947,
    #13968));
#13852 = ORIENTED_EDGE('',*,*,#13853,.F.);
#13853 = EDGE_CURVE('',#13472,#13854,#13856,.T.);
#13854 = VERTEX_POINT('',#13855);
#13855 = CARTESIAN_POINT('',(30.,8.,20.));
#13856 = SURFACE_CURVE('',#13857,(#13861,#13868),.PCURVE_S1.);
#13857 = LINE('',#13858,#13859);
#13858 = CARTESIAN_POINT('',(0.,8.,20.));
#13859 = VECTOR('',#13860,1.);
#13860 = DIRECTION('',(1.,0.,0.));
#13861 = PCURVE('',#13487,#13862);
#13862 = DEFINITIONAL_REPRESENTATION('',(#13863),#13867);
#13863 = LINE('',#13864,#13865);
#13864 = CARTESIAN_POINT('',(0.,16.));
#13865 = VECTOR('',#13866,1.);
#13866 = DIRECTION('',(1.,0.));
#13867 = ( GEOMETRIC_REPRESENTATION_CONTEXT(2) 
PARAMETRIC_REPRESENTATION_CONTEXT() REPRESENTATION_CONTEXT('2D SPACE',''
  ) );
#13868 = PCURVE('',#13515,#13869);
#13869 = DEFINITIONAL_REPRESENTATION('',(#13870),#13874);
#13870 = LINE('',#13871,#13872);
#13871 = CARTESIAN_POINT('',(0.,0.));
#13872 = VECTOR('',#13873,1.);
#13873 = DIRECTION('',(0.,1.));
#13874 = ( GEOMETRIC_REPRESENTATION_CONTEXT(2) 
PARAMETRIC_REPRESENTATION_CONTEXT() REPRESENTATION_CONTEXT('2D SPACE',''
  ) );
#13875 = ORIENTED_EDGE('',*,*,#13471,.F.);
#13876 = ORIENTED_EDGE('',*,*,#13591,.T.);
#13877 = ORIENTED_EDGE('',*,*,#13878,.T.);
#13878 = EDGE_CURVE('',#13592,#13879,#13881,.T.);
#13879 = VERTEX_POINT('',#13880);
#13880 = CARTESIAN_POINT('',(30.,-4.,20.));
#13881 = SURFACE_CURVE('',#13882,(#13886,#13893),.PCURVE_S1.);
#13882 = LINE('',#13883,#13884);
#13883 = CARTESIAN_POINT('',(30.,-8.,20.));
#13884 = VECTOR('',#13885,1.);
#13885 = DIRECTION('',(0.,1.,0.));
#13886 = PCURVE('',#13487,#13887);
#13887 = DEFINITIONAL_REPRESENTATION('',(#13888),#13892);
#13888 = LINE('',#13889,#13890);
#13889 = CARTESIAN_POINT('',(30.,0.));
#13890 = VECTOR('',#13891,1.);
#13891 = DIRECTION('',(0.,1.));
#13892 = ( GEOMETRIC_REPRESENTATION_CONTEXT(2) 
PARAMETRIC_REPRESENTATION_CONTEXT() REPRESENTATION_CONTEXT('2D SPACE',''
  ) );
#13893 = PCURVE('',#13652,#13894);
#13894 = DEFINITIONAL_REPRESENTATION('',(#13895),#13899);
#13895 = LINE('',#13896,#13897);
#13896 = CARTESIAN_POINT('',(0.,0.));
#13897 = VECTOR('',#13898,1.);
#13898 = DIRECTION('',(0.,-1.));
#13899 = ( GEOMETRIC_REPRESENTATION_CONTEXT(2) 
PARAMETRIC_REPRESENTATION_CONTEXT() REPRESENTATION_CONTEXT('2D SPACE',''
  ) );
#13900 = ORIENTED_EDGE('',*,*,#13901,.T.);
#13901 = EDGE_CURVE('',#13879,#13902,#13904,.T.);
#13902 = VERTEX_POINT('',#13903);
#13903 = CARTESIAN_POINT('',(11.5,-4.,20.));
#13904 = SURFACE_CURVE('',#13905,(#13909,#13915),.PCURVE_S1.);
#13905 = LINE('',#13906,#13907);
#13906 = CARTESIAN_POINT('',(5.75,-4.,20.));
#13907 = VECTOR('',#13908,1.);
#13908 = DIRECTION('',(-1.,0.,0.));
#13909 = PCURVE('',#13487,#13910);
#13910 = DEFINITIONAL_REPRESENTATION('',(#13911),#13914);
#13911 = B_SPLINE_CURVE_WITH_KNOTS('',1,(#13912,#13913),.UNSPECIFIED.,
  .F.,.F.,(2,2),(-24.25,-5.75),.PIECEWISE_BEZIER_KNOTS.);
#13912 = CARTESIAN_POINT('',(30.,4.));
#13913 = CARTESIAN_POINT('',(11.5,4.));
#13914 = ( GEOMETRIC_REPRESENTATION_CONTEXT(2) 
PARAMETRIC_REPRESENTATION_CONTEXT() REPRESENTATION_CONTEXT('2D SPACE',''
  ) );
#13915 = PCURVE('',#13761,#13916);
#13916 = DEFINITIONAL_REPRESENTATION('',(#13917),#13920);
#13917 = B_SPLINE_CURVE_WITH_KNOTS('',1,(#13918,#13919),.UNSPECIFIED.,
  .F.,.F.,(2,2),(-24.25,-5.75),.PIECEWISE_BEZIER_KNOTS.);
#13918 = CARTESIAN_POINT('',(1.,18.5));
#13919 = CARTESIAN_POINT('',(1.,0.));
#13920 = ( GEOMETRIC_REPRESENTATION_CONTEXT(2) 
PARAMETRIC_REPRESENTATION_CONTEXT() REPRESENTATION_CONTEXT('2D SPACE',''
  ) );
#13921 = ORIENTED_EDGE('',*,*,#13922,.T.);
#13922 = EDGE_CURVE('',#13902,#13923,#13925,.T.);
#13923 = VERTEX_POINT('',#13924);
#13924 = CARTESIAN_POINT('',(11.5,4.,20.));
#13925 = SURFACE_CURVE('',#13926,(#13930,#13936),.PCURVE_S1.);
#13926 = LINE('',#13927,#13928);
#13927 = CARTESIAN_POINT('',(11.5,-6.,20.));
#13928 = VECTOR('',#13929,1.);
#13929 = DIRECTION('',(0.,1.,0.));
#13930 = PCURVE('',#13487,#13931);
#13931 = DEFINITIONAL_REPRESENTATION('',(#13932),#13935);
#13932 = B_SPLINE_CURVE_WITH_KNOTS('',1,(#13933,#13934),.UNSPECIFIED.,
  .F.,.F.,(2,2),(2.,10.),.PIECEWISE_BEZIER_KNOTS.);
#13933 = CARTESIAN_POINT('',(11.5,4.));
#13934 = CARTESIAN_POINT('',(11.5,12.));
#13935 = ( GEOMETRIC_REPRESENTATION_CONTEXT(2) 
PARAMETRIC_REPRESENTATION_CONTEXT() REPRESENTATION_CONTEXT('2D SPACE',''
  ) );
#13936 = PCURVE('',#13937,#13942);
#13937 = PLANE('',#13938);
#13938 = AXIS2_PLACEMENT_3D('',#13939,#13940,#13941);
#13939 = CARTESIAN_POINT('',(11.5,-4.,19.));
#13940 = DIRECTION('',(1.,0.,0.));
#13941 = DIRECTION('',(0.,0.,1.));
#13942 = DEFINITIONAL_REPRESENTATION('',(#13943),#13946);
#13943 = B_SPLINE_CURVE_WITH_KNOTS('',1,(#13944,#13945),.UNSPECIFIED.,
  .F.,.F.,(2,2),(2.,10.),.PIECEWISE_BEZIER_KNOTS.);
#13944 = CARTESIAN_POINT('',(1.,0.));
#13945 = CARTESIAN_POINT('',(1.,-8.));
#13946 = ( GEOMETRIC_REPRESENTATION_CONTEXT(2) 
PARAMETRIC_REPRESENTATION_CONTEXT() REPRESENTATION_CONTEXT('2D SPACE',''
  ) );
#13947 = ORIENTED_EDGE('',*,*,#13948,.F.);
#13948 = EDGE_CURVE('',#13949,#13923,#13951,.T.);
#13949 = VERTEX_POINT('',#13950);
#13950 = CARTESIAN_POINT('',(30.,4.,20.));
#13951 = SURFACE_CURVE('',#13952,(#13956,#13962),.PCURVE_S1.);
#13952 = LINE('',#13953,#13954);
#13953 = CARTESIAN_POINT('',(5.75,4.,20.));
#13954 = VECTOR('',#13955,1.);
#13955 = DIRECTION('',(-1.,0.,0.));
#13956 = PCURVE('',#13487,#13957);
#13957 = DEFINITIONAL_REPRESENTATION('',(#13958),#13961);
#13958 = B_SPLINE_CURVE_WITH_KNOTS('',1,(#13959,#13960),.UNSPECIFIED.,
  .F.,.F.,(2,2),(-24.25,-5.75),.PIECEWISE_BEZIER_KNOTS.);
#13959 = CARTESIAN_POINT('',(30.,12.));
#13960 = CARTESIAN_POINT('',(11.5,12.));
#13961 = ( GEOMETRIC_REPRESENTATION_CONTEXT(2) 
PARAMETRIC_REPRESENTATION_CONTEXT() REPRESENTATION_CONTEXT('2D SPACE',''
  ) );
#13962 = PCURVE('',#13813,#13963);
#13963 = DEFINITIONAL_REPRESENTATION('',(#13964),#13967);
#13964 = B_SPLINE_CURVE_WITH_KNOTS('',1,(#13965,#13966),.UNSPECIFIED.,
  .F.,.F.,(2,2),(-24.25,-5.75),.PIECEWISE_BEZIER_KNOTS.);
#13965 = CARTESIAN_POINT('',(1.,18.5));
#13966 = CARTESIAN_POINT('',(1.,0.));
#13967 = ( GEOMETRIC_REPRESENTATION_CONTEXT(2) 
PARAMETRIC_REPRESENTATION_CONTEXT() REPRESENTATION_CONTEXT('2D SPACE',''
  ) );
#13968 = ORIENTED_EDGE('',*,*,#13969,.T.);
#13969 = EDGE_CURVE('',#13949,#13854,#13970,.T.);
#13970 = SURFACE_CURVE('',#13971,(#13975,#13982),.PCURVE_S1.);
#13971 = LINE('',#13972,#13973);
#13972 = CARTESIAN_POINT('',(30.,-8.,20.));
#13973 = VECTOR('',#13974,1.);
#13974 = DIRECTION('',(0.,1.,0.));
#13975 = PCURVE('',#13487,#13976);
#13976 = DEFINITIONAL_REPRESENTATION('',(#13977),#13981);
#13977 = LINE('',#13978,#13979);
#13978 = CARTESIAN_POINT('',(30.,0.));
#13979 = VECTOR('',#13980,1.);
#13980 = DIRECTION('',(0.,1.));
#13981 = ( GEOMETRIC_REPRESENTATION_CONTEXT(2) 
PARAMETRIC_REPRESENTATION_CONTEXT() REPRESENTATION_CONTEXT('2D SPACE',''
  ) );
#13982 = PCURVE('',#13838,#13983);
#13983 = DEFINITIONAL_REPRESENTATION('',(#13984),#13988);
#13984 = LINE('',#13985,#13986);
#13985 = CARTESIAN_POINT('',(0.,0.));
#13986 = VECTOR('',#13987,1.);
#13987 = DIRECTION('',(0.,-1.));
#13988 = ( GEOMETRIC_REPRESENTATION_CONTEXT(2) 
PARAMETRIC_REPRESENTATION_CONTEXT() REPRESENTATION_CONTEXT('2D SPACE',''
  ) );
#13989 = ADVANCED_FACE('',(#13990,#14016),#13515,.T.);
#13990 = FACE_BOUND('',#13991,.T.);
#13991 = EDGE_LOOP('',(#13992,#13993,#13994,#13995));
#13992 = ORIENTED_EDGE('',*,*,#13853,.F.);
#13993 = ORIENTED_EDGE('',*,*,#13499,.T.);
#13994 = ORIENTED_EDGE('',*,*,#13698,.T.);
#13995 = ORIENTED_EDGE('',*,*,#13996,.F.);
#13996 = EDGE_CURVE('',#13854,#13699,#13997,.T.);
#13997 = SURFACE_CURVE('',#13998,(#14002,#14009),.PCURVE_S1.);
#13998 = LINE('',#13999,#14000);
#13999 = CARTESIAN_POINT('',(30.,8.,20.));
#14000 = VECTOR('',#14001,1.);
#14001 = DIRECTION('',(0.,0.,1.));
#14002 = PCURVE('',#13515,#14003);
#14003 = DEFINITIONAL_REPRESENTATION('',(#14004),#14008);
#14004 = LINE('',#14005,#14006);
#14005 = CARTESIAN_POINT('',(0.,30.));
#14006 = VECTOR('',#14007,1.);
#14007 = DIRECTION('',(1.,0.));
#14008 = ( GEOMETRIC_REPRESENTATION_CONTEXT(2) 
PARAMETRIC_REPRESENTATION_CONTEXT() REPRESENTATION_CONTEXT('2D SPACE',''
  ) );
#14009 = PCURVE('',#13838,#14010);
#14010 = DEFINITIONAL_REPRESENTATION('',(#14011),#14015);
#14011 = LINE('',#14012,#14013);
#14012 = CARTESIAN_POINT('',(0.,-16.));
#14013 = VECTOR('',#14014,1.);
#14014 = DIRECTION('',(1.,0.));
#14015 = ( GEOMETRIC_REPRESENTATION_CONTEXT(2) 
PARAMETRIC_REPRESENTATION_CONTEXT() REPRESENTATION_CONTEXT('2D SPACE',''
  ) );
#14016 = FACE_BOUND('',#14017,.T.);
#14017 = EDGE_LOOP('',(#14018));
#14018 = ORIENTED_EDGE('',*,*,#14019,.T.);
#14019 = EDGE_CURVE('',#14020,#14020,#14022,.T.);
#14020 = VERTEX_POINT('',#14021);
#14021 = CARTESIAN_POINT('',(25.,8.,30.));
#14022 = SURFACE_CURVE('',#14023,(#14028,#14039),.PCURVE_S1.);
#14023 = CIRCLE('',#14024,4.);
#14024 = AXIS2_PLACEMENT_3D('',#14025,#14026,#14027);
#14025 = CARTESIAN_POINT('',(21.,8.,30.));
#14026 = DIRECTION('',(0.,-1.,0.));
#14027 = DIRECTION('',(1.,0.,0.));
#14028 = PCURVE('',#13515,#14029);
#14029 = DEFINITIONAL_REPRESENTATION('',(#14030),#14038);
#14030 = ( BOUNDED_CURVE() B_SPLINE_CURVE(2,(#14031,#14032,#14033,#14034
    ,#14035,#14036,#14037),.UNSPECIFIED.,.T.,.F.) 
B_SPLINE_CURVE_WITH_KNOTS((1,2,2,2,2,1),(-2.094395102393,0.,
    2.094395102393,4.188790204786,6.28318530718,8.377580409573),
.UNSPECIFIED.) CURVE() GEOMETRIC_REPRESENTATION_ITEM() 
RATIONAL_B_SPLINE_CURVE((1.,0.5,1.,0.5,1.,0.5,1.)) REPRESENTATION_ITEM(
  '') );
#14031 = CARTESIAN_POINT('',(10.,25.));
#14032 = CARTESIAN_POINT('',(16.928203230276,25.));
#14033 = CARTESIAN_POINT('',(13.464101615138,19.));
#14034 = CARTESIAN_POINT('',(10.,13.));
#14035 = CARTESIAN_POINT('',(6.535898384862,19.));
#14036 = CARTESIAN_POINT('',(3.071796769724,25.));
#14037 = CARTESIAN_POINT('',(10.,25.));
#14038 = ( GEOMETRIC_REPRESENTATION_CONTEXT(2) 
PARAMETRIC_REPRESENTATION_CONTEXT() REPRESENTATION_CONTEXT('2D SPACE',''
  ) );
#14039 = PCURVE('',#14040,#14045);
#14040 = CYLINDRICAL_SURFACE('',#14041,4.);
#14041 = AXIS2_PLACEMENT_3D('',#14042,#14043,#14044);
#14042 = CARTESIAN_POINT('',(21.,0.,30.));
#14043 = DIRECTION('',(0.,-1.,0.));
#14044 = DIRECTION('',(1.,0.,0.));
#14045 = DEFINITIONAL_REPRESENTATION('',(#14046),#14050);
#14046 = LINE('',#14047,#14048);
#14047 = CARTESIAN_POINT('',(0.,-8.));
#14048 = VECTOR('',#14049,1.);
#14049 = DIRECTION('',(1.,0.));
#14050 = ( GEOMETRIC_REPRESENTATION_CONTEXT(2) 
PARAMETRIC_REPRESENTATION_CONTEXT() REPRESENTATION_CONTEXT('2D SPACE',''
  ) );
#14051 = ADVANCED_FACE('',(#14052),#13576,.F.);
#14052 = FACE_BOUND('',#14053,.T.);
#14053 = EDGE_LOOP('',(#14054,#14084,#14105,#14106,#14107));
#14054 = ORIENTED_EDGE('',*,*,#14055,.F.);
#14055 = EDGE_CURVE('',#14056,#14058,#14060,.T.);
#14056 = VERTEX_POINT('',#14057);
#14057 = CARTESIAN_POINT('',(11.5,4.,30.));
#14058 = VERTEX_POINT('',#14059);
#14059 = CARTESIAN_POINT('',(11.5,-4.,30.));
#14060 = SURFACE_CURVE('',#14061,(#14066,#14073),.PCURVE_S1.);
#14061 = CIRCLE('',#14062,4.);
#14062 = AXIS2_PLACEMENT_3D('',#14063,#14064,#14065);
#14063 = CARTESIAN_POINT('',(11.5,0.,30.));
#14064 = DIRECTION('',(-1.,0.,0.));
#14065 = DIRECTION('',(0.,1.,0.));
#14066 = PCURVE('',#13576,#14067);
#14067 = DEFINITIONAL_REPRESENTATION('',(#14068),#14072);
#14068 = LINE('',#14069,#14070);
#14069 = CARTESIAN_POINT('',(-6.28318530718,-12.5));
#14070 = VECTOR('',#14071,1.);
#14071 = DIRECTION('',(1.,-0.));
#14072 = ( GEOMETRIC_REPRESENTATION_CONTEXT(2) 
PARAMETRIC_REPRESENTATION_CONTEXT() REPRESENTATION_CONTEXT('2D SPACE',''
  ) );
#14073 = PCURVE('',#13937,#14074);
#14074 = DEFINITIONAL_REPRESENTATION('',(#14075),#14083);
#14075 = ( BOUNDED_CURVE() B_SPLINE_CURVE(2,(#14076,#14077,#14078,#14079
    ,#14080,#14081,#14082),.UNSPECIFIED.,.T.,.F.) 
B_SPLINE_CURVE_WITH_KNOTS((1,2,2,2,2,1),(-2.094395102393,0.,
    2.094395102393,4.188790204786,6.28318530718,8.377580409573),
.UNSPECIFIED.) CURVE() GEOMETRIC_REPRESENTATION_ITEM() 
RATIONAL_B_SPLINE_CURVE((1.,0.5,1.,0.5,1.,0.5,1.)) REPRESENTATION_ITEM(
  '') );
#14076 = CARTESIAN_POINT('',(11.,-8.));
#14077 = CARTESIAN_POINT('',(4.071796769724,-8.));
#14078 = CARTESIAN_POINT('',(7.535898384862,-2.));
#14079 = CARTESIAN_POINT('',(11.,4.));
#14080 = CARTESIAN_POINT('',(14.464101615138,-2.));
#14081 = CARTESIAN_POINT('',(17.928203230276,-8.));
#14082 = CARTESIAN_POINT('',(11.,-8.));
#14083 = ( GEOMETRIC_REPRESENTATION_CONTEXT(2) 
PARAMETRIC_REPRESENTATION_CONTEXT() REPRESENTATION_CONTEXT('2D SPACE',''
  ) );
#14084 = ORIENTED_EDGE('',*,*,#14085,.F.);
#14085 = EDGE_CURVE('',#13556,#14056,#14086,.T.);
#14086 = SEAM_CURVE('',#14087,(#14091,#14098),.PCURVE_S1.);
#14087 = LINE('',#14088,#14089);
#14088 = CARTESIAN_POINT('',(-1.,4.,30.));
#14089 = VECTOR('',#14090,1.);
#14090 = DIRECTION('',(1.,0.,0.));
#14091 = PCURVE('',#13576,#14092);
#14092 = DEFINITIONAL_REPRESENTATION('',(#14093),#14097);
#14093 = LINE('',#14094,#14095);
#14094 = CARTESIAN_POINT('',(-0.,0.));
#14095 = VECTOR('',#14096,1.);
#14096 = DIRECTION('',(-0.,-1.));
#14097 = ( GEOMETRIC_REPRESENTATION_CONTEXT(2) 
PARAMETRIC_REPRESENTATION_CONTEXT() REPRESENTATION_CONTEXT('2D SPACE',''
  ) );
#14098 = PCURVE('',#13576,#14099);
#14099 = DEFINITIONAL_REPRESENTATION('',(#14100),#14104);
#14100 = LINE('',#14101,#14102);
#14101 = CARTESIAN_POINT('',(-6.28318530718,0.));
#14102 = VECTOR('',#14103,1.);
#14103 = DIRECTION('',(-0.,-1.));
#14104 = ( GEOMETRIC_REPRESENTATION_CONTEXT(2) 
PARAMETRIC_REPRESENTATION_CONTEXT() REPRESENTATION_CONTEXT('2D SPACE',''
  ) );
#14105 = ORIENTED_EDGE('',*,*,#13555,.T.);
#14106 = ORIENTED_EDGE('',*,*,#14085,.T.);
#14107 = ORIENTED_EDGE('',*,*,#14108,.F.);
#14108 = EDGE_CURVE('',#14058,#14056,#14109,.T.);
#14109 = SURFACE_CURVE('',#14110,(#14115,#14122),.PCURVE_S1.);
#14110 = CIRCLE('',#14111,4.);
#14111 = AXIS2_PLACEMENT_3D('',#14112,#14113,#14114);
#14112 = CARTESIAN_POINT('',(11.5,0.,30.));
#14113 = DIRECTION('',(-1.,0.,0.));
#14114 = DIRECTION('',(0.,1.,0.));
#14115 = PCURVE('',#13576,#14116);
#14116 = DEFINITIONAL_REPRESENTATION('',(#14117),#14121);
#14117 = LINE('',#14118,#14119);
#14118 = CARTESIAN_POINT('',(-6.28318530718,-12.5));
#14119 = VECTOR('',#14120,1.);
#14120 = DIRECTION('',(1.,-0.));
#14121 = ( GEOMETRIC_REPRESENTATION_CONTEXT(2) 
PARAMETRIC_REPRESENTATION_CONTEXT() REPRESENTATION_CONTEXT('2D SPACE',''
  ) );
#14122 = PCURVE('',#13787,#14123);
#14123 = DEFINITIONAL_REPRESENTATION('',(#14124),#14132);
#14124 = ( BOUNDED_CURVE() B_SPLINE_CURVE(2,(#14125,#14126,#14127,#14128
    ,#14129,#14130,#14131),.UNSPECIFIED.,.T.,.F.) 
B_SPLINE_CURVE_WITH_KNOTS((1,2,2,2,2,1),(-2.094395102393,0.,
    2.094395102393,4.188790204786,6.28318530718,8.377580409573),
.UNSPECIFIED.) CURVE() GEOMETRIC_REPRESENTATION_ITEM() 
RATIONAL_B_SPLINE_CURVE((1.,0.5,1.,0.5,1.,0.5,1.)) REPRESENTATION_ITEM(
  '') );
#14125 = CARTESIAN_POINT('',(11.,-8.));
#14126 = CARTESIAN_POINT('',(4.071796769724,-8.));
#14127 = CARTESIAN_POINT('',(7.535898384862,-2.));
#14128 = CARTESIAN_POINT('',(11.,4.));
#14129 = CARTESIAN_POINT('',(14.464101615138,-2.));
#14130 = CARTESIAN_POINT('',(17.928203230276,-8.));
#14131 = CARTESIAN_POINT('',(11.,-8.));
#14132 = ( GEOMETRIC_REPRESENTATION_CONTEXT(2) 
PARAMETRIC_REPRESENTATION_CONTEXT() REPRESENTATION_CONTEXT('2D SPACE',''
  ) );
#14133 = ADVANCED_FACE('',(#14134),#13652,.T.);
#14134 = FACE_BOUND('',#14135,.T.);
#14135 = EDGE_LOOP('',(#14136,#14137,#14138,#14139));
#14136 = ORIENTED_EDGE('',*,*,#13723,.F.);
#14137 = ORIENTED_EDGE('',*,*,#13638,.F.);
#14138 = ORIENTED_EDGE('',*,*,#13878,.T.);
#14139 = ORIENTED_EDGE('',*,*,#14140,.T.);
#14140 = EDGE_CURVE('',#13879,#13724,#14141,.T.);
#14141 = SURFACE_CURVE('',#14142,(#14146,#14152),.PCURVE_S1.);
#14142 = LINE('',#14143,#14144);
#14143 = CARTESIAN_POINT('',(30.,-4.,19.5));
#14144 = VECTOR('',#14145,1.);
#14145 = DIRECTION('',(0.,0.,1.));
#14146 = PCURVE('',#13652,#14147);
#14147 = DEFINITIONAL_REPRESENTATION('',(#14148),#14151);
#14148 = B_SPLINE_CURVE_WITH_KNOTS('',1,(#14149,#14150),.UNSPECIFIED.,
  .F.,.F.,(2,2),(0.5,20.5),.PIECEWISE_BEZIER_KNOTS.);
#14149 = CARTESIAN_POINT('',(0.,-4.));
#14150 = CARTESIAN_POINT('',(20.,-4.));
#14151 = ( GEOMETRIC_REPRESENTATION_CONTEXT(2) 
PARAMETRIC_REPRESENTATION_CONTEXT() REPRESENTATION_CONTEXT('2D SPACE',''
  ) );
#14152 = PCURVE('',#13761,#14153);
#14153 = DEFINITIONAL_REPRESENTATION('',(#14154),#14157);
#14154 = B_SPLINE_CURVE_WITH_KNOTS('',1,(#14155,#14156),.UNSPECIFIED.,
  .F.,.F.,(2,2),(0.5,20.5),.PIECEWISE_BEZIER_KNOTS.);
#14155 = CARTESIAN_POINT('',(1.,18.5));
#14156 = CARTESIAN_POINT('',(21.,18.5));
#14157 = ( GEOMETRIC_REPRESENTATION_CONTEXT(2) 
PARAMETRIC_REPRESENTATION_CONTEXT() REPRESENTATION_CONTEXT('2D SPACE',''
  ) );
#14158 = ADVANCED_FACE('',(#14159),#13683,.F.);
#14159 = FACE_BOUND('',#14160,.T.);
#14160 = EDGE_LOOP('',(#14161,#14185,#14206,#14207));
#14161 = ORIENTED_EDGE('',*,*,#14162,.T.);
#14162 = EDGE_CURVE('',#14163,#14163,#14165,.T.);
#14163 = VERTEX_POINT('',#14164);
#14164 = CARTESIAN_POINT('',(25.,-4.,30.));
#14165 = SURFACE_CURVE('',#14166,(#14171,#14178),.PCURVE_S1.);
#14166 = CIRCLE('',#14167,4.);
#14167 = AXIS2_PLACEMENT_3D('',#14168,#14169,#14170);
#14168 = CARTESIAN_POINT('',(21.,-4.,30.));
#14169 = DIRECTION('',(-0.,1.,0.));
#14170 = DIRECTION('',(1.,0.,0.));
#14171 = PCURVE('',#13683,#14172);
#14172 = DEFINITIONAL_REPRESENTATION('',(#14173),#14177);
#14173 = LINE('',#14174,#14175);
#14174 = CARTESIAN_POINT('',(-6.28318530718,-4.));
#14175 = VECTOR('',#14176,1.);
#14176 = DIRECTION('',(1.,-0.));
#14177 = ( GEOMETRIC_REPRESENTATION_CONTEXT(2) 
PARAMETRIC_REPRESENTATION_CONTEXT() REPRESENTATION_CONTEXT('2D SPACE',''
  ) );
#14178 = PCURVE('',#13761,#14179);
#14179 = DEFINITIONAL_REPRESENTATION('',(#14180),#14184);
#14180 = CIRCLE('',#14181,4.);
#14181 = AXIS2_PLACEMENT_2D('',#14182,#14183);
#14182 = CARTESIAN_POINT('',(11.,9.5));
#14183 = DIRECTION('',(0.,1.));
#14184 = ( GEOMETRIC_REPRESENTATION_CONTEXT(2) 
PARAMETRIC_REPRESENTATION_CONTEXT() REPRESENTATION_CONTEXT('2D SPACE',''
  ) );
#14185 = ORIENTED_EDGE('',*,*,#14186,.T.);
#14186 = EDGE_CURVE('',#14163,#13667,#14187,.T.);
#14187 = SEAM_CURVE('',#14188,(#14192,#14199),.PCURVE_S1.);
#14188 = LINE('',#14189,#14190);
#14189 = CARTESIAN_POINT('',(25.,0.,30.));
#14190 = VECTOR('',#14191,1.);
#14191 = DIRECTION('',(0.,-1.,0.));
#14192 = PCURVE('',#13683,#14193);
#14193 = DEFINITIONAL_REPRESENTATION('',(#14194),#14198);
#14194 = LINE('',#14195,#14196);
#14195 = CARTESIAN_POINT('',(-6.28318530718,0.));
#14196 = VECTOR('',#14197,1.);
#14197 = DIRECTION('',(-0.,-1.));
#14198 = ( GEOMETRIC_REPRESENTATION_CONTEXT(2) 
PARAMETRIC_REPRESENTATION_CONTEXT() REPRESENTATION_CONTEXT('2D SPACE',''
  ) );
#14199 = PCURVE('',#13683,#14200);
#14200 = DEFINITIONAL_REPRESENTATION('',(#14201),#14205);
#14201 = LINE('',#14202,#14203);
#14202 = CARTESIAN_POINT('',(-0.,0.));
#14203 = VECTOR('',#14204,1.);
#14204 = DIRECTION('',(-0.,-1.));
#14205 = ( GEOMETRIC_REPRESENTATION_CONTEXT(2) 
PARAMETRIC_REPRESENTATION_CONTEXT() REPRESENTATION_CONTEXT('2D SPACE',''
  ) );
#14206 = ORIENTED_EDGE('',*,*,#13666,.F.);
#14207 = ORIENTED_EDGE('',*,*,#14186,.F.);
#14208 = ADVANCED_FACE('',(#14209),#13838,.T.);
#14209 = FACE_BOUND('',#14210,.T.);
#14210 = EDGE_LOOP('',(#14211,#14212,#14231,#14232));
#14211 = ORIENTED_EDGE('',*,*,#13824,.F.);
#14212 = ORIENTED_EDGE('',*,*,#14213,.F.);
#14213 = EDGE_CURVE('',#13949,#13799,#14214,.T.);
#14214 = SURFACE_CURVE('',#14215,(#14219,#14225),.PCURVE_S1.);
#14215 = LINE('',#14216,#14217);
#14216 = CARTESIAN_POINT('',(30.,4.,19.5));
#14217 = VECTOR('',#14218,1.);
#14218 = DIRECTION('',(0.,0.,1.));
#14219 = PCURVE('',#13838,#14220);
#14220 = DEFINITIONAL_REPRESENTATION('',(#14221),#14224);
#14221 = B_SPLINE_CURVE_WITH_KNOTS('',1,(#14222,#14223),.UNSPECIFIED.,
  .F.,.F.,(2,2),(0.5,20.5),.PIECEWISE_BEZIER_KNOTS.);
#14222 = CARTESIAN_POINT('',(0.,-12.));
#14223 = CARTESIAN_POINT('',(20.,-12.));
#14224 = ( GEOMETRIC_REPRESENTATION_CONTEXT(2) 
PARAMETRIC_REPRESENTATION_CONTEXT() REPRESENTATION_CONTEXT('2D SPACE',''
  ) );
#14225 = PCURVE('',#13813,#14226);
#14226 = DEFINITIONAL_REPRESENTATION('',(#14227),#14230);
#14227 = B_SPLINE_CURVE_WITH_KNOTS('',1,(#14228,#14229),.UNSPECIFIED.,
  .F.,.F.,(2,2),(0.5,20.5),.PIECEWISE_BEZIER_KNOTS.);
#14228 = CARTESIAN_POINT('',(1.,18.5));
#14229 = CARTESIAN_POINT('',(21.,18.5));
#14230 = ( GEOMETRIC_REPRESENTATION_CONTEXT(2) 
PARAMETRIC_REPRESENTATION_CONTEXT() REPRESENTATION_CONTEXT('2D SPACE',''
  ) );
#14231 = ORIENTED_EDGE('',*,*,#13969,.T.);
#14232 = ORIENTED_EDGE('',*,*,#13996,.T.);
#14233 = ADVANCED_FACE('',(#14234,#14281),#13813,.F.);
#14234 = FACE_BOUND('',#14235,.F.);
#14235 = EDGE_LOOP('',(#14236,#14237,#14258,#14279,#14280));
#14236 = ORIENTED_EDGE('',*,*,#13948,.T.);
#14237 = ORIENTED_EDGE('',*,*,#14238,.T.);
#14238 = EDGE_CURVE('',#13923,#14056,#14239,.T.);
#14239 = SURFACE_CURVE('',#14240,(#14244,#14251),.PCURVE_S1.);
#14240 = LINE('',#14241,#14242);
#14241 = CARTESIAN_POINT('',(11.5,4.,19.));
#14242 = VECTOR('',#14243,1.);
#14243 = DIRECTION('',(0.,0.,1.));
#14244 = PCURVE('',#13813,#14245);
#14245 = DEFINITIONAL_REPRESENTATION('',(#14246),#14250);
#14246 = LINE('',#14247,#14248);
#14247 = CARTESIAN_POINT('',(0.,0.));
#14248 = VECTOR('',#14249,1.);
#14249 = DIRECTION('',(1.,0.));
#14250 = ( GEOMETRIC_REPRESENTATION_CONTEXT(2) 
PARAMETRIC_REPRESENTATION_CONTEXT() REPRESENTATION_CONTEXT('2D SPACE',''
  ) );
#14251 = PCURVE('',#13937,#14252);
#14252 = DEFINITIONAL_REPRESENTATION('',(#14253),#14257);
#14253 = LINE('',#14254,#14255);
#14254 = CARTESIAN_POINT('',(0.,-8.));
#14255 = VECTOR('',#14256,1.);
#14256 = DIRECTION('',(1.,0.));
#14257 = ( GEOMETRIC_REPRESENTATION_CONTEXT(2) 
PARAMETRIC_REPRESENTATION_CONTEXT() REPRESENTATION_CONTEXT('2D SPACE',''
  ) );
#14258 = ORIENTED_EDGE('',*,*,#14259,.T.);
#14259 = EDGE_CURVE('',#14056,#13773,#14260,.T.);
#14260 = SURFACE_CURVE('',#14261,(#14265,#14272),.PCURVE_S1.);
#14261 = LINE('',#14262,#14263);
#14262 = CARTESIAN_POINT('',(11.5,4.,19.));
#14263 = VECTOR('',#14264,1.);
#14264 = DIRECTION('',(0.,0.,1.));
#14265 = PCURVE('',#13813,#14266);
#14266 = DEFINITIONAL_REPRESENTATION('',(#14267),#14271);
#14267 = LINE('',#14268,#14269);
#14268 = CARTESIAN_POINT('',(0.,0.));
#14269 = VECTOR('',#14270,1.);
#14270 = DIRECTION('',(1.,0.));
#14271 = ( GEOMETRIC_REPRESENTATION_CONTEXT(2) 
PARAMETRIC_REPRESENTATION_CONTEXT() REPRESENTATION_CONTEXT('2D SPACE',''
  ) );
#14272 = PCURVE('',#13787,#14273);
#14273 = DEFINITIONAL_REPRESENTATION('',(#14274),#14278);
#14274 = LINE('',#14275,#14276);
#14275 = CARTESIAN_POINT('',(0.,-8.));
#14276 = VECTOR('',#14277,1.);
#14277 = DIRECTION('',(1.,0.));
#14278 = ( GEOMETRIC_REPRESENTATION_CONTEXT(2) 
PARAMETRIC_REPRESENTATION_CONTEXT() REPRESENTATION_CONTEXT('2D SPACE',''
  ) );
#14279 = ORIENTED_EDGE('',*,*,#13798,.F.);
#14280 = ORIENTED_EDGE('',*,*,#14213,.F.);
#14281 = FACE_BOUND('',#14282,.F.);
#14282 = EDGE_LOOP('',(#14283));
#14283 = ORIENTED_EDGE('',*,*,#14284,.T.);
#14284 = EDGE_CURVE('',#14285,#14285,#14287,.T.);
#14285 = VERTEX_POINT('',#14286);
#14286 = CARTESIAN_POINT('',(25.,4.,30.));
#14287 = SURFACE_CURVE('',#14288,(#14293,#14304),.PCURVE_S1.);
#14288 = CIRCLE('',#14289,4.);
#14289 = AXIS2_PLACEMENT_3D('',#14290,#14291,#14292);
#14290 = CARTESIAN_POINT('',(21.,4.,30.));
#14291 = DIRECTION('',(0.,-1.,0.));
#14292 = DIRECTION('',(1.,0.,0.));
#14293 = PCURVE('',#13813,#14294);
#14294 = DEFINITIONAL_REPRESENTATION('',(#14295),#14303);
#14295 = ( BOUNDED_CURVE() B_SPLINE_CURVE(2,(#14296,#14297,#14298,#14299
    ,#14300,#14301,#14302),.UNSPECIFIED.,.T.,.F.) 
B_SPLINE_CURVE_WITH_KNOTS((1,2,2,2,2,1),(-2.094395102393,0.,
    2.094395102393,4.188790204786,6.28318530718,8.377580409573),
.UNSPECIFIED.) CURVE() GEOMETRIC_REPRESENTATION_ITEM() 
RATIONAL_B_SPLINE_CURVE((1.,0.5,1.,0.5,1.,0.5,1.)) REPRESENTATION_ITEM(
  '') );
#14296 = CARTESIAN_POINT('',(11.,13.5));
#14297 = CARTESIAN_POINT('',(17.928203230276,13.5));
#14298 = CARTESIAN_POINT('',(14.464101615138,7.5));
#14299 = CARTESIAN_POINT('',(11.,1.5));
#14300 = CARTESIAN_POINT('',(7.535898384862,7.5));
#14301 = CARTESIAN_POINT('',(4.071796769724,13.5));
#14302 = CARTESIAN_POINT('',(11.,13.5));
#14303 = ( GEOMETRIC_REPRESENTATION_CONTEXT(2) 
PARAMETRIC_REPRESENTATION_CONTEXT() REPRESENTATION_CONTEXT('2D SPACE',''
  ) );
#14304 = PCURVE('',#14040,#14305);
#14305 = DEFINITIONAL_REPRESENTATION('',(#14306),#14310);
#14306 = LINE('',#14307,#14308);
#14307 = CARTESIAN_POINT('',(0.,-4.));
#14308 = VECTOR('',#14309,1.);
#14309 = DIRECTION('',(1.,0.));
#14310 = ( GEOMETRIC_REPRESENTATION_CONTEXT(2) 
PARAMETRIC_REPRESENTATION_CONTEXT() REPRESENTATION_CONTEXT('2D SPACE',''
  ) );
#14311 = ADVANCED_FACE('',(#14312),#13787,.T.);
#14312 = FACE_BOUND('',#14313,.T.);
#14313 = EDGE_LOOP('',(#14314,#14335,#14336,#14337));
#14314 = ORIENTED_EDGE('',*,*,#14315,.F.);
#14315 = EDGE_CURVE('',#14058,#13747,#14316,.T.);
#14316 = SURFACE_CURVE('',#14317,(#14321,#14328),.PCURVE_S1.);
#14317 = LINE('',#14318,#14319);
#14318 = CARTESIAN_POINT('',(11.5,-4.,19.));
#14319 = VECTOR('',#14320,1.);
#14320 = DIRECTION('',(0.,0.,1.));
#14321 = PCURVE('',#13787,#14322);
#14322 = DEFINITIONAL_REPRESENTATION('',(#14323),#14327);
#14323 = LINE('',#14324,#14325);
#14324 = CARTESIAN_POINT('',(0.,0.));
#14325 = VECTOR('',#14326,1.);
#14326 = DIRECTION('',(1.,0.));
#14327 = ( GEOMETRIC_REPRESENTATION_CONTEXT(2) 
PARAMETRIC_REPRESENTATION_CONTEXT() REPRESENTATION_CONTEXT('2D SPACE',''
  ) );
#14328 = PCURVE('',#13761,#14329);
#14329 = DEFINITIONAL_REPRESENTATION('',(#14330),#14334);
#14330 = LINE('',#14331,#14332);
#14331 = CARTESIAN_POINT('',(0.,0.));
#14332 = VECTOR('',#14333,1.);
#14333 = DIRECTION('',(1.,0.));
#14334 = ( GEOMETRIC_REPRESENTATION_CONTEXT(2) 
PARAMETRIC_REPRESENTATION_CONTEXT() REPRESENTATION_CONTEXT('2D SPACE',''
  ) );
#14335 = ORIENTED_EDGE('',*,*,#14108,.T.);
#14336 = ORIENTED_EDGE('',*,*,#14259,.T.);
#14337 = ORIENTED_EDGE('',*,*,#13772,.F.);
#14338 = ADVANCED_FACE('',(#14339,#14366),#13761,.T.);
#14339 = FACE_BOUND('',#14340,.T.);
#14340 = EDGE_LOOP('',(#14341,#14342,#14363,#14364,#14365));
#14341 = ORIENTED_EDGE('',*,*,#13901,.T.);
#14342 = ORIENTED_EDGE('',*,*,#14343,.T.);
#14343 = EDGE_CURVE('',#13902,#14058,#14344,.T.);
#14344 = SURFACE_CURVE('',#14345,(#14349,#14356),.PCURVE_S1.);
#14345 = LINE('',#14346,#14347);
#14346 = CARTESIAN_POINT('',(11.5,-4.,19.));
#14347 = VECTOR('',#14348,1.);
#14348 = DIRECTION('',(0.,0.,1.));
#14349 = PCURVE('',#13761,#14350);
#14350 = DEFINITIONAL_REPRESENTATION('',(#14351),#14355);
#14351 = LINE('',#14352,#14353);
#14352 = CARTESIAN_POINT('',(0.,0.));
#14353 = VECTOR('',#14354,1.);
#14354 = DIRECTION('',(1.,0.));
#14355 = ( GEOMETRIC_REPRESENTATION_CONTEXT(2) 
PARAMETRIC_REPRESENTATION_CONTEXT() REPRESENTATION_CONTEXT('2D SPACE',''
  ) );
#14356 = PCURVE('',#13937,#14357);
#14357 = DEFINITIONAL_REPRESENTATION('',(#14358),#14362);
#14358 = LINE('',#14359,#14360);
#14359 = CARTESIAN_POINT('',(0.,0.));
#14360 = VECTOR('',#14361,1.);
#14361 = DIRECTION('',(1.,0.));
#14362 = ( GEOMETRIC_REPRESENTATION_CONTEXT(2) 
PARAMETRIC_REPRESENTATION_CONTEXT() REPRESENTATION_CONTEXT('2D SPACE',''
  ) );
#14363 = ORIENTED_EDGE('',*,*,#14315,.T.);
#14364 = ORIENTED_EDGE('',*,*,#13746,.F.);
#14365 = ORIENTED_EDGE('',*,*,#14140,.F.);
#14366 = FACE_BOUND('',#14367,.T.);
#14367 = EDGE_LOOP('',(#14368));
#14368 = ORIENTED_EDGE('',*,*,#14162,.F.);
#14369 = ADVANCED_FACE('',(#14370),#13937,.T.);
#14370 = FACE_BOUND('',#14371,.T.);
#14371 = EDGE_LOOP('',(#14372,#14373,#14374,#14375));
#14372 = ORIENTED_EDGE('',*,*,#14343,.F.);
#14373 = ORIENTED_EDGE('',*,*,#13922,.T.);
#14374 = ORIENTED_EDGE('',*,*,#14238,.T.);
#14375 = ORIENTED_EDGE('',*,*,#14055,.T.);
#14376 = ADVANCED_FACE('',(#14377),#14040,.F.);
#14377 = FACE_BOUND('',#14378,.F.);
#14378 = EDGE_LOOP('',(#14379,#14380,#14401,#14402));
#14379 = ORIENTED_EDGE('',*,*,#14284,.F.);
#14380 = ORIENTED_EDGE('',*,*,#14381,.T.);
#14381 = EDGE_CURVE('',#14285,#14020,#14382,.T.);
#14382 = SEAM_CURVE('',#14383,(#14387,#14394),.PCURVE_S1.);
#14383 = LINE('',#14384,#14385);
#14384 = CARTESIAN_POINT('',(25.,0.,30.));
#14385 = VECTOR('',#14386,1.);
#14386 = DIRECTION('',(-0.,1.,-0.));
#14387 = PCURVE('',#14040,#14388);
#14388 = DEFINITIONAL_REPRESENTATION('',(#14389),#14393);
#14389 = LINE('',#14390,#14391);
#14390 = CARTESIAN_POINT('',(6.28318530718,0.));
#14391 = VECTOR('',#14392,1.);
#14392 = DIRECTION('',(0.,-1.));
#14393 = ( GEOMETRIC_REPRESENTATION_CONTEXT(2) 
PARAMETRIC_REPRESENTATION_CONTEXT() REPRESENTATION_CONTEXT('2D SPACE',''
  ) );
#14394 = PCURVE('',#14040,#14395);
#14395 = DEFINITIONAL_REPRESENTATION('',(#14396),#14400);
#14396 = LINE('',#14397,#14398);
#14397 = CARTESIAN_POINT('',(0.,0.));
#14398 = VECTOR('',#14399,1.);
#14399 = DIRECTION('',(0.,-1.));
#14400 = ( GEOMETRIC_REPRESENTATION_CONTEXT(2) 
PARAMETRIC_REPRESENTATION_CONTEXT() REPRESENTATION_CONTEXT('2D SPACE',''
  ) );
#14401 = ORIENTED_EDGE('',*,*,#14019,.T.);
#14402 = ORIENTED_EDGE('',*,*,#14381,.F.);
#14403 = ( GEOMETRIC_REPRESENTATION_CONTEXT(3) 
GLOBAL_UNCERTAINTY_ASSIGNED_CONTEXT((#14407)) 
GLOBAL_UNIT_ASSIGNED_CONTEXT((#14404,#14405,#14406)) 
REPRESENTATION_CONTEXT('Context #1',
  '3D Context with UNIT and UNCERTAINTY') );
#14404 = ( LENGTH_UNIT() NAMED_UNIT(*) SI_UNIT(.MILLI.,.METRE.) );
#14405 = ( NAMED_UNIT(*) PLANE_ANGLE_UNIT() SI_UNIT($,.RADIAN.) );
#14406 = ( NAMED_UNIT(*) SI_UNIT($,.STERADIAN.) SOLID_ANGLE_UNIT() );
#14407 = UNCERTAINTY_MEASURE_WITH_UNIT(LENGTH_MEASURE(1.E-07),#14404,
  'distance_accuracy_value','confusion accuracy');
#14408 = CONTEXT_DEPENDENT_SHAPE_REPRESENTATION(#14409,#14411);
#14409 = ( REPRESENTATION_RELATIONSHIP('','',#13429,#10) 
REPRESENTATION_RELATIONSHIP_WITH_TRANSFORMATION(#14410) 
SHAPE_REPRESENTATION_RELATIONSHIP() );
#14410 = ITEM_DEFINED_TRANSFORMATION('','',#11,#35);
#14411 = PRODUCT_DEFINITION_SHAPE('Placement','Placement of an item',
  #14412);
#14412 = NEXT_ASSEMBLY_USAGE_OCCURRENCE('6','horquilla','',#5,#13424,$);
#14413 = PRODUCT_RELATED_PRODUCT_CATEGORY('part',$,(#13426));
#14414 = SHAPE_DEFINITION_REPRESENTATION(#14415,#14421);
#14415 = PRODUCT_DEFINITION_SHAPE('','',#14416);
#14416 = PRODUCT_DEFINITION('design','',#14417,#14420);
#14417 = PRODUCT_DEFINITION_FORMATION('','',#14418);
#14418 = PRODUCT('espaciador','espaciador','',(#14419));
#14419 = PRODUCT_CONTEXT('',#2,'mechanical');
#14420 = PRODUCT_DEFINITION_CONTEXT('part definition',#2,'design');
#14421 = ADVANCED_BREP_SHAPE_REPRESENTATION('',(#11,#14422),#14612);
#14422 = MANIFOLD_SOLID_BREP('',#14423);
#14423 = CLOSED_SHELL('',(#14424,#14512,#14551,#14585));
#14424 = ADVANCED_FACE('',(#14425),#14439,.T.);
#14425 = FACE_BOUND('',#14426,.F.);
#14426 = EDGE_LOOP('',(#14427,#14457,#14484,#14485));
#14427 = ORIENTED_EDGE('',*,*,#14428,.T.);
#14428 = EDGE_CURVE('',#14429,#14431,#14433,.T.);
#14429 = VERTEX_POINT('',#14430);
#14430 = CARTESIAN_POINT('',(-73.,22.,30.));
#14431 = VERTEX_POINT('',#14432);
#14432 = CARTESIAN_POINT('',(-65.,22.,30.));
#14433 = SEAM_CURVE('',#14434,(#14438,#14450),.PCURVE_S1.);
#14434 = LINE('',#14435,#14436);
#14435 = CARTESIAN_POINT('',(-73.,22.,30.));
#14436 = VECTOR('',#14437,1.);
#14437 = DIRECTION('',(1.,0.,0.));
#14438 = PCURVE('',#14439,#14444);
#14439 = CYLINDRICAL_SURFACE('',#14440,22.);
#14440 = AXIS2_PLACEMENT_3D('',#14441,#14442,#14443);
#14441 = CARTESIAN_POINT('',(-73.,0.,30.));
#14442 = DIRECTION('',(-1.,-0.,-0.));
#14443 = DIRECTION('',(0.,1.,0.));
#14444 = DEFINITIONAL_REPRESENTATION('',(#14445),#14449);
#14445 = LINE('',#14446,#14447);
#14446 = CARTESIAN_POINT('',(-0.,0.));
#14447 = VECTOR('',#14448,1.);
#14448 = DIRECTION('',(-0.,-1.));
#14449 = ( GEOMETRIC_REPRESENTATION_CONTEXT(2) 
PARAMETRIC_REPRESENTATION_CONTEXT() REPRESENTATION_CONTEXT('2D SPACE',''
  ) );
#14450 = PCURVE('',#14439,#14451);
#14451 = DEFINITIONAL_REPRESENTATION('',(#14452),#14456);
#14452 = LINE('',#14453,#14454);
#14453 = CARTESIAN_POINT('',(-6.28318530718,0.));
#14454 = VECTOR('',#14455,1.);
#14455 = DIRECTION('',(-0.,-1.));
#14456 = ( GEOMETRIC_REPRESENTATION_CONTEXT(2) 
PARAMETRIC_REPRESENTATION_CONTEXT() REPRESENTATION_CONTEXT('2D SPACE',''
  ) );
#14457 = ORIENTED_EDGE('',*,*,#14458,.T.);
#14458 = EDGE_CURVE('',#14431,#14431,#14459,.T.);
#14459 = SURFACE_CURVE('',#14460,(#14465,#14472),.PCURVE_S1.);
#14460 = CIRCLE('',#14461,22.);
#14461 = AXIS2_PLACEMENT_3D('',#14462,#14463,#14464);
#14462 = CARTESIAN_POINT('',(-65.,0.,30.));
#14463 = DIRECTION('',(1.,0.,0.));
#14464 = DIRECTION('',(0.,1.,0.));
#14465 = PCURVE('',#14439,#14466);
#14466 = DEFINITIONAL_REPRESENTATION('',(#14467),#14471);
#14467 = LINE('',#14468,#14469);
#14468 = CARTESIAN_POINT('',(-0.,-8.));
#14469 = VECTOR('',#14470,1.);
#14470 = DIRECTION('',(-1.,0.));
#14471 = ( GEOMETRIC_REPRESENTATION_CONTEXT(2) 
PARAMETRIC_REPRESENTATION_CONTEXT() REPRESENTATION_CONTEXT('2D SPACE',''
  ) );
#14472 = PCURVE('',#14473,#14478);
#14473 = PLANE('',#14474);
#14474 = AXIS2_PLACEMENT_3D('',#14475,#14476,#14477);
#14475 = CARTESIAN_POINT('',(-65.,-1.491752871861E-15,30.));
#14476 = DIRECTION('',(1.,0.,0.));
#14477 = DIRECTION('',(-0.,0.,1.));
#14478 = DEFINITIONAL_REPRESENTATION('',(#14479),#14483);
#14479 = CIRCLE('',#14480,22.);
#14480 = AXIS2_PLACEMENT_2D('',#14481,#14482);
#14481 = CARTESIAN_POINT('',(3.552713678801E-15,-1.491752871861E-15));
#14482 = DIRECTION('',(0.,-1.));
#14483 = ( GEOMETRIC_REPRESENTATION_CONTEXT(2) 
PARAMETRIC_REPRESENTATION_CONTEXT() REPRESENTATION_CONTEXT('2D SPACE',''
  ) );
#14484 = ORIENTED_EDGE('',*,*,#14428,.F.);
#14485 = ORIENTED_EDGE('',*,*,#14486,.F.);
#14486 = EDGE_CURVE('',#14429,#14429,#14487,.T.);
#14487 = SURFACE_CURVE('',#14488,(#14493,#14500),.PCURVE_S1.);
#14488 = CIRCLE('',#14489,22.);
#14489 = AXIS2_PLACEMENT_3D('',#14490,#14491,#14492);
#14490 = CARTESIAN_POINT('',(-73.,0.,30.));
#14491 = DIRECTION('',(1.,0.,0.));
#14492 = DIRECTION('',(0.,1.,0.));
#14493 = PCURVE('',#14439,#14494);
#14494 = DEFINITIONAL_REPRESENTATION('',(#14495),#14499);
#14495 = LINE('',#14496,#14497);
#14496 = CARTESIAN_POINT('',(-0.,0.));
#14497 = VECTOR('',#14498,1.);
#14498 = DIRECTION('',(-1.,0.));
#14499 = ( GEOMETRIC_REPRESENTATION_CONTEXT(2) 
PARAMETRIC_REPRESENTATION_CONTEXT() REPRESENTATION_CONTEXT('2D SPACE',''
  ) );
#14500 = PCURVE('',#14501,#14506);
#14501 = PLANE('',#14502);
#14502 = AXIS2_PLACEMENT_3D('',#14503,#14504,#14505);
#14503 = CARTESIAN_POINT('',(-73.,-1.491752871861E-15,30.));
#14504 = DIRECTION('',(1.,0.,0.));
#14505 = DIRECTION('',(-0.,0.,1.));
#14506 = DEFINITIONAL_REPRESENTATION('',(#14507),#14511);
#14507 = CIRCLE('',#14508,22.);
#14508 = AXIS2_PLACEMENT_2D('',#14509,#14510);
#14509 = CARTESIAN_POINT('',(3.552713678801E-15,-1.491752871861E-15));
#14510 = DIRECTION('',(0.,-1.));
#14511 = ( GEOMETRIC_REPRESENTATION_CONTEXT(2) 
PARAMETRIC_REPRESENTATION_CONTEXT() REPRESENTATION_CONTEXT('2D SPACE',''
  ) );
#14512 = ADVANCED_FACE('',(#14513,#14516),#14501,.F.);
#14513 = FACE_BOUND('',#14514,.F.);
#14514 = EDGE_LOOP('',(#14515));
#14515 = ORIENTED_EDGE('',*,*,#14486,.T.);
#14516 = FACE_BOUND('',#14517,.F.);
#14517 = EDGE_LOOP('',(#14518));
#14518 = ORIENTED_EDGE('',*,*,#14519,.T.);
#14519 = EDGE_CURVE('',#14520,#14520,#14522,.T.);
#14520 = VERTEX_POINT('',#14521);
#14521 = CARTESIAN_POINT('',(-73.,15.,30.));
#14522 = SURFACE_CURVE('',#14523,(#14528,#14539),.PCURVE_S1.);
#14523 = CIRCLE('',#14524,15.);
#14524 = AXIS2_PLACEMENT_3D('',#14525,#14526,#14527);
#14525 = CARTESIAN_POINT('',(-73.,0.,30.));
#14526 = DIRECTION('',(-1.,0.,0.));
#14527 = DIRECTION('',(0.,1.,0.));
#14528 = PCURVE('',#14501,#14529);
#14529 = DEFINITIONAL_REPRESENTATION('',(#14530),#14538);
#14530 = ( BOUNDED_CURVE() B_SPLINE_CURVE(2,(#14531,#14532,#14533,#14534
    ,#14535,#14536,#14537),.UNSPECIFIED.,.T.,.F.) 
B_SPLINE_CURVE_WITH_KNOTS((1,2,2,2,2,1),(-2.094395102393,0.,
    2.094395102393,4.188790204786,6.28318530718,8.377580409573),
.UNSPECIFIED.) CURVE() GEOMETRIC_REPRESENTATION_ITEM() 
RATIONAL_B_SPLINE_CURVE((1.,0.5,1.,0.5,1.,0.5,1.)) REPRESENTATION_ITEM(
  '') );
#14531 = CARTESIAN_POINT('',(3.552713678801E-15,-15.));
#14532 = CARTESIAN_POINT('',(-25.98076211353,-15.));
#14533 = CARTESIAN_POINT('',(-12.99038105676,7.5));
#14534 = CARTESIAN_POINT('',(-1.212267186416E-16,30.));
#14535 = CARTESIAN_POINT('',(12.990381056767,7.5));
#14536 = CARTESIAN_POINT('',(25.980762113533,-15.));
#14537 = CARTESIAN_POINT('',(3.552713678801E-15,-15.));
#14538 = ( GEOMETRIC_REPRESENTATION_CONTEXT(2) 
PARAMETRIC_REPRESENTATION_CONTEXT() REPRESENTATION_CONTEXT('2D SPACE',''
  ) );
#14539 = PCURVE('',#14540,#14545);
#14540 = CYLINDRICAL_SURFACE('',#14541,15.);
#14541 = AXIS2_PLACEMENT_3D('',#14542,#14543,#14544);
#14542 = CARTESIAN_POINT('',(-74.,0.,30.));
#14543 = DIRECTION('',(-1.,-0.,-0.));
#14544 = DIRECTION('',(0.,1.,0.));
#14545 = DEFINITIONAL_REPRESENTATION('',(#14546),#14550);
#14546 = LINE('',#14547,#14548);
#14547 = CARTESIAN_POINT('',(-6.28318530718,-1.));
#14548 = VECTOR('',#14549,1.);
#14549 = DIRECTION('',(1.,-0.));
#14550 = ( GEOMETRIC_REPRESENTATION_CONTEXT(2) 
PARAMETRIC_REPRESENTATION_CONTEXT() REPRESENTATION_CONTEXT('2D SPACE',''
  ) );
#14551 = ADVANCED_FACE('',(#14552,#14555),#14473,.T.);
#14552 = FACE_BOUND('',#14553,.T.);
#14553 = EDGE_LOOP('',(#14554));
#14554 = ORIENTED_EDGE('',*,*,#14458,.T.);
#14555 = FACE_BOUND('',#14556,.T.);
#14556 = EDGE_LOOP('',(#14557));
#14557 = ORIENTED_EDGE('',*,*,#14558,.T.);
#14558 = EDGE_CURVE('',#14559,#14559,#14561,.T.);
#14559 = VERTEX_POINT('',#14560);
#14560 = CARTESIAN_POINT('',(-65.,15.,30.));
#14561 = SURFACE_CURVE('',#14562,(#14567,#14578),.PCURVE_S1.);
#14562 = CIRCLE('',#14563,15.);
#14563 = AXIS2_PLACEMENT_3D('',#14564,#14565,#14566);
#14564 = CARTESIAN_POINT('',(-65.,0.,30.));
#14565 = DIRECTION('',(-1.,0.,0.));
#14566 = DIRECTION('',(0.,1.,0.));
#14567 = PCURVE('',#14473,#14568);
#14568 = DEFINITIONAL_REPRESENTATION('',(#14569),#14577);
#14569 = ( BOUNDED_CURVE() B_SPLINE_CURVE(2,(#14570,#14571,#14572,#14573
    ,#14574,#14575,#14576),.UNSPECIFIED.,.T.,.F.) 
B_SPLINE_CURVE_WITH_KNOTS((1,2,2,2,2,1),(-2.094395102393,0.,
    2.094395102393,4.188790204786,6.28318530718,8.377580409573),
.UNSPECIFIED.) CURVE() GEOMETRIC_REPRESENTATION_ITEM() 
RATIONAL_B_SPLINE_CURVE((1.,0.5,1.,0.5,1.,0.5,1.)) REPRESENTATION_ITEM(
  '') );
#14570 = CARTESIAN_POINT('',(3.552713678801E-15,-15.));
#14571 = CARTESIAN_POINT('',(-25.98076211353,-15.));
#14572 = CARTESIAN_POINT('',(-12.99038105676,7.5));
#14573 = CARTESIAN_POINT('',(-1.212267186416E-16,30.));
#14574 = CARTESIAN_POINT('',(12.990381056767,7.5));
#14575 = CARTESIAN_POINT('',(25.980762113533,-15.));
#14576 = CARTESIAN_POINT('',(3.552713678801E-15,-15.));
#14577 = ( GEOMETRIC_REPRESENTATION_CONTEXT(2) 
PARAMETRIC_REPRESENTATION_CONTEXT() REPRESENTATION_CONTEXT('2D SPACE',''
  ) );
#14578 = PCURVE('',#14540,#14579);
#14579 = DEFINITIONAL_REPRESENTATION('',(#14580),#14584);
#14580 = LINE('',#14581,#14582);
#14581 = CARTESIAN_POINT('',(-6.28318530718,-9.));
#14582 = VECTOR('',#14583,1.);
#14583 = DIRECTION('',(1.,-0.));
#14584 = ( GEOMETRIC_REPRESENTATION_CONTEXT(2) 
PARAMETRIC_REPRESENTATION_CONTEXT() REPRESENTATION_CONTEXT('2D SPACE',''
  ) );
#14585 = ADVANCED_FACE('',(#14586),#14540,.F.);
#14586 = FACE_BOUND('',#14587,.T.);
#14587 = EDGE_LOOP('',(#14588,#14589,#14610,#14611));
#14588 = ORIENTED_EDGE('',*,*,#14519,.T.);
#14589 = ORIENTED_EDGE('',*,*,#14590,.T.);
#14590 = EDGE_CURVE('',#14520,#14559,#14591,.T.);
#14591 = SEAM_CURVE('',#14592,(#14596,#14603),.PCURVE_S1.);
#14592 = LINE('',#14593,#14594);
#14593 = CARTESIAN_POINT('',(-74.,15.,30.));
#14594 = VECTOR('',#14595,1.);
#14595 = DIRECTION('',(1.,0.,0.));
#14596 = PCURVE('',#14540,#14597);
#14597 = DEFINITIONAL_REPRESENTATION('',(#14598),#14602);
#14598 = LINE('',#14599,#14600);
#14599 = CARTESIAN_POINT('',(-6.28318530718,0.));
#14600 = VECTOR('',#14601,1.);
#14601 = DIRECTION('',(-0.,-1.));
#14602 = ( GEOMETRIC_REPRESENTATION_CONTEXT(2) 
PARAMETRIC_REPRESENTATION_CONTEXT() REPRESENTATION_CONTEXT('2D SPACE',''
  ) );
#14603 = PCURVE('',#14540,#14604);
#14604 = DEFINITIONAL_REPRESENTATION('',(#14605),#14609);
#14605 = LINE('',#14606,#14607);
#14606 = CARTESIAN_POINT('',(-0.,0.));
#14607 = VECTOR('',#14608,1.);
#14608 = DIRECTION('',(-0.,-1.));
#14609 = ( GEOMETRIC_REPRESENTATION_CONTEXT(2) 
PARAMETRIC_REPRESENTATION_CONTEXT() REPRESENTATION_CONTEXT('2D SPACE',''
  ) );
#14610 = ORIENTED_EDGE('',*,*,#14558,.F.);
#14611 = ORIENTED_EDGE('',*,*,#14590,.F.);
#14612 = ( GEOMETRIC_REPRESENTATION_CONTEXT(3) 
GLOBAL_UNCERTAINTY_ASSIGNED_CONTEXT((#14616)) 
GLOBAL_UNIT_ASSIGNED_CONTEXT((#14613,#14614,#14615)) 
REPRESENTATION_CONTEXT('Context #1',
  '3D Context with UNIT and UNCERTAINTY') );
#14613 = ( LENGTH_UNIT() NAMED_UNIT(*) SI_UNIT(.MILLI.,.METRE.) );
#14614 = ( NAMED_UNIT(*) PLANE_ANGLE_UNIT() SI_UNIT($,.RADIAN.) );
#14615 = ( NAMED_UNIT(*) SI_UNIT($,.STERADIAN.) SOLID_ANGLE_UNIT() );
#14616 = UNCERTAINTY_MEASURE_WITH_UNIT(LENGTH_MEASURE(1.E-07),#14613,
  'distance_accuracy_value','confusion accuracy');
#14617 = CONTEXT_DEPENDENT_SHAPE_REPRESENTATION(#14618,#14620);
#14618 = ( REPRESENTATION_RELATIONSHIP('','',#14421,#10) 
REPRESENTATION_RELATIONSHIP_WITH_TRANSFORMATION(#14619) 
SHAPE_REPRESENTATION_RELATIONSHIP() );
#14619 = ITEM_DEFINED_TRANSFORMATION('','',#11,#39);
#14620 = PRODUCT_DEFINITION_SHAPE('Placement','Placement of an item',
  #14621);
#14621 = NEXT_ASSEMBLY_USAGE_OCCURRENCE('7','espaciador','',#5,#14416,$
  );
#14622 = PRODUCT_RELATED_PRODUCT_CATEGORY('part',$,(#14418));
#14623 = SHAPE_DEFINITION_REPRESENTATION(#14624,#14630);
#14624 = PRODUCT_DEFINITION_SHAPE('','',#14625);
#14625 = PRODUCT_DEFINITION('design','',#14626,#14629);
#14626 = PRODUCT_DEFINITION_FORMATION('','',#14627);
#14627 = PRODUCT('caja_resorte','caja_resorte','',(#14628));
#14628 = PRODUCT_CONTEXT('',#2,'mechanical');
#14629 = PRODUCT_DEFINITION_CONTEXT('part definition',#2,'design');
#14630 = ADVANCED_BREP_SHAPE_REPRESENTATION('',(#11,#14631),#15009);
#14631 = MANIFOLD_SOLID_BREP('',#14632);
#14632 = CLOSED_SHELL('',(#14633,#14721,#14760,#14799,#14858,#14917,
    #14952,#14982));
#14633 = ADVANCED_FACE('',(#14634),#14648,.T.);
#14634 = FACE_BOUND('',#14635,.F.);
#14635 = EDGE_LOOP('',(#14636,#14666,#14693,#14694));
#14636 = ORIENTED_EDGE('',*,*,#14637,.T.);
#14637 = EDGE_CURVE('',#14638,#14640,#14642,.T.);
#14638 = VERTEX_POINT('',#14639);
#14639 = CARTESIAN_POINT('',(-121.,22.,30.));
#14640 = VERTEX_POINT('',#14641);
#14641 = CARTESIAN_POINT('',(-73.,22.,30.));
#14642 = SEAM_CURVE('',#14643,(#14647,#14659),.PCURVE_S1.);
#14643 = LINE('',#14644,#14645);
#14644 = CARTESIAN_POINT('',(-121.,22.,30.));
#14645 = VECTOR('',#14646,1.);
#14646 = DIRECTION('',(1.,0.,0.));
#14647 = PCURVE('',#14648,#14653);
#14648 = CYLINDRICAL_SURFACE('',#14649,22.);
#14649 = AXIS2_PLACEMENT_3D('',#14650,#14651,#14652);
#14650 = CARTESIAN_POINT('',(-121.,0.,30.));
#14651 = DIRECTION('',(-1.,-0.,-0.));
#14652 = DIRECTION('',(0.,1.,0.));
#14653 = DEFINITIONAL_REPRESENTATION('',(#14654),#14658);
#14654 = LINE('',#14655,#14656);
#14655 = CARTESIAN_POINT('',(-0.,0.));
#14656 = VECTOR('',#14657,1.);
#14657 = DIRECTION('',(-0.,-1.));
#14658 = ( GEOMETRIC_REPRESENTATION_CONTEXT(2) 
PARAMETRIC_REPRESENTATION_CONTEXT() REPRESENTATION_CONTEXT('2D SPACE',''
  ) );
#14659 = PCURVE('',#14648,#14660);
#14660 = DEFINITIONAL_REPRESENTATION('',(#14661),#14665);
#14661 = LINE('',#14662,#14663);
#14662 = CARTESIAN_POINT('',(-6.28318530718,0.));
#14663 = VECTOR('',#14664,1.);
#14664 = DIRECTION('',(-0.,-1.));
#14665 = ( GEOMETRIC_REPRESENTATION_CONTEXT(2) 
PARAMETRIC_REPRESENTATION_CONTEXT() REPRESENTATION_CONTEXT('2D SPACE',''
  ) );
#14666 = ORIENTED_EDGE('',*,*,#14667,.T.);
#14667 = EDGE_CURVE('',#14640,#14640,#14668,.T.);
#14668 = SURFACE_CURVE('',#14669,(#14674,#14681),.PCURVE_S1.);
#14669 = CIRCLE('',#14670,22.);
#14670 = AXIS2_PLACEMENT_3D('',#14671,#14672,#14673);
#14671 = CARTESIAN_POINT('',(-73.,0.,30.));
#14672 = DIRECTION('',(1.,0.,0.));
#14673 = DIRECTION('',(0.,1.,0.));
#14674 = PCURVE('',#14648,#14675);
#14675 = DEFINITIONAL_REPRESENTATION('',(#14676),#14680);
#14676 = LINE('',#14677,#14678);
#14677 = CARTESIAN_POINT('',(-0.,-48.));
#14678 = VECTOR('',#14679,1.);
#14679 = DIRECTION('',(-1.,0.));
#14680 = ( GEOMETRIC_REPRESENTATION_CONTEXT(2) 
PARAMETRIC_REPRESENTATION_CONTEXT() REPRESENTATION_CONTEXT('2D SPACE',''
  ) );
#14681 = PCURVE('',#14682,#14687);
#14682 = PLANE('',#14683);
#14683 = AXIS2_PLACEMENT_3D('',#14684,#14685,#14686);
#14684 = CARTESIAN_POINT('',(-73.,-1.491752871861E-15,30.));
#14685 = DIRECTION('',(1.,0.,0.));
#14686 = DIRECTION('',(-0.,0.,1.));
#14687 = DEFINITIONAL_REPRESENTATION('',(#14688),#14692);
#14688 = CIRCLE('',#14689,22.);
#14689 = AXIS2_PLACEMENT_2D('',#14690,#14691);
#14690 = CARTESIAN_POINT('',(3.552713678801E-15,-1.491752871861E-15));
#14691 = DIRECTION('',(0.,-1.));
#14692 = ( GEOMETRIC_REPRESENTATION_CONTEXT(2) 
PARAMETRIC_REPRESENTATION_CONTEXT() REPRESENTATION_CONTEXT('2D SPACE',''
  ) );
#14693 = ORIENTED_EDGE('',*,*,#14637,.F.);
#14694 = ORIENTED_EDGE('',*,*,#14695,.F.);
#14695 = EDGE_CURVE('',#14638,#14638,#14696,.T.);
#14696 = SURFACE_CURVE('',#14697,(#14702,#14709),.PCURVE_S1.);
#14697 = CIRCLE('',#14698,22.);
#14698 = AXIS2_PLACEMENT_3D('',#14699,#14700,#14701);
#14699 = CARTESIAN_POINT('',(-121.,0.,30.));
#14700 = DIRECTION('',(1.,0.,0.));
#14701 = DIRECTION('',(0.,1.,0.));
#14702 = PCURVE('',#14648,#14703);
#14703 = DEFINITIONAL_REPRESENTATION('',(#14704),#14708);
#14704 = LINE('',#14705,#14706);
#14705 = CARTESIAN_POINT('',(-0.,0.));
#14706 = VECTOR('',#14707,1.);
#14707 = DIRECTION('',(-1.,0.));
#14708 = ( GEOMETRIC_REPRESENTATION_CONTEXT(2) 
PARAMETRIC_REPRESENTATION_CONTEXT() REPRESENTATION_CONTEXT('2D SPACE',''
  ) );
#14709 = PCURVE('',#14710,#14715);
#14710 = PLANE('',#14711);
#14711 = AXIS2_PLACEMENT_3D('',#14712,#14713,#14714);
#14712 = CARTESIAN_POINT('',(-121.,-1.491752871861E-15,30.));
#14713 = DIRECTION('',(1.,0.,0.));
#14714 = DIRECTION('',(-0.,0.,1.));
#14715 = DEFINITIONAL_REPRESENTATION('',(#14716),#14720);
#14716 = CIRCLE('',#14717,22.);
#14717 = AXIS2_PLACEMENT_2D('',#14718,#14719);
#14718 = CARTESIAN_POINT('',(3.552713678801E-15,-1.491752871861E-15));
#14719 = DIRECTION('',(0.,-1.));
#14720 = ( GEOMETRIC_REPRESENTATION_CONTEXT(2) 
PARAMETRIC_REPRESENTATION_CONTEXT() REPRESENTATION_CONTEXT('2D SPACE',''
  ) );
#14721 = ADVANCED_FACE('',(#14722,#14725),#14710,.F.);
#14722 = FACE_BOUND('',#14723,.F.);
#14723 = EDGE_LOOP('',(#14724));
#14724 = ORIENTED_EDGE('',*,*,#14695,.T.);
#14725 = FACE_BOUND('',#14726,.F.);
#14726 = EDGE_LOOP('',(#14727));
#14727 = ORIENTED_EDGE('',*,*,#14728,.T.);
#14728 = EDGE_CURVE('',#14729,#14729,#14731,.T.);
#14729 = VERTEX_POINT('',#14730);
#14730 = CARTESIAN_POINT('',(-121.,12.,30.));
#14731 = SURFACE_CURVE('',#14732,(#14737,#14748),.PCURVE_S1.);
#14732 = CIRCLE('',#14733,12.);
#14733 = AXIS2_PLACEMENT_3D('',#14734,#14735,#14736);
#14734 = CARTESIAN_POINT('',(-121.,0.,30.));
#14735 = DIRECTION('',(-1.,0.,0.));
#14736 = DIRECTION('',(0.,1.,0.));
#14737 = PCURVE('',#14710,#14738);
#14738 = DEFINITIONAL_REPRESENTATION('',(#14739),#14747);
#14739 = ( BOUNDED_CURVE() B_SPLINE_CURVE(2,(#14740,#14741,#14742,#14743
    ,#14744,#14745,#14746),.UNSPECIFIED.,.T.,.F.) 
B_SPLINE_CURVE_WITH_KNOTS((1,2,2,2,2,1),(-2.094395102393,0.,
    2.094395102393,4.188790204786,6.28318530718,8.377580409573),
.UNSPECIFIED.) CURVE() GEOMETRIC_REPRESENTATION_ITEM() 
RATIONAL_B_SPLINE_CURVE((1.,0.5,1.,0.5,1.,0.5,1.)) REPRESENTATION_ITEM(
  '') );
#14740 = CARTESIAN_POINT('',(3.552713678801E-15,-12.));
#14741 = CARTESIAN_POINT('',(-20.78460969082,-12.));
#14742 = CARTESIAN_POINT('',(-10.39230484541,6.));
#14743 = CARTESIAN_POINT('',(6.135613608469E-16,24.));
#14744 = CARTESIAN_POINT('',(10.392304845413,6.));
#14745 = CARTESIAN_POINT('',(20.784609690827,-12.));
#14746 = CARTESIAN_POINT('',(3.552713678801E-15,-12.));
#14747 = ( GEOMETRIC_REPRESENTATION_CONTEXT(2) 
PARAMETRIC_REPRESENTATION_CONTEXT() REPRESENTATION_CONTEXT('2D SPACE',''
  ) );
#14748 = PCURVE('',#14749,#14754);
#14749 = CYLINDRICAL_SURFACE('',#14750,12.);
#14750 = AXIS2_PLACEMENT_3D('',#14751,#14752,#14753);
#14751 = CARTESIAN_POINT('',(-122.,0.,30.));
#14752 = DIRECTION('',(-1.,-0.,-0.));
#14753 = DIRECTION('',(0.,1.,0.));
#14754 = DEFINITIONAL_REPRESENTATION('',(#14755),#14759);
#14755 = LINE('',#14756,#14757);
#14756 = CARTESIAN_POINT('',(-6.28318530718,-1.));
#14757 = VECTOR('',#14758,1.);
#14758 = DIRECTION('',(1.,-0.));
#14759 = ( GEOMETRIC_REPRESENTATION_CONTEXT(2) 
PARAMETRIC_REPRESENTATION_CONTEXT() REPRESENTATION_CONTEXT('2D SPACE',''
  ) );
#14760 = ADVANCED_FACE('',(#14761,#14764),#14682,.T.);
#14761 = FACE_BOUND('',#14762,.T.);
#14762 = EDGE_LOOP('',(#14763));
#14763 = ORIENTED_EDGE('',*,*,#14667,.T.);
#14764 = FACE_BOUND('',#14765,.T.);
#14765 = EDGE_LOOP('',(#14766));
#14766 = ORIENTED_EDGE('',*,*,#14767,.T.);
#14767 = EDGE_CURVE('',#14768,#14768,#14770,.T.);
#14768 = VERTEX_POINT('',#14769);
#14769 = CARTESIAN_POINT('',(-73.,12.,30.));
#14770 = SURFACE_CURVE('',#14771,(#14776,#14787),.PCURVE_S1.);
#14771 = CIRCLE('',#14772,12.);
#14772 = AXIS2_PLACEMENT_3D('',#14773,#14774,#14775);
#14773 = CARTESIAN_POINT('',(-73.,0.,30.));
#14774 = DIRECTION('',(-1.,0.,0.));
#14775 = DIRECTION('',(0.,1.,0.));
#14776 = PCURVE('',#14682,#14777);
#14777 = DEFINITIONAL_REPRESENTATION('',(#14778),#14786);
#14778 = ( BOUNDED_CURVE() B_SPLINE_CURVE(2,(#14779,#14780,#14781,#14782
    ,#14783,#14784,#14785),.UNSPECIFIED.,.T.,.F.) 
B_SPLINE_CURVE_WITH_KNOTS((1,2,2,2,2,1),(-2.094395102393,0.,
    2.094395102393,4.188790204786,6.28318530718,8.377580409573),
.UNSPECIFIED.) CURVE() GEOMETRIC_REPRESENTATION_ITEM() 
RATIONAL_B_SPLINE_CURVE((1.,0.5,1.,0.5,1.,0.5,1.)) REPRESENTATION_ITEM(
  '') );
#14779 = CARTESIAN_POINT('',(3.552713678801E-15,-12.));
#14780 = CARTESIAN_POINT('',(-20.78460969082,-12.));
#14781 = CARTESIAN_POINT('',(-10.39230484541,6.));
#14782 = CARTESIAN_POINT('',(6.135613608469E-16,24.));
#14783 = CARTESIAN_POINT('',(10.392304845413,6.));
#14784 = CARTESIAN_POINT('',(20.784609690827,-12.));
#14785 = CARTESIAN_POINT('',(3.552713678801E-15,-12.));
#14786 = ( GEOMETRIC_REPRESENTATION_CONTEXT(2) 
PARAMETRIC_REPRESENTATION_CONTEXT() REPRESENTATION_CONTEXT('2D SPACE',''
  ) );
#14787 = PCURVE('',#14788,#14793);
#14788 = CYLINDRICAL_SURFACE('',#14789,12.);
#14789 = AXIS2_PLACEMENT_3D('',#14790,#14791,#14792);
#14790 = CARTESIAN_POINT('',(-122.,0.,30.));
#14791 = DIRECTION('',(-1.,-0.,-0.));
#14792 = DIRECTION('',(0.,1.,0.));
#14793 = DEFINITIONAL_REPRESENTATION('',(#14794),#14798);
#14794 = LINE('',#14795,#14796);
#14795 = CARTESIAN_POINT('',(-6.28318530718,-49.));
#14796 = VECTOR('',#14797,1.);
#14797 = DIRECTION('',(1.,-0.));
#14798 = ( GEOMETRIC_REPRESENTATION_CONTEXT(2) 
PARAMETRIC_REPRESENTATION_CONTEXT() REPRESENTATION_CONTEXT('2D SPACE',''
  ) );
#14799 = ADVANCED_FACE('',(#14800),#14749,.F.);
#14800 = FACE_BOUND('',#14801,.T.);
#14801 = EDGE_LOOP('',(#14802,#14803,#14826,#14857));
#14802 = ORIENTED_EDGE('',*,*,#14728,.T.);
#14803 = ORIENTED_EDGE('',*,*,#14804,.T.);
#14804 = EDGE_CURVE('',#14729,#14805,#14807,.T.);
#14805 = VERTEX_POINT('',#14806);
#14806 = CARTESIAN_POINT('',(-117.,12.,30.));
#14807 = SEAM_CURVE('',#14808,(#14812,#14819),.PCURVE_S1.);
#14808 = LINE('',#14809,#14810);
#14809 = CARTESIAN_POINT('',(-122.,12.,30.));
#14810 = VECTOR('',#14811,1.);
#14811 = DIRECTION('',(1.,0.,0.));
#14812 = PCURVE('',#14749,#14813);
#14813 = DEFINITIONAL_REPRESENTATION('',(#14814),#14818);
#14814 = LINE('',#14815,#14816);
#14815 = CARTESIAN_POINT('',(-6.28318530718,0.));
#14816 = VECTOR('',#14817,1.);
#14817 = DIRECTION('',(-0.,-1.));
#14818 = ( GEOMETRIC_REPRESENTATION_CONTEXT(2) 
PARAMETRIC_REPRESENTATION_CONTEXT() REPRESENTATION_CONTEXT('2D SPACE',''
  ) );
#14819 = PCURVE('',#14749,#14820);
#14820 = DEFINITIONAL_REPRESENTATION('',(#14821),#14825);
#14821 = LINE('',#14822,#14823);
#14822 = CARTESIAN_POINT('',(-0.,0.));
#14823 = VECTOR('',#14824,1.);
#14824 = DIRECTION('',(-0.,-1.));
#14825 = ( GEOMETRIC_REPRESENTATION_CONTEXT(2) 
PARAMETRIC_REPRESENTATION_CONTEXT() REPRESENTATION_CONTEXT('2D SPACE',''
  ) );
#14826 = ORIENTED_EDGE('',*,*,#14827,.F.);
#14827 = EDGE_CURVE('',#14805,#14805,#14828,.T.);
#14828 = SURFACE_CURVE('',#14829,(#14834,#14841),.PCURVE_S1.);
#14829 = CIRCLE('',#14830,12.);
#14830 = AXIS2_PLACEMENT_3D('',#14831,#14832,#14833);
#14831 = CARTESIAN_POINT('',(-117.,0.,30.));
#14832 = DIRECTION('',(-1.,0.,0.));
#14833 = DIRECTION('',(0.,1.,0.));
#14834 = PCURVE('',#14749,#14835);
#14835 = DEFINITIONAL_REPRESENTATION('',(#14836),#14840);
#14836 = LINE('',#14837,#14838);
#14837 = CARTESIAN_POINT('',(-6.28318530718,-5.));
#14838 = VECTOR('',#14839,1.);
#14839 = DIRECTION('',(1.,-0.));
#14840 = ( GEOMETRIC_REPRESENTATION_CONTEXT(2) 
PARAMETRIC_REPRESENTATION_CONTEXT() REPRESENTATION_CONTEXT('2D SPACE',''
  ) );
#14841 = PCURVE('',#14842,#14847);
#14842 = PLANE('',#14843);
#14843 = AXIS2_PLACEMENT_3D('',#14844,#14845,#14846);
#14844 = CARTESIAN_POINT('',(-117.,-6.077511700175E-16,30.));
#14845 = DIRECTION('',(1.,0.,0.));
#14846 = DIRECTION('',(-0.,0.,1.));
#14847 = DEFINITIONAL_REPRESENTATION('',(#14848),#14856);
#14848 = ( BOUNDED_CURVE() B_SPLINE_CURVE(2,(#14849,#14850,#14851,#14852
    ,#14853,#14854,#14855),.UNSPECIFIED.,.T.,.F.) 
B_SPLINE_CURVE_WITH_KNOTS((1,2,2,2,2,1),(-2.094395102393,0.,
    2.094395102393,4.188790204786,6.28318530718,8.377580409573),
.UNSPECIFIED.) CURVE() GEOMETRIC_REPRESENTATION_ITEM() 
RATIONAL_B_SPLINE_CURVE((1.,0.5,1.,0.5,1.,0.5,1.)) REPRESENTATION_ITEM(
  '') );
#14849 = CARTESIAN_POINT('',(0.,-12.));
#14850 = CARTESIAN_POINT('',(-20.78460969082,-12.));
#14851 = CARTESIAN_POINT('',(-10.39230484541,6.));
#14852 = CARTESIAN_POINT('',(-2.939152317954E-15,24.));
#14853 = CARTESIAN_POINT('',(10.392304845413,6.));
#14854 = CARTESIAN_POINT('',(20.784609690827,-12.));
#14855 = CARTESIAN_POINT('',(0.,-12.));
#14856 = ( GEOMETRIC_REPRESENTATION_CONTEXT(2) 
PARAMETRIC_REPRESENTATION_CONTEXT() REPRESENTATION_CONTEXT('2D SPACE',''
  ) );
#14857 = ORIENTED_EDGE('',*,*,#14804,.F.);
#14858 = ADVANCED_FACE('',(#14859),#14788,.F.);
#14859 = FACE_BOUND('',#14860,.T.);
#14860 = EDGE_LOOP('',(#14861,#14894,#14915,#14916));
#14861 = ORIENTED_EDGE('',*,*,#14862,.T.);
#14862 = EDGE_CURVE('',#14863,#14863,#14865,.T.);
#14863 = VERTEX_POINT('',#14864);
#14864 = CARTESIAN_POINT('',(-77.,12.,30.));
#14865 = SURFACE_CURVE('',#14866,(#14871,#14878),.PCURVE_S1.);
#14866 = CIRCLE('',#14867,12.);
#14867 = AXIS2_PLACEMENT_3D('',#14868,#14869,#14870);
#14868 = CARTESIAN_POINT('',(-77.,0.,30.));
#14869 = DIRECTION('',(-1.,0.,0.));
#14870 = DIRECTION('',(0.,1.,0.));
#14871 = PCURVE('',#14788,#14872);
#14872 = DEFINITIONAL_REPRESENTATION('',(#14873),#14877);
#14873 = LINE('',#14874,#14875);
#14874 = CARTESIAN_POINT('',(-6.28318530718,-45.));
#14875 = VECTOR('',#14876,1.);
#14876 = DIRECTION('',(1.,-0.));
#14877 = ( GEOMETRIC_REPRESENTATION_CONTEXT(2) 
PARAMETRIC_REPRESENTATION_CONTEXT() REPRESENTATION_CONTEXT('2D SPACE',''
  ) );
#14878 = PCURVE('',#14879,#14884);
#14879 = PLANE('',#14880);
#14880 = AXIS2_PLACEMENT_3D('',#14881,#14882,#14883);
#14881 = CARTESIAN_POINT('',(-77.,-6.077511700175E-16,30.));
#14882 = DIRECTION('',(1.,0.,0.));
#14883 = DIRECTION('',(-0.,0.,1.));
#14884 = DEFINITIONAL_REPRESENTATION('',(#14885),#14893);
#14885 = ( BOUNDED_CURVE() B_SPLINE_CURVE(2,(#14886,#14887,#14888,#14889
    ,#14890,#14891,#14892),.UNSPECIFIED.,.T.,.F.) 
B_SPLINE_CURVE_WITH_KNOTS((1,2,2,2,2,1),(-2.094395102393,0.,
    2.094395102393,4.188790204786,6.28318530718,8.377580409573),
.UNSPECIFIED.) CURVE() GEOMETRIC_REPRESENTATION_ITEM() 
RATIONAL_B_SPLINE_CURVE((1.,0.5,1.,0.5,1.,0.5,1.)) REPRESENTATION_ITEM(
  '') );
#14886 = CARTESIAN_POINT('',(0.,-12.));
#14887 = CARTESIAN_POINT('',(-20.78460969082,-12.));
#14888 = CARTESIAN_POINT('',(-10.39230484541,6.));
#14889 = CARTESIAN_POINT('',(-2.939152317954E-15,24.));
#14890 = CARTESIAN_POINT('',(10.392304845413,6.));
#14891 = CARTESIAN_POINT('',(20.784609690827,-12.));
#14892 = CARTESIAN_POINT('',(0.,-12.));
#14893 = ( GEOMETRIC_REPRESENTATION_CONTEXT(2) 
PARAMETRIC_REPRESENTATION_CONTEXT() REPRESENTATION_CONTEXT('2D SPACE',''
  ) );
#14894 = ORIENTED_EDGE('',*,*,#14895,.T.);
#14895 = EDGE_CURVE('',#14863,#14768,#14896,.T.);
#14896 = SEAM_CURVE('',#14897,(#14901,#14908),.PCURVE_S1.);
#14897 = LINE('',#14898,#14899);
#14898 = CARTESIAN_POINT('',(-122.,12.,30.));
#14899 = VECTOR('',#14900,1.);
#14900 = DIRECTION('',(1.,0.,0.));
#14901 = PCURVE('',#14788,#14902);
#14902 = DEFINITIONAL_REPRESENTATION('',(#14903),#14907);
#14903 = LINE('',#14904,#14905);
#14904 = CARTESIAN_POINT('',(-6.28318530718,0.));
#14905 = VECTOR('',#14906,1.);
#14906 = DIRECTION('',(-0.,-1.));
#14907 = ( GEOMETRIC_REPRESENTATION_CONTEXT(2) 
PARAMETRIC_REPRESENTATION_CONTEXT() REPRESENTATION_CONTEXT('2D SPACE',''
  ) );
#14908 = PCURVE('',#14788,#14909);
#14909 = DEFINITIONAL_REPRESENTATION('',(#14910),#14914);
#14910 = LINE('',#14911,#14912);
#14911 = CARTESIAN_POINT('',(-0.,0.));
#14912 = VECTOR('',#14913,1.);
#14913 = DIRECTION('',(-0.,-1.));
#14914 = ( GEOMETRIC_REPRESENTATION_CONTEXT(2) 
PARAMETRIC_REPRESENTATION_CONTEXT() REPRESENTATION_CONTEXT('2D SPACE',''
  ) );
#14915 = ORIENTED_EDGE('',*,*,#14767,.F.);
#14916 = ORIENTED_EDGE('',*,*,#14895,.F.);
#14917 = ADVANCED_FACE('',(#14918,#14949),#14842,.T.);
#14918 = FACE_BOUND('',#14919,.T.);
#14919 = EDGE_LOOP('',(#14920));
#14920 = ORIENTED_EDGE('',*,*,#14921,.T.);
#14921 = EDGE_CURVE('',#14922,#14922,#14924,.T.);
#14922 = VERTEX_POINT('',#14923);
#14923 = CARTESIAN_POINT('',(-117.,18.,30.));
#14924 = SURFACE_CURVE('',#14925,(#14930,#14937),.PCURVE_S1.);
#14925 = CIRCLE('',#14926,18.);
#14926 = AXIS2_PLACEMENT_3D('',#14927,#14928,#14929);
#14927 = CARTESIAN_POINT('',(-117.,0.,30.));
#14928 = DIRECTION('',(1.,0.,0.));
#14929 = DIRECTION('',(0.,1.,0.));
#14930 = PCURVE('',#14842,#14931);
#14931 = DEFINITIONAL_REPRESENTATION('',(#14932),#14936);
#14932 = CIRCLE('',#14933,18.);
#14933 = AXIS2_PLACEMENT_2D('',#14934,#14935);
#14934 = CARTESIAN_POINT('',(0.,-6.077511700175E-16));
#14935 = DIRECTION('',(0.,-1.));
#14936 = ( GEOMETRIC_REPRESENTATION_CONTEXT(2) 
PARAMETRIC_REPRESENTATION_CONTEXT() REPRESENTATION_CONTEXT('2D SPACE',''
  ) );
#14937 = PCURVE('',#14938,#14943);
#14938 = CYLINDRICAL_SURFACE('',#14939,18.);
#14939 = AXIS2_PLACEMENT_3D('',#14940,#14941,#14942);
#14940 = CARTESIAN_POINT('',(-117.,0.,30.));
#14941 = DIRECTION('',(-1.,-0.,-0.));
#14942 = DIRECTION('',(0.,1.,0.));
#14943 = DEFINITIONAL_REPRESENTATION('',(#14944),#14948);
#14944 = LINE('',#14945,#14946);
#14945 = CARTESIAN_POINT('',(-0.,0.));
#14946 = VECTOR('',#14947,1.);
#14947 = DIRECTION('',(-1.,0.));
#14948 = ( GEOMETRIC_REPRESENTATION_CONTEXT(2) 
PARAMETRIC_REPRESENTATION_CONTEXT() REPRESENTATION_CONTEXT('2D SPACE',''
  ) );
#14949 = FACE_BOUND('',#14950,.T.);
#14950 = EDGE_LOOP('',(#14951));
#14951 = ORIENTED_EDGE('',*,*,#14827,.T.);
#14952 = ADVANCED_FACE('',(#14953,#14979),#14879,.F.);
#14953 = FACE_BOUND('',#14954,.F.);
#14954 = EDGE_LOOP('',(#14955));
#14955 = ORIENTED_EDGE('',*,*,#14956,.T.);
#14956 = EDGE_CURVE('',#14957,#14957,#14959,.T.);
#14957 = VERTEX_POINT('',#14958);
#14958 = CARTESIAN_POINT('',(-77.,18.,30.));
#14959 = SURFACE_CURVE('',#14960,(#14965,#14972),.PCURVE_S1.);
#14960 = CIRCLE('',#14961,18.);
#14961 = AXIS2_PLACEMENT_3D('',#14962,#14963,#14964);
#14962 = CARTESIAN_POINT('',(-77.,0.,30.));
#14963 = DIRECTION('',(1.,0.,0.));
#14964 = DIRECTION('',(0.,1.,0.));
#14965 = PCURVE('',#14879,#14966);
#14966 = DEFINITIONAL_REPRESENTATION('',(#14967),#14971);
#14967 = CIRCLE('',#14968,18.);
#14968 = AXIS2_PLACEMENT_2D('',#14969,#14970);
#14969 = CARTESIAN_POINT('',(0.,-6.077511700175E-16));
#14970 = DIRECTION('',(0.,-1.));
#14971 = ( GEOMETRIC_REPRESENTATION_CONTEXT(2) 
PARAMETRIC_REPRESENTATION_CONTEXT() REPRESENTATION_CONTEXT('2D SPACE',''
  ) );
#14972 = PCURVE('',#14938,#14973);
#14973 = DEFINITIONAL_REPRESENTATION('',(#14974),#14978);
#14974 = LINE('',#14975,#14976);
#14975 = CARTESIAN_POINT('',(-0.,-40.));
#14976 = VECTOR('',#14977,1.);
#14977 = DIRECTION('',(-1.,0.));
#14978 = ( GEOMETRIC_REPRESENTATION_CONTEXT(2) 
PARAMETRIC_REPRESENTATION_CONTEXT() REPRESENTATION_CONTEXT('2D SPACE',''
  ) );
#14979 = FACE_BOUND('',#14980,.F.);
#14980 = EDGE_LOOP('',(#14981));
#14981 = ORIENTED_EDGE('',*,*,#14862,.T.);
#14982 = ADVANCED_FACE('',(#14983),#14938,.F.);
#14983 = FACE_BOUND('',#14984,.T.);
#14984 = EDGE_LOOP('',(#14985,#15006,#15007,#15008));
#14985 = ORIENTED_EDGE('',*,*,#14986,.T.);
#14986 = EDGE_CURVE('',#14922,#14957,#14987,.T.);
#14987 = SEAM_CURVE('',#14988,(#14992,#14999),.PCURVE_S1.);
#14988 = LINE('',#14989,#14990);
#14989 = CARTESIAN_POINT('',(-117.,18.,30.));
#14990 = VECTOR('',#14991,1.);
#14991 = DIRECTION('',(1.,0.,0.));
#14992 = PCURVE('',#14938,#14993);
#14993 = DEFINITIONAL_REPRESENTATION('',(#14994),#14998);
#14994 = LINE('',#14995,#14996);
#14995 = CARTESIAN_POINT('',(-0.,0.));
#14996 = VECTOR('',#14997,1.);
#14997 = DIRECTION('',(-0.,-1.));
#14998 = ( GEOMETRIC_REPRESENTATION_CONTEXT(2) 
PARAMETRIC_REPRESENTATION_CONTEXT() REPRESENTATION_CONTEXT('2D SPACE',''
  ) );
#14999 = PCURVE('',#14938,#15000);
#15000 = DEFINITIONAL_REPRESENTATION('',(#15001),#15005);
#15001 = LINE('',#15002,#15003);
#15002 = CARTESIAN_POINT('',(-6.28318530718,0.));
#15003 = VECTOR('',#15004,1.);
#15004 = DIRECTION('',(-0.,-1.));
#15005 = ( GEOMETRIC_REPRESENTATION_CONTEXT(2) 
PARAMETRIC_REPRESENTATION_CONTEXT() REPRESENTATION_CONTEXT('2D SPACE',''
  ) );
#15006 = ORIENTED_EDGE('',*,*,#14956,.T.);
#15007 = ORIENTED_EDGE('',*,*,#14986,.F.);
#15008 = ORIENTED_EDGE('',*,*,#14921,.F.);
#15009 = ( GEOMETRIC_REPRESENTATION_CONTEXT(3) 
GLOBAL_UNCERTAINTY_ASSIGNED_CONTEXT((#15013)) 
GLOBAL_UNIT_ASSIGNED_CONTEXT((#15010,#15011,#15012)) 
REPRESENTATION_CONTEXT('Context #1',
  '3D Context with UNIT and UNCERTAINTY') );
#15010 = ( LENGTH_UNIT() NAMED_UNIT(*) SI_UNIT(.MILLI.,.METRE.) );
#15011 = ( NAMED_UNIT(*) PLANE_ANGLE_UNIT() SI_UNIT($,.RADIAN.) );
#15012 = ( NAMED_UNIT(*) SI_UNIT($,.STERADIAN.) SOLID_ANGLE_UNIT() );
#15013 = UNCERTAINTY_MEASURE_WITH_UNIT(LENGTH_MEASURE(1.E-07),#15010,
  'distance_accuracy_value','confusion accuracy');
#15014 = CONTEXT_DEPENDENT_SHAPE_REPRESENTATION(#15015,#15017);
#15015 = ( REPRESENTATION_RELATIONSHIP('','',#14630,#10) 
REPRESENTATION_RELATIONSHIP_WITH_TRANSFORMATION(#15016) 
SHAPE_REPRESENTATION_RELATIONSHIP() );
#15016 = ITEM_DEFINED_TRANSFORMATION('','',#11,#43);
#15017 = PRODUCT_DEFINITION_SHAPE('Placement','Placement of an item',
  #15018);
#15018 = NEXT_ASSEMBLY_USAGE_OCCURRENCE('8','caja_resorte','',#5,#14625,
  $);
#15019 = PRODUCT_RELATED_PRODUCT_CATEGORY('part',$,(#14627));
#15020 = SHAPE_DEFINITION_REPRESENTATION(#15021,#15027);
#15021 = PRODUCT_DEFINITION_SHAPE('','',#15022);
#15022 = PRODUCT_DEFINITION('design','',#15023,#15026);
#15023 = PRODUCT_DEFINITION_FORMATION('','',#15024);
#15024 = PRODUCT('arandela_1','arandela_1','',(#15025));
#15025 = PRODUCT_CONTEXT('',#2,'mechanical');
#15026 = PRODUCT_DEFINITION_CONTEXT('part definition',#2,'design');
#15027 = ADVANCED_BREP_SHAPE_REPRESENTATION('',(#11,#15028),#15218);
#15028 = MANIFOLD_SOLID_BREP('',#15029);
#15029 = CLOSED_SHELL('',(#15030,#15118,#15157,#15191));
#15030 = ADVANCED_FACE('',(#15031),#15045,.T.);
#15031 = FACE_BOUND('',#15032,.F.);
#15032 = EDGE_LOOP('',(#15033,#15063,#15090,#15091));
#15033 = ORIENTED_EDGE('',*,*,#15034,.T.);
#15034 = EDGE_CURVE('',#15035,#15037,#15039,.T.);
#15035 = VERTEX_POINT('',#15036);
#15036 = CARTESIAN_POINT('',(-80.,17.,30.));
#15037 = VERTEX_POINT('',#15038);
#15038 = CARTESIAN_POINT('',(-77.,17.,30.));
#15039 = SEAM_CURVE('',#15040,(#15044,#15056),.PCURVE_S1.);
#15040 = LINE('',#15041,#15042);
#15041 = CARTESIAN_POINT('',(-80.,17.,30.));
#15042 = VECTOR('',#15043,1.);
#15043 = DIRECTION('',(1.,0.,0.));
#15044 = PCURVE('',#15045,#15050);
#15045 = CYLINDRICAL_SURFACE('',#15046,17.);
#15046 = AXIS2_PLACEMENT_3D('',#15047,#15048,#15049);
#15047 = CARTESIAN_POINT('',(-80.,0.,30.));
#15048 = DIRECTION('',(-1.,-0.,-0.));
#15049 = DIRECTION('',(0.,1.,0.));
#15050 = DEFINITIONAL_REPRESENTATION('',(#15051),#15055);
#15051 = LINE('',#15052,#15053);
#15052 = CARTESIAN_POINT('',(-0.,0.));
#15053 = VECTOR('',#15054,1.);
#15054 = DIRECTION('',(-0.,-1.));
#15055 = ( GEOMETRIC_REPRESENTATION_CONTEXT(2) 
PARAMETRIC_REPRESENTATION_CONTEXT() REPRESENTATION_CONTEXT('2D SPACE',''
  ) );
#15056 = PCURVE('',#15045,#15057);
#15057 = DEFINITIONAL_REPRESENTATION('',(#15058),#15062);
#15058 = LINE('',#15059,#15060);
#15059 = CARTESIAN_POINT('',(-6.28318530718,0.));
#15060 = VECTOR('',#15061,1.);
#15061 = DIRECTION('',(-0.,-1.));
#15062 = ( GEOMETRIC_REPRESENTATION_CONTEXT(2) 
PARAMETRIC_REPRESENTATION_CONTEXT() REPRESENTATION_CONTEXT('2D SPACE',''
  ) );
#15063 = ORIENTED_EDGE('',*,*,#15064,.T.);
#15064 = EDGE_CURVE('',#15037,#15037,#15065,.T.);
#15065 = SURFACE_CURVE('',#15066,(#15071,#15078),.PCURVE_S1.);
#15066 = CIRCLE('',#15067,17.);
#15067 = AXIS2_PLACEMENT_3D('',#15068,#15069,#15070);
#15068 = CARTESIAN_POINT('',(-77.,0.,30.));
#15069 = DIRECTION('',(1.,0.,0.));
#15070 = DIRECTION('',(0.,1.,0.));
#15071 = PCURVE('',#15045,#15072);
#15072 = DEFINITIONAL_REPRESENTATION('',(#15073),#15077);
#15073 = LINE('',#15074,#15075);
#15074 = CARTESIAN_POINT('',(-0.,-3.));
#15075 = VECTOR('',#15076,1.);
#15076 = DIRECTION('',(-1.,0.));
#15077 = ( GEOMETRIC_REPRESENTATION_CONTEXT(2) 
PARAMETRIC_REPRESENTATION_CONTEXT() REPRESENTATION_CONTEXT('2D SPACE',''
  ) );
#15078 = PCURVE('',#15079,#15084);
#15079 = PLANE('',#15080);
#15080 = AXIS2_PLACEMENT_3D('',#15081,#15082,#15083);
#15081 = CARTESIAN_POINT('',(-77.,-1.608753097105E-15,30.));
#15082 = DIRECTION('',(1.,0.,0.));
#15083 = DIRECTION('',(-0.,0.,1.));
#15084 = DEFINITIONAL_REPRESENTATION('',(#15085),#15089);
#15085 = CIRCLE('',#15086,17.);
#15086 = AXIS2_PLACEMENT_2D('',#15087,#15088);
#15087 = CARTESIAN_POINT('',(3.552713678801E-15,-1.608753097105E-15));
#15088 = DIRECTION('',(0.,-1.));
#15089 = ( GEOMETRIC_REPRESENTATION_CONTEXT(2) 
PARAMETRIC_REPRESENTATION_CONTEXT() REPRESENTATION_CONTEXT('2D SPACE',''
  ) );
#15090 = ORIENTED_EDGE('',*,*,#15034,.F.);
#15091 = ORIENTED_EDGE('',*,*,#15092,.F.);
#15092 = EDGE_CURVE('',#15035,#15035,#15093,.T.);
#15093 = SURFACE_CURVE('',#15094,(#15099,#15106),.PCURVE_S1.);
#15094 = CIRCLE('',#15095,17.);
#15095 = AXIS2_PLACEMENT_3D('',#15096,#15097,#15098);
#15096 = CARTESIAN_POINT('',(-80.,0.,30.));
#15097 = DIRECTION('',(1.,0.,0.));
#15098 = DIRECTION('',(0.,1.,0.));
#15099 = PCURVE('',#15045,#15100);
#15100 = DEFINITIONAL_REPRESENTATION('',(#15101),#15105);
#15101 = LINE('',#15102,#15103);
#15102 = CARTESIAN_POINT('',(-0.,0.));
#15103 = VECTOR('',#15104,1.);
#15104 = DIRECTION('',(-1.,0.));
#15105 = ( GEOMETRIC_REPRESENTATION_CONTEXT(2) 
PARAMETRIC_REPRESENTATION_CONTEXT() REPRESENTATION_CONTEXT('2D SPACE',''
  ) );
#15106 = PCURVE('',#15107,#15112);
#15107 = PLANE('',#15108);
#15108 = AXIS2_PLACEMENT_3D('',#15109,#15110,#15111);
#15109 = CARTESIAN_POINT('',(-80.,-1.608753097105E-15,30.));
#15110 = DIRECTION('',(1.,0.,0.));
#15111 = DIRECTION('',(-0.,0.,1.));
#15112 = DEFINITIONAL_REPRESENTATION('',(#15113),#15117);
#15113 = CIRCLE('',#15114,17.);
#15114 = AXIS2_PLACEMENT_2D('',#15115,#15116);
#15115 = CARTESIAN_POINT('',(3.552713678801E-15,-1.608753097105E-15));
#15116 = DIRECTION('',(0.,-1.));
#15117 = ( GEOMETRIC_REPRESENTATION_CONTEXT(2) 
PARAMETRIC_REPRESENTATION_CONTEXT() REPRESENTATION_CONTEXT('2D SPACE',''
  ) );
#15118 = ADVANCED_FACE('',(#15119,#15122),#15107,.F.);
#15119 = FACE_BOUND('',#15120,.F.);
#15120 = EDGE_LOOP('',(#15121));
#15121 = ORIENTED_EDGE('',*,*,#15092,.T.);
#15122 = FACE_BOUND('',#15123,.F.);
#15123 = EDGE_LOOP('',(#15124));
#15124 = ORIENTED_EDGE('',*,*,#15125,.T.);
#15125 = EDGE_CURVE('',#15126,#15126,#15128,.T.);
#15126 = VERTEX_POINT('',#15127);
#15127 = CARTESIAN_POINT('',(-80.,5.25,30.));
#15128 = SURFACE_CURVE('',#15129,(#15134,#15145),.PCURVE_S1.);
#15129 = CIRCLE('',#15130,5.25);
#15130 = AXIS2_PLACEMENT_3D('',#15131,#15132,#15133);
#15131 = CARTESIAN_POINT('',(-80.,0.,30.));
#15132 = DIRECTION('',(-1.,0.,0.));
#15133 = DIRECTION('',(0.,1.,0.));
#15134 = PCURVE('',#15107,#15135);
#15135 = DEFINITIONAL_REPRESENTATION('',(#15136),#15144);
#15136 = ( BOUNDED_CURVE() B_SPLINE_CURVE(2,(#15137,#15138,#15139,#15140
    ,#15141,#15142,#15143),.UNSPECIFIED.,.T.,.F.) 
B_SPLINE_CURVE_WITH_KNOTS((1,2,2,2,2,1),(-2.094395102393,0.,
    2.094395102393,4.188790204786,6.28318530718,8.377580409573),
.UNSPECIFIED.) CURVE() GEOMETRIC_REPRESENTATION_ITEM() 
RATIONAL_B_SPLINE_CURVE((1.,0.5,1.,0.5,1.,0.5,1.)) REPRESENTATION_ITEM(
  '') );
#15137 = CARTESIAN_POINT('',(3.552713678801E-15,-5.25));
#15138 = CARTESIAN_POINT('',(-9.093266739737,-5.25));
#15139 = CARTESIAN_POINT('',(-4.546633369868,2.625));
#15140 = CARTESIAN_POINT('',(2.266834539696E-15,10.5));
#15141 = CARTESIAN_POINT('',(4.546633369868,2.625));
#15142 = CARTESIAN_POINT('',(9.093266739737,-5.25));
#15143 = CARTESIAN_POINT('',(3.552713678801E-15,-5.25));
#15144 = ( GEOMETRIC_REPRESENTATION_CONTEXT(2) 
PARAMETRIC_REPRESENTATION_CONTEXT() REPRESENTATION_CONTEXT('2D SPACE',''
  ) );
#15145 = PCURVE('',#15146,#15151);
#15146 = CYLINDRICAL_SURFACE('',#15147,5.25);
#15147 = AXIS2_PLACEMENT_3D('',#15148,#15149,#15150);
#15148 = CARTESIAN_POINT('',(-81.,0.,30.));
#15149 = DIRECTION('',(-1.,-0.,-0.));
#15150 = DIRECTION('',(0.,1.,0.));
#15151 = DEFINITIONAL_REPRESENTATION('',(#15152),#15156);
#15152 = LINE('',#15153,#15154);
#15153 = CARTESIAN_POINT('',(-6.28318530718,-1.));
#15154 = VECTOR('',#15155,1.);
#15155 = DIRECTION('',(1.,-0.));
#15156 = ( GEOMETRIC_REPRESENTATION_CONTEXT(2) 
PARAMETRIC_REPRESENTATION_CONTEXT() REPRESENTATION_CONTEXT('2D SPACE',''
  ) );
#15157 = ADVANCED_FACE('',(#15158,#15161),#15079,.T.);
#15158 = FACE_BOUND('',#15159,.T.);
#15159 = EDGE_LOOP('',(#15160));
#15160 = ORIENTED_EDGE('',*,*,#15064,.T.);
#15161 = FACE_BOUND('',#15162,.T.);
#15162 = EDGE_LOOP('',(#15163));
#15163 = ORIENTED_EDGE('',*,*,#15164,.T.);
#15164 = EDGE_CURVE('',#15165,#15165,#15167,.T.);
#15165 = VERTEX_POINT('',#15166);
#15166 = CARTESIAN_POINT('',(-77.,5.25,30.));
#15167 = SURFACE_CURVE('',#15168,(#15173,#15184),.PCURVE_S1.);
#15168 = CIRCLE('',#15169,5.25);
#15169 = AXIS2_PLACEMENT_3D('',#15170,#15171,#15172);
#15170 = CARTESIAN_POINT('',(-77.,0.,30.));
#15171 = DIRECTION('',(-1.,0.,0.));
#15172 = DIRECTION('',(0.,1.,0.));
#15173 = PCURVE('',#15079,#15174);
#15174 = DEFINITIONAL_REPRESENTATION('',(#15175),#15183);
#15175 = ( BOUNDED_CURVE() B_SPLINE_CURVE(2,(#15176,#15177,#15178,#15179
    ,#15180,#15181,#15182),.UNSPECIFIED.,.T.,.F.) 
B_SPLINE_CURVE_WITH_KNOTS((1,2,2,2,2,1),(-2.094395102393,0.,
    2.094395102393,4.188790204786,6.28318530718,8.377580409573),
.UNSPECIFIED.) CURVE() GEOMETRIC_REPRESENTATION_ITEM() 
RATIONAL_B_SPLINE_CURVE((1.,0.5,1.,0.5,1.,0.5,1.)) REPRESENTATION_ITEM(
  '') );
#15176 = CARTESIAN_POINT('',(3.552713678801E-15,-5.25));
#15177 = CARTESIAN_POINT('',(-9.093266739737,-5.25));
#15178 = CARTESIAN_POINT('',(-4.546633369868,2.625));
#15179 = CARTESIAN_POINT('',(2.266834539696E-15,10.5));
#15180 = CARTESIAN_POINT('',(4.546633369868,2.625));
#15181 = CARTESIAN_POINT('',(9.093266739737,-5.25));
#15182 = CARTESIAN_POINT('',(3.552713678801E-15,-5.25));
#15183 = ( GEOMETRIC_REPRESENTATION_CONTEXT(2) 
PARAMETRIC_REPRESENTATION_CONTEXT() REPRESENTATION_CONTEXT('2D SPACE',''
  ) );
#15184 = PCURVE('',#15146,#15185);
#15185 = DEFINITIONAL_REPRESENTATION('',(#15186),#15190);
#15186 = LINE('',#15187,#15188);
#15187 = CARTESIAN_POINT('',(-6.28318530718,-4.));
#15188 = VECTOR('',#15189,1.);
#15189 = DIRECTION('',(1.,-0.));
#15190 = ( GEOMETRIC_REPRESENTATION_CONTEXT(2) 
PARAMETRIC_REPRESENTATION_CONTEXT() REPRESENTATION_CONTEXT('2D SPACE',''
  ) );
#15191 = ADVANCED_FACE('',(#15192),#15146,.F.);
#15192 = FACE_BOUND('',#15193,.T.);
#15193 = EDGE_LOOP('',(#15194,#15195,#15216,#15217));
#15194 = ORIENTED_EDGE('',*,*,#15125,.T.);
#15195 = ORIENTED_EDGE('',*,*,#15196,.T.);
#15196 = EDGE_CURVE('',#15126,#15165,#15197,.T.);
#15197 = SEAM_CURVE('',#15198,(#15202,#15209),.PCURVE_S1.);
#15198 = LINE('',#15199,#15200);
#15199 = CARTESIAN_POINT('',(-81.,5.25,30.));
#15200 = VECTOR('',#15201,1.);
#15201 = DIRECTION('',(1.,0.,0.));
#15202 = PCURVE('',#15146,#15203);
#15203 = DEFINITIONAL_REPRESENTATION('',(#15204),#15208);
#15204 = LINE('',#15205,#15206);
#15205 = CARTESIAN_POINT('',(-6.28318530718,0.));
#15206 = VECTOR('',#15207,1.);
#15207 = DIRECTION('',(-0.,-1.));
#15208 = ( GEOMETRIC_REPRESENTATION_CONTEXT(2) 
PARAMETRIC_REPRESENTATION_CONTEXT() REPRESENTATION_CONTEXT('2D SPACE',''
  ) );
#15209 = PCURVE('',#15146,#15210);
#15210 = DEFINITIONAL_REPRESENTATION('',(#15211),#15215);
#15211 = LINE('',#15212,#15213);
#15212 = CARTESIAN_POINT('',(-0.,0.));
#15213 = VECTOR('',#15214,1.);
#15214 = DIRECTION('',(-0.,-1.));
#15215 = ( GEOMETRIC_REPRESENTATION_CONTEXT(2) 
PARAMETRIC_REPRESENTATION_CONTEXT() REPRESENTATION_CONTEXT('2D SPACE',''
  ) );
#15216 = ORIENTED_EDGE('',*,*,#15164,.F.);
#15217 = ORIENTED_EDGE('',*,*,#15196,.F.);
#15218 = ( GEOMETRIC_REPRESENTATION_CONTEXT(3) 
GLOBAL_UNCERTAINTY_ASSIGNED_CONTEXT((#15222)) 
GLOBAL_UNIT_ASSIGNED_CONTEXT((#15219,#15220,#15221)) 
REPRESENTATION_CONTEXT('Context #1',
  '3D Context with UNIT and UNCERTAINTY') );
#15219 = ( LENGTH_UNIT() NAMED_UNIT(*) SI_UNIT(.MILLI.,.METRE.) );
#15220 = ( NAMED_UNIT(*) PLANE_ANGLE_UNIT() SI_UNIT($,.RADIAN.) );
#15221 = ( NAMED_UNIT(*) SI_UNIT($,.STERADIAN.) SOLID_ANGLE_UNIT() );
#15222 = UNCERTAINTY_MEASURE_WITH_UNIT(LENGTH_MEASURE(1.E-07),#15219,
  'distance_accuracy_value','confusion accuracy');
#15223 = CONTEXT_DEPENDENT_SHAPE_REPRESENTATION(#15224,#15226);
#15224 = ( REPRESENTATION_RELATIONSHIP('','',#15027,#10) 
REPRESENTATION_RELATIONSHIP_WITH_TRANSFORMATION(#15225) 
SHAPE_REPRESENTATION_RELATIONSHIP() );
#15225 = ITEM_DEFINED_TRANSFORMATION('','',#11,#47);
#15226 = PRODUCT_DEFINITION_SHAPE('Placement','Placement of an item',
  #15227);
#15227 = NEXT_ASSEMBLY_USAGE_OCCURRENCE('9','arandela_1','',#5,#15022,$
  );
#15228 = PRODUCT_RELATED_PRODUCT_CATEGORY('part',$,(#15024));
#15229 = SHAPE_DEFINITION_REPRESENTATION(#15230,#15236);
#15230 = PRODUCT_DEFINITION_SHAPE('','',#15231);
#15231 = PRODUCT_DEFINITION('design','',#15232,#15235);
#15232 = PRODUCT_DEFINITION_FORMATION('','',#15233);
#15233 = PRODUCT('arandela_2','arandela_2','',(#15234));
#15234 = PRODUCT_CONTEXT('',#2,'mechanical');
#15235 = PRODUCT_DEFINITION_CONTEXT('part definition',#2,'design');
#15236 = ADVANCED_BREP_SHAPE_REPRESENTATION('',(#11,#15237),#15427);
#15237 = MANIFOLD_SOLID_BREP('',#15238);
#15238 = CLOSED_SHELL('',(#15239,#15327,#15366,#15400));
#15239 = ADVANCED_FACE('',(#15240),#15254,.T.);
#15240 = FACE_BOUND('',#15241,.F.);
#15241 = EDGE_LOOP('',(#15242,#15272,#15299,#15300));
#15242 = ORIENTED_EDGE('',*,*,#15243,.T.);
#15243 = EDGE_CURVE('',#15244,#15246,#15248,.T.);
#15244 = VERTEX_POINT('',#15245);
#15245 = CARTESIAN_POINT('',(-117.,17.,30.));
#15246 = VERTEX_POINT('',#15247);
#15247 = CARTESIAN_POINT('',(-114.,17.,30.));
#15248 = SEAM_CURVE('',#15249,(#15253,#15265),.PCURVE_S1.);
#15249 = LINE('',#15250,#15251);
#15250 = CARTESIAN_POINT('',(-117.,17.,30.));
#15251 = VECTOR('',#15252,1.);
#15252 = DIRECTION('',(1.,0.,0.));
#15253 = PCURVE('',#15254,#15259);
#15254 = CYLINDRICAL_SURFACE('',#15255,17.);
#15255 = AXIS2_PLACEMENT_3D('',#15256,#15257,#15258);
#15256 = CARTESIAN_POINT('',(-117.,0.,30.));
#15257 = DIRECTION('',(-1.,-0.,-0.));
#15258 = DIRECTION('',(0.,1.,0.));
#15259 = DEFINITIONAL_REPRESENTATION('',(#15260),#15264);
#15260 = LINE('',#15261,#15262);
#15261 = CARTESIAN_POINT('',(-0.,0.));
#15262 = VECTOR('',#15263,1.);
#15263 = DIRECTION('',(-0.,-1.));
#15264 = ( GEOMETRIC_REPRESENTATION_CONTEXT(2) 
PARAMETRIC_REPRESENTATION_CONTEXT() REPRESENTATION_CONTEXT('2D SPACE',''
  ) );
#15265 = PCURVE('',#15254,#15266);
#15266 = DEFINITIONAL_REPRESENTATION('',(#15267),#15271);
#15267 = LINE('',#15268,#15269);
#15268 = CARTESIAN_POINT('',(-6.28318530718,0.));
#15269 = VECTOR('',#15270,1.);
#15270 = DIRECTION('',(-0.,-1.));
#15271 = ( GEOMETRIC_REPRESENTATION_CONTEXT(2) 
PARAMETRIC_REPRESENTATION_CONTEXT() REPRESENTATION_CONTEXT('2D SPACE',''
  ) );
#15272 = ORIENTED_EDGE('',*,*,#15273,.T.);
#15273 = EDGE_CURVE('',#15246,#15246,#15274,.T.);
#15274 = SURFACE_CURVE('',#15275,(#15280,#15287),.PCURVE_S1.);
#15275 = CIRCLE('',#15276,17.);
#15276 = AXIS2_PLACEMENT_3D('',#15277,#15278,#15279);
#15277 = CARTESIAN_POINT('',(-114.,0.,30.));
#15278 = DIRECTION('',(1.,0.,0.));
#15279 = DIRECTION('',(0.,1.,0.));
#15280 = PCURVE('',#15254,#15281);
#15281 = DEFINITIONAL_REPRESENTATION('',(#15282),#15286);
#15282 = LINE('',#15283,#15284);
#15283 = CARTESIAN_POINT('',(-0.,-3.));
#15284 = VECTOR('',#15285,1.);
#15285 = DIRECTION('',(-1.,0.));
#15286 = ( GEOMETRIC_REPRESENTATION_CONTEXT(2) 
PARAMETRIC_REPRESENTATION_CONTEXT() REPRESENTATION_CONTEXT('2D SPACE',''
  ) );
#15287 = PCURVE('',#15288,#15293);
#15288 = PLANE('',#15289);
#15289 = AXIS2_PLACEMENT_3D('',#15290,#15291,#15292);
#15290 = CARTESIAN_POINT('',(-114.,-1.608753097105E-15,30.));
#15291 = DIRECTION('',(1.,0.,0.));
#15292 = DIRECTION('',(-0.,0.,1.));
#15293 = DEFINITIONAL_REPRESENTATION('',(#15294),#15298);
#15294 = CIRCLE('',#15295,17.);
#15295 = AXIS2_PLACEMENT_2D('',#15296,#15297);
#15296 = CARTESIAN_POINT('',(3.552713678801E-15,-1.608753097105E-15));
#15297 = DIRECTION('',(0.,-1.));
#15298 = ( GEOMETRIC_REPRESENTATION_CONTEXT(2) 
PARAMETRIC_REPRESENTATION_CONTEXT() REPRESENTATION_CONTEXT('2D SPACE',''
  ) );
#15299 = ORIENTED_EDGE('',*,*,#15243,.F.);
#15300 = ORIENTED_EDGE('',*,*,#15301,.F.);
#15301 = EDGE_CURVE('',#15244,#15244,#15302,.T.);
#15302 = SURFACE_CURVE('',#15303,(#15308,#15315),.PCURVE_S1.);
#15303 = CIRCLE('',#15304,17.);
#15304 = AXIS2_PLACEMENT_3D('',#15305,#15306,#15307);
#15305 = CARTESIAN_POINT('',(-117.,0.,30.));
#15306 = DIRECTION('',(1.,0.,0.));
#15307 = DIRECTION('',(0.,1.,0.));
#15308 = PCURVE('',#15254,#15309);
#15309 = DEFINITIONAL_REPRESENTATION('',(#15310),#15314);
#15310 = LINE('',#15311,#15312);
#15311 = CARTESIAN_POINT('',(-0.,0.));
#15312 = VECTOR('',#15313,1.);
#15313 = DIRECTION('',(-1.,0.));
#15314 = ( GEOMETRIC_REPRESENTATION_CONTEXT(2) 
PARAMETRIC_REPRESENTATION_CONTEXT() REPRESENTATION_CONTEXT('2D SPACE',''
  ) );
#15315 = PCURVE('',#15316,#15321);
#15316 = PLANE('',#15317);
#15317 = AXIS2_PLACEMENT_3D('',#15318,#15319,#15320);
#15318 = CARTESIAN_POINT('',(-117.,-1.608753097105E-15,30.));
#15319 = DIRECTION('',(1.,0.,0.));
#15320 = DIRECTION('',(-0.,0.,1.));
#15321 = DEFINITIONAL_REPRESENTATION('',(#15322),#15326);
#15322 = CIRCLE('',#15323,17.);
#15323 = AXIS2_PLACEMENT_2D('',#15324,#15325);
#15324 = CARTESIAN_POINT('',(3.552713678801E-15,-1.608753097105E-15));
#15325 = DIRECTION('',(0.,-1.));
#15326 = ( GEOMETRIC_REPRESENTATION_CONTEXT(2) 
PARAMETRIC_REPRESENTATION_CONTEXT() REPRESENTATION_CONTEXT('2D SPACE',''
  ) );
#15327 = ADVANCED_FACE('',(#15328,#15331),#15316,.F.);
#15328 = FACE_BOUND('',#15329,.F.);
#15329 = EDGE_LOOP('',(#15330));
#15330 = ORIENTED_EDGE('',*,*,#15301,.T.);
#15331 = FACE_BOUND('',#15332,.F.);
#15332 = EDGE_LOOP('',(#15333));
#15333 = ORIENTED_EDGE('',*,*,#15334,.T.);
#15334 = EDGE_CURVE('',#15335,#15335,#15337,.T.);
#15335 = VERTEX_POINT('',#15336);
#15336 = CARTESIAN_POINT('',(-117.,5.25,30.));
#15337 = SURFACE_CURVE('',#15338,(#15343,#15354),.PCURVE_S1.);
#15338 = CIRCLE('',#15339,5.25);
#15339 = AXIS2_PLACEMENT_3D('',#15340,#15341,#15342);
#15340 = CARTESIAN_POINT('',(-117.,0.,30.));
#15341 = DIRECTION('',(-1.,0.,0.));
#15342 = DIRECTION('',(0.,1.,0.));
#15343 = PCURVE('',#15316,#15344);
#15344 = DEFINITIONAL_REPRESENTATION('',(#15345),#15353);
#15345 = ( BOUNDED_CURVE() B_SPLINE_CURVE(2,(#15346,#15347,#15348,#15349
    ,#15350,#15351,#15352),.UNSPECIFIED.,.T.,.F.) 
B_SPLINE_CURVE_WITH_KNOTS((1,2,2,2,2,1),(-2.094395102393,0.,
    2.094395102393,4.188790204786,6.28318530718,8.377580409573),
.UNSPECIFIED.) CURVE() GEOMETRIC_REPRESENTATION_ITEM() 
RATIONAL_B_SPLINE_CURVE((1.,0.5,1.,0.5,1.,0.5,1.)) REPRESENTATION_ITEM(
  '') );
#15346 = CARTESIAN_POINT('',(3.552713678801E-15,-5.25));
#15347 = CARTESIAN_POINT('',(-9.093266739737,-5.25));
#15348 = CARTESIAN_POINT('',(-4.546633369868,2.625));
#15349 = CARTESIAN_POINT('',(2.266834539696E-15,10.5));
#15350 = CARTESIAN_POINT('',(4.546633369868,2.625));
#15351 = CARTESIAN_POINT('',(9.093266739737,-5.25));
#15352 = CARTESIAN_POINT('',(3.552713678801E-15,-5.25));
#15353 = ( GEOMETRIC_REPRESENTATION_CONTEXT(2) 
PARAMETRIC_REPRESENTATION_CONTEXT() REPRESENTATION_CONTEXT('2D SPACE',''
  ) );
#15354 = PCURVE('',#15355,#15360);
#15355 = CYLINDRICAL_SURFACE('',#15356,5.25);
#15356 = AXIS2_PLACEMENT_3D('',#15357,#15358,#15359);
#15357 = CARTESIAN_POINT('',(-118.,0.,30.));
#15358 = DIRECTION('',(-1.,-0.,-0.));
#15359 = DIRECTION('',(0.,1.,0.));
#15360 = DEFINITIONAL_REPRESENTATION('',(#15361),#15365);
#15361 = LINE('',#15362,#15363);
#15362 = CARTESIAN_POINT('',(-6.28318530718,-1.));
#15363 = VECTOR('',#15364,1.);
#15364 = DIRECTION('',(1.,-0.));
#15365 = ( GEOMETRIC_REPRESENTATION_CONTEXT(2) 
PARAMETRIC_REPRESENTATION_CONTEXT() REPRESENTATION_CONTEXT('2D SPACE',''
  ) );
#15366 = ADVANCED_FACE('',(#15367,#15370),#15288,.T.);
#15367 = FACE_BOUND('',#15368,.T.);
#15368 = EDGE_LOOP('',(#15369));
#15369 = ORIENTED_EDGE('',*,*,#15273,.T.);
#15370 = FACE_BOUND('',#15371,.T.);
#15371 = EDGE_LOOP('',(#15372));
#15372 = ORIENTED_EDGE('',*,*,#15373,.T.);
#15373 = EDGE_CURVE('',#15374,#15374,#15376,.T.);
#15374 = VERTEX_POINT('',#15375);
#15375 = CARTESIAN_POINT('',(-114.,5.25,30.));
#15376 = SURFACE_CURVE('',#15377,(#15382,#15393),.PCURVE_S1.);
#15377 = CIRCLE('',#15378,5.25);
#15378 = AXIS2_PLACEMENT_3D('',#15379,#15380,#15381);
#15379 = CARTESIAN_POINT('',(-114.,0.,30.));
#15380 = DIRECTION('',(-1.,0.,0.));
#15381 = DIRECTION('',(0.,1.,0.));
#15382 = PCURVE('',#15288,#15383);
#15383 = DEFINITIONAL_REPRESENTATION('',(#15384),#15392);
#15384 = ( BOUNDED_CURVE() B_SPLINE_CURVE(2,(#15385,#15386,#15387,#15388
    ,#15389,#15390,#15391),.UNSPECIFIED.,.T.,.F.) 
B_SPLINE_CURVE_WITH_KNOTS((1,2,2,2,2,1),(-2.094395102393,0.,
    2.094395102393,4.188790204786,6.28318530718,8.377580409573),
.UNSPECIFIED.) CURVE() GEOMETRIC_REPRESENTATION_ITEM() 
RATIONAL_B_SPLINE_CURVE((1.,0.5,1.,0.5,1.,0.5,1.)) REPRESENTATION_ITEM(
  '') );
#15385 = CARTESIAN_POINT('',(3.552713678801E-15,-5.25));
#15386 = CARTESIAN_POINT('',(-9.093266739737,-5.25));
#15387 = CARTESIAN_POINT('',(-4.546633369868,2.625));
#15388 = CARTESIAN_POINT('',(2.266834539696E-15,10.5));
#15389 = CARTESIAN_POINT('',(4.546633369868,2.625));
#15390 = CARTESIAN_POINT('',(9.093266739737,-5.25));
#15391 = CARTESIAN_POINT('',(3.552713678801E-15,-5.25));
#15392 = ( GEOMETRIC_REPRESENTATION_CONTEXT(2) 
PARAMETRIC_REPRESENTATION_CONTEXT() REPRESENTATION_CONTEXT('2D SPACE',''
  ) );
#15393 = PCURVE('',#15355,#15394);
#15394 = DEFINITIONAL_REPRESENTATION('',(#15395),#15399);
#15395 = LINE('',#15396,#15397);
#15396 = CARTESIAN_POINT('',(-6.28318530718,-4.));
#15397 = VECTOR('',#15398,1.);
#15398 = DIRECTION('',(1.,-0.));
#15399 = ( GEOMETRIC_REPRESENTATION_CONTEXT(2) 
PARAMETRIC_REPRESENTATION_CONTEXT() REPRESENTATION_CONTEXT('2D SPACE',''
  ) );
#15400 = ADVANCED_FACE('',(#15401),#15355,.F.);
#15401 = FACE_BOUND('',#15402,.T.);
#15402 = EDGE_LOOP('',(#15403,#15404,#15425,#15426));
#15403 = ORIENTED_EDGE('',*,*,#15334,.T.);
#15404 = ORIENTED_EDGE('',*,*,#15405,.T.);
#15405 = EDGE_CURVE('',#15335,#15374,#15406,.T.);
#15406 = SEAM_CURVE('',#15407,(#15411,#15418),.PCURVE_S1.);
#15407 = LINE('',#15408,#15409);
#15408 = CARTESIAN_POINT('',(-118.,5.25,30.));
#15409 = VECTOR('',#15410,1.);
#15410 = DIRECTION('',(1.,0.,0.));
#15411 = PCURVE('',#15355,#15412);
#15412 = DEFINITIONAL_REPRESENTATION('',(#15413),#15417);
#15413 = LINE('',#15414,#15415);
#15414 = CARTESIAN_POINT('',(-6.28318530718,0.));
#15415 = VECTOR('',#15416,1.);
#15416 = DIRECTION('',(-0.,-1.));
#15417 = ( GEOMETRIC_REPRESENTATION_CONTEXT(2) 
PARAMETRIC_REPRESENTATION_CONTEXT() REPRESENTATION_CONTEXT('2D SPACE',''
  ) );
#15418 = PCURVE('',#15355,#15419);
#15419 = DEFINITIONAL_REPRESENTATION('',(#15420),#15424);
#15420 = LINE('',#15421,#15422);
#15421 = CARTESIAN_POINT('',(-0.,0.));
#15422 = VECTOR('',#15423,1.);
#15423 = DIRECTION('',(-0.,-1.));
#15424 = ( GEOMETRIC_REPRESENTATION_CONTEXT(2) 
PARAMETRIC_REPRESENTATION_CONTEXT() REPRESENTATION_CONTEXT('2D SPACE',''
  ) );
#15425 = ORIENTED_EDGE('',*,*,#15373,.F.);
#15426 = ORIENTED_EDGE('',*,*,#15405,.F.);
#15427 = ( GEOMETRIC_REPRESENTATION_CONTEXT(3) 
GLOBAL_UNCERTAINTY_ASSIGNED_CONTEXT((#15431)) 
GLOBAL_UNIT_ASSIGNED_CONTEXT((#15428,#15429,#15430)) 
REPRESENTATION_CONTEXT('Context #1',
  '3D Context with UNIT and UNCERTAINTY') );
#15428 = ( LENGTH_UNIT() NAMED_UNIT(*) SI_UNIT(.MILLI.,.METRE.) );
#15429 = ( NAMED_UNIT(*) PLANE_ANGLE_UNIT() SI_UNIT($,.RADIAN.) );
#15430 = ( NAMED_UNIT(*) SI_UNIT($,.STERADIAN.) SOLID_ANGLE_UNIT() );
#15431 = UNCERTAINTY_MEASURE_WITH_UNIT(LENGTH_MEASURE(1.E-07),#15428,
  'distance_accuracy_value','confusion accuracy');
#15432 = CONTEXT_DEPENDENT_SHAPE_REPRESENTATION(#15433,#15435);
#15433 = ( REPRESENTATION_RELATIONSHIP('','',#15236,#10) 
REPRESENTATION_RELATIONSHIP_WITH_TRANSFORMATION(#15434) 
SHAPE_REPRESENTATION_RELATIONSHIP() );
#15434 = ITEM_DEFINED_TRANSFORMATION('','',#11,#51);
#15435 = PRODUCT_DEFINITION_SHAPE('Placement','Placement of an item',
  #15436);
#15436 = NEXT_ASSEMBLY_USAGE_OCCURRENCE('10','arandela_2','',#5,#15231,$
  );
#15437 = PRODUCT_RELATED_PRODUCT_CATEGORY('part',$,(#15233));
#15438 = SHAPE_DEFINITION_REPRESENTATION(#15439,#15445);
#15439 = PRODUCT_DEFINITION_SHAPE('','',#15440);
#15440 = PRODUCT_DEFINITION('design','',#15441,#15444);
#15441 = PRODUCT_DEFINITION_FORMATION('','',#15442);
#15442 = PRODUCT('resorte','resorte','',(#15443));
#15443 = PRODUCT_CONTEXT('',#2,'mechanical');
#15444 = PRODUCT_DEFINITION_CONTEXT('part definition',#2,'design');
#15445 = ADVANCED_BREP_SHAPE_REPRESENTATION('',(#11,#15446),#15636);
#15446 = MANIFOLD_SOLID_BREP('',#15447);
#15447 = CLOSED_SHELL('',(#15448,#15536,#15575,#15609));
#15448 = ADVANCED_FACE('',(#15449),#15463,.T.);
#15449 = FACE_BOUND('',#15450,.F.);
#15450 = EDGE_LOOP('',(#15451,#15481,#15508,#15509));
#15451 = ORIENTED_EDGE('',*,*,#15452,.T.);
#15452 = EDGE_CURVE('',#15453,#15455,#15457,.T.);
#15453 = VERTEX_POINT('',#15454);
#15454 = CARTESIAN_POINT('',(-114.,14.,30.));
#15455 = VERTEX_POINT('',#15456);
#15456 = CARTESIAN_POINT('',(-80.,14.,30.));
#15457 = SEAM_CURVE('',#15458,(#15462,#15474),.PCURVE_S1.);
#15458 = LINE('',#15459,#15460);
#15459 = CARTESIAN_POINT('',(-114.,14.,30.));
#15460 = VECTOR('',#15461,1.);
#15461 = DIRECTION('',(1.,0.,0.));
#15462 = PCURVE('',#15463,#15468);
#15463 = CYLINDRICAL_SURFACE('',#15464,14.);
#15464 = AXIS2_PLACEMENT_3D('',#15465,#15466,#15467);
#15465 = CARTESIAN_POINT('',(-114.,0.,30.));
#15466 = DIRECTION('',(-1.,-0.,-0.));
#15467 = DIRECTION('',(0.,1.,0.));
#15468 = DEFINITIONAL_REPRESENTATION('',(#15469),#15473);
#15469 = LINE('',#15470,#15471);
#15470 = CARTESIAN_POINT('',(-0.,0.));
#15471 = VECTOR('',#15472,1.);
#15472 = DIRECTION('',(-0.,-1.));
#15473 = ( GEOMETRIC_REPRESENTATION_CONTEXT(2) 
PARAMETRIC_REPRESENTATION_CONTEXT() REPRESENTATION_CONTEXT('2D SPACE',''
  ) );
#15474 = PCURVE('',#15463,#15475);
#15475 = DEFINITIONAL_REPRESENTATION('',(#15476),#15480);
#15476 = LINE('',#15477,#15478);
#15477 = CARTESIAN_POINT('',(-6.28318530718,0.));
#15478 = VECTOR('',#15479,1.);
#15479 = DIRECTION('',(-0.,-1.));
#15480 = ( GEOMETRIC_REPRESENTATION_CONTEXT(2) 
PARAMETRIC_REPRESENTATION_CONTEXT() REPRESENTATION_CONTEXT('2D SPACE',''
  ) );
#15481 = ORIENTED_EDGE('',*,*,#15482,.T.);
#15482 = EDGE_CURVE('',#15455,#15455,#15483,.T.);
#15483 = SURFACE_CURVE('',#15484,(#15489,#15496),.PCURVE_S1.);
#15484 = CIRCLE('',#15485,14.);
#15485 = AXIS2_PLACEMENT_3D('',#15486,#15487,#15488);
#15486 = CARTESIAN_POINT('',(-80.,0.,30.));
#15487 = DIRECTION('',(1.,0.,0.));
#15488 = DIRECTION('',(0.,1.,0.));
#15489 = PCURVE('',#15463,#15490);
#15490 = DEFINITIONAL_REPRESENTATION('',(#15491),#15495);
#15491 = LINE('',#15492,#15493);
#15492 = CARTESIAN_POINT('',(-0.,-34.));
#15493 = VECTOR('',#15494,1.);
#15494 = DIRECTION('',(-1.,0.));
#15495 = ( GEOMETRIC_REPRESENTATION_CONTEXT(2) 
PARAMETRIC_REPRESENTATION_CONTEXT() REPRESENTATION_CONTEXT('2D SPACE',''
  ) );
#15496 = PCURVE('',#15497,#15502);
#15497 = PLANE('',#15498);
#15498 = AXIS2_PLACEMENT_3D('',#15499,#15500,#15501);
#15499 = CARTESIAN_POINT('',(-80.,-1.562788722902E-15,30.));
#15500 = DIRECTION('',(1.,0.,0.));
#15501 = DIRECTION('',(-0.,0.,1.));
#15502 = DEFINITIONAL_REPRESENTATION('',(#15503),#15507);
#15503 = CIRCLE('',#15504,14.);
#15504 = AXIS2_PLACEMENT_2D('',#15505,#15506);
#15505 = CARTESIAN_POINT('',(-7.105427357601E-15,-1.562788722902E-15));
#15506 = DIRECTION('',(0.,-1.));
#15507 = ( GEOMETRIC_REPRESENTATION_CONTEXT(2) 
PARAMETRIC_REPRESENTATION_CONTEXT() REPRESENTATION_CONTEXT('2D SPACE',''
  ) );
#15508 = ORIENTED_EDGE('',*,*,#15452,.F.);
#15509 = ORIENTED_EDGE('',*,*,#15510,.F.);
#15510 = EDGE_CURVE('',#15453,#15453,#15511,.T.);
#15511 = SURFACE_CURVE('',#15512,(#15517,#15524),.PCURVE_S1.);
#15512 = CIRCLE('',#15513,14.);
#15513 = AXIS2_PLACEMENT_3D('',#15514,#15515,#15516);
#15514 = CARTESIAN_POINT('',(-114.,0.,30.));
#15515 = DIRECTION('',(1.,0.,0.));
#15516 = DIRECTION('',(0.,1.,0.));
#15517 = PCURVE('',#15463,#15518);
#15518 = DEFINITIONAL_REPRESENTATION('',(#15519),#15523);
#15519 = LINE('',#15520,#15521);
#15520 = CARTESIAN_POINT('',(-0.,0.));
#15521 = VECTOR('',#15522,1.);
#15522 = DIRECTION('',(-1.,0.));
#15523 = ( GEOMETRIC_REPRESENTATION_CONTEXT(2) 
PARAMETRIC_REPRESENTATION_CONTEXT() REPRESENTATION_CONTEXT('2D SPACE',''
  ) );
#15524 = PCURVE('',#15525,#15530);
#15525 = PLANE('',#15526);
#15526 = AXIS2_PLACEMENT_3D('',#15527,#15528,#15529);
#15527 = CARTESIAN_POINT('',(-114.,-1.562788722902E-15,30.));
#15528 = DIRECTION('',(1.,0.,0.));
#15529 = DIRECTION('',(-0.,0.,1.));
#15530 = DEFINITIONAL_REPRESENTATION('',(#15531),#15535);
#15531 = CIRCLE('',#15532,14.);
#15532 = AXIS2_PLACEMENT_2D('',#15533,#15534);
#15533 = CARTESIAN_POINT('',(-7.105427357601E-15,-1.562788722902E-15));
#15534 = DIRECTION('',(0.,-1.));
#15535 = ( GEOMETRIC_REPRESENTATION_CONTEXT(2) 
PARAMETRIC_REPRESENTATION_CONTEXT() REPRESENTATION_CONTEXT('2D SPACE',''
  ) );
#15536 = ADVANCED_FACE('',(#15537,#15540),#15525,.F.);
#15537 = FACE_BOUND('',#15538,.F.);
#15538 = EDGE_LOOP('',(#15539));
#15539 = ORIENTED_EDGE('',*,*,#15510,.T.);
#15540 = FACE_BOUND('',#15541,.F.);
#15541 = EDGE_LOOP('',(#15542));
#15542 = ORIENTED_EDGE('',*,*,#15543,.T.);
#15543 = EDGE_CURVE('',#15544,#15544,#15546,.T.);
#15544 = VERTEX_POINT('',#15545);
#15545 = CARTESIAN_POINT('',(-114.,10.,30.));
#15546 = SURFACE_CURVE('',#15547,(#15552,#15563),.PCURVE_S1.);
#15547 = CIRCLE('',#15548,10.);
#15548 = AXIS2_PLACEMENT_3D('',#15549,#15550,#15551);
#15549 = CARTESIAN_POINT('',(-114.,0.,30.));
#15550 = DIRECTION('',(-1.,0.,0.));
#15551 = DIRECTION('',(0.,1.,0.));
#15552 = PCURVE('',#15525,#15553);
#15553 = DEFINITIONAL_REPRESENTATION('',(#15554),#15562);
#15554 = ( BOUNDED_CURVE() B_SPLINE_CURVE(2,(#15555,#15556,#15557,#15558
    ,#15559,#15560,#15561),.UNSPECIFIED.,.T.,.F.) 
B_SPLINE_CURVE_WITH_KNOTS((1,2,2,2,2,1),(-2.094395102393,0.,
    2.094395102393,4.188790204786,6.28318530718,8.377580409573),
.UNSPECIFIED.) CURVE() GEOMETRIC_REPRESENTATION_ITEM() 
RATIONAL_B_SPLINE_CURVE((1.,0.5,1.,0.5,1.,0.5,1.)) REPRESENTATION_ITEM(
  '') );
#15555 = CARTESIAN_POINT('',(-7.105427357601E-15,-10.));
#15556 = CARTESIAN_POINT('',(-17.32050807568,-10.));
#15557 = CARTESIAN_POINT('',(-8.660254037844,5.));
#15558 = CARTESIAN_POINT('',(-9.554720955896E-15,20.));
#15559 = CARTESIAN_POINT('',(8.660254037844,5.));
#15560 = CARTESIAN_POINT('',(17.320508075689,-10.));
#15561 = CARTESIAN_POINT('',(-7.105427357601E-15,-10.));
#15562 = ( GEOMETRIC_REPRESENTATION_CONTEXT(2) 
PARAMETRIC_REPRESENTATION_CONTEXT() REPRESENTATION_CONTEXT('2D SPACE',''
  ) );
#15563 = PCURVE('',#15564,#15569);
#15564 = CYLINDRICAL_SURFACE('',#15565,10.);
#15565 = AXIS2_PLACEMENT_3D('',#15566,#15567,#15568);
#15566 = CARTESIAN_POINT('',(-115.,0.,30.));
#15567 = DIRECTION('',(-1.,-0.,-0.));
#15568 = DIRECTION('',(0.,1.,0.));
#15569 = DEFINITIONAL_REPRESENTATION('',(#15570),#15574);
#15570 = LINE('',#15571,#15572);
#15571 = CARTESIAN_POINT('',(-6.28318530718,-1.));
#15572 = VECTOR('',#15573,1.);
#15573 = DIRECTION('',(1.,-0.));
#15574 = ( GEOMETRIC_REPRESENTATION_CONTEXT(2) 
PARAMETRIC_REPRESENTATION_CONTEXT() REPRESENTATION_CONTEXT('2D SPACE',''
  ) );
#15575 = ADVANCED_FACE('',(#15576,#15579),#15497,.T.);
#15576 = FACE_BOUND('',#15577,.T.);
#15577 = EDGE_LOOP('',(#15578));
#15578 = ORIENTED_EDGE('',*,*,#15482,.T.);
#15579 = FACE_BOUND('',#15580,.T.);
#15580 = EDGE_LOOP('',(#15581));
#15581 = ORIENTED_EDGE('',*,*,#15582,.T.);
#15582 = EDGE_CURVE('',#15583,#15583,#15585,.T.);
#15583 = VERTEX_POINT('',#15584);
#15584 = CARTESIAN_POINT('',(-80.,10.,30.));
#15585 = SURFACE_CURVE('',#15586,(#15591,#15602),.PCURVE_S1.);
#15586 = CIRCLE('',#15587,10.);
#15587 = AXIS2_PLACEMENT_3D('',#15588,#15589,#15590);
#15588 = CARTESIAN_POINT('',(-80.,0.,30.));
#15589 = DIRECTION('',(-1.,0.,0.));
#15590 = DIRECTION('',(0.,1.,0.));
#15591 = PCURVE('',#15497,#15592);
#15592 = DEFINITIONAL_REPRESENTATION('',(#15593),#15601);
#15593 = ( BOUNDED_CURVE() B_SPLINE_CURVE(2,(#15594,#15595,#15596,#15597
    ,#15598,#15599,#15600),.UNSPECIFIED.,.T.,.F.) 
B_SPLINE_CURVE_WITH_KNOTS((1,2,2,2,2,1),(-2.094395102393,0.,
    2.094395102393,4.188790204786,6.28318530718,8.377580409573),
.UNSPECIFIED.) CURVE() GEOMETRIC_REPRESENTATION_ITEM() 
RATIONAL_B_SPLINE_CURVE((1.,0.5,1.,0.5,1.,0.5,1.)) REPRESENTATION_ITEM(
  '') );
#15594 = CARTESIAN_POINT('',(-7.105427357601E-15,-10.));
#15595 = CARTESIAN_POINT('',(-17.32050807568,-10.));
#15596 = CARTESIAN_POINT('',(-8.660254037844,5.));
#15597 = CARTESIAN_POINT('',(-9.554720955896E-15,20.));
#15598 = CARTESIAN_POINT('',(8.660254037844,5.));
#15599 = CARTESIAN_POINT('',(17.320508075689,-10.));
#15600 = CARTESIAN_POINT('',(-7.105427357601E-15,-10.));
#15601 = ( GEOMETRIC_REPRESENTATION_CONTEXT(2) 
PARAMETRIC_REPRESENTATION_CONTEXT() REPRESENTATION_CONTEXT('2D SPACE',''
  ) );
#15602 = PCURVE('',#15564,#15603);
#15603 = DEFINITIONAL_REPRESENTATION('',(#15604),#15608);
#15604 = LINE('',#15605,#15606);
#15605 = CARTESIAN_POINT('',(-6.28318530718,-35.));
#15606 = VECTOR('',#15607,1.);
#15607 = DIRECTION('',(1.,-0.));
#15608 = ( GEOMETRIC_REPRESENTATION_CONTEXT(2) 
PARAMETRIC_REPRESENTATION_CONTEXT() REPRESENTATION_CONTEXT('2D SPACE',''
  ) );
#15609 = ADVANCED_FACE('',(#15610),#15564,.F.);
#15610 = FACE_BOUND('',#15611,.T.);
#15611 = EDGE_LOOP('',(#15612,#15613,#15634,#15635));
#15612 = ORIENTED_EDGE('',*,*,#15543,.T.);
#15613 = ORIENTED_EDGE('',*,*,#15614,.T.);
#15614 = EDGE_CURVE('',#15544,#15583,#15615,.T.);
#15615 = SEAM_CURVE('',#15616,(#15620,#15627),.PCURVE_S1.);
#15616 = LINE('',#15617,#15618);
#15617 = CARTESIAN_POINT('',(-115.,10.,30.));
#15618 = VECTOR('',#15619,1.);
#15619 = DIRECTION('',(1.,0.,0.));
#15620 = PCURVE('',#15564,#15621);
#15621 = DEFINITIONAL_REPRESENTATION('',(#15622),#15626);
#15622 = LINE('',#15623,#15624);
#15623 = CARTESIAN_POINT('',(-6.28318530718,0.));
#15624 = VECTOR('',#15625,1.);
#15625 = DIRECTION('',(-0.,-1.));
#15626 = ( GEOMETRIC_REPRESENTATION_CONTEXT(2) 
PARAMETRIC_REPRESENTATION_CONTEXT() REPRESENTATION_CONTEXT('2D SPACE',''
  ) );
#15627 = PCURVE('',#15564,#15628);
#15628 = DEFINITIONAL_REPRESENTATION('',(#15629),#15633);
#15629 = LINE('',#15630,#15631);
#15630 = CARTESIAN_POINT('',(-0.,0.));
#15631 = VECTOR('',#15632,1.);
#15632 = DIRECTION('',(-0.,-1.));
#15633 = ( GEOMETRIC_REPRESENTATION_CONTEXT(2) 
PARAMETRIC_REPRESENTATION_CONTEXT() REPRESENTATION_CONTEXT('2D SPACE',''
  ) );
#15634 = ORIENTED_EDGE('',*,*,#15582,.F.);
#15635 = ORIENTED_EDGE('',*,*,#15614,.F.);
#15636 = ( GEOMETRIC_REPRESENTATION_CONTEXT(3) 
GLOBAL_UNCERTAINTY_ASSIGNED_CONTEXT((#15640)) 
GLOBAL_UNIT_ASSIGNED_CONTEXT((#15637,#15638,#15639)) 
REPRESENTATION_CONTEXT('Context #1',
  '3D Context with UNIT and UNCERTAINTY') );
#15637 = ( LENGTH_UNIT() NAMED_UNIT(*) SI_UNIT(.MILLI.,.METRE.) );
#15638 = ( NAMED_UNIT(*) PLANE_ANGLE_UNIT() SI_UNIT($,.RADIAN.) );
#15639 = ( NAMED_UNIT(*) SI_UNIT($,.STERADIAN.) SOLID_ANGLE_UNIT() );
#15640 = UNCERTAINTY_MEASURE_WITH_UNIT(LENGTH_MEASURE(1.E-07),#15637,
  'distance_accuracy_value','confusion accuracy');
#15641 = CONTEXT_DEPENDENT_SHAPE_REPRESENTATION(#15642,#15644);
#15642 = ( REPRESENTATION_RELATIONSHIP('','',#15445,#10) 
REPRESENTATION_RELATIONSHIP_WITH_TRANSFORMATION(#15643) 
SHAPE_REPRESENTATION_RELATIONSHIP() );
#15643 = ITEM_DEFINED_TRANSFORMATION('','',#11,#55);
#15644 = PRODUCT_DEFINITION_SHAPE('Placement','Placement of an item',
  #15645);
#15645 = NEXT_ASSEMBLY_USAGE_OCCURRENCE('11','resorte','',#5,#15440,$);
#15646 = PRODUCT_RELATED_PRODUCT_CATEGORY('part',$,(#15442));
#15647 = SHAPE_DEFINITION_REPRESENTATION(#15648,#15654);
#15648 = PRODUCT_DEFINITION_SHAPE('','',#15649);
#15649 = PRODUCT_DEFINITION('design','',#15650,#15653);
#15650 = PRODUCT_DEFINITION_FORMATION('','',#15651);
#15651 = PRODUCT('collar','collar','',(#15652));
#15652 = PRODUCT_CONTEXT('',#2,'mechanical');
#15653 = PRODUCT_DEFINITION_CONTEXT('part definition',#2,'design');
#15654 = ADVANCED_BREP_SHAPE_REPRESENTATION('',(#11,#15655),#15845);
#15655 = MANIFOLD_SOLID_BREP('',#15656);
#15656 = CLOSED_SHELL('',(#15657,#15745,#15784,#15818));
#15657 = ADVANCED_FACE('',(#15658),#15672,.T.);
#15658 = FACE_BOUND('',#15659,.F.);
#15659 = EDGE_LOOP('',(#15660,#15690,#15717,#15718));
#15660 = ORIENTED_EDGE('',*,*,#15661,.T.);
#15661 = EDGE_CURVE('',#15662,#15664,#15666,.T.);
#15662 = VERTEX_POINT('',#15663);
#15663 = CARTESIAN_POINT('',(-77.,9.,30.));
#15664 = VERTEX_POINT('',#15665);
#15665 = CARTESIAN_POINT('',(-72.,9.,30.));
#15666 = SEAM_CURVE('',#15667,(#15671,#15683),.PCURVE_S1.);
#15667 = LINE('',#15668,#15669);
#15668 = CARTESIAN_POINT('',(-77.,9.,30.));
#15669 = VECTOR('',#15670,1.);
#15670 = DIRECTION('',(1.,0.,0.));
#15671 = PCURVE('',#15672,#15677);
#15672 = CYLINDRICAL_SURFACE('',#15673,9.);
#15673 = AXIS2_PLACEMENT_3D('',#15674,#15675,#15676);
#15674 = CARTESIAN_POINT('',(-77.,0.,30.));
#15675 = DIRECTION('',(-1.,-0.,-0.));
#15676 = DIRECTION('',(0.,1.,0.));
#15677 = DEFINITIONAL_REPRESENTATION('',(#15678),#15682);
#15678 = LINE('',#15679,#15680);
#15679 = CARTESIAN_POINT('',(-0.,0.));
#15680 = VECTOR('',#15681,1.);
#15681 = DIRECTION('',(-0.,-1.));
#15682 = ( GEOMETRIC_REPRESENTATION_CONTEXT(2) 
PARAMETRIC_REPRESENTATION_CONTEXT() REPRESENTATION_CONTEXT('2D SPACE',''
  ) );
#15683 = PCURVE('',#15672,#15684);
#15684 = DEFINITIONAL_REPRESENTATION('',(#15685),#15689);
#15685 = LINE('',#15686,#15687);
#15686 = CARTESIAN_POINT('',(-6.28318530718,0.));
#15687 = VECTOR('',#15688,1.);
#15688 = DIRECTION('',(-0.,-1.));
#15689 = ( GEOMETRIC_REPRESENTATION_CONTEXT(2) 
PARAMETRIC_REPRESENTATION_CONTEXT() REPRESENTATION_CONTEXT('2D SPACE',''
  ) );
#15690 = ORIENTED_EDGE('',*,*,#15691,.T.);
#15691 = EDGE_CURVE('',#15664,#15664,#15692,.T.);
#15692 = SURFACE_CURVE('',#15693,(#15698,#15705),.PCURVE_S1.);
#15693 = CIRCLE('',#15694,9.);
#15694 = AXIS2_PLACEMENT_3D('',#15695,#15696,#15697);
#15695 = CARTESIAN_POINT('',(-72.,0.,30.));
#15696 = DIRECTION('',(1.,0.,0.));
#15697 = DIRECTION('',(0.,1.,0.));
#15698 = PCURVE('',#15672,#15699);
#15699 = DEFINITIONAL_REPRESENTATION('',(#15700),#15704);
#15700 = LINE('',#15701,#15702);
#15701 = CARTESIAN_POINT('',(-0.,-5.));
#15702 = VECTOR('',#15703,1.);
#15703 = DIRECTION('',(-1.,0.));
#15704 = ( GEOMETRIC_REPRESENTATION_CONTEXT(2) 
PARAMETRIC_REPRESENTATION_CONTEXT() REPRESENTATION_CONTEXT('2D SPACE',''
  ) );
#15705 = PCURVE('',#15706,#15711);
#15706 = PLANE('',#15707);
#15707 = AXIS2_PLACEMENT_3D('',#15708,#15709,#15710);
#15708 = CARTESIAN_POINT('',(-72.,-6.077511700175E-16,30.));
#15709 = DIRECTION('',(1.,0.,0.));
#15710 = DIRECTION('',(-0.,0.,1.));
#15711 = DEFINITIONAL_REPRESENTATION('',(#15712),#15716);
#15712 = CIRCLE('',#15713,9.);
#15713 = AXIS2_PLACEMENT_2D('',#15714,#15715);
#15714 = CARTESIAN_POINT('',(0.,-6.077511700175E-16));
#15715 = DIRECTION('',(0.,-1.));
#15716 = ( GEOMETRIC_REPRESENTATION_CONTEXT(2) 
PARAMETRIC_REPRESENTATION_CONTEXT() REPRESENTATION_CONTEXT('2D SPACE',''
  ) );
#15717 = ORIENTED_EDGE('',*,*,#15661,.F.);
#15718 = ORIENTED_EDGE('',*,*,#15719,.F.);
#15719 = EDGE_CURVE('',#15662,#15662,#15720,.T.);
#15720 = SURFACE_CURVE('',#15721,(#15726,#15733),.PCURVE_S1.);
#15721 = CIRCLE('',#15722,9.);
#15722 = AXIS2_PLACEMENT_3D('',#15723,#15724,#15725);
#15723 = CARTESIAN_POINT('',(-77.,0.,30.));
#15724 = DIRECTION('',(1.,0.,0.));
#15725 = DIRECTION('',(0.,1.,0.));
#15726 = PCURVE('',#15672,#15727);
#15727 = DEFINITIONAL_REPRESENTATION('',(#15728),#15732);
#15728 = LINE('',#15729,#15730);
#15729 = CARTESIAN_POINT('',(-0.,0.));
#15730 = VECTOR('',#15731,1.);
#15731 = DIRECTION('',(-1.,0.));
#15732 = ( GEOMETRIC_REPRESENTATION_CONTEXT(2) 
PARAMETRIC_REPRESENTATION_CONTEXT() REPRESENTATION_CONTEXT('2D SPACE',''
  ) );
#15733 = PCURVE('',#15734,#15739);
#15734 = PLANE('',#15735);
#15735 = AXIS2_PLACEMENT_3D('',#15736,#15737,#15738);
#15736 = CARTESIAN_POINT('',(-77.,-6.077511700175E-16,30.));
#15737 = DIRECTION('',(1.,0.,0.));
#15738 = DIRECTION('',(-0.,0.,1.));
#15739 = DEFINITIONAL_REPRESENTATION('',(#15740),#15744);
#15740 = CIRCLE('',#15741,9.);
#15741 = AXIS2_PLACEMENT_2D('',#15742,#15743);
#15742 = CARTESIAN_POINT('',(0.,-6.077511700175E-16));
#15743 = DIRECTION('',(0.,-1.));
#15744 = ( GEOMETRIC_REPRESENTATION_CONTEXT(2) 
PARAMETRIC_REPRESENTATION_CONTEXT() REPRESENTATION_CONTEXT('2D SPACE',''
  ) );
#15745 = ADVANCED_FACE('',(#15746,#15749),#15734,.F.);
#15746 = FACE_BOUND('',#15747,.F.);
#15747 = EDGE_LOOP('',(#15748));
#15748 = ORIENTED_EDGE('',*,*,#15719,.T.);
#15749 = FACE_BOUND('',#15750,.F.);
#15750 = EDGE_LOOP('',(#15751));
#15751 = ORIENTED_EDGE('',*,*,#15752,.T.);
#15752 = EDGE_CURVE('',#15753,#15753,#15755,.T.);
#15753 = VERTEX_POINT('',#15754);
#15754 = CARTESIAN_POINT('',(-77.,5.025,30.));
#15755 = SURFACE_CURVE('',#15756,(#15761,#15772),.PCURVE_S1.);
#15756 = CIRCLE('',#15757,5.025);
#15757 = AXIS2_PLACEMENT_3D('',#15758,#15759,#15760);
#15758 = CARTESIAN_POINT('',(-77.,0.,30.));
#15759 = DIRECTION('',(-1.,0.,0.));
#15760 = DIRECTION('',(0.,1.,0.));
#15761 = PCURVE('',#15734,#15762);
#15762 = DEFINITIONAL_REPRESENTATION('',(#15763),#15771);
#15763 = ( BOUNDED_CURVE() B_SPLINE_CURVE(2,(#15764,#15765,#15766,#15767
    ,#15768,#15769,#15770),.UNSPECIFIED.,.T.,.F.) 
B_SPLINE_CURVE_WITH_KNOTS((1,2,2,2,2,1),(-2.094395102393,0.,
    2.094395102393,4.188790204786,6.28318530718,8.377580409573),
.UNSPECIFIED.) CURVE() GEOMETRIC_REPRESENTATION_ITEM() 
RATIONAL_B_SPLINE_CURVE((1.,0.5,1.,0.5,1.,0.5,1.)) REPRESENTATION_ITEM(
  '') );
#15764 = CARTESIAN_POINT('',(0.,-5.025));
#15765 = CARTESIAN_POINT('',(-8.703555308034,-5.025));
#15766 = CARTESIAN_POINT('',(-4.351777654017,2.5125));
#15767 = CARTESIAN_POINT('',(-1.230770033143E-15,10.05));
#15768 = CARTESIAN_POINT('',(4.351777654017,2.5125));
#15769 = CARTESIAN_POINT('',(8.703555308034,-5.025));
#15770 = CARTESIAN_POINT('',(0.,-5.025));
#15771 = ( GEOMETRIC_REPRESENTATION_CONTEXT(2) 
PARAMETRIC_REPRESENTATION_CONTEXT() REPRESENTATION_CONTEXT('2D SPACE',''
  ) );
#15772 = PCURVE('',#15773,#15778);
#15773 = CYLINDRICAL_SURFACE('',#15774,5.025);
#15774 = AXIS2_PLACEMENT_3D('',#15775,#15776,#15777);
#15775 = CARTESIAN_POINT('',(-78.,0.,30.));
#15776 = DIRECTION('',(-1.,-0.,-0.));
#15777 = DIRECTION('',(0.,1.,0.));
#15778 = DEFINITIONAL_REPRESENTATION('',(#15779),#15783);
#15779 = LINE('',#15780,#15781);
#15780 = CARTESIAN_POINT('',(-6.28318530718,-1.));
#15781 = VECTOR('',#15782,1.);
#15782 = DIRECTION('',(1.,-0.));
#15783 = ( GEOMETRIC_REPRESENTATION_CONTEXT(2) 
PARAMETRIC_REPRESENTATION_CONTEXT() REPRESENTATION_CONTEXT('2D SPACE',''
  ) );
#15784 = ADVANCED_FACE('',(#15785,#15788),#15706,.T.);
#15785 = FACE_BOUND('',#15786,.T.);
#15786 = EDGE_LOOP('',(#15787));
#15787 = ORIENTED_EDGE('',*,*,#15691,.T.);
#15788 = FACE_BOUND('',#15789,.T.);
#15789 = EDGE_LOOP('',(#15790));
#15790 = ORIENTED_EDGE('',*,*,#15791,.T.);
#15791 = EDGE_CURVE('',#15792,#15792,#15794,.T.);
#15792 = VERTEX_POINT('',#15793);
#15793 = CARTESIAN_POINT('',(-72.,5.025,30.));
#15794 = SURFACE_CURVE('',#15795,(#15800,#15811),.PCURVE_S1.);
#15795 = CIRCLE('',#15796,5.025);
#15796 = AXIS2_PLACEMENT_3D('',#15797,#15798,#15799);
#15797 = CARTESIAN_POINT('',(-72.,0.,30.));
#15798 = DIRECTION('',(-1.,0.,0.));
#15799 = DIRECTION('',(0.,1.,0.));
#15800 = PCURVE('',#15706,#15801);
#15801 = DEFINITIONAL_REPRESENTATION('',(#15802),#15810);
#15802 = ( BOUNDED_CURVE() B_SPLINE_CURVE(2,(#15803,#15804,#15805,#15806
    ,#15807,#15808,#15809),.UNSPECIFIED.,.T.,.F.) 
B_SPLINE_CURVE_WITH_KNOTS((1,2,2,2,2,1),(-2.094395102393,0.,
    2.094395102393,4.188790204786,6.28318530718,8.377580409573),
.UNSPECIFIED.) CURVE() GEOMETRIC_REPRESENTATION_ITEM() 
RATIONAL_B_SPLINE_CURVE((1.,0.5,1.,0.5,1.,0.5,1.)) REPRESENTATION_ITEM(
  '') );
#15803 = CARTESIAN_POINT('',(0.,-5.025));
#15804 = CARTESIAN_POINT('',(-8.703555308034,-5.025));
#15805 = CARTESIAN_POINT('',(-4.351777654017,2.5125));
#15806 = CARTESIAN_POINT('',(-1.230770033143E-15,10.05));
#15807 = CARTESIAN_POINT('',(4.351777654017,2.5125));
#15808 = CARTESIAN_POINT('',(8.703555308034,-5.025));
#15809 = CARTESIAN_POINT('',(0.,-5.025));
#15810 = ( GEOMETRIC_REPRESENTATION_CONTEXT(2) 
PARAMETRIC_REPRESENTATION_CONTEXT() REPRESENTATION_CONTEXT('2D SPACE',''
  ) );
#15811 = PCURVE('',#15773,#15812);
#15812 = DEFINITIONAL_REPRESENTATION('',(#15813),#15817);
#15813 = LINE('',#15814,#15815);
#15814 = CARTESIAN_POINT('',(-6.28318530718,-6.));
#15815 = VECTOR('',#15816,1.);
#15816 = DIRECTION('',(1.,-0.));
#15817 = ( GEOMETRIC_REPRESENTATION_CONTEXT(2) 
PARAMETRIC_REPRESENTATION_CONTEXT() REPRESENTATION_CONTEXT('2D SPACE',''
  ) );
#15818 = ADVANCED_FACE('',(#15819),#15773,.F.);
#15819 = FACE_BOUND('',#15820,.T.);
#15820 = EDGE_LOOP('',(#15821,#15822,#15843,#15844));
#15821 = ORIENTED_EDGE('',*,*,#15752,.T.);
#15822 = ORIENTED_EDGE('',*,*,#15823,.T.);
#15823 = EDGE_CURVE('',#15753,#15792,#15824,.T.);
#15824 = SEAM_CURVE('',#15825,(#15829,#15836),.PCURVE_S1.);
#15825 = LINE('',#15826,#15827);
#15826 = CARTESIAN_POINT('',(-78.,5.025,30.));
#15827 = VECTOR('',#15828,1.);
#15828 = DIRECTION('',(1.,0.,0.));
#15829 = PCURVE('',#15773,#15830);
#15830 = DEFINITIONAL_REPRESENTATION('',(#15831),#15835);
#15831 = LINE('',#15832,#15833);
#15832 = CARTESIAN_POINT('',(-6.28318530718,0.));
#15833 = VECTOR('',#15834,1.);
#15834 = DIRECTION('',(-0.,-1.));
#15835 = ( GEOMETRIC_REPRESENTATION_CONTEXT(2) 
PARAMETRIC_REPRESENTATION_CONTEXT() REPRESENTATION_CONTEXT('2D SPACE',''
  ) );
#15836 = PCURVE('',#15773,#15837);
#15837 = DEFINITIONAL_REPRESENTATION('',(#15838),#15842);
#15838 = LINE('',#15839,#15840);
#15839 = CARTESIAN_POINT('',(-0.,0.));
#15840 = VECTOR('',#15841,1.);
#15841 = DIRECTION('',(-0.,-1.));
#15842 = ( GEOMETRIC_REPRESENTATION_CONTEXT(2) 
PARAMETRIC_REPRESENTATION_CONTEXT() REPRESENTATION_CONTEXT('2D SPACE',''
  ) );
#15843 = ORIENTED_EDGE('',*,*,#15791,.F.);
#15844 = ORIENTED_EDGE('',*,*,#15823,.F.);
#15845 = ( GEOMETRIC_REPRESENTATION_CONTEXT(3) 
GLOBAL_UNCERTAINTY_ASSIGNED_CONTEXT((#15849)) 
GLOBAL_UNIT_ASSIGNED_CONTEXT((#15846,#15847,#15848)) 
REPRESENTATION_CONTEXT('Context #1',
  '3D Context with UNIT and UNCERTAINTY') );
#15846 = ( LENGTH_UNIT() NAMED_UNIT(*) SI_UNIT(.MILLI.,.METRE.) );
#15847 = ( NAMED_UNIT(*) PLANE_ANGLE_UNIT() SI_UNIT($,.RADIAN.) );
#15848 = ( NAMED_UNIT(*) SI_UNIT($,.STERADIAN.) SOLID_ANGLE_UNIT() );
#15849 = UNCERTAINTY_MEASURE_WITH_UNIT(LENGTH_MEASURE(1.E-07),#15846,
  'distance_accuracy_value','confusion accuracy');
#15850 = CONTEXT_DEPENDENT_SHAPE_REPRESENTATION(#15851,#15853);
#15851 = ( REPRESENTATION_RELATIONSHIP('','',#15654,#10) 
REPRESENTATION_RELATIONSHIP_WITH_TRANSFORMATION(#15852) 
SHAPE_REPRESENTATION_RELATIONSHIP() );
#15852 = ITEM_DEFINED_TRANSFORMATION('','',#11,#59);
#15853 = PRODUCT_DEFINITION_SHAPE('Placement','Placement of an item',
  #15854);
#15854 = NEXT_ASSEMBLY_USAGE_OCCURRENCE('12','collar','',#5,#15649,$);
#15855 = PRODUCT_RELATED_PRODUCT_CATEGORY('part',$,(#15651));
#15856 = SHAPE_DEFINITION_REPRESENTATION(#15857,#15863);
#15857 = PRODUCT_DEFINITION_SHAPE('','',#15858);
#15858 = PRODUCT_DEFINITION('design','',#15859,#15862);
#15859 = PRODUCT_DEFINITION_FORMATION('','',#15860);
#15860 = PRODUCT('tuerca_resorte','tuerca_resorte','',(#15861));
#15861 = PRODUCT_CONTEXT('',#2,'mechanical');
#15862 = PRODUCT_DEFINITION_CONTEXT('part definition',#2,'design');
#15863 = ADVANCED_BREP_SHAPE_REPRESENTATION('',(#11,#15864),#16054);
#15864 = MANIFOLD_SOLID_BREP('',#15865);
#15865 = CLOSED_SHELL('',(#15866,#15954,#15993,#16027));
#15866 = ADVANCED_FACE('',(#15867),#15881,.T.);
#15867 = FACE_BOUND('',#15868,.F.);
#15868 = EDGE_LOOP('',(#15869,#15899,#15926,#15927));
#15869 = ORIENTED_EDGE('',*,*,#15870,.T.);
#15870 = EDGE_CURVE('',#15871,#15873,#15875,.T.);
#15871 = VERTEX_POINT('',#15872);
#15872 = CARTESIAN_POINT('',(-123.5,9.,30.));
#15873 = VERTEX_POINT('',#15874);
#15874 = CARTESIAN_POINT('',(-117.,9.,30.));
#15875 = SEAM_CURVE('',#15876,(#15880,#15892),.PCURVE_S1.);
#15876 = LINE('',#15877,#15878);
#15877 = CARTESIAN_POINT('',(-123.5,9.,30.));
#15878 = VECTOR('',#15879,1.);
#15879 = DIRECTION('',(1.,0.,0.));
#15880 = PCURVE('',#15881,#15886);
#15881 = CYLINDRICAL_SURFACE('',#15882,9.);
#15882 = AXIS2_PLACEMENT_3D('',#15883,#15884,#15885);
#15883 = CARTESIAN_POINT('',(-123.5,0.,30.));
#15884 = DIRECTION('',(-1.,-0.,-0.));
#15885 = DIRECTION('',(0.,1.,0.));
#15886 = DEFINITIONAL_REPRESENTATION('',(#15887),#15891);
#15887 = LINE('',#15888,#15889);
#15888 = CARTESIAN_POINT('',(-0.,0.));
#15889 = VECTOR('',#15890,1.);
#15890 = DIRECTION('',(-0.,-1.));
#15891 = ( GEOMETRIC_REPRESENTATION_CONTEXT(2) 
PARAMETRIC_REPRESENTATION_CONTEXT() REPRESENTATION_CONTEXT('2D SPACE',''
  ) );
#15892 = PCURVE('',#15881,#15893);
#15893 = DEFINITIONAL_REPRESENTATION('',(#15894),#15898);
#15894 = LINE('',#15895,#15896);
#15895 = CARTESIAN_POINT('',(-6.28318530718,0.));
#15896 = VECTOR('',#15897,1.);
#15897 = DIRECTION('',(-0.,-1.));
#15898 = ( GEOMETRIC_REPRESENTATION_CONTEXT(2) 
PARAMETRIC_REPRESENTATION_CONTEXT() REPRESENTATION_CONTEXT('2D SPACE',''
  ) );
#15899 = ORIENTED_EDGE('',*,*,#15900,.T.);
#15900 = EDGE_CURVE('',#15873,#15873,#15901,.T.);
#15901 = SURFACE_CURVE('',#15902,(#15907,#15914),.PCURVE_S1.);
#15902 = CIRCLE('',#15903,9.);
#15903 = AXIS2_PLACEMENT_3D('',#15904,#15905,#15906);
#15904 = CARTESIAN_POINT('',(-117.,0.,30.));
#15905 = DIRECTION('',(1.,0.,0.));
#15906 = DIRECTION('',(0.,1.,0.));
#15907 = PCURVE('',#15881,#15908);
#15908 = DEFINITIONAL_REPRESENTATION('',(#15909),#15913);
#15909 = LINE('',#15910,#15911);
#15910 = CARTESIAN_POINT('',(-0.,-6.5));
#15911 = VECTOR('',#15912,1.);
#15912 = DIRECTION('',(-1.,0.));
#15913 = ( GEOMETRIC_REPRESENTATION_CONTEXT(2) 
PARAMETRIC_REPRESENTATION_CONTEXT() REPRESENTATION_CONTEXT('2D SPACE',''
  ) );
#15914 = PCURVE('',#15915,#15920);
#15915 = PLANE('',#15916);
#15916 = AXIS2_PLACEMENT_3D('',#15917,#15918,#15919);
#15917 = CARTESIAN_POINT('',(-117.,-6.077511700175E-16,30.));
#15918 = DIRECTION('',(1.,0.,0.));
#15919 = DIRECTION('',(-0.,0.,1.));
#15920 = DEFINITIONAL_REPRESENTATION('',(#15921),#15925);
#15921 = CIRCLE('',#15922,9.);
#15922 = AXIS2_PLACEMENT_2D('',#15923,#15924);
#15923 = CARTESIAN_POINT('',(0.,-6.077511700175E-16));
#15924 = DIRECTION('',(0.,-1.));
#15925 = ( GEOMETRIC_REPRESENTATION_CONTEXT(2) 
PARAMETRIC_REPRESENTATION_CONTEXT() REPRESENTATION_CONTEXT('2D SPACE',''
  ) );
#15926 = ORIENTED_EDGE('',*,*,#15870,.F.);
#15927 = ORIENTED_EDGE('',*,*,#15928,.F.);
#15928 = EDGE_CURVE('',#15871,#15871,#15929,.T.);
#15929 = SURFACE_CURVE('',#15930,(#15935,#15942),.PCURVE_S1.);
#15930 = CIRCLE('',#15931,9.);
#15931 = AXIS2_PLACEMENT_3D('',#15932,#15933,#15934);
#15932 = CARTESIAN_POINT('',(-123.5,0.,30.));
#15933 = DIRECTION('',(1.,0.,0.));
#15934 = DIRECTION('',(0.,1.,0.));
#15935 = PCURVE('',#15881,#15936);
#15936 = DEFINITIONAL_REPRESENTATION('',(#15937),#15941);
#15937 = LINE('',#15938,#15939);
#15938 = CARTESIAN_POINT('',(-0.,0.));
#15939 = VECTOR('',#15940,1.);
#15940 = DIRECTION('',(-1.,0.));
#15941 = ( GEOMETRIC_REPRESENTATION_CONTEXT(2) 
PARAMETRIC_REPRESENTATION_CONTEXT() REPRESENTATION_CONTEXT('2D SPACE',''
  ) );
#15942 = PCURVE('',#15943,#15948);
#15943 = PLANE('',#15944);
#15944 = AXIS2_PLACEMENT_3D('',#15945,#15946,#15947);
#15945 = CARTESIAN_POINT('',(-123.5,-6.077511700175E-16,30.));
#15946 = DIRECTION('',(1.,0.,0.));
#15947 = DIRECTION('',(-0.,0.,1.));
#15948 = DEFINITIONAL_REPRESENTATION('',(#15949),#15953);
#15949 = CIRCLE('',#15950,9.);
#15950 = AXIS2_PLACEMENT_2D('',#15951,#15952);
#15951 = CARTESIAN_POINT('',(0.,-6.077511700175E-16));
#15952 = DIRECTION('',(0.,-1.));
#15953 = ( GEOMETRIC_REPRESENTATION_CONTEXT(2) 
PARAMETRIC_REPRESENTATION_CONTEXT() REPRESENTATION_CONTEXT('2D SPACE',''
  ) );
#15954 = ADVANCED_FACE('',(#15955,#15958),#15943,.F.);
#15955 = FACE_BOUND('',#15956,.F.);
#15956 = EDGE_LOOP('',(#15957));
#15957 = ORIENTED_EDGE('',*,*,#15928,.T.);
#15958 = FACE_BOUND('',#15959,.F.);
#15959 = EDGE_LOOP('',(#15960));
#15960 = ORIENTED_EDGE('',*,*,#15961,.T.);
#15961 = EDGE_CURVE('',#15962,#15962,#15964,.T.);
#15962 = VERTEX_POINT('',#15963);
#15963 = CARTESIAN_POINT('',(-123.5,4.,30.));
#15964 = SURFACE_CURVE('',#15965,(#15970,#15981),.PCURVE_S1.);
#15965 = CIRCLE('',#15966,4.);
#15966 = AXIS2_PLACEMENT_3D('',#15967,#15968,#15969);
#15967 = CARTESIAN_POINT('',(-123.5,0.,30.));
#15968 = DIRECTION('',(-1.,0.,0.));
#15969 = DIRECTION('',(0.,1.,0.));
#15970 = PCURVE('',#15943,#15971);
#15971 = DEFINITIONAL_REPRESENTATION('',(#15972),#15980);
#15972 = ( BOUNDED_CURVE() B_SPLINE_CURVE(2,(#15973,#15974,#15975,#15976
    ,#15977,#15978,#15979),.UNSPECIFIED.,.T.,.F.) 
B_SPLINE_CURVE_WITH_KNOTS((1,2,2,2,2,1),(-2.094395102393,0.,
    2.094395102393,4.188790204786,6.28318530718,8.377580409573),
.UNSPECIFIED.) CURVE() GEOMETRIC_REPRESENTATION_ITEM() 
RATIONAL_B_SPLINE_CURVE((1.,0.5,1.,0.5,1.,0.5,1.)) REPRESENTATION_ITEM(
  '') );
#15973 = CARTESIAN_POINT('',(0.,-4.));
#15974 = CARTESIAN_POINT('',(-6.928203230276,-4.));
#15975 = CARTESIAN_POINT('',(-3.464101615138,2.));
#15976 = CARTESIAN_POINT('',(-9.797174393179E-16,8.));
#15977 = CARTESIAN_POINT('',(3.464101615138,2.));
#15978 = CARTESIAN_POINT('',(6.928203230276,-4.));
#15979 = CARTESIAN_POINT('',(0.,-4.));
#15980 = ( GEOMETRIC_REPRESENTATION_CONTEXT(2) 
PARAMETRIC_REPRESENTATION_CONTEXT() REPRESENTATION_CONTEXT('2D SPACE',''
  ) );
#15981 = PCURVE('',#15982,#15987);
#15982 = CYLINDRICAL_SURFACE('',#15983,4.);
#15983 = AXIS2_PLACEMENT_3D('',#15984,#15985,#15986);
#15984 = CARTESIAN_POINT('',(-124.5,0.,30.));
#15985 = DIRECTION('',(-1.,-0.,-0.));
#15986 = DIRECTION('',(0.,1.,0.));
#15987 = DEFINITIONAL_REPRESENTATION('',(#15988),#15992);
#15988 = LINE('',#15989,#15990);
#15989 = CARTESIAN_POINT('',(-6.28318530718,-1.));
#15990 = VECTOR('',#15991,1.);
#15991 = DIRECTION('',(1.,-0.));
#15992 = ( GEOMETRIC_REPRESENTATION_CONTEXT(2) 
PARAMETRIC_REPRESENTATION_CONTEXT() REPRESENTATION_CONTEXT('2D SPACE',''
  ) );
#15993 = ADVANCED_FACE('',(#15994,#15997),#15915,.T.);
#15994 = FACE_BOUND('',#15995,.T.);
#15995 = EDGE_LOOP('',(#15996));
#15996 = ORIENTED_EDGE('',*,*,#15900,.T.);
#15997 = FACE_BOUND('',#15998,.T.);
#15998 = EDGE_LOOP('',(#15999));
#15999 = ORIENTED_EDGE('',*,*,#16000,.T.);
#16000 = EDGE_CURVE('',#16001,#16001,#16003,.T.);
#16001 = VERTEX_POINT('',#16002);
#16002 = CARTESIAN_POINT('',(-117.,4.,30.));
#16003 = SURFACE_CURVE('',#16004,(#16009,#16020),.PCURVE_S1.);
#16004 = CIRCLE('',#16005,4.);
#16005 = AXIS2_PLACEMENT_3D('',#16006,#16007,#16008);
#16006 = CARTESIAN_POINT('',(-117.,0.,30.));
#16007 = DIRECTION('',(-1.,0.,0.));
#16008 = DIRECTION('',(0.,1.,0.));
#16009 = PCURVE('',#15915,#16010);
#16010 = DEFINITIONAL_REPRESENTATION('',(#16011),#16019);
#16011 = ( BOUNDED_CURVE() B_SPLINE_CURVE(2,(#16012,#16013,#16014,#16015
    ,#16016,#16017,#16018),.UNSPECIFIED.,.T.,.F.) 
B_SPLINE_CURVE_WITH_KNOTS((1,2,2,2,2,1),(-2.094395102393,0.,
    2.094395102393,4.188790204786,6.28318530718,8.377580409573),
.UNSPECIFIED.) CURVE() GEOMETRIC_REPRESENTATION_ITEM() 
RATIONAL_B_SPLINE_CURVE((1.,0.5,1.,0.5,1.,0.5,1.)) REPRESENTATION_ITEM(
  '') );
#16012 = CARTESIAN_POINT('',(0.,-4.));
#16013 = CARTESIAN_POINT('',(-6.928203230276,-4.));
#16014 = CARTESIAN_POINT('',(-3.464101615138,2.));
#16015 = CARTESIAN_POINT('',(-9.797174393179E-16,8.));
#16016 = CARTESIAN_POINT('',(3.464101615138,2.));
#16017 = CARTESIAN_POINT('',(6.928203230276,-4.));
#16018 = CARTESIAN_POINT('',(0.,-4.));
#16019 = ( GEOMETRIC_REPRESENTATION_CONTEXT(2) 
PARAMETRIC_REPRESENTATION_CONTEXT() REPRESENTATION_CONTEXT('2D SPACE',''
  ) );
#16020 = PCURVE('',#15982,#16021);
#16021 = DEFINITIONAL_REPRESENTATION('',(#16022),#16026);
#16022 = LINE('',#16023,#16024);
#16023 = CARTESIAN_POINT('',(-6.28318530718,-7.5));
#16024 = VECTOR('',#16025,1.);
#16025 = DIRECTION('',(1.,-0.));
#16026 = ( GEOMETRIC_REPRESENTATION_CONTEXT(2) 
PARAMETRIC_REPRESENTATION_CONTEXT() REPRESENTATION_CONTEXT('2D SPACE',''
  ) );
#16027 = ADVANCED_FACE('',(#16028),#15982,.F.);
#16028 = FACE_BOUND('',#16029,.T.);
#16029 = EDGE_LOOP('',(#16030,#16031,#16052,#16053));
#16030 = ORIENTED_EDGE('',*,*,#15961,.T.);
#16031 = ORIENTED_EDGE('',*,*,#16032,.T.);
#16032 = EDGE_CURVE('',#15962,#16001,#16033,.T.);
#16033 = SEAM_CURVE('',#16034,(#16038,#16045),.PCURVE_S1.);
#16034 = LINE('',#16035,#16036);
#16035 = CARTESIAN_POINT('',(-124.5,4.,30.));
#16036 = VECTOR('',#16037,1.);
#16037 = DIRECTION('',(1.,0.,0.));
#16038 = PCURVE('',#15982,#16039);
#16039 = DEFINITIONAL_REPRESENTATION('',(#16040),#16044);
#16040 = LINE('',#16041,#16042);
#16041 = CARTESIAN_POINT('',(-6.28318530718,0.));
#16042 = VECTOR('',#16043,1.);
#16043 = DIRECTION('',(-0.,-1.));
#16044 = ( GEOMETRIC_REPRESENTATION_CONTEXT(2) 
PARAMETRIC_REPRESENTATION_CONTEXT() REPRESENTATION_CONTEXT('2D SPACE',''
  ) );
#16045 = PCURVE('',#15982,#16046);
#16046 = DEFINITIONAL_REPRESENTATION('',(#16047),#16051);
#16047 = LINE('',#16048,#16049);
#16048 = CARTESIAN_POINT('',(-0.,0.));
#16049 = VECTOR('',#16050,1.);
#16050 = DIRECTION('',(-0.,-1.));
#16051 = ( GEOMETRIC_REPRESENTATION_CONTEXT(2) 
PARAMETRIC_REPRESENTATION_CONTEXT() REPRESENTATION_CONTEXT('2D SPACE',''
  ) );
#16052 = ORIENTED_EDGE('',*,*,#16000,.F.);
#16053 = ORIENTED_EDGE('',*,*,#16032,.F.);
#16054 = ( GEOMETRIC_REPRESENTATION_CONTEXT(3) 
GLOBAL_UNCERTAINTY_ASSIGNED_CONTEXT((#16058)) 
GLOBAL_UNIT_ASSIGNED_CONTEXT((#16055,#16056,#16057)) 
REPRESENTATION_CONTEXT('Context #1',
  '3D Context with UNIT and UNCERTAINTY') );
#16055 = ( LENGTH_UNIT() NAMED_UNIT(*) SI_UNIT(.MILLI.,.METRE.) );
#16056 = ( NAMED_UNIT(*) PLANE_ANGLE_UNIT() SI_UNIT($,.RADIAN.) );
#16057 = ( NAMED_UNIT(*) SI_UNIT($,.STERADIAN.) SOLID_ANGLE_UNIT() );
#16058 = UNCERTAINTY_MEASURE_WITH_UNIT(LENGTH_MEASURE(1.E-07),#16055,
  'distance_accuracy_value','confusion accuracy');
#16059 = CONTEXT_DEPENDENT_SHAPE_REPRESENTATION(#16060,#16062);
#16060 = ( REPRESENTATION_RELATIONSHIP('','',#15863,#10) 
REPRESENTATION_RELATIONSHIP_WITH_TRANSFORMATION(#16061) 
SHAPE_REPRESENTATION_RELATIONSHIP() );
#16061 = ITEM_DEFINED_TRANSFORMATION('','',#11,#63);
#16062 = PRODUCT_DEFINITION_SHAPE('Placement','Placement of an item',
  #16063);
#16063 = NEXT_ASSEMBLY_USAGE_OCCURRENCE('13','tuerca_resorte','',#5,
  #15858,$);
#16064 = PRODUCT_RELATED_PRODUCT_CATEGORY('part',$,(#15860));
#16065 = MECHANICAL_DESIGN_GEOMETRIC_PRESENTATION_REPRESENTATION('',(
    #16066),#12709);
#16066 = STYLED_ITEM('color',(#16067),#11165);
#16067 = PRESENTATION_STYLE_ASSIGNMENT((#16068));
#16068 = SURFACE_STYLE_USAGE(.BOTH.,#16069);
#16069 = SURFACE_SIDE_STYLE('',(#16070));
#16070 = SURFACE_STYLE_FILL_AREA(#16071);
#16071 = FILL_AREA_STYLE('',(#16072));
#16072 = FILL_AREA_STYLE_COLOUR('',#16073);
#16073 = COLOUR_RGB('',0.350000000377,0.380000002513,0.420000006308);
#16074 = MECHANICAL_DESIGN_GEOMETRIC_PRESENTATION_REPRESENTATION('',(
    #16075),#15218);
#16075 = STYLED_ITEM('color',(#16076),#15028);
#16076 = PRESENTATION_STYLE_ASSIGNMENT((#16077));
#16077 = SURFACE_STYLE_USAGE(.BOTH.,#16078);
#16078 = SURFACE_SIDE_STYLE('',(#16079));
#16079 = SURFACE_STYLE_FILL_AREA(#16080);
#16080 = FILL_AREA_STYLE('',(#16081));
#16081 = FILL_AREA_STYLE_COLOUR('',#16082);
#16082 = COLOUR_RGB('',0.299999996101,0.299999996101,0.319999999843);
#16083 = MECHANICAL_DESIGN_GEOMETRIC_PRESENTATION_REPRESENTATION('',(
    #16084),#9583);
#16084 = STYLED_ITEM('color',(#16085),#81);
#16085 = PRESENTATION_STYLE_ASSIGNMENT((#16086));
#16086 = SURFACE_STYLE_USAGE(.BOTH.,#16087);
#16087 = SURFACE_SIDE_STYLE('',(#16088));
#16088 = SURFACE_STYLE_FILL_AREA(#16089);
#16089 = FILL_AREA_STYLE('',(#16090));
#16090 = FILL_AREA_STYLE_COLOUR('',#16091);
#16091 = COLOUR_RGB('',0.599999994755,0.620000000292,0.659999992303);
#16092 = MECHANICAL_DESIGN_GEOMETRIC_PRESENTATION_REPRESENTATION('',(
    #16093),#15636);
#16093 = STYLED_ITEM('color',(#16094),#15446);
#16094 = PRESENTATION_STYLE_ASSIGNMENT((#16095));
#16095 = SURFACE_STYLE_USAGE(.BOTH.,#16096);
#16096 = SURFACE_SIDE_STYLE('',(#16097));
#16097 = SURFACE_STYLE_FILL_AREA(#16098);
#16098 = FILL_AREA_STYLE('',(#16099));
#16099 = FILL_AREA_STYLE_COLOUR('',#16100);
#16100 = COLOUR_RGB('',0.850000012718,0.55000000909,0.199999998682);
#16101 = MECHANICAL_DESIGN_GEOMETRIC_PRESENTATION_REPRESENTATION('',(
    #16102),#13106);
#16102 = STYLED_ITEM('color',(#16103),#12728);
#16103 = PRESENTATION_STYLE_ASSIGNMENT((#16104));
#16104 = SURFACE_STYLE_USAGE(.BOTH.,#16105);
#16105 = SURFACE_SIDE_STYLE('',(#16106));
#16106 = SURFACE_STYLE_FILL_AREA(#16107);
#16107 = FILL_AREA_STYLE('',(#16108));
#16108 = FILL_AREA_STYLE_COLOUR('',#16109);
#16109 = COLOUR_RGB('',0.720000003324,0.530000000233,0.299999996101);
#16110 = MECHANICAL_DESIGN_GEOMETRIC_PRESENTATION_REPRESENTATION('',(
    #16111),#14403);
#16111 = STYLED_ITEM('color',(#16112),#13430);
#16112 = PRESENTATION_STYLE_ASSIGNMENT((#16113));
#16113 = SURFACE_STYLE_USAGE(.BOTH.,#16114);
#16114 = SURFACE_SIDE_STYLE('',(#16115));
#16115 = SURFACE_STYLE_FILL_AREA(#16116);
#16116 = FILL_AREA_STYLE('',(#16117));
#16117 = FILL_AREA_STYLE_COLOUR('',#16082);
#16118 = MECHANICAL_DESIGN_GEOMETRIC_PRESENTATION_REPRESENTATION('',(
    #16119),#15427);
#16119 = STYLED_ITEM('color',(#16120),#15237);
#16120 = PRESENTATION_STYLE_ASSIGNMENT((#16121));
#16121 = SURFACE_STYLE_USAGE(.BOTH.,#16122);
#16122 = SURFACE_SIDE_STYLE('',(#16123));
#16123 = SURFACE_STYLE_FILL_AREA(#16124);
#16124 = FILL_AREA_STYLE('',(#16125));
#16125 = FILL_AREA_STYLE_COLOUR('',#16082);
#16126 = MECHANICAL_DESIGN_GEOMETRIC_PRESENTATION_REPRESENTATION('',(
    #16127),#16054);
#16127 = STYLED_ITEM('color',(#16128),#15864);
#16128 = PRESENTATION_STYLE_ASSIGNMENT((#16129));
#16129 = SURFACE_STYLE_USAGE(.BOTH.,#16130);
#16130 = SURFACE_SIDE_STYLE('',(#16131));
#16131 = SURFACE_STYLE_FILL_AREA(#16132);
#16132 = FILL_AREA_STYLE('',(#16133));
#16133 = FILL_AREA_STYLE_COLOUR('',#16134);
#16134 = COLOUR_RGB('',0.250000000672,0.250000000672,0.27999999963);
#16135 = MECHANICAL_DESIGN_GEOMETRIC_PRESENTATION_REPRESENTATION('',(
    #16136),#15845);
#16136 = STYLED_ITEM('color',(#16137),#15655);
#16137 = PRESENTATION_STYLE_ASSIGNMENT((#16138));
#16138 = SURFACE_STYLE_USAGE(.BOTH.,#16139);
#16139 = SURFACE_SIDE_STYLE('',(#16140));
#16140 = SURFACE_STYLE_FILL_AREA(#16141);
#16141 = FILL_AREA_STYLE('',(#16142));
#16142 = FILL_AREA_STYLE_COLOUR('',#16134);
#16143 = MECHANICAL_DESIGN_GEOMETRIC_PRESENTATION_REPRESENTATION('',(
    #16144),#13411);
#16144 = STYLED_ITEM('color',(#16145),#13125);
#16145 = PRESENTATION_STYLE_ASSIGNMENT((#16146));
#16146 = SURFACE_STYLE_USAGE(.BOTH.,#16147);
#16147 = SURFACE_SIDE_STYLE('',(#16148));
#16148 = SURFACE_STYLE_FILL_AREA(#16149);
#16149 = FILL_AREA_STYLE('',(#16150));
#16150 = FILL_AREA_STYLE_COLOUR('',#16151);
#16151 = COLOUR_RGB('',0.800000010877,0.800000010877,0.819999987296);
#16152 = MECHANICAL_DESIGN_GEOMETRIC_PRESENTATION_REPRESENTATION('',(
    #16153),#14612);
#16153 = STYLED_ITEM('color',(#16154),#14422);
#16154 = PRESENTATION_STYLE_ASSIGNMENT((#16155));
#16155 = SURFACE_STYLE_USAGE(.BOTH.,#16156);
#16156 = SURFACE_SIDE_STYLE('',(#16157));
#16157 = SURFACE_STYLE_FILL_AREA(#16158);
#16158 = FILL_AREA_STYLE('',(#16159));
#16159 = FILL_AREA_STYLE_COLOUR('',#16160);
#16160 = COLOUR_RGB('',0.45000000386,0.47000000295,0.500000003429);
#16161 = MECHANICAL_DESIGN_GEOMETRIC_PRESENTATION_REPRESENTATION('',(
    #16162),#11146);
#16162 = STYLED_ITEM('color',(#16163),#9602);
#16163 = PRESENTATION_STYLE_ASSIGNMENT((#16164));
#16164 = SURFACE_STYLE_USAGE(.BOTH.,#16165);
#16165 = SURFACE_SIDE_STYLE('',(#16166));
#16166 = SURFACE_STYLE_FILL_AREA(#16167);
#16167 = FILL_AREA_STYLE('',(#16168));
#16168 = FILL_AREA_STYLE_COLOUR('',#16073);
#16169 = MECHANICAL_DESIGN_GEOMETRIC_PRESENTATION_REPRESENTATION('',(
    #16170),#15009);
#16170 = STYLED_ITEM('color',(#16171),#14631);
#16171 = PRESENTATION_STYLE_ASSIGNMENT((#16172));
#16172 = SURFACE_STYLE_USAGE(.BOTH.,#16173);
#16173 = SURFACE_SIDE_STYLE('',(#16174));
#16174 = SURFACE_STYLE_FILL_AREA(#16175);
#16175 = FILL_AREA_STYLE('',(#16176));
#16176 = FILL_AREA_STYLE_COLOUR('',#16177);
#16177 = COLOUR_RGB('',0.55000000909,0.569999999601,0.599999994755);
ENDSEC;
END-ISO-10303-21;
