ISO-10303-21;
HEADER;
FILE_DESCRIPTION(('Open CASCADE Model'),'2;1');
FILE_NAME('Open CASCADE Shape Model','2026-09-28T14:08:42',('Author'),(
    'Open CASCADE'),'Open CASCADE STEP processor 7.9','Open CASCADE 7.9'
  ,'Unknown');
FILE_SCHEMA(('AUTOMOTIVE_DESIGN { 1 0 10303 214 1 1 1 1 }'));
ENDSEC;
DATA;
#1 = APPLICATION_PROTOCOL_DEFINITION('international standard',
  'automotive_design',2000,#2);
#2 = APPLICATION_CONTEXT(
  'core data for automotive mechanical design processes');
#3 = SHAPE_DEFINITION_REPRESENTATION(#4,#10);
#4 = PRODUCT_DEFINITION_SHAPE('','',#5);
#5 = PRODUCT_DEFINITION('design','',#6,#9);
#6 = PRODUCT_DEFINITION_FORMATION('','',#7);
#7 = PRODUCT('Nubelink_H1','Nubelink_H1','',(#8));
#8 = PRODUCT_CONTEXT('',#2,'mechanical');
#9 = PRODUCT_DEFINITION_CONTEXT('part definition',#2,'design');
#10 = SHAPE_REPRESENTATION('',(#11,#15,#19,#23,#27,#31,#35,#39,#43,#47),
  #51);
#11 = AXIS2_PLACEMENT_3D('',#12,#13,#14);
#12 = CARTESIAN_POINT('',(0.,0.,0.));
#13 = DIRECTION('',(0.,0.,1.));
#14 = DIRECTION('',(1.,0.,-0.));
#15 = AXIS2_PLACEMENT_3D('',#16,#17,#18);
#16 = CARTESIAN_POINT('',(0.,0.,0.));
#17 = DIRECTION('',(0.,0.,1.));
#18 = DIRECTION('',(1.,0.,-0.));
#19 = AXIS2_PLACEMENT_3D('',#20,#21,#22);
#20 = CARTESIAN_POINT('',(36.,0.,0.));
#21 = DIRECTION('',(0.,0.,1.));
#22 = DIRECTION('',(1.,0.,-0.));
#23 = AXIS2_PLACEMENT_3D('',#24,#25,#26);
#24 = CARTESIAN_POINT('',(-36.,0.,0.));
#25 = DIRECTION('',(0.,0.,1.));
#26 = DIRECTION('',(-1.,1.224646799147E-16,0.));
#27 = AXIS2_PLACEMENT_3D('',#28,#29,#30);
#28 = CARTESIAN_POINT('',(0.,0.,0.));
#29 = DIRECTION('',(0.,0.,1.));
#30 = DIRECTION('',(1.,0.,-0.));
#31 = AXIS2_PLACEMENT_3D('',#32,#33,#34);
#32 = CARTESIAN_POINT('',(0.,0.,0.));
#33 = DIRECTION('',(0.,0.,1.));
#34 = DIRECTION('',(1.,0.,-0.));
#35 = AXIS2_PLACEMENT_3D('',#36,#37,#38);
#36 = CARTESIAN_POINT('',(100.,0.,0.));
#37 = DIRECTION('',(0.,0.,1.));
#38 = DIRECTION('',(1.,0.,-0.));
#39 = AXIS2_PLACEMENT_3D('',#40,#41,#42);
#40 = CARTESIAN_POINT('',(71.,0.,0.));
#41 = DIRECTION('',(0.,0.,1.));
#42 = DIRECTION('',(1.,0.,-0.));
#43 = AXIS2_PLACEMENT_3D('',#44,#45,#46);
#44 = CARTESIAN_POINT('',(-77.,0.,0.));
#45 = DIRECTION('',(0.,0.,1.));
#46 = DIRECTION('',(1.,0.,-0.));
#47 = AXIS2_PLACEMENT_3D('',#48,#49,#50);
#48 = CARTESIAN_POINT('',(-104.,0.,0.));
#49 = DIRECTION('',(0.,0.,1.));
#50 = DIRECTION('',(1.,0.,-0.));
#51 = ( GEOMETRIC_REPRESENTATION_CONTEXT(3) 
GLOBAL_UNCERTAINTY_ASSIGNED_CONTEXT((#55)) GLOBAL_UNIT_ASSIGNED_CONTEXT(
(#52,#53,#54)) REPRESENTATION_CONTEXT('Context #1',
  '3D Context with UNIT and UNCERTAINTY') );
#52 = ( LENGTH_UNIT() NAMED_UNIT(*) SI_UNIT(.MILLI.,.METRE.) );
#53 = ( NAMED_UNIT(*) PLANE_ANGLE_UNIT() SI_UNIT($,.RADIAN.) );
#54 = ( NAMED_UNIT(*) SI_UNIT($,.STERADIAN.) SOLID_ANGLE_UNIT() );
#55 = UNCERTAINTY_MEASURE_WITH_UNIT(LENGTH_MEASURE(1.E-07),#52,
  'distance_accuracy_value','confusion accuracy');
#56 = PRODUCT_RELATED_PRODUCT_CATEGORY('part',$,(#7));
#57 = SHAPE_DEFINITION_REPRESENTATION(#58,#64);
#58 = PRODUCT_DEFINITION_SHAPE('','',#59);
#59 = PRODUCT_DEFINITION('design','',#60,#63);
#60 = PRODUCT_DEFINITION_FORMATION('','',#61);
#61 = PRODUCT('cuerpo','cuerpo','',(#62));
#62 = PRODUCT_CONTEXT('',#2,'mechanical');
#63 = PRODUCT_DEFINITION_CONTEXT('part definition',#2,'design');
#64 = ADVANCED_BREP_SHAPE_REPRESENTATION('',(#11,#65),#3740);
#65 = MANIFOLD_SOLID_BREP('',#66);
#66 = CLOSED_SHELL('',(#67,#515,#550,#585,#661,#710,#759,#786,#862,#911,
    #960,#987,#1063,#1112,#1161,#1188,#1588,#2111,#2144,#2177,#2304,
    #2544,#2619,#2694,#2769,#3004,#3056,#3108,#3160,#3197,#3203,#3209,
    #3645,#3676,#3681,#3686,#3713));
#67 = ADVANCED_FACE('',(#68,#155,#275,#395),#81,.T.);
#68 = FACE_BOUND('',#69,.F.);
#69 = EDGE_LOOP('',(#70,#104,#127,#154));
#70 = ORIENTED_EDGE('',*,*,#71,.F.);
#71 = EDGE_CURVE('',#72,#72,#74,.T.);
#72 = VERTEX_POINT('',#73);
#73 = CARTESIAN_POINT('',(-50.,30.,0.));
#74 = SURFACE_CURVE('',#75,(#80,#92),.PCURVE_S1.);
#75 = CIRCLE('',#76,30.);
#76 = AXIS2_PLACEMENT_3D('',#77,#78,#79);
#77 = CARTESIAN_POINT('',(-50.,0.,0.));
#78 = DIRECTION('',(1.,0.,0.));
#79 = DIRECTION('',(0.,1.,0.));
#80 = PCURVE('',#81,#86);
#81 = CYLINDRICAL_SURFACE('',#82,30.);
#82 = AXIS2_PLACEMENT_3D('',#83,#84,#85);
#83 = CARTESIAN_POINT('',(-50.,0.,0.));
#84 = DIRECTION('',(-1.,-0.,-0.));
#85 = DIRECTION('',(0.,1.,0.));
#86 = DEFINITIONAL_REPRESENTATION('',(#87),#91);
#87 = LINE('',#88,#89);
#88 = CARTESIAN_POINT('',(-0.,0.));
#89 = VECTOR('',#90,1.);
#90 = DIRECTION('',(-1.,0.));
#91 = ( GEOMETRIC_REPRESENTATION_CONTEXT(2) 
PARAMETRIC_REPRESENTATION_CONTEXT() REPRESENTATION_CONTEXT('2D SPACE',''
  ) );
#92 = PCURVE('',#93,#98);
#93 = PLANE('',#94);
#94 = AXIS2_PLACEMENT_3D('',#95,#96,#97);
#95 = CARTESIAN_POINT('',(-50.,-1.458602808042E-15,2.339560088947E-16));
#96 = DIRECTION('',(1.,0.,0.));
#97 = DIRECTION('',(-0.,0.,1.));
#98 = DEFINITIONAL_REPRESENTATION('',(#99),#103);
#99 = CIRCLE('',#100,30.);
#100 = AXIS2_PLACEMENT_2D('',#101,#102);
#101 = CARTESIAN_POINT('',(-2.339560088947E-16,-1.458602808042E-15));
#102 = DIRECTION('',(0.,-1.));
#103 = ( GEOMETRIC_REPRESENTATION_CONTEXT(2) 
PARAMETRIC_REPRESENTATION_CONTEXT() REPRESENTATION_CONTEXT('2D SPACE',''
  ) );
#104 = ORIENTED_EDGE('',*,*,#105,.T.);
#105 = EDGE_CURVE('',#72,#106,#108,.T.);
#106 = VERTEX_POINT('',#107);
#107 = CARTESIAN_POINT('',(50.,30.,0.));
#108 = SEAM_CURVE('',#109,(#113,#120),.PCURVE_S1.);
#109 = LINE('',#110,#111);
#110 = CARTESIAN_POINT('',(-50.,30.,0.));
#111 = VECTOR('',#112,1.);
#112 = DIRECTION('',(1.,0.,0.));
#113 = PCURVE('',#81,#114);
#114 = DEFINITIONAL_REPRESENTATION('',(#115),#119);
#115 = LINE('',#116,#117);
#116 = CARTESIAN_POINT('',(-6.28318530718,0.));
#117 = VECTOR('',#118,1.);
#118 = DIRECTION('',(-0.,-1.));
#119 = ( GEOMETRIC_REPRESENTATION_CONTEXT(2) 
PARAMETRIC_REPRESENTATION_CONTEXT() REPRESENTATION_CONTEXT('2D SPACE',''
  ) );
#120 = PCURVE('',#81,#121);
#121 = DEFINITIONAL_REPRESENTATION('',(#122),#126);
#122 = LINE('',#123,#124);
#123 = CARTESIAN_POINT('',(-0.,0.));
#124 = VECTOR('',#125,1.);
#125 = DIRECTION('',(-0.,-1.));
#126 = ( GEOMETRIC_REPRESENTATION_CONTEXT(2) 
PARAMETRIC_REPRESENTATION_CONTEXT() REPRESENTATION_CONTEXT('2D SPACE',''
  ) );
#127 = ORIENTED_EDGE('',*,*,#128,.T.);
#128 = EDGE_CURVE('',#106,#106,#129,.T.);
#129 = SURFACE_CURVE('',#130,(#135,#142),.PCURVE_S1.);
#130 = CIRCLE('',#131,30.);
#131 = AXIS2_PLACEMENT_3D('',#132,#133,#134);
#132 = CARTESIAN_POINT('',(50.,0.,0.));
#133 = DIRECTION('',(1.,0.,0.));
#134 = DIRECTION('',(0.,1.,0.));
#135 = PCURVE('',#81,#136);
#136 = DEFINITIONAL_REPRESENTATION('',(#137),#141);
#137 = LINE('',#138,#139);
#138 = CARTESIAN_POINT('',(-0.,-100.));
#139 = VECTOR('',#140,1.);
#140 = DIRECTION('',(-1.,0.));
#141 = ( GEOMETRIC_REPRESENTATION_CONTEXT(2) 
PARAMETRIC_REPRESENTATION_CONTEXT() REPRESENTATION_CONTEXT('2D SPACE',''
  ) );
#142 = PCURVE('',#143,#148);
#143 = PLANE('',#144);
#144 = AXIS2_PLACEMENT_3D('',#145,#146,#147);
#145 = CARTESIAN_POINT('',(50.,-1.458602808042E-15,2.339560088947E-16));
#146 = DIRECTION('',(1.,0.,0.));
#147 = DIRECTION('',(-0.,0.,1.));
#148 = DEFINITIONAL_REPRESENTATION('',(#149),#153);
#149 = CIRCLE('',#150,30.);
#150 = AXIS2_PLACEMENT_2D('',#151,#152);
#151 = CARTESIAN_POINT('',(-2.339560088947E-16,-1.458602808042E-15));
#152 = DIRECTION('',(0.,-1.));
#153 = ( GEOMETRIC_REPRESENTATION_CONTEXT(2) 
PARAMETRIC_REPRESENTATION_CONTEXT() REPRESENTATION_CONTEXT('2D SPACE',''
  ) );
#154 = ORIENTED_EDGE('',*,*,#105,.F.);
#155 = FACE_BOUND('',#156,.F.);
#156 = EDGE_LOOP('',(#157,#192,#218,#251));
#157 = ORIENTED_EDGE('',*,*,#158,.F.);
#158 = EDGE_CURVE('',#159,#161,#163,.T.);
#159 = VERTEX_POINT('',#160);
#160 = CARTESIAN_POINT('',(20.,-12.,27.495454169735));
#161 = VERTEX_POINT('',#162);
#162 = CARTESIAN_POINT('',(20.,12.,27.495454169735));
#163 = SURFACE_CURVE('',#164,(#169,#176),.PCURVE_S1.);
#164 = CIRCLE('',#165,30.);
#165 = AXIS2_PLACEMENT_3D('',#166,#167,#168);
#166 = CARTESIAN_POINT('',(20.,0.,0.));
#167 = DIRECTION('',(-1.,0.,0.));
#168 = DIRECTION('',(0.,1.,0.));
#169 = PCURVE('',#81,#170);
#170 = DEFINITIONAL_REPRESENTATION('',(#171),#175);
#171 = LINE('',#172,#173);
#172 = CARTESIAN_POINT('',(-6.28318530718,-70.));
#173 = VECTOR('',#174,1.);
#174 = DIRECTION('',(1.,-0.));
#175 = ( GEOMETRIC_REPRESENTATION_CONTEXT(2) 
PARAMETRIC_REPRESENTATION_CONTEXT() REPRESENTATION_CONTEXT('2D SPACE',''
  ) );
#176 = PCURVE('',#177,#182);
#177 = PLANE('',#178);
#178 = AXIS2_PLACEMENT_3D('',#179,#180,#181);
#179 = CARTESIAN_POINT('',(20.,-12.,25.));
#180 = DIRECTION('',(1.,0.,0.));
#181 = DIRECTION('',(0.,0.,1.));
#182 = DEFINITIONAL_REPRESENTATION('',(#183),#191);
#183 = ( BOUNDED_CURVE() B_SPLINE_CURVE(2,(#184,#185,#186,#187,#188,#189
,#190),.UNSPECIFIED.,.T.,.F.) B_SPLINE_CURVE_WITH_KNOTS((1,2,2,2,2,1),(
    -2.094395102393,0.,2.094395102393,4.188790204786,6.28318530718,
8.377580409573),.UNSPECIFIED.) CURVE() GEOMETRIC_REPRESENTATION_ITEM() 
RATIONAL_B_SPLINE_CURVE((1.,0.5,1.,0.5,1.,0.5,1.)) REPRESENTATION_ITEM(
  '') );
#184 = CARTESIAN_POINT('',(-25.,-42.));
#185 = CARTESIAN_POINT('',(-76.96152422706,-42.));
#186 = CARTESIAN_POINT('',(-50.98076211353,3.));
#187 = CARTESIAN_POINT('',(-25.,48.));
#188 = CARTESIAN_POINT('',(0.980762113533,3.));
#189 = CARTESIAN_POINT('',(26.961524227066,-42.));
#190 = CARTESIAN_POINT('',(-25.,-42.));
#191 = ( GEOMETRIC_REPRESENTATION_CONTEXT(2) 
PARAMETRIC_REPRESENTATION_CONTEXT() REPRESENTATION_CONTEXT('2D SPACE',''
  ) );
#192 = ORIENTED_EDGE('',*,*,#193,.F.);
#193 = EDGE_CURVE('',#194,#159,#196,.T.);
#194 = VERTEX_POINT('',#195);
#195 = CARTESIAN_POINT('',(44.,-12.,27.495454169735));
#196 = SURFACE_CURVE('',#197,(#201,#207),.PCURVE_S1.);
#197 = LINE('',#198,#199);
#198 = CARTESIAN_POINT('',(-50.,-12.,27.495454169735));
#199 = VECTOR('',#200,1.);
#200 = DIRECTION('',(-1.,-0.,-0.));
#201 = PCURVE('',#81,#202);
#202 = DEFINITIONAL_REPRESENTATION('',(#203),#206);
#203 = B_SPLINE_CURVE_WITH_KNOTS('',1,(#204,#205),.UNSPECIFIED.,.F.,.F.,
  (2,2),(-96.4,-67.6),.PIECEWISE_BEZIER_KNOTS.);
#204 = CARTESIAN_POINT('',(-1.982313172862,-96.4));
#205 = CARTESIAN_POINT('',(-1.982313172862,-67.6));
#206 = ( GEOMETRIC_REPRESENTATION_CONTEXT(2) 
PARAMETRIC_REPRESENTATION_CONTEXT() REPRESENTATION_CONTEXT('2D SPACE',''
  ) );
#207 = PCURVE('',#208,#213);
#208 = PLANE('',#209);
#209 = AXIS2_PLACEMENT_3D('',#210,#211,#212);
#210 = CARTESIAN_POINT('',(20.,-12.,25.));
#211 = DIRECTION('',(0.,1.,0.));
#212 = DIRECTION('',(0.,0.,1.));
#213 = DEFINITIONAL_REPRESENTATION('',(#214),#217);
#214 = B_SPLINE_CURVE_WITH_KNOTS('',1,(#215,#216),.UNSPECIFIED.,.F.,.F.,
  (2,2),(-96.4,-67.6),.PIECEWISE_BEZIER_KNOTS.);
#215 = CARTESIAN_POINT('',(2.495454169735,26.4));
#216 = CARTESIAN_POINT('',(2.495454169735,-2.4));
#217 = ( GEOMETRIC_REPRESENTATION_CONTEXT(2) 
PARAMETRIC_REPRESENTATION_CONTEXT() REPRESENTATION_CONTEXT('2D SPACE',''
  ) );
#218 = ORIENTED_EDGE('',*,*,#219,.T.);
#219 = EDGE_CURVE('',#194,#220,#222,.T.);
#220 = VERTEX_POINT('',#221);
#221 = CARTESIAN_POINT('',(44.,12.,27.495454169735));
#222 = SURFACE_CURVE('',#223,(#228,#235),.PCURVE_S1.);
#223 = CIRCLE('',#224,30.);
#224 = AXIS2_PLACEMENT_3D('',#225,#226,#227);
#225 = CARTESIAN_POINT('',(44.,0.,0.));
#226 = DIRECTION('',(-1.,0.,0.));
#227 = DIRECTION('',(0.,1.,0.));
#228 = PCURVE('',#81,#229);
#229 = DEFINITIONAL_REPRESENTATION('',(#230),#234);
#230 = LINE('',#231,#232);
#231 = CARTESIAN_POINT('',(-6.28318530718,-94.));
#232 = VECTOR('',#233,1.);
#233 = DIRECTION('',(1.,-0.));
#234 = ( GEOMETRIC_REPRESENTATION_CONTEXT(2) 
PARAMETRIC_REPRESENTATION_CONTEXT() REPRESENTATION_CONTEXT('2D SPACE',''
  ) );
#235 = PCURVE('',#236,#241);
#236 = PLANE('',#237);
#237 = AXIS2_PLACEMENT_3D('',#238,#239,#240);
#238 = CARTESIAN_POINT('',(44.,-12.,25.));
#239 = DIRECTION('',(1.,0.,0.));
#240 = DIRECTION('',(0.,0.,1.));
#241 = DEFINITIONAL_REPRESENTATION('',(#242),#250);
#242 = ( BOUNDED_CURVE() B_SPLINE_CURVE(2,(#243,#244,#245,#246,#247,#248
,#249),.UNSPECIFIED.,.T.,.F.) B_SPLINE_CURVE_WITH_KNOTS((1,2,2,2,2,1),(
    -2.094395102393,0.,2.094395102393,4.188790204786,6.28318530718,
8.377580409573),.UNSPECIFIED.) CURVE() GEOMETRIC_REPRESENTATION_ITEM() 
RATIONAL_B_SPLINE_CURVE((1.,0.5,1.,0.5,1.,0.5,1.)) REPRESENTATION_ITEM(
  '') );
#243 = CARTESIAN_POINT('',(-25.,-42.));
#244 = CARTESIAN_POINT('',(-76.96152422706,-42.));
#245 = CARTESIAN_POINT('',(-50.98076211353,3.));
#246 = CARTESIAN_POINT('',(-25.,48.));
#247 = CARTESIAN_POINT('',(0.980762113533,3.));
#248 = CARTESIAN_POINT('',(26.961524227066,-42.));
#249 = CARTESIAN_POINT('',(-25.,-42.));
#250 = ( GEOMETRIC_REPRESENTATION_CONTEXT(2) 
PARAMETRIC_REPRESENTATION_CONTEXT() REPRESENTATION_CONTEXT('2D SPACE',''
  ) );
#251 = ORIENTED_EDGE('',*,*,#252,.T.);
#252 = EDGE_CURVE('',#220,#161,#253,.T.);
#253 = SURFACE_CURVE('',#254,(#258,#264),.PCURVE_S1.);
#254 = LINE('',#255,#256);
#255 = CARTESIAN_POINT('',(-50.,12.,27.495454169735));
#256 = VECTOR('',#257,1.);
#257 = DIRECTION('',(-1.,-0.,-0.));
#258 = PCURVE('',#81,#259);
#259 = DEFINITIONAL_REPRESENTATION('',(#260),#263);
#260 = B_SPLINE_CURVE_WITH_KNOTS('',1,(#261,#262),.UNSPECIFIED.,.F.,.F.,
  (2,2),(-96.4,-67.6),.PIECEWISE_BEZIER_KNOTS.);
#261 = CARTESIAN_POINT('',(-1.159279480727,-96.4));
#262 = CARTESIAN_POINT('',(-1.159279480727,-67.6));
#263 = ( GEOMETRIC_REPRESENTATION_CONTEXT(2) 
PARAMETRIC_REPRESENTATION_CONTEXT() REPRESENTATION_CONTEXT('2D SPACE',''
  ) );
#264 = PCURVE('',#265,#270);
#265 = PLANE('',#266);
#266 = AXIS2_PLACEMENT_3D('',#267,#268,#269);
#267 = CARTESIAN_POINT('',(20.,12.,25.));
#268 = DIRECTION('',(0.,1.,0.));
#269 = DIRECTION('',(0.,0.,1.));
#270 = DEFINITIONAL_REPRESENTATION('',(#271),#274);
#271 = B_SPLINE_CURVE_WITH_KNOTS('',1,(#272,#273),.UNSPECIFIED.,.F.,.F.,
  (2,2),(-96.4,-67.6),.PIECEWISE_BEZIER_KNOTS.);
#272 = CARTESIAN_POINT('',(2.495454169735,26.4));
#273 = CARTESIAN_POINT('',(2.495454169735,-2.4));
#274 = ( GEOMETRIC_REPRESENTATION_CONTEXT(2) 
PARAMETRIC_REPRESENTATION_CONTEXT() REPRESENTATION_CONTEXT('2D SPACE',''
  ) );
#275 = FACE_BOUND('',#276,.F.);
#276 = EDGE_LOOP('',(#277,#312,#338,#371));
#277 = ORIENTED_EDGE('',*,*,#278,.F.);
#278 = EDGE_CURVE('',#279,#281,#283,.T.);
#279 = VERTEX_POINT('',#280);
#280 = CARTESIAN_POINT('',(-44.,-12.,27.495454169735));
#281 = VERTEX_POINT('',#282);
#282 = CARTESIAN_POINT('',(-44.,12.,27.495454169735));
#283 = SURFACE_CURVE('',#284,(#289,#296),.PCURVE_S1.);
#284 = CIRCLE('',#285,30.);
#285 = AXIS2_PLACEMENT_3D('',#286,#287,#288);
#286 = CARTESIAN_POINT('',(-44.,0.,0.));
#287 = DIRECTION('',(-1.,0.,0.));
#288 = DIRECTION('',(0.,1.,0.));
#289 = PCURVE('',#81,#290);
#290 = DEFINITIONAL_REPRESENTATION('',(#291),#295);
#291 = LINE('',#292,#293);
#292 = CARTESIAN_POINT('',(-6.28318530718,-6.));
#293 = VECTOR('',#294,1.);
#294 = DIRECTION('',(1.,-0.));
#295 = ( GEOMETRIC_REPRESENTATION_CONTEXT(2) 
PARAMETRIC_REPRESENTATION_CONTEXT() REPRESENTATION_CONTEXT('2D SPACE',''
  ) );
#296 = PCURVE('',#297,#302);
#297 = PLANE('',#298);
#298 = AXIS2_PLACEMENT_3D('',#299,#300,#301);
#299 = CARTESIAN_POINT('',(-44.,-12.,25.));
#300 = DIRECTION('',(1.,0.,0.));
#301 = DIRECTION('',(0.,0.,1.));
#302 = DEFINITIONAL_REPRESENTATION('',(#303),#311);
#303 = ( BOUNDED_CURVE() B_SPLINE_CURVE(2,(#304,#305,#306,#307,#308,#309
,#310),.UNSPECIFIED.,.T.,.F.) B_SPLINE_CURVE_WITH_KNOTS((1,2,2,2,2,1),(
    -2.094395102393,0.,2.094395102393,4.188790204786,6.28318530718,
8.377580409573),.UNSPECIFIED.) CURVE() GEOMETRIC_REPRESENTATION_ITEM() 
RATIONAL_B_SPLINE_CURVE((1.,0.5,1.,0.5,1.,0.5,1.)) REPRESENTATION_ITEM(
  '') );
#304 = CARTESIAN_POINT('',(-25.,-42.));
#305 = CARTESIAN_POINT('',(-76.96152422706,-42.));
#306 = CARTESIAN_POINT('',(-50.98076211353,3.));
#307 = CARTESIAN_POINT('',(-25.,48.));
#308 = CARTESIAN_POINT('',(0.980762113533,3.));
#309 = CARTESIAN_POINT('',(26.961524227066,-42.));
#310 = CARTESIAN_POINT('',(-25.,-42.));
#311 = ( GEOMETRIC_REPRESENTATION_CONTEXT(2) 
PARAMETRIC_REPRESENTATION_CONTEXT() REPRESENTATION_CONTEXT('2D SPACE',''
  ) );
#312 = ORIENTED_EDGE('',*,*,#313,.F.);
#313 = EDGE_CURVE('',#314,#279,#316,.T.);
#314 = VERTEX_POINT('',#315);
#315 = CARTESIAN_POINT('',(-20.,-12.,27.495454169735));
#316 = SURFACE_CURVE('',#317,(#321,#327),.PCURVE_S1.);
#317 = LINE('',#318,#319);
#318 = CARTESIAN_POINT('',(-50.,-12.,27.495454169735));
#319 = VECTOR('',#320,1.);
#320 = DIRECTION('',(-1.,-0.,-0.));
#321 = PCURVE('',#81,#322);
#322 = DEFINITIONAL_REPRESENTATION('',(#323),#326);
#323 = B_SPLINE_CURVE_WITH_KNOTS('',1,(#324,#325),.UNSPECIFIED.,.F.,.F.,
  (2,2),(-32.4,-3.6),.PIECEWISE_BEZIER_KNOTS.);
#324 = CARTESIAN_POINT('',(-1.982313172862,-32.4));
#325 = CARTESIAN_POINT('',(-1.982313172862,-3.6));
#326 = ( GEOMETRIC_REPRESENTATION_CONTEXT(2) 
PARAMETRIC_REPRESENTATION_CONTEXT() REPRESENTATION_CONTEXT('2D SPACE',''
  ) );
#327 = PCURVE('',#328,#333);
#328 = PLANE('',#329);
#329 = AXIS2_PLACEMENT_3D('',#330,#331,#332);
#330 = CARTESIAN_POINT('',(-44.,-12.,25.));
#331 = DIRECTION('',(0.,1.,0.));
#332 = DIRECTION('',(0.,0.,1.));
#333 = DEFINITIONAL_REPRESENTATION('',(#334),#337);
#334 = B_SPLINE_CURVE_WITH_KNOTS('',1,(#335,#336),.UNSPECIFIED.,.F.,.F.,
  (2,2),(-32.4,-3.6),.PIECEWISE_BEZIER_KNOTS.);
#335 = CARTESIAN_POINT('',(2.495454169735,26.4));
#336 = CARTESIAN_POINT('',(2.495454169735,-2.4));
#337 = ( GEOMETRIC_REPRESENTATION_CONTEXT(2) 
PARAMETRIC_REPRESENTATION_CONTEXT() REPRESENTATION_CONTEXT('2D SPACE',''
  ) );
#338 = ORIENTED_EDGE('',*,*,#339,.T.);
#339 = EDGE_CURVE('',#314,#340,#342,.T.);
#340 = VERTEX_POINT('',#341);
#341 = CARTESIAN_POINT('',(-20.,12.,27.495454169735));
#342 = SURFACE_CURVE('',#343,(#348,#355),.PCURVE_S1.);
#343 = CIRCLE('',#344,30.);
#344 = AXIS2_PLACEMENT_3D('',#345,#346,#347);
#345 = CARTESIAN_POINT('',(-20.,0.,0.));
#346 = DIRECTION('',(-1.,0.,0.));
#347 = DIRECTION('',(0.,1.,0.));
#348 = PCURVE('',#81,#349);
#349 = DEFINITIONAL_REPRESENTATION('',(#350),#354);
#350 = LINE('',#351,#352);
#351 = CARTESIAN_POINT('',(-6.28318530718,-30.));
#352 = VECTOR('',#353,1.);
#353 = DIRECTION('',(1.,-0.));
#354 = ( GEOMETRIC_REPRESENTATION_CONTEXT(2) 
PARAMETRIC_REPRESENTATION_CONTEXT() REPRESENTATION_CONTEXT('2D SPACE',''
  ) );
#355 = PCURVE('',#356,#361);
#356 = PLANE('',#357);
#357 = AXIS2_PLACEMENT_3D('',#358,#359,#360);
#358 = CARTESIAN_POINT('',(-20.,-12.,25.));
#359 = DIRECTION('',(1.,0.,0.));
#360 = DIRECTION('',(0.,0.,1.));
#361 = DEFINITIONAL_REPRESENTATION('',(#362),#370);
#362 = ( BOUNDED_CURVE() B_SPLINE_CURVE(2,(#363,#364,#365,#366,#367,#368
,#369),.UNSPECIFIED.,.T.,.F.) B_SPLINE_CURVE_WITH_KNOTS((1,2,2,2,2,1),(
    -2.094395102393,0.,2.094395102393,4.188790204786,6.28318530718,
8.377580409573),.UNSPECIFIED.) CURVE() GEOMETRIC_REPRESENTATION_ITEM() 
RATIONAL_B_SPLINE_CURVE((1.,0.5,1.,0.5,1.,0.5,1.)) REPRESENTATION_ITEM(
  '') );
#363 = CARTESIAN_POINT('',(-25.,-42.));
#364 = CARTESIAN_POINT('',(-76.96152422706,-42.));
#365 = CARTESIAN_POINT('',(-50.98076211353,3.));
#366 = CARTESIAN_POINT('',(-25.,48.));
#367 = CARTESIAN_POINT('',(0.980762113533,3.));
#368 = CARTESIAN_POINT('',(26.961524227066,-42.));
#369 = CARTESIAN_POINT('',(-25.,-42.));
#370 = ( GEOMETRIC_REPRESENTATION_CONTEXT(2) 
PARAMETRIC_REPRESENTATION_CONTEXT() REPRESENTATION_CONTEXT('2D SPACE',''
  ) );
#371 = ORIENTED_EDGE('',*,*,#372,.T.);
#372 = EDGE_CURVE('',#340,#281,#373,.T.);
#373 = SURFACE_CURVE('',#374,(#378,#384),.PCURVE_S1.);
#374 = LINE('',#375,#376);
#375 = CARTESIAN_POINT('',(-50.,12.,27.495454169735));
#376 = VECTOR('',#377,1.);
#377 = DIRECTION('',(-1.,-0.,-0.));
#378 = PCURVE('',#81,#379);
#379 = DEFINITIONAL_REPRESENTATION('',(#380),#383);
#380 = B_SPLINE_CURVE_WITH_KNOTS('',1,(#381,#382),.UNSPECIFIED.,.F.,.F.,
  (2,2),(-32.4,-3.6),.PIECEWISE_BEZIER_KNOTS.);
#381 = CARTESIAN_POINT('',(-1.159279480727,-32.4));
#382 = CARTESIAN_POINT('',(-1.159279480727,-3.6));
#383 = ( GEOMETRIC_REPRESENTATION_CONTEXT(2) 
PARAMETRIC_REPRESENTATION_CONTEXT() REPRESENTATION_CONTEXT('2D SPACE',''
  ) );
#384 = PCURVE('',#385,#390);
#385 = PLANE('',#386);
#386 = AXIS2_PLACEMENT_3D('',#387,#388,#389);
#387 = CARTESIAN_POINT('',(-44.,12.,25.));
#388 = DIRECTION('',(0.,1.,0.));
#389 = DIRECTION('',(0.,0.,1.));
#390 = DEFINITIONAL_REPRESENTATION('',(#391),#394);
#391 = B_SPLINE_CURVE_WITH_KNOTS('',1,(#392,#393),.UNSPECIFIED.,.F.,.F.,
  (2,2),(-32.4,-3.6),.PIECEWISE_BEZIER_KNOTS.);
#392 = CARTESIAN_POINT('',(2.495454169735,26.4));
#393 = CARTESIAN_POINT('',(2.495454169735,-2.4));
#394 = ( GEOMETRIC_REPRESENTATION_CONTEXT(2) 
PARAMETRIC_REPRESENTATION_CONTEXT() REPRESENTATION_CONTEXT('2D SPACE',''
  ) );
#395 = FACE_BOUND('',#396,.F.);
#396 = EDGE_LOOP('',(#397,#432,#458,#491));
#397 = ORIENTED_EDGE('',*,*,#398,.F.);
#398 = EDGE_CURVE('',#399,#401,#403,.T.);
#399 = VERTEX_POINT('',#400);
#400 = CARTESIAN_POINT('',(-45.,16.,-25.37715508089));
#401 = VERTEX_POINT('',#402);
#402 = CARTESIAN_POINT('',(-45.,-16.,-25.37715508089));
#403 = SURFACE_CURVE('',#404,(#409,#416),.PCURVE_S1.);
#404 = CIRCLE('',#405,30.);
#405 = AXIS2_PLACEMENT_3D('',#406,#407,#408);
#406 = CARTESIAN_POINT('',(-45.,0.,0.));
#407 = DIRECTION('',(-1.,0.,0.));
#408 = DIRECTION('',(0.,1.,0.));
#409 = PCURVE('',#81,#410);
#410 = DEFINITIONAL_REPRESENTATION('',(#411),#415);
#411 = LINE('',#412,#413);
#412 = CARTESIAN_POINT('',(-6.28318530718,-5.));
#413 = VECTOR('',#414,1.);
#414 = DIRECTION('',(1.,-0.));
#415 = ( GEOMETRIC_REPRESENTATION_CONTEXT(2) 
PARAMETRIC_REPRESENTATION_CONTEXT() REPRESENTATION_CONTEXT('2D SPACE',''
  ) );
#416 = PCURVE('',#417,#422);
#417 = PLANE('',#418);
#418 = AXIS2_PLACEMENT_3D('',#419,#420,#421);
#419 = CARTESIAN_POINT('',(-45.,-16.,-31.));
#420 = DIRECTION('',(1.,0.,0.));
#421 = DIRECTION('',(0.,0.,1.));
#422 = DEFINITIONAL_REPRESENTATION('',(#423),#431);
#423 = ( BOUNDED_CURVE() B_SPLINE_CURVE(2,(#424,#425,#426,#427,#428,#429
,#430),.UNSPECIFIED.,.T.,.F.) B_SPLINE_CURVE_WITH_KNOTS((1,2,2,2,2,1),(
    -2.094395102393,0.,2.094395102393,4.188790204786,6.28318530718,
8.377580409573),.UNSPECIFIED.) CURVE() GEOMETRIC_REPRESENTATION_ITEM() 
RATIONAL_B_SPLINE_CURVE((1.,0.5,1.,0.5,1.,0.5,1.)) REPRESENTATION_ITEM(
  '') );
#424 = CARTESIAN_POINT('',(31.,-46.));
#425 = CARTESIAN_POINT('',(-20.96152422706,-46.));
#426 = CARTESIAN_POINT('',(5.019237886467,-1.));
#427 = CARTESIAN_POINT('',(31.,44.));
#428 = CARTESIAN_POINT('',(56.980762113533,-1.));
#429 = CARTESIAN_POINT('',(82.961524227066,-46.));
#430 = CARTESIAN_POINT('',(31.,-46.));
#431 = ( GEOMETRIC_REPRESENTATION_CONTEXT(2) 
PARAMETRIC_REPRESENTATION_CONTEXT() REPRESENTATION_CONTEXT('2D SPACE',''
  ) );
#432 = ORIENTED_EDGE('',*,*,#433,.F.);
#433 = EDGE_CURVE('',#434,#399,#436,.T.);
#434 = VERTEX_POINT('',#435);
#435 = CARTESIAN_POINT('',(45.,16.,-25.37715508089));
#436 = SURFACE_CURVE('',#437,(#441,#447),.PCURVE_S1.);
#437 = LINE('',#438,#439);
#438 = CARTESIAN_POINT('',(-50.,16.,-25.37715508089));
#439 = VECTOR('',#440,1.);
#440 = DIRECTION('',(-1.,-0.,-0.));
#441 = PCURVE('',#81,#442);
#442 = DEFINITIONAL_REPRESENTATION('',(#443),#446);
#443 = B_SPLINE_CURVE_WITH_KNOTS('',1,(#444,#445),.UNSPECIFIED.,.F.,.F.,
  (2,2),(-100.0000006,5.999999999062E-07),.PIECEWISE_BEZIER_KNOTS.);
#444 = CARTESIAN_POINT('',(-5.274925224929,-100.0000006));
#445 = CARTESIAN_POINT('',(-5.274925224929,5.999999999062E-07));
#446 = ( GEOMETRIC_REPRESENTATION_CONTEXT(2) 
PARAMETRIC_REPRESENTATION_CONTEXT() REPRESENTATION_CONTEXT('2D SPACE',''
  ) );
#447 = PCURVE('',#448,#453);
#448 = PLANE('',#449);
#449 = AXIS2_PLACEMENT_3D('',#450,#451,#452);
#450 = CARTESIAN_POINT('',(-45.,16.,-31.));
#451 = DIRECTION('',(0.,1.,0.));
#452 = DIRECTION('',(0.,0.,1.));
#453 = DEFINITIONAL_REPRESENTATION('',(#454),#457);
#454 = B_SPLINE_CURVE_WITH_KNOTS('',1,(#455,#456),.UNSPECIFIED.,.F.,.F.,
  (2,2),(-100.0000006,5.999999999062E-07),.PIECEWISE_BEZIER_KNOTS.);
#455 = CARTESIAN_POINT('',(5.622844919101,95.0000006));
#456 = CARTESIAN_POINT('',(5.622844919101,-5.0000006));
#457 = ( GEOMETRIC_REPRESENTATION_CONTEXT(2) 
PARAMETRIC_REPRESENTATION_CONTEXT() REPRESENTATION_CONTEXT('2D SPACE',''
  ) );
#458 = ORIENTED_EDGE('',*,*,#459,.T.);
#459 = EDGE_CURVE('',#434,#460,#462,.T.);
#460 = VERTEX_POINT('',#461);
#461 = CARTESIAN_POINT('',(45.,-16.,-25.37715508089));
#462 = SURFACE_CURVE('',#463,(#468,#475),.PCURVE_S1.);
#463 = CIRCLE('',#464,30.);
#464 = AXIS2_PLACEMENT_3D('',#465,#466,#467);
#465 = CARTESIAN_POINT('',(45.,0.,0.));
#466 = DIRECTION('',(-1.,0.,0.));
#467 = DIRECTION('',(0.,1.,0.));
#468 = PCURVE('',#81,#469);
#469 = DEFINITIONAL_REPRESENTATION('',(#470),#474);
#470 = LINE('',#471,#472);
#471 = CARTESIAN_POINT('',(-6.28318530718,-95.));
#472 = VECTOR('',#473,1.);
#473 = DIRECTION('',(1.,-0.));
#474 = ( GEOMETRIC_REPRESENTATION_CONTEXT(2) 
PARAMETRIC_REPRESENTATION_CONTEXT() REPRESENTATION_CONTEXT('2D SPACE',''
  ) );
#475 = PCURVE('',#476,#481);
#476 = PLANE('',#477);
#477 = AXIS2_PLACEMENT_3D('',#478,#479,#480);
#478 = CARTESIAN_POINT('',(45.,-16.,-31.));
#479 = DIRECTION('',(1.,0.,0.));
#480 = DIRECTION('',(0.,0.,1.));
#481 = DEFINITIONAL_REPRESENTATION('',(#482),#490);
#482 = ( BOUNDED_CURVE() B_SPLINE_CURVE(2,(#483,#484,#485,#486,#487,#488
,#489),.UNSPECIFIED.,.T.,.F.) B_SPLINE_CURVE_WITH_KNOTS((1,2,2,2,2,1),(
    -2.094395102393,0.,2.094395102393,4.188790204786,6.28318530718,
8.377580409573),.UNSPECIFIED.) CURVE() GEOMETRIC_REPRESENTATION_ITEM() 
RATIONAL_B_SPLINE_CURVE((1.,0.5,1.,0.5,1.,0.5,1.)) REPRESENTATION_ITEM(
  '') );
#483 = CARTESIAN_POINT('',(31.,-46.));
#484 = CARTESIAN_POINT('',(-20.96152422706,-46.));
#485 = CARTESIAN_POINT('',(5.019237886467,-1.));
#486 = CARTESIAN_POINT('',(31.,44.));
#487 = CARTESIAN_POINT('',(56.980762113533,-1.));
#488 = CARTESIAN_POINT('',(82.961524227066,-46.));
#489 = CARTESIAN_POINT('',(31.,-46.));
#490 = ( GEOMETRIC_REPRESENTATION_CONTEXT(2) 
PARAMETRIC_REPRESENTATION_CONTEXT() REPRESENTATION_CONTEXT('2D SPACE',''
  ) );
#491 = ORIENTED_EDGE('',*,*,#492,.T.);
#492 = EDGE_CURVE('',#460,#401,#493,.T.);
#493 = SURFACE_CURVE('',#494,(#498,#504),.PCURVE_S1.);
#494 = LINE('',#495,#496);
#495 = CARTESIAN_POINT('',(-50.,-16.,-25.37715508089));
#496 = VECTOR('',#497,1.);
#497 = DIRECTION('',(-1.,-0.,-0.));
#498 = PCURVE('',#81,#499);
#499 = DEFINITIONAL_REPRESENTATION('',(#500),#503);
#500 = B_SPLINE_CURVE_WITH_KNOTS('',1,(#501,#502),.UNSPECIFIED.,.F.,.F.,
  (2,2),(-100.0000006,5.999999999062E-07),.PIECEWISE_BEZIER_KNOTS.);
#501 = CARTESIAN_POINT('',(-4.149852735841,-100.0000006));
#502 = CARTESIAN_POINT('',(-4.149852735841,5.999999999062E-07));
#503 = ( GEOMETRIC_REPRESENTATION_CONTEXT(2) 
PARAMETRIC_REPRESENTATION_CONTEXT() REPRESENTATION_CONTEXT('2D SPACE',''
  ) );
#504 = PCURVE('',#505,#510);
#505 = PLANE('',#506);
#506 = AXIS2_PLACEMENT_3D('',#507,#508,#509);
#507 = CARTESIAN_POINT('',(-45.,-16.,-31.));
#508 = DIRECTION('',(0.,1.,0.));
#509 = DIRECTION('',(0.,0.,1.));
#510 = DEFINITIONAL_REPRESENTATION('',(#511),#514);
#511 = B_SPLINE_CURVE_WITH_KNOTS('',1,(#512,#513),.UNSPECIFIED.,.F.,.F.,
  (2,2),(-100.0000006,5.999999999062E-07),.PIECEWISE_BEZIER_KNOTS.);
#512 = CARTESIAN_POINT('',(5.622844919101,95.0000006));
#513 = CARTESIAN_POINT('',(5.622844919101,-5.0000006));
#514 = ( GEOMETRIC_REPRESENTATION_CONTEXT(2) 
PARAMETRIC_REPRESENTATION_CONTEXT() REPRESENTATION_CONTEXT('2D SPACE',''
  ) );
#515 = ADVANCED_FACE('',(#516,#519),#93,.F.);
#516 = FACE_BOUND('',#517,.F.);
#517 = EDGE_LOOP('',(#518));
#518 = ORIENTED_EDGE('',*,*,#71,.T.);
#519 = FACE_BOUND('',#520,.F.);
#520 = EDGE_LOOP('',(#521));
#521 = ORIENTED_EDGE('',*,*,#522,.F.);
#522 = EDGE_CURVE('',#523,#523,#525,.T.);
#523 = VERTEX_POINT('',#524);
#524 = CARTESIAN_POINT('',(-50.,24.,0.));
#525 = SURFACE_CURVE('',#526,(#531,#538),.PCURVE_S1.);
#526 = CIRCLE('',#527,24.);
#527 = AXIS2_PLACEMENT_3D('',#528,#529,#530);
#528 = CARTESIAN_POINT('',(-50.,0.,0.));
#529 = DIRECTION('',(1.,0.,0.));
#530 = DIRECTION('',(0.,1.,0.));
#531 = PCURVE('',#93,#532);
#532 = DEFINITIONAL_REPRESENTATION('',(#533),#537);
#533 = CIRCLE('',#534,24.);
#534 = AXIS2_PLACEMENT_2D('',#535,#536);
#535 = CARTESIAN_POINT('',(-2.339560088947E-16,-1.458602808042E-15));
#536 = DIRECTION('',(0.,-1.));
#537 = ( GEOMETRIC_REPRESENTATION_CONTEXT(2) 
PARAMETRIC_REPRESENTATION_CONTEXT() REPRESENTATION_CONTEXT('2D SPACE',''
  ) );
#538 = PCURVE('',#539,#544);
#539 = CYLINDRICAL_SURFACE('',#540,24.);
#540 = AXIS2_PLACEMENT_3D('',#541,#542,#543);
#541 = CARTESIAN_POINT('',(-50.,0.,0.));
#542 = DIRECTION('',(-1.,-0.,-0.));
#543 = DIRECTION('',(0.,1.,0.));
#544 = DEFINITIONAL_REPRESENTATION('',(#545),#549);
#545 = LINE('',#546,#547);
#546 = CARTESIAN_POINT('',(-0.,0.));
#547 = VECTOR('',#548,1.);
#548 = DIRECTION('',(-1.,0.));
#549 = ( GEOMETRIC_REPRESENTATION_CONTEXT(2) 
PARAMETRIC_REPRESENTATION_CONTEXT() REPRESENTATION_CONTEXT('2D SPACE',''
  ) );
#550 = ADVANCED_FACE('',(#551,#554),#143,.T.);
#551 = FACE_BOUND('',#552,.T.);
#552 = EDGE_LOOP('',(#553));
#553 = ORIENTED_EDGE('',*,*,#128,.T.);
#554 = FACE_BOUND('',#555,.T.);
#555 = EDGE_LOOP('',(#556));
#556 = ORIENTED_EDGE('',*,*,#557,.F.);
#557 = EDGE_CURVE('',#558,#558,#560,.T.);
#558 = VERTEX_POINT('',#559);
#559 = CARTESIAN_POINT('',(50.,24.,0.));
#560 = SURFACE_CURVE('',#561,(#566,#573),.PCURVE_S1.);
#561 = CIRCLE('',#562,24.);
#562 = AXIS2_PLACEMENT_3D('',#563,#564,#565);
#563 = CARTESIAN_POINT('',(50.,0.,0.));
#564 = DIRECTION('',(1.,0.,0.));
#565 = DIRECTION('',(0.,1.,0.));
#566 = PCURVE('',#143,#567);
#567 = DEFINITIONAL_REPRESENTATION('',(#568),#572);
#568 = CIRCLE('',#569,24.);
#569 = AXIS2_PLACEMENT_2D('',#570,#571);
#570 = CARTESIAN_POINT('',(-2.339560088947E-16,-1.458602808042E-15));
#571 = DIRECTION('',(0.,-1.));
#572 = ( GEOMETRIC_REPRESENTATION_CONTEXT(2) 
PARAMETRIC_REPRESENTATION_CONTEXT() REPRESENTATION_CONTEXT('2D SPACE',''
  ) );
#573 = PCURVE('',#574,#579);
#574 = CYLINDRICAL_SURFACE('',#575,24.);
#575 = AXIS2_PLACEMENT_3D('',#576,#577,#578);
#576 = CARTESIAN_POINT('',(36.,0.,0.));
#577 = DIRECTION('',(-1.,-0.,-0.));
#578 = DIRECTION('',(0.,1.,0.));
#579 = DEFINITIONAL_REPRESENTATION('',(#580),#584);
#580 = LINE('',#581,#582);
#581 = CARTESIAN_POINT('',(-0.,-14.));
#582 = VECTOR('',#583,1.);
#583 = DIRECTION('',(-1.,0.));
#584 = ( GEOMETRIC_REPRESENTATION_CONTEXT(2) 
PARAMETRIC_REPRESENTATION_CONTEXT() REPRESENTATION_CONTEXT('2D SPACE',''
  ) );
#585 = ADVANCED_FACE('',(#586),#177,.T.);
#586 = FACE_BOUND('',#587,.T.);
#587 = EDGE_LOOP('',(#588,#611,#639,#660));
#588 = ORIENTED_EDGE('',*,*,#589,.F.);
#589 = EDGE_CURVE('',#590,#159,#592,.T.);
#590 = VERTEX_POINT('',#591);
#591 = CARTESIAN_POINT('',(20.,-12.,25.));
#592 = SURFACE_CURVE('',#593,(#597,#604),.PCURVE_S1.);
#593 = LINE('',#594,#595);
#594 = CARTESIAN_POINT('',(20.,-12.,25.));
#595 = VECTOR('',#596,1.);
#596 = DIRECTION('',(0.,0.,1.));
#597 = PCURVE('',#177,#598);
#598 = DEFINITIONAL_REPRESENTATION('',(#599),#603);
#599 = LINE('',#600,#601);
#600 = CARTESIAN_POINT('',(0.,0.));
#601 = VECTOR('',#602,1.);
#602 = DIRECTION('',(1.,0.));
#603 = ( GEOMETRIC_REPRESENTATION_CONTEXT(2) 
PARAMETRIC_REPRESENTATION_CONTEXT() REPRESENTATION_CONTEXT('2D SPACE',''
  ) );
#604 = PCURVE('',#208,#605);
#605 = DEFINITIONAL_REPRESENTATION('',(#606),#610);
#606 = LINE('',#607,#608);
#607 = CARTESIAN_POINT('',(0.,0.));
#608 = VECTOR('',#609,1.);
#609 = DIRECTION('',(1.,0.));
#610 = ( GEOMETRIC_REPRESENTATION_CONTEXT(2) 
PARAMETRIC_REPRESENTATION_CONTEXT() REPRESENTATION_CONTEXT('2D SPACE',''
  ) );
#611 = ORIENTED_EDGE('',*,*,#612,.T.);
#612 = EDGE_CURVE('',#590,#613,#615,.T.);
#613 = VERTEX_POINT('',#614);
#614 = CARTESIAN_POINT('',(20.,12.,25.));
#615 = SURFACE_CURVE('',#616,(#620,#627),.PCURVE_S1.);
#616 = LINE('',#617,#618);
#617 = CARTESIAN_POINT('',(20.,-12.,25.));
#618 = VECTOR('',#619,1.);
#619 = DIRECTION('',(0.,1.,0.));
#620 = PCURVE('',#177,#621);
#621 = DEFINITIONAL_REPRESENTATION('',(#622),#626);
#622 = LINE('',#623,#624);
#623 = CARTESIAN_POINT('',(0.,0.));
#624 = VECTOR('',#625,1.);
#625 = DIRECTION('',(0.,-1.));
#626 = ( GEOMETRIC_REPRESENTATION_CONTEXT(2) 
PARAMETRIC_REPRESENTATION_CONTEXT() REPRESENTATION_CONTEXT('2D SPACE',''
  ) );
#627 = PCURVE('',#628,#633);
#628 = PLANE('',#629);
#629 = AXIS2_PLACEMENT_3D('',#630,#631,#632);
#630 = CARTESIAN_POINT('',(20.,-12.,25.));
#631 = DIRECTION('',(0.,0.,1.));
#632 = DIRECTION('',(1.,0.,0.));
#633 = DEFINITIONAL_REPRESENTATION('',(#634),#638);
#634 = LINE('',#635,#636);
#635 = CARTESIAN_POINT('',(0.,0.));
#636 = VECTOR('',#637,1.);
#637 = DIRECTION('',(0.,1.));
#638 = ( GEOMETRIC_REPRESENTATION_CONTEXT(2) 
PARAMETRIC_REPRESENTATION_CONTEXT() REPRESENTATION_CONTEXT('2D SPACE',''
  ) );
#639 = ORIENTED_EDGE('',*,*,#640,.T.);
#640 = EDGE_CURVE('',#613,#161,#641,.T.);
#641 = SURFACE_CURVE('',#642,(#646,#653),.PCURVE_S1.);
#642 = LINE('',#643,#644);
#643 = CARTESIAN_POINT('',(20.,12.,25.));
#644 = VECTOR('',#645,1.);
#645 = DIRECTION('',(0.,0.,1.));
#646 = PCURVE('',#177,#647);
#647 = DEFINITIONAL_REPRESENTATION('',(#648),#652);
#648 = LINE('',#649,#650);
#649 = CARTESIAN_POINT('',(0.,-24.));
#650 = VECTOR('',#651,1.);
#651 = DIRECTION('',(1.,0.));
#652 = ( GEOMETRIC_REPRESENTATION_CONTEXT(2) 
PARAMETRIC_REPRESENTATION_CONTEXT() REPRESENTATION_CONTEXT('2D SPACE',''
  ) );
#653 = PCURVE('',#265,#654);
#654 = DEFINITIONAL_REPRESENTATION('',(#655),#659);
#655 = LINE('',#656,#657);
#656 = CARTESIAN_POINT('',(0.,0.));
#657 = VECTOR('',#658,1.);
#658 = DIRECTION('',(1.,0.));
#659 = ( GEOMETRIC_REPRESENTATION_CONTEXT(2) 
PARAMETRIC_REPRESENTATION_CONTEXT() REPRESENTATION_CONTEXT('2D SPACE',''
  ) );
#660 = ORIENTED_EDGE('',*,*,#158,.F.);
#661 = ADVANCED_FACE('',(#662),#208,.T.);
#662 = FACE_BOUND('',#663,.T.);
#663 = EDGE_LOOP('',(#664,#687,#708,#709));
#664 = ORIENTED_EDGE('',*,*,#665,.F.);
#665 = EDGE_CURVE('',#666,#194,#668,.T.);
#666 = VERTEX_POINT('',#667);
#667 = CARTESIAN_POINT('',(44.,-12.,25.));
#668 = SURFACE_CURVE('',#669,(#673,#680),.PCURVE_S1.);
#669 = LINE('',#670,#671);
#670 = CARTESIAN_POINT('',(44.,-12.,25.));
#671 = VECTOR('',#672,1.);
#672 = DIRECTION('',(0.,0.,1.));
#673 = PCURVE('',#208,#674);
#674 = DEFINITIONAL_REPRESENTATION('',(#675),#679);
#675 = LINE('',#676,#677);
#676 = CARTESIAN_POINT('',(0.,24.));
#677 = VECTOR('',#678,1.);
#678 = DIRECTION('',(1.,0.));
#679 = ( GEOMETRIC_REPRESENTATION_CONTEXT(2) 
PARAMETRIC_REPRESENTATION_CONTEXT() REPRESENTATION_CONTEXT('2D SPACE',''
  ) );
#680 = PCURVE('',#236,#681);
#681 = DEFINITIONAL_REPRESENTATION('',(#682),#686);
#682 = LINE('',#683,#684);
#683 = CARTESIAN_POINT('',(0.,0.));
#684 = VECTOR('',#685,1.);
#685 = DIRECTION('',(1.,0.));
#686 = ( GEOMETRIC_REPRESENTATION_CONTEXT(2) 
PARAMETRIC_REPRESENTATION_CONTEXT() REPRESENTATION_CONTEXT('2D SPACE',''
  ) );
#687 = ORIENTED_EDGE('',*,*,#688,.F.);
#688 = EDGE_CURVE('',#590,#666,#689,.T.);
#689 = SURFACE_CURVE('',#690,(#694,#701),.PCURVE_S1.);
#690 = LINE('',#691,#692);
#691 = CARTESIAN_POINT('',(20.,-12.,25.));
#692 = VECTOR('',#693,1.);
#693 = DIRECTION('',(1.,0.,0.));
#694 = PCURVE('',#208,#695);
#695 = DEFINITIONAL_REPRESENTATION('',(#696),#700);
#696 = LINE('',#697,#698);
#697 = CARTESIAN_POINT('',(0.,0.));
#698 = VECTOR('',#699,1.);
#699 = DIRECTION('',(0.,1.));
#700 = ( GEOMETRIC_REPRESENTATION_CONTEXT(2) 
PARAMETRIC_REPRESENTATION_CONTEXT() REPRESENTATION_CONTEXT('2D SPACE',''
  ) );
#701 = PCURVE('',#628,#702);
#702 = DEFINITIONAL_REPRESENTATION('',(#703),#707);
#703 = LINE('',#704,#705);
#704 = CARTESIAN_POINT('',(0.,0.));
#705 = VECTOR('',#706,1.);
#706 = DIRECTION('',(1.,0.));
#707 = ( GEOMETRIC_REPRESENTATION_CONTEXT(2) 
PARAMETRIC_REPRESENTATION_CONTEXT() REPRESENTATION_CONTEXT('2D SPACE',''
  ) );
#708 = ORIENTED_EDGE('',*,*,#589,.T.);
#709 = ORIENTED_EDGE('',*,*,#193,.F.);
#710 = ADVANCED_FACE('',(#711),#265,.F.);
#711 = FACE_BOUND('',#712,.F.);
#712 = EDGE_LOOP('',(#713,#736,#757,#758));
#713 = ORIENTED_EDGE('',*,*,#714,.F.);
#714 = EDGE_CURVE('',#715,#220,#717,.T.);
#715 = VERTEX_POINT('',#716);
#716 = CARTESIAN_POINT('',(44.,12.,25.));
#717 = SURFACE_CURVE('',#718,(#722,#729),.PCURVE_S1.);
#718 = LINE('',#719,#720);
#719 = CARTESIAN_POINT('',(44.,12.,25.));
#720 = VECTOR('',#721,1.);
#721 = DIRECTION('',(0.,0.,1.));
#722 = PCURVE('',#265,#723);
#723 = DEFINITIONAL_REPRESENTATION('',(#724),#728);
#724 = LINE('',#725,#726);
#725 = CARTESIAN_POINT('',(0.,24.));
#726 = VECTOR('',#727,1.);
#727 = DIRECTION('',(1.,0.));
#728 = ( GEOMETRIC_REPRESENTATION_CONTEXT(2) 
PARAMETRIC_REPRESENTATION_CONTEXT() REPRESENTATION_CONTEXT('2D SPACE',''
  ) );
#729 = PCURVE('',#236,#730);
#730 = DEFINITIONAL_REPRESENTATION('',(#731),#735);
#731 = LINE('',#732,#733);
#732 = CARTESIAN_POINT('',(0.,-24.));
#733 = VECTOR('',#734,1.);
#734 = DIRECTION('',(1.,0.));
#735 = ( GEOMETRIC_REPRESENTATION_CONTEXT(2) 
PARAMETRIC_REPRESENTATION_CONTEXT() REPRESENTATION_CONTEXT('2D SPACE',''
  ) );
#736 = ORIENTED_EDGE('',*,*,#737,.F.);
#737 = EDGE_CURVE('',#613,#715,#738,.T.);
#738 = SURFACE_CURVE('',#739,(#743,#750),.PCURVE_S1.);
#739 = LINE('',#740,#741);
#740 = CARTESIAN_POINT('',(20.,12.,25.));
#741 = VECTOR('',#742,1.);
#742 = DIRECTION('',(1.,0.,0.));
#743 = PCURVE('',#265,#744);
#744 = DEFINITIONAL_REPRESENTATION('',(#745),#749);
#745 = LINE('',#746,#747);
#746 = CARTESIAN_POINT('',(0.,0.));
#747 = VECTOR('',#748,1.);
#748 = DIRECTION('',(0.,1.));
#749 = ( GEOMETRIC_REPRESENTATION_CONTEXT(2) 
PARAMETRIC_REPRESENTATION_CONTEXT() REPRESENTATION_CONTEXT('2D SPACE',''
  ) );
#750 = PCURVE('',#628,#751);
#751 = DEFINITIONAL_REPRESENTATION('',(#752),#756);
#752 = LINE('',#753,#754);
#753 = CARTESIAN_POINT('',(0.,24.));
#754 = VECTOR('',#755,1.);
#755 = DIRECTION('',(1.,0.));
#756 = ( GEOMETRIC_REPRESENTATION_CONTEXT(2) 
PARAMETRIC_REPRESENTATION_CONTEXT() REPRESENTATION_CONTEXT('2D SPACE',''
  ) );
#757 = ORIENTED_EDGE('',*,*,#640,.T.);
#758 = ORIENTED_EDGE('',*,*,#252,.F.);
#759 = ADVANCED_FACE('',(#760),#236,.F.);
#760 = FACE_BOUND('',#761,.F.);
#761 = EDGE_LOOP('',(#762,#763,#784,#785));
#762 = ORIENTED_EDGE('',*,*,#665,.F.);
#763 = ORIENTED_EDGE('',*,*,#764,.T.);
#764 = EDGE_CURVE('',#666,#715,#765,.T.);
#765 = SURFACE_CURVE('',#766,(#770,#777),.PCURVE_S1.);
#766 = LINE('',#767,#768);
#767 = CARTESIAN_POINT('',(44.,-12.,25.));
#768 = VECTOR('',#769,1.);
#769 = DIRECTION('',(0.,1.,0.));
#770 = PCURVE('',#236,#771);
#771 = DEFINITIONAL_REPRESENTATION('',(#772),#776);
#772 = LINE('',#773,#774);
#773 = CARTESIAN_POINT('',(0.,0.));
#774 = VECTOR('',#775,1.);
#775 = DIRECTION('',(0.,-1.));
#776 = ( GEOMETRIC_REPRESENTATION_CONTEXT(2) 
PARAMETRIC_REPRESENTATION_CONTEXT() REPRESENTATION_CONTEXT('2D SPACE',''
  ) );
#777 = PCURVE('',#628,#778);
#778 = DEFINITIONAL_REPRESENTATION('',(#779),#783);
#779 = LINE('',#780,#781);
#780 = CARTESIAN_POINT('',(24.,0.));
#781 = VECTOR('',#782,1.);
#782 = DIRECTION('',(0.,1.));
#783 = ( GEOMETRIC_REPRESENTATION_CONTEXT(2) 
PARAMETRIC_REPRESENTATION_CONTEXT() REPRESENTATION_CONTEXT('2D SPACE',''
  ) );
#784 = ORIENTED_EDGE('',*,*,#714,.T.);
#785 = ORIENTED_EDGE('',*,*,#219,.F.);
#786 = ADVANCED_FACE('',(#787),#297,.T.);
#787 = FACE_BOUND('',#788,.T.);
#788 = EDGE_LOOP('',(#789,#812,#840,#861));
#789 = ORIENTED_EDGE('',*,*,#790,.F.);
#790 = EDGE_CURVE('',#791,#279,#793,.T.);
#791 = VERTEX_POINT('',#792);
#792 = CARTESIAN_POINT('',(-44.,-12.,25.));
#793 = SURFACE_CURVE('',#794,(#798,#805),.PCURVE_S1.);
#794 = LINE('',#795,#796);
#795 = CARTESIAN_POINT('',(-44.,-12.,25.));
#796 = VECTOR('',#797,1.);
#797 = DIRECTION('',(0.,0.,1.));
#798 = PCURVE('',#297,#799);
#799 = DEFINITIONAL_REPRESENTATION('',(#800),#804);
#800 = LINE('',#801,#802);
#801 = CARTESIAN_POINT('',(0.,0.));
#802 = VECTOR('',#803,1.);
#803 = DIRECTION('',(1.,0.));
#804 = ( GEOMETRIC_REPRESENTATION_CONTEXT(2) 
PARAMETRIC_REPRESENTATION_CONTEXT() REPRESENTATION_CONTEXT('2D SPACE',''
  ) );
#805 = PCURVE('',#328,#806);
#806 = DEFINITIONAL_REPRESENTATION('',(#807),#811);
#807 = LINE('',#808,#809);
#808 = CARTESIAN_POINT('',(0.,0.));
#809 = VECTOR('',#810,1.);
#810 = DIRECTION('',(1.,0.));
#811 = ( GEOMETRIC_REPRESENTATION_CONTEXT(2) 
PARAMETRIC_REPRESENTATION_CONTEXT() REPRESENTATION_CONTEXT('2D SPACE',''
  ) );
#812 = ORIENTED_EDGE('',*,*,#813,.T.);
#813 = EDGE_CURVE('',#791,#814,#816,.T.);
#814 = VERTEX_POINT('',#815);
#815 = CARTESIAN_POINT('',(-44.,12.,25.));
#816 = SURFACE_CURVE('',#817,(#821,#828),.PCURVE_S1.);
#817 = LINE('',#818,#819);
#818 = CARTESIAN_POINT('',(-44.,-12.,25.));
#819 = VECTOR('',#820,1.);
#820 = DIRECTION('',(0.,1.,0.));
#821 = PCURVE('',#297,#822);
#822 = DEFINITIONAL_REPRESENTATION('',(#823),#827);
#823 = LINE('',#824,#825);
#824 = CARTESIAN_POINT('',(0.,0.));
#825 = VECTOR('',#826,1.);
#826 = DIRECTION('',(0.,-1.));
#827 = ( GEOMETRIC_REPRESENTATION_CONTEXT(2) 
PARAMETRIC_REPRESENTATION_CONTEXT() REPRESENTATION_CONTEXT('2D SPACE',''
  ) );
#828 = PCURVE('',#829,#834);
#829 = PLANE('',#830);
#830 = AXIS2_PLACEMENT_3D('',#831,#832,#833);
#831 = CARTESIAN_POINT('',(-44.,-12.,25.));
#832 = DIRECTION('',(0.,0.,1.));
#833 = DIRECTION('',(1.,0.,0.));
#834 = DEFINITIONAL_REPRESENTATION('',(#835),#839);
#835 = LINE('',#836,#837);
#836 = CARTESIAN_POINT('',(0.,0.));
#837 = VECTOR('',#838,1.);
#838 = DIRECTION('',(0.,1.));
#839 = ( GEOMETRIC_REPRESENTATION_CONTEXT(2) 
PARAMETRIC_REPRESENTATION_CONTEXT() REPRESENTATION_CONTEXT('2D SPACE',''
  ) );
#840 = ORIENTED_EDGE('',*,*,#841,.T.);
#841 = EDGE_CURVE('',#814,#281,#842,.T.);
#842 = SURFACE_CURVE('',#843,(#847,#854),.PCURVE_S1.);
#843 = LINE('',#844,#845);
#844 = CARTESIAN_POINT('',(-44.,12.,25.));
#845 = VECTOR('',#846,1.);
#846 = DIRECTION('',(0.,0.,1.));
#847 = PCURVE('',#297,#848);
#848 = DEFINITIONAL_REPRESENTATION('',(#849),#853);
#849 = LINE('',#850,#851);
#850 = CARTESIAN_POINT('',(0.,-24.));
#851 = VECTOR('',#852,1.);
#852 = DIRECTION('',(1.,0.));
#853 = ( GEOMETRIC_REPRESENTATION_CONTEXT(2) 
PARAMETRIC_REPRESENTATION_CONTEXT() REPRESENTATION_CONTEXT('2D SPACE',''
  ) );
#854 = PCURVE('',#385,#855);
#855 = DEFINITIONAL_REPRESENTATION('',(#856),#860);
#856 = LINE('',#857,#858);
#857 = CARTESIAN_POINT('',(0.,0.));
#858 = VECTOR('',#859,1.);
#859 = DIRECTION('',(1.,0.));
#860 = ( GEOMETRIC_REPRESENTATION_CONTEXT(2) 
PARAMETRIC_REPRESENTATION_CONTEXT() REPRESENTATION_CONTEXT('2D SPACE',''
  ) );
#861 = ORIENTED_EDGE('',*,*,#278,.F.);
#862 = ADVANCED_FACE('',(#863),#328,.T.);
#863 = FACE_BOUND('',#864,.T.);
#864 = EDGE_LOOP('',(#865,#888,#909,#910));
#865 = ORIENTED_EDGE('',*,*,#866,.F.);
#866 = EDGE_CURVE('',#867,#314,#869,.T.);
#867 = VERTEX_POINT('',#868);
#868 = CARTESIAN_POINT('',(-20.,-12.,25.));
#869 = SURFACE_CURVE('',#870,(#874,#881),.PCURVE_S1.);
#870 = LINE('',#871,#872);
#871 = CARTESIAN_POINT('',(-20.,-12.,25.));
#872 = VECTOR('',#873,1.);
#873 = DIRECTION('',(0.,0.,1.));
#874 = PCURVE('',#328,#875);
#875 = DEFINITIONAL_REPRESENTATION('',(#876),#880);
#876 = LINE('',#877,#878);
#877 = CARTESIAN_POINT('',(0.,24.));
#878 = VECTOR('',#879,1.);
#879 = DIRECTION('',(1.,0.));
#880 = ( GEOMETRIC_REPRESENTATION_CONTEXT(2) 
PARAMETRIC_REPRESENTATION_CONTEXT() REPRESENTATION_CONTEXT('2D SPACE',''
  ) );
#881 = PCURVE('',#356,#882);
#882 = DEFINITIONAL_REPRESENTATION('',(#883),#887);
#883 = LINE('',#884,#885);
#884 = CARTESIAN_POINT('',(0.,0.));
#885 = VECTOR('',#886,1.);
#886 = DIRECTION('',(1.,0.));
#887 = ( GEOMETRIC_REPRESENTATION_CONTEXT(2) 
PARAMETRIC_REPRESENTATION_CONTEXT() REPRESENTATION_CONTEXT('2D SPACE',''
  ) );
#888 = ORIENTED_EDGE('',*,*,#889,.F.);
#889 = EDGE_CURVE('',#791,#867,#890,.T.);
#890 = SURFACE_CURVE('',#891,(#895,#902),.PCURVE_S1.);
#891 = LINE('',#892,#893);
#892 = CARTESIAN_POINT('',(-44.,-12.,25.));
#893 = VECTOR('',#894,1.);
#894 = DIRECTION('',(1.,0.,0.));
#895 = PCURVE('',#328,#896);
#896 = DEFINITIONAL_REPRESENTATION('',(#897),#901);
#897 = LINE('',#898,#899);
#898 = CARTESIAN_POINT('',(0.,0.));
#899 = VECTOR('',#900,1.);
#900 = DIRECTION('',(0.,1.));
#901 = ( GEOMETRIC_REPRESENTATION_CONTEXT(2) 
PARAMETRIC_REPRESENTATION_CONTEXT() REPRESENTATION_CONTEXT('2D SPACE',''
  ) );
#902 = PCURVE('',#829,#903);
#903 = DEFINITIONAL_REPRESENTATION('',(#904),#908);
#904 = LINE('',#905,#906);
#905 = CARTESIAN_POINT('',(0.,0.));
#906 = VECTOR('',#907,1.);
#907 = DIRECTION('',(1.,0.));
#908 = ( GEOMETRIC_REPRESENTATION_CONTEXT(2) 
PARAMETRIC_REPRESENTATION_CONTEXT() REPRESENTATION_CONTEXT('2D SPACE',''
  ) );
#909 = ORIENTED_EDGE('',*,*,#790,.T.);
#910 = ORIENTED_EDGE('',*,*,#313,.F.);
#911 = ADVANCED_FACE('',(#912),#385,.F.);
#912 = FACE_BOUND('',#913,.F.);
#913 = EDGE_LOOP('',(#914,#937,#958,#959));
#914 = ORIENTED_EDGE('',*,*,#915,.F.);
#915 = EDGE_CURVE('',#916,#340,#918,.T.);
#916 = VERTEX_POINT('',#917);
#917 = CARTESIAN_POINT('',(-20.,12.,25.));
#918 = SURFACE_CURVE('',#919,(#923,#930),.PCURVE_S1.);
#919 = LINE('',#920,#921);
#920 = CARTESIAN_POINT('',(-20.,12.,25.));
#921 = VECTOR('',#922,1.);
#922 = DIRECTION('',(0.,0.,1.));
#923 = PCURVE('',#385,#924);
#924 = DEFINITIONAL_REPRESENTATION('',(#925),#929);
#925 = LINE('',#926,#927);
#926 = CARTESIAN_POINT('',(0.,24.));
#927 = VECTOR('',#928,1.);
#928 = DIRECTION('',(1.,0.));
#929 = ( GEOMETRIC_REPRESENTATION_CONTEXT(2) 
PARAMETRIC_REPRESENTATION_CONTEXT() REPRESENTATION_CONTEXT('2D SPACE',''
  ) );
#930 = PCURVE('',#356,#931);
#931 = DEFINITIONAL_REPRESENTATION('',(#932),#936);
#932 = LINE('',#933,#934);
#933 = CARTESIAN_POINT('',(0.,-24.));
#934 = VECTOR('',#935,1.);
#935 = DIRECTION('',(1.,0.));
#936 = ( GEOMETRIC_REPRESENTATION_CONTEXT(2) 
PARAMETRIC_REPRESENTATION_CONTEXT() REPRESENTATION_CONTEXT('2D SPACE',''
  ) );
#937 = ORIENTED_EDGE('',*,*,#938,.F.);
#938 = EDGE_CURVE('',#814,#916,#939,.T.);
#939 = SURFACE_CURVE('',#940,(#944,#951),.PCURVE_S1.);
#940 = LINE('',#941,#942);
#941 = CARTESIAN_POINT('',(-44.,12.,25.));
#942 = VECTOR('',#943,1.);
#943 = DIRECTION('',(1.,0.,0.));
#944 = PCURVE('',#385,#945);
#945 = DEFINITIONAL_REPRESENTATION('',(#946),#950);
#946 = LINE('',#947,#948);
#947 = CARTESIAN_POINT('',(0.,0.));
#948 = VECTOR('',#949,1.);
#949 = DIRECTION('',(0.,1.));
#950 = ( GEOMETRIC_REPRESENTATION_CONTEXT(2) 
PARAMETRIC_REPRESENTATION_CONTEXT() REPRESENTATION_CONTEXT('2D SPACE',''
  ) );
#951 = PCURVE('',#829,#952);
#952 = DEFINITIONAL_REPRESENTATION('',(#953),#957);
#953 = LINE('',#954,#955);
#954 = CARTESIAN_POINT('',(0.,24.));
#955 = VECTOR('',#956,1.);
#956 = DIRECTION('',(1.,0.));
#957 = ( GEOMETRIC_REPRESENTATION_CONTEXT(2) 
PARAMETRIC_REPRESENTATION_CONTEXT() REPRESENTATION_CONTEXT('2D SPACE',''
  ) );
#958 = ORIENTED_EDGE('',*,*,#841,.T.);
#959 = ORIENTED_EDGE('',*,*,#372,.F.);
#960 = ADVANCED_FACE('',(#961),#356,.F.);
#961 = FACE_BOUND('',#962,.F.);
#962 = EDGE_LOOP('',(#963,#964,#985,#986));
#963 = ORIENTED_EDGE('',*,*,#866,.F.);
#964 = ORIENTED_EDGE('',*,*,#965,.T.);
#965 = EDGE_CURVE('',#867,#916,#966,.T.);
#966 = SURFACE_CURVE('',#967,(#971,#978),.PCURVE_S1.);
#967 = LINE('',#968,#969);
#968 = CARTESIAN_POINT('',(-20.,-12.,25.));
#969 = VECTOR('',#970,1.);
#970 = DIRECTION('',(0.,1.,0.));
#971 = PCURVE('',#356,#972);
#972 = DEFINITIONAL_REPRESENTATION('',(#973),#977);
#973 = LINE('',#974,#975);
#974 = CARTESIAN_POINT('',(0.,0.));
#975 = VECTOR('',#976,1.);
#976 = DIRECTION('',(0.,-1.));
#977 = ( GEOMETRIC_REPRESENTATION_CONTEXT(2) 
PARAMETRIC_REPRESENTATION_CONTEXT() REPRESENTATION_CONTEXT('2D SPACE',''
  ) );
#978 = PCURVE('',#829,#979);
#979 = DEFINITIONAL_REPRESENTATION('',(#980),#984);
#980 = LINE('',#981,#982);
#981 = CARTESIAN_POINT('',(24.,0.));
#982 = VECTOR('',#983,1.);
#983 = DIRECTION('',(0.,1.));
#984 = ( GEOMETRIC_REPRESENTATION_CONTEXT(2) 
PARAMETRIC_REPRESENTATION_CONTEXT() REPRESENTATION_CONTEXT('2D SPACE',''
  ) );
#985 = ORIENTED_EDGE('',*,*,#915,.T.);
#986 = ORIENTED_EDGE('',*,*,#339,.F.);
#987 = ADVANCED_FACE('',(#988),#417,.T.);
#988 = FACE_BOUND('',#989,.T.);
#989 = EDGE_LOOP('',(#990,#1013,#1014,#1037));
#990 = ORIENTED_EDGE('',*,*,#991,.F.);
#991 = EDGE_CURVE('',#401,#992,#994,.T.);
#992 = VERTEX_POINT('',#993);
#993 = CARTESIAN_POINT('',(-45.,-16.,-25.));
#994 = SURFACE_CURVE('',#995,(#999,#1006),.PCURVE_S1.);
#995 = LINE('',#996,#997);
#996 = CARTESIAN_POINT('',(-45.,-16.,-31.));
#997 = VECTOR('',#998,1.);
#998 = DIRECTION('',(0.,0.,1.));
#999 = PCURVE('',#417,#1000);
#1000 = DEFINITIONAL_REPRESENTATION('',(#1001),#1005);
#1001 = LINE('',#1002,#1003);
#1002 = CARTESIAN_POINT('',(0.,0.));
#1003 = VECTOR('',#1004,1.);
#1004 = DIRECTION('',(1.,0.));
#1005 = ( GEOMETRIC_REPRESENTATION_CONTEXT(2) 
PARAMETRIC_REPRESENTATION_CONTEXT() REPRESENTATION_CONTEXT('2D SPACE',''
  ) );
#1006 = PCURVE('',#505,#1007);
#1007 = DEFINITIONAL_REPRESENTATION('',(#1008),#1012);
#1008 = LINE('',#1009,#1010);
#1009 = CARTESIAN_POINT('',(0.,0.));
#1010 = VECTOR('',#1011,1.);
#1011 = DIRECTION('',(1.,0.));
#1012 = ( GEOMETRIC_REPRESENTATION_CONTEXT(2) 
PARAMETRIC_REPRESENTATION_CONTEXT() REPRESENTATION_CONTEXT('2D SPACE',''
  ) );
#1013 = ORIENTED_EDGE('',*,*,#398,.F.);
#1014 = ORIENTED_EDGE('',*,*,#1015,.T.);
#1015 = EDGE_CURVE('',#399,#1016,#1018,.T.);
#1016 = VERTEX_POINT('',#1017);
#1017 = CARTESIAN_POINT('',(-45.,16.,-25.));
#1018 = SURFACE_CURVE('',#1019,(#1023,#1030),.PCURVE_S1.);
#1019 = LINE('',#1020,#1021);
#1020 = CARTESIAN_POINT('',(-45.,16.,-31.));
#1021 = VECTOR('',#1022,1.);
#1022 = DIRECTION('',(0.,0.,1.));
#1023 = PCURVE('',#417,#1024);
#1024 = DEFINITIONAL_REPRESENTATION('',(#1025),#1029);
#1025 = LINE('',#1026,#1027);
#1026 = CARTESIAN_POINT('',(0.,-32.));
#1027 = VECTOR('',#1028,1.);
#1028 = DIRECTION('',(1.,0.));
#1029 = ( GEOMETRIC_REPRESENTATION_CONTEXT(2) 
PARAMETRIC_REPRESENTATION_CONTEXT() REPRESENTATION_CONTEXT('2D SPACE',''
  ) );
#1030 = PCURVE('',#448,#1031);
#1031 = DEFINITIONAL_REPRESENTATION('',(#1032),#1036);
#1032 = LINE('',#1033,#1034);
#1033 = CARTESIAN_POINT('',(0.,0.));
#1034 = VECTOR('',#1035,1.);
#1035 = DIRECTION('',(1.,0.));
#1036 = ( GEOMETRIC_REPRESENTATION_CONTEXT(2) 
PARAMETRIC_REPRESENTATION_CONTEXT() REPRESENTATION_CONTEXT('2D SPACE',''
  ) );
#1037 = ORIENTED_EDGE('',*,*,#1038,.F.);
#1038 = EDGE_CURVE('',#992,#1016,#1039,.T.);
#1039 = SURFACE_CURVE('',#1040,(#1044,#1051),.PCURVE_S1.);
#1040 = LINE('',#1041,#1042);
#1041 = CARTESIAN_POINT('',(-45.,-16.,-25.));
#1042 = VECTOR('',#1043,1.);
#1043 = DIRECTION('',(0.,1.,0.));
#1044 = PCURVE('',#417,#1045);
#1045 = DEFINITIONAL_REPRESENTATION('',(#1046),#1050);
#1046 = LINE('',#1047,#1048);
#1047 = CARTESIAN_POINT('',(6.,0.));
#1048 = VECTOR('',#1049,1.);
#1049 = DIRECTION('',(0.,-1.));
#1050 = ( GEOMETRIC_REPRESENTATION_CONTEXT(2) 
PARAMETRIC_REPRESENTATION_CONTEXT() REPRESENTATION_CONTEXT('2D SPACE',''
  ) );
#1051 = PCURVE('',#1052,#1057);
#1052 = PLANE('',#1053);
#1053 = AXIS2_PLACEMENT_3D('',#1054,#1055,#1056);
#1054 = CARTESIAN_POINT('',(-45.,-16.,-25.));
#1055 = DIRECTION('',(0.,0.,1.));
#1056 = DIRECTION('',(1.,0.,0.));
#1057 = DEFINITIONAL_REPRESENTATION('',(#1058),#1062);
#1058 = LINE('',#1059,#1060);
#1059 = CARTESIAN_POINT('',(0.,0.));
#1060 = VECTOR('',#1061,1.);
#1061 = DIRECTION('',(0.,1.));
#1062 = ( GEOMETRIC_REPRESENTATION_CONTEXT(2) 
PARAMETRIC_REPRESENTATION_CONTEXT() REPRESENTATION_CONTEXT('2D SPACE',''
  ) );
#1063 = ADVANCED_FACE('',(#1064),#505,.T.);
#1064 = FACE_BOUND('',#1065,.T.);
#1065 = EDGE_LOOP('',(#1066,#1089,#1090,#1091));
#1066 = ORIENTED_EDGE('',*,*,#1067,.F.);
#1067 = EDGE_CURVE('',#460,#1068,#1070,.T.);
#1068 = VERTEX_POINT('',#1069);
#1069 = CARTESIAN_POINT('',(45.,-16.,-25.));
#1070 = SURFACE_CURVE('',#1071,(#1075,#1082),.PCURVE_S1.);
#1071 = LINE('',#1072,#1073);
#1072 = CARTESIAN_POINT('',(45.,-16.,-31.));
#1073 = VECTOR('',#1074,1.);
#1074 = DIRECTION('',(0.,0.,1.));
#1075 = PCURVE('',#505,#1076);
#1076 = DEFINITIONAL_REPRESENTATION('',(#1077),#1081);
#1077 = LINE('',#1078,#1079);
#1078 = CARTESIAN_POINT('',(0.,90.));
#1079 = VECTOR('',#1080,1.);
#1080 = DIRECTION('',(1.,0.));
#1081 = ( GEOMETRIC_REPRESENTATION_CONTEXT(2) 
PARAMETRIC_REPRESENTATION_CONTEXT() REPRESENTATION_CONTEXT('2D SPACE',''
  ) );
#1082 = PCURVE('',#476,#1083);
#1083 = DEFINITIONAL_REPRESENTATION('',(#1084),#1088);
#1084 = LINE('',#1085,#1086);
#1085 = CARTESIAN_POINT('',(0.,0.));
#1086 = VECTOR('',#1087,1.);
#1087 = DIRECTION('',(1.,0.));
#1088 = ( GEOMETRIC_REPRESENTATION_CONTEXT(2) 
PARAMETRIC_REPRESENTATION_CONTEXT() REPRESENTATION_CONTEXT('2D SPACE',''
  ) );
#1089 = ORIENTED_EDGE('',*,*,#492,.T.);
#1090 = ORIENTED_EDGE('',*,*,#991,.T.);
#1091 = ORIENTED_EDGE('',*,*,#1092,.T.);
#1092 = EDGE_CURVE('',#992,#1068,#1093,.T.);
#1093 = SURFACE_CURVE('',#1094,(#1098,#1105),.PCURVE_S1.);
#1094 = LINE('',#1095,#1096);
#1095 = CARTESIAN_POINT('',(-45.,-16.,-25.));
#1096 = VECTOR('',#1097,1.);
#1097 = DIRECTION('',(1.,0.,0.));
#1098 = PCURVE('',#505,#1099);
#1099 = DEFINITIONAL_REPRESENTATION('',(#1100),#1104);
#1100 = LINE('',#1101,#1102);
#1101 = CARTESIAN_POINT('',(6.,0.));
#1102 = VECTOR('',#1103,1.);
#1103 = DIRECTION('',(0.,1.));
#1104 = ( GEOMETRIC_REPRESENTATION_CONTEXT(2) 
PARAMETRIC_REPRESENTATION_CONTEXT() REPRESENTATION_CONTEXT('2D SPACE',''
  ) );
#1105 = PCURVE('',#1052,#1106);
#1106 = DEFINITIONAL_REPRESENTATION('',(#1107),#1111);
#1107 = LINE('',#1108,#1109);
#1108 = CARTESIAN_POINT('',(0.,0.));
#1109 = VECTOR('',#1110,1.);
#1110 = DIRECTION('',(1.,0.));
#1111 = ( GEOMETRIC_REPRESENTATION_CONTEXT(2) 
PARAMETRIC_REPRESENTATION_CONTEXT() REPRESENTATION_CONTEXT('2D SPACE',''
  ) );
#1112 = ADVANCED_FACE('',(#1113),#476,.F.);
#1113 = FACE_BOUND('',#1114,.F.);
#1114 = EDGE_LOOP('',(#1115,#1116,#1117,#1140));
#1115 = ORIENTED_EDGE('',*,*,#1067,.F.);
#1116 = ORIENTED_EDGE('',*,*,#459,.F.);
#1117 = ORIENTED_EDGE('',*,*,#1118,.T.);
#1118 = EDGE_CURVE('',#434,#1119,#1121,.T.);
#1119 = VERTEX_POINT('',#1120);
#1120 = CARTESIAN_POINT('',(45.,16.,-25.));
#1121 = SURFACE_CURVE('',#1122,(#1126,#1133),.PCURVE_S1.);
#1122 = LINE('',#1123,#1124);
#1123 = CARTESIAN_POINT('',(45.,16.,-31.));
#1124 = VECTOR('',#1125,1.);
#1125 = DIRECTION('',(0.,0.,1.));
#1126 = PCURVE('',#476,#1127);
#1127 = DEFINITIONAL_REPRESENTATION('',(#1128),#1132);
#1128 = LINE('',#1129,#1130);
#1129 = CARTESIAN_POINT('',(0.,-32.));
#1130 = VECTOR('',#1131,1.);
#1131 = DIRECTION('',(1.,0.));
#1132 = ( GEOMETRIC_REPRESENTATION_CONTEXT(2) 
PARAMETRIC_REPRESENTATION_CONTEXT() REPRESENTATION_CONTEXT('2D SPACE',''
  ) );
#1133 = PCURVE('',#448,#1134);
#1134 = DEFINITIONAL_REPRESENTATION('',(#1135),#1139);
#1135 = LINE('',#1136,#1137);
#1136 = CARTESIAN_POINT('',(0.,90.));
#1137 = VECTOR('',#1138,1.);
#1138 = DIRECTION('',(1.,0.));
#1139 = ( GEOMETRIC_REPRESENTATION_CONTEXT(2) 
PARAMETRIC_REPRESENTATION_CONTEXT() REPRESENTATION_CONTEXT('2D SPACE',''
  ) );
#1140 = ORIENTED_EDGE('',*,*,#1141,.F.);
#1141 = EDGE_CURVE('',#1068,#1119,#1142,.T.);
#1142 = SURFACE_CURVE('',#1143,(#1147,#1154),.PCURVE_S1.);
#1143 = LINE('',#1144,#1145);
#1144 = CARTESIAN_POINT('',(45.,-16.,-25.));
#1145 = VECTOR('',#1146,1.);
#1146 = DIRECTION('',(0.,1.,0.));
#1147 = PCURVE('',#476,#1148);
#1148 = DEFINITIONAL_REPRESENTATION('',(#1149),#1153);
#1149 = LINE('',#1150,#1151);
#1150 = CARTESIAN_POINT('',(6.,0.));
#1151 = VECTOR('',#1152,1.);
#1152 = DIRECTION('',(0.,-1.));
#1153 = ( GEOMETRIC_REPRESENTATION_CONTEXT(2) 
PARAMETRIC_REPRESENTATION_CONTEXT() REPRESENTATION_CONTEXT('2D SPACE',''
  ) );
#1154 = PCURVE('',#1052,#1155);
#1155 = DEFINITIONAL_REPRESENTATION('',(#1156),#1160);
#1156 = LINE('',#1157,#1158);
#1157 = CARTESIAN_POINT('',(90.,0.));
#1158 = VECTOR('',#1159,1.);
#1159 = DIRECTION('',(0.,1.));
#1160 = ( GEOMETRIC_REPRESENTATION_CONTEXT(2) 
PARAMETRIC_REPRESENTATION_CONTEXT() REPRESENTATION_CONTEXT('2D SPACE',''
  ) );
#1161 = ADVANCED_FACE('',(#1162),#448,.F.);
#1162 = FACE_BOUND('',#1163,.F.);
#1163 = EDGE_LOOP('',(#1164,#1165,#1166,#1167));
#1164 = ORIENTED_EDGE('',*,*,#1118,.F.);
#1165 = ORIENTED_EDGE('',*,*,#433,.T.);
#1166 = ORIENTED_EDGE('',*,*,#1015,.T.);
#1167 = ORIENTED_EDGE('',*,*,#1168,.T.);
#1168 = EDGE_CURVE('',#1016,#1119,#1169,.T.);
#1169 = SURFACE_CURVE('',#1170,(#1174,#1181),.PCURVE_S1.);
#1170 = LINE('',#1171,#1172);
#1171 = CARTESIAN_POINT('',(-45.,16.,-25.));
#1172 = VECTOR('',#1173,1.);
#1173 = DIRECTION('',(1.,0.,0.));
#1174 = PCURVE('',#448,#1175);
#1175 = DEFINITIONAL_REPRESENTATION('',(#1176),#1180);
#1176 = LINE('',#1177,#1178);
#1177 = CARTESIAN_POINT('',(6.,0.));
#1178 = VECTOR('',#1179,1.);
#1179 = DIRECTION('',(0.,1.));
#1180 = ( GEOMETRIC_REPRESENTATION_CONTEXT(2) 
PARAMETRIC_REPRESENTATION_CONTEXT() REPRESENTATION_CONTEXT('2D SPACE',''
  ) );
#1181 = PCURVE('',#1052,#1182);
#1182 = DEFINITIONAL_REPRESENTATION('',(#1183),#1187);
#1183 = LINE('',#1184,#1185);
#1184 = CARTESIAN_POINT('',(0.,32.));
#1185 = VECTOR('',#1186,1.);
#1186 = DIRECTION('',(1.,0.));
#1187 = ( GEOMETRIC_REPRESENTATION_CONTEXT(2) 
PARAMETRIC_REPRESENTATION_CONTEXT() REPRESENTATION_CONTEXT('2D SPACE',''
  ) );
#1188 = ADVANCED_FACE('',(#1189),#539,.F.);
#1189 = FACE_BOUND('',#1190,.T.);
#1190 = EDGE_LOOP('',(#1191,#1192,#1215,#1244,#1329,#1353,#1453,#1477,
    #1565,#1587));
#1191 = ORIENTED_EDGE('',*,*,#522,.F.);
#1192 = ORIENTED_EDGE('',*,*,#1193,.T.);
#1193 = EDGE_CURVE('',#523,#1194,#1196,.T.);
#1194 = VERTEX_POINT('',#1195);
#1195 = CARTESIAN_POINT('',(-36.,24.,0.));
#1196 = SEAM_CURVE('',#1197,(#1201,#1208),.PCURVE_S1.);
#1197 = LINE('',#1198,#1199);
#1198 = CARTESIAN_POINT('',(-50.,24.,0.));
#1199 = VECTOR('',#1200,1.);
#1200 = DIRECTION('',(1.,0.,0.));
#1201 = PCURVE('',#539,#1202);
#1202 = DEFINITIONAL_REPRESENTATION('',(#1203),#1207);
#1203 = LINE('',#1204,#1205);
#1204 = CARTESIAN_POINT('',(-6.28318530718,0.));
#1205 = VECTOR('',#1206,1.);
#1206 = DIRECTION('',(-0.,-1.));
#1207 = ( GEOMETRIC_REPRESENTATION_CONTEXT(2) 
PARAMETRIC_REPRESENTATION_CONTEXT() REPRESENTATION_CONTEXT('2D SPACE',''
  ) );
#1208 = PCURVE('',#539,#1209);
#1209 = DEFINITIONAL_REPRESENTATION('',(#1210),#1214);
#1210 = LINE('',#1211,#1212);
#1211 = CARTESIAN_POINT('',(-0.,0.));
#1212 = VECTOR('',#1213,1.);
#1213 = DIRECTION('',(-0.,-1.));
#1214 = ( GEOMETRIC_REPRESENTATION_CONTEXT(2) 
PARAMETRIC_REPRESENTATION_CONTEXT() REPRESENTATION_CONTEXT('2D SPACE',''
  ) );
#1215 = ORIENTED_EDGE('',*,*,#1216,.T.);
#1216 = EDGE_CURVE('',#1194,#1217,#1219,.T.);
#1217 = VERTEX_POINT('',#1218);
#1218 = CARTESIAN_POINT('',(-36.,4.130677910465,23.641859063957));
#1219 = SURFACE_CURVE('',#1220,(#1225,#1232),.PCURVE_S1.);
#1220 = CIRCLE('',#1221,24.);
#1221 = AXIS2_PLACEMENT_3D('',#1222,#1223,#1224);
#1222 = CARTESIAN_POINT('',(-36.,0.,0.));
#1223 = DIRECTION('',(1.,0.,0.));
#1224 = DIRECTION('',(0.,1.,0.));
#1225 = PCURVE('',#539,#1226);
#1226 = DEFINITIONAL_REPRESENTATION('',(#1227),#1231);
#1227 = LINE('',#1228,#1229);
#1228 = CARTESIAN_POINT('',(-0.,-14.));
#1229 = VECTOR('',#1230,1.);
#1230 = DIRECTION('',(-1.,0.));
#1231 = ( GEOMETRIC_REPRESENTATION_CONTEXT(2) 
PARAMETRIC_REPRESENTATION_CONTEXT() REPRESENTATION_CONTEXT('2D SPACE',''
  ) );
#1232 = PCURVE('',#1233,#1238);
#1233 = PLANE('',#1234);
#1234 = AXIS2_PLACEMENT_3D('',#1235,#1236,#1237);
#1235 = CARTESIAN_POINT('',(-36.,-1.367440132539E-15,-6.80906842916E-17)
  );
#1236 = DIRECTION('',(1.,0.,0.));
#1237 = DIRECTION('',(-0.,0.,1.));
#1238 = DEFINITIONAL_REPRESENTATION('',(#1239),#1243);
#1239 = CIRCLE('',#1240,24.);
#1240 = AXIS2_PLACEMENT_2D('',#1241,#1242);
#1241 = CARTESIAN_POINT('',(6.80906842916E-17,-1.367440132539E-15));
#1242 = DIRECTION('',(0.,-1.));
#1243 = ( GEOMETRIC_REPRESENTATION_CONTEXT(2) 
PARAMETRIC_REPRESENTATION_CONTEXT() REPRESENTATION_CONTEXT('2D SPACE',''
  ) );
#1244 = ORIENTED_EDGE('',*,*,#1245,.T.);
#1245 = EDGE_CURVE('',#1217,#1246,#1248,.T.);
#1246 = VERTEX_POINT('',#1247);
#1247 = CARTESIAN_POINT('',(-36.,-4.130677910465,23.641859063957));
#1248 = SURFACE_CURVE('',#1249,(#1272,#1298),.PCURVE_S1.);
#1249 = B_SPLINE_CURVE_WITH_KNOTS('',6,(#1250,#1251,#1252,#1253,#1254,
    #1255,#1256,#1257,#1258,#1259,#1260,#1261,#1262,#1263,#1264,#1265,
    #1266,#1267,#1268,#1269,#1270,#1271),.UNSPECIFIED.,.F.,.F.,(7,5,5,5,
    7),(0.,0.241938331209,0.389362642788,0.608653049365,1.),
  .UNSPECIFIED.);
#1250 = CARTESIAN_POINT('',(-35.9999994,4.130678491483,23.641858962442)
  );
#1251 = CARTESIAN_POINT('',(-36.23583600416,3.902302868184,
    23.681760489502));
#1252 = CARTESIAN_POINT('',(-36.46142285748,3.652543054618,
    23.722670198321));
#1253 = CARTESIAN_POINT('',(-36.67443534098,3.380964874184,
    23.763726403513));
#1254 = CARTESIAN_POINT('',(-36.87222121038,3.087293295056,
    23.803873820372));
#1255 = CARTESIAN_POINT('',(-37.05172989627,2.771516559804,
    23.841849576673));
#1256 = CARTESIAN_POINT('',(-37.30551478447,2.228349607382,
    23.897221455399));
#1257 = CARTESIAN_POINT('',(-37.39351802889,2.014593993888,
    23.916864441474));
#1258 = CARTESIAN_POINT('',(-37.47236628547,1.793389090577,
    23.934810361786));
#1259 = CARTESIAN_POINT('',(-37.5411189573,1.565470588436,
    23.950701743551));
#1260 = CARTESIAN_POINT('',(-37.59895864547,1.331661058179,
    23.96421956405));
#1261 = CARTESIAN_POINT('',(-37.71395125539,0.737669226582,
    23.991295767722));
#1262 = CARTESIAN_POINT('',(-37.75698909306,0.371632206591,
    24.00165299746));
#1263 = CARTESIAN_POINT('',(-37.77162688588,2.57571741713E-13,
    24.005232585359));
#1264 = CARTESIAN_POINT('',(-37.75698909306,-0.371632206592,
    24.00165299746));
#1265 = CARTESIAN_POINT('',(-37.71395125539,-0.737669226582,
    23.991295767722));
#1266 = CARTESIAN_POINT('',(-37.52247057588,-1.726758522139,
    23.946209654089));
#1267 = CARTESIAN_POINT('',(-37.31943104983,-2.317817091919,
    23.899112944685));
#1268 = CARTESIAN_POINT('',(-37.0515371301,-2.857310979494,
    23.839214995602));
#1269 = CARTESIAN_POINT('',(-36.73309522799,-3.340318707213,
    23.77293982826));
#1270 = CARTESIAN_POINT('',(-36.37805534465,-3.76458281134,
    23.705822779932));
#1271 = CARTESIAN_POINT('',(-35.9999994,-4.130678491483,23.641858962442)
  );
#1272 = PCURVE('',#539,#1273);
#1273 = DEFINITIONAL_REPRESENTATION('',(#1274),#1297);
#1274 = B_SPLINE_CURVE_WITH_KNOTS('',6,(#1275,#1276,#1277,#1278,#1279,
    #1280,#1281,#1282,#1283,#1284,#1285,#1286,#1287,#1288,#1289,#1290,
    #1291,#1292,#1293,#1294,#1295,#1296),.UNSPECIFIED.,.F.,.F.,(7,5,5,5,
    7),(0.,0.241938331209,0.389362642788,0.608653049365,1.),
  .UNSPECIFIED.);
#1275 = CARTESIAN_POINT('',(-1.39782346564,-14.0000006));
#1276 = CARTESIAN_POINT('',(-1.40748326539,-13.76416399584));
#1277 = CARTESIAN_POINT('',(-1.418028005692,-13.53857714251));
#1278 = CARTESIAN_POINT('',(-1.429470958825,-13.32556465901));
#1279 = CARTESIAN_POINT('',(-1.44181892625,-13.12777878961));
#1280 = CARTESIAN_POINT('',(-1.455068924103,-12.94827010373));
#1281 = CARTESIAN_POINT('',(-1.477818175585,-12.69448521552));
#1282 = CARTESIAN_POINT('',(-1.486761746334,-12.6064819711));
#1283 = CARTESIAN_POINT('',(-1.496008071044,-12.52763371452));
#1284 = CARTESIAN_POINT('',(-1.505526763194,-12.45888104269));
#1285 = CARTESIAN_POINT('',(-1.515284366157,-12.40104135452));
#1286 = CARTESIAN_POINT('',(-1.540059725528,-12.2860487446));
#1287 = CARTESIAN_POINT('',(-1.555315106325,-12.24301090693));
#1288 = CARTESIAN_POINT('',(-1.570796326795,-12.22837311411));
#1289 = CARTESIAN_POINT('',(-1.586277547265,-12.24301090693));
#1290 = CARTESIAN_POINT('',(-1.601532928062,-12.2860487446));
#1291 = CARTESIAN_POINT('',(-1.642787776098,-12.47752942411));
#1292 = CARTESIAN_POINT('',(-1.667478974445,-12.68056895016));
#1293 = CARTESIAN_POINT('',(-1.690081756594,-12.94846286989));
#1294 = CARTESIAN_POINT('',(-1.710388987909,-13.266904772));
#1295 = CARTESIAN_POINT('',(-1.728284124753,-13.62194465534));
#1296 = CARTESIAN_POINT('',(-1.74376918795,-14.0000006));
#1297 = ( GEOMETRIC_REPRESENTATION_CONTEXT(2) 
PARAMETRIC_REPRESENTATION_CONTEXT() REPRESENTATION_CONTEXT('2D SPACE',''
  ) );
#1298 = PCURVE('',#1299,#1304);
#1299 = CYLINDRICAL_SURFACE('',#1300,5.75);
#1300 = AXIS2_PLACEMENT_3D('',#1301,#1302,#1303);
#1301 = CARTESIAN_POINT('',(-32.,0.,26.));
#1302 = DIRECTION('',(0.,0.,1.));
#1303 = DIRECTION('',(1.,0.,0.));
#1304 = DEFINITIONAL_REPRESENTATION('',(#1305),#1328);
#1305 = B_SPLINE_CURVE_WITH_KNOTS('',6,(#1306,#1307,#1308,#1309,#1310,
    #1311,#1312,#1313,#1314,#1315,#1316,#1317,#1318,#1319,#1320,#1321,
    #1322,#1323,#1324,#1325,#1326,#1327),.UNSPECIFIED.,.F.,.F.,(7,5,5,5,
    7),(0.,0.241938331209,0.389362642788,0.608653049365,1.),
  .UNSPECIFIED.);
#1306 = CARTESIAN_POINT('',(2.340123525063,-2.358141037558));
#1307 = CARTESIAN_POINT('',(2.397217439452,-2.318239510498));
#1308 = CARTESIAN_POINT('',(2.455617954856,-2.277329801679));
#1309 = CARTESIAN_POINT('',(2.515421936301,-2.236273596487));
#1310 = CARTESIAN_POINT('',(2.576743702116,-2.196126179628));
#1311 = CARTESIAN_POINT('',(2.639713585777,-2.158150423327));
#1312 = CARTESIAN_POINT('',(2.743979801354,-2.102778544601));
#1313 = CARTESIAN_POINT('',(2.784138412241,-2.083135558526));
#1314 = CARTESIAN_POINT('',(2.824907567931,-2.065189638214));
#1315 = CARTESIAN_POINT('',(2.866231825402,-2.049298256449));
#1316 = CARTESIAN_POINT('',(2.90806502906,-2.03578043595));
#1317 = CARTESIAN_POINT('',(3.013285955532,-2.008704232278));
#1318 = CARTESIAN_POINT('',(3.077206757137,-1.99834700254));
#1319 = CARTESIAN_POINT('',(3.14159265359,-1.994767414641));
#1320 = CARTESIAN_POINT('',(3.205978550042,-1.99834700254));
#1321 = CARTESIAN_POINT('',(3.269899351648,-2.008704232278));
#1322 = CARTESIAN_POINT('',(3.445108650001,-2.053790345911));
#1323 = CARTESIAN_POINT('',(3.552739894368,-2.100887055315));
#1324 = CARTESIAN_POINT('',(3.656254094535,-2.160785004398));
#1325 = CARTESIAN_POINT('',(3.755851377432,-2.22706017174));
#1326 = CARTESIAN_POINT('',(3.851537848352,-2.294177220068));
#1327 = CARTESIAN_POINT('',(3.943061782116,-2.358141037558));
#1328 = ( GEOMETRIC_REPRESENTATION_CONTEXT(2) 
PARAMETRIC_REPRESENTATION_CONTEXT() REPRESENTATION_CONTEXT('2D SPACE',''
  ) );
#1329 = ORIENTED_EDGE('',*,*,#1330,.T.);
#1330 = EDGE_CURVE('',#1246,#1331,#1333,.T.);
#1331 = VERTEX_POINT('',#1332);
#1332 = CARTESIAN_POINT('',(-36.,-13.24961536185,-20.01118918912));
#1333 = SURFACE_CURVE('',#1334,(#1339,#1346),.PCURVE_S1.);
#1334 = CIRCLE('',#1335,24.);
#1335 = AXIS2_PLACEMENT_3D('',#1336,#1337,#1338);
#1336 = CARTESIAN_POINT('',(-36.,0.,0.));
#1337 = DIRECTION('',(1.,0.,0.));
#1338 = DIRECTION('',(0.,1.,0.));
#1339 = PCURVE('',#539,#1340);
#1340 = DEFINITIONAL_REPRESENTATION('',(#1341),#1345);
#1341 = LINE('',#1342,#1343);
#1342 = CARTESIAN_POINT('',(-0.,-14.));
#1343 = VECTOR('',#1344,1.);
#1344 = DIRECTION('',(-1.,0.));
#1345 = ( GEOMETRIC_REPRESENTATION_CONTEXT(2) 
PARAMETRIC_REPRESENTATION_CONTEXT() REPRESENTATION_CONTEXT('2D SPACE',''
  ) );
#1346 = PCURVE('',#1233,#1347);
#1347 = DEFINITIONAL_REPRESENTATION('',(#1348),#1352);
#1348 = CIRCLE('',#1349,24.);
#1349 = AXIS2_PLACEMENT_2D('',#1350,#1351);
#1350 = CARTESIAN_POINT('',(6.80906842916E-17,-1.367440132539E-15));
#1351 = DIRECTION('',(0.,-1.));
#1352 = ( GEOMETRIC_REPRESENTATION_CONTEXT(2) 
PARAMETRIC_REPRESENTATION_CONTEXT() REPRESENTATION_CONTEXT('2D SPACE',''
  ) );
#1353 = ORIENTED_EDGE('',*,*,#1354,.F.);
#1354 = EDGE_CURVE('',#1355,#1331,#1357,.T.);
#1355 = VERTEX_POINT('',#1356);
#1356 = CARTESIAN_POINT('',(-36.,-6.750384638146,-23.03111606581));
#1357 = SURFACE_CURVE('',#1358,(#1386,#1417),.PCURVE_S1.);
#1358 = B_SPLINE_CURVE_WITH_KNOTS('',6,(#1359,#1360,#1361,#1362,#1363,
    #1364,#1365,#1366,#1367,#1368,#1369,#1370,#1371,#1372,#1373,#1374,
    #1375,#1376,#1377,#1378,#1379,#1380,#1381,#1382,#1383,#1384,#1385),
  .UNSPECIFIED.,.F.,.F.,(7,5,5,5,5,7),(0.,0.216219663878,0.411815894272,
    0.599043907012,0.736395164546,1.),.UNSPECIFIED.);
#1359 = CARTESIAN_POINT('',(-35.9999994,-6.750384453508,-23.03111611993)
  );
#1360 = CARTESIAN_POINT('',(-36.27632048723,-6.835416334201,
    -23.00619340743));
#1361 = CARTESIAN_POINT('',(-36.54773416609,-6.949804158346,
    -22.97225752243));
#1362 = CARTESIAN_POINT('',(-36.81099688118,-7.094123872049,
    -22.92860733543));
#1363 = CARTESIAN_POINT('',(-37.06248439957,-7.268812535559,
    -22.87425542177));
#1364 = CARTESIAN_POINT('',(-37.29801548247,-7.474013551091,
    -22.8079135727));
#1365 = CARTESIAN_POINT('',(-37.7067747926,-7.922401154646,
    -22.65581896706));
#1366 = CARTESIAN_POINT('',(-37.88451884319,-8.160884091705,
    -22.57225396884));
#1367 = CARTESIAN_POINT('',(-38.03949360347,-8.422319300654,
    -22.47699897031));
#1368 = CARTESIAN_POINT('',(-38.16680011958,-8.7025345219,
    -22.37014229762));
#1369 = CARTESIAN_POINT('',(-38.26311246206,-8.996374777167,
    -22.25247051661));
#1370 = CARTESIAN_POINT('',(-38.38773640586,-9.587156540373,
    -22.00419632573));
#1371 = CARTESIAN_POINT('',(-38.41827785482,-9.881038603485,
    -21.87536599629));
#1372 = CARTESIAN_POINT('',(-38.41791177666,-10.17480864448,
    -21.7407812689));
#1373 = CARTESIAN_POINT('',(-38.38758048486,-10.46327024969,
    -21.60272770886));
#1374 = CARTESIAN_POINT('',(-38.32963129776,-10.74162213684,
    -21.46406038668));
#1375 = CARTESIAN_POINT('',(-38.18784309454,-11.19949939654,
    -21.22778256557));
#1376 = CARTESIAN_POINT('',(-38.11483365336,-11.38618008197,
    -21.12877509653));
#1377 = CARTESIAN_POINT('',(-38.02986614734,-11.56503111469,
    -21.03144345194));
#1378 = CARTESIAN_POINT('',(-37.93395934162,-11.73543317238,
    -20.9364793489));
#1379 = CARTESIAN_POINT('',(-37.82810252933,-11.89687978763,
    -20.84454778928));
#1380 = CARTESIAN_POINT('',(-37.49284979876,-12.34082614971,
    -20.58683810649));
#1381 = CARTESIAN_POINT('',(-37.23884805759,-12.59883564929,
    -20.43047954864));
#1382 = CARTESIAN_POINT('',(-36.95737666217,-12.82032385735,
    -20.29136020416));
#1383 = CARTESIAN_POINT('',(-36.65384645084,-13.00353639354,
    -20.17321408177));
#1384 = CARTESIAN_POINT('',(-36.33317123431,-13.14708906923,
    -20.07907290937));
#1385 = CARTESIAN_POINT('',(-35.9999994,-13.24961554649,-20.01118906687)
  );
#1386 = PCURVE('',#539,#1387);
#1387 = DEFINITIONAL_REPRESENTATION('',(#1388),#1416);
#1388 = B_SPLINE_CURVE_WITH_KNOTS('',6,(#1389,#1390,#1391,#1392,#1393,
    #1394,#1395,#1396,#1397,#1398,#1399,#1400,#1401,#1402,#1403,#1404,
    #1405,#1406,#1407,#1408,#1409,#1410,#1411,#1412,#1413,#1414,#1415),
  .UNSPECIFIED.,.F.,.F.,(7,5,5,5,5,7),(0.,0.216219663878,0.411815894272,
    0.599043907012,0.736395164546,1.),.UNSPECIFIED.);
#1389 = CARTESIAN_POINT('',(-4.427275847386,-14.0000006));
#1390 = CARTESIAN_POINT('',(-4.423583803968,-13.72367951276));
#1391 = CARTESIAN_POINT('',(-4.418612346498,-13.4522658339));
#1392 = CARTESIAN_POINT('',(-4.412330138501,-13.18900311881));
#1393 = CARTESIAN_POINT('',(-4.404707726501,-12.93751560042));
#1394 = CARTESIAN_POINT('',(-4.395722867721,-12.70198451752));
#1395 = CARTESIAN_POINT('',(-4.375994494713,-12.29322520739));
#1396 = CARTESIAN_POINT('',(-4.365465862516,-12.1154811568));
#1397 = CARTESIAN_POINT('',(-4.353873615317,-11.96050639652));
#1398 = CARTESIAN_POINT('',(-4.341380302591,-11.83319988041));
#1399 = CARTESIAN_POINT('',(-4.328193609216,-11.73688753793));
#1400 = CARTESIAN_POINT('',(-4.301492356722,-11.61226359413));
#1401 = CARTESIAN_POINT('',(-4.288123919354,-11.58172214517));
#1402 = CARTESIAN_POINT('',(-4.274662926205,-11.58208822334));
#1403 = CARTESIAN_POINT('',(-4.261340750427,-11.61241951513));
#1404 = CARTESIAN_POINT('',(-4.24838456115,-11.67036870223));
#1405 = CARTESIAN_POINT('',(-4.226915963536,-11.81215690545));
#1406 = CARTESIAN_POINT('',(-4.218111917,-11.88516634663));
#1407 = CARTESIAN_POINT('',(-4.209628439114,-11.97013385265));
#1408 = CARTESIAN_POINT('',(-4.201500780345,-12.06604065837));
#1409 = CARTESIAN_POINT('',(-4.19375996349,-12.17189747066));
#1410 = CARTESIAN_POINT('',(-4.172371417871,-12.50715020123));
#1411 = CARTESIAN_POINT('',(-4.159803247257,-12.7611519424));
#1412 = CARTESIAN_POINT('',(-4.148906682603,-13.04262333782));
#1413 = CARTESIAN_POINT('',(-4.139823597002,-13.34615354915));
#1414 = CARTESIAN_POINT('',(-4.132670839077,-13.66682876568));
#1415 = CARTESIAN_POINT('',(-4.12754738155,-14.0000006));
#1416 = ( GEOMETRIC_REPRESENTATION_CONTEXT(2) 
PARAMETRIC_REPRESENTATION_CONTEXT() REPRESENTATION_CONTEXT('2D SPACE',''
  ) );
#1417 = PCURVE('',#1418,#1423);
#1418 = CYLINDRICAL_SURFACE('',#1419,3.4);
#1419 = AXIS2_PLACEMENT_3D('',#1420,#1421,#1422);
#1420 = CARTESIAN_POINT('',(-35.,-10.,-26.));
#1421 = DIRECTION('',(-0.,-0.,-1.));
#1422 = DIRECTION('',(1.,0.,0.));
#1423 = DEFINITIONAL_REPRESENTATION('',(#1424),#1452);
#1424 = B_SPLINE_CURVE_WITH_KNOTS('',6,(#1425,#1426,#1427,#1428,#1429,
    #1430,#1431,#1432,#1433,#1434,#1435,#1436,#1437,#1438,#1439,#1440,
    #1441,#1442,#1443,#1444,#1445,#1446,#1447,#1448,#1449,#1450,#1451),
  .UNSPECIFIED.,.F.,.F.,(7,5,5,5,5,7),(0.,0.216219663878,0.411815894272,
    0.599043907012,0.736395164546,1.),.UNSPECIFIED.);
#1425 = CARTESIAN_POINT('',(-1.869328343343,-2.968883880067));
#1426 = CARTESIAN_POINT('',(-1.954360275054,-2.993806592561));
#1427 = CARTESIAN_POINT('',(-2.040552380437,-3.027742477563));
#1428 = CARTESIAN_POINT('',(-2.128147765268,-3.071392664566));
#1429 = CARTESIAN_POINT('',(-2.217427966863,-3.125744578222));
#1430 = CARTESIAN_POINT('',(-2.308699237761,-3.192086427293));
#1431 = CARTESIAN_POINT('',(-2.487152709505,-3.344181032937));
#1432 = CARTESIAN_POINT('',(-2.574207402909,-3.427746031154));
#1433 = CARTESIAN_POINT('',(-2.662836027319,-3.523001029688));
#1434 = CARTESIAN_POINT('',(-2.75255123064,-3.629857702373));
#1435 = CARTESIAN_POINT('',(-2.8429605733,-3.747529483384));
#1436 = CARTESIAN_POINT('',(-3.020543883615,-3.99580367427));
#1437 = CARTESIAN_POINT('',(-3.106972473031,-4.124634003707));
#1438 = CARTESIAN_POINT('',(-3.192672551099,-4.259218731095));
#1439 = CARTESIAN_POINT('',(-3.277324649264,-4.397272291133));
#1440 = CARTESIAN_POINT('',(-3.360570696791,-4.535939613318));
#1441 = CARTESIAN_POINT('',(-3.501549565707,-4.772217434421));
#1442 = CARTESIAN_POINT('',(-3.560350560257,-4.871224903467));
#1443 = CARTESIAN_POINT('',(-3.618373873988,-4.968556548057));
#1444 = CARTESIAN_POINT('',(-3.675685372896,-5.063520651095));
#1445 = CARTESIAN_POINT('',(-3.732341202623,-5.155452210714));
#1446 = CARTESIAN_POINT('',(-3.895962306245,-5.413161893507));
#1447 = CARTESIAN_POINT('',(-4.001540948594,-5.569520451357));
#1448 = CARTESIAN_POINT('',(-4.105655166321,-5.70863979584));
#1449 = CARTESIAN_POINT('',(-4.208767554878,-5.826785918224));
#1450 = CARTESIAN_POINT('',(-4.311330425066,-5.920927090621));
#1451 = CARTESIAN_POINT('',(-4.413856963837,-5.988810933126));
#1452 = ( GEOMETRIC_REPRESENTATION_CONTEXT(2) 
PARAMETRIC_REPRESENTATION_CONTEXT() REPRESENTATION_CONTEXT('2D SPACE',''
  ) );
#1453 = ORIENTED_EDGE('',*,*,#1454,.T.);
#1454 = EDGE_CURVE('',#1355,#1455,#1457,.T.);
#1455 = VERTEX_POINT('',#1456);
#1456 = CARTESIAN_POINT('',(-36.,6.750384638146,-23.03111606581));
#1457 = SURFACE_CURVE('',#1458,(#1463,#1470),.PCURVE_S1.);
#1458 = CIRCLE('',#1459,24.);
#1459 = AXIS2_PLACEMENT_3D('',#1460,#1461,#1462);
#1460 = CARTESIAN_POINT('',(-36.,0.,0.));
#1461 = DIRECTION('',(1.,0.,0.));
#1462 = DIRECTION('',(0.,1.,0.));
#1463 = PCURVE('',#539,#1464);
#1464 = DEFINITIONAL_REPRESENTATION('',(#1465),#1469);
#1465 = LINE('',#1466,#1467);
#1466 = CARTESIAN_POINT('',(-0.,-14.));
#1467 = VECTOR('',#1468,1.);
#1468 = DIRECTION('',(-1.,0.));
#1469 = ( GEOMETRIC_REPRESENTATION_CONTEXT(2) 
PARAMETRIC_REPRESENTATION_CONTEXT() REPRESENTATION_CONTEXT('2D SPACE',''
  ) );
#1470 = PCURVE('',#1233,#1471);
#1471 = DEFINITIONAL_REPRESENTATION('',(#1472),#1476);
#1472 = CIRCLE('',#1473,24.);
#1473 = AXIS2_PLACEMENT_2D('',#1474,#1475);
#1474 = CARTESIAN_POINT('',(6.80906842916E-17,-1.367440132539E-15));
#1475 = DIRECTION('',(0.,-1.));
#1476 = ( GEOMETRIC_REPRESENTATION_CONTEXT(2) 
PARAMETRIC_REPRESENTATION_CONTEXT() REPRESENTATION_CONTEXT('2D SPACE',''
  ) );
#1477 = ORIENTED_EDGE('',*,*,#1478,.F.);
#1478 = EDGE_CURVE('',#1479,#1455,#1481,.T.);
#1479 = VERTEX_POINT('',#1480);
#1480 = CARTESIAN_POINT('',(-36.,13.249615361854,-20.01118918912));
#1481 = SURFACE_CURVE('',#1482,(#1506,#1533),.PCURVE_S1.);
#1482 = B_SPLINE_CURVE_WITH_KNOTS('',8,(#1483,#1484,#1485,#1486,#1487,
    #1488,#1489,#1490,#1491,#1492,#1493,#1494,#1495,#1496,#1497,#1498,
    #1499,#1500,#1501,#1502,#1503,#1504,#1505),.UNSPECIFIED.,.F.,.F.,(9,
    7,7,9),(0.,0.260493600789,0.498280506973,1.),.UNSPECIFIED.);
#1483 = CARTESIAN_POINT('',(-35.9999994,13.249615546492,-20.01118906687)
  );
#1484 = CARTESIAN_POINT('',(-36.24987827573,13.172720688551,
    -20.06210194875));
#1485 = CARTESIAN_POINT('',(-36.4930625348,13.073847510019,
    -20.12708125735));
#1486 = CARTESIAN_POINT('',(-36.72789203883,12.95348398873,
    -20.20532257129));
#1487 = CARTESIAN_POINT('',(-36.95264977305,12.812121927668,
    -20.29585446603));
#1488 = CARTESIAN_POINT('',(-37.16553703149,12.650294705791,
    -20.39754677109));
#1489 = CARTESIAN_POINT('',(-37.36464917935,12.468621653562,
    -20.50912562271));
#1490 = CARTESIAN_POINT('',(-37.54795199226,12.26785905321,-20.629195312
    ));
#1491 = CARTESIAN_POINT('',(-37.86415571658,11.849137652036,
    -20.87226197205));
#1492 = CARTESIAN_POINT('',(-38.0007881586,11.633235719656,
    -20.99465294494));
#1493 = CARTESIAN_POINT('',(-38.12082403674,11.402268297361,
    -21.12208864968));
#1494 = CARTESIAN_POINT('',(-38.22204451261,11.157573757439,
    -21.25305815612));
#1495 = CARTESIAN_POINT('',(-38.30235936579,10.90078785987,
    -21.38598500742));
#1496 = CARTESIAN_POINT('',(-38.35981788009,10.633831602988,
    -21.51930417451));
#1497 = CARTESIAN_POINT('',(-38.39261502141,10.358911578613,
    -21.65152175937));
#1498 = CARTESIAN_POINT('',(-38.41276095102,9.486946503113,
    -22.05499381157));
#1499 = CARTESIAN_POINT('',(-38.30853735741,8.90229115708,
    -22.30322867361));
#1500 = CARTESIAN_POINT('',(-38.0925188891,8.351124999079,
    -22.51570500443));
#1501 = CARTESIAN_POINT('',(-37.77736907858,7.857706544203,
    -22.68851223344));
#1502 = CARTESIAN_POINT('',(-37.38219085284,7.442249636136,
    -22.82279110277));
#1503 = CARTESIAN_POINT('',(-36.93285679022,7.119155050163,
    -22.92194782429));
#1504 = CARTESIAN_POINT('',(-36.46067951768,6.89214886677,
    -22.98956519003));
#1505 = CARTESIAN_POINT('',(-35.9999994,6.750384453508,-23.03111611993)
  );
#1506 = PCURVE('',#539,#1507);
#1507 = DEFINITIONAL_REPRESENTATION('',(#1508),#1532);
#1508 = B_SPLINE_CURVE_WITH_KNOTS('',8,(#1509,#1510,#1511,#1512,#1513,
    #1514,#1515,#1516,#1517,#1518,#1519,#1520,#1521,#1522,#1523,#1524,
    #1525,#1526,#1527,#1528,#1529,#1530,#1531),.UNSPECIFIED.,.F.,.F.,(9,
    7,7,9),(0.,0.260493600789,0.498280506973,1.),.UNSPECIFIED.);
#1509 = CARTESIAN_POINT('',(-5.297230579219,-14.0000006));
#1510 = CARTESIAN_POINT('',(-5.293387986074,-13.75012172426));
#1511 = CARTESIAN_POINT('',(-5.288458267716,-13.50693746519));
#1512 = CARTESIAN_POINT('',(-5.282476771545,-13.27210796116));
#1513 = CARTESIAN_POINT('',(-5.275482675512,-13.04735022694));
#1514 = CARTESIAN_POINT('',(-5.267519754038,-12.8344629685));
#1515 = CARTESIAN_POINT('',(-5.258637287892,-12.63535082064));
#1516 = CARTESIAN_POINT('',(-5.248891118051,-12.45204800773));
#1517 = CARTESIAN_POINT('',(-5.228717866155,-12.13584428341));
#1518 = CARTESIAN_POINT('',(-5.218377584622,-11.99921184139));
#1519 = CARTESIAN_POINT('',(-5.207387529791,-11.87917596325));
#1520 = CARTESIAN_POINT('',(-5.195825330843,-11.77795548738));
#1521 = CARTESIAN_POINT('',(-5.18377976191,-11.6976406342));
#1522 = CARTESIAN_POINT('',(-5.171348903362,-11.6401821199));
#1523 = CARTESIAN_POINT('',(-5.158639417718,-11.60738497858));
#1524 = CARTESIAN_POINT('',(-5.118606601539,-11.58723904897));
#1525 = CARTESIAN_POINT('',(-5.092154542857,-11.69146264258));
#1526 = CARTESIAN_POINT('',(-5.067564182495,-11.90748111089));
#1527 = CARTESIAN_POINT('',(-5.045796738719,-12.22263092141));
#1528 = CARTESIAN_POINT('',(-5.027607684345,-12.61780914715));
#1529 = CARTESIAN_POINT('',(-5.013526671452,-13.06714320977));
#1530 = CARTESIAN_POINT('',(-5.003657456117,-13.53932048231));
#1531 = CARTESIAN_POINT('',(-4.997502113383,-14.0000006));
#1532 = ( GEOMETRIC_REPRESENTATION_CONTEXT(2) 
PARAMETRIC_REPRESENTATION_CONTEXT() REPRESENTATION_CONTEXT('2D SPACE',''
  ) );
#1533 = PCURVE('',#1534,#1539);
#1534 = CYLINDRICAL_SURFACE('',#1535,3.4);
#1535 = AXIS2_PLACEMENT_3D('',#1536,#1537,#1538);
#1536 = CARTESIAN_POINT('',(-35.,10.,-26.));
#1537 = DIRECTION('',(-0.,-0.,-1.));
#1538 = DIRECTION('',(1.,0.,0.));
#1539 = DEFINITIONAL_REPRESENTATION('',(#1540),#1564);
#1540 = B_SPLINE_CURVE_WITH_KNOTS('',8,(#1541,#1542,#1543,#1544,#1545,
    #1546,#1547,#1548,#1549,#1550,#1551,#1552,#1553,#1554,#1555,#1556,
    #1557,#1558,#1559,#1560,#1561,#1562,#1563),.UNSPECIFIED.,.F.,.F.,(9,
    7,7,9),(0.,0.260493600789,0.498280506973,1.),.UNSPECIFIED.);
#1541 = CARTESIAN_POINT('',(-1.869328343343,-5.988810933126));
#1542 = CARTESIAN_POINT('',(-1.946223247421,-5.937898051247));
#1543 = CARTESIAN_POINT('',(-2.023137614758,-5.872918742641));
#1544 = CARTESIAN_POINT('',(-2.100254726409,-5.794677428701));
#1545 = CARTESIAN_POINT('',(-2.177744818538,-5.704145533962));
#1546 = CARTESIAN_POINT('',(-2.255772706792,-5.602453228903));
#1547 = CARTESIAN_POINT('',(-2.334504841289,-5.490874377282));
#1548 = CARTESIAN_POINT('',(-2.414115792223,-5.370804687995));
#1549 = CARTESIAN_POINT('',(-2.568439971045,-5.127738027941));
#1550 = CARTESIAN_POINT('',(-2.643332087023,-5.005347055058));
#1551 = CARTESIAN_POINT('',(-2.719426948345,-4.877911350319));
#1552 = CARTESIAN_POINT('',(-2.79671286662,-4.746941843871));
#1553 = CARTESIAN_POINT('',(-2.87520534642,-4.614014992579));
#1554 = CARTESIAN_POINT('',(-2.954946186071,-4.480695825482));
#1555 = CARTESIAN_POINT('',(-3.036006363569,-4.348478240622));
#1556 = CARTESIAN_POINT('',(-3.292535119684,-3.945006188426));
#1557 = CARTESIAN_POINT('',(-3.463739356326,-3.696771326384));
#1558 = CARTESIAN_POINT('',(-3.632365730655,-3.484294995565));
#1559 = CARTESIAN_POINT('',(-3.798319310453,-3.31148776656));
#1560 = CARTESIAN_POINT('',(-3.961126090214,-3.177208897228));
#1561 = CARTESIAN_POINT('',(-4.119720981414,-3.078052175702));
#1562 = CARTESIAN_POINT('',(-4.272092465517,-3.010434809964));
#1563 = CARTESIAN_POINT('',(-4.413856963837,-2.968883880067));
#1564 = ( GEOMETRIC_REPRESENTATION_CONTEXT(2) 
PARAMETRIC_REPRESENTATION_CONTEXT() REPRESENTATION_CONTEXT('2D SPACE',''
  ) );
#1565 = ORIENTED_EDGE('',*,*,#1566,.T.);
#1566 = EDGE_CURVE('',#1479,#1194,#1567,.T.);
#1567 = SURFACE_CURVE('',#1568,(#1573,#1580),.PCURVE_S1.);
#1568 = CIRCLE('',#1569,24.);
#1569 = AXIS2_PLACEMENT_3D('',#1570,#1571,#1572);
#1570 = CARTESIAN_POINT('',(-36.,0.,0.));
#1571 = DIRECTION('',(1.,0.,0.));
#1572 = DIRECTION('',(0.,1.,0.));
#1573 = PCURVE('',#539,#1574);
#1574 = DEFINITIONAL_REPRESENTATION('',(#1575),#1579);
#1575 = LINE('',#1576,#1577);
#1576 = CARTESIAN_POINT('',(-0.,-14.));
#1577 = VECTOR('',#1578,1.);
#1578 = DIRECTION('',(-1.,0.));
#1579 = ( GEOMETRIC_REPRESENTATION_CONTEXT(2) 
PARAMETRIC_REPRESENTATION_CONTEXT() REPRESENTATION_CONTEXT('2D SPACE',''
  ) );
#1580 = PCURVE('',#1233,#1581);
#1581 = DEFINITIONAL_REPRESENTATION('',(#1582),#1586);
#1582 = CIRCLE('',#1583,24.);
#1583 = AXIS2_PLACEMENT_2D('',#1584,#1585);
#1584 = CARTESIAN_POINT('',(6.80906842916E-17,-1.367440132539E-15));
#1585 = DIRECTION('',(0.,-1.));
#1586 = ( GEOMETRIC_REPRESENTATION_CONTEXT(2) 
PARAMETRIC_REPRESENTATION_CONTEXT() REPRESENTATION_CONTEXT('2D SPACE',''
  ) );
#1587 = ORIENTED_EDGE('',*,*,#1193,.F.);
#1588 = ADVANCED_FACE('',(#1589),#574,.F.);
#1589 = FACE_BOUND('',#1590,.T.);
#1590 = EDGE_LOOP('',(#1591,#1622,#1643,#1644,#1645,#1669,#1742,#1807,
    #1831,#1916,#1984,#2008,#2063));
#1591 = ORIENTED_EDGE('',*,*,#1592,.F.);
#1592 = EDGE_CURVE('',#1593,#1595,#1597,.T.);
#1593 = VERTEX_POINT('',#1594);
#1594 = CARTESIAN_POINT('',(36.,24.,0.));
#1595 = VERTEX_POINT('',#1596);
#1596 = CARTESIAN_POINT('',(36.,4.130677910465,23.641859063957));
#1597 = SURFACE_CURVE('',#1598,(#1603,#1610),.PCURVE_S1.);
#1598 = CIRCLE('',#1599,24.);
#1599 = AXIS2_PLACEMENT_3D('',#1600,#1601,#1602);
#1600 = CARTESIAN_POINT('',(36.,0.,0.));
#1601 = DIRECTION('',(1.,0.,0.));
#1602 = DIRECTION('',(0.,1.,0.));
#1603 = PCURVE('',#574,#1604);
#1604 = DEFINITIONAL_REPRESENTATION('',(#1605),#1609);
#1605 = LINE('',#1606,#1607);
#1606 = CARTESIAN_POINT('',(-0.,0.));
#1607 = VECTOR('',#1608,1.);
#1608 = DIRECTION('',(-1.,0.));
#1609 = ( GEOMETRIC_REPRESENTATION_CONTEXT(2) 
PARAMETRIC_REPRESENTATION_CONTEXT() REPRESENTATION_CONTEXT('2D SPACE',''
  ) );
#1610 = PCURVE('',#1611,#1616);
#1611 = PLANE('',#1612);
#1612 = AXIS2_PLACEMENT_3D('',#1613,#1614,#1615);
#1613 = CARTESIAN_POINT('',(36.,-1.367440132539E-15,-6.80906842916E-17)
  );
#1614 = DIRECTION('',(1.,0.,0.));
#1615 = DIRECTION('',(-0.,0.,1.));
#1616 = DEFINITIONAL_REPRESENTATION('',(#1617),#1621);
#1617 = CIRCLE('',#1618,24.);
#1618 = AXIS2_PLACEMENT_2D('',#1619,#1620);
#1619 = CARTESIAN_POINT('',(6.80906842916E-17,-1.367440132539E-15));
#1620 = DIRECTION('',(0.,-1.));
#1621 = ( GEOMETRIC_REPRESENTATION_CONTEXT(2) 
PARAMETRIC_REPRESENTATION_CONTEXT() REPRESENTATION_CONTEXT('2D SPACE',''
  ) );
#1622 = ORIENTED_EDGE('',*,*,#1623,.T.);
#1623 = EDGE_CURVE('',#1593,#558,#1624,.T.);
#1624 = SEAM_CURVE('',#1625,(#1629,#1636),.PCURVE_S1.);
#1625 = LINE('',#1626,#1627);
#1626 = CARTESIAN_POINT('',(36.,24.,0.));
#1627 = VECTOR('',#1628,1.);
#1628 = DIRECTION('',(1.,0.,0.));
#1629 = PCURVE('',#574,#1630);
#1630 = DEFINITIONAL_REPRESENTATION('',(#1631),#1635);
#1631 = LINE('',#1632,#1633);
#1632 = CARTESIAN_POINT('',(-6.28318530718,0.));
#1633 = VECTOR('',#1634,1.);
#1634 = DIRECTION('',(-0.,-1.));
#1635 = ( GEOMETRIC_REPRESENTATION_CONTEXT(2) 
PARAMETRIC_REPRESENTATION_CONTEXT() REPRESENTATION_CONTEXT('2D SPACE',''
  ) );
#1636 = PCURVE('',#574,#1637);
#1637 = DEFINITIONAL_REPRESENTATION('',(#1638),#1642);
#1638 = LINE('',#1639,#1640);
#1639 = CARTESIAN_POINT('',(-0.,0.));
#1640 = VECTOR('',#1641,1.);
#1641 = DIRECTION('',(-0.,-1.));
#1642 = ( GEOMETRIC_REPRESENTATION_CONTEXT(2) 
PARAMETRIC_REPRESENTATION_CONTEXT() REPRESENTATION_CONTEXT('2D SPACE',''
  ) );
#1643 = ORIENTED_EDGE('',*,*,#557,.T.);
#1644 = ORIENTED_EDGE('',*,*,#1623,.F.);
#1645 = ORIENTED_EDGE('',*,*,#1646,.F.);
#1646 = EDGE_CURVE('',#1647,#1593,#1649,.T.);
#1647 = VERTEX_POINT('',#1648);
#1648 = CARTESIAN_POINT('',(36.,13.249615361854,-20.01118918912));
#1649 = SURFACE_CURVE('',#1650,(#1655,#1662),.PCURVE_S1.);
#1650 = CIRCLE('',#1651,24.);
#1651 = AXIS2_PLACEMENT_3D('',#1652,#1653,#1654);
#1652 = CARTESIAN_POINT('',(36.,0.,0.));
#1653 = DIRECTION('',(1.,0.,0.));
#1654 = DIRECTION('',(0.,1.,0.));
#1655 = PCURVE('',#574,#1656);
#1656 = DEFINITIONAL_REPRESENTATION('',(#1657),#1661);
#1657 = LINE('',#1658,#1659);
#1658 = CARTESIAN_POINT('',(-0.,0.));
#1659 = VECTOR('',#1660,1.);
#1660 = DIRECTION('',(-1.,0.));
#1661 = ( GEOMETRIC_REPRESENTATION_CONTEXT(2) 
PARAMETRIC_REPRESENTATION_CONTEXT() REPRESENTATION_CONTEXT('2D SPACE',''
  ) );
#1662 = PCURVE('',#1611,#1663);
#1663 = DEFINITIONAL_REPRESENTATION('',(#1664),#1668);
#1664 = CIRCLE('',#1665,24.);
#1665 = AXIS2_PLACEMENT_2D('',#1666,#1667);
#1666 = CARTESIAN_POINT('',(6.80906842916E-17,-1.367440132539E-15));
#1667 = DIRECTION('',(0.,-1.));
#1668 = ( GEOMETRIC_REPRESENTATION_CONTEXT(2) 
PARAMETRIC_REPRESENTATION_CONTEXT() REPRESENTATION_CONTEXT('2D SPACE',''
  ) );
#1669 = ORIENTED_EDGE('',*,*,#1670,.F.);
#1670 = EDGE_CURVE('',#1671,#1647,#1673,.T.);
#1671 = VERTEX_POINT('',#1672);
#1672 = CARTESIAN_POINT('',(38.4,10.,-21.81742422927));
#1673 = SURFACE_CURVE('',#1674,(#1693,#1715),.PCURVE_S1.);
#1674 = B_SPLINE_CURVE_WITH_KNOTS('',5,(#1675,#1676,#1677,#1678,#1679,
    #1680,#1681,#1682,#1683,#1684,#1685,#1686,#1687,#1688,#1689,#1690,
    #1691,#1692),.UNSPECIFIED.,.F.,.F.,(6,4,4,4,6),(0.,0.262020369855,
    0.513849309351,0.806130458482,1.),.UNSPECIFIED.);
#1675 = CARTESIAN_POINT('',(38.4,10.,-21.81742422927));
#1676 = CARTESIAN_POINT('',(38.4,10.250470991759,-21.70262103842));
#1677 = CARTESIAN_POINT('',(38.376935382264,10.497750421148,
    -21.58493208406));
#1678 = CARTESIAN_POINT('',(38.331981739627,10.738777402821,
    -21.46586200696));
#1679 = CARTESIAN_POINT('',(38.266975411317,10.970782993441,
    -21.34722899876));
#1680 = CARTESIAN_POINT('',(38.104996644491,11.403676135828,
    -21.11903611687));
#1681 = CARTESIAN_POINT('',(38.009258694511,11.605710096605,
    -21.0091506247));
#1682 = CARTESIAN_POINT('',(37.89889594258,11.796558405966,
    -20.90233257248));
#1683 = CARTESIAN_POINT('',(37.775522176284,11.975429410397,
    -20.79966962035));
#1684 = CARTESIAN_POINT('',(37.484108334589,12.334729499468,
    -20.58894152782));
#1685 = CARTESIAN_POINT('',(37.31196800037,12.510927166831,
    -20.4825791057));
#1686 = CARTESIAN_POINT('',(37.126419932866,12.669485593797,
    -20.38451081066));
#1687 = CARTESIAN_POINT('',(36.92938587003,12.809801700925,
    -20.29605340847));
#1688 = CARTESIAN_POINT('',(36.585475697432,13.011904971489,
    -20.16679156054));
#1689 = CARTESIAN_POINT('',(36.444057687832,13.08422037783,
    -20.11997394108));
#1690 = CARTESIAN_POINT('',(36.298956132016,13.148048771943,
    -20.07824409169));
#1691 = CARTESIAN_POINT('',(36.150747991525,13.203225904726,
    -20.04190412916));
#1692 = CARTESIAN_POINT('',(35.9999994,13.249615546492,-20.01118906687)
  );
#1693 = PCURVE('',#574,#1694);
#1694 = DEFINITIONAL_REPRESENTATION('',(#1695),#1714);
#1695 = B_SPLINE_CURVE_WITH_KNOTS('',5,(#1696,#1697,#1698,#1699,#1700,
    #1701,#1702,#1703,#1704,#1705,#1706,#1707,#1708,#1709,#1710,#1711,
    #1712,#1713),.UNSPECIFIED.,.F.,.F.,(6,4,4,4,6),(0.,0.262020369855,
    0.513849309351,0.806130458482,1.),.UNSPECIFIED.);
#1696 = CARTESIAN_POINT('',(-5.142164411689,-2.4));
#1697 = CARTESIAN_POINT('',(-5.153644730774,-2.4));
#1698 = CARTESIAN_POINT('',(-5.165054254883,-2.376935382264));
#1699 = CARTESIAN_POINT('',(-5.176254117001,-2.331981739627));
#1700 = CARTESIAN_POINT('',(-5.187110658483,-2.266975411317));
#1701 = CARTESIAN_POINT('',(-5.207500456452,-2.104996644491));
#1702 = CARTESIAN_POINT('',(-5.217082298163,-2.009258694511));
#1703 = CARTESIAN_POINT('',(-5.226194342843,-1.89889594258));
#1704 = CARTESIAN_POINT('',(-5.234787258344,-1.775522176284));
#1705 = CARTESIAN_POINT('',(-5.252142957205,-1.484108334589));
#1706 = CARTESIAN_POINT('',(-5.260717766913,-1.31196800037));
#1707 = CARTESIAN_POINT('',(-5.268485466948,-1.126419932866));
#1708 = CARTESIAN_POINT('',(-5.275396629893,-0.92938587003));
#1709 = CARTESIAN_POINT('',(-5.285392667068,-0.585475697432));
#1710 = CARTESIAN_POINT('',(-5.288982095113,-0.444057687832));
#1711 = CARTESIAN_POINT('',(-5.292159528539,-0.298956132016));
#1712 = CARTESIAN_POINT('',(-5.294912394047,-0.150747991525));
#1713 = CARTESIAN_POINT('',(-5.297230579219,6.000000021267E-07));
#1714 = ( GEOMETRIC_REPRESENTATION_CONTEXT(2) 
PARAMETRIC_REPRESENTATION_CONTEXT() REPRESENTATION_CONTEXT('2D SPACE',''
  ) );
#1715 = PCURVE('',#1716,#1721);
#1716 = CYLINDRICAL_SURFACE('',#1717,3.4);
#1717 = AXIS2_PLACEMENT_3D('',#1718,#1719,#1720);
#1718 = CARTESIAN_POINT('',(35.,10.,-26.));
#1719 = DIRECTION('',(-0.,-0.,-1.));
#1720 = DIRECTION('',(1.,0.,0.));
#1721 = DEFINITIONAL_REPRESENTATION('',(#1722),#1741);
#1722 = B_SPLINE_CURVE_WITH_KNOTS('',5,(#1723,#1724,#1725,#1726,#1727,
    #1728,#1729,#1730,#1731,#1732,#1733,#1734,#1735,#1736,#1737,#1738,
    #1739,#1740),.UNSPECIFIED.,.F.,.F.,(6,4,4,4,6),(0.,0.262020369855,
    0.513849309351,0.806130458482,1.),.UNSPECIFIED.);
#1723 = CARTESIAN_POINT('',(0.,-4.182575770729));
#1724 = CARTESIAN_POINT('',(-7.366793875265E-02,-4.297378961576));
#1725 = CARTESIAN_POINT('',(-0.146397311511,-4.415067915939));
#1726 = CARTESIAN_POINT('',(-0.218119948202,-4.534137993035));
#1727 = CARTESIAN_POINT('',(-0.288729708589,-4.652771001239));
#1728 = CARTESIAN_POINT('',(-0.424672397519,-4.880963883121));
#1729 = CARTESIAN_POINT('',(-0.490193851898,-4.990849375293));
#1730 = CARTESIAN_POINT('',(-0.554756930827,-5.097667427516));
#1731 = CARTESIAN_POINT('',(-0.61847376824,-5.200330379646));
#1732 = CARTESIAN_POINT('',(-0.75453889269,-5.411058472177));
#1733 = CARTESIAN_POINT('',(-0.826680232736,-5.517420894299));
#1734 = CARTESIAN_POINT('',(-0.898089297049,-5.615489189332));
#1735 = CARTESIAN_POINT('',(-0.968961170346,-5.703946591527));
#1736 = CARTESIAN_POINT('',(-1.086284231111,-5.833208439456));
#1737 = CARTESIAN_POINT('',(-1.132920213153,-5.880026058912));
#1738 = CARTESIAN_POINT('',(-1.179438943437,-5.921755908306));
#1739 = CARTESIAN_POINT('',(-1.225874640648,-5.958095870834));
#1740 = CARTESIAN_POINT('',(-1.272264310247,-5.988810933126));
#1741 = ( GEOMETRIC_REPRESENTATION_CONTEXT(2) 
PARAMETRIC_REPRESENTATION_CONTEXT() REPRESENTATION_CONTEXT('2D SPACE',''
  ) );
#1742 = ORIENTED_EDGE('',*,*,#1743,.F.);
#1743 = EDGE_CURVE('',#1744,#1671,#1746,.T.);
#1744 = VERTEX_POINT('',#1745);
#1745 = CARTESIAN_POINT('',(36.,6.750384638146,-23.03111606581));
#1746 = SURFACE_CURVE('',#1747,(#1765,#1786),.PCURVE_S1.);
#1747 = B_SPLINE_CURVE_WITH_KNOTS('',6,(#1748,#1749,#1750,#1751,#1752,
    #1753,#1754,#1755,#1756,#1757,#1758,#1759,#1760,#1761,#1762,#1763,
    #1764),.UNSPECIFIED.,.F.,.F.,(7,5,5,7),(0.,0.434379495613,
    0.673929970776,1.),.UNSPECIFIED.);
#1748 = CARTESIAN_POINT('',(35.9999994,6.750384453508,-23.03111611993));
#1749 = CARTESIAN_POINT('',(36.270649507838,6.833671212073,
    -23.00670490003));
#1750 = CARTESIAN_POINT('',(36.536559048309,6.945111243802,
    -22.9736496151));
#1751 = CARTESIAN_POINT('',(36.794705767164,7.085240684901,
    -22.93129313498));
#1752 = CARTESIAN_POINT('',(37.041712918244,7.254480872868,
    -22.87871121634));
#1753 = CARTESIAN_POINT('',(37.273685274134,7.452997009967,
    -22.81469993114));
#1754 = CARTESIAN_POINT('',(37.60309817304,7.806067366998,
    -22.69543697775));
#1755 = CARTESIAN_POINT('',(37.714184917771,7.940374391928,
    -22.64914350536));
#1756 = CARTESIAN_POINT('',(37.818147215882,8.08306598154,
    -22.59884064715));
#1757 = CARTESIAN_POINT('',(37.91397590261,8.233577190106,
    -22.54445322381));
#1758 = CARTESIAN_POINT('',(38.000772431269,8.391218491277,
    -22.48595681763));
#1759 = CARTESIAN_POINT('',(38.182525875999,8.778392415148,
    -22.33823842694));
#1760 = CARTESIAN_POINT('',(38.269022584375,9.013143242519,
    -22.24561975782));
#1761 = CARTESIAN_POINT('',(38.334818704335,9.256360541364,
    -22.14607262479));
#1762 = CARTESIAN_POINT('',(38.378564724646,9.504431017067,
    -22.04052584171));
#1763 = CARTESIAN_POINT('',(38.4,9.753560210072,-21.93037972178));
#1764 = CARTESIAN_POINT('',(38.4,10.,-21.81742422927));
#1765 = PCURVE('',#574,#1766);
#1766 = DEFINITIONAL_REPRESENTATION('',(#1767),#1785);
#1767 = B_SPLINE_CURVE_WITH_KNOTS('',6,(#1768,#1769,#1770,#1771,#1772,
    #1773,#1774,#1775,#1776,#1777,#1778,#1779,#1780,#1781,#1782,#1783,
    #1784),.UNSPECIFIED.,.F.,.F.,(7,5,5,7),(0.,0.434379495613,
    0.673929970776,1.),.UNSPECIFIED.);
#1768 = CARTESIAN_POINT('',(-4.997502113383,6.000000021267E-07));
#1769 = CARTESIAN_POINT('',(-5.001118384437,-0.270649507838));
#1770 = CARTESIAN_POINT('',(-5.005961655627,-0.536559048309));
#1771 = CARTESIAN_POINT('',(-5.012061150093,-0.794705767164));
#1772 = CARTESIAN_POINT('',(-5.019444922863,-1.041712918244));
#1773 = CARTESIAN_POINT('',(-5.028134973264,-1.273685274134));
#1774 = CARTESIAN_POINT('',(-5.043662856399,-1.60309817304));
#1775 = CARTESIAN_POINT('',(-5.049581973545,-1.714184917771));
#1776 = CARTESIAN_POINT('',(-5.055885832634,-1.818147215882));
#1777 = CARTESIAN_POINT('',(-5.062553673145,-1.91397590261));
#1778 = CARTESIAN_POINT('',(-5.069559402557,-2.000772431269));
#1779 = CARTESIAN_POINT('',(-5.086825918919,-2.182525875999));
#1780 = CARTESIAN_POINT('',(-5.097340298412,-2.269022584375));
#1781 = CARTESIAN_POINT('',(-5.108288942515,-2.334818704335));
#1782 = CARTESIAN_POINT('',(-5.119520216887,-2.378564724646));
#1783 = CARTESIAN_POINT('',(-5.130868862437,-2.4));
#1784 = CARTESIAN_POINT('',(-5.142164411689,-2.4));
#1785 = ( GEOMETRIC_REPRESENTATION_CONTEXT(2) 
PARAMETRIC_REPRESENTATION_CONTEXT() REPRESENTATION_CONTEXT('2D SPACE',''
  ) );
#1786 = PCURVE('',#1716,#1787);
#1787 = DEFINITIONAL_REPRESENTATION('',(#1788),#1806);
#1788 = B_SPLINE_CURVE_WITH_KNOTS('',6,(#1789,#1790,#1791,#1792,#1793,
    #1794,#1795,#1796,#1797,#1798,#1799,#1800,#1801,#1802,#1803,#1804,
    #1805),.UNSPECIFIED.,.F.,.F.,(7,5,5,7),(0.,0.434379495613,
    0.673929970776,1.),.UNSPECIFIED.);
#1789 = CARTESIAN_POINT('',(-5.010920996932,-2.968883880067));
#1790 = CARTESIAN_POINT('',(-5.094207805469,-2.993295099969));
#1791 = CARTESIAN_POINT('',(-5.178597617065,-3.0263503849));
#1792 = CARTESIAN_POINT('',(-5.264325771813,-3.068706865016));
#1793 = CARTESIAN_POINT('',(-5.351661347969,-3.121288783654));
#1794 = CARTESIAN_POINT('',(-5.440896538587,-3.185300068855));
#1795 = CARTESIAN_POINT('',(-5.582919593084,-3.304563022245));
#1796 = CARTESIAN_POINT('',(-5.634091366594,-3.350856494638));
#1797 = CARTESIAN_POINT('',(-5.685868633094,-3.401159352845));
#1798 = CARTESIAN_POINT('',(-5.738189903299,-3.45554677619));
#1799 = CARTESIAN_POINT('',(-5.791008704046,-3.514043182362));
#1800 = CARTESIAN_POINT('',(-5.91680649106,-3.661761573057));
#1801 = CARTESIAN_POINT('',(-5.990117396659,-3.754380242177));
#1802 = CARTESIAN_POINT('',(-6.063782145447,-3.85392737521));
#1803 = CARTESIAN_POINT('',(-6.137429781036,-3.959474158281));
#1804 = CARTESIAN_POINT('',(-6.210703016024,-4.069620278211));
#1805 = CARTESIAN_POINT('',(-6.28318530718,-4.182575770729));
#1806 = ( GEOMETRIC_REPRESENTATION_CONTEXT(2) 
PARAMETRIC_REPRESENTATION_CONTEXT() REPRESENTATION_CONTEXT('2D SPACE',''
  ) );
#1807 = ORIENTED_EDGE('',*,*,#1808,.F.);
#1808 = EDGE_CURVE('',#1809,#1744,#1811,.T.);
#1809 = VERTEX_POINT('',#1810);
#1810 = CARTESIAN_POINT('',(36.,-6.750384638146,-23.03111606581));
#1811 = SURFACE_CURVE('',#1812,(#1817,#1824),.PCURVE_S1.);
#1812 = CIRCLE('',#1813,24.);
#1813 = AXIS2_PLACEMENT_3D('',#1814,#1815,#1816);
#1814 = CARTESIAN_POINT('',(36.,0.,0.));
#1815 = DIRECTION('',(1.,0.,0.));
#1816 = DIRECTION('',(0.,1.,0.));
#1817 = PCURVE('',#574,#1818);
#1818 = DEFINITIONAL_REPRESENTATION('',(#1819),#1823);
#1819 = LINE('',#1820,#1821);
#1820 = CARTESIAN_POINT('',(-0.,0.));
#1821 = VECTOR('',#1822,1.);
#1822 = DIRECTION('',(-1.,0.));
#1823 = ( GEOMETRIC_REPRESENTATION_CONTEXT(2) 
PARAMETRIC_REPRESENTATION_CONTEXT() REPRESENTATION_CONTEXT('2D SPACE',''
  ) );
#1824 = PCURVE('',#1611,#1825);
#1825 = DEFINITIONAL_REPRESENTATION('',(#1826),#1830);
#1826 = CIRCLE('',#1827,24.);
#1827 = AXIS2_PLACEMENT_2D('',#1828,#1829);
#1828 = CARTESIAN_POINT('',(6.80906842916E-17,-1.367440132539E-15));
#1829 = DIRECTION('',(0.,-1.));
#1830 = ( GEOMETRIC_REPRESENTATION_CONTEXT(2) 
PARAMETRIC_REPRESENTATION_CONTEXT() REPRESENTATION_CONTEXT('2D SPACE',''
  ) );
#1831 = ORIENTED_EDGE('',*,*,#1832,.F.);
#1832 = EDGE_CURVE('',#1833,#1809,#1835,.T.);
#1833 = VERTEX_POINT('',#1834);
#1834 = CARTESIAN_POINT('',(38.4,-10.,-21.81742422927));
#1835 = SURFACE_CURVE('',#1836,(#1859,#1885),.PCURVE_S1.);
#1836 = B_SPLINE_CURVE_WITH_KNOTS('',6,(#1837,#1838,#1839,#1840,#1841,
    #1842,#1843,#1844,#1845,#1846,#1847,#1848,#1849,#1850,#1851,#1852,
    #1853,#1854,#1855,#1856,#1857,#1858),.UNSPECIFIED.,.F.,.F.,(7,5,5,5,
    7),(0.,0.154528869599,0.326093757929,0.565635798651,1.),
  .UNSPECIFIED.);
#1837 = CARTESIAN_POINT('',(38.4,-10.,-21.81742422927));
#1838 = CARTESIAN_POINT('',(38.4,-9.883197348854,-21.87096063664));
#1839 = CARTESIAN_POINT('',(38.395184775599,-9.765813977005,
    -21.92385521549));
#1840 = CARTESIAN_POINT('',(38.385465018535,-9.648237889917,
    -21.97592309803));
#1841 = CARTESIAN_POINT('',(38.370804798863,-9.530857036863,
    -22.02699979753));
#1842 = CARTESIAN_POINT('',(38.35122162796,-9.41405766214,
    -22.07694058869));
#1843 = CARTESIAN_POINT('',(38.299657569409,-9.169617432596,
    -22.17966583173));
#1844 = CARTESIAN_POINT('',(38.266556330366,-9.042240968156,
    -22.23213997962));
#1845 = CARTESIAN_POINT('',(38.227589254409,-8.916620109588,
    -22.28287020052));
#1846 = CARTESIAN_POINT('',(38.182942036298,-8.793259447316,
    -22.33172066749));
#1847 = CARTESIAN_POINT('',(38.132879967814,-8.67263595422,
    -22.37858766859));
#1848 = CARTESIAN_POINT('',(38.000772431269,-8.391218491277,
    -22.48595681763));
#1849 = CARTESIAN_POINT('',(37.91397590261,-8.233577190106,
    -22.54445322381));
#1850 = CARTESIAN_POINT('',(37.818147215882,-8.08306598154,
    -22.59884064715));
#1851 = CARTESIAN_POINT('',(37.714184917771,-7.940374391928,
    -22.64914350536));
#1852 = CARTESIAN_POINT('',(37.60309817304,-7.806067366998,
    -22.69543697775));
#1853 = CARTESIAN_POINT('',(37.273685274134,-7.452997009967,
    -22.81469993114));
#1854 = CARTESIAN_POINT('',(37.041712918244,-7.254480872868,
    -22.87871121634));
#1855 = CARTESIAN_POINT('',(36.794705767164,-7.085240684901,
    -22.93129313498));
#1856 = CARTESIAN_POINT('',(36.536559048309,-6.945111243802,
    -22.9736496151));
#1857 = CARTESIAN_POINT('',(36.270649507838,-6.833671212073,
    -23.00670490003));
#1858 = CARTESIAN_POINT('',(35.9999994,-6.750384453508,-23.03111611993)
  );
#1859 = PCURVE('',#574,#1860);
#1860 = DEFINITIONAL_REPRESENTATION('',(#1861),#1884);
#1861 = B_SPLINE_CURVE_WITH_KNOTS('',6,(#1862,#1863,#1864,#1865,#1866,
    #1867,#1868,#1869,#1870,#1871,#1872,#1873,#1874,#1875,#1876,#1877,
    #1878,#1879,#1880,#1881,#1882,#1883),.UNSPECIFIED.,.F.,.F.,(7,5,5,5,
    7),(0.,0.154528869599,0.326093757929,0.565635798651,1.),
  .UNSPECIFIED.);
#1862 = CARTESIAN_POINT('',(-4.28261354908,-2.4));
#1863 = CARTESIAN_POINT('',(-4.287967189818,-2.4));
#1864 = CARTESIAN_POINT('',(-4.293331683825,-2.395184775599));
#1865 = CARTESIAN_POINT('',(-4.29868940161,-2.385465018535));
#1866 = CARTESIAN_POINT('',(-4.304023073936,-2.370804798863));
#1867 = CARTESIAN_POINT('',(-4.30931581564,-2.35122162796));
#1868 = CARTESIAN_POINT('',(-4.320363652075,-2.299657569409));
#1869 = CARTESIAN_POINT('',(-4.326103581297,-2.266556330366));
#1870 = CARTESIAN_POINT('',(-4.331748277004,-2.227589254409));
#1871 = CARTESIAN_POINT('',(-4.337276468345,-2.182942036298));
#1872 = CARTESIAN_POINT('',(-4.342668386497,-2.132879967814));
#1873 = CARTESIAN_POINT('',(-4.355218558212,-2.000772431269));
#1874 = CARTESIAN_POINT('',(-4.362224287625,-1.91397590261));
#1875 = CARTESIAN_POINT('',(-4.368892128136,-1.818147215882));
#1876 = CARTESIAN_POINT('',(-4.375195987224,-1.714184917771));
#1877 = CARTESIAN_POINT('',(-4.381115104371,-1.60309817304));
#1878 = CARTESIAN_POINT('',(-4.396642987505,-1.273685274134));
#1879 = CARTESIAN_POINT('',(-4.405333037906,-1.041712918244));
#1880 = CARTESIAN_POINT('',(-4.412716810676,-0.794705767164));
#1881 = CARTESIAN_POINT('',(-4.418816305142,-0.536559048309));
#1882 = CARTESIAN_POINT('',(-4.423659576332,-0.270649507838));
#1883 = CARTESIAN_POINT('',(-4.427275847386,5.999999999062E-07));
#1884 = ( GEOMETRIC_REPRESENTATION_CONTEXT(2) 
PARAMETRIC_REPRESENTATION_CONTEXT() REPRESENTATION_CONTEXT('2D SPACE',''
  ) );
#1885 = PCURVE('',#1886,#1891);
#1886 = CYLINDRICAL_SURFACE('',#1887,3.4);
#1887 = AXIS2_PLACEMENT_3D('',#1888,#1889,#1890);
#1888 = CARTESIAN_POINT('',(35.,-10.,-26.));
#1889 = DIRECTION('',(-0.,-0.,-1.));
#1890 = DIRECTION('',(1.,0.,0.));
#1891 = DEFINITIONAL_REPRESENTATION('',(#1892),#1915);
#1892 = B_SPLINE_CURVE_WITH_KNOTS('',6,(#1893,#1894,#1895,#1896,#1897,
    #1898,#1899,#1900,#1901,#1902,#1903,#1904,#1905,#1906,#1907,#1908,
    #1909,#1910,#1911,#1912,#1913,#1914),.UNSPECIFIED.,.F.,.F.,(7,5,5,5,
    7),(0.,0.154528869599,0.326093757929,0.565635798651,1.),
  .UNSPECIFIED.);
#1893 = CARTESIAN_POINT('',(0.,-4.182575770729));
#1894 = CARTESIAN_POINT('',(-3.435372092531E-02,-4.129039363351));
#1895 = CARTESIAN_POINT('',(-6.887824423148E-02,-4.076144784503));
#1896 = CARTESIAN_POINT('',(-0.103532421664,-4.024076901961));
#1897 = CARTESIAN_POINT('',(-0.138278755945,-3.973000202469));
#1898 = CARTESIAN_POINT('',(-0.173080626275,-3.923059411307));
#1899 = CARTESIAN_POINT('',(-0.246557005948,-3.820334168265));
#1900 = CARTESIAN_POINT('',(-0.285223450855,-3.767860020376));
#1901 = CARTESIAN_POINT('',(-0.323844718298,-3.717129799474));
#1902 = CARTESIAN_POINT('',(-0.36236859022,-3.668279332504));
#1903 = CARTESIAN_POINT('',(-0.400740450328,-3.621412331409));
#1904 = CARTESIAN_POINT('',(-0.492176603134,-3.514043182362));
#1905 = CARTESIAN_POINT('',(-0.54499540388,-3.45554677619));
#1906 = CARTESIAN_POINT('',(-0.597316674085,-3.401159352845));
#1907 = CARTESIAN_POINT('',(-0.649093940586,-3.350856494638));
#1908 = CARTESIAN_POINT('',(-0.700265714096,-3.304563022245));
#1909 = CARTESIAN_POINT('',(-0.842288768593,-3.185300068855));
#1910 = CARTESIAN_POINT('',(-0.931523959211,-3.121288783654));
#1911 = CARTESIAN_POINT('',(-1.018859535367,-3.068706865016));
#1912 = CARTESIAN_POINT('',(-1.104587690115,-3.0263503849));
#1913 = CARTESIAN_POINT('',(-1.188977501711,-2.993295099969));
#1914 = CARTESIAN_POINT('',(-1.272264310247,-2.968883880067));
#1915 = ( GEOMETRIC_REPRESENTATION_CONTEXT(2) 
PARAMETRIC_REPRESENTATION_CONTEXT() REPRESENTATION_CONTEXT('2D SPACE',''
  ) );
#1916 = ORIENTED_EDGE('',*,*,#1917,.F.);
#1917 = EDGE_CURVE('',#1918,#1833,#1920,.T.);
#1918 = VERTEX_POINT('',#1919);
#1919 = CARTESIAN_POINT('',(36.,-13.24961536185,-20.01118918912));
#1920 = SURFACE_CURVE('',#1921,(#1940,#1962),.PCURVE_S1.);
#1921 = B_SPLINE_CURVE_WITH_KNOTS('',5,(#1922,#1923,#1924,#1925,#1926,
    #1927,#1928,#1929,#1930,#1931,#1932,#1933,#1934,#1935,#1936,#1937,
    #1938,#1939),.UNSPECIFIED.,.F.,.F.,(6,4,4,4,6),(0.,0.193869540624,
    0.486150692981,0.737979631334,1.),.UNSPECIFIED.);
#1922 = CARTESIAN_POINT('',(35.9999994,-13.24961554649,-20.01118906687)
  );
#1923 = CARTESIAN_POINT('',(36.150747991525,-13.20322590472,
    -20.04190412916));
#1924 = CARTESIAN_POINT('',(36.298956132016,-13.14804877194,
    -20.07824409169));
#1925 = CARTESIAN_POINT('',(36.444057687832,-13.08422037783,
    -20.11997394108));
#1926 = CARTESIAN_POINT('',(36.585475697432,-13.01190497148,
    -20.16679156054));
#1927 = CARTESIAN_POINT('',(36.929385873265,-12.80980169902,
    -20.29605340968));
#1928 = CARTESIAN_POINT('',(37.126419925415,-12.66948559954,
    -20.38451080712));
#1929 = CARTESIAN_POINT('',(37.311968007203,-12.51092716022,
    -20.48257910967));
#1930 = CARTESIAN_POINT('',(37.484108332151,-12.33472950247,
    -20.58894152606));
#1931 = CARTESIAN_POINT('',(37.775522176284,-11.97542941039,
    -20.79966962035));
#1932 = CARTESIAN_POINT('',(37.89889594258,-11.79655840596,
    -20.90233257248));
#1933 = CARTESIAN_POINT('',(38.009258694511,-11.6057100966,
    -21.0091506247));
#1934 = CARTESIAN_POINT('',(38.104996644491,-11.40367613582,
    -21.11903611687));
#1935 = CARTESIAN_POINT('',(38.266975411317,-10.97078299344,
    -21.34722899876));
#1936 = CARTESIAN_POINT('',(38.331981739627,-10.73877740282,
    -21.46586200696));
#1937 = CARTESIAN_POINT('',(38.376935382264,-10.49775042114,
    -21.58493208406));
#1938 = CARTESIAN_POINT('',(38.4,-10.25047099175,-21.70262103842));
#1939 = CARTESIAN_POINT('',(38.4,-10.,-21.81742422927));
#1940 = PCURVE('',#574,#1941);
#1941 = DEFINITIONAL_REPRESENTATION('',(#1942),#1961);
#1942 = B_SPLINE_CURVE_WITH_KNOTS('',5,(#1943,#1944,#1945,#1946,#1947,
    #1948,#1949,#1950,#1951,#1952,#1953,#1954,#1955,#1956,#1957,#1958,
    #1959,#1960),.UNSPECIFIED.,.F.,.F.,(6,4,4,4,6),(0.,0.193869540624,
    0.486150692981,0.737979631334,1.),.UNSPECIFIED.);
#1943 = CARTESIAN_POINT('',(-4.12754738155,5.999999999062E-07));
#1944 = CARTESIAN_POINT('',(-4.129865566722,-0.150747991525));
#1945 = CARTESIAN_POINT('',(-4.132618432231,-0.298956132016));
#1946 = CARTESIAN_POINT('',(-4.135795865656,-0.444057687832));
#1947 = CARTESIAN_POINT('',(-4.139385293701,-0.585475697432));
#1948 = CARTESIAN_POINT('',(-4.149381330971,-0.929385873265));
#1949 = CARTESIAN_POINT('',(-4.15629249354,-1.126419925415));
#1950 = CARTESIAN_POINT('',(-4.164060194177,-1.311968007203));
#1951 = CARTESIAN_POINT('',(-4.172635003419,-1.484108332151));
#1952 = CARTESIAN_POINT('',(-4.189990702425,-1.775522176284));
#1953 = CARTESIAN_POINT('',(-4.198583617926,-1.89889594258));
#1954 = CARTESIAN_POINT('',(-4.207695662606,-2.009258694511));
#1955 = CARTESIAN_POINT('',(-4.217277504317,-2.104996644491));
#1956 = CARTESIAN_POINT('',(-4.237667302286,-2.266975411317));
#1957 = CARTESIAN_POINT('',(-4.248523843768,-2.331981739627));
#1958 = CARTESIAN_POINT('',(-4.259723705886,-2.376935382264));
#1959 = CARTESIAN_POINT('',(-4.271133229995,-2.4));
#1960 = CARTESIAN_POINT('',(-4.28261354908,-2.4));
#1961 = ( GEOMETRIC_REPRESENTATION_CONTEXT(2) 
PARAMETRIC_REPRESENTATION_CONTEXT() REPRESENTATION_CONTEXT('2D SPACE',''
  ) );
#1962 = PCURVE('',#1886,#1963);
#1963 = DEFINITIONAL_REPRESENTATION('',(#1964),#1983);
#1964 = B_SPLINE_CURVE_WITH_KNOTS('',5,(#1965,#1966,#1967,#1968,#1969,
    #1970,#1971,#1972,#1973,#1974,#1975,#1976,#1977,#1978,#1979,#1980,
    #1981,#1982),.UNSPECIFIED.,.F.,.F.,(6,4,4,4,6),(0.,0.193869540624,
    0.486150692981,0.737979631334,1.),.UNSPECIFIED.);
#1965 = CARTESIAN_POINT('',(-5.010920996932,-5.988810933126));
#1966 = CARTESIAN_POINT('',(-5.057310666531,-5.958095870834));
#1967 = CARTESIAN_POINT('',(-5.103746363742,-5.921755908306));
#1968 = CARTESIAN_POINT('',(-5.150265094026,-5.880026058912));
#1969 = CARTESIAN_POINT('',(-5.196901076069,-5.833208439456));
#1970 = CARTESIAN_POINT('',(-5.314224137937,-5.703946590311));
#1971 = CARTESIAN_POINT('',(-5.385096007328,-5.615489192877));
#1972 = CARTESIAN_POINT('',(-5.456505077273,-5.51742089033));
#1973 = CARTESIAN_POINT('',(-5.528646413352,-5.41105847394));
#1974 = CARTESIAN_POINT('',(-5.66471153894,-5.200330379646));
#1975 = CARTESIAN_POINT('',(-5.728428376352,-5.097667427516));
#1976 = CARTESIAN_POINT('',(-5.792991455281,-4.990849375293));
#1977 = CARTESIAN_POINT('',(-5.85851290966,-4.880963883121));
#1978 = CARTESIAN_POINT('',(-5.994455598591,-4.652771001239));
#1979 = CARTESIAN_POINT('',(-6.065065358977,-4.534137993035));
#1980 = CARTESIAN_POINT('',(-6.136787995669,-4.415067915939));
#1981 = CARTESIAN_POINT('',(-6.209517368427,-4.297378961576));
#1982 = CARTESIAN_POINT('',(-6.28318530718,-4.182575770729));
#1983 = ( GEOMETRIC_REPRESENTATION_CONTEXT(2) 
PARAMETRIC_REPRESENTATION_CONTEXT() REPRESENTATION_CONTEXT('2D SPACE',''
  ) );
#1984 = ORIENTED_EDGE('',*,*,#1985,.F.);
#1985 = EDGE_CURVE('',#1986,#1918,#1988,.T.);
#1986 = VERTEX_POINT('',#1987);
#1987 = CARTESIAN_POINT('',(36.,-4.130677910465,23.641859063957));
#1988 = SURFACE_CURVE('',#1989,(#1994,#2001),.PCURVE_S1.);
#1989 = CIRCLE('',#1990,24.);
#1990 = AXIS2_PLACEMENT_3D('',#1991,#1992,#1993);
#1991 = CARTESIAN_POINT('',(36.,0.,0.));
#1992 = DIRECTION('',(1.,0.,0.));
#1993 = DIRECTION('',(0.,1.,0.));
#1994 = PCURVE('',#574,#1995);
#1995 = DEFINITIONAL_REPRESENTATION('',(#1996),#2000);
#1996 = LINE('',#1997,#1998);
#1997 = CARTESIAN_POINT('',(-0.,0.));
#1998 = VECTOR('',#1999,1.);
#1999 = DIRECTION('',(-1.,0.));
#2000 = ( GEOMETRIC_REPRESENTATION_CONTEXT(2) 
PARAMETRIC_REPRESENTATION_CONTEXT() REPRESENTATION_CONTEXT('2D SPACE',''
  ) );
#2001 = PCURVE('',#1611,#2002);
#2002 = DEFINITIONAL_REPRESENTATION('',(#2003),#2007);
#2003 = CIRCLE('',#2004,24.);
#2004 = AXIS2_PLACEMENT_2D('',#2005,#2006);
#2005 = CARTESIAN_POINT('',(6.80906842916E-17,-1.367440132539E-15));
#2006 = DIRECTION('',(0.,-1.));
#2007 = ( GEOMETRIC_REPRESENTATION_CONTEXT(2) 
PARAMETRIC_REPRESENTATION_CONTEXT() REPRESENTATION_CONTEXT('2D SPACE',''
  ) );
#2008 = ORIENTED_EDGE('',*,*,#2009,.T.);
#2009 = EDGE_CURVE('',#1986,#2010,#2012,.T.);
#2010 = VERTEX_POINT('',#2011);
#2011 = CARTESIAN_POINT('',(37.75,0.,24.));
#2012 = SURFACE_CURVE('',#2013,(#2026,#2042),.PCURVE_S1.);
#2013 = B_SPLINE_CURVE_WITH_KNOTS('',6,(#2014,#2015,#2016,#2017,#2018,
    #2019,#2020,#2021,#2022,#2023,#2024,#2025),.UNSPECIFIED.,.F.,.F.,(7,
    5,7),(0.,0.485401349622,1.),.UNSPECIFIED.);
#2014 = CARTESIAN_POINT('',(35.9999994,-4.130678491483,23.641858962442)
  );
#2015 = CARTESIAN_POINT('',(36.235836489457,-3.90230239824,
    23.68176057161));
#2016 = CARTESIAN_POINT('',(36.461423569781,-3.652542235944,
    23.722670330119));
#2017 = CARTESIAN_POINT('',(36.674436057942,-3.380963884569,
    23.763726546364));
#2018 = CARTESIAN_POINT('',(36.872221763628,-3.087292359758,
    23.803873936753));
#2019 = CARTESIAN_POINT('',(37.05173018283,-2.77151594649,
    23.841849639196));
#2020 = CARTESIAN_POINT('',(37.376603759047,-2.076200352394,
    23.912731953705));
#2021 = CARTESIAN_POINT('',(37.520196464239,-1.69197681386,
    23.945398923864));
#2022 = CARTESIAN_POINT('',(37.63323731251,-1.286052919119,
    23.972023975824));
#2023 = CARTESIAN_POINT('',(37.710807199542,-0.864313361218,
    23.990610494577));
#2024 = CARTESIAN_POINT('',(37.75,-0.433355528822,24.));
#2025 = CARTESIAN_POINT('',(37.75,0.,24.));
#2026 = PCURVE('',#574,#2027);
#2027 = DEFINITIONAL_REPRESENTATION('',(#2028),#2041);
#2028 = B_SPLINE_CURVE_WITH_KNOTS('',6,(#2029,#2030,#2031,#2032,#2033,
    #2034,#2035,#2036,#2037,#2038,#2039,#2040),.UNSPECIFIED.,.F.,.F.,(7,
    5,7),(0.,0.485401349622,1.),.UNSPECIFIED.);
#2029 = CARTESIAN_POINT('',(-1.74376918795,5.999999999062E-07));
#2030 = CARTESIAN_POINT('',(-1.734109368322,-0.235836489457));
#2031 = CARTESIAN_POINT('',(-1.72356461335,-0.461423569781));
#2032 = CARTESIAN_POINT('',(-1.712121653112,-0.674436057942));
#2033 = CARTESIAN_POINT('',(-1.699773688078,-0.872221763628));
#2034 = CARTESIAN_POINT('',(-1.6865237038,-1.05173018283));
#2035 = CARTESIAN_POINT('',(-1.657402069579,-1.376603759046));
#2036 = CARTESIAN_POINT('',(-1.641337250547,-1.52019646424));
#2037 = CARTESIAN_POINT('',(-1.624392428978,-1.63323731251));
#2038 = CARTESIAN_POINT('',(-1.60680939134,-1.710807199542));
#2039 = CARTESIAN_POINT('',(-1.588852807162,-1.75));
#2040 = CARTESIAN_POINT('',(-1.570796326795,-1.75));
#2041 = ( GEOMETRIC_REPRESENTATION_CONTEXT(2) 
PARAMETRIC_REPRESENTATION_CONTEXT() REPRESENTATION_CONTEXT('2D SPACE',''
  ) );
#2042 = PCURVE('',#2043,#2048);
#2043 = CYLINDRICAL_SURFACE('',#2044,5.75);
#2044 = AXIS2_PLACEMENT_3D('',#2045,#2046,#2047);
#2045 = CARTESIAN_POINT('',(32.,0.,26.));
#2046 = DIRECTION('',(0.,0.,1.));
#2047 = DIRECTION('',(1.,0.,0.));
#2048 = DEFINITIONAL_REPRESENTATION('',(#2049),#2062);
#2049 = B_SPLINE_CURVE_WITH_KNOTS('',6,(#2050,#2051,#2052,#2053,#2054,
    #2055,#2056,#2057,#2058,#2059,#2060,#2061),.UNSPECIFIED.,.F.,.F.,(7,
    5,7),(0.,0.485401349622,1.),.UNSPECIFIED.);
#2050 = CARTESIAN_POINT('',(5.481716178653,-2.358141037558));
#2051 = CARTESIAN_POINT('',(5.538810210528,-2.31823942839));
#2052 = CARTESIAN_POINT('',(5.597210796481,-2.277329669881));
#2053 = CARTESIAN_POINT('',(5.657014801262,-2.236273453636));
#2054 = CARTESIAN_POINT('',(5.718336543804,-2.196126063247));
#2055 = CARTESIAN_POINT('',(5.781306357098,-2.158150360804));
#2056 = CARTESIAN_POINT('',(5.914778994387,-2.087268046295));
#2057 = CARTESIAN_POINT('',(5.985889414276,-2.054601076136));
#2058 = CARTESIAN_POINT('',(6.058753227505,-2.027976024176));
#2059 = CARTESIAN_POINT('',(6.132869969617,-2.009389505423));
#2060 = CARTESIAN_POINT('',(6.207819128254,-2.));
#2061 = CARTESIAN_POINT('',(6.28318530718,-2.));
#2062 = ( GEOMETRIC_REPRESENTATION_CONTEXT(2) 
PARAMETRIC_REPRESENTATION_CONTEXT() REPRESENTATION_CONTEXT('2D SPACE',''
  ) );
#2063 = ORIENTED_EDGE('',*,*,#2064,.T.);
#2064 = EDGE_CURVE('',#2010,#1595,#2065,.T.);
#2065 = SURFACE_CURVE('',#2066,(#2079,#2095),.PCURVE_S1.);
#2066 = B_SPLINE_CURVE_WITH_KNOTS('',6,(#2067,#2068,#2069,#2070,#2071,
    #2072,#2073,#2074,#2075,#2076,#2077,#2078),.UNSPECIFIED.,.F.,.F.,(7,
    5,7),(0.,0.514602586804,1.),.UNSPECIFIED.);
#2067 = CARTESIAN_POINT('',(37.75,3.061616997868E-17,24.));
#2068 = CARTESIAN_POINT('',(37.75,0.433369104857,24.));
#2069 = CARTESIAN_POINT('',(37.710804748034,0.864324886412,
    23.990609907373));
#2070 = CARTESIAN_POINT('',(37.633235249031,1.286055573953,
    23.972023487018));
#2071 = CARTESIAN_POINT('',(37.520197560127,1.691971219331,
    23.945399223457));
#2072 = CARTESIAN_POINT('',(37.376607269027,2.076192840105,
    23.912732719527));
#2073 = CARTESIAN_POINT('',(37.051729357154,2.771517713655,
    23.841849459047));
#2074 = CARTESIAN_POINT('',(36.872220804652,3.087293698247,
    23.803873739419));
#2075 = CARTESIAN_POINT('',(36.674435985513,3.380963493699,
    23.763726553071));
#2076 = CARTESIAN_POINT('',(36.461425089609,3.652540117694,
    23.722670643447));
#2077 = CARTESIAN_POINT('',(36.235838930464,3.902300034457,
    23.681760984608));
#2078 = CARTESIAN_POINT('',(35.9999994,4.130678491483,23.641858962442));
#2079 = PCURVE('',#574,#2080);
#2080 = DEFINITIONAL_REPRESENTATION('',(#2081),#2094);
#2081 = B_SPLINE_CURVE_WITH_KNOTS('',6,(#2082,#2083,#2084,#2085,#2086,
    #2087,#2088,#2089,#2090,#2091,#2092,#2093),.UNSPECIFIED.,.F.,.F.,(7,
    5,7),(0.,0.514602586804,1.),.UNSPECIFIED.);
#2082 = CARTESIAN_POINT('',(-1.570796326795,-1.75));
#2083 = CARTESIAN_POINT('',(-1.552739280759,-1.75));
#2084 = CARTESIAN_POINT('',(-1.534782782004,-1.710804748034));
#2085 = CARTESIAN_POINT('',(-1.517200113002,-1.633235249031));
#2086 = CARTESIAN_POINT('',(-1.500255636163,-1.520197560127));
#2087 = CARTESIAN_POINT('',(-1.484190898645,-1.376607269027));
#2088 = CARTESIAN_POINT('',(-1.455068875777,-1.051729357154));
#2089 = CARTESIAN_POINT('',(-1.441818909202,-0.872220804652));
#2090 = CARTESIAN_POINT('',(-1.429471016611,-0.674435985513));
#2091 = CARTESIAN_POINT('',(-1.418028129438,-0.461425089609));
#2092 = CARTESIAN_POINT('',(-1.40748338525,-0.235838930464));
#2093 = CARTESIAN_POINT('',(-1.39782346564,5.999999999062E-07));
#2094 = ( GEOMETRIC_REPRESENTATION_CONTEXT(2) 
PARAMETRIC_REPRESENTATION_CONTEXT() REPRESENTATION_CONTEXT('2D SPACE',''
  ) );
#2095 = PCURVE('',#2043,#2096);
#2096 = DEFINITIONAL_REPRESENTATION('',(#2097),#2110);
#2097 = B_SPLINE_CURVE_WITH_KNOTS('',6,(#2098,#2099,#2100,#2101,#2102,
    #2103,#2104,#2105,#2106,#2107,#2108,#2109),.UNSPECIFIED.,.F.,.F.,(7,
    5,7),(0.,0.514602586804,1.),.UNSPECIFIED.);
#2098 = CARTESIAN_POINT('',(0.,-2.));
#2099 = CARTESIAN_POINT('',(7.536853997521E-02,-2.));
#2100 = CARTESIAN_POINT('',(0.150317341719,-2.009390092627));
#2101 = CARTESIAN_POINT('',(0.224432614038,-2.027976512982));
#2102 = CARTESIAN_POINT('',(0.29729493033,-2.054600776543));
#2103 = CARTESIAN_POINT('',(0.368404870735,-2.087267280473));
#2104 = CARTESIAN_POINT('',(0.501879289306,-2.158150540953));
#2105 = CARTESIAN_POINT('',(0.564849045014,-2.196126260581));
#2106 = CARTESIAN_POINT('',(0.626170457,-2.236273446929));
#2107 = CARTESIAN_POINT('',(0.685974064784,-2.277329356553));
#2108 = CARTESIAN_POINT('',(0.744374505706,-2.318239015392));
#2109 = CARTESIAN_POINT('',(0.801469128526,-2.358141037558));
#2110 = ( GEOMETRIC_REPRESENTATION_CONTEXT(2) 
PARAMETRIC_REPRESENTATION_CONTEXT() REPRESENTATION_CONTEXT('2D SPACE',''
  ) );
#2111 = ADVANCED_FACE('',(#2112,#2118),#628,.T.);
#2112 = FACE_BOUND('',#2113,.T.);
#2113 = EDGE_LOOP('',(#2114,#2115,#2116,#2117));
#2114 = ORIENTED_EDGE('',*,*,#612,.F.);
#2115 = ORIENTED_EDGE('',*,*,#688,.T.);
#2116 = ORIENTED_EDGE('',*,*,#764,.T.);
#2117 = ORIENTED_EDGE('',*,*,#737,.F.);
#2118 = FACE_BOUND('',#2119,.T.);
#2119 = EDGE_LOOP('',(#2120));
#2120 = ORIENTED_EDGE('',*,*,#2121,.F.);
#2121 = EDGE_CURVE('',#2122,#2122,#2124,.T.);
#2122 = VERTEX_POINT('',#2123);
#2123 = CARTESIAN_POINT('',(37.75,0.,25.));
#2124 = SURFACE_CURVE('',#2125,(#2130,#2137),.PCURVE_S1.);
#2125 = CIRCLE('',#2126,5.75);
#2126 = AXIS2_PLACEMENT_3D('',#2127,#2128,#2129);
#2127 = CARTESIAN_POINT('',(32.,0.,25.));
#2128 = DIRECTION('',(0.,0.,1.));
#2129 = DIRECTION('',(1.,0.,-0.));
#2130 = PCURVE('',#628,#2131);
#2131 = DEFINITIONAL_REPRESENTATION('',(#2132),#2136);
#2132 = CIRCLE('',#2133,5.75);
#2133 = AXIS2_PLACEMENT_2D('',#2134,#2135);
#2134 = CARTESIAN_POINT('',(12.,12.));
#2135 = DIRECTION('',(1.,0.));
#2136 = ( GEOMETRIC_REPRESENTATION_CONTEXT(2) 
PARAMETRIC_REPRESENTATION_CONTEXT() REPRESENTATION_CONTEXT('2D SPACE',''
  ) );
#2137 = PCURVE('',#2043,#2138);
#2138 = DEFINITIONAL_REPRESENTATION('',(#2139),#2143);
#2139 = LINE('',#2140,#2141);
#2140 = CARTESIAN_POINT('',(0.,-1.));
#2141 = VECTOR('',#2142,1.);
#2142 = DIRECTION('',(1.,0.));
#2143 = ( GEOMETRIC_REPRESENTATION_CONTEXT(2) 
PARAMETRIC_REPRESENTATION_CONTEXT() REPRESENTATION_CONTEXT('2D SPACE',''
  ) );
#2144 = ADVANCED_FACE('',(#2145,#2151),#829,.T.);
#2145 = FACE_BOUND('',#2146,.T.);
#2146 = EDGE_LOOP('',(#2147,#2148,#2149,#2150));
#2147 = ORIENTED_EDGE('',*,*,#813,.F.);
#2148 = ORIENTED_EDGE('',*,*,#889,.T.);
#2149 = ORIENTED_EDGE('',*,*,#965,.T.);
#2150 = ORIENTED_EDGE('',*,*,#938,.F.);
#2151 = FACE_BOUND('',#2152,.T.);
#2152 = EDGE_LOOP('',(#2153));
#2153 = ORIENTED_EDGE('',*,*,#2154,.F.);
#2154 = EDGE_CURVE('',#2155,#2155,#2157,.T.);
#2155 = VERTEX_POINT('',#2156);
#2156 = CARTESIAN_POINT('',(-26.25,0.,25.));
#2157 = SURFACE_CURVE('',#2158,(#2163,#2170),.PCURVE_S1.);
#2158 = CIRCLE('',#2159,5.75);
#2159 = AXIS2_PLACEMENT_3D('',#2160,#2161,#2162);
#2160 = CARTESIAN_POINT('',(-32.,0.,25.));
#2161 = DIRECTION('',(0.,0.,1.));
#2162 = DIRECTION('',(1.,0.,-0.));
#2163 = PCURVE('',#829,#2164);
#2164 = DEFINITIONAL_REPRESENTATION('',(#2165),#2169);
#2165 = CIRCLE('',#2166,5.75);
#2166 = AXIS2_PLACEMENT_2D('',#2167,#2168);
#2167 = CARTESIAN_POINT('',(12.,12.));
#2168 = DIRECTION('',(1.,0.));
#2169 = ( GEOMETRIC_REPRESENTATION_CONTEXT(2) 
PARAMETRIC_REPRESENTATION_CONTEXT() REPRESENTATION_CONTEXT('2D SPACE',''
  ) );
#2170 = PCURVE('',#1299,#2171);
#2171 = DEFINITIONAL_REPRESENTATION('',(#2172),#2176);
#2172 = LINE('',#2173,#2174);
#2173 = CARTESIAN_POINT('',(0.,-1.));
#2174 = VECTOR('',#2175,1.);
#2175 = DIRECTION('',(1.,0.));
#2176 = ( GEOMETRIC_REPRESENTATION_CONTEXT(2) 
PARAMETRIC_REPRESENTATION_CONTEXT() REPRESENTATION_CONTEXT('2D SPACE',''
  ) );
#2177 = ADVANCED_FACE('',(#2178,#2184,#2214,#2244,#2274),#1052,.F.);
#2178 = FACE_BOUND('',#2179,.F.);
#2179 = EDGE_LOOP('',(#2180,#2181,#2182,#2183));
#2180 = ORIENTED_EDGE('',*,*,#1038,.F.);
#2181 = ORIENTED_EDGE('',*,*,#1092,.T.);
#2182 = ORIENTED_EDGE('',*,*,#1141,.T.);
#2183 = ORIENTED_EDGE('',*,*,#1168,.F.);
#2184 = FACE_BOUND('',#2185,.F.);
#2185 = EDGE_LOOP('',(#2186));
#2186 = ORIENTED_EDGE('',*,*,#2187,.T.);
#2187 = EDGE_CURVE('',#2188,#2188,#2190,.T.);
#2188 = VERTEX_POINT('',#2189);
#2189 = CARTESIAN_POINT('',(-31.6,-10.,-25.));
#2190 = SURFACE_CURVE('',#2191,(#2196,#2207),.PCURVE_S1.);
#2191 = CIRCLE('',#2192,3.4);
#2192 = AXIS2_PLACEMENT_3D('',#2193,#2194,#2195);
#2193 = CARTESIAN_POINT('',(-35.,-10.,-25.));
#2194 = DIRECTION('',(0.,0.,-1.));
#2195 = DIRECTION('',(1.,0.,0.));
#2196 = PCURVE('',#1052,#2197);
#2197 = DEFINITIONAL_REPRESENTATION('',(#2198),#2206);
#2198 = ( BOUNDED_CURVE() B_SPLINE_CURVE(2,(#2199,#2200,#2201,#2202,
#2203,#2204,#2205),.UNSPECIFIED.,.T.,.F.) B_SPLINE_CURVE_WITH_KNOTS((1,2
    ,2,2,2,1),(-2.094395102393,0.,2.094395102393,4.188790204786,
6.28318530718,8.377580409573),.UNSPECIFIED.) CURVE() 
GEOMETRIC_REPRESENTATION_ITEM() RATIONAL_B_SPLINE_CURVE((1.,0.5,1.,0.5,
1.,0.5,1.)) REPRESENTATION_ITEM('') );
#2199 = CARTESIAN_POINT('',(13.4,6.));
#2200 = CARTESIAN_POINT('',(13.4,0.111027254266));
#2201 = CARTESIAN_POINT('',(8.3,3.055513627133));
#2202 = CARTESIAN_POINT('',(3.2,6.));
#2203 = CARTESIAN_POINT('',(8.3,8.944486372867));
#2204 = CARTESIAN_POINT('',(13.4,11.888972745734));
#2205 = CARTESIAN_POINT('',(13.4,6.));
#2206 = ( GEOMETRIC_REPRESENTATION_CONTEXT(2) 
PARAMETRIC_REPRESENTATION_CONTEXT() REPRESENTATION_CONTEXT('2D SPACE',''
  ) );
#2207 = PCURVE('',#1418,#2208);
#2208 = DEFINITIONAL_REPRESENTATION('',(#2209),#2213);
#2209 = LINE('',#2210,#2211);
#2210 = CARTESIAN_POINT('',(-6.28318530718,-1.));
#2211 = VECTOR('',#2212,1.);
#2212 = DIRECTION('',(1.,-0.));
#2213 = ( GEOMETRIC_REPRESENTATION_CONTEXT(2) 
PARAMETRIC_REPRESENTATION_CONTEXT() REPRESENTATION_CONTEXT('2D SPACE',''
  ) );
#2214 = FACE_BOUND('',#2215,.F.);
#2215 = EDGE_LOOP('',(#2216));
#2216 = ORIENTED_EDGE('',*,*,#2217,.T.);
#2217 = EDGE_CURVE('',#2218,#2218,#2220,.T.);
#2218 = VERTEX_POINT('',#2219);
#2219 = CARTESIAN_POINT('',(38.4,-10.,-25.));
#2220 = SURFACE_CURVE('',#2221,(#2226,#2237),.PCURVE_S1.);
#2221 = CIRCLE('',#2222,3.4);
#2222 = AXIS2_PLACEMENT_3D('',#2223,#2224,#2225);
#2223 = CARTESIAN_POINT('',(35.,-10.,-25.));
#2224 = DIRECTION('',(0.,0.,-1.));
#2225 = DIRECTION('',(1.,0.,0.));
#2226 = PCURVE('',#1052,#2227);
#2227 = DEFINITIONAL_REPRESENTATION('',(#2228),#2236);
#2228 = ( BOUNDED_CURVE() B_SPLINE_CURVE(2,(#2229,#2230,#2231,#2232,
#2233,#2234,#2235),.UNSPECIFIED.,.T.,.F.) B_SPLINE_CURVE_WITH_KNOTS((1,2
    ,2,2,2,1),(-2.094395102393,0.,2.094395102393,4.188790204786,
6.28318530718,8.377580409573),.UNSPECIFIED.) CURVE() 
GEOMETRIC_REPRESENTATION_ITEM() RATIONAL_B_SPLINE_CURVE((1.,0.5,1.,0.5,
1.,0.5,1.)) REPRESENTATION_ITEM('') );
#2229 = CARTESIAN_POINT('',(83.4,6.));
#2230 = CARTESIAN_POINT('',(83.4,0.111027254266));
#2231 = CARTESIAN_POINT('',(78.3,3.055513627133));
#2232 = CARTESIAN_POINT('',(73.2,6.));
#2233 = CARTESIAN_POINT('',(78.3,8.944486372867));
#2234 = CARTESIAN_POINT('',(83.4,11.888972745734));
#2235 = CARTESIAN_POINT('',(83.4,6.));
#2236 = ( GEOMETRIC_REPRESENTATION_CONTEXT(2) 
PARAMETRIC_REPRESENTATION_CONTEXT() REPRESENTATION_CONTEXT('2D SPACE',''
  ) );
#2237 = PCURVE('',#1886,#2238);
#2238 = DEFINITIONAL_REPRESENTATION('',(#2239),#2243);
#2239 = LINE('',#2240,#2241);
#2240 = CARTESIAN_POINT('',(-6.28318530718,-1.));
#2241 = VECTOR('',#2242,1.);
#2242 = DIRECTION('',(1.,-0.));
#2243 = ( GEOMETRIC_REPRESENTATION_CONTEXT(2) 
PARAMETRIC_REPRESENTATION_CONTEXT() REPRESENTATION_CONTEXT('2D SPACE',''
  ) );
#2244 = FACE_BOUND('',#2245,.F.);
#2245 = EDGE_LOOP('',(#2246));
#2246 = ORIENTED_EDGE('',*,*,#2247,.T.);
#2247 = EDGE_CURVE('',#2248,#2248,#2250,.T.);
#2248 = VERTEX_POINT('',#2249);
#2249 = CARTESIAN_POINT('',(-31.6,10.,-25.));
#2250 = SURFACE_CURVE('',#2251,(#2256,#2267),.PCURVE_S1.);
#2251 = CIRCLE('',#2252,3.4);
#2252 = AXIS2_PLACEMENT_3D('',#2253,#2254,#2255);
#2253 = CARTESIAN_POINT('',(-35.,10.,-25.));
#2254 = DIRECTION('',(0.,0.,-1.));
#2255 = DIRECTION('',(1.,0.,0.));
#2256 = PCURVE('',#1052,#2257);
#2257 = DEFINITIONAL_REPRESENTATION('',(#2258),#2266);
#2258 = ( BOUNDED_CURVE() B_SPLINE_CURVE(2,(#2259,#2260,#2261,#2262,
#2263,#2264,#2265),.UNSPECIFIED.,.T.,.F.) B_SPLINE_CURVE_WITH_KNOTS((1,2
    ,2,2,2,1),(-2.094395102393,0.,2.094395102393,4.188790204786,
6.28318530718,8.377580409573),.UNSPECIFIED.) CURVE() 
GEOMETRIC_REPRESENTATION_ITEM() RATIONAL_B_SPLINE_CURVE((1.,0.5,1.,0.5,
1.,0.5,1.)) REPRESENTATION_ITEM('') );
#2259 = CARTESIAN_POINT('',(13.4,26.));
#2260 = CARTESIAN_POINT('',(13.4,20.111027254266));
#2261 = CARTESIAN_POINT('',(8.3,23.055513627133));
#2262 = CARTESIAN_POINT('',(3.2,26.));
#2263 = CARTESIAN_POINT('',(8.3,28.944486372867));
#2264 = CARTESIAN_POINT('',(13.4,31.888972745734));
#2265 = CARTESIAN_POINT('',(13.4,26.));
#2266 = ( GEOMETRIC_REPRESENTATION_CONTEXT(2) 
PARAMETRIC_REPRESENTATION_CONTEXT() REPRESENTATION_CONTEXT('2D SPACE',''
  ) );
#2267 = PCURVE('',#1534,#2268);
#2268 = DEFINITIONAL_REPRESENTATION('',(#2269),#2273);
#2269 = LINE('',#2270,#2271);
#2270 = CARTESIAN_POINT('',(-6.28318530718,-1.));
#2271 = VECTOR('',#2272,1.);
#2272 = DIRECTION('',(1.,-0.));
#2273 = ( GEOMETRIC_REPRESENTATION_CONTEXT(2) 
PARAMETRIC_REPRESENTATION_CONTEXT() REPRESENTATION_CONTEXT('2D SPACE',''
  ) );
#2274 = FACE_BOUND('',#2275,.F.);
#2275 = EDGE_LOOP('',(#2276));
#2276 = ORIENTED_EDGE('',*,*,#2277,.T.);
#2277 = EDGE_CURVE('',#2278,#2278,#2280,.T.);
#2278 = VERTEX_POINT('',#2279);
#2279 = CARTESIAN_POINT('',(38.4,10.,-25.));
#2280 = SURFACE_CURVE('',#2281,(#2286,#2297),.PCURVE_S1.);
#2281 = CIRCLE('',#2282,3.4);
#2282 = AXIS2_PLACEMENT_3D('',#2283,#2284,#2285);
#2283 = CARTESIAN_POINT('',(35.,10.,-25.));
#2284 = DIRECTION('',(0.,0.,-1.));
#2285 = DIRECTION('',(1.,0.,0.));
#2286 = PCURVE('',#1052,#2287);
#2287 = DEFINITIONAL_REPRESENTATION('',(#2288),#2296);
#2288 = ( BOUNDED_CURVE() B_SPLINE_CURVE(2,(#2289,#2290,#2291,#2292,
#2293,#2294,#2295),.UNSPECIFIED.,.T.,.F.) B_SPLINE_CURVE_WITH_KNOTS((1,2
    ,2,2,2,1),(-2.094395102393,0.,2.094395102393,4.188790204786,
6.28318530718,8.377580409573),.UNSPECIFIED.) CURVE() 
GEOMETRIC_REPRESENTATION_ITEM() RATIONAL_B_SPLINE_CURVE((1.,0.5,1.,0.5,
1.,0.5,1.)) REPRESENTATION_ITEM('') );
#2289 = CARTESIAN_POINT('',(83.4,26.));
#2290 = CARTESIAN_POINT('',(83.4,20.111027254266));
#2291 = CARTESIAN_POINT('',(78.3,23.055513627133));
#2292 = CARTESIAN_POINT('',(73.2,26.));
#2293 = CARTESIAN_POINT('',(78.3,28.944486372867));
#2294 = CARTESIAN_POINT('',(83.4,31.888972745734));
#2295 = CARTESIAN_POINT('',(83.4,26.));
#2296 = ( GEOMETRIC_REPRESENTATION_CONTEXT(2) 
PARAMETRIC_REPRESENTATION_CONTEXT() REPRESENTATION_CONTEXT('2D SPACE',''
  ) );
#2297 = PCURVE('',#1716,#2298);
#2298 = DEFINITIONAL_REPRESENTATION('',(#2299),#2303);
#2299 = LINE('',#2300,#2301);
#2300 = CARTESIAN_POINT('',(-6.28318530718,-1.));
#2301 = VECTOR('',#2302,1.);
#2302 = DIRECTION('',(1.,-0.));
#2303 = ( GEOMETRIC_REPRESENTATION_CONTEXT(2) 
PARAMETRIC_REPRESENTATION_CONTEXT() REPRESENTATION_CONTEXT('2D SPACE',''
  ) );
#2304 = ADVANCED_FACE('',(#2305,#2509),#1233,.F.);
#2305 = FACE_BOUND('',#2306,.F.);
#2306 = EDGE_LOOP('',(#2307,#2335,#2354,#2355,#2376,#2402,#2421,#2422,
    #2443,#2469,#2488,#2489,#2490));
#2307 = ORIENTED_EDGE('',*,*,#2308,.T.);
#2308 = EDGE_CURVE('',#2309,#2311,#2313,.T.);
#2309 = VERTEX_POINT('',#2310);
#2310 = CARTESIAN_POINT('',(-36.,4.130677910465,14.));
#2311 = VERTEX_POINT('',#2312);
#2312 = CARTESIAN_POINT('',(-36.,-4.130677910465,14.));
#2313 = SURFACE_CURVE('',#2314,(#2318,#2324),.PCURVE_S1.);
#2314 = LINE('',#2315,#2316);
#2315 = CARTESIAN_POINT('',(-36.,-4.443585383516E-16,14.));
#2316 = VECTOR('',#2317,1.);
#2317 = DIRECTION('',(0.,-1.,0.));
#2318 = PCURVE('',#1233,#2319);
#2319 = DEFINITIONAL_REPRESENTATION('',(#2320),#2323);
#2320 = B_SPLINE_CURVE_WITH_KNOTS('',1,(#2321,#2322),.UNSPECIFIED.,.F.,
  .F.,(2,2),(-5.75,5.75),.PIECEWISE_BEZIER_KNOTS.);
#2321 = CARTESIAN_POINT('',(14.,-5.75));
#2322 = CARTESIAN_POINT('',(14.,5.75));
#2323 = ( GEOMETRIC_REPRESENTATION_CONTEXT(2) 
PARAMETRIC_REPRESENTATION_CONTEXT() REPRESENTATION_CONTEXT('2D SPACE',''
  ) );
#2324 = PCURVE('',#2325,#2330);
#2325 = PLANE('',#2326);
#2326 = AXIS2_PLACEMENT_3D('',#2327,#2328,#2329);
#2327 = CARTESIAN_POINT('',(-32.,4.787230558362E-16,14.));
#2328 = DIRECTION('',(0.,0.,1.));
#2329 = DIRECTION('',(1.,0.,-0.));
#2330 = DEFINITIONAL_REPRESENTATION('',(#2331),#2334);
#2331 = B_SPLINE_CURVE_WITH_KNOTS('',1,(#2332,#2333),.UNSPECIFIED.,.F.,
  .F.,(2,2),(-5.75,5.75),.PIECEWISE_BEZIER_KNOTS.);
#2332 = CARTESIAN_POINT('',(-4.,5.75));
#2333 = CARTESIAN_POINT('',(-4.,-5.75));
#2334 = ( GEOMETRIC_REPRESENTATION_CONTEXT(2) 
PARAMETRIC_REPRESENTATION_CONTEXT() REPRESENTATION_CONTEXT('2D SPACE',''
  ) );
#2335 = ORIENTED_EDGE('',*,*,#2336,.T.);
#2336 = EDGE_CURVE('',#2311,#1246,#2337,.T.);
#2337 = SURFACE_CURVE('',#2338,(#2342,#2348),.PCURVE_S1.);
#2338 = LINE('',#2339,#2340);
#2339 = CARTESIAN_POINT('',(-36.,-4.130677910465,26.));
#2340 = VECTOR('',#2341,1.);
#2341 = DIRECTION('',(0.,0.,1.));
#2342 = PCURVE('',#1233,#2343);
#2343 = DEFINITIONAL_REPRESENTATION('',(#2344),#2347);
#2344 = B_SPLINE_CURVE_WITH_KNOTS('',1,(#2345,#2346),.UNSPECIFIED.,.F.,
  .F.,(2,2),(-12.0000006,5.999999999062E-07),.PIECEWISE_BEZIER_KNOTS.);
#2345 = CARTESIAN_POINT('',(13.9999994,4.130677910465));
#2346 = CARTESIAN_POINT('',(26.0000006,4.130677910465));
#2347 = ( GEOMETRIC_REPRESENTATION_CONTEXT(2) 
PARAMETRIC_REPRESENTATION_CONTEXT() REPRESENTATION_CONTEXT('2D SPACE',''
  ) );
#2348 = PCURVE('',#1299,#2349);
#2349 = DEFINITIONAL_REPRESENTATION('',(#2350),#2353);
#2350 = B_SPLINE_CURVE_WITH_KNOTS('',1,(#2351,#2352),.UNSPECIFIED.,.F.,
  .F.,(2,2),(-12.0000006,5.999999999062E-07),.PIECEWISE_BEZIER_KNOTS.);
#2351 = CARTESIAN_POINT('',(3.943061636862,-12.0000006));
#2352 = CARTESIAN_POINT('',(3.943061636862,5.999999999062E-07));
#2353 = ( GEOMETRIC_REPRESENTATION_CONTEXT(2) 
PARAMETRIC_REPRESENTATION_CONTEXT() REPRESENTATION_CONTEXT('2D SPACE',''
  ) );
#2354 = ORIENTED_EDGE('',*,*,#1330,.T.);
#2355 = ORIENTED_EDGE('',*,*,#2356,.F.);
#2356 = EDGE_CURVE('',#2357,#1331,#2359,.T.);
#2357 = VERTEX_POINT('',#2358);
#2358 = CARTESIAN_POINT('',(-36.,-13.24961536185,-12.));
#2359 = SURFACE_CURVE('',#2360,(#2364,#2370),.PCURVE_S1.);
#2360 = LINE('',#2361,#2362);
#2361 = CARTESIAN_POINT('',(-36.,-13.24961536185,-26.));
#2362 = VECTOR('',#2363,1.);
#2363 = DIRECTION('',(-0.,-0.,-1.));
#2364 = PCURVE('',#1233,#2365);
#2365 = DEFINITIONAL_REPRESENTATION('',(#2366),#2369);
#2366 = B_SPLINE_CURVE_WITH_KNOTS('',1,(#2367,#2368),.UNSPECIFIED.,.F.,
  .F.,(2,2),(-14.0000006,5.999999999062E-07),.PIECEWISE_BEZIER_KNOTS.);
#2367 = CARTESIAN_POINT('',(-11.9999994,13.249615361854));
#2368 = CARTESIAN_POINT('',(-26.0000006,13.249615361854));
#2369 = ( GEOMETRIC_REPRESENTATION_CONTEXT(2) 
PARAMETRIC_REPRESENTATION_CONTEXT() REPRESENTATION_CONTEXT('2D SPACE',''
  ) );
#2370 = PCURVE('',#1418,#2371);
#2371 = DEFINITIONAL_REPRESENTATION('',(#2372),#2375);
#2372 = B_SPLINE_CURVE_WITH_KNOTS('',1,(#2373,#2374),.UNSPECIFIED.,.F.,
  .F.,(2,2),(-14.0000006,5.999999999062E-07),.PIECEWISE_BEZIER_KNOTS.);
#2373 = CARTESIAN_POINT('',(-4.4138567792,-14.0000006));
#2374 = CARTESIAN_POINT('',(-4.4138567792,5.999999999062E-07));
#2375 = ( GEOMETRIC_REPRESENTATION_CONTEXT(2) 
PARAMETRIC_REPRESENTATION_CONTEXT() REPRESENTATION_CONTEXT('2D SPACE',''
  ) );
#2376 = ORIENTED_EDGE('',*,*,#2377,.F.);
#2377 = EDGE_CURVE('',#2378,#2357,#2380,.T.);
#2378 = VERTEX_POINT('',#2379);
#2379 = CARTESIAN_POINT('',(-36.,-6.750384638146,-12.));
#2380 = SURFACE_CURVE('',#2381,(#2385,#2391),.PCURVE_S1.);
#2381 = LINE('',#2382,#2383);
#2382 = CARTESIAN_POINT('',(-36.,-5.,-12.));
#2383 = VECTOR('',#2384,1.);
#2384 = DIRECTION('',(0.,-1.,0.));
#2385 = PCURVE('',#1233,#2386);
#2386 = DEFINITIONAL_REPRESENTATION('',(#2387),#2390);
#2387 = B_SPLINE_CURVE_WITH_KNOTS('',1,(#2388,#2389),.UNSPECIFIED.,.F.,
  .F.,(2,2),(1.6,8.4),.PIECEWISE_BEZIER_KNOTS.);
#2388 = CARTESIAN_POINT('',(-12.,6.6));
#2389 = CARTESIAN_POINT('',(-12.,13.4));
#2390 = ( GEOMETRIC_REPRESENTATION_CONTEXT(2) 
PARAMETRIC_REPRESENTATION_CONTEXT() REPRESENTATION_CONTEXT('2D SPACE',''
  ) );
#2391 = PCURVE('',#2392,#2397);
#2392 = PLANE('',#2393);
#2393 = AXIS2_PLACEMENT_3D('',#2394,#2395,#2396);
#2394 = CARTESIAN_POINT('',(-35.,-10.,-12.));
#2395 = DIRECTION('',(0.,0.,1.));
#2396 = DIRECTION('',(1.,0.,-0.));
#2397 = DEFINITIONAL_REPRESENTATION('',(#2398),#2401);
#2398 = B_SPLINE_CURVE_WITH_KNOTS('',1,(#2399,#2400),.UNSPECIFIED.,.F.,
  .F.,(2,2),(1.6,8.4),.PIECEWISE_BEZIER_KNOTS.);
#2399 = CARTESIAN_POINT('',(-1.,3.4));
#2400 = CARTESIAN_POINT('',(-1.,-3.4));
#2401 = ( GEOMETRIC_REPRESENTATION_CONTEXT(2) 
PARAMETRIC_REPRESENTATION_CONTEXT() REPRESENTATION_CONTEXT('2D SPACE',''
  ) );
#2402 = ORIENTED_EDGE('',*,*,#2403,.T.);
#2403 = EDGE_CURVE('',#2378,#1355,#2404,.T.);
#2404 = SURFACE_CURVE('',#2405,(#2409,#2415),.PCURVE_S1.);
#2405 = LINE('',#2406,#2407);
#2406 = CARTESIAN_POINT('',(-36.,-6.750384638146,-26.));
#2407 = VECTOR('',#2408,1.);
#2408 = DIRECTION('',(-0.,-0.,-1.));
#2409 = PCURVE('',#1233,#2410);
#2410 = DEFINITIONAL_REPRESENTATION('',(#2411),#2414);
#2411 = B_SPLINE_CURVE_WITH_KNOTS('',1,(#2412,#2413),.UNSPECIFIED.,.F.,
  .F.,(2,2),(-14.0000006,5.999999999062E-07),.PIECEWISE_BEZIER_KNOTS.);
#2412 = CARTESIAN_POINT('',(-11.9999994,6.750384638146));
#2413 = CARTESIAN_POINT('',(-26.0000006,6.750384638146));
#2414 = ( GEOMETRIC_REPRESENTATION_CONTEXT(2) 
PARAMETRIC_REPRESENTATION_CONTEXT() REPRESENTATION_CONTEXT('2D SPACE',''
  ) );
#2415 = PCURVE('',#1418,#2416);
#2416 = DEFINITIONAL_REPRESENTATION('',(#2417),#2420);
#2417 = B_SPLINE_CURVE_WITH_KNOTS('',1,(#2418,#2419),.UNSPECIFIED.,.F.,
  .F.,(2,2),(-14.0000006,5.999999999062E-07),.PIECEWISE_BEZIER_KNOTS.);
#2418 = CARTESIAN_POINT('',(-1.86932852798,-14.0000006));
#2419 = CARTESIAN_POINT('',(-1.86932852798,5.999999999062E-07));
#2420 = ( GEOMETRIC_REPRESENTATION_CONTEXT(2) 
PARAMETRIC_REPRESENTATION_CONTEXT() REPRESENTATION_CONTEXT('2D SPACE',''
  ) );
#2421 = ORIENTED_EDGE('',*,*,#1454,.T.);
#2422 = ORIENTED_EDGE('',*,*,#2423,.F.);
#2423 = EDGE_CURVE('',#2424,#1455,#2426,.T.);
#2424 = VERTEX_POINT('',#2425);
#2425 = CARTESIAN_POINT('',(-36.,6.750384638146,-12.));
#2426 = SURFACE_CURVE('',#2427,(#2431,#2437),.PCURVE_S1.);
#2427 = LINE('',#2428,#2429);
#2428 = CARTESIAN_POINT('',(-36.,6.750384638146,-26.));
#2429 = VECTOR('',#2430,1.);
#2430 = DIRECTION('',(-0.,-0.,-1.));
#2431 = PCURVE('',#1233,#2432);
#2432 = DEFINITIONAL_REPRESENTATION('',(#2433),#2436);
#2433 = B_SPLINE_CURVE_WITH_KNOTS('',1,(#2434,#2435),.UNSPECIFIED.,.F.,
  .F.,(2,2),(-14.0000006,5.999999999062E-07),.PIECEWISE_BEZIER_KNOTS.);
#2434 = CARTESIAN_POINT('',(-11.9999994,-6.750384638146));
#2435 = CARTESIAN_POINT('',(-26.0000006,-6.750384638146));
#2436 = ( GEOMETRIC_REPRESENTATION_CONTEXT(2) 
PARAMETRIC_REPRESENTATION_CONTEXT() REPRESENTATION_CONTEXT('2D SPACE',''
  ) );
#2437 = PCURVE('',#1534,#2438);
#2438 = DEFINITIONAL_REPRESENTATION('',(#2439),#2442);
#2439 = B_SPLINE_CURVE_WITH_KNOTS('',1,(#2440,#2441),.UNSPECIFIED.,.F.,
  .F.,(2,2),(-14.0000006,5.999999999062E-07),.PIECEWISE_BEZIER_KNOTS.);
#2440 = CARTESIAN_POINT('',(-4.4138567792,-14.0000006));
#2441 = CARTESIAN_POINT('',(-4.4138567792,5.999999999062E-07));
#2442 = ( GEOMETRIC_REPRESENTATION_CONTEXT(2) 
PARAMETRIC_REPRESENTATION_CONTEXT() REPRESENTATION_CONTEXT('2D SPACE',''
  ) );
#2443 = ORIENTED_EDGE('',*,*,#2444,.F.);
#2444 = EDGE_CURVE('',#2445,#2424,#2447,.T.);
#2445 = VERTEX_POINT('',#2446);
#2446 = CARTESIAN_POINT('',(-36.,13.249615361854,-12.));
#2447 = SURFACE_CURVE('',#2448,(#2452,#2458),.PCURVE_S1.);
#2448 = LINE('',#2449,#2450);
#2449 = CARTESIAN_POINT('',(-36.,5.,-12.));
#2450 = VECTOR('',#2451,1.);
#2451 = DIRECTION('',(0.,-1.,0.));
#2452 = PCURVE('',#1233,#2453);
#2453 = DEFINITIONAL_REPRESENTATION('',(#2454),#2457);
#2454 = B_SPLINE_CURVE_WITH_KNOTS('',1,(#2455,#2456),.UNSPECIFIED.,.F.,
  .F.,(2,2),(-8.4,-1.6),.PIECEWISE_BEZIER_KNOTS.);
#2455 = CARTESIAN_POINT('',(-12.,-13.4));
#2456 = CARTESIAN_POINT('',(-12.,-6.6));
#2457 = ( GEOMETRIC_REPRESENTATION_CONTEXT(2) 
PARAMETRIC_REPRESENTATION_CONTEXT() REPRESENTATION_CONTEXT('2D SPACE',''
  ) );
#2458 = PCURVE('',#2459,#2464);
#2459 = PLANE('',#2460);
#2460 = AXIS2_PLACEMENT_3D('',#2461,#2462,#2463);
#2461 = CARTESIAN_POINT('',(-35.,10.,-12.));
#2462 = DIRECTION('',(0.,0.,1.));
#2463 = DIRECTION('',(1.,0.,-0.));
#2464 = DEFINITIONAL_REPRESENTATION('',(#2465),#2468);
#2465 = B_SPLINE_CURVE_WITH_KNOTS('',1,(#2466,#2467),.UNSPECIFIED.,.F.,
  .F.,(2,2),(-8.4,-1.6),.PIECEWISE_BEZIER_KNOTS.);
#2466 = CARTESIAN_POINT('',(-1.,3.4));
#2467 = CARTESIAN_POINT('',(-1.,-3.4));
#2468 = ( GEOMETRIC_REPRESENTATION_CONTEXT(2) 
PARAMETRIC_REPRESENTATION_CONTEXT() REPRESENTATION_CONTEXT('2D SPACE',''
  ) );
#2469 = ORIENTED_EDGE('',*,*,#2470,.T.);
#2470 = EDGE_CURVE('',#2445,#1479,#2471,.T.);
#2471 = SURFACE_CURVE('',#2472,(#2476,#2482),.PCURVE_S1.);
#2472 = LINE('',#2473,#2474);
#2473 = CARTESIAN_POINT('',(-36.,13.249615361854,-26.));
#2474 = VECTOR('',#2475,1.);
#2475 = DIRECTION('',(-0.,-0.,-1.));
#2476 = PCURVE('',#1233,#2477);
#2477 = DEFINITIONAL_REPRESENTATION('',(#2478),#2481);
#2478 = B_SPLINE_CURVE_WITH_KNOTS('',1,(#2479,#2480),.UNSPECIFIED.,.F.,
  .F.,(2,2),(-14.0000006,5.999999999062E-07),.PIECEWISE_BEZIER_KNOTS.);
#2479 = CARTESIAN_POINT('',(-11.9999994,-13.24961536185));
#2480 = CARTESIAN_POINT('',(-26.0000006,-13.24961536185));
#2481 = ( GEOMETRIC_REPRESENTATION_CONTEXT(2) 
PARAMETRIC_REPRESENTATION_CONTEXT() REPRESENTATION_CONTEXT('2D SPACE',''
  ) );
#2482 = PCURVE('',#1534,#2483);
#2483 = DEFINITIONAL_REPRESENTATION('',(#2484),#2487);
#2484 = B_SPLINE_CURVE_WITH_KNOTS('',1,(#2485,#2486),.UNSPECIFIED.,.F.,
  .F.,(2,2),(-14.0000006,5.999999999062E-07),.PIECEWISE_BEZIER_KNOTS.);
#2485 = CARTESIAN_POINT('',(-1.86932852798,-14.0000006));
#2486 = CARTESIAN_POINT('',(-1.86932852798,5.999999999062E-07));
#2487 = ( GEOMETRIC_REPRESENTATION_CONTEXT(2) 
PARAMETRIC_REPRESENTATION_CONTEXT() REPRESENTATION_CONTEXT('2D SPACE',''
  ) );
#2488 = ORIENTED_EDGE('',*,*,#1566,.T.);
#2489 = ORIENTED_EDGE('',*,*,#1216,.T.);
#2490 = ORIENTED_EDGE('',*,*,#2491,.F.);
#2491 = EDGE_CURVE('',#2309,#1217,#2492,.T.);
#2492 = SURFACE_CURVE('',#2493,(#2497,#2503),.PCURVE_S1.);
#2493 = LINE('',#2494,#2495);
#2494 = CARTESIAN_POINT('',(-36.,4.130677910465,26.));
#2495 = VECTOR('',#2496,1.);
#2496 = DIRECTION('',(0.,0.,1.));
#2497 = PCURVE('',#1233,#2498);
#2498 = DEFINITIONAL_REPRESENTATION('',(#2499),#2502);
#2499 = B_SPLINE_CURVE_WITH_KNOTS('',1,(#2500,#2501),.UNSPECIFIED.,.F.,
  .F.,(2,2),(-12.0000006,5.999999999062E-07),.PIECEWISE_BEZIER_KNOTS.);
#2500 = CARTESIAN_POINT('',(13.9999994,-4.130677910465));
#2501 = CARTESIAN_POINT('',(26.0000006,-4.130677910465));
#2502 = ( GEOMETRIC_REPRESENTATION_CONTEXT(2) 
PARAMETRIC_REPRESENTATION_CONTEXT() REPRESENTATION_CONTEXT('2D SPACE',''
  ) );
#2503 = PCURVE('',#1299,#2504);
#2504 = DEFINITIONAL_REPRESENTATION('',(#2505),#2508);
#2505 = B_SPLINE_CURVE_WITH_KNOTS('',1,(#2506,#2507),.UNSPECIFIED.,.F.,
  .F.,(2,2),(-12.0000006,5.999999999062E-07),.PIECEWISE_BEZIER_KNOTS.);
#2506 = CARTESIAN_POINT('',(2.340123670318,-12.0000006));
#2507 = CARTESIAN_POINT('',(2.340123670318,5.999999999062E-07));
#2508 = ( GEOMETRIC_REPRESENTATION_CONTEXT(2) 
PARAMETRIC_REPRESENTATION_CONTEXT() REPRESENTATION_CONTEXT('2D SPACE',''
  ) );
#2509 = FACE_BOUND('',#2510,.F.);
#2510 = EDGE_LOOP('',(#2511));
#2511 = ORIENTED_EDGE('',*,*,#2512,.T.);
#2512 = EDGE_CURVE('',#2513,#2513,#2515,.T.);
#2513 = VERTEX_POINT('',#2514);
#2514 = CARTESIAN_POINT('',(-36.,12.5,0.));
#2515 = SURFACE_CURVE('',#2516,(#2521,#2532),.PCURVE_S1.);
#2516 = CIRCLE('',#2517,12.5);
#2517 = AXIS2_PLACEMENT_3D('',#2518,#2519,#2520);
#2518 = CARTESIAN_POINT('',(-36.,0.,0.));
#2519 = DIRECTION('',(-1.,0.,0.));
#2520 = DIRECTION('',(0.,1.,0.));
#2521 = PCURVE('',#1233,#2522);
#2522 = DEFINITIONAL_REPRESENTATION('',(#2523),#2531);
#2523 = ( BOUNDED_CURVE() B_SPLINE_CURVE(2,(#2524,#2525,#2526,#2527,
#2528,#2529,#2530),.UNSPECIFIED.,.T.,.F.) B_SPLINE_CURVE_WITH_KNOTS((1,2
    ,2,2,2,1),(-2.094395102393,0.,2.094395102393,4.188790204786,
6.28318530718,8.377580409573),.UNSPECIFIED.) CURVE() 
GEOMETRIC_REPRESENTATION_ITEM() RATIONAL_B_SPLINE_CURVE((1.,0.5,1.,0.5,
1.,0.5,1.)) REPRESENTATION_ITEM('') );
#2524 = CARTESIAN_POINT('',(6.80906842916E-17,-12.5));
#2525 = CARTESIAN_POINT('',(-21.65063509461,-12.5));
#2526 = CARTESIAN_POINT('',(-10.8253175473,6.25));
#2527 = CARTESIAN_POINT('',(-2.993526313577E-15,25.));
#2528 = CARTESIAN_POINT('',(10.825317547305,6.25));
#2529 = CARTESIAN_POINT('',(21.650635094611,-12.5));
#2530 = CARTESIAN_POINT('',(6.80906842916E-17,-12.5));
#2531 = ( GEOMETRIC_REPRESENTATION_CONTEXT(2) 
PARAMETRIC_REPRESENTATION_CONTEXT() REPRESENTATION_CONTEXT('2D SPACE',''
  ) );
#2532 = PCURVE('',#2533,#2538);
#2533 = CYLINDRICAL_SURFACE('',#2534,12.5);
#2534 = AXIS2_PLACEMENT_3D('',#2535,#2536,#2537);
#2535 = CARTESIAN_POINT('',(-51.,0.,0.));
#2536 = DIRECTION('',(-1.,-0.,-0.));
#2537 = DIRECTION('',(0.,1.,0.));
#2538 = DEFINITIONAL_REPRESENTATION('',(#2539),#2543);
#2539 = LINE('',#2540,#2541);
#2540 = CARTESIAN_POINT('',(-6.28318530718,-15.));
#2541 = VECTOR('',#2542,1.);
#2542 = DIRECTION('',(1.,-0.));
#2543 = ( GEOMETRIC_REPRESENTATION_CONTEXT(2) 
PARAMETRIC_REPRESENTATION_CONTEXT() REPRESENTATION_CONTEXT('2D SPACE',''
  ) );
#2544 = ADVANCED_FACE('',(#2545),#1534,.F.);
#2545 = FACE_BOUND('',#2546,.T.);
#2546 = EDGE_LOOP('',(#2547,#2548,#2571,#2593,#2594,#2595,#2596,#2618));
#2547 = ORIENTED_EDGE('',*,*,#2247,.T.);
#2548 = ORIENTED_EDGE('',*,*,#2549,.T.);
#2549 = EDGE_CURVE('',#2248,#2550,#2552,.T.);
#2550 = VERTEX_POINT('',#2551);
#2551 = CARTESIAN_POINT('',(-31.6,10.,-12.));
#2552 = SEAM_CURVE('',#2553,(#2557,#2564),.PCURVE_S1.);
#2553 = LINE('',#2554,#2555);
#2554 = CARTESIAN_POINT('',(-31.6,10.,-26.));
#2555 = VECTOR('',#2556,1.);
#2556 = DIRECTION('',(0.,0.,1.));
#2557 = PCURVE('',#1534,#2558);
#2558 = DEFINITIONAL_REPRESENTATION('',(#2559),#2563);
#2559 = LINE('',#2560,#2561);
#2560 = CARTESIAN_POINT('',(-6.28318530718,0.));
#2561 = VECTOR('',#2562,1.);
#2562 = DIRECTION('',(-0.,-1.));
#2563 = ( GEOMETRIC_REPRESENTATION_CONTEXT(2) 
PARAMETRIC_REPRESENTATION_CONTEXT() REPRESENTATION_CONTEXT('2D SPACE',''
  ) );
#2564 = PCURVE('',#1534,#2565);
#2565 = DEFINITIONAL_REPRESENTATION('',(#2566),#2570);
#2566 = LINE('',#2567,#2568);
#2567 = CARTESIAN_POINT('',(-0.,0.));
#2568 = VECTOR('',#2569,1.);
#2569 = DIRECTION('',(-0.,-1.));
#2570 = ( GEOMETRIC_REPRESENTATION_CONTEXT(2) 
PARAMETRIC_REPRESENTATION_CONTEXT() REPRESENTATION_CONTEXT('2D SPACE',''
  ) );
#2571 = ORIENTED_EDGE('',*,*,#2572,.T.);
#2572 = EDGE_CURVE('',#2550,#2445,#2573,.T.);
#2573 = SURFACE_CURVE('',#2574,(#2579,#2586),.PCURVE_S1.);
#2574 = CIRCLE('',#2575,3.4);
#2575 = AXIS2_PLACEMENT_3D('',#2576,#2577,#2578);
#2576 = CARTESIAN_POINT('',(-35.,10.,-12.));
#2577 = DIRECTION('',(0.,0.,1.));
#2578 = DIRECTION('',(1.,0.,0.));
#2579 = PCURVE('',#1534,#2580);
#2580 = DEFINITIONAL_REPRESENTATION('',(#2581),#2585);
#2581 = LINE('',#2582,#2583);
#2582 = CARTESIAN_POINT('',(-0.,-14.));
#2583 = VECTOR('',#2584,1.);
#2584 = DIRECTION('',(-1.,0.));
#2585 = ( GEOMETRIC_REPRESENTATION_CONTEXT(2) 
PARAMETRIC_REPRESENTATION_CONTEXT() REPRESENTATION_CONTEXT('2D SPACE',''
  ) );
#2586 = PCURVE('',#2459,#2587);
#2587 = DEFINITIONAL_REPRESENTATION('',(#2588),#2592);
#2588 = CIRCLE('',#2589,3.4);
#2589 = AXIS2_PLACEMENT_2D('',#2590,#2591);
#2590 = CARTESIAN_POINT('',(7.105427357601E-15,-1.7763568394E-15));
#2591 = DIRECTION('',(1.,0.));
#2592 = ( GEOMETRIC_REPRESENTATION_CONTEXT(2) 
PARAMETRIC_REPRESENTATION_CONTEXT() REPRESENTATION_CONTEXT('2D SPACE',''
  ) );
#2593 = ORIENTED_EDGE('',*,*,#2470,.T.);
#2594 = ORIENTED_EDGE('',*,*,#1478,.T.);
#2595 = ORIENTED_EDGE('',*,*,#2423,.F.);
#2596 = ORIENTED_EDGE('',*,*,#2597,.T.);
#2597 = EDGE_CURVE('',#2424,#2550,#2598,.T.);
#2598 = SURFACE_CURVE('',#2599,(#2604,#2611),.PCURVE_S1.);
#2599 = CIRCLE('',#2600,3.4);
#2600 = AXIS2_PLACEMENT_3D('',#2601,#2602,#2603);
#2601 = CARTESIAN_POINT('',(-35.,10.,-12.));
#2602 = DIRECTION('',(0.,0.,1.));
#2603 = DIRECTION('',(1.,0.,0.));
#2604 = PCURVE('',#1534,#2605);
#2605 = DEFINITIONAL_REPRESENTATION('',(#2606),#2610);
#2606 = LINE('',#2607,#2608);
#2607 = CARTESIAN_POINT('',(-0.,-14.));
#2608 = VECTOR('',#2609,1.);
#2609 = DIRECTION('',(-1.,0.));
#2610 = ( GEOMETRIC_REPRESENTATION_CONTEXT(2) 
PARAMETRIC_REPRESENTATION_CONTEXT() REPRESENTATION_CONTEXT('2D SPACE',''
  ) );
#2611 = PCURVE('',#2459,#2612);
#2612 = DEFINITIONAL_REPRESENTATION('',(#2613),#2617);
#2613 = CIRCLE('',#2614,3.4);
#2614 = AXIS2_PLACEMENT_2D('',#2615,#2616);
#2615 = CARTESIAN_POINT('',(7.105427357601E-15,-1.7763568394E-15));
#2616 = DIRECTION('',(1.,0.));
#2617 = ( GEOMETRIC_REPRESENTATION_CONTEXT(2) 
PARAMETRIC_REPRESENTATION_CONTEXT() REPRESENTATION_CONTEXT('2D SPACE',''
  ) );
#2618 = ORIENTED_EDGE('',*,*,#2549,.F.);
#2619 = ADVANCED_FACE('',(#2620),#1418,.F.);
#2620 = FACE_BOUND('',#2621,.T.);
#2621 = EDGE_LOOP('',(#2622,#2623,#2646,#2668,#2669,#2670,#2671,#2693));
#2622 = ORIENTED_EDGE('',*,*,#2187,.T.);
#2623 = ORIENTED_EDGE('',*,*,#2624,.T.);
#2624 = EDGE_CURVE('',#2188,#2625,#2627,.T.);
#2625 = VERTEX_POINT('',#2626);
#2626 = CARTESIAN_POINT('',(-31.6,-10.,-12.));
#2627 = SEAM_CURVE('',#2628,(#2632,#2639),.PCURVE_S1.);
#2628 = LINE('',#2629,#2630);
#2629 = CARTESIAN_POINT('',(-31.6,-10.,-26.));
#2630 = VECTOR('',#2631,1.);
#2631 = DIRECTION('',(0.,0.,1.));
#2632 = PCURVE('',#1418,#2633);
#2633 = DEFINITIONAL_REPRESENTATION('',(#2634),#2638);
#2634 = LINE('',#2635,#2636);
#2635 = CARTESIAN_POINT('',(-6.28318530718,0.));
#2636 = VECTOR('',#2637,1.);
#2637 = DIRECTION('',(-0.,-1.));
#2638 = ( GEOMETRIC_REPRESENTATION_CONTEXT(2) 
PARAMETRIC_REPRESENTATION_CONTEXT() REPRESENTATION_CONTEXT('2D SPACE',''
  ) );
#2639 = PCURVE('',#1418,#2640);
#2640 = DEFINITIONAL_REPRESENTATION('',(#2641),#2645);
#2641 = LINE('',#2642,#2643);
#2642 = CARTESIAN_POINT('',(-0.,0.));
#2643 = VECTOR('',#2644,1.);
#2644 = DIRECTION('',(-0.,-1.));
#2645 = ( GEOMETRIC_REPRESENTATION_CONTEXT(2) 
PARAMETRIC_REPRESENTATION_CONTEXT() REPRESENTATION_CONTEXT('2D SPACE',''
  ) );
#2646 = ORIENTED_EDGE('',*,*,#2647,.T.);
#2647 = EDGE_CURVE('',#2625,#2378,#2648,.T.);
#2648 = SURFACE_CURVE('',#2649,(#2654,#2661),.PCURVE_S1.);
#2649 = CIRCLE('',#2650,3.4);
#2650 = AXIS2_PLACEMENT_3D('',#2651,#2652,#2653);
#2651 = CARTESIAN_POINT('',(-35.,-10.,-12.));
#2652 = DIRECTION('',(0.,0.,1.));
#2653 = DIRECTION('',(1.,0.,0.));
#2654 = PCURVE('',#1418,#2655);
#2655 = DEFINITIONAL_REPRESENTATION('',(#2656),#2660);
#2656 = LINE('',#2657,#2658);
#2657 = CARTESIAN_POINT('',(-0.,-14.));
#2658 = VECTOR('',#2659,1.);
#2659 = DIRECTION('',(-1.,0.));
#2660 = ( GEOMETRIC_REPRESENTATION_CONTEXT(2) 
PARAMETRIC_REPRESENTATION_CONTEXT() REPRESENTATION_CONTEXT('2D SPACE',''
  ) );
#2661 = PCURVE('',#2392,#2662);
#2662 = DEFINITIONAL_REPRESENTATION('',(#2663),#2667);
#2663 = CIRCLE('',#2664,3.4);
#2664 = AXIS2_PLACEMENT_2D('',#2665,#2666);
#2665 = CARTESIAN_POINT('',(7.105427357601E-15,-1.7763568394E-15));
#2666 = DIRECTION('',(1.,0.));
#2667 = ( GEOMETRIC_REPRESENTATION_CONTEXT(2) 
PARAMETRIC_REPRESENTATION_CONTEXT() REPRESENTATION_CONTEXT('2D SPACE',''
  ) );
#2668 = ORIENTED_EDGE('',*,*,#2403,.T.);
#2669 = ORIENTED_EDGE('',*,*,#1354,.T.);
#2670 = ORIENTED_EDGE('',*,*,#2356,.F.);
#2671 = ORIENTED_EDGE('',*,*,#2672,.T.);
#2672 = EDGE_CURVE('',#2357,#2625,#2673,.T.);
#2673 = SURFACE_CURVE('',#2674,(#2679,#2686),.PCURVE_S1.);
#2674 = CIRCLE('',#2675,3.4);
#2675 = AXIS2_PLACEMENT_3D('',#2676,#2677,#2678);
#2676 = CARTESIAN_POINT('',(-35.,-10.,-12.));
#2677 = DIRECTION('',(0.,0.,1.));
#2678 = DIRECTION('',(1.,0.,0.));
#2679 = PCURVE('',#1418,#2680);
#2680 = DEFINITIONAL_REPRESENTATION('',(#2681),#2685);
#2681 = LINE('',#2682,#2683);
#2682 = CARTESIAN_POINT('',(-0.,-14.));
#2683 = VECTOR('',#2684,1.);
#2684 = DIRECTION('',(-1.,0.));
#2685 = ( GEOMETRIC_REPRESENTATION_CONTEXT(2) 
PARAMETRIC_REPRESENTATION_CONTEXT() REPRESENTATION_CONTEXT('2D SPACE',''
  ) );
#2686 = PCURVE('',#2392,#2687);
#2687 = DEFINITIONAL_REPRESENTATION('',(#2688),#2692);
#2688 = CIRCLE('',#2689,3.4);
#2689 = AXIS2_PLACEMENT_2D('',#2690,#2691);
#2690 = CARTESIAN_POINT('',(7.105427357601E-15,-1.7763568394E-15));
#2691 = DIRECTION('',(1.,0.));
#2692 = ( GEOMETRIC_REPRESENTATION_CONTEXT(2) 
PARAMETRIC_REPRESENTATION_CONTEXT() REPRESENTATION_CONTEXT('2D SPACE',''
  ) );
#2693 = ORIENTED_EDGE('',*,*,#2624,.F.);
#2694 = ADVANCED_FACE('',(#2695),#1299,.F.);
#2695 = FACE_BOUND('',#2696,.F.);
#2696 = EDGE_LOOP('',(#2697,#2698,#2721,#2743,#2744,#2745,#2746,#2768));
#2697 = ORIENTED_EDGE('',*,*,#2154,.F.);
#2698 = ORIENTED_EDGE('',*,*,#2699,.T.);
#2699 = EDGE_CURVE('',#2155,#2700,#2702,.T.);
#2700 = VERTEX_POINT('',#2701);
#2701 = CARTESIAN_POINT('',(-26.25,0.,14.));
#2702 = SEAM_CURVE('',#2703,(#2707,#2714),.PCURVE_S1.);
#2703 = LINE('',#2704,#2705);
#2704 = CARTESIAN_POINT('',(-26.25,0.,26.));
#2705 = VECTOR('',#2706,1.);
#2706 = DIRECTION('',(-0.,-0.,-1.));
#2707 = PCURVE('',#1299,#2708);
#2708 = DEFINITIONAL_REPRESENTATION('',(#2709),#2713);
#2709 = LINE('',#2710,#2711);
#2710 = CARTESIAN_POINT('',(6.28318530718,0.));
#2711 = VECTOR('',#2712,1.);
#2712 = DIRECTION('',(0.,-1.));
#2713 = ( GEOMETRIC_REPRESENTATION_CONTEXT(2) 
PARAMETRIC_REPRESENTATION_CONTEXT() REPRESENTATION_CONTEXT('2D SPACE',''
  ) );
#2714 = PCURVE('',#1299,#2715);
#2715 = DEFINITIONAL_REPRESENTATION('',(#2716),#2720);
#2716 = LINE('',#2717,#2718);
#2717 = CARTESIAN_POINT('',(0.,0.));
#2718 = VECTOR('',#2719,1.);
#2719 = DIRECTION('',(0.,-1.));
#2720 = ( GEOMETRIC_REPRESENTATION_CONTEXT(2) 
PARAMETRIC_REPRESENTATION_CONTEXT() REPRESENTATION_CONTEXT('2D SPACE',''
  ) );
#2721 = ORIENTED_EDGE('',*,*,#2722,.T.);
#2722 = EDGE_CURVE('',#2700,#2309,#2723,.T.);
#2723 = SURFACE_CURVE('',#2724,(#2729,#2736),.PCURVE_S1.);
#2724 = CIRCLE('',#2725,5.75);
#2725 = AXIS2_PLACEMENT_3D('',#2726,#2727,#2728);
#2726 = CARTESIAN_POINT('',(-32.,0.,14.));
#2727 = DIRECTION('',(0.,0.,1.));
#2728 = DIRECTION('',(1.,0.,0.));
#2729 = PCURVE('',#1299,#2730);
#2730 = DEFINITIONAL_REPRESENTATION('',(#2731),#2735);
#2731 = LINE('',#2732,#2733);
#2732 = CARTESIAN_POINT('',(0.,-12.));
#2733 = VECTOR('',#2734,1.);
#2734 = DIRECTION('',(1.,0.));
#2735 = ( GEOMETRIC_REPRESENTATION_CONTEXT(2) 
PARAMETRIC_REPRESENTATION_CONTEXT() REPRESENTATION_CONTEXT('2D SPACE',''
  ) );
#2736 = PCURVE('',#2325,#2737);
#2737 = DEFINITIONAL_REPRESENTATION('',(#2738),#2742);
#2738 = CIRCLE('',#2739,5.75);
#2739 = AXIS2_PLACEMENT_2D('',#2740,#2741);
#2740 = CARTESIAN_POINT('',(-3.552713678801E-15,-4.787230558362E-16));
#2741 = DIRECTION('',(1.,0.));
#2742 = ( GEOMETRIC_REPRESENTATION_CONTEXT(2) 
PARAMETRIC_REPRESENTATION_CONTEXT() REPRESENTATION_CONTEXT('2D SPACE',''
  ) );
#2743 = ORIENTED_EDGE('',*,*,#2491,.T.);
#2744 = ORIENTED_EDGE('',*,*,#1245,.T.);
#2745 = ORIENTED_EDGE('',*,*,#2336,.F.);
#2746 = ORIENTED_EDGE('',*,*,#2747,.T.);
#2747 = EDGE_CURVE('',#2311,#2700,#2748,.T.);
#2748 = SURFACE_CURVE('',#2749,(#2754,#2761),.PCURVE_S1.);
#2749 = CIRCLE('',#2750,5.75);
#2750 = AXIS2_PLACEMENT_3D('',#2751,#2752,#2753);
#2751 = CARTESIAN_POINT('',(-32.,0.,14.));
#2752 = DIRECTION('',(0.,0.,1.));
#2753 = DIRECTION('',(1.,0.,0.));
#2754 = PCURVE('',#1299,#2755);
#2755 = DEFINITIONAL_REPRESENTATION('',(#2756),#2760);
#2756 = LINE('',#2757,#2758);
#2757 = CARTESIAN_POINT('',(0.,-12.));
#2758 = VECTOR('',#2759,1.);
#2759 = DIRECTION('',(1.,0.));
#2760 = ( GEOMETRIC_REPRESENTATION_CONTEXT(2) 
PARAMETRIC_REPRESENTATION_CONTEXT() REPRESENTATION_CONTEXT('2D SPACE',''
  ) );
#2761 = PCURVE('',#2325,#2762);
#2762 = DEFINITIONAL_REPRESENTATION('',(#2763),#2767);
#2763 = CIRCLE('',#2764,5.75);
#2764 = AXIS2_PLACEMENT_2D('',#2765,#2766);
#2765 = CARTESIAN_POINT('',(-3.552713678801E-15,-4.787230558362E-16));
#2766 = DIRECTION('',(1.,0.));
#2767 = ( GEOMETRIC_REPRESENTATION_CONTEXT(2) 
PARAMETRIC_REPRESENTATION_CONTEXT() REPRESENTATION_CONTEXT('2D SPACE',''
  ) );
#2768 = ORIENTED_EDGE('',*,*,#2699,.F.);
#2769 = ADVANCED_FACE('',(#2770,#2974),#1611,.T.);
#2770 = FACE_BOUND('',#2771,.T.);
#2771 = EDGE_LOOP('',(#2772,#2800,#2819,#2820,#2841,#2867,#2886,#2887,
    #2908,#2934,#2953,#2954,#2955));
#2772 = ORIENTED_EDGE('',*,*,#2773,.T.);
#2773 = EDGE_CURVE('',#2774,#2776,#2778,.T.);
#2774 = VERTEX_POINT('',#2775);
#2775 = CARTESIAN_POINT('',(36.,4.130677910465,14.));
#2776 = VERTEX_POINT('',#2777);
#2777 = CARTESIAN_POINT('',(36.,-4.130677910465,14.));
#2778 = SURFACE_CURVE('',#2779,(#2783,#2789),.PCURVE_S1.);
#2779 = LINE('',#2780,#2781);
#2780 = CARTESIAN_POINT('',(36.,-4.443585383516E-16,14.));
#2781 = VECTOR('',#2782,1.);
#2782 = DIRECTION('',(0.,-1.,0.));
#2783 = PCURVE('',#1611,#2784);
#2784 = DEFINITIONAL_REPRESENTATION('',(#2785),#2788);
#2785 = B_SPLINE_CURVE_WITH_KNOTS('',1,(#2786,#2787),.UNSPECIFIED.,.F.,
  .F.,(2,2),(-5.75,5.75),.PIECEWISE_BEZIER_KNOTS.);
#2786 = CARTESIAN_POINT('',(14.,-5.75));
#2787 = CARTESIAN_POINT('',(14.,5.75));
#2788 = ( GEOMETRIC_REPRESENTATION_CONTEXT(2) 
PARAMETRIC_REPRESENTATION_CONTEXT() REPRESENTATION_CONTEXT('2D SPACE',''
  ) );
#2789 = PCURVE('',#2790,#2795);
#2790 = PLANE('',#2791);
#2791 = AXIS2_PLACEMENT_3D('',#2792,#2793,#2794);
#2792 = CARTESIAN_POINT('',(32.,4.787230558362E-16,14.));
#2793 = DIRECTION('',(0.,0.,1.));
#2794 = DIRECTION('',(1.,0.,-0.));
#2795 = DEFINITIONAL_REPRESENTATION('',(#2796),#2799);
#2796 = B_SPLINE_CURVE_WITH_KNOTS('',1,(#2797,#2798),.UNSPECIFIED.,.F.,
  .F.,(2,2),(-5.75,5.75),.PIECEWISE_BEZIER_KNOTS.);
#2797 = CARTESIAN_POINT('',(4.,5.75));
#2798 = CARTESIAN_POINT('',(4.,-5.75));
#2799 = ( GEOMETRIC_REPRESENTATION_CONTEXT(2) 
PARAMETRIC_REPRESENTATION_CONTEXT() REPRESENTATION_CONTEXT('2D SPACE',''
  ) );
#2800 = ORIENTED_EDGE('',*,*,#2801,.T.);
#2801 = EDGE_CURVE('',#2776,#1986,#2802,.T.);
#2802 = SURFACE_CURVE('',#2803,(#2807,#2813),.PCURVE_S1.);
#2803 = LINE('',#2804,#2805);
#2804 = CARTESIAN_POINT('',(36.,-4.130677910465,26.));
#2805 = VECTOR('',#2806,1.);
#2806 = DIRECTION('',(0.,0.,1.));
#2807 = PCURVE('',#1611,#2808);
#2808 = DEFINITIONAL_REPRESENTATION('',(#2809),#2812);
#2809 = B_SPLINE_CURVE_WITH_KNOTS('',1,(#2810,#2811),.UNSPECIFIED.,.F.,
  .F.,(2,2),(-12.0000006,5.999999999062E-07),.PIECEWISE_BEZIER_KNOTS.);
#2810 = CARTESIAN_POINT('',(13.9999994,4.130677910465));
#2811 = CARTESIAN_POINT('',(26.0000006,4.130677910465));
#2812 = ( GEOMETRIC_REPRESENTATION_CONTEXT(2) 
PARAMETRIC_REPRESENTATION_CONTEXT() REPRESENTATION_CONTEXT('2D SPACE',''
  ) );
#2813 = PCURVE('',#2043,#2814);
#2814 = DEFINITIONAL_REPRESENTATION('',(#2815),#2818);
#2815 = B_SPLINE_CURVE_WITH_KNOTS('',1,(#2816,#2817),.UNSPECIFIED.,.F.,
  .F.,(2,2),(-12.0000006,5.999999999062E-07),.PIECEWISE_BEZIER_KNOTS.);
#2816 = CARTESIAN_POINT('',(5.481716323908,-12.0000006));
#2817 = CARTESIAN_POINT('',(5.481716323908,5.999999999062E-07));
#2818 = ( GEOMETRIC_REPRESENTATION_CONTEXT(2) 
PARAMETRIC_REPRESENTATION_CONTEXT() REPRESENTATION_CONTEXT('2D SPACE',''
  ) );
#2819 = ORIENTED_EDGE('',*,*,#1985,.T.);
#2820 = ORIENTED_EDGE('',*,*,#2821,.F.);
#2821 = EDGE_CURVE('',#2822,#1918,#2824,.T.);
#2822 = VERTEX_POINT('',#2823);
#2823 = CARTESIAN_POINT('',(36.,-13.24961536185,-12.));
#2824 = SURFACE_CURVE('',#2825,(#2829,#2835),.PCURVE_S1.);
#2825 = LINE('',#2826,#2827);
#2826 = CARTESIAN_POINT('',(36.,-13.24961536185,-26.));
#2827 = VECTOR('',#2828,1.);
#2828 = DIRECTION('',(-0.,-0.,-1.));
#2829 = PCURVE('',#1611,#2830);
#2830 = DEFINITIONAL_REPRESENTATION('',(#2831),#2834);
#2831 = B_SPLINE_CURVE_WITH_KNOTS('',1,(#2832,#2833),.UNSPECIFIED.,.F.,
  .F.,(2,2),(-14.0000006,5.999999999062E-07),.PIECEWISE_BEZIER_KNOTS.);
#2832 = CARTESIAN_POINT('',(-11.9999994,13.249615361854));
#2833 = CARTESIAN_POINT('',(-26.0000006,13.249615361854));
#2834 = ( GEOMETRIC_REPRESENTATION_CONTEXT(2) 
PARAMETRIC_REPRESENTATION_CONTEXT() REPRESENTATION_CONTEXT('2D SPACE',''
  ) );
#2835 = PCURVE('',#1886,#2836);
#2836 = DEFINITIONAL_REPRESENTATION('',(#2837),#2840);
#2837 = B_SPLINE_CURVE_WITH_KNOTS('',1,(#2838,#2839),.UNSPECIFIED.,.F.,
  .F.,(2,2),(-14.0000006,5.999999999062E-07),.PIECEWISE_BEZIER_KNOTS.);
#2838 = CARTESIAN_POINT('',(-5.01092118157,-14.0000006));
#2839 = CARTESIAN_POINT('',(-5.01092118157,5.999999999062E-07));
#2840 = ( GEOMETRIC_REPRESENTATION_CONTEXT(2) 
PARAMETRIC_REPRESENTATION_CONTEXT() REPRESENTATION_CONTEXT('2D SPACE',''
  ) );
#2841 = ORIENTED_EDGE('',*,*,#2842,.F.);
#2842 = EDGE_CURVE('',#2843,#2822,#2845,.T.);
#2843 = VERTEX_POINT('',#2844);
#2844 = CARTESIAN_POINT('',(36.,-6.750384638146,-12.));
#2845 = SURFACE_CURVE('',#2846,(#2850,#2856),.PCURVE_S1.);
#2846 = LINE('',#2847,#2848);
#2847 = CARTESIAN_POINT('',(36.,-5.,-12.));
#2848 = VECTOR('',#2849,1.);
#2849 = DIRECTION('',(0.,-1.,0.));
#2850 = PCURVE('',#1611,#2851);
#2851 = DEFINITIONAL_REPRESENTATION('',(#2852),#2855);
#2852 = B_SPLINE_CURVE_WITH_KNOTS('',1,(#2853,#2854),.UNSPECIFIED.,.F.,
  .F.,(2,2),(1.6,8.4),.PIECEWISE_BEZIER_KNOTS.);
#2853 = CARTESIAN_POINT('',(-12.,6.6));
#2854 = CARTESIAN_POINT('',(-12.,13.4));
#2855 = ( GEOMETRIC_REPRESENTATION_CONTEXT(2) 
PARAMETRIC_REPRESENTATION_CONTEXT() REPRESENTATION_CONTEXT('2D SPACE',''
  ) );
#2856 = PCURVE('',#2857,#2862);
#2857 = PLANE('',#2858);
#2858 = AXIS2_PLACEMENT_3D('',#2859,#2860,#2861);
#2859 = CARTESIAN_POINT('',(35.,-10.,-12.));
#2860 = DIRECTION('',(0.,0.,1.));
#2861 = DIRECTION('',(1.,0.,-0.));
#2862 = DEFINITIONAL_REPRESENTATION('',(#2863),#2866);
#2863 = B_SPLINE_CURVE_WITH_KNOTS('',1,(#2864,#2865),.UNSPECIFIED.,.F.,
  .F.,(2,2),(1.6,8.4),.PIECEWISE_BEZIER_KNOTS.);
#2864 = CARTESIAN_POINT('',(1.,3.4));
#2865 = CARTESIAN_POINT('',(1.,-3.4));
#2866 = ( GEOMETRIC_REPRESENTATION_CONTEXT(2) 
PARAMETRIC_REPRESENTATION_CONTEXT() REPRESENTATION_CONTEXT('2D SPACE',''
  ) );
#2867 = ORIENTED_EDGE('',*,*,#2868,.T.);
#2868 = EDGE_CURVE('',#2843,#1809,#2869,.T.);
#2869 = SURFACE_CURVE('',#2870,(#2874,#2880),.PCURVE_S1.);
#2870 = LINE('',#2871,#2872);
#2871 = CARTESIAN_POINT('',(36.,-6.750384638146,-26.));
#2872 = VECTOR('',#2873,1.);
#2873 = DIRECTION('',(-0.,-0.,-1.));
#2874 = PCURVE('',#1611,#2875);
#2875 = DEFINITIONAL_REPRESENTATION('',(#2876),#2879);
#2876 = B_SPLINE_CURVE_WITH_KNOTS('',1,(#2877,#2878),.UNSPECIFIED.,.F.,
  .F.,(2,2),(-14.0000006,5.999999999062E-07),.PIECEWISE_BEZIER_KNOTS.);
#2877 = CARTESIAN_POINT('',(-11.9999994,6.750384638146));
#2878 = CARTESIAN_POINT('',(-26.0000006,6.750384638146));
#2879 = ( GEOMETRIC_REPRESENTATION_CONTEXT(2) 
PARAMETRIC_REPRESENTATION_CONTEXT() REPRESENTATION_CONTEXT('2D SPACE',''
  ) );
#2880 = PCURVE('',#1886,#2881);
#2881 = DEFINITIONAL_REPRESENTATION('',(#2882),#2885);
#2882 = B_SPLINE_CURVE_WITH_KNOTS('',1,(#2883,#2884),.UNSPECIFIED.,.F.,
  .F.,(2,2),(-14.0000006,5.999999999062E-07),.PIECEWISE_BEZIER_KNOTS.);
#2883 = CARTESIAN_POINT('',(-1.27226412561,-14.0000006));
#2884 = CARTESIAN_POINT('',(-1.27226412561,5.999999999062E-07));
#2885 = ( GEOMETRIC_REPRESENTATION_CONTEXT(2) 
PARAMETRIC_REPRESENTATION_CONTEXT() REPRESENTATION_CONTEXT('2D SPACE',''
  ) );
#2886 = ORIENTED_EDGE('',*,*,#1808,.T.);
#2887 = ORIENTED_EDGE('',*,*,#2888,.F.);
#2888 = EDGE_CURVE('',#2889,#1744,#2891,.T.);
#2889 = VERTEX_POINT('',#2890);
#2890 = CARTESIAN_POINT('',(36.,6.750384638146,-12.));
#2891 = SURFACE_CURVE('',#2892,(#2896,#2902),.PCURVE_S1.);
#2892 = LINE('',#2893,#2894);
#2893 = CARTESIAN_POINT('',(36.,6.750384638146,-26.));
#2894 = VECTOR('',#2895,1.);
#2895 = DIRECTION('',(-0.,-0.,-1.));
#2896 = PCURVE('',#1611,#2897);
#2897 = DEFINITIONAL_REPRESENTATION('',(#2898),#2901);
#2898 = B_SPLINE_CURVE_WITH_KNOTS('',1,(#2899,#2900),.UNSPECIFIED.,.F.,
  .F.,(2,2),(-14.0000006,5.999999999062E-07),.PIECEWISE_BEZIER_KNOTS.);
#2899 = CARTESIAN_POINT('',(-11.9999994,-6.750384638146));
#2900 = CARTESIAN_POINT('',(-26.0000006,-6.750384638146));
#2901 = ( GEOMETRIC_REPRESENTATION_CONTEXT(2) 
PARAMETRIC_REPRESENTATION_CONTEXT() REPRESENTATION_CONTEXT('2D SPACE',''
  ) );
#2902 = PCURVE('',#1716,#2903);
#2903 = DEFINITIONAL_REPRESENTATION('',(#2904),#2907);
#2904 = B_SPLINE_CURVE_WITH_KNOTS('',1,(#2905,#2906),.UNSPECIFIED.,.F.,
  .F.,(2,2),(-14.0000006,5.999999999062E-07),.PIECEWISE_BEZIER_KNOTS.);
#2905 = CARTESIAN_POINT('',(-5.01092118157,-14.0000006));
#2906 = CARTESIAN_POINT('',(-5.01092118157,5.999999999062E-07));
#2907 = ( GEOMETRIC_REPRESENTATION_CONTEXT(2) 
PARAMETRIC_REPRESENTATION_CONTEXT() REPRESENTATION_CONTEXT('2D SPACE',''
  ) );
#2908 = ORIENTED_EDGE('',*,*,#2909,.F.);
#2909 = EDGE_CURVE('',#2910,#2889,#2912,.T.);
#2910 = VERTEX_POINT('',#2911);
#2911 = CARTESIAN_POINT('',(36.,13.249615361854,-12.));
#2912 = SURFACE_CURVE('',#2913,(#2917,#2923),.PCURVE_S1.);
#2913 = LINE('',#2914,#2915);
#2914 = CARTESIAN_POINT('',(36.,5.,-12.));
#2915 = VECTOR('',#2916,1.);
#2916 = DIRECTION('',(0.,-1.,0.));
#2917 = PCURVE('',#1611,#2918);
#2918 = DEFINITIONAL_REPRESENTATION('',(#2919),#2922);
#2919 = B_SPLINE_CURVE_WITH_KNOTS('',1,(#2920,#2921),.UNSPECIFIED.,.F.,
  .F.,(2,2),(-8.4,-1.6),.PIECEWISE_BEZIER_KNOTS.);
#2920 = CARTESIAN_POINT('',(-12.,-13.4));
#2921 = CARTESIAN_POINT('',(-12.,-6.6));
#2922 = ( GEOMETRIC_REPRESENTATION_CONTEXT(2) 
PARAMETRIC_REPRESENTATION_CONTEXT() REPRESENTATION_CONTEXT('2D SPACE',''
  ) );
#2923 = PCURVE('',#2924,#2929);
#2924 = PLANE('',#2925);
#2925 = AXIS2_PLACEMENT_3D('',#2926,#2927,#2928);
#2926 = CARTESIAN_POINT('',(35.,10.,-12.));
#2927 = DIRECTION('',(0.,0.,1.));
#2928 = DIRECTION('',(1.,0.,-0.));
#2929 = DEFINITIONAL_REPRESENTATION('',(#2930),#2933);
#2930 = B_SPLINE_CURVE_WITH_KNOTS('',1,(#2931,#2932),.UNSPECIFIED.,.F.,
  .F.,(2,2),(-8.4,-1.6),.PIECEWISE_BEZIER_KNOTS.);
#2931 = CARTESIAN_POINT('',(1.,3.4));
#2932 = CARTESIAN_POINT('',(1.,-3.4));
#2933 = ( GEOMETRIC_REPRESENTATION_CONTEXT(2) 
PARAMETRIC_REPRESENTATION_CONTEXT() REPRESENTATION_CONTEXT('2D SPACE',''
  ) );
#2934 = ORIENTED_EDGE('',*,*,#2935,.T.);
#2935 = EDGE_CURVE('',#2910,#1647,#2936,.T.);
#2936 = SURFACE_CURVE('',#2937,(#2941,#2947),.PCURVE_S1.);
#2937 = LINE('',#2938,#2939);
#2938 = CARTESIAN_POINT('',(36.,13.249615361854,-26.));
#2939 = VECTOR('',#2940,1.);
#2940 = DIRECTION('',(-0.,-0.,-1.));
#2941 = PCURVE('',#1611,#2942);
#2942 = DEFINITIONAL_REPRESENTATION('',(#2943),#2946);
#2943 = B_SPLINE_CURVE_WITH_KNOTS('',1,(#2944,#2945),.UNSPECIFIED.,.F.,
  .F.,(2,2),(-14.0000006,5.999999999062E-07),.PIECEWISE_BEZIER_KNOTS.);
#2944 = CARTESIAN_POINT('',(-11.9999994,-13.24961536185));
#2945 = CARTESIAN_POINT('',(-26.0000006,-13.24961536185));
#2946 = ( GEOMETRIC_REPRESENTATION_CONTEXT(2) 
PARAMETRIC_REPRESENTATION_CONTEXT() REPRESENTATION_CONTEXT('2D SPACE',''
  ) );
#2947 = PCURVE('',#1716,#2948);
#2948 = DEFINITIONAL_REPRESENTATION('',(#2949),#2952);
#2949 = B_SPLINE_CURVE_WITH_KNOTS('',1,(#2950,#2951),.UNSPECIFIED.,.F.,
  .F.,(2,2),(-14.0000006,5.999999999062E-07),.PIECEWISE_BEZIER_KNOTS.);
#2950 = CARTESIAN_POINT('',(-1.27226412561,-14.0000006));
#2951 = CARTESIAN_POINT('',(-1.27226412561,5.999999999062E-07));
#2952 = ( GEOMETRIC_REPRESENTATION_CONTEXT(2) 
PARAMETRIC_REPRESENTATION_CONTEXT() REPRESENTATION_CONTEXT('2D SPACE',''
  ) );
#2953 = ORIENTED_EDGE('',*,*,#1646,.T.);
#2954 = ORIENTED_EDGE('',*,*,#1592,.T.);
#2955 = ORIENTED_EDGE('',*,*,#2956,.F.);
#2956 = EDGE_CURVE('',#2774,#1595,#2957,.T.);
#2957 = SURFACE_CURVE('',#2958,(#2962,#2968),.PCURVE_S1.);
#2958 = LINE('',#2959,#2960);
#2959 = CARTESIAN_POINT('',(36.,4.130677910465,26.));
#2960 = VECTOR('',#2961,1.);
#2961 = DIRECTION('',(0.,0.,1.));
#2962 = PCURVE('',#1611,#2963);
#2963 = DEFINITIONAL_REPRESENTATION('',(#2964),#2967);
#2964 = B_SPLINE_CURVE_WITH_KNOTS('',1,(#2965,#2966),.UNSPECIFIED.,.F.,
  .F.,(2,2),(-12.0000006,5.999999999062E-07),.PIECEWISE_BEZIER_KNOTS.);
#2965 = CARTESIAN_POINT('',(13.9999994,-4.130677910465));
#2966 = CARTESIAN_POINT('',(26.0000006,-4.130677910465));
#2967 = ( GEOMETRIC_REPRESENTATION_CONTEXT(2) 
PARAMETRIC_REPRESENTATION_CONTEXT() REPRESENTATION_CONTEXT('2D SPACE',''
  ) );
#2968 = PCURVE('',#2043,#2969);
#2969 = DEFINITIONAL_REPRESENTATION('',(#2970),#2973);
#2970 = B_SPLINE_CURVE_WITH_KNOTS('',1,(#2971,#2972),.UNSPECIFIED.,.F.,
  .F.,(2,2),(-12.0000006,5.999999999062E-07),.PIECEWISE_BEZIER_KNOTS.);
#2971 = CARTESIAN_POINT('',(0.801468983272,-12.0000006));
#2972 = CARTESIAN_POINT('',(0.801468983272,5.999999999062E-07));
#2973 = ( GEOMETRIC_REPRESENTATION_CONTEXT(2) 
PARAMETRIC_REPRESENTATION_CONTEXT() REPRESENTATION_CONTEXT('2D SPACE',''
  ) );
#2974 = FACE_BOUND('',#2975,.T.);
#2975 = EDGE_LOOP('',(#2976));
#2976 = ORIENTED_EDGE('',*,*,#2977,.T.);
#2977 = EDGE_CURVE('',#2978,#2978,#2980,.T.);
#2978 = VERTEX_POINT('',#2979);
#2979 = CARTESIAN_POINT('',(36.,12.5,0.));
#2980 = SURFACE_CURVE('',#2981,(#2986,#2997),.PCURVE_S1.);
#2981 = CIRCLE('',#2982,12.5);
#2982 = AXIS2_PLACEMENT_3D('',#2983,#2984,#2985);
#2983 = CARTESIAN_POINT('',(36.,0.,0.));
#2984 = DIRECTION('',(-1.,0.,0.));
#2985 = DIRECTION('',(0.,1.,0.));
#2986 = PCURVE('',#1611,#2987);
#2987 = DEFINITIONAL_REPRESENTATION('',(#2988),#2996);
#2988 = ( BOUNDED_CURVE() B_SPLINE_CURVE(2,(#2989,#2990,#2991,#2992,
#2993,#2994,#2995),.UNSPECIFIED.,.T.,.F.) B_SPLINE_CURVE_WITH_KNOTS((1,2
    ,2,2,2,1),(-2.094395102393,0.,2.094395102393,4.188790204786,
6.28318530718,8.377580409573),.UNSPECIFIED.) CURVE() 
GEOMETRIC_REPRESENTATION_ITEM() RATIONAL_B_SPLINE_CURVE((1.,0.5,1.,0.5,
1.,0.5,1.)) REPRESENTATION_ITEM('') );
#2989 = CARTESIAN_POINT('',(6.80906842916E-17,-12.5));
#2990 = CARTESIAN_POINT('',(-21.65063509461,-12.5));
#2991 = CARTESIAN_POINT('',(-10.8253175473,6.25));
#2992 = CARTESIAN_POINT('',(-2.993526313577E-15,25.));
#2993 = CARTESIAN_POINT('',(10.825317547305,6.25));
#2994 = CARTESIAN_POINT('',(21.650635094611,-12.5));
#2995 = CARTESIAN_POINT('',(6.80906842916E-17,-12.5));
#2996 = ( GEOMETRIC_REPRESENTATION_CONTEXT(2) 
PARAMETRIC_REPRESENTATION_CONTEXT() REPRESENTATION_CONTEXT('2D SPACE',''
  ) );
#2997 = PCURVE('',#2533,#2998);
#2998 = DEFINITIONAL_REPRESENTATION('',(#2999),#3003);
#2999 = LINE('',#3000,#3001);
#3000 = CARTESIAN_POINT('',(-6.28318530718,-87.));
#3001 = VECTOR('',#3002,1.);
#3002 = DIRECTION('',(1.,-0.));
#3003 = ( GEOMETRIC_REPRESENTATION_CONTEXT(2) 
PARAMETRIC_REPRESENTATION_CONTEXT() REPRESENTATION_CONTEXT('2D SPACE',''
  ) );
#3004 = ADVANCED_FACE('',(#3005),#2043,.F.);
#3005 = FACE_BOUND('',#3006,.F.);
#3006 = EDGE_LOOP('',(#3007,#3008,#3029,#3030,#3031,#3053,#3054,#3055));
#3007 = ORIENTED_EDGE('',*,*,#2121,.F.);
#3008 = ORIENTED_EDGE('',*,*,#3009,.T.);
#3009 = EDGE_CURVE('',#2122,#2010,#3010,.T.);
#3010 = SEAM_CURVE('',#3011,(#3015,#3022),.PCURVE_S1.);
#3011 = LINE('',#3012,#3013);
#3012 = CARTESIAN_POINT('',(37.75,0.,26.));
#3013 = VECTOR('',#3014,1.);
#3014 = DIRECTION('',(-0.,-0.,-1.));
#3015 = PCURVE('',#2043,#3016);
#3016 = DEFINITIONAL_REPRESENTATION('',(#3017),#3021);
#3017 = LINE('',#3018,#3019);
#3018 = CARTESIAN_POINT('',(6.28318530718,0.));
#3019 = VECTOR('',#3020,1.);
#3020 = DIRECTION('',(0.,-1.));
#3021 = ( GEOMETRIC_REPRESENTATION_CONTEXT(2) 
PARAMETRIC_REPRESENTATION_CONTEXT() REPRESENTATION_CONTEXT('2D SPACE',''
  ) );
#3022 = PCURVE('',#2043,#3023);
#3023 = DEFINITIONAL_REPRESENTATION('',(#3024),#3028);
#3024 = LINE('',#3025,#3026);
#3025 = CARTESIAN_POINT('',(0.,0.));
#3026 = VECTOR('',#3027,1.);
#3027 = DIRECTION('',(0.,-1.));
#3028 = ( GEOMETRIC_REPRESENTATION_CONTEXT(2) 
PARAMETRIC_REPRESENTATION_CONTEXT() REPRESENTATION_CONTEXT('2D SPACE',''
  ) );
#3029 = ORIENTED_EDGE('',*,*,#2064,.T.);
#3030 = ORIENTED_EDGE('',*,*,#2956,.F.);
#3031 = ORIENTED_EDGE('',*,*,#3032,.T.);
#3032 = EDGE_CURVE('',#2774,#2776,#3033,.T.);
#3033 = SURFACE_CURVE('',#3034,(#3039,#3046),.PCURVE_S1.);
#3034 = CIRCLE('',#3035,5.75);
#3035 = AXIS2_PLACEMENT_3D('',#3036,#3037,#3038);
#3036 = CARTESIAN_POINT('',(32.,0.,14.));
#3037 = DIRECTION('',(0.,0.,1.));
#3038 = DIRECTION('',(1.,0.,0.));
#3039 = PCURVE('',#2043,#3040);
#3040 = DEFINITIONAL_REPRESENTATION('',(#3041),#3045);
#3041 = LINE('',#3042,#3043);
#3042 = CARTESIAN_POINT('',(0.,-12.));
#3043 = VECTOR('',#3044,1.);
#3044 = DIRECTION('',(1.,0.));
#3045 = ( GEOMETRIC_REPRESENTATION_CONTEXT(2) 
PARAMETRIC_REPRESENTATION_CONTEXT() REPRESENTATION_CONTEXT('2D SPACE',''
  ) );
#3046 = PCURVE('',#2790,#3047);
#3047 = DEFINITIONAL_REPRESENTATION('',(#3048),#3052);
#3048 = CIRCLE('',#3049,5.75);
#3049 = AXIS2_PLACEMENT_2D('',#3050,#3051);
#3050 = CARTESIAN_POINT('',(0.,-4.787230558362E-16));
#3051 = DIRECTION('',(1.,0.));
#3052 = ( GEOMETRIC_REPRESENTATION_CONTEXT(2) 
PARAMETRIC_REPRESENTATION_CONTEXT() REPRESENTATION_CONTEXT('2D SPACE',''
  ) );
#3053 = ORIENTED_EDGE('',*,*,#2801,.T.);
#3054 = ORIENTED_EDGE('',*,*,#2009,.T.);
#3055 = ORIENTED_EDGE('',*,*,#3009,.F.);
#3056 = ADVANCED_FACE('',(#3057),#1886,.F.);
#3057 = FACE_BOUND('',#3058,.T.);
#3058 = EDGE_LOOP('',(#3059,#3060,#3081,#3082,#3083,#3105,#3106,#3107));
#3059 = ORIENTED_EDGE('',*,*,#2217,.T.);
#3060 = ORIENTED_EDGE('',*,*,#3061,.T.);
#3061 = EDGE_CURVE('',#2218,#1833,#3062,.T.);
#3062 = SEAM_CURVE('',#3063,(#3067,#3074),.PCURVE_S1.);
#3063 = LINE('',#3064,#3065);
#3064 = CARTESIAN_POINT('',(38.4,-10.,-26.));
#3065 = VECTOR('',#3066,1.);
#3066 = DIRECTION('',(0.,0.,1.));
#3067 = PCURVE('',#1886,#3068);
#3068 = DEFINITIONAL_REPRESENTATION('',(#3069),#3073);
#3069 = LINE('',#3070,#3071);
#3070 = CARTESIAN_POINT('',(-6.28318530718,0.));
#3071 = VECTOR('',#3072,1.);
#3072 = DIRECTION('',(-0.,-1.));
#3073 = ( GEOMETRIC_REPRESENTATION_CONTEXT(2) 
PARAMETRIC_REPRESENTATION_CONTEXT() REPRESENTATION_CONTEXT('2D SPACE',''
  ) );
#3074 = PCURVE('',#1886,#3075);
#3075 = DEFINITIONAL_REPRESENTATION('',(#3076),#3080);
#3076 = LINE('',#3077,#3078);
#3077 = CARTESIAN_POINT('',(-0.,0.));
#3078 = VECTOR('',#3079,1.);
#3079 = DIRECTION('',(-0.,-1.));
#3080 = ( GEOMETRIC_REPRESENTATION_CONTEXT(2) 
PARAMETRIC_REPRESENTATION_CONTEXT() REPRESENTATION_CONTEXT('2D SPACE',''
  ) );
#3081 = ORIENTED_EDGE('',*,*,#1832,.T.);
#3082 = ORIENTED_EDGE('',*,*,#2868,.F.);
#3083 = ORIENTED_EDGE('',*,*,#3084,.T.);
#3084 = EDGE_CURVE('',#2843,#2822,#3085,.T.);
#3085 = SURFACE_CURVE('',#3086,(#3091,#3098),.PCURVE_S1.);
#3086 = CIRCLE('',#3087,3.4);
#3087 = AXIS2_PLACEMENT_3D('',#3088,#3089,#3090);
#3088 = CARTESIAN_POINT('',(35.,-10.,-12.));
#3089 = DIRECTION('',(0.,0.,1.));
#3090 = DIRECTION('',(1.,0.,0.));
#3091 = PCURVE('',#1886,#3092);
#3092 = DEFINITIONAL_REPRESENTATION('',(#3093),#3097);
#3093 = LINE('',#3094,#3095);
#3094 = CARTESIAN_POINT('',(-0.,-14.));
#3095 = VECTOR('',#3096,1.);
#3096 = DIRECTION('',(-1.,0.));
#3097 = ( GEOMETRIC_REPRESENTATION_CONTEXT(2) 
PARAMETRIC_REPRESENTATION_CONTEXT() REPRESENTATION_CONTEXT('2D SPACE',''
  ) );
#3098 = PCURVE('',#2857,#3099);
#3099 = DEFINITIONAL_REPRESENTATION('',(#3100),#3104);
#3100 = CIRCLE('',#3101,3.4);
#3101 = AXIS2_PLACEMENT_2D('',#3102,#3103);
#3102 = CARTESIAN_POINT('',(0.,-1.7763568394E-15));
#3103 = DIRECTION('',(1.,0.));
#3104 = ( GEOMETRIC_REPRESENTATION_CONTEXT(2) 
PARAMETRIC_REPRESENTATION_CONTEXT() REPRESENTATION_CONTEXT('2D SPACE',''
  ) );
#3105 = ORIENTED_EDGE('',*,*,#2821,.T.);
#3106 = ORIENTED_EDGE('',*,*,#1917,.T.);
#3107 = ORIENTED_EDGE('',*,*,#3061,.F.);
#3108 = ADVANCED_FACE('',(#3109),#1716,.F.);
#3109 = FACE_BOUND('',#3110,.T.);
#3110 = EDGE_LOOP('',(#3111,#3112,#3133,#3134,#3135,#3157,#3158,#3159));
#3111 = ORIENTED_EDGE('',*,*,#2277,.T.);
#3112 = ORIENTED_EDGE('',*,*,#3113,.T.);
#3113 = EDGE_CURVE('',#2278,#1671,#3114,.T.);
#3114 = SEAM_CURVE('',#3115,(#3119,#3126),.PCURVE_S1.);
#3115 = LINE('',#3116,#3117);
#3116 = CARTESIAN_POINT('',(38.4,10.,-26.));
#3117 = VECTOR('',#3118,1.);
#3118 = DIRECTION('',(0.,0.,1.));
#3119 = PCURVE('',#1716,#3120);
#3120 = DEFINITIONAL_REPRESENTATION('',(#3121),#3125);
#3121 = LINE('',#3122,#3123);
#3122 = CARTESIAN_POINT('',(-6.28318530718,0.));
#3123 = VECTOR('',#3124,1.);
#3124 = DIRECTION('',(-0.,-1.));
#3125 = ( GEOMETRIC_REPRESENTATION_CONTEXT(2) 
PARAMETRIC_REPRESENTATION_CONTEXT() REPRESENTATION_CONTEXT('2D SPACE',''
  ) );
#3126 = PCURVE('',#1716,#3127);
#3127 = DEFINITIONAL_REPRESENTATION('',(#3128),#3132);
#3128 = LINE('',#3129,#3130);
#3129 = CARTESIAN_POINT('',(-0.,0.));
#3130 = VECTOR('',#3131,1.);
#3131 = DIRECTION('',(-0.,-1.));
#3132 = ( GEOMETRIC_REPRESENTATION_CONTEXT(2) 
PARAMETRIC_REPRESENTATION_CONTEXT() REPRESENTATION_CONTEXT('2D SPACE',''
  ) );
#3133 = ORIENTED_EDGE('',*,*,#1670,.T.);
#3134 = ORIENTED_EDGE('',*,*,#2935,.F.);
#3135 = ORIENTED_EDGE('',*,*,#3136,.T.);
#3136 = EDGE_CURVE('',#2910,#2889,#3137,.T.);
#3137 = SURFACE_CURVE('',#3138,(#3143,#3150),.PCURVE_S1.);
#3138 = CIRCLE('',#3139,3.4);
#3139 = AXIS2_PLACEMENT_3D('',#3140,#3141,#3142);
#3140 = CARTESIAN_POINT('',(35.,10.,-12.));
#3141 = DIRECTION('',(0.,0.,1.));
#3142 = DIRECTION('',(1.,0.,0.));
#3143 = PCURVE('',#1716,#3144);
#3144 = DEFINITIONAL_REPRESENTATION('',(#3145),#3149);
#3145 = LINE('',#3146,#3147);
#3146 = CARTESIAN_POINT('',(-0.,-14.));
#3147 = VECTOR('',#3148,1.);
#3148 = DIRECTION('',(-1.,0.));
#3149 = ( GEOMETRIC_REPRESENTATION_CONTEXT(2) 
PARAMETRIC_REPRESENTATION_CONTEXT() REPRESENTATION_CONTEXT('2D SPACE',''
  ) );
#3150 = PCURVE('',#2924,#3151);
#3151 = DEFINITIONAL_REPRESENTATION('',(#3152),#3156);
#3152 = CIRCLE('',#3153,3.4);
#3153 = AXIS2_PLACEMENT_2D('',#3154,#3155);
#3154 = CARTESIAN_POINT('',(0.,-1.7763568394E-15));
#3155 = DIRECTION('',(1.,0.));
#3156 = ( GEOMETRIC_REPRESENTATION_CONTEXT(2) 
PARAMETRIC_REPRESENTATION_CONTEXT() REPRESENTATION_CONTEXT('2D SPACE',''
  ) );
#3157 = ORIENTED_EDGE('',*,*,#2888,.T.);
#3158 = ORIENTED_EDGE('',*,*,#1743,.T.);
#3159 = ORIENTED_EDGE('',*,*,#3113,.F.);
#3160 = ADVANCED_FACE('',(#3161,#3166),#2325,.T.);
#3161 = FACE_BOUND('',#3162,.T.);
#3162 = EDGE_LOOP('',(#3163,#3164,#3165));
#3163 = ORIENTED_EDGE('',*,*,#2747,.T.);
#3164 = ORIENTED_EDGE('',*,*,#2722,.T.);
#3165 = ORIENTED_EDGE('',*,*,#2308,.T.);
#3166 = FACE_BOUND('',#3167,.T.);
#3167 = EDGE_LOOP('',(#3168));
#3168 = ORIENTED_EDGE('',*,*,#3169,.F.);
#3169 = EDGE_CURVE('',#3170,#3170,#3172,.T.);
#3170 = VERTEX_POINT('',#3171);
#3171 = CARTESIAN_POINT('',(-28.5,0.,14.));
#3172 = SURFACE_CURVE('',#3173,(#3178,#3185),.PCURVE_S1.);
#3173 = CIRCLE('',#3174,3.5);
#3174 = AXIS2_PLACEMENT_3D('',#3175,#3176,#3177);
#3175 = CARTESIAN_POINT('',(-32.,0.,14.));
#3176 = DIRECTION('',(0.,0.,1.));
#3177 = DIRECTION('',(1.,0.,-0.));
#3178 = PCURVE('',#2325,#3179);
#3179 = DEFINITIONAL_REPRESENTATION('',(#3180),#3184);
#3180 = CIRCLE('',#3181,3.5);
#3181 = AXIS2_PLACEMENT_2D('',#3182,#3183);
#3182 = CARTESIAN_POINT('',(-3.552713678801E-15,-4.787230558362E-16));
#3183 = DIRECTION('',(1.,0.));
#3184 = ( GEOMETRIC_REPRESENTATION_CONTEXT(2) 
PARAMETRIC_REPRESENTATION_CONTEXT() REPRESENTATION_CONTEXT('2D SPACE',''
  ) );
#3185 = PCURVE('',#3186,#3191);
#3186 = CYLINDRICAL_SURFACE('',#3187,3.5);
#3187 = AXIS2_PLACEMENT_3D('',#3188,#3189,#3190);
#3188 = CARTESIAN_POINT('',(-32.,0.,26.));
#3189 = DIRECTION('',(0.,0.,1.));
#3190 = DIRECTION('',(1.,0.,0.));
#3191 = DEFINITIONAL_REPRESENTATION('',(#3192),#3196);
#3192 = LINE('',#3193,#3194);
#3193 = CARTESIAN_POINT('',(0.,-12.));
#3194 = VECTOR('',#3195,1.);
#3195 = DIRECTION('',(1.,0.));
#3196 = ( GEOMETRIC_REPRESENTATION_CONTEXT(2) 
PARAMETRIC_REPRESENTATION_CONTEXT() REPRESENTATION_CONTEXT('2D SPACE',''
  ) );
#3197 = ADVANCED_FACE('',(#3198),#2459,.F.);
#3198 = FACE_BOUND('',#3199,.F.);
#3199 = EDGE_LOOP('',(#3200,#3201,#3202));
#3200 = ORIENTED_EDGE('',*,*,#2597,.T.);
#3201 = ORIENTED_EDGE('',*,*,#2572,.T.);
#3202 = ORIENTED_EDGE('',*,*,#2444,.T.);
#3203 = ADVANCED_FACE('',(#3204),#2392,.F.);
#3204 = FACE_BOUND('',#3205,.F.);
#3205 = EDGE_LOOP('',(#3206,#3207,#3208));
#3206 = ORIENTED_EDGE('',*,*,#2672,.T.);
#3207 = ORIENTED_EDGE('',*,*,#2647,.T.);
#3208 = ORIENTED_EDGE('',*,*,#2377,.T.);
#3209 = ADVANCED_FACE('',(#3210,#3236,#3443),#2533,.F.);
#3210 = FACE_BOUND('',#3211,.T.);
#3211 = EDGE_LOOP('',(#3212,#3233,#3234,#3235));
#3212 = ORIENTED_EDGE('',*,*,#3213,.F.);
#3213 = EDGE_CURVE('',#2513,#2978,#3214,.T.);
#3214 = SEAM_CURVE('',#3215,(#3219,#3226),.PCURVE_S1.);
#3215 = LINE('',#3216,#3217);
#3216 = CARTESIAN_POINT('',(-51.,12.5,0.));
#3217 = VECTOR('',#3218,1.);
#3218 = DIRECTION('',(1.,0.,0.));
#3219 = PCURVE('',#2533,#3220);
#3220 = DEFINITIONAL_REPRESENTATION('',(#3221),#3225);
#3221 = LINE('',#3222,#3223);
#3222 = CARTESIAN_POINT('',(-6.28318530718,0.));
#3223 = VECTOR('',#3224,1.);
#3224 = DIRECTION('',(-0.,-1.));
#3225 = ( GEOMETRIC_REPRESENTATION_CONTEXT(2) 
PARAMETRIC_REPRESENTATION_CONTEXT() REPRESENTATION_CONTEXT('2D SPACE',''
  ) );
#3226 = PCURVE('',#2533,#3227);
#3227 = DEFINITIONAL_REPRESENTATION('',(#3228),#3232);
#3228 = LINE('',#3229,#3230);
#3229 = CARTESIAN_POINT('',(-0.,0.));
#3230 = VECTOR('',#3231,1.);
#3231 = DIRECTION('',(-0.,-1.));
#3232 = ( GEOMETRIC_REPRESENTATION_CONTEXT(2) 
PARAMETRIC_REPRESENTATION_CONTEXT() REPRESENTATION_CONTEXT('2D SPACE',''
  ) );
#3233 = ORIENTED_EDGE('',*,*,#2512,.T.);
#3234 = ORIENTED_EDGE('',*,*,#3213,.T.);
#3235 = ORIENTED_EDGE('',*,*,#2977,.F.);
#3236 = FACE_BOUND('',#3237,.T.);
#3237 = EDGE_LOOP('',(#3238));
#3238 = ORIENTED_EDGE('',*,*,#3239,.T.);
#3239 = EDGE_CURVE('',#3240,#3240,#3242,.T.);
#3240 = VERTEX_POINT('',#3241);
#3241 = CARTESIAN_POINT('',(35.5,0.,12.5));
#3242 = SURFACE_CURVE('',#3243,(#3306,#3372),.PCURVE_S1.);
#3243 = B_SPLINE_CURVE_WITH_KNOTS('',7,(#3244,#3245,#3246,#3247,#3248,
    #3249,#3250,#3251,#3252,#3253,#3254,#3255,#3256,#3257,#3258,#3259,
    #3260,#3261,#3262,#3263,#3264,#3265,#3266,#3267,#3268,#3269,#3270,
    #3271,#3272,#3273,#3274,#3275,#3276,#3277,#3278,#3279,#3280,#3281,
    #3282,#3283,#3284,#3285,#3286,#3287,#3288,#3289,#3290,#3291,#3292,
    #3293,#3294,#3295,#3296,#3297,#3298,#3299,#3300,#3301,#3302,#3303,
    #3304,#3305),.UNSPECIFIED.,.T.,.F.,(8,6,6,6,6,6,6,6,6,6,8),(0.,
    7.075105668256E-02,0.165526276745,0.315706391462,0.413399475746,
    0.500711239381,0.581097751069,0.68529214413,0.834997259104,
    0.92947271879,1.),.UNSPECIFIED.);
#3244 = CARTESIAN_POINT('',(35.5,0.,12.5));
#3245 = CARTESIAN_POINT('',(35.5,0.270192033371,12.5));
#3246 = CARTESIAN_POINT('',(35.475665134717,0.538180353701,
    12.493186749287));
#3247 = CARTESIAN_POINT('',(35.427711424322,0.800364405683,
    12.479757989452));
#3248 = CARTESIAN_POINT('',(35.357721150997,1.053284042119,
    12.460437924801));
#3249 = CARTESIAN_POINT('',(35.268122559961,1.293778747942,
    12.436404998914));
#3250 = CARTESIAN_POINT('',(35.162194208939,1.519143142945,
    12.409124377852));
#3251 = CARTESIAN_POINT('',(34.885891713887,2.006088722256,
    12.34118536544));
#3252 = CARTESIAN_POINT('',(34.704048188742,2.257153899668,
    12.29868835541));
#3253 = CARTESIAN_POINT('',(34.503919348952,2.480746293356,
    12.255133506327));
#3254 = CARTESIAN_POINT('',(34.28957958119,2.677697118293,
    12.212594436713));
#3255 = CARTESIAN_POINT('',(34.064153261213,2.849021141933,
    12.172624194061));
#3256 = CARTESIAN_POINT('',(33.830022108455,2.995698994325,
    12.136386385701));
#3257 = CARTESIAN_POINT('',(33.206992204491,3.31314858619,
    12.054602430457));
#3258 = CARTESIAN_POINT('',(32.807330886027,3.448031370188,
    12.015959999309));
#3259 = CARTESIAN_POINT('',(32.397793718911,3.525749902981,
    11.992383899716));
#3260 = CARTESIAN_POINT('',(31.984004822332,3.547740221714,
    11.985634658556));
#3261 = CARTESIAN_POINT('',(31.571110837703,3.514329417852,
    11.996064309995));
#3262 = CARTESIAN_POINT('',(31.16428042967,3.424727366545,
    12.022675771524));
#3263 = CARTESIAN_POINT('',(30.513828652175,3.180608731299,
    12.088989543691));
#3264 = CARTESIAN_POINT('',(30.263080575589,3.059807032388,
    12.120843391429));
#3265 = CARTESIAN_POINT('',(30.019458608573,2.913795569359,
    12.157708593057));
#3266 = CARTESIAN_POINT('',(29.784986050185,2.741629135759,
    12.198608054723));
#3267 = CARTESIAN_POINT('',(29.562363639977,2.542178566265,
    12.242206613673));
#3268 = CARTESIAN_POINT('',(29.355211807048,2.31431700621,
    12.286653771486));
#3269 = CARTESIAN_POINT('',(29.001516416357,1.827497065109,
    12.36788218459));
#3270 = CARTESIAN_POINT('',(28.848093681967,1.570593053432,
    12.405613952883));
#3271 = CARTESIAN_POINT('',(28.715750575122,1.288827726085,
    12.440243964005));
#3272 = CARTESIAN_POINT('',(28.610648195512,0.985843133944,
    12.469019317992));
#3273 = CARTESIAN_POINT('',(28.537578332441,0.666340019271,
    12.489477872755));
#3274 = CARTESIAN_POINT('',(28.5,0.335761093321,12.5));
#3275 = CARTESIAN_POINT('',(28.5,-0.309129742988,12.5));
#3276 = CARTESIAN_POINT('',(28.53185362821,-0.614483504402,
    12.491080866615));
#3277 = CARTESIAN_POINT('',(28.594160866208,-0.911158526925,
    12.47363544903));
#3278 = CARTESIAN_POINT('',(28.684339762958,-1.194536194726,
    12.448855074779));
#3279 = CARTESIAN_POINT('',(28.798666281768,-1.46052950039,
    12.418616639872));
#3280 = CARTESIAN_POINT('',(28.932249899,-1.705832212272,12.385102401989
    ));
#3281 = CARTESIAN_POINT('',(29.269198060312,-2.216286857676,
    12.305410403334));
#3282 = CARTESIAN_POINT('',(29.484855695131,-2.47086612025,
    12.257631075168));
#3283 = CARTESIAN_POINT('',(29.719491288727,-2.692585596549,
    12.21019466619));
#3284 = CARTESIAN_POINT('',(29.968373613318,-2.882757083013,
    12.165525659332));
#3285 = CARTESIAN_POINT('',(30.228022928736,-3.042785632816,
    12.125327982919));
#3286 = CARTESIAN_POINT('',(30.495900835193,-3.173880309045,
    12.090817290515));
#3287 = CARTESIAN_POINT('',(31.164280423945,-3.424727364397,
    12.022675772108));
#3288 = CARTESIAN_POINT('',(31.571110859207,-3.514329421436,
    11.996064308995));
#3289 = CARTESIAN_POINT('',(31.984004785757,-3.547740221604,
    11.98563465866));
#3290 = CARTESIAN_POINT('',(32.397793753098,-3.525749898102,
    11.992383900941));
#3291 = CARTESIAN_POINT('',(32.807330868282,-3.448031375532,
    12.015959997935));
#3292 = CARTESIAN_POINT('',(33.206992208731,-3.31314858403,
    12.054602431013));
#3293 = CARTESIAN_POINT('',(33.830022108454,-2.995698994325,
    12.136386385701));
#3294 = CARTESIAN_POINT('',(34.064153261214,-2.849021141933,
    12.172624194061));
#3295 = CARTESIAN_POINT('',(34.289579581189,-2.677697118294,
    12.212594436713));
#3296 = CARTESIAN_POINT('',(34.503919348953,-2.480746293355,
    12.255133506327));
#3297 = CARTESIAN_POINT('',(34.704048188742,-2.257153899669,
    12.29868835541));
#3298 = CARTESIAN_POINT('',(34.885891713887,-2.006088722255,
    12.34118536544));
#3299 = CARTESIAN_POINT('',(35.162194208827,-1.519143143142,
    12.409124377825));
#3300 = CARTESIAN_POINT('',(35.26812255999,-1.293778747963,
    12.43640499892));
#3301 = CARTESIAN_POINT('',(35.357721151074,-1.05328404195,
    12.460437924822));
#3302 = CARTESIAN_POINT('',(35.427711424336,-0.800364405511,
    12.479757989457));
#3303 = CARTESIAN_POINT('',(35.475665134677,-0.538180353728,
    12.493186749276));
#3304 = CARTESIAN_POINT('',(35.5,-0.270192033595,12.5));
#3305 = CARTESIAN_POINT('',(35.5,0.,12.5));
#3306 = PCURVE('',#2533,#3307);
#3307 = DEFINITIONAL_REPRESENTATION('',(#3308),#3371);
#3308 = B_SPLINE_CURVE_WITH_KNOTS('',7,(#3309,#3310,#3311,#3312,#3313,
    #3314,#3315,#3316,#3317,#3318,#3319,#3320,#3321,#3322,#3323,#3324,
    #3325,#3326,#3327,#3328,#3329,#3330,#3331,#3332,#3333,#3334,#3335,
    #3336,#3337,#3338,#3339,#3340,#3341,#3342,#3343,#3344,#3345,#3346,
    #3347,#3348,#3349,#3350,#3351,#3352,#3353,#3354,#3355,#3356,#3357,
    #3358,#3359,#3360,#3361,#3362,#3363,#3364,#3365,#3366,#3367,#3368,
    #3369,#3370),.UNSPECIFIED.,.T.,.F.,(8,6,6,6,6,6,6,6,6,6,8),(0.,
    7.075105668256E-02,0.165526276745,0.315706391462,0.413399475746,
    0.500711239381,0.581097751069,0.68529214413,0.834997259104,
    0.92947271879,1.),.UNSPECIFIED.);
#3309 = CARTESIAN_POINT('',(-1.570796326795,-86.5));
#3310 = CARTESIAN_POINT('',(-1.549180964125,-86.5));
#3311 = CARTESIAN_POINT('',(-1.527741880648,-86.47566513471));
#3312 = CARTESIAN_POINT('',(-1.506750730062,-86.42771142432));
#3313 = CARTESIAN_POINT('',(-1.486468761884,-86.35772115099));
#3314 = CARTESIAN_POINT('',(-1.467140372737,-86.26812255996));
#3315 = CARTESIAN_POINT('',(-1.448982585101,-86.16219420893));
#3316 = CARTESIAN_POINT('',(-1.409649610101,-85.88589171388));
#3317 = CARTESIAN_POINT('',(-1.389287294205,-85.70404818874));
#3318 = CARTESIAN_POINT('',(-1.371071340774,-85.50391934895));
#3319 = CARTESIAN_POINT('',(-1.354956366476,-85.28957958119));
#3320 = CARTESIAN_POINT('',(-1.340884398032,-85.06415326121));
#3321 = CARTESIAN_POINT('',(-1.32879795454,-84.83002210845));
#3322 = CARTESIAN_POINT('',(-1.302572732029,-84.20699220449));
#3323 = CARTESIAN_POINT('',(-1.291352051802,-83.80733088602));
#3324 = CARTESIAN_POINT('',(-1.284853925826,-83.39779371891));
#3325 = CARTESIAN_POINT('',(-1.283013439254,-82.98400482233));
#3326 = CARTESIAN_POINT('',(-1.285814459406,-82.5711108377));
#3327 = CARTESIAN_POINT('',(-1.293290047505,-82.16428042967));
#3328 = CARTESIAN_POINT('',(-1.313527268571,-81.51382865217));
#3329 = CARTESIAN_POINT('',(-1.323521463331,-81.26308057558));
#3330 = CARTESIAN_POINT('',(-1.335567821182,-81.01945860857));
#3331 = CARTESIAN_POINT('',(-1.349721590234,-80.78498605018));
#3332 = CARTESIAN_POINT('',(-1.366048908282,-80.56236363997));
#3333 = CARTESIAN_POINT('',(-1.384614465401,-80.35521180704));
#3334 = CARTESIAN_POINT('',(-1.424098474126,-80.00151641635));
#3335 = CARTESIAN_POINT('',(-1.444867318031,-79.84809368196));
#3336 = CARTESIAN_POINT('',(-1.467567751345,-79.71575057512));
#3337 = CARTESIAN_POINT('',(-1.491897277516,-79.61064819551));
#3338 = CARTESIAN_POINT('',(-1.517489112507,-79.53757833244));
#3339 = CARTESIAN_POINT('',(-1.543935439329,-79.5));
#3340 = CARTESIAN_POINT('',(-1.595526706234,-79.5));
#3341 = CARTESIAN_POINT('',(-1.619955015005,-79.53185362821));
#3342 = CARTESIAN_POINT('',(-1.643713678537,-79.5941608662));
#3343 = CARTESIAN_POINT('',(-1.666455405897,-79.68433976295));
#3344 = CARTESIAN_POINT('',(-1.687862901979,-79.79866628176));
#3345 = CARTESIAN_POINT('',(-1.70766581118,-79.932249899));
#3346 = CARTESIAN_POINT('',(-1.748996846273,-80.26919806031));
#3347 = CARTESIAN_POINT('',(-1.769709032351,-80.48485569513));
#3348 = CARTESIAN_POINT('',(-1.787840444342,-80.71949128872));
#3349 = CARTESIAN_POINT('',(-1.803464478979,-80.96837361331));
#3350 = CARTESIAN_POINT('',(-1.816663047673,-81.22802292873));
#3351 = CARTESIAN_POINT('',(-1.827507604706,-81.49590083519));
#3352 = CARTESIAN_POINT('',(-1.848302605907,-82.16428042394));
#3353 = CARTESIAN_POINT('',(-1.855778194481,-82.5711108592));
#3354 = CARTESIAN_POINT('',(-1.858579214325,-82.98400478575));
#3355 = CARTESIAN_POINT('',(-1.856738727361,-83.39779375309));
#3356 = CARTESIAN_POINT('',(-1.850240602229,-83.80733086828));
#3357 = CARTESIAN_POINT('',(-1.839019921383,-84.20699220873));
#3358 = CARTESIAN_POINT('',(-1.81279469905,-84.83002210845));
#3359 = CARTESIAN_POINT('',(-1.800708255558,-85.06415326121));
#3360 = CARTESIAN_POINT('',(-1.786636287114,-85.28957958118));
#3361 = CARTESIAN_POINT('',(-1.770521312816,-85.50391934895));
#3362 = CARTESIAN_POINT('',(-1.752305359385,-85.70404818874));
#3363 = CARTESIAN_POINT('',(-1.731943043489,-85.88589171388));
#3364 = CARTESIAN_POINT('',(-1.692610068505,-86.16219420882));
#3365 = CARTESIAN_POINT('',(-1.674452280855,-86.26812255999));
#3366 = CARTESIAN_POINT('',(-1.655123891693,-86.35772115107));
#3367 = CARTESIAN_POINT('',(-1.634841923514,-86.42771142433));
#3368 = CARTESIAN_POINT('',(-1.613850772944,-86.47566513467));
#3369 = CARTESIAN_POINT('',(-1.592411689483,-86.5));
#3370 = CARTESIAN_POINT('',(-1.570796326795,-86.5));
#3371 = ( GEOMETRIC_REPRESENTATION_CONTEXT(2) 
PARAMETRIC_REPRESENTATION_CONTEXT() REPRESENTATION_CONTEXT('2D SPACE',''
  ) );
#3372 = PCURVE('',#3373,#3378);
#3373 = CYLINDRICAL_SURFACE('',#3374,3.5);
#3374 = AXIS2_PLACEMENT_3D('',#3375,#3376,#3377);
#3375 = CARTESIAN_POINT('',(32.,0.,26.));
#3376 = DIRECTION('',(0.,0.,1.));
#3377 = DIRECTION('',(1.,0.,0.));
#3378 = DEFINITIONAL_REPRESENTATION('',(#3379),#3442);
#3379 = B_SPLINE_CURVE_WITH_KNOTS('',7,(#3380,#3381,#3382,#3383,#3384,
    #3385,#3386,#3387,#3388,#3389,#3390,#3391,#3392,#3393,#3394,#3395,
    #3396,#3397,#3398,#3399,#3400,#3401,#3402,#3403,#3404,#3405,#3406,
    #3407,#3408,#3409,#3410,#3411,#3412,#3413,#3414,#3415,#3416,#3417,
    #3418,#3419,#3420,#3421,#3422,#3423,#3424,#3425,#3426,#3427,#3428,
    #3429,#3430,#3431,#3432,#3433,#3434,#3435,#3436,#3437,#3438,#3439,
    #3440,#3441),.UNSPECIFIED.,.F.,.F.,(8,6,6,6,6,6,6,6,6,6,8),(0.,
    7.075105668256E-02,0.165526276745,0.315706391462,0.413399475746,
    0.500711239381,0.581097751069,0.68529214413,0.834997259104,
    0.92947271879,1.),.UNSPECIFIED.);
#3380 = CARTESIAN_POINT('',(0.,-13.5));
#3381 = CARTESIAN_POINT('',(7.719772382026E-02,-13.5));
#3382 = CARTESIAN_POINT('',(0.153765750277,-13.50681325071));
#3383 = CARTESIAN_POINT('',(0.229427190387,-13.52024201054));
#3384 = CARTESIAN_POINT('',(0.303888477401,-13.53956207519));
#3385 = CARTESIAN_POINT('',(0.376806637704,-13.56359500108));
#3386 = CARTESIAN_POINT('',(0.447745207188,-13.59087562214));
#3387 = CARTESIAN_POINT('',(0.607709250592,-13.65881463456));
#3388 = CARTESIAN_POINT('',(0.695738735824,-13.70131164459));
#3389 = CARTESIAN_POINT('',(0.78077409355,-13.74486649367));
#3390 = CARTESIAN_POINT('',(0.863265287779,-13.78740556328));
#3391 = CARTESIAN_POINT('',(0.943630213952,-13.82737580593));
#3392 = CARTESIAN_POINT('',(1.022259498888,-13.86361361429));
#3393 = CARTESIAN_POINT('',(1.222043158331,-13.94539756954));
#3394 = CARTESIAN_POINT('',(1.341282260526,-13.98404000069));
#3395 = CARTESIAN_POINT('',(1.458620905183,-14.00761610028));
#3396 = CARTESIAN_POINT('',(1.575105469938,-14.01436534144));
#3397 = CARTESIAN_POINT('',(1.691748098853,-14.00393569));
#3398 = CARTESIAN_POINT('',(1.809568866597,-13.97732422847));
#3399 = CARTESIAN_POINT('',(2.00806966039,-13.9110104563));
#3400 = CARTESIAN_POINT('',(2.087271249531,-13.87915660857));
#3401 = CARTESIAN_POINT('',(2.167879966785,-13.84229140694));
#3402 = CARTESIAN_POINT('',(2.250317315019,-13.80139194527));
#3403 = CARTESIAN_POINT('',(2.335028654293,-13.75779338632));
#3404 = CARTESIAN_POINT('',(2.422487181975,-13.71334622851));
#3405 = CARTESIAN_POINT('',(2.594413621976,-13.63211781541));
#3406 = CARTESIAN_POINT('',(2.679562067283,-13.59438604711));
#3407 = CARTESIAN_POINT('',(2.767789127474,-13.55975603599));
#3408 = CARTESIAN_POINT('',(2.858480900585,-13.530980682));
#3409 = CARTESIAN_POINT('',(2.951209864586,-13.51052212724));
#3410 = CARTESIAN_POINT('',(3.045660912641,-13.5));
#3411 = CARTESIAN_POINT('',(3.229915437301,-13.5));
#3412 = CARTESIAN_POINT('',(3.317159318421,-13.50891913338));
#3413 = CARTESIAN_POINT('',(3.403049233649,-13.52636455097));
#3414 = CARTESIAN_POINT('',(3.487266000961,-13.55114492522));
#3415 = CARTESIAN_POINT('',(3.569406607741,-13.58138336012));
#3416 = CARTESIAN_POINT('',(3.64892490903,-13.61489759801));
#3417 = CARTESIAN_POINT('',(3.823677914534,-13.69458959666));
#3418 = CARTESIAN_POINT('',(3.91832662683,-13.74236892483));
#3419 = CARTESIAN_POINT('',(4.009694327158,-13.78980533381));
#3420 = CARTESIAN_POINT('',(4.098348298333,-13.83447434066));
#3421 = CARTESIAN_POINT('',(4.184827504732,-13.87467201708));
#3422 = CARTESIAN_POINT('',(4.269644548047,-13.90918270948));
#3423 = CARTESIAN_POINT('',(4.473616438835,-13.97732422789));
#3424 = CARTESIAN_POINT('',(4.591437214876,-14.003935691));
#3425 = CARTESIAN_POINT('',(4.708079826067,-14.01436534134));
#3426 = CARTESIAN_POINT('',(4.824564412531,-14.00761609905));
#3427 = CARTESIAN_POINT('',(4.941903041103,-13.98404000206));
#3428 = CARTESIAN_POINT('',(5.061142150208,-13.94539756898));
#3429 = CARTESIAN_POINT('',(5.260925808291,-13.86361361429));
#3430 = CARTESIAN_POINT('',(5.339555093228,-13.82737580593));
#3431 = CARTESIAN_POINT('',(5.4199200194,-13.78740556328));
#3432 = CARTESIAN_POINT('',(5.50241121363,-13.74486649367));
#3433 = CARTESIAN_POINT('',(5.587446571355,-13.70131164459));
#3434 = CARTESIAN_POINT('',(5.675476056588,-13.65881463456));
#3435 = CARTESIAN_POINT('',(5.835440099927,-13.59087562217));
#3436 = CARTESIAN_POINT('',(5.906378669474,-13.56359500108));
#3437 = CARTESIAN_POINT('',(5.979296829829,-13.53956207517));
#3438 = CARTESIAN_POINT('',(6.053758116839,-13.52024201054));
#3439 = CARTESIAN_POINT('',(6.129419556895,-13.50681325072));
#3440 = CARTESIAN_POINT('',(6.205987583295,-13.5));
#3441 = CARTESIAN_POINT('',(6.28318530718,-13.5));
#3442 = ( GEOMETRIC_REPRESENTATION_CONTEXT(2) 
PARAMETRIC_REPRESENTATION_CONTEXT() REPRESENTATION_CONTEXT('2D SPACE',''
  ) );
#3443 = FACE_BOUND('',#3444,.T.);
#3444 = EDGE_LOOP('',(#3445));
#3445 = ORIENTED_EDGE('',*,*,#3446,.T.);
#3446 = EDGE_CURVE('',#3447,#3447,#3449,.T.);
#3447 = VERTEX_POINT('',#3448);
#3448 = CARTESIAN_POINT('',(-28.5,0.,12.5));
#3449 = SURFACE_CURVE('',#3450,(#3513,#3579),.PCURVE_S1.);
#3450 = B_SPLINE_CURVE_WITH_KNOTS('',7,(#3451,#3452,#3453,#3454,#3455,
    #3456,#3457,#3458,#3459,#3460,#3461,#3462,#3463,#3464,#3465,#3466,
    #3467,#3468,#3469,#3470,#3471,#3472,#3473,#3474,#3475,#3476,#3477,
    #3478,#3479,#3480,#3481,#3482,#3483,#3484,#3485,#3486,#3487,#3488,
    #3489,#3490,#3491,#3492,#3493,#3494,#3495,#3496,#3497,#3498,#3499,
    #3500,#3501,#3502,#3503,#3504,#3505,#3506,#3507,#3508,#3509,#3510,
    #3511,#3512),.UNSPECIFIED.,.T.,.F.,(8,6,6,6,6,6,6,6,6,6,8),(0.,
    7.075105812463E-02,0.165526280209,0.315706398128,0.413399484496,
    0.500711249994,0.581097763395,0.685292155707,0.834997265171,
    0.929472721381,1.),.UNSPECIFIED.);
#3451 = CARTESIAN_POINT('',(-28.5,0.,12.5));
#3452 = CARTESIAN_POINT('',(-28.5,0.270192033595,12.5));
#3453 = CARTESIAN_POINT('',(-28.52433486532,0.538180353728,
    12.493186749276));
#3454 = CARTESIAN_POINT('',(-28.57228857566,0.800364405511,
    12.479757989457));
#3455 = CARTESIAN_POINT('',(-28.64227884892,1.05328404195,
    12.460437924822));
#3456 = CARTESIAN_POINT('',(-28.73187744001,1.293778747963,
    12.43640499892));
#3457 = CARTESIAN_POINT('',(-28.83780579117,1.519143143142,
    12.409124377825));
#3458 = CARTESIAN_POINT('',(-29.11410828611,2.006088722255,
    12.34118536544));
#3459 = CARTESIAN_POINT('',(-29.29595181125,2.257153899668,
    12.29868835541));
#3460 = CARTESIAN_POINT('',(-29.49608065104,2.480746293355,
    12.255133506327));
#3461 = CARTESIAN_POINT('',(-29.71042041881,2.677697118294,
    12.212594436713));
#3462 = CARTESIAN_POINT('',(-29.93584673878,2.849021141933,
    12.172624194061));
#3463 = CARTESIAN_POINT('',(-30.16997789154,2.995698994325,
    12.136386385701));
#3464 = CARTESIAN_POINT('',(-30.7930077955,3.31314858619,12.054602430457
    ));
#3465 = CARTESIAN_POINT('',(-31.19266911397,3.448031370188,
    12.015959999308));
#3466 = CARTESIAN_POINT('',(-31.60220628108,3.525749902981,
    11.992383899716));
#3467 = CARTESIAN_POINT('',(-32.01599517766,3.547740221714,
    11.985634658556));
#3468 = CARTESIAN_POINT('',(-32.42888916229,3.514329417852,
    11.996064309995));
#3469 = CARTESIAN_POINT('',(-32.83571957033,3.424727366546,
    12.022675771524));
#3470 = CARTESIAN_POINT('',(-33.48617134782,3.180608731299,
    12.088989543691));
#3471 = CARTESIAN_POINT('',(-33.73691942441,3.059807032388,
    12.120843391429));
#3472 = CARTESIAN_POINT('',(-33.98054139142,2.913795569358,
    12.157708593057));
#3473 = CARTESIAN_POINT('',(-34.21501394981,2.74162913576,
    12.198608054723));
#3474 = CARTESIAN_POINT('',(-34.43763636002,2.542178566265,
    12.242206613673));
#3475 = CARTESIAN_POINT('',(-34.64478819295,2.31431700621,
    12.286653771486));
#3476 = CARTESIAN_POINT('',(-34.99848358364,1.827497065108,
    12.36788218459));
#3477 = CARTESIAN_POINT('',(-35.15190631803,1.570593053432,
    12.405613952883));
#3478 = CARTESIAN_POINT('',(-35.28424942487,1.288827726085,
    12.440243964006));
#3479 = CARTESIAN_POINT('',(-35.38935180448,0.985843133944,
    12.469019317991));
#3480 = CARTESIAN_POINT('',(-35.46242166755,0.666340019271,
    12.489477872755));
#3481 = CARTESIAN_POINT('',(-35.5,0.33576109332,12.5));
#3482 = CARTESIAN_POINT('',(-35.5,-0.309129742988,12.5));
#3483 = CARTESIAN_POINT('',(-35.46814637179,-0.614483504402,
    12.491080866615));
#3484 = CARTESIAN_POINT('',(-35.40583913379,-0.911158526924,
    12.47363544903));
#3485 = CARTESIAN_POINT('',(-35.31566023704,-1.194536194726,
    12.448855074779));
#3486 = CARTESIAN_POINT('',(-35.20133371823,-1.46052950039,
    12.418616639872));
#3487 = CARTESIAN_POINT('',(-35.067750101,-1.705832212272,
    12.385102401989));
#3488 = CARTESIAN_POINT('',(-34.73080194511,-2.216286849456,
    12.305410404617));
#3489 = CARTESIAN_POINT('',(-34.515144293,-2.470866141107,
    12.257631071962));
#3490 = CARTESIAN_POINT('',(-34.28050871478,-2.692585576655,
    12.210194668779));
#3491 = CARTESIAN_POINT('',(-34.03162640214,-2.882757087344,
    12.165525659788));
#3492 = CARTESIAN_POINT('',(-33.77197705151,-3.042785638002,
    12.125327981097));
#3493 = CARTESIAN_POINT('',(-33.50409917292,-3.173880305998,
    12.090817291343));
#3494 = CARTESIAN_POINT('',(-32.83571957605,-3.424727364397,
    12.022675772108));
#3495 = CARTESIAN_POINT('',(-32.42888914079,-3.514329421436,
    11.996064308995));
#3496 = CARTESIAN_POINT('',(-32.01599521424,-3.547740221604,
    11.98563465866));
#3497 = CARTESIAN_POINT('',(-31.6022062469,-3.525749898102,
    11.992383900941));
#3498 = CARTESIAN_POINT('',(-31.19266913171,-3.448031375531,
    12.015959997935));
#3499 = CARTESIAN_POINT('',(-30.79300779126,-3.313148584031,
    12.054602431013));
#3500 = CARTESIAN_POINT('',(-30.16997789154,-2.995698994325,
    12.136386385701));
#3501 = CARTESIAN_POINT('',(-29.93584673878,-2.849021141934,
    12.172624194061));
#3502 = CARTESIAN_POINT('',(-29.7104204188,-2.677697118293,
    12.212594436713));
#3503 = CARTESIAN_POINT('',(-29.49608065104,-2.480746293356,
    12.255133506327));
#3504 = CARTESIAN_POINT('',(-29.29595181125,-2.257153899668,
    12.29868835541));
#3505 = CARTESIAN_POINT('',(-29.11410828611,-2.006088722256,
    12.34118536544));
#3506 = CARTESIAN_POINT('',(-28.83780579116,-1.519143143127,
    12.409124377827));
#3507 = CARTESIAN_POINT('',(-28.73187744001,-1.293778747962,
    12.436404998919));
#3508 = CARTESIAN_POINT('',(-28.64227884893,-1.053284041962,
    12.46043792482));
#3509 = CARTESIAN_POINT('',(-28.57228857566,-0.800364405524,
    12.479757989456));
#3510 = CARTESIAN_POINT('',(-28.52433486532,-0.538180353726,
    12.493186749276));
#3511 = CARTESIAN_POINT('',(-28.5,-0.270192033578,12.5));
#3512 = CARTESIAN_POINT('',(-28.5,0.,12.5));
#3513 = PCURVE('',#2533,#3514);
#3514 = DEFINITIONAL_REPRESENTATION('',(#3515),#3578);
#3515 = B_SPLINE_CURVE_WITH_KNOTS('',7,(#3516,#3517,#3518,#3519,#3520,
    #3521,#3522,#3523,#3524,#3525,#3526,#3527,#3528,#3529,#3530,#3531,
    #3532,#3533,#3534,#3535,#3536,#3537,#3538,#3539,#3540,#3541,#3542,
    #3543,#3544,#3545,#3546,#3547,#3548,#3549,#3550,#3551,#3552,#3553,
    #3554,#3555,#3556,#3557,#3558,#3559,#3560,#3561,#3562,#3563,#3564,
    #3565,#3566,#3567,#3568,#3569,#3570,#3571,#3572,#3573,#3574,#3575,
    #3576,#3577),.UNSPECIFIED.,.T.,.F.,(8,6,6,6,6,6,6,6,6,6,8),(0.,
    7.075105812463E-02,0.165526280209,0.315706398128,0.413399484496,
    0.500711249994,0.581097763395,0.685292155707,0.834997265171,
    0.929472721381,1.),.UNSPECIFIED.);
#3516 = CARTESIAN_POINT('',(-1.570796326795,-22.5));
#3517 = CARTESIAN_POINT('',(-1.549180964107,-22.5));
#3518 = CARTESIAN_POINT('',(-1.527741880646,-22.47566513467));
#3519 = CARTESIAN_POINT('',(-1.506750730075,-22.42771142433));
#3520 = CARTESIAN_POINT('',(-1.486468761897,-22.35772115107));
#3521 = CARTESIAN_POINT('',(-1.467140372735,-22.26812255999));
#3522 = CARTESIAN_POINT('',(-1.448982585085,-22.16219420882));
#3523 = CARTESIAN_POINT('',(-1.409649610101,-21.88589171388));
#3524 = CARTESIAN_POINT('',(-1.389287294205,-21.70404818874));
#3525 = CARTESIAN_POINT('',(-1.371071340774,-21.50391934895));
#3526 = CARTESIAN_POINT('',(-1.354956366476,-21.28957958119));
#3527 = CARTESIAN_POINT('',(-1.340884398032,-21.06415326121));
#3528 = CARTESIAN_POINT('',(-1.32879795454,-20.83002210845));
#3529 = CARTESIAN_POINT('',(-1.302572732029,-20.20699220449));
#3530 = CARTESIAN_POINT('',(-1.291352051802,-19.80733088602));
#3531 = CARTESIAN_POINT('',(-1.284853925826,-19.39779371891));
#3532 = CARTESIAN_POINT('',(-1.283013439254,-18.98400482233));
#3533 = CARTESIAN_POINT('',(-1.285814459406,-18.5711108377));
#3534 = CARTESIAN_POINT('',(-1.293290047505,-18.16428042967));
#3535 = CARTESIAN_POINT('',(-1.313527268571,-17.51382865217));
#3536 = CARTESIAN_POINT('',(-1.323521463331,-17.26308057558));
#3537 = CARTESIAN_POINT('',(-1.335567821182,-17.01945860857));
#3538 = CARTESIAN_POINT('',(-1.349721590233,-16.78498605018));
#3539 = CARTESIAN_POINT('',(-1.366048908282,-16.56236363997));
#3540 = CARTESIAN_POINT('',(-1.384614465401,-16.35521180704));
#3541 = CARTESIAN_POINT('',(-1.424098474126,-16.00151641635));
#3542 = CARTESIAN_POINT('',(-1.444867318031,-15.84809368196));
#3543 = CARTESIAN_POINT('',(-1.467567751345,-15.71575057512));
#3544 = CARTESIAN_POINT('',(-1.491897277516,-15.61064819551));
#3545 = CARTESIAN_POINT('',(-1.517489112507,-15.53757833244));
#3546 = CARTESIAN_POINT('',(-1.543935439329,-15.5));
#3547 = CARTESIAN_POINT('',(-1.595526706234,-15.5));
#3548 = CARTESIAN_POINT('',(-1.619955015005,-15.53185362821));
#3549 = CARTESIAN_POINT('',(-1.643713678537,-15.5941608662));
#3550 = CARTESIAN_POINT('',(-1.666455405897,-15.68433976295));
#3551 = CARTESIAN_POINT('',(-1.687862901979,-15.79866628176));
#3552 = CARTESIAN_POINT('',(-1.70766581118,-15.932249899));
#3553 = CARTESIAN_POINT('',(-1.748996845608,-16.26919805488));
#3554 = CARTESIAN_POINT('',(-1.769709034039,-16.48485570699));
#3555 = CARTESIAN_POINT('',(-1.787840442739,-16.71949128521));
#3556 = CARTESIAN_POINT('',(-1.803464479311,-16.96837359785));
#3557 = CARTESIAN_POINT('',(-1.816663048109,-17.22802294848));
#3558 = CARTESIAN_POINT('',(-1.827507604454,-17.49590082707));
#3559 = CARTESIAN_POINT('',(-1.848302605907,-18.16428042394));
#3560 = CARTESIAN_POINT('',(-1.855778194481,-18.5711108592));
#3561 = CARTESIAN_POINT('',(-1.858579214325,-18.98400478575));
#3562 = CARTESIAN_POINT('',(-1.856738727361,-19.39779375309));
#3563 = CARTESIAN_POINT('',(-1.850240602229,-19.80733086828));
#3564 = CARTESIAN_POINT('',(-1.839019921383,-20.20699220873));
#3565 = CARTESIAN_POINT('',(-1.81279469905,-20.83002210845));
#3566 = CARTESIAN_POINT('',(-1.800708255558,-21.06415326121));
#3567 = CARTESIAN_POINT('',(-1.786636287114,-21.28957958119));
#3568 = CARTESIAN_POINT('',(-1.770521312816,-21.50391934895));
#3569 = CARTESIAN_POINT('',(-1.752305359385,-21.70404818874));
#3570 = CARTESIAN_POINT('',(-1.731943043489,-21.88589171388));
#3571 = CARTESIAN_POINT('',(-1.692610068504,-22.16219420883));
#3572 = CARTESIAN_POINT('',(-1.674452280855,-22.26812255998));
#3573 = CARTESIAN_POINT('',(-1.655123891694,-22.35772115106));
#3574 = CARTESIAN_POINT('',(-1.634841923515,-22.42771142433));
#3575 = CARTESIAN_POINT('',(-1.613850772944,-22.47566513468));
#3576 = CARTESIAN_POINT('',(-1.592411689481,-22.5));
#3577 = CARTESIAN_POINT('',(-1.570796326795,-22.5));
#3578 = ( GEOMETRIC_REPRESENTATION_CONTEXT(2) 
PARAMETRIC_REPRESENTATION_CONTEXT() REPRESENTATION_CONTEXT('2D SPACE',''
  ) );
#3579 = PCURVE('',#3186,#3580);
#3580 = DEFINITIONAL_REPRESENTATION('',(#3581),#3644);
#3581 = B_SPLINE_CURVE_WITH_KNOTS('',7,(#3582,#3583,#3584,#3585,#3586,
    #3587,#3588,#3589,#3590,#3591,#3592,#3593,#3594,#3595,#3596,#3597,
    #3598,#3599,#3600,#3601,#3602,#3603,#3604,#3605,#3606,#3607,#3608,
    #3609,#3610,#3611,#3612,#3613,#3614,#3615,#3616,#3617,#3618,#3619,
    #3620,#3621,#3622,#3623,#3624,#3625,#3626,#3627,#3628,#3629,#3630,
    #3631,#3632,#3633,#3634,#3635,#3636,#3637,#3638,#3639,#3640,#3641,
    #3642,#3643),.UNSPECIFIED.,.F.,.F.,(8,6,6,6,6,6,6,6,6,6,8),(0.,
    7.075105812463E-02,0.165526280209,0.315706398128,0.413399484496,
    0.500711249994,0.581097763395,0.685292155707,0.834997265171,
    0.929472721381,1.),.UNSPECIFIED.);
#3582 = CARTESIAN_POINT('',(0.,-13.5));
#3583 = CARTESIAN_POINT('',(7.719772388435E-02,-13.5));
#3584 = CARTESIAN_POINT('',(0.153765750285,-13.50681325072));
#3585 = CARTESIAN_POINT('',(0.22942719034,-13.52024201054));
#3586 = CARTESIAN_POINT('',(0.30388847735,-13.53956207517));
#3587 = CARTESIAN_POINT('',(0.376806637705,-13.56359500108));
#3588 = CARTESIAN_POINT('',(0.447745207253,-13.59087562217));
#3589 = CARTESIAN_POINT('',(0.607709250592,-13.65881463456));
#3590 = CARTESIAN_POINT('',(0.695738735824,-13.70131164459));
#3591 = CARTESIAN_POINT('',(0.78077409355,-13.74486649367));
#3592 = CARTESIAN_POINT('',(0.86326528778,-13.78740556328));
#3593 = CARTESIAN_POINT('',(0.943630213952,-13.82737580593));
#3594 = CARTESIAN_POINT('',(1.022259498888,-13.86361361429));
#3595 = CARTESIAN_POINT('',(1.22204315833,-13.94539756954));
#3596 = CARTESIAN_POINT('',(1.341282260527,-13.98404000069));
#3597 = CARTESIAN_POINT('',(1.458620905183,-14.00761610028));
#3598 = CARTESIAN_POINT('',(1.575105469937,-14.01436534144));
#3599 = CARTESIAN_POINT('',(1.691748098853,-14.00393569));
#3600 = CARTESIAN_POINT('',(1.809568866597,-13.97732422847));
#3601 = CARTESIAN_POINT('',(2.00806966039,-13.9110104563));
#3602 = CARTESIAN_POINT('',(2.087271249531,-13.87915660857));
#3603 = CARTESIAN_POINT('',(2.167879966785,-13.84229140694));
#3604 = CARTESIAN_POINT('',(2.250317315019,-13.80139194527));
#3605 = CARTESIAN_POINT('',(2.335028654294,-13.75779338632));
#3606 = CARTESIAN_POINT('',(2.422487181975,-13.71334622851));
#3607 = CARTESIAN_POINT('',(2.594413621976,-13.63211781541));
#3608 = CARTESIAN_POINT('',(2.679562067283,-13.59438604711));
#3609 = CARTESIAN_POINT('',(2.767789127474,-13.55975603599));
#3610 = CARTESIAN_POINT('',(2.858480900585,-13.530980682));
#3611 = CARTESIAN_POINT('',(2.951209864586,-13.51052212724));
#3612 = CARTESIAN_POINT('',(3.045660912641,-13.5));
#3613 = CARTESIAN_POINT('',(3.229915437301,-13.5));
#3614 = CARTESIAN_POINT('',(3.317159318422,-13.50891913338));
#3615 = CARTESIAN_POINT('',(3.403049233648,-13.52636455097));
#3616 = CARTESIAN_POINT('',(3.487266000961,-13.55114492522));
#3617 = CARTESIAN_POINT('',(3.569406607741,-13.58138336012));
#3618 = CARTESIAN_POINT('',(3.64892490903,-13.61489759801));
#3619 = CARTESIAN_POINT('',(3.82367791172,-13.69458959538));
#3620 = CARTESIAN_POINT('',(3.91832663348,-13.74236892803));
#3621 = CARTESIAN_POINT('',(4.009694322635,-13.78980533122));
#3622 = CARTESIAN_POINT('',(4.098348295563,-13.83447434021));
#3623 = CARTESIAN_POINT('',(4.184827510293,-13.8746720189));
#3624 = CARTESIAN_POINT('',(4.269644545569,-13.90918270865));
#3625 = CARTESIAN_POINT('',(4.473616438835,-13.97732422789));
#3626 = CARTESIAN_POINT('',(4.591437214876,-14.003935691));
#3627 = CARTESIAN_POINT('',(4.708079826067,-14.01436534134));
#3628 = CARTESIAN_POINT('',(4.82456441253,-14.00761609905));
#3629 = CARTESIAN_POINT('',(4.941903041103,-13.98404000206));
#3630 = CARTESIAN_POINT('',(5.061142150208,-13.94539756898));
#3631 = CARTESIAN_POINT('',(5.260925808292,-13.86361361429));
#3632 = CARTESIAN_POINT('',(5.339555093227,-13.82737580593));
#3633 = CARTESIAN_POINT('',(5.419920019401,-13.78740556328));
#3634 = CARTESIAN_POINT('',(5.502411213629,-13.74486649367));
#3635 = CARTESIAN_POINT('',(5.587446571355,-13.70131164459));
#3636 = CARTESIAN_POINT('',(5.675476056587,-13.65881463456));
#3637 = CARTESIAN_POINT('',(5.835440099932,-13.59087562217));
#3638 = CARTESIAN_POINT('',(5.906378669474,-13.56359500108));
#3639 = CARTESIAN_POINT('',(5.979296829826,-13.53956207518));
#3640 = CARTESIAN_POINT('',(6.053758116836,-13.52024201054));
#3641 = CARTESIAN_POINT('',(6.129419556895,-13.50681325072));
#3642 = CARTESIAN_POINT('',(6.2059875833,-13.5));
#3643 = CARTESIAN_POINT('',(6.28318530718,-13.5));
#3644 = ( GEOMETRIC_REPRESENTATION_CONTEXT(2) 
PARAMETRIC_REPRESENTATION_CONTEXT() REPRESENTATION_CONTEXT('2D SPACE',''
  ) );
#3645 = ADVANCED_FACE('',(#3646,#3650),#2790,.T.);
#3646 = FACE_BOUND('',#3647,.T.);
#3647 = EDGE_LOOP('',(#3648,#3649));
#3648 = ORIENTED_EDGE('',*,*,#2773,.F.);
#3649 = ORIENTED_EDGE('',*,*,#3032,.T.);
#3650 = FACE_BOUND('',#3651,.T.);
#3651 = EDGE_LOOP('',(#3652));
#3652 = ORIENTED_EDGE('',*,*,#3653,.F.);
#3653 = EDGE_CURVE('',#3654,#3654,#3656,.T.);
#3654 = VERTEX_POINT('',#3655);
#3655 = CARTESIAN_POINT('',(35.5,0.,14.));
#3656 = SURFACE_CURVE('',#3657,(#3662,#3669),.PCURVE_S1.);
#3657 = CIRCLE('',#3658,3.5);
#3658 = AXIS2_PLACEMENT_3D('',#3659,#3660,#3661);
#3659 = CARTESIAN_POINT('',(32.,0.,14.));
#3660 = DIRECTION('',(0.,0.,1.));
#3661 = DIRECTION('',(1.,0.,-0.));
#3662 = PCURVE('',#2790,#3663);
#3663 = DEFINITIONAL_REPRESENTATION('',(#3664),#3668);
#3664 = CIRCLE('',#3665,3.5);
#3665 = AXIS2_PLACEMENT_2D('',#3666,#3667);
#3666 = CARTESIAN_POINT('',(0.,-4.787230558362E-16));
#3667 = DIRECTION('',(1.,0.));
#3668 = ( GEOMETRIC_REPRESENTATION_CONTEXT(2) 
PARAMETRIC_REPRESENTATION_CONTEXT() REPRESENTATION_CONTEXT('2D SPACE',''
  ) );
#3669 = PCURVE('',#3373,#3670);
#3670 = DEFINITIONAL_REPRESENTATION('',(#3671),#3675);
#3671 = LINE('',#3672,#3673);
#3672 = CARTESIAN_POINT('',(0.,-12.));
#3673 = VECTOR('',#3674,1.);
#3674 = DIRECTION('',(1.,0.));
#3675 = ( GEOMETRIC_REPRESENTATION_CONTEXT(2) 
PARAMETRIC_REPRESENTATION_CONTEXT() REPRESENTATION_CONTEXT('2D SPACE',''
  ) );
#3676 = ADVANCED_FACE('',(#3677),#2924,.F.);
#3677 = FACE_BOUND('',#3678,.F.);
#3678 = EDGE_LOOP('',(#3679,#3680));
#3679 = ORIENTED_EDGE('',*,*,#2909,.F.);
#3680 = ORIENTED_EDGE('',*,*,#3136,.T.);
#3681 = ADVANCED_FACE('',(#3682),#2857,.F.);
#3682 = FACE_BOUND('',#3683,.F.);
#3683 = EDGE_LOOP('',(#3684,#3685));
#3684 = ORIENTED_EDGE('',*,*,#2842,.F.);
#3685 = ORIENTED_EDGE('',*,*,#3084,.T.);
#3686 = ADVANCED_FACE('',(#3687),#3186,.F.);
#3687 = FACE_BOUND('',#3688,.F.);
#3688 = EDGE_LOOP('',(#3689,#3690,#3711,#3712));
#3689 = ORIENTED_EDGE('',*,*,#3169,.F.);
#3690 = ORIENTED_EDGE('',*,*,#3691,.T.);
#3691 = EDGE_CURVE('',#3170,#3447,#3692,.T.);
#3692 = SEAM_CURVE('',#3693,(#3697,#3704),.PCURVE_S1.);
#3693 = LINE('',#3694,#3695);
#3694 = CARTESIAN_POINT('',(-28.5,0.,26.));
#3695 = VECTOR('',#3696,1.);
#3696 = DIRECTION('',(-0.,-0.,-1.));
#3697 = PCURVE('',#3186,#3698);
#3698 = DEFINITIONAL_REPRESENTATION('',(#3699),#3703);
#3699 = LINE('',#3700,#3701);
#3700 = CARTESIAN_POINT('',(6.28318530718,0.));
#3701 = VECTOR('',#3702,1.);
#3702 = DIRECTION('',(0.,-1.));
#3703 = ( GEOMETRIC_REPRESENTATION_CONTEXT(2) 
PARAMETRIC_REPRESENTATION_CONTEXT() REPRESENTATION_CONTEXT('2D SPACE',''
  ) );
#3704 = PCURVE('',#3186,#3705);
#3705 = DEFINITIONAL_REPRESENTATION('',(#3706),#3710);
#3706 = LINE('',#3707,#3708);
#3707 = CARTESIAN_POINT('',(0.,0.));
#3708 = VECTOR('',#3709,1.);
#3709 = DIRECTION('',(0.,-1.));
#3710 = ( GEOMETRIC_REPRESENTATION_CONTEXT(2) 
PARAMETRIC_REPRESENTATION_CONTEXT() REPRESENTATION_CONTEXT('2D SPACE',''
  ) );
#3711 = ORIENTED_EDGE('',*,*,#3446,.T.);
#3712 = ORIENTED_EDGE('',*,*,#3691,.F.);
#3713 = ADVANCED_FACE('',(#3714),#3373,.F.);
#3714 = FACE_BOUND('',#3715,.F.);
#3715 = EDGE_LOOP('',(#3716,#3717,#3738,#3739));
#3716 = ORIENTED_EDGE('',*,*,#3653,.F.);
#3717 = ORIENTED_EDGE('',*,*,#3718,.T.);
#3718 = EDGE_CURVE('',#3654,#3240,#3719,.T.);
#3719 = SEAM_CURVE('',#3720,(#3724,#3731),.PCURVE_S1.);
#3720 = LINE('',#3721,#3722);
#3721 = CARTESIAN_POINT('',(35.5,0.,26.));
#3722 = VECTOR('',#3723,1.);
#3723 = DIRECTION('',(-0.,-0.,-1.));
#3724 = PCURVE('',#3373,#3725);
#3725 = DEFINITIONAL_REPRESENTATION('',(#3726),#3730);
#3726 = LINE('',#3727,#3728);
#3727 = CARTESIAN_POINT('',(6.28318530718,0.));
#3728 = VECTOR('',#3729,1.);
#3729 = DIRECTION('',(0.,-1.));
#3730 = ( GEOMETRIC_REPRESENTATION_CONTEXT(2) 
PARAMETRIC_REPRESENTATION_CONTEXT() REPRESENTATION_CONTEXT('2D SPACE',''
  ) );
#3731 = PCURVE('',#3373,#3732);
#3732 = DEFINITIONAL_REPRESENTATION('',(#3733),#3737);
#3733 = LINE('',#3734,#3735);
#3734 = CARTESIAN_POINT('',(0.,0.));
#3735 = VECTOR('',#3736,1.);
#3736 = DIRECTION('',(0.,-1.));
#3737 = ( GEOMETRIC_REPRESENTATION_CONTEXT(2) 
PARAMETRIC_REPRESENTATION_CONTEXT() REPRESENTATION_CONTEXT('2D SPACE',''
  ) );
#3738 = ORIENTED_EDGE('',*,*,#3239,.T.);
#3739 = ORIENTED_EDGE('',*,*,#3718,.F.);
#3740 = ( GEOMETRIC_REPRESENTATION_CONTEXT(3) 
GLOBAL_UNCERTAINTY_ASSIGNED_CONTEXT((#3744)) 
GLOBAL_UNIT_ASSIGNED_CONTEXT((#3741,#3742,#3743)) REPRESENTATION_CONTEXT
('Context #1','3D Context with UNIT and UNCERTAINTY') );
#3741 = ( LENGTH_UNIT() NAMED_UNIT(*) SI_UNIT(.MILLI.,.METRE.) );
#3742 = ( NAMED_UNIT(*) PLANE_ANGLE_UNIT() SI_UNIT($,.RADIAN.) );
#3743 = ( NAMED_UNIT(*) SI_UNIT($,.STERADIAN.) SOLID_ANGLE_UNIT() );
#3744 = UNCERTAINTY_MEASURE_WITH_UNIT(LENGTH_MEASURE(1.E-07),#3741,
  'distance_accuracy_value','confusion accuracy');
#3745 = CONTEXT_DEPENDENT_SHAPE_REPRESENTATION(#3746,#3748);
#3746 = ( REPRESENTATION_RELATIONSHIP('','',#64,#10) 
REPRESENTATION_RELATIONSHIP_WITH_TRANSFORMATION(#3747) 
SHAPE_REPRESENTATION_RELATIONSHIP() );
#3747 = ITEM_DEFINED_TRANSFORMATION('','',#11,#15);
#3748 = PRODUCT_DEFINITION_SHAPE('Placement','Placement of an item',
  #3749);
#3749 = NEXT_ASSEMBLY_USAGE_OCCURRENCE('1','cuerpo','',#5,#59,$);
#3750 = PRODUCT_RELATED_PRODUCT_CATEGORY('part',$,(#61));
#3751 = SHAPE_DEFINITION_REPRESENTATION(#3752,#3758);
#3752 = PRODUCT_DEFINITION_SHAPE('','',#3753);
#3753 = PRODUCT_DEFINITION('design','',#3754,#3757);
#3754 = PRODUCT_DEFINITION_FORMATION('','',#3755);
#3755 = PRODUCT('tapa_der','tapa_der','',(#3756));
#3756 = PRODUCT_CONTEXT('',#2,'mechanical');
#3757 = PRODUCT_DEFINITION_CONTEXT('part definition',#2,'design');
#3758 = ADVANCED_BREP_SHAPE_REPRESENTATION('',(#11,#3759),#4693);
#3759 = MANIFOLD_SOLID_BREP('',#3760);
#3760 = CLOSED_SHELL('',(#3761,#3849,#3884,#3989,#4048,#4103,#4158,#4213
    ,#4248,#4252,#4291,#4295,#4350,#4409,#4448,#4483,#4538,#4593,#4632,
    #4666));
#3761 = ADVANCED_FACE('',(#3762),#3776,.T.);
#3762 = FACE_BOUND('',#3763,.F.);
#3763 = EDGE_LOOP('',(#3764,#3794,#3821,#3822));
#3764 = ORIENTED_EDGE('',*,*,#3765,.T.);
#3765 = EDGE_CURVE('',#3766,#3768,#3770,.T.);
#3766 = VERTEX_POINT('',#3767);
#3767 = CARTESIAN_POINT('',(14.,30.,0.));
#3768 = VERTEX_POINT('',#3769);
#3769 = CARTESIAN_POINT('',(22.,30.,0.));
#3770 = SEAM_CURVE('',#3771,(#3775,#3787),.PCURVE_S1.);
#3771 = LINE('',#3772,#3773);
#3772 = CARTESIAN_POINT('',(14.,30.,0.));
#3773 = VECTOR('',#3774,1.);
#3774 = DIRECTION('',(1.,0.,0.));
#3775 = PCURVE('',#3776,#3781);
#3776 = CYLINDRICAL_SURFACE('',#3777,30.);
#3777 = AXIS2_PLACEMENT_3D('',#3778,#3779,#3780);
#3778 = CARTESIAN_POINT('',(14.,0.,0.));
#3779 = DIRECTION('',(-1.,-0.,-0.));
#3780 = DIRECTION('',(0.,1.,0.));
#3781 = DEFINITIONAL_REPRESENTATION('',(#3782),#3786);
#3782 = LINE('',#3783,#3784);
#3783 = CARTESIAN_POINT('',(-0.,0.));
#3784 = VECTOR('',#3785,1.);
#3785 = DIRECTION('',(-0.,-1.));
#3786 = ( GEOMETRIC_REPRESENTATION_CONTEXT(2) 
PARAMETRIC_REPRESENTATION_CONTEXT() REPRESENTATION_CONTEXT('2D SPACE',''
  ) );
#3787 = PCURVE('',#3776,#3788);
#3788 = DEFINITIONAL_REPRESENTATION('',(#3789),#3793);
#3789 = LINE('',#3790,#3791);
#3790 = CARTESIAN_POINT('',(-6.28318530718,0.));
#3791 = VECTOR('',#3792,1.);
#3792 = DIRECTION('',(-0.,-1.));
#3793 = ( GEOMETRIC_REPRESENTATION_CONTEXT(2) 
PARAMETRIC_REPRESENTATION_CONTEXT() REPRESENTATION_CONTEXT('2D SPACE',''
  ) );
#3794 = ORIENTED_EDGE('',*,*,#3795,.T.);
#3795 = EDGE_CURVE('',#3768,#3768,#3796,.T.);
#3796 = SURFACE_CURVE('',#3797,(#3802,#3809),.PCURVE_S1.);
#3797 = CIRCLE('',#3798,30.);
#3798 = AXIS2_PLACEMENT_3D('',#3799,#3800,#3801);
#3799 = CARTESIAN_POINT('',(22.,0.,0.));
#3800 = DIRECTION('',(1.,0.,0.));
#3801 = DIRECTION('',(0.,1.,0.));
#3802 = PCURVE('',#3776,#3803);
#3803 = DEFINITIONAL_REPRESENTATION('',(#3804),#3808);
#3804 = LINE('',#3805,#3806);
#3805 = CARTESIAN_POINT('',(-0.,-8.));
#3806 = VECTOR('',#3807,1.);
#3807 = DIRECTION('',(-1.,0.));
#3808 = ( GEOMETRIC_REPRESENTATION_CONTEXT(2) 
PARAMETRIC_REPRESENTATION_CONTEXT() REPRESENTATION_CONTEXT('2D SPACE',''
  ) );
#3809 = PCURVE('',#3810,#3815);
#3810 = PLANE('',#3811);
#3811 = AXIS2_PLACEMENT_3D('',#3812,#3813,#3814);
#3812 = CARTESIAN_POINT('',(22.,-1.458602808042E-15,2.339560088947E-16)
  );
#3813 = DIRECTION('',(1.,0.,0.));
#3814 = DIRECTION('',(-0.,0.,1.));
#3815 = DEFINITIONAL_REPRESENTATION('',(#3816),#3820);
#3816 = CIRCLE('',#3817,30.);
#3817 = AXIS2_PLACEMENT_2D('',#3818,#3819);
#3818 = CARTESIAN_POINT('',(-2.339560088947E-16,-1.458602808042E-15));
#3819 = DIRECTION('',(0.,-1.));
#3820 = ( GEOMETRIC_REPRESENTATION_CONTEXT(2) 
PARAMETRIC_REPRESENTATION_CONTEXT() REPRESENTATION_CONTEXT('2D SPACE',''
  ) );
#3821 = ORIENTED_EDGE('',*,*,#3765,.F.);
#3822 = ORIENTED_EDGE('',*,*,#3823,.F.);
#3823 = EDGE_CURVE('',#3766,#3766,#3824,.T.);
#3824 = SURFACE_CURVE('',#3825,(#3830,#3837),.PCURVE_S1.);
#3825 = CIRCLE('',#3826,30.);
#3826 = AXIS2_PLACEMENT_3D('',#3827,#3828,#3829);
#3827 = CARTESIAN_POINT('',(14.,0.,0.));
#3828 = DIRECTION('',(1.,0.,0.));
#3829 = DIRECTION('',(0.,1.,0.));
#3830 = PCURVE('',#3776,#3831);
#3831 = DEFINITIONAL_REPRESENTATION('',(#3832),#3836);
#3832 = LINE('',#3833,#3834);
#3833 = CARTESIAN_POINT('',(-0.,0.));
#3834 = VECTOR('',#3835,1.);
#3835 = DIRECTION('',(-1.,0.));
#3836 = ( GEOMETRIC_REPRESENTATION_CONTEXT(2) 
PARAMETRIC_REPRESENTATION_CONTEXT() REPRESENTATION_CONTEXT('2D SPACE',''
  ) );
#3837 = PCURVE('',#3838,#3843);
#3838 = PLANE('',#3839);
#3839 = AXIS2_PLACEMENT_3D('',#3840,#3841,#3842);
#3840 = CARTESIAN_POINT('',(14.,-1.458602808042E-15,2.339560088947E-16)
  );
#3841 = DIRECTION('',(1.,0.,0.));
#3842 = DIRECTION('',(-0.,0.,1.));
#3843 = DEFINITIONAL_REPRESENTATION('',(#3844),#3848);
#3844 = CIRCLE('',#3845,30.);
#3845 = AXIS2_PLACEMENT_2D('',#3846,#3847);
#3846 = CARTESIAN_POINT('',(-2.339560088947E-16,-1.458602808042E-15));
#3847 = DIRECTION('',(0.,-1.));
#3848 = ( GEOMETRIC_REPRESENTATION_CONTEXT(2) 
PARAMETRIC_REPRESENTATION_CONTEXT() REPRESENTATION_CONTEXT('2D SPACE',''
  ) );
#3849 = ADVANCED_FACE('',(#3850,#3853),#3838,.F.);
#3850 = FACE_BOUND('',#3851,.F.);
#3851 = EDGE_LOOP('',(#3852));
#3852 = ORIENTED_EDGE('',*,*,#3823,.T.);
#3853 = FACE_BOUND('',#3854,.F.);
#3854 = EDGE_LOOP('',(#3855));
#3855 = ORIENTED_EDGE('',*,*,#3856,.F.);
#3856 = EDGE_CURVE('',#3857,#3857,#3859,.T.);
#3857 = VERTEX_POINT('',#3858);
#3858 = CARTESIAN_POINT('',(14.,24.,0.));
#3859 = SURFACE_CURVE('',#3860,(#3865,#3872),.PCURVE_S1.);
#3860 = CIRCLE('',#3861,24.);
#3861 = AXIS2_PLACEMENT_3D('',#3862,#3863,#3864);
#3862 = CARTESIAN_POINT('',(14.,0.,0.));
#3863 = DIRECTION('',(1.,0.,0.));
#3864 = DIRECTION('',(0.,1.,0.));
#3865 = PCURVE('',#3838,#3866);
#3866 = DEFINITIONAL_REPRESENTATION('',(#3867),#3871);
#3867 = CIRCLE('',#3868,24.);
#3868 = AXIS2_PLACEMENT_2D('',#3869,#3870);
#3869 = CARTESIAN_POINT('',(-2.339560088947E-16,-1.458602808042E-15));
#3870 = DIRECTION('',(0.,-1.));
#3871 = ( GEOMETRIC_REPRESENTATION_CONTEXT(2) 
PARAMETRIC_REPRESENTATION_CONTEXT() REPRESENTATION_CONTEXT('2D SPACE',''
  ) );
#3872 = PCURVE('',#3873,#3878);
#3873 = CYLINDRICAL_SURFACE('',#3874,24.);
#3874 = AXIS2_PLACEMENT_3D('',#3875,#3876,#3877);
#3875 = CARTESIAN_POINT('',(0.,0.,0.));
#3876 = DIRECTION('',(-1.,-0.,-0.));
#3877 = DIRECTION('',(0.,1.,0.));
#3878 = DEFINITIONAL_REPRESENTATION('',(#3879),#3883);
#3879 = LINE('',#3880,#3881);
#3880 = CARTESIAN_POINT('',(-0.,-14.));
#3881 = VECTOR('',#3882,1.);
#3882 = DIRECTION('',(-1.,0.));
#3883 = ( GEOMETRIC_REPRESENTATION_CONTEXT(2) 
PARAMETRIC_REPRESENTATION_CONTEXT() REPRESENTATION_CONTEXT('2D SPACE',''
  ) );
#3884 = ADVANCED_FACE('',(#3885,#3888,#3923,#3954),#3810,.T.);
#3885 = FACE_BOUND('',#3886,.T.);
#3886 = EDGE_LOOP('',(#3887));
#3887 = ORIENTED_EDGE('',*,*,#3795,.T.);
#3888 = FACE_BOUND('',#3889,.T.);
#3889 = EDGE_LOOP('',(#3890));
#3890 = ORIENTED_EDGE('',*,*,#3891,.T.);
#3891 = EDGE_CURVE('',#3892,#3892,#3894,.T.);
#3892 = VERTEX_POINT('',#3893);
#3893 = CARTESIAN_POINT('',(22.,25.,0.));
#3894 = SURFACE_CURVE('',#3895,(#3900,#3911),.PCURVE_S1.);
#3895 = CIRCLE('',#3896,3.);
#3896 = AXIS2_PLACEMENT_3D('',#3897,#3898,#3899);
#3897 = CARTESIAN_POINT('',(22.,22.,0.));
#3898 = DIRECTION('',(-1.,0.,0.));
#3899 = DIRECTION('',(0.,1.,0.));
#3900 = PCURVE('',#3810,#3901);
#3901 = DEFINITIONAL_REPRESENTATION('',(#3902),#3910);
#3902 = ( BOUNDED_CURVE() B_SPLINE_CURVE(2,(#3903,#3904,#3905,#3906,
#3907,#3908,#3909),.UNSPECIFIED.,.T.,.F.) B_SPLINE_CURVE_WITH_KNOTS((1,2
    ,2,2,2,1),(-2.094395102393,0.,2.094395102393,4.188790204786,
6.28318530718,8.377580409573),.UNSPECIFIED.) CURVE() 
GEOMETRIC_REPRESENTATION_ITEM() RATIONAL_B_SPLINE_CURVE((1.,0.5,1.,0.5,
1.,0.5,1.)) REPRESENTATION_ITEM('') );
#3903 = CARTESIAN_POINT('',(-2.339560088947E-16,-25.));
#3904 = CARTESIAN_POINT('',(-5.196152422707,-25.));
#3905 = CARTESIAN_POINT('',(-2.598076211353,-20.5));
#3906 = CARTESIAN_POINT('',(-9.687440883831E-16,-16.));
#3907 = CARTESIAN_POINT('',(2.598076211353,-20.5));
#3908 = CARTESIAN_POINT('',(5.196152422707,-25.));
#3909 = CARTESIAN_POINT('',(-2.339560088947E-16,-25.));
#3910 = ( GEOMETRIC_REPRESENTATION_CONTEXT(2) 
PARAMETRIC_REPRESENTATION_CONTEXT() REPRESENTATION_CONTEXT('2D SPACE',''
  ) );
#3911 = PCURVE('',#3912,#3917);
#3912 = CYLINDRICAL_SURFACE('',#3913,3.);
#3913 = AXIS2_PLACEMENT_3D('',#3914,#3915,#3916);
#3914 = CARTESIAN_POINT('',(18.,22.,0.));
#3915 = DIRECTION('',(-1.,-0.,-0.));
#3916 = DIRECTION('',(0.,1.,0.));
#3917 = DEFINITIONAL_REPRESENTATION('',(#3918),#3922);
#3918 = LINE('',#3919,#3920);
#3919 = CARTESIAN_POINT('',(-6.28318530718,-4.));
#3920 = VECTOR('',#3921,1.);
#3921 = DIRECTION('',(1.,-0.));
#3922 = ( GEOMETRIC_REPRESENTATION_CONTEXT(2) 
PARAMETRIC_REPRESENTATION_CONTEXT() REPRESENTATION_CONTEXT('2D SPACE',''
  ) );
#3923 = FACE_BOUND('',#3924,.T.);
#3924 = EDGE_LOOP('',(#3925));
#3925 = ORIENTED_EDGE('',*,*,#3926,.F.);
#3926 = EDGE_CURVE('',#3927,#3927,#3929,.T.);
#3927 = VERTEX_POINT('',#3928);
#3928 = CARTESIAN_POINT('',(22.,9.,0.));
#3929 = SURFACE_CURVE('',#3930,(#3935,#3942),.PCURVE_S1.);
#3930 = CIRCLE('',#3931,9.);
#3931 = AXIS2_PLACEMENT_3D('',#3932,#3933,#3934);
#3932 = CARTESIAN_POINT('',(22.,0.,0.));
#3933 = DIRECTION('',(1.,0.,0.));
#3934 = DIRECTION('',(0.,1.,0.));
#3935 = PCURVE('',#3810,#3936);
#3936 = DEFINITIONAL_REPRESENTATION('',(#3937),#3941);
#3937 = CIRCLE('',#3938,9.);
#3938 = AXIS2_PLACEMENT_2D('',#3939,#3940);
#3939 = CARTESIAN_POINT('',(-2.339560088947E-16,-1.458602808042E-15));
#3940 = DIRECTION('',(0.,-1.));
#3941 = ( GEOMETRIC_REPRESENTATION_CONTEXT(2) 
PARAMETRIC_REPRESENTATION_CONTEXT() REPRESENTATION_CONTEXT('2D SPACE',''
  ) );
#3942 = PCURVE('',#3943,#3948);
#3943 = CYLINDRICAL_SURFACE('',#3944,9.);
#3944 = AXIS2_PLACEMENT_3D('',#3945,#3946,#3947);
#3945 = CARTESIAN_POINT('',(17.,0.,0.));
#3946 = DIRECTION('',(-1.,-0.,-0.));
#3947 = DIRECTION('',(0.,1.,0.));
#3948 = DEFINITIONAL_REPRESENTATION('',(#3949),#3953);
#3949 = LINE('',#3950,#3951);
#3950 = CARTESIAN_POINT('',(-0.,-5.));
#3951 = VECTOR('',#3952,1.);
#3952 = DIRECTION('',(-1.,0.));
#3953 = ( GEOMETRIC_REPRESENTATION_CONTEXT(2) 
PARAMETRIC_REPRESENTATION_CONTEXT() REPRESENTATION_CONTEXT('2D SPACE',''
  ) );
#3954 = FACE_BOUND('',#3955,.T.);
#3955 = EDGE_LOOP('',(#3956));
#3956 = ORIENTED_EDGE('',*,*,#3957,.T.);
#3957 = EDGE_CURVE('',#3958,#3958,#3960,.T.);
#3958 = VERTEX_POINT('',#3959);
#3959 = CARTESIAN_POINT('',(22.,-19.,0.));
#3960 = SURFACE_CURVE('',#3961,(#3966,#3977),.PCURVE_S1.);
#3961 = CIRCLE('',#3962,3.);
#3962 = AXIS2_PLACEMENT_3D('',#3963,#3964,#3965);
#3963 = CARTESIAN_POINT('',(22.,-22.,0.));
#3964 = DIRECTION('',(-1.,0.,0.));
#3965 = DIRECTION('',(0.,1.,0.));
#3966 = PCURVE('',#3810,#3967);
#3967 = DEFINITIONAL_REPRESENTATION('',(#3968),#3976);
#3968 = ( BOUNDED_CURVE() B_SPLINE_CURVE(2,(#3969,#3970,#3971,#3972,
#3973,#3974,#3975),.UNSPECIFIED.,.T.,.F.) B_SPLINE_CURVE_WITH_KNOTS((1,2
    ,2,2,2,1),(-2.094395102393,0.,2.094395102393,4.188790204786,
6.28318530718,8.377580409573),.UNSPECIFIED.) CURVE() 
GEOMETRIC_REPRESENTATION_ITEM() RATIONAL_B_SPLINE_CURVE((1.,0.5,1.,0.5,
1.,0.5,1.)) REPRESENTATION_ITEM('') );
#3969 = CARTESIAN_POINT('',(-2.339560088947E-16,19.));
#3970 = CARTESIAN_POINT('',(-5.196152422707,19.));
#3971 = CARTESIAN_POINT('',(-2.598076211353,23.5));
#3972 = CARTESIAN_POINT('',(-9.687440883831E-16,28.));
#3973 = CARTESIAN_POINT('',(2.598076211353,23.5));
#3974 = CARTESIAN_POINT('',(5.196152422707,19.));
#3975 = CARTESIAN_POINT('',(-2.339560088947E-16,19.));
#3976 = ( GEOMETRIC_REPRESENTATION_CONTEXT(2) 
PARAMETRIC_REPRESENTATION_CONTEXT() REPRESENTATION_CONTEXT('2D SPACE',''
  ) );
#3977 = PCURVE('',#3978,#3983);
#3978 = CYLINDRICAL_SURFACE('',#3979,3.);
#3979 = AXIS2_PLACEMENT_3D('',#3980,#3981,#3982);
#3980 = CARTESIAN_POINT('',(18.,-22.,0.));
#3981 = DIRECTION('',(-1.,-0.,-0.));
#3982 = DIRECTION('',(0.,1.,0.));
#3983 = DEFINITIONAL_REPRESENTATION('',(#3984),#3988);
#3984 = LINE('',#3985,#3986);
#3985 = CARTESIAN_POINT('',(-6.28318530718,-4.));
#3986 = VECTOR('',#3987,1.);
#3987 = DIRECTION('',(1.,-0.));
#3988 = ( GEOMETRIC_REPRESENTATION_CONTEXT(2) 
PARAMETRIC_REPRESENTATION_CONTEXT() REPRESENTATION_CONTEXT('2D SPACE',''
  ) );
#3989 = ADVANCED_FACE('',(#3990),#3873,.T.);
#3990 = FACE_BOUND('',#3991,.F.);
#3991 = EDGE_LOOP('',(#3992,#4025,#4046,#4047));
#3992 = ORIENTED_EDGE('',*,*,#3993,.T.);
#3993 = EDGE_CURVE('',#3994,#3994,#3996,.T.);
#3994 = VERTEX_POINT('',#3995);
#3995 = CARTESIAN_POINT('',(8.2,24.,0.));
#3996 = SURFACE_CURVE('',#3997,(#4002,#4009),.PCURVE_S1.);
#3997 = CIRCLE('',#3998,24.);
#3998 = AXIS2_PLACEMENT_3D('',#3999,#4000,#4001);
#3999 = CARTESIAN_POINT('',(8.2,0.,0.));
#4000 = DIRECTION('',(-1.,0.,0.));
#4001 = DIRECTION('',(0.,1.,0.));
#4002 = PCURVE('',#3873,#4003);
#4003 = DEFINITIONAL_REPRESENTATION('',(#4004),#4008);
#4004 = LINE('',#4005,#4006);
#4005 = CARTESIAN_POINT('',(-6.28318530718,-8.2));
#4006 = VECTOR('',#4007,1.);
#4007 = DIRECTION('',(1.,-0.));
#4008 = ( GEOMETRIC_REPRESENTATION_CONTEXT(2) 
PARAMETRIC_REPRESENTATION_CONTEXT() REPRESENTATION_CONTEXT('2D SPACE',''
  ) );
#4009 = PCURVE('',#4010,#4015);
#4010 = PLANE('',#4011);
#4011 = AXIS2_PLACEMENT_3D('',#4012,#4013,#4014);
#4012 = CARTESIAN_POINT('',(8.2,-8.751616848252E-16,1.604946055186E-15)
  );
#4013 = DIRECTION('',(1.,0.,0.));
#4014 = DIRECTION('',(-0.,0.,1.));
#4015 = DEFINITIONAL_REPRESENTATION('',(#4016),#4024);
#4016 = ( BOUNDED_CURVE() B_SPLINE_CURVE(2,(#4017,#4018,#4019,#4020,
#4021,#4022,#4023),.UNSPECIFIED.,.T.,.F.) B_SPLINE_CURVE_WITH_KNOTS((1,2
    ,2,2,2,1),(-2.094395102393,0.,2.094395102393,4.188790204786,
6.28318530718,8.377580409573),.UNSPECIFIED.) CURVE() 
GEOMETRIC_REPRESENTATION_ITEM() RATIONAL_B_SPLINE_CURVE((1.,0.5,1.,0.5,
1.,0.5,1.)) REPRESENTATION_ITEM('') );
#4017 = CARTESIAN_POINT('',(-1.604946055186E-15,-24.));
#4018 = CARTESIAN_POINT('',(-41.56921938165,-24.));
#4019 = CARTESIAN_POINT('',(-20.78460969082,12.));
#4020 = CARTESIAN_POINT('',(-7.483250691094E-15,48.));
#4021 = CARTESIAN_POINT('',(20.784609690827,12.));
#4022 = CARTESIAN_POINT('',(41.569219381653,-24.));
#4023 = CARTESIAN_POINT('',(-1.604946055186E-15,-24.));
#4024 = ( GEOMETRIC_REPRESENTATION_CONTEXT(2) 
PARAMETRIC_REPRESENTATION_CONTEXT() REPRESENTATION_CONTEXT('2D SPACE',''
  ) );
#4025 = ORIENTED_EDGE('',*,*,#4026,.T.);
#4026 = EDGE_CURVE('',#3994,#3857,#4027,.T.);
#4027 = SEAM_CURVE('',#4028,(#4032,#4039),.PCURVE_S1.);
#4028 = LINE('',#4029,#4030);
#4029 = CARTESIAN_POINT('',(0.,24.,0.));
#4030 = VECTOR('',#4031,1.);
#4031 = DIRECTION('',(1.,0.,0.));
#4032 = PCURVE('',#3873,#4033);
#4033 = DEFINITIONAL_REPRESENTATION('',(#4034),#4038);
#4034 = LINE('',#4035,#4036);
#4035 = CARTESIAN_POINT('',(-6.28318530718,0.));
#4036 = VECTOR('',#4037,1.);
#4037 = DIRECTION('',(-0.,-1.));
#4038 = ( GEOMETRIC_REPRESENTATION_CONTEXT(2) 
PARAMETRIC_REPRESENTATION_CONTEXT() REPRESENTATION_CONTEXT('2D SPACE',''
  ) );
#4039 = PCURVE('',#3873,#4040);
#4040 = DEFINITIONAL_REPRESENTATION('',(#4041),#4045);
#4041 = LINE('',#4042,#4043);
#4042 = CARTESIAN_POINT('',(-0.,0.));
#4043 = VECTOR('',#4044,1.);
#4044 = DIRECTION('',(-0.,-1.));
#4045 = ( GEOMETRIC_REPRESENTATION_CONTEXT(2) 
PARAMETRIC_REPRESENTATION_CONTEXT() REPRESENTATION_CONTEXT('2D SPACE',''
  ) );
#4046 = ORIENTED_EDGE('',*,*,#3856,.T.);
#4047 = ORIENTED_EDGE('',*,*,#4026,.F.);
#4048 = ADVANCED_FACE('',(#4049),#3912,.F.);
#4049 = FACE_BOUND('',#4050,.T.);
#4050 = EDGE_LOOP('',(#4051,#4080,#4101,#4102));
#4051 = ORIENTED_EDGE('',*,*,#4052,.F.);
#4052 = EDGE_CURVE('',#4053,#4053,#4055,.T.);
#4053 = VERTEX_POINT('',#4054);
#4054 = CARTESIAN_POINT('',(18.,25.,0.));
#4055 = SURFACE_CURVE('',#4056,(#4061,#4068),.PCURVE_S1.);
#4056 = CIRCLE('',#4057,3.);
#4057 = AXIS2_PLACEMENT_3D('',#4058,#4059,#4060);
#4058 = CARTESIAN_POINT('',(18.,22.,0.));
#4059 = DIRECTION('',(1.,0.,0.));
#4060 = DIRECTION('',(0.,1.,0.));
#4061 = PCURVE('',#3912,#4062);
#4062 = DEFINITIONAL_REPRESENTATION('',(#4063),#4067);
#4063 = LINE('',#4064,#4065);
#4064 = CARTESIAN_POINT('',(-0.,0.));
#4065 = VECTOR('',#4066,1.);
#4066 = DIRECTION('',(-1.,0.));
#4067 = ( GEOMETRIC_REPRESENTATION_CONTEXT(2) 
PARAMETRIC_REPRESENTATION_CONTEXT() REPRESENTATION_CONTEXT('2D SPACE',''
  ) );
#4068 = PCURVE('',#4069,#4074);
#4069 = PLANE('',#4070);
#4070 = AXIS2_PLACEMENT_3D('',#4071,#4072,#4073);
#4071 = CARTESIAN_POINT('',(18.,22.,2.193953532201E-16));
#4072 = DIRECTION('',(1.,0.,0.));
#4073 = DIRECTION('',(-0.,0.,1.));
#4074 = DEFINITIONAL_REPRESENTATION('',(#4075),#4079);
#4075 = CIRCLE('',#4076,3.);
#4076 = AXIS2_PLACEMENT_2D('',#4077,#4078);
#4077 = CARTESIAN_POINT('',(-2.193953532201E-16,0.));
#4078 = DIRECTION('',(0.,-1.));
#4079 = ( GEOMETRIC_REPRESENTATION_CONTEXT(2) 
PARAMETRIC_REPRESENTATION_CONTEXT() REPRESENTATION_CONTEXT('2D SPACE',''
  ) );
#4080 = ORIENTED_EDGE('',*,*,#4081,.T.);
#4081 = EDGE_CURVE('',#4053,#3892,#4082,.T.);
#4082 = SEAM_CURVE('',#4083,(#4087,#4094),.PCURVE_S1.);
#4083 = LINE('',#4084,#4085);
#4084 = CARTESIAN_POINT('',(18.,25.,0.));
#4085 = VECTOR('',#4086,1.);
#4086 = DIRECTION('',(1.,0.,0.));
#4087 = PCURVE('',#3912,#4088);
#4088 = DEFINITIONAL_REPRESENTATION('',(#4089),#4093);
#4089 = LINE('',#4090,#4091);
#4090 = CARTESIAN_POINT('',(-6.28318530718,0.));
#4091 = VECTOR('',#4092,1.);
#4092 = DIRECTION('',(-0.,-1.));
#4093 = ( GEOMETRIC_REPRESENTATION_CONTEXT(2) 
PARAMETRIC_REPRESENTATION_CONTEXT() REPRESENTATION_CONTEXT('2D SPACE',''
  ) );
#4094 = PCURVE('',#3912,#4095);
#4095 = DEFINITIONAL_REPRESENTATION('',(#4096),#4100);
#4096 = LINE('',#4097,#4098);
#4097 = CARTESIAN_POINT('',(-0.,0.));
#4098 = VECTOR('',#4099,1.);
#4099 = DIRECTION('',(-0.,-1.));
#4100 = ( GEOMETRIC_REPRESENTATION_CONTEXT(2) 
PARAMETRIC_REPRESENTATION_CONTEXT() REPRESENTATION_CONTEXT('2D SPACE',''
  ) );
#4101 = ORIENTED_EDGE('',*,*,#3891,.F.);
#4102 = ORIENTED_EDGE('',*,*,#4081,.F.);
#4103 = ADVANCED_FACE('',(#4104),#3943,.F.);
#4104 = FACE_BOUND('',#4105,.T.);
#4105 = EDGE_LOOP('',(#4106,#4129,#4130,#4131));
#4106 = ORIENTED_EDGE('',*,*,#4107,.T.);
#4107 = EDGE_CURVE('',#4108,#3927,#4110,.T.);
#4108 = VERTEX_POINT('',#4109);
#4109 = CARTESIAN_POINT('',(17.,9.,0.));
#4110 = SEAM_CURVE('',#4111,(#4115,#4122),.PCURVE_S1.);
#4111 = LINE('',#4112,#4113);
#4112 = CARTESIAN_POINT('',(17.,9.,0.));
#4113 = VECTOR('',#4114,1.);
#4114 = DIRECTION('',(1.,0.,0.));
#4115 = PCURVE('',#3943,#4116);
#4116 = DEFINITIONAL_REPRESENTATION('',(#4117),#4121);
#4117 = LINE('',#4118,#4119);
#4118 = CARTESIAN_POINT('',(-0.,0.));
#4119 = VECTOR('',#4120,1.);
#4120 = DIRECTION('',(-0.,-1.));
#4121 = ( GEOMETRIC_REPRESENTATION_CONTEXT(2) 
PARAMETRIC_REPRESENTATION_CONTEXT() REPRESENTATION_CONTEXT('2D SPACE',''
  ) );
#4122 = PCURVE('',#3943,#4123);
#4123 = DEFINITIONAL_REPRESENTATION('',(#4124),#4128);
#4124 = LINE('',#4125,#4126);
#4125 = CARTESIAN_POINT('',(-6.28318530718,0.));
#4126 = VECTOR('',#4127,1.);
#4127 = DIRECTION('',(-0.,-1.));
#4128 = ( GEOMETRIC_REPRESENTATION_CONTEXT(2) 
PARAMETRIC_REPRESENTATION_CONTEXT() REPRESENTATION_CONTEXT('2D SPACE',''
  ) );
#4129 = ORIENTED_EDGE('',*,*,#3926,.T.);
#4130 = ORIENTED_EDGE('',*,*,#4107,.F.);
#4131 = ORIENTED_EDGE('',*,*,#4132,.F.);
#4132 = EDGE_CURVE('',#4108,#4108,#4133,.T.);
#4133 = SURFACE_CURVE('',#4134,(#4139,#4146),.PCURVE_S1.);
#4134 = CIRCLE('',#4135,9.);
#4135 = AXIS2_PLACEMENT_3D('',#4136,#4137,#4138);
#4136 = CARTESIAN_POINT('',(17.,0.,0.));
#4137 = DIRECTION('',(1.,0.,0.));
#4138 = DIRECTION('',(0.,1.,0.));
#4139 = PCURVE('',#3943,#4140);
#4140 = DEFINITIONAL_REPRESENTATION('',(#4141),#4145);
#4141 = LINE('',#4142,#4143);
#4142 = CARTESIAN_POINT('',(-0.,0.));
#4143 = VECTOR('',#4144,1.);
#4144 = DIRECTION('',(-1.,0.));
#4145 = ( GEOMETRIC_REPRESENTATION_CONTEXT(2) 
PARAMETRIC_REPRESENTATION_CONTEXT() REPRESENTATION_CONTEXT('2D SPACE',''
  ) );
#4146 = PCURVE('',#4147,#4152);
#4147 = PLANE('',#4148);
#4148 = AXIS2_PLACEMENT_3D('',#4149,#4150,#4151);
#4149 = CARTESIAN_POINT('',(17.,-3.038755850088E-16,2.403571302733E-16)
  );
#4150 = DIRECTION('',(1.,0.,0.));
#4151 = DIRECTION('',(-0.,0.,1.));
#4152 = DEFINITIONAL_REPRESENTATION('',(#4153),#4157);
#4153 = CIRCLE('',#4154,9.);
#4154 = AXIS2_PLACEMENT_2D('',#4155,#4156);
#4155 = CARTESIAN_POINT('',(-2.403571302733E-16,-3.038755850088E-16));
#4156 = DIRECTION('',(0.,-1.));
#4157 = ( GEOMETRIC_REPRESENTATION_CONTEXT(2) 
PARAMETRIC_REPRESENTATION_CONTEXT() REPRESENTATION_CONTEXT('2D SPACE',''
  ) );
#4158 = ADVANCED_FACE('',(#4159),#3978,.F.);
#4159 = FACE_BOUND('',#4160,.T.);
#4160 = EDGE_LOOP('',(#4161,#4190,#4211,#4212));
#4161 = ORIENTED_EDGE('',*,*,#4162,.F.);
#4162 = EDGE_CURVE('',#4163,#4163,#4165,.T.);
#4163 = VERTEX_POINT('',#4164);
#4164 = CARTESIAN_POINT('',(18.,-19.,0.));
#4165 = SURFACE_CURVE('',#4166,(#4171,#4178),.PCURVE_S1.);
#4166 = CIRCLE('',#4167,3.);
#4167 = AXIS2_PLACEMENT_3D('',#4168,#4169,#4170);
#4168 = CARTESIAN_POINT('',(18.,-22.,0.));
#4169 = DIRECTION('',(1.,0.,0.));
#4170 = DIRECTION('',(0.,1.,0.));
#4171 = PCURVE('',#3978,#4172);
#4172 = DEFINITIONAL_REPRESENTATION('',(#4173),#4177);
#4173 = LINE('',#4174,#4175);
#4174 = CARTESIAN_POINT('',(-0.,0.));
#4175 = VECTOR('',#4176,1.);
#4176 = DIRECTION('',(-1.,0.));
#4177 = ( GEOMETRIC_REPRESENTATION_CONTEXT(2) 
PARAMETRIC_REPRESENTATION_CONTEXT() REPRESENTATION_CONTEXT('2D SPACE',''
  ) );
#4178 = PCURVE('',#4179,#4184);
#4179 = PLANE('',#4180);
#4180 = AXIS2_PLACEMENT_3D('',#4181,#4182,#4183);
#4181 = CARTESIAN_POINT('',(18.,-22.,2.193953532201E-16));
#4182 = DIRECTION('',(1.,0.,0.));
#4183 = DIRECTION('',(-0.,0.,1.));
#4184 = DEFINITIONAL_REPRESENTATION('',(#4185),#4189);
#4185 = CIRCLE('',#4186,3.);
#4186 = AXIS2_PLACEMENT_2D('',#4187,#4188);
#4187 = CARTESIAN_POINT('',(-2.193953532201E-16,0.));
#4188 = DIRECTION('',(0.,-1.));
#4189 = ( GEOMETRIC_REPRESENTATION_CONTEXT(2) 
PARAMETRIC_REPRESENTATION_CONTEXT() REPRESENTATION_CONTEXT('2D SPACE',''
  ) );
#4190 = ORIENTED_EDGE('',*,*,#4191,.T.);
#4191 = EDGE_CURVE('',#4163,#3958,#4192,.T.);
#4192 = SEAM_CURVE('',#4193,(#4197,#4204),.PCURVE_S1.);
#4193 = LINE('',#4194,#4195);
#4194 = CARTESIAN_POINT('',(18.,-19.,0.));
#4195 = VECTOR('',#4196,1.);
#4196 = DIRECTION('',(1.,0.,0.));
#4197 = PCURVE('',#3978,#4198);
#4198 = DEFINITIONAL_REPRESENTATION('',(#4199),#4203);
#4199 = LINE('',#4200,#4201);
#4200 = CARTESIAN_POINT('',(-6.28318530718,0.));
#4201 = VECTOR('',#4202,1.);
#4202 = DIRECTION('',(-0.,-1.));
#4203 = ( GEOMETRIC_REPRESENTATION_CONTEXT(2) 
PARAMETRIC_REPRESENTATION_CONTEXT() REPRESENTATION_CONTEXT('2D SPACE',''
  ) );
#4204 = PCURVE('',#3978,#4205);
#4205 = DEFINITIONAL_REPRESENTATION('',(#4206),#4210);
#4206 = LINE('',#4207,#4208);
#4207 = CARTESIAN_POINT('',(-0.,0.));
#4208 = VECTOR('',#4209,1.);
#4209 = DIRECTION('',(-0.,-1.));
#4210 = ( GEOMETRIC_REPRESENTATION_CONTEXT(2) 
PARAMETRIC_REPRESENTATION_CONTEXT() REPRESENTATION_CONTEXT('2D SPACE',''
  ) );
#4211 = ORIENTED_EDGE('',*,*,#3957,.F.);
#4212 = ORIENTED_EDGE('',*,*,#4191,.F.);
#4213 = ADVANCED_FACE('',(#4214,#4217),#4010,.F.);
#4214 = FACE_BOUND('',#4215,.F.);
#4215 = EDGE_LOOP('',(#4216));
#4216 = ORIENTED_EDGE('',*,*,#3993,.F.);
#4217 = FACE_BOUND('',#4218,.F.);
#4218 = EDGE_LOOP('',(#4219));
#4219 = ORIENTED_EDGE('',*,*,#4220,.F.);
#4220 = EDGE_CURVE('',#4221,#4221,#4223,.T.);
#4221 = VERTEX_POINT('',#4222);
#4222 = CARTESIAN_POINT('',(8.2,21.7,0.));
#4223 = SURFACE_CURVE('',#4224,(#4229,#4236),.PCURVE_S1.);
#4224 = CIRCLE('',#4225,21.7);
#4225 = AXIS2_PLACEMENT_3D('',#4226,#4227,#4228);
#4226 = CARTESIAN_POINT('',(8.2,0.,0.));
#4227 = DIRECTION('',(1.,0.,0.));
#4228 = DIRECTION('',(0.,1.,0.));
#4229 = PCURVE('',#4010,#4230);
#4230 = DEFINITIONAL_REPRESENTATION('',(#4231),#4235);
#4231 = CIRCLE('',#4232,21.7);
#4232 = AXIS2_PLACEMENT_2D('',#4233,#4234);
#4233 = CARTESIAN_POINT('',(-1.604946055186E-15,-8.751616848252E-16));
#4234 = DIRECTION('',(0.,-1.));
#4235 = ( GEOMETRIC_REPRESENTATION_CONTEXT(2) 
PARAMETRIC_REPRESENTATION_CONTEXT() REPRESENTATION_CONTEXT('2D SPACE',''
  ) );
#4236 = PCURVE('',#4237,#4242);
#4237 = CYLINDRICAL_SURFACE('',#4238,21.7);
#4238 = AXIS2_PLACEMENT_3D('',#4239,#4240,#4241);
#4239 = CARTESIAN_POINT('',(4.,0.,0.));
#4240 = DIRECTION('',(-1.,-0.,-0.));
#4241 = DIRECTION('',(0.,1.,0.));
#4242 = DEFINITIONAL_REPRESENTATION('',(#4243),#4247);
#4243 = LINE('',#4244,#4245);
#4244 = CARTESIAN_POINT('',(-0.,-4.2));
#4245 = VECTOR('',#4246,1.);
#4246 = DIRECTION('',(-1.,0.));
#4247 = ( GEOMETRIC_REPRESENTATION_CONTEXT(2) 
PARAMETRIC_REPRESENTATION_CONTEXT() REPRESENTATION_CONTEXT('2D SPACE',''
  ) );
#4248 = ADVANCED_FACE('',(#4249),#4069,.T.);
#4249 = FACE_BOUND('',#4250,.T.);
#4250 = EDGE_LOOP('',(#4251));
#4251 = ORIENTED_EDGE('',*,*,#4052,.T.);
#4252 = ADVANCED_FACE('',(#4253,#4256),#4147,.T.);
#4253 = FACE_BOUND('',#4254,.T.);
#4254 = EDGE_LOOP('',(#4255));
#4255 = ORIENTED_EDGE('',*,*,#4132,.T.);
#4256 = FACE_BOUND('',#4257,.T.);
#4257 = EDGE_LOOP('',(#4258));
#4258 = ORIENTED_EDGE('',*,*,#4259,.T.);
#4259 = EDGE_CURVE('',#4260,#4260,#4262,.T.);
#4260 = VERTEX_POINT('',#4261);
#4261 = CARTESIAN_POINT('',(17.,6.05,0.));
#4262 = SURFACE_CURVE('',#4263,(#4268,#4279),.PCURVE_S1.);
#4263 = CIRCLE('',#4264,6.05);
#4264 = AXIS2_PLACEMENT_3D('',#4265,#4266,#4267);
#4265 = CARTESIAN_POINT('',(17.,0.,0.));
#4266 = DIRECTION('',(-1.,0.,0.));
#4267 = DIRECTION('',(0.,1.,0.));
#4268 = PCURVE('',#4147,#4269);
#4269 = DEFINITIONAL_REPRESENTATION('',(#4270),#4278);
#4270 = ( BOUNDED_CURVE() B_SPLINE_CURVE(2,(#4271,#4272,#4273,#4274,
#4275,#4276,#4277),.UNSPECIFIED.,.T.,.F.) B_SPLINE_CURVE_WITH_KNOTS((1,2
    ,2,2,2,1),(-2.094395102393,0.,2.094395102393,4.188790204786,
6.28318530718,8.377580409573),.UNSPECIFIED.) CURVE() 
GEOMETRIC_REPRESENTATION_ITEM() RATIONAL_B_SPLINE_CURVE((1.,0.5,1.,0.5,
1.,0.5,1.)) REPRESENTATION_ITEM('') );
#4271 = CARTESIAN_POINT('',(-2.403571302733E-16,-6.05));
#4272 = CARTESIAN_POINT('',(-10.47890738579,-6.05));
#4273 = CARTESIAN_POINT('',(-5.239453692896,3.025));
#4274 = CARTESIAN_POINT('',(-1.722179757242E-15,12.1));
#4275 = CARTESIAN_POINT('',(5.239453692896,3.025));
#4276 = CARTESIAN_POINT('',(10.478907385792,-6.05));
#4277 = CARTESIAN_POINT('',(-2.403571302733E-16,-6.05));
#4278 = ( GEOMETRIC_REPRESENTATION_CONTEXT(2) 
PARAMETRIC_REPRESENTATION_CONTEXT() REPRESENTATION_CONTEXT('2D SPACE',''
  ) );
#4279 = PCURVE('',#4280,#4285);
#4280 = CYLINDRICAL_SURFACE('',#4281,6.05);
#4281 = AXIS2_PLACEMENT_3D('',#4282,#4283,#4284);
#4282 = CARTESIAN_POINT('',(-1.,0.,0.));
#4283 = DIRECTION('',(-1.,-0.,-0.));
#4284 = DIRECTION('',(0.,1.,0.));
#4285 = DEFINITIONAL_REPRESENTATION('',(#4286),#4290);
#4286 = LINE('',#4287,#4288);
#4287 = CARTESIAN_POINT('',(-6.28318530718,-18.));
#4288 = VECTOR('',#4289,1.);
#4289 = DIRECTION('',(1.,-0.));
#4290 = ( GEOMETRIC_REPRESENTATION_CONTEXT(2) 
PARAMETRIC_REPRESENTATION_CONTEXT() REPRESENTATION_CONTEXT('2D SPACE',''
  ) );
#4291 = ADVANCED_FACE('',(#4292),#4179,.T.);
#4292 = FACE_BOUND('',#4293,.T.);
#4293 = EDGE_LOOP('',(#4294));
#4294 = ORIENTED_EDGE('',*,*,#4162,.T.);
#4295 = ADVANCED_FACE('',(#4296),#4237,.T.);
#4296 = FACE_BOUND('',#4297,.F.);
#4297 = EDGE_LOOP('',(#4298,#4321,#4322,#4323));
#4298 = ORIENTED_EDGE('',*,*,#4299,.T.);
#4299 = EDGE_CURVE('',#4300,#4221,#4302,.T.);
#4300 = VERTEX_POINT('',#4301);
#4301 = CARTESIAN_POINT('',(4.,21.7,0.));
#4302 = SEAM_CURVE('',#4303,(#4307,#4314),.PCURVE_S1.);
#4303 = LINE('',#4304,#4305);
#4304 = CARTESIAN_POINT('',(4.,21.7,0.));
#4305 = VECTOR('',#4306,1.);
#4306 = DIRECTION('',(1.,0.,0.));
#4307 = PCURVE('',#4237,#4308);
#4308 = DEFINITIONAL_REPRESENTATION('',(#4309),#4313);
#4309 = LINE('',#4310,#4311);
#4310 = CARTESIAN_POINT('',(-0.,0.));
#4311 = VECTOR('',#4312,1.);
#4312 = DIRECTION('',(-0.,-1.));
#4313 = ( GEOMETRIC_REPRESENTATION_CONTEXT(2) 
PARAMETRIC_REPRESENTATION_CONTEXT() REPRESENTATION_CONTEXT('2D SPACE',''
  ) );
#4314 = PCURVE('',#4237,#4315);
#4315 = DEFINITIONAL_REPRESENTATION('',(#4316),#4320);
#4316 = LINE('',#4317,#4318);
#4317 = CARTESIAN_POINT('',(-6.28318530718,0.));
#4318 = VECTOR('',#4319,1.);
#4319 = DIRECTION('',(-0.,-1.));
#4320 = ( GEOMETRIC_REPRESENTATION_CONTEXT(2) 
PARAMETRIC_REPRESENTATION_CONTEXT() REPRESENTATION_CONTEXT('2D SPACE',''
  ) );
#4321 = ORIENTED_EDGE('',*,*,#4220,.T.);
#4322 = ORIENTED_EDGE('',*,*,#4299,.F.);
#4323 = ORIENTED_EDGE('',*,*,#4324,.F.);
#4324 = EDGE_CURVE('',#4300,#4300,#4325,.T.);
#4325 = SURFACE_CURVE('',#4326,(#4331,#4338),.PCURVE_S1.);
#4326 = CIRCLE('',#4327,21.7);
#4327 = AXIS2_PLACEMENT_3D('',#4328,#4329,#4330);
#4328 = CARTESIAN_POINT('',(4.,0.,0.));
#4329 = DIRECTION('',(1.,0.,0.));
#4330 = DIRECTION('',(0.,1.,0.));
#4331 = PCURVE('',#4237,#4332);
#4332 = DEFINITIONAL_REPRESENTATION('',(#4333),#4337);
#4333 = LINE('',#4334,#4335);
#4334 = CARTESIAN_POINT('',(-0.,0.));
#4335 = VECTOR('',#4336,1.);
#4336 = DIRECTION('',(-1.,0.));
#4337 = ( GEOMETRIC_REPRESENTATION_CONTEXT(2) 
PARAMETRIC_REPRESENTATION_CONTEXT() REPRESENTATION_CONTEXT('2D SPACE',''
  ) );
#4338 = PCURVE('',#4339,#4344);
#4339 = PLANE('',#4340);
#4340 = AXIS2_PLACEMENT_3D('',#4341,#4342,#4343);
#4341 = CARTESIAN_POINT('',(4.,-8.751616848252E-16,1.604946055186E-15));
#4342 = DIRECTION('',(1.,0.,0.));
#4343 = DIRECTION('',(-0.,0.,1.));
#4344 = DEFINITIONAL_REPRESENTATION('',(#4345),#4349);
#4345 = CIRCLE('',#4346,21.7);
#4346 = AXIS2_PLACEMENT_2D('',#4347,#4348);
#4347 = CARTESIAN_POINT('',(-1.604946055186E-15,-8.751616848252E-16));
#4348 = DIRECTION('',(0.,-1.));
#4349 = ( GEOMETRIC_REPRESENTATION_CONTEXT(2) 
PARAMETRIC_REPRESENTATION_CONTEXT() REPRESENTATION_CONTEXT('2D SPACE',''
  ) );
#4350 = ADVANCED_FACE('',(#4351),#4280,.F.);
#4351 = FACE_BOUND('',#4352,.T.);
#4352 = EDGE_LOOP('',(#4353,#4376,#4407,#4408));
#4353 = ORIENTED_EDGE('',*,*,#4354,.F.);
#4354 = EDGE_CURVE('',#4355,#4260,#4357,.T.);
#4355 = VERTEX_POINT('',#4356);
#4356 = CARTESIAN_POINT('',(8.5,6.05,0.));
#4357 = SEAM_CURVE('',#4358,(#4362,#4369),.PCURVE_S1.);
#4358 = LINE('',#4359,#4360);
#4359 = CARTESIAN_POINT('',(-1.,6.05,0.));
#4360 = VECTOR('',#4361,1.);
#4361 = DIRECTION('',(1.,0.,0.));
#4362 = PCURVE('',#4280,#4363);
#4363 = DEFINITIONAL_REPRESENTATION('',(#4364),#4368);
#4364 = LINE('',#4365,#4366);
#4365 = CARTESIAN_POINT('',(-6.28318530718,0.));
#4366 = VECTOR('',#4367,1.);
#4367 = DIRECTION('',(-0.,-1.));
#4368 = ( GEOMETRIC_REPRESENTATION_CONTEXT(2) 
PARAMETRIC_REPRESENTATION_CONTEXT() REPRESENTATION_CONTEXT('2D SPACE',''
  ) );
#4369 = PCURVE('',#4280,#4370);
#4370 = DEFINITIONAL_REPRESENTATION('',(#4371),#4375);
#4371 = LINE('',#4372,#4373);
#4372 = CARTESIAN_POINT('',(-0.,0.));
#4373 = VECTOR('',#4374,1.);
#4374 = DIRECTION('',(-0.,-1.));
#4375 = ( GEOMETRIC_REPRESENTATION_CONTEXT(2) 
PARAMETRIC_REPRESENTATION_CONTEXT() REPRESENTATION_CONTEXT('2D SPACE',''
  ) );
#4376 = ORIENTED_EDGE('',*,*,#4377,.T.);
#4377 = EDGE_CURVE('',#4355,#4355,#4378,.T.);
#4378 = SURFACE_CURVE('',#4379,(#4384,#4391),.PCURVE_S1.);
#4379 = CIRCLE('',#4380,6.05);
#4380 = AXIS2_PLACEMENT_3D('',#4381,#4382,#4383);
#4381 = CARTESIAN_POINT('',(8.5,0.,0.));
#4382 = DIRECTION('',(-1.,0.,0.));
#4383 = DIRECTION('',(0.,1.,0.));
#4384 = PCURVE('',#4280,#4385);
#4385 = DEFINITIONAL_REPRESENTATION('',(#4386),#4390);
#4386 = LINE('',#4387,#4388);
#4387 = CARTESIAN_POINT('',(-6.28318530718,-9.5));
#4388 = VECTOR('',#4389,1.);
#4389 = DIRECTION('',(1.,-0.));
#4390 = ( GEOMETRIC_REPRESENTATION_CONTEXT(2) 
PARAMETRIC_REPRESENTATION_CONTEXT() REPRESENTATION_CONTEXT('2D SPACE',''
  ) );
#4391 = PCURVE('',#4392,#4397);
#4392 = PLANE('',#4393);
#4393 = AXIS2_PLACEMENT_3D('',#4394,#4395,#4396);
#4394 = CARTESIAN_POINT('',(8.5,-5.469760530158E-16,6.857365063158E-16)
  );
#4395 = DIRECTION('',(1.,0.,0.));
#4396 = DIRECTION('',(-0.,0.,1.));
#4397 = DEFINITIONAL_REPRESENTATION('',(#4398),#4406);
#4398 = ( BOUNDED_CURVE() B_SPLINE_CURVE(2,(#4399,#4400,#4401,#4402,
#4403,#4404,#4405),.UNSPECIFIED.,.T.,.F.) B_SPLINE_CURVE_WITH_KNOTS((1,2
    ,2,2,2,1),(-2.094395102393,0.,2.094395102393,4.188790204786,
6.28318530718,8.377580409573),.UNSPECIFIED.) CURVE() 
GEOMETRIC_REPRESENTATION_ITEM() RATIONAL_B_SPLINE_CURVE((1.,0.5,1.,0.5,
1.,0.5,1.)) REPRESENTATION_ITEM('') );
#4399 = CARTESIAN_POINT('',(-6.857365063158E-16,-6.05));
#4400 = CARTESIAN_POINT('',(-10.47890738579,-6.05));
#4401 = CARTESIAN_POINT('',(-5.239453692896,3.025));
#4402 = CARTESIAN_POINT('',(-2.167559133284E-15,12.1));
#4403 = CARTESIAN_POINT('',(5.239453692896,3.025));
#4404 = CARTESIAN_POINT('',(10.478907385792,-6.05));
#4405 = CARTESIAN_POINT('',(-6.857365063158E-16,-6.05));
#4406 = ( GEOMETRIC_REPRESENTATION_CONTEXT(2) 
PARAMETRIC_REPRESENTATION_CONTEXT() REPRESENTATION_CONTEXT('2D SPACE',''
  ) );
#4407 = ORIENTED_EDGE('',*,*,#4354,.T.);
#4408 = ORIENTED_EDGE('',*,*,#4259,.F.);
#4409 = ADVANCED_FACE('',(#4410,#4445),#4339,.T.);
#4410 = FACE_BOUND('',#4411,.T.);
#4411 = EDGE_LOOP('',(#4412));
#4412 = ORIENTED_EDGE('',*,*,#4413,.F.);
#4413 = EDGE_CURVE('',#4414,#4414,#4416,.T.);
#4414 = VERTEX_POINT('',#4415);
#4415 = CARTESIAN_POINT('',(4.,24.,0.));
#4416 = SURFACE_CURVE('',#4417,(#4422,#4433),.PCURVE_S1.);
#4417 = CIRCLE('',#4418,24.);
#4418 = AXIS2_PLACEMENT_3D('',#4419,#4420,#4421);
#4419 = CARTESIAN_POINT('',(4.,0.,0.));
#4420 = DIRECTION('',(-1.,0.,0.));
#4421 = DIRECTION('',(0.,1.,0.));
#4422 = PCURVE('',#4339,#4423);
#4423 = DEFINITIONAL_REPRESENTATION('',(#4424),#4432);
#4424 = ( BOUNDED_CURVE() B_SPLINE_CURVE(2,(#4425,#4426,#4427,#4428,
#4429,#4430,#4431),.UNSPECIFIED.,.T.,.F.) B_SPLINE_CURVE_WITH_KNOTS((1,2
    ,2,2,2,1),(-2.094395102393,0.,2.094395102393,4.188790204786,
6.28318530718,8.377580409573),.UNSPECIFIED.) CURVE() 
GEOMETRIC_REPRESENTATION_ITEM() RATIONAL_B_SPLINE_CURVE((1.,0.5,1.,0.5,
1.,0.5,1.)) REPRESENTATION_ITEM('') );
#4425 = CARTESIAN_POINT('',(-1.604946055186E-15,-24.));
#4426 = CARTESIAN_POINT('',(-41.56921938165,-24.));
#4427 = CARTESIAN_POINT('',(-20.78460969082,12.));
#4428 = CARTESIAN_POINT('',(-7.483250691094E-15,48.));
#4429 = CARTESIAN_POINT('',(20.784609690827,12.));
#4430 = CARTESIAN_POINT('',(41.569219381653,-24.));
#4431 = CARTESIAN_POINT('',(-1.604946055186E-15,-24.));
#4432 = ( GEOMETRIC_REPRESENTATION_CONTEXT(2) 
PARAMETRIC_REPRESENTATION_CONTEXT() REPRESENTATION_CONTEXT('2D SPACE',''
  ) );
#4433 = PCURVE('',#4434,#4439);
#4434 = CYLINDRICAL_SURFACE('',#4435,24.);
#4435 = AXIS2_PLACEMENT_3D('',#4436,#4437,#4438);
#4436 = CARTESIAN_POINT('',(0.,0.,0.));
#4437 = DIRECTION('',(-1.,-0.,-0.));
#4438 = DIRECTION('',(0.,1.,0.));
#4439 = DEFINITIONAL_REPRESENTATION('',(#4440),#4444);
#4440 = LINE('',#4441,#4442);
#4441 = CARTESIAN_POINT('',(-6.28318530718,-4.));
#4442 = VECTOR('',#4443,1.);
#4443 = DIRECTION('',(1.,-0.));
#4444 = ( GEOMETRIC_REPRESENTATION_CONTEXT(2) 
PARAMETRIC_REPRESENTATION_CONTEXT() REPRESENTATION_CONTEXT('2D SPACE',''
  ) );
#4445 = FACE_BOUND('',#4446,.T.);
#4446 = EDGE_LOOP('',(#4447));
#4447 = ORIENTED_EDGE('',*,*,#4324,.F.);
#4448 = ADVANCED_FACE('',(#4449,#4480),#4392,.F.);
#4449 = FACE_BOUND('',#4450,.F.);
#4450 = EDGE_LOOP('',(#4451));
#4451 = ORIENTED_EDGE('',*,*,#4452,.T.);
#4452 = EDGE_CURVE('',#4453,#4453,#4455,.T.);
#4453 = VERTEX_POINT('',#4454);
#4454 = CARTESIAN_POINT('',(8.5,10.,0.));
#4455 = SURFACE_CURVE('',#4456,(#4461,#4468),.PCURVE_S1.);
#4456 = CIRCLE('',#4457,10.);
#4457 = AXIS2_PLACEMENT_3D('',#4458,#4459,#4460);
#4458 = CARTESIAN_POINT('',(8.5,0.,0.));
#4459 = DIRECTION('',(1.,0.,0.));
#4460 = DIRECTION('',(0.,1.,0.));
#4461 = PCURVE('',#4392,#4462);
#4462 = DEFINITIONAL_REPRESENTATION('',(#4463),#4467);
#4463 = CIRCLE('',#4464,10.);
#4464 = AXIS2_PLACEMENT_2D('',#4465,#4466);
#4465 = CARTESIAN_POINT('',(-6.857365063158E-16,-5.469760530158E-16));
#4466 = DIRECTION('',(0.,-1.));
#4467 = ( GEOMETRIC_REPRESENTATION_CONTEXT(2) 
PARAMETRIC_REPRESENTATION_CONTEXT() REPRESENTATION_CONTEXT('2D SPACE',''
  ) );
#4468 = PCURVE('',#4469,#4474);
#4469 = CYLINDRICAL_SURFACE('',#4470,10.);
#4470 = AXIS2_PLACEMENT_3D('',#4471,#4472,#4473);
#4471 = CARTESIAN_POINT('',(3.,0.,0.));
#4472 = DIRECTION('',(-1.,-0.,-0.));
#4473 = DIRECTION('',(0.,1.,0.));
#4474 = DEFINITIONAL_REPRESENTATION('',(#4475),#4479);
#4475 = LINE('',#4476,#4477);
#4476 = CARTESIAN_POINT('',(-0.,-5.5));
#4477 = VECTOR('',#4478,1.);
#4478 = DIRECTION('',(-1.,0.));
#4479 = ( GEOMETRIC_REPRESENTATION_CONTEXT(2) 
PARAMETRIC_REPRESENTATION_CONTEXT() REPRESENTATION_CONTEXT('2D SPACE',''
  ) );
#4480 = FACE_BOUND('',#4481,.F.);
#4481 = EDGE_LOOP('',(#4482));
#4482 = ORIENTED_EDGE('',*,*,#4377,.T.);
#4483 = ADVANCED_FACE('',(#4484),#4434,.T.);
#4484 = FACE_BOUND('',#4485,.F.);
#4485 = EDGE_LOOP('',(#4486,#4515,#4536,#4537));
#4486 = ORIENTED_EDGE('',*,*,#4487,.F.);
#4487 = EDGE_CURVE('',#4488,#4488,#4490,.T.);
#4488 = VERTEX_POINT('',#4489);
#4489 = CARTESIAN_POINT('',(0.,24.,0.));
#4490 = SURFACE_CURVE('',#4491,(#4496,#4503),.PCURVE_S1.);
#4491 = CIRCLE('',#4492,24.);
#4492 = AXIS2_PLACEMENT_3D('',#4493,#4494,#4495);
#4493 = CARTESIAN_POINT('',(0.,0.,0.));
#4494 = DIRECTION('',(1.,0.,0.));
#4495 = DIRECTION('',(0.,1.,0.));
#4496 = PCURVE('',#4434,#4497);
#4497 = DEFINITIONAL_REPRESENTATION('',(#4498),#4502);
#4498 = LINE('',#4499,#4500);
#4499 = CARTESIAN_POINT('',(-0.,0.));
#4500 = VECTOR('',#4501,1.);
#4501 = DIRECTION('',(-1.,0.));
#4502 = ( GEOMETRIC_REPRESENTATION_CONTEXT(2) 
PARAMETRIC_REPRESENTATION_CONTEXT() REPRESENTATION_CONTEXT('2D SPACE',''
  ) );
#4503 = PCURVE('',#4504,#4509);
#4504 = PLANE('',#4505);
#4505 = AXIS2_PLACEMENT_3D('',#4506,#4507,#4508);
#4506 = CARTESIAN_POINT('',(0.,-1.367440132539E-15,-6.80906842916E-17));
#4507 = DIRECTION('',(1.,0.,0.));
#4508 = DIRECTION('',(-0.,0.,1.));
#4509 = DEFINITIONAL_REPRESENTATION('',(#4510),#4514);
#4510 = CIRCLE('',#4511,24.);
#4511 = AXIS2_PLACEMENT_2D('',#4512,#4513);
#4512 = CARTESIAN_POINT('',(6.80906842916E-17,-1.367440132539E-15));
#4513 = DIRECTION('',(0.,-1.));
#4514 = ( GEOMETRIC_REPRESENTATION_CONTEXT(2) 
PARAMETRIC_REPRESENTATION_CONTEXT() REPRESENTATION_CONTEXT('2D SPACE',''
  ) );
#4515 = ORIENTED_EDGE('',*,*,#4516,.T.);
#4516 = EDGE_CURVE('',#4488,#4414,#4517,.T.);
#4517 = SEAM_CURVE('',#4518,(#4522,#4529),.PCURVE_S1.);
#4518 = LINE('',#4519,#4520);
#4519 = CARTESIAN_POINT('',(0.,24.,0.));
#4520 = VECTOR('',#4521,1.);
#4521 = DIRECTION('',(1.,0.,0.));
#4522 = PCURVE('',#4434,#4523);
#4523 = DEFINITIONAL_REPRESENTATION('',(#4524),#4528);
#4524 = LINE('',#4525,#4526);
#4525 = CARTESIAN_POINT('',(-6.28318530718,0.));
#4526 = VECTOR('',#4527,1.);
#4527 = DIRECTION('',(-0.,-1.));
#4528 = ( GEOMETRIC_REPRESENTATION_CONTEXT(2) 
PARAMETRIC_REPRESENTATION_CONTEXT() REPRESENTATION_CONTEXT('2D SPACE',''
  ) );
#4529 = PCURVE('',#4434,#4530);
#4530 = DEFINITIONAL_REPRESENTATION('',(#4531),#4535);
#4531 = LINE('',#4532,#4533);
#4532 = CARTESIAN_POINT('',(-0.,0.));
#4533 = VECTOR('',#4534,1.);
#4534 = DIRECTION('',(-0.,-1.));
#4535 = ( GEOMETRIC_REPRESENTATION_CONTEXT(2) 
PARAMETRIC_REPRESENTATION_CONTEXT() REPRESENTATION_CONTEXT('2D SPACE',''
  ) );
#4536 = ORIENTED_EDGE('',*,*,#4413,.F.);
#4537 = ORIENTED_EDGE('',*,*,#4516,.F.);
#4538 = ADVANCED_FACE('',(#4539),#4469,.F.);
#4539 = FACE_BOUND('',#4540,.T.);
#4540 = EDGE_LOOP('',(#4541,#4564,#4565,#4566));
#4541 = ORIENTED_EDGE('',*,*,#4542,.T.);
#4542 = EDGE_CURVE('',#4543,#4453,#4545,.T.);
#4543 = VERTEX_POINT('',#4544);
#4544 = CARTESIAN_POINT('',(3.,10.,0.));
#4545 = SEAM_CURVE('',#4546,(#4550,#4557),.PCURVE_S1.);
#4546 = LINE('',#4547,#4548);
#4547 = CARTESIAN_POINT('',(3.,10.,0.));
#4548 = VECTOR('',#4549,1.);
#4549 = DIRECTION('',(1.,0.,0.));
#4550 = PCURVE('',#4469,#4551);
#4551 = DEFINITIONAL_REPRESENTATION('',(#4552),#4556);
#4552 = LINE('',#4553,#4554);
#4553 = CARTESIAN_POINT('',(-0.,0.));
#4554 = VECTOR('',#4555,1.);
#4555 = DIRECTION('',(-0.,-1.));
#4556 = ( GEOMETRIC_REPRESENTATION_CONTEXT(2) 
PARAMETRIC_REPRESENTATION_CONTEXT() REPRESENTATION_CONTEXT('2D SPACE',''
  ) );
#4557 = PCURVE('',#4469,#4558);
#4558 = DEFINITIONAL_REPRESENTATION('',(#4559),#4563);
#4559 = LINE('',#4560,#4561);
#4560 = CARTESIAN_POINT('',(-6.28318530718,0.));
#4561 = VECTOR('',#4562,1.);
#4562 = DIRECTION('',(-0.,-1.));
#4563 = ( GEOMETRIC_REPRESENTATION_CONTEXT(2) 
PARAMETRIC_REPRESENTATION_CONTEXT() REPRESENTATION_CONTEXT('2D SPACE',''
  ) );
#4564 = ORIENTED_EDGE('',*,*,#4452,.T.);
#4565 = ORIENTED_EDGE('',*,*,#4542,.F.);
#4566 = ORIENTED_EDGE('',*,*,#4567,.F.);
#4567 = EDGE_CURVE('',#4543,#4543,#4568,.T.);
#4568 = SURFACE_CURVE('',#4569,(#4574,#4581),.PCURVE_S1.);
#4569 = CIRCLE('',#4570,10.);
#4570 = AXIS2_PLACEMENT_3D('',#4571,#4572,#4573);
#4571 = CARTESIAN_POINT('',(3.,0.,0.));
#4572 = DIRECTION('',(1.,0.,0.));
#4573 = DIRECTION('',(0.,1.,0.));
#4574 = PCURVE('',#4469,#4575);
#4575 = DEFINITIONAL_REPRESENTATION('',(#4576),#4580);
#4576 = LINE('',#4577,#4578);
#4577 = CARTESIAN_POINT('',(-0.,0.));
#4578 = VECTOR('',#4579,1.);
#4579 = DIRECTION('',(-1.,0.));
#4580 = ( GEOMETRIC_REPRESENTATION_CONTEXT(2) 
PARAMETRIC_REPRESENTATION_CONTEXT() REPRESENTATION_CONTEXT('2D SPACE',''
  ) );
#4581 = PCURVE('',#4582,#4587);
#4582 = PLANE('',#4583);
#4583 = AXIS2_PLACEMENT_3D('',#4584,#4585,#4586);
#4584 = CARTESIAN_POINT('',(3.,-5.469760530158E-16,6.857365063158E-16));
#4585 = DIRECTION('',(1.,0.,0.));
#4586 = DIRECTION('',(-0.,0.,1.));
#4587 = DEFINITIONAL_REPRESENTATION('',(#4588),#4592);
#4588 = CIRCLE('',#4589,10.);
#4589 = AXIS2_PLACEMENT_2D('',#4590,#4591);
#4590 = CARTESIAN_POINT('',(-6.857365063158E-16,-5.469760530158E-16));
#4591 = DIRECTION('',(0.,-1.));
#4592 = ( GEOMETRIC_REPRESENTATION_CONTEXT(2) 
PARAMETRIC_REPRESENTATION_CONTEXT() REPRESENTATION_CONTEXT('2D SPACE',''
  ) );
#4593 = ADVANCED_FACE('',(#4594,#4597),#4504,.F.);
#4594 = FACE_BOUND('',#4595,.F.);
#4595 = EDGE_LOOP('',(#4596));
#4596 = ORIENTED_EDGE('',*,*,#4487,.T.);
#4597 = FACE_BOUND('',#4598,.F.);
#4598 = EDGE_LOOP('',(#4599));
#4599 = ORIENTED_EDGE('',*,*,#4600,.T.);
#4600 = EDGE_CURVE('',#4601,#4601,#4603,.T.);
#4601 = VERTEX_POINT('',#4602);
#4602 = CARTESIAN_POINT('',(0.,6.05,0.));
#4603 = SURFACE_CURVE('',#4604,(#4609,#4620),.PCURVE_S1.);
#4604 = CIRCLE('',#4605,6.05);
#4605 = AXIS2_PLACEMENT_3D('',#4606,#4607,#4608);
#4606 = CARTESIAN_POINT('',(0.,0.,0.));
#4607 = DIRECTION('',(-1.,0.,0.));
#4608 = DIRECTION('',(0.,1.,0.));
#4609 = PCURVE('',#4504,#4610);
#4610 = DEFINITIONAL_REPRESENTATION('',(#4611),#4619);
#4611 = ( BOUNDED_CURVE() B_SPLINE_CURVE(2,(#4612,#4613,#4614,#4615,
#4616,#4617,#4618),.UNSPECIFIED.,.T.,.F.) B_SPLINE_CURVE_WITH_KNOTS((1,2
    ,2,2,2,1),(-2.094395102393,0.,2.094395102393,4.188790204786,
6.28318530718,8.377580409573),.UNSPECIFIED.) CURVE() 
GEOMETRIC_REPRESENTATION_ITEM() RATIONAL_B_SPLINE_CURVE((1.,0.5,1.,0.5,
1.,0.5,1.)) REPRESENTATION_ITEM('') );
#4612 = CARTESIAN_POINT('',(6.80906842916E-17,-6.05));
#4613 = CARTESIAN_POINT('',(-10.47890738579,-6.05));
#4614 = CARTESIAN_POINT('',(-5.239453692896,3.025));
#4615 = CARTESIAN_POINT('',(-1.413731942677E-15,12.1));
#4616 = CARTESIAN_POINT('',(5.239453692896,3.025));
#4617 = CARTESIAN_POINT('',(10.478907385792,-6.05));
#4618 = CARTESIAN_POINT('',(6.80906842916E-17,-6.05));
#4619 = ( GEOMETRIC_REPRESENTATION_CONTEXT(2) 
PARAMETRIC_REPRESENTATION_CONTEXT() REPRESENTATION_CONTEXT('2D SPACE',''
  ) );
#4620 = PCURVE('',#4621,#4626);
#4621 = CYLINDRICAL_SURFACE('',#4622,6.05);
#4622 = AXIS2_PLACEMENT_3D('',#4623,#4624,#4625);
#4623 = CARTESIAN_POINT('',(-1.,0.,0.));
#4624 = DIRECTION('',(-1.,-0.,-0.));
#4625 = DIRECTION('',(0.,1.,0.));
#4626 = DEFINITIONAL_REPRESENTATION('',(#4627),#4631);
#4627 = LINE('',#4628,#4629);
#4628 = CARTESIAN_POINT('',(-6.28318530718,-1.));
#4629 = VECTOR('',#4630,1.);
#4630 = DIRECTION('',(1.,-0.));
#4631 = ( GEOMETRIC_REPRESENTATION_CONTEXT(2) 
PARAMETRIC_REPRESENTATION_CONTEXT() REPRESENTATION_CONTEXT('2D SPACE',''
  ) );
#4632 = ADVANCED_FACE('',(#4633,#4636),#4582,.T.);
#4633 = FACE_BOUND('',#4634,.T.);
#4634 = EDGE_LOOP('',(#4635));
#4635 = ORIENTED_EDGE('',*,*,#4567,.T.);
#4636 = FACE_BOUND('',#4637,.T.);
#4637 = EDGE_LOOP('',(#4638));
#4638 = ORIENTED_EDGE('',*,*,#4639,.T.);
#4639 = EDGE_CURVE('',#4640,#4640,#4642,.T.);
#4640 = VERTEX_POINT('',#4641);
#4641 = CARTESIAN_POINT('',(3.,6.05,0.));
#4642 = SURFACE_CURVE('',#4643,(#4648,#4659),.PCURVE_S1.);
#4643 = CIRCLE('',#4644,6.05);
#4644 = AXIS2_PLACEMENT_3D('',#4645,#4646,#4647);
#4645 = CARTESIAN_POINT('',(3.,0.,0.));
#4646 = DIRECTION('',(-1.,0.,0.));
#4647 = DIRECTION('',(0.,1.,0.));
#4648 = PCURVE('',#4582,#4649);
#4649 = DEFINITIONAL_REPRESENTATION('',(#4650),#4658);
#4650 = ( BOUNDED_CURVE() B_SPLINE_CURVE(2,(#4651,#4652,#4653,#4654,
#4655,#4656,#4657),.UNSPECIFIED.,.T.,.F.) B_SPLINE_CURVE_WITH_KNOTS((1,2
    ,2,2,2,1),(-2.094395102393,0.,2.094395102393,4.188790204786,
6.28318530718,8.377580409573),.UNSPECIFIED.) CURVE() 
GEOMETRIC_REPRESENTATION_ITEM() RATIONAL_B_SPLINE_CURVE((1.,0.5,1.,0.5,
1.,0.5,1.)) REPRESENTATION_ITEM('') );
#4651 = CARTESIAN_POINT('',(-6.857365063158E-16,-6.05));
#4652 = CARTESIAN_POINT('',(-10.47890738579,-6.05));
#4653 = CARTESIAN_POINT('',(-5.239453692896,3.025));
#4654 = CARTESIAN_POINT('',(-2.167559133284E-15,12.1));
#4655 = CARTESIAN_POINT('',(5.239453692896,3.025));
#4656 = CARTESIAN_POINT('',(10.478907385792,-6.05));
#4657 = CARTESIAN_POINT('',(-6.857365063158E-16,-6.05));
#4658 = ( GEOMETRIC_REPRESENTATION_CONTEXT(2) 
PARAMETRIC_REPRESENTATION_CONTEXT() REPRESENTATION_CONTEXT('2D SPACE',''
  ) );
#4659 = PCURVE('',#4621,#4660);
#4660 = DEFINITIONAL_REPRESENTATION('',(#4661),#4665);
#4661 = LINE('',#4662,#4663);
#4662 = CARTESIAN_POINT('',(-6.28318530718,-4.));
#4663 = VECTOR('',#4664,1.);
#4664 = DIRECTION('',(1.,-0.));
#4665 = ( GEOMETRIC_REPRESENTATION_CONTEXT(2) 
PARAMETRIC_REPRESENTATION_CONTEXT() REPRESENTATION_CONTEXT('2D SPACE',''
  ) );
#4666 = ADVANCED_FACE('',(#4667),#4621,.F.);
#4667 = FACE_BOUND('',#4668,.T.);
#4668 = EDGE_LOOP('',(#4669,#4690,#4691,#4692));
#4669 = ORIENTED_EDGE('',*,*,#4670,.F.);
#4670 = EDGE_CURVE('',#4601,#4640,#4671,.T.);
#4671 = SEAM_CURVE('',#4672,(#4676,#4683),.PCURVE_S1.);
#4672 = LINE('',#4673,#4674);
#4673 = CARTESIAN_POINT('',(-1.,6.05,0.));
#4674 = VECTOR('',#4675,1.);
#4675 = DIRECTION('',(1.,0.,0.));
#4676 = PCURVE('',#4621,#4677);
#4677 = DEFINITIONAL_REPRESENTATION('',(#4678),#4682);
#4678 = LINE('',#4679,#4680);
#4679 = CARTESIAN_POINT('',(-6.28318530718,0.));
#4680 = VECTOR('',#4681,1.);
#4681 = DIRECTION('',(-0.,-1.));
#4682 = ( GEOMETRIC_REPRESENTATION_CONTEXT(2) 
PARAMETRIC_REPRESENTATION_CONTEXT() REPRESENTATION_CONTEXT('2D SPACE',''
  ) );
#4683 = PCURVE('',#4621,#4684);
#4684 = DEFINITIONAL_REPRESENTATION('',(#4685),#4689);
#4685 = LINE('',#4686,#4687);
#4686 = CARTESIAN_POINT('',(-0.,0.));
#4687 = VECTOR('',#4688,1.);
#4688 = DIRECTION('',(-0.,-1.));
#4689 = ( GEOMETRIC_REPRESENTATION_CONTEXT(2) 
PARAMETRIC_REPRESENTATION_CONTEXT() REPRESENTATION_CONTEXT('2D SPACE',''
  ) );
#4690 = ORIENTED_EDGE('',*,*,#4600,.T.);
#4691 = ORIENTED_EDGE('',*,*,#4670,.T.);
#4692 = ORIENTED_EDGE('',*,*,#4639,.F.);
#4693 = ( GEOMETRIC_REPRESENTATION_CONTEXT(3) 
GLOBAL_UNCERTAINTY_ASSIGNED_CONTEXT((#4697)) 
GLOBAL_UNIT_ASSIGNED_CONTEXT((#4694,#4695,#4696)) REPRESENTATION_CONTEXT
('Context #1','3D Context with UNIT and UNCERTAINTY') );
#4694 = ( LENGTH_UNIT() NAMED_UNIT(*) SI_UNIT(.MILLI.,.METRE.) );
#4695 = ( NAMED_UNIT(*) PLANE_ANGLE_UNIT() SI_UNIT($,.RADIAN.) );
#4696 = ( NAMED_UNIT(*) SI_UNIT($,.STERADIAN.) SOLID_ANGLE_UNIT() );
#4697 = UNCERTAINTY_MEASURE_WITH_UNIT(LENGTH_MEASURE(1.E-07),#4694,
  'distance_accuracy_value','confusion accuracy');
#4698 = CONTEXT_DEPENDENT_SHAPE_REPRESENTATION(#4699,#4701);
#4699 = ( REPRESENTATION_RELATIONSHIP('','',#3758,#10) 
REPRESENTATION_RELATIONSHIP_WITH_TRANSFORMATION(#4700) 
SHAPE_REPRESENTATION_RELATIONSHIP() );
#4700 = ITEM_DEFINED_TRANSFORMATION('','',#11,#19);
#4701 = PRODUCT_DEFINITION_SHAPE('Placement','Placement of an item',
  #4702);
#4702 = NEXT_ASSEMBLY_USAGE_OCCURRENCE('2','tapa_der','',#5,#3753,$);
#4703 = PRODUCT_RELATED_PRODUCT_CATEGORY('part',$,(#3755));
#4704 = SHAPE_DEFINITION_REPRESENTATION(#4705,#4711);
#4705 = PRODUCT_DEFINITION_SHAPE('','',#4706);
#4706 = PRODUCT_DEFINITION('design','',#4707,#4710);
#4707 = PRODUCT_DEFINITION_FORMATION('','',#4708);
#4708 = PRODUCT('tapa_izq','tapa_izq','',(#4709));
#4709 = PRODUCT_CONTEXT('',#2,'mechanical');
#4710 = PRODUCT_DEFINITION_CONTEXT('part definition',#2,'design');
#4711 = ADVANCED_BREP_SHAPE_REPRESENTATION('',(#11,#4712),#5646);
#4712 = MANIFOLD_SOLID_BREP('',#4713);
#4713 = CLOSED_SHELL('',(#4714,#4802,#4837,#4942,#5001,#5056,#5111,#5166
    ,#5201,#5205,#5244,#5248,#5303,#5362,#5401,#5436,#5491,#5546,#5585,
    #5619));
#4714 = ADVANCED_FACE('',(#4715),#4729,.T.);
#4715 = FACE_BOUND('',#4716,.F.);
#4716 = EDGE_LOOP('',(#4717,#4747,#4774,#4775));
#4717 = ORIENTED_EDGE('',*,*,#4718,.T.);
#4718 = EDGE_CURVE('',#4719,#4721,#4723,.T.);
#4719 = VERTEX_POINT('',#4720);
#4720 = CARTESIAN_POINT('',(14.,30.,0.));
#4721 = VERTEX_POINT('',#4722);
#4722 = CARTESIAN_POINT('',(22.,30.,0.));
#4723 = SEAM_CURVE('',#4724,(#4728,#4740),.PCURVE_S1.);
#4724 = LINE('',#4725,#4726);
#4725 = CARTESIAN_POINT('',(14.,30.,0.));
#4726 = VECTOR('',#4727,1.);
#4727 = DIRECTION('',(1.,0.,0.));
#4728 = PCURVE('',#4729,#4734);
#4729 = CYLINDRICAL_SURFACE('',#4730,30.);
#4730 = AXIS2_PLACEMENT_3D('',#4731,#4732,#4733);
#4731 = CARTESIAN_POINT('',(14.,0.,0.));
#4732 = DIRECTION('',(-1.,-0.,-0.));
#4733 = DIRECTION('',(0.,1.,0.));
#4734 = DEFINITIONAL_REPRESENTATION('',(#4735),#4739);
#4735 = LINE('',#4736,#4737);
#4736 = CARTESIAN_POINT('',(-0.,0.));
#4737 = VECTOR('',#4738,1.);
#4738 = DIRECTION('',(-0.,-1.));
#4739 = ( GEOMETRIC_REPRESENTATION_CONTEXT(2) 
PARAMETRIC_REPRESENTATION_CONTEXT() REPRESENTATION_CONTEXT('2D SPACE',''
  ) );
#4740 = PCURVE('',#4729,#4741);
#4741 = DEFINITIONAL_REPRESENTATION('',(#4742),#4746);
#4742 = LINE('',#4743,#4744);
#4743 = CARTESIAN_POINT('',(-6.28318530718,0.));
#4744 = VECTOR('',#4745,1.);
#4745 = DIRECTION('',(-0.,-1.));
#4746 = ( GEOMETRIC_REPRESENTATION_CONTEXT(2) 
PARAMETRIC_REPRESENTATION_CONTEXT() REPRESENTATION_CONTEXT('2D SPACE',''
  ) );
#4747 = ORIENTED_EDGE('',*,*,#4748,.T.);
#4748 = EDGE_CURVE('',#4721,#4721,#4749,.T.);
#4749 = SURFACE_CURVE('',#4750,(#4755,#4762),.PCURVE_S1.);
#4750 = CIRCLE('',#4751,30.);
#4751 = AXIS2_PLACEMENT_3D('',#4752,#4753,#4754);
#4752 = CARTESIAN_POINT('',(22.,0.,0.));
#4753 = DIRECTION('',(1.,0.,0.));
#4754 = DIRECTION('',(0.,1.,0.));
#4755 = PCURVE('',#4729,#4756);
#4756 = DEFINITIONAL_REPRESENTATION('',(#4757),#4761);
#4757 = LINE('',#4758,#4759);
#4758 = CARTESIAN_POINT('',(-0.,-8.));
#4759 = VECTOR('',#4760,1.);
#4760 = DIRECTION('',(-1.,0.));
#4761 = ( GEOMETRIC_REPRESENTATION_CONTEXT(2) 
PARAMETRIC_REPRESENTATION_CONTEXT() REPRESENTATION_CONTEXT('2D SPACE',''
  ) );
#4762 = PCURVE('',#4763,#4768);
#4763 = PLANE('',#4764);
#4764 = AXIS2_PLACEMENT_3D('',#4765,#4766,#4767);
#4765 = CARTESIAN_POINT('',(22.,-1.458602808042E-15,2.339560088947E-16)
  );
#4766 = DIRECTION('',(1.,0.,0.));
#4767 = DIRECTION('',(-0.,0.,1.));
#4768 = DEFINITIONAL_REPRESENTATION('',(#4769),#4773);
#4769 = CIRCLE('',#4770,30.);
#4770 = AXIS2_PLACEMENT_2D('',#4771,#4772);
#4771 = CARTESIAN_POINT('',(-2.339560088947E-16,-1.458602808042E-15));
#4772 = DIRECTION('',(0.,-1.));
#4773 = ( GEOMETRIC_REPRESENTATION_CONTEXT(2) 
PARAMETRIC_REPRESENTATION_CONTEXT() REPRESENTATION_CONTEXT('2D SPACE',''
  ) );
#4774 = ORIENTED_EDGE('',*,*,#4718,.F.);
#4775 = ORIENTED_EDGE('',*,*,#4776,.F.);
#4776 = EDGE_CURVE('',#4719,#4719,#4777,.T.);
#4777 = SURFACE_CURVE('',#4778,(#4783,#4790),.PCURVE_S1.);
#4778 = CIRCLE('',#4779,30.);
#4779 = AXIS2_PLACEMENT_3D('',#4780,#4781,#4782);
#4780 = CARTESIAN_POINT('',(14.,0.,0.));
#4781 = DIRECTION('',(1.,0.,0.));
#4782 = DIRECTION('',(0.,1.,0.));
#4783 = PCURVE('',#4729,#4784);
#4784 = DEFINITIONAL_REPRESENTATION('',(#4785),#4789);
#4785 = LINE('',#4786,#4787);
#4786 = CARTESIAN_POINT('',(-0.,0.));
#4787 = VECTOR('',#4788,1.);
#4788 = DIRECTION('',(-1.,0.));
#4789 = ( GEOMETRIC_REPRESENTATION_CONTEXT(2) 
PARAMETRIC_REPRESENTATION_CONTEXT() REPRESENTATION_CONTEXT('2D SPACE',''
  ) );
#4790 = PCURVE('',#4791,#4796);
#4791 = PLANE('',#4792);
#4792 = AXIS2_PLACEMENT_3D('',#4793,#4794,#4795);
#4793 = CARTESIAN_POINT('',(14.,-1.458602808042E-15,2.339560088947E-16)
  );
#4794 = DIRECTION('',(1.,0.,0.));
#4795 = DIRECTION('',(-0.,0.,1.));
#4796 = DEFINITIONAL_REPRESENTATION('',(#4797),#4801);
#4797 = CIRCLE('',#4798,30.);
#4798 = AXIS2_PLACEMENT_2D('',#4799,#4800);
#4799 = CARTESIAN_POINT('',(-2.339560088947E-16,-1.458602808042E-15));
#4800 = DIRECTION('',(0.,-1.));
#4801 = ( GEOMETRIC_REPRESENTATION_CONTEXT(2) 
PARAMETRIC_REPRESENTATION_CONTEXT() REPRESENTATION_CONTEXT('2D SPACE',''
  ) );
#4802 = ADVANCED_FACE('',(#4803,#4806),#4791,.F.);
#4803 = FACE_BOUND('',#4804,.F.);
#4804 = EDGE_LOOP('',(#4805));
#4805 = ORIENTED_EDGE('',*,*,#4776,.T.);
#4806 = FACE_BOUND('',#4807,.F.);
#4807 = EDGE_LOOP('',(#4808));
#4808 = ORIENTED_EDGE('',*,*,#4809,.F.);
#4809 = EDGE_CURVE('',#4810,#4810,#4812,.T.);
#4810 = VERTEX_POINT('',#4811);
#4811 = CARTESIAN_POINT('',(14.,24.,0.));
#4812 = SURFACE_CURVE('',#4813,(#4818,#4825),.PCURVE_S1.);
#4813 = CIRCLE('',#4814,24.);
#4814 = AXIS2_PLACEMENT_3D('',#4815,#4816,#4817);
#4815 = CARTESIAN_POINT('',(14.,0.,0.));
#4816 = DIRECTION('',(1.,0.,0.));
#4817 = DIRECTION('',(0.,1.,0.));
#4818 = PCURVE('',#4791,#4819);
#4819 = DEFINITIONAL_REPRESENTATION('',(#4820),#4824);
#4820 = CIRCLE('',#4821,24.);
#4821 = AXIS2_PLACEMENT_2D('',#4822,#4823);
#4822 = CARTESIAN_POINT('',(-2.339560088947E-16,-1.458602808042E-15));
#4823 = DIRECTION('',(0.,-1.));
#4824 = ( GEOMETRIC_REPRESENTATION_CONTEXT(2) 
PARAMETRIC_REPRESENTATION_CONTEXT() REPRESENTATION_CONTEXT('2D SPACE',''
  ) );
#4825 = PCURVE('',#4826,#4831);
#4826 = CYLINDRICAL_SURFACE('',#4827,24.);
#4827 = AXIS2_PLACEMENT_3D('',#4828,#4829,#4830);
#4828 = CARTESIAN_POINT('',(0.,0.,0.));
#4829 = DIRECTION('',(-1.,-0.,-0.));
#4830 = DIRECTION('',(0.,1.,0.));
#4831 = DEFINITIONAL_REPRESENTATION('',(#4832),#4836);
#4832 = LINE('',#4833,#4834);
#4833 = CARTESIAN_POINT('',(-0.,-14.));
#4834 = VECTOR('',#4835,1.);
#4835 = DIRECTION('',(-1.,0.));
#4836 = ( GEOMETRIC_REPRESENTATION_CONTEXT(2) 
PARAMETRIC_REPRESENTATION_CONTEXT() REPRESENTATION_CONTEXT('2D SPACE',''
  ) );
#4837 = ADVANCED_FACE('',(#4838,#4841,#4876,#4907),#4763,.T.);
#4838 = FACE_BOUND('',#4839,.T.);
#4839 = EDGE_LOOP('',(#4840));
#4840 = ORIENTED_EDGE('',*,*,#4748,.T.);
#4841 = FACE_BOUND('',#4842,.T.);
#4842 = EDGE_LOOP('',(#4843));
#4843 = ORIENTED_EDGE('',*,*,#4844,.T.);
#4844 = EDGE_CURVE('',#4845,#4845,#4847,.T.);
#4845 = VERTEX_POINT('',#4846);
#4846 = CARTESIAN_POINT('',(22.,25.,0.));
#4847 = SURFACE_CURVE('',#4848,(#4853,#4864),.PCURVE_S1.);
#4848 = CIRCLE('',#4849,3.);
#4849 = AXIS2_PLACEMENT_3D('',#4850,#4851,#4852);
#4850 = CARTESIAN_POINT('',(22.,22.,0.));
#4851 = DIRECTION('',(-1.,0.,0.));
#4852 = DIRECTION('',(0.,1.,0.));
#4853 = PCURVE('',#4763,#4854);
#4854 = DEFINITIONAL_REPRESENTATION('',(#4855),#4863);
#4855 = ( BOUNDED_CURVE() B_SPLINE_CURVE(2,(#4856,#4857,#4858,#4859,
#4860,#4861,#4862),.UNSPECIFIED.,.T.,.F.) B_SPLINE_CURVE_WITH_KNOTS((1,2
    ,2,2,2,1),(-2.094395102393,0.,2.094395102393,4.188790204786,
6.28318530718,8.377580409573),.UNSPECIFIED.) CURVE() 
GEOMETRIC_REPRESENTATION_ITEM() RATIONAL_B_SPLINE_CURVE((1.,0.5,1.,0.5,
1.,0.5,1.)) REPRESENTATION_ITEM('') );
#4856 = CARTESIAN_POINT('',(-2.339560088947E-16,-25.));
#4857 = CARTESIAN_POINT('',(-5.196152422707,-25.));
#4858 = CARTESIAN_POINT('',(-2.598076211353,-20.5));
#4859 = CARTESIAN_POINT('',(-9.687440883831E-16,-16.));
#4860 = CARTESIAN_POINT('',(2.598076211353,-20.5));
#4861 = CARTESIAN_POINT('',(5.196152422707,-25.));
#4862 = CARTESIAN_POINT('',(-2.339560088947E-16,-25.));
#4863 = ( GEOMETRIC_REPRESENTATION_CONTEXT(2) 
PARAMETRIC_REPRESENTATION_CONTEXT() REPRESENTATION_CONTEXT('2D SPACE',''
  ) );
#4864 = PCURVE('',#4865,#4870);
#4865 = CYLINDRICAL_SURFACE('',#4866,3.);
#4866 = AXIS2_PLACEMENT_3D('',#4867,#4868,#4869);
#4867 = CARTESIAN_POINT('',(18.,22.,0.));
#4868 = DIRECTION('',(-1.,-0.,-0.));
#4869 = DIRECTION('',(0.,1.,0.));
#4870 = DEFINITIONAL_REPRESENTATION('',(#4871),#4875);
#4871 = LINE('',#4872,#4873);
#4872 = CARTESIAN_POINT('',(-6.28318530718,-4.));
#4873 = VECTOR('',#4874,1.);
#4874 = DIRECTION('',(1.,-0.));
#4875 = ( GEOMETRIC_REPRESENTATION_CONTEXT(2) 
PARAMETRIC_REPRESENTATION_CONTEXT() REPRESENTATION_CONTEXT('2D SPACE',''
  ) );
#4876 = FACE_BOUND('',#4877,.T.);
#4877 = EDGE_LOOP('',(#4878));
#4878 = ORIENTED_EDGE('',*,*,#4879,.F.);
#4879 = EDGE_CURVE('',#4880,#4880,#4882,.T.);
#4880 = VERTEX_POINT('',#4881);
#4881 = CARTESIAN_POINT('',(22.,9.,0.));
#4882 = SURFACE_CURVE('',#4883,(#4888,#4895),.PCURVE_S1.);
#4883 = CIRCLE('',#4884,9.);
#4884 = AXIS2_PLACEMENT_3D('',#4885,#4886,#4887);
#4885 = CARTESIAN_POINT('',(22.,0.,0.));
#4886 = DIRECTION('',(1.,0.,0.));
#4887 = DIRECTION('',(0.,1.,0.));
#4888 = PCURVE('',#4763,#4889);
#4889 = DEFINITIONAL_REPRESENTATION('',(#4890),#4894);
#4890 = CIRCLE('',#4891,9.);
#4891 = AXIS2_PLACEMENT_2D('',#4892,#4893);
#4892 = CARTESIAN_POINT('',(-2.339560088947E-16,-1.458602808042E-15));
#4893 = DIRECTION('',(0.,-1.));
#4894 = ( GEOMETRIC_REPRESENTATION_CONTEXT(2) 
PARAMETRIC_REPRESENTATION_CONTEXT() REPRESENTATION_CONTEXT('2D SPACE',''
  ) );
#4895 = PCURVE('',#4896,#4901);
#4896 = CYLINDRICAL_SURFACE('',#4897,9.);
#4897 = AXIS2_PLACEMENT_3D('',#4898,#4899,#4900);
#4898 = CARTESIAN_POINT('',(17.,0.,0.));
#4899 = DIRECTION('',(-1.,-0.,-0.));
#4900 = DIRECTION('',(0.,1.,0.));
#4901 = DEFINITIONAL_REPRESENTATION('',(#4902),#4906);
#4902 = LINE('',#4903,#4904);
#4903 = CARTESIAN_POINT('',(-0.,-5.));
#4904 = VECTOR('',#4905,1.);
#4905 = DIRECTION('',(-1.,0.));
#4906 = ( GEOMETRIC_REPRESENTATION_CONTEXT(2) 
PARAMETRIC_REPRESENTATION_CONTEXT() REPRESENTATION_CONTEXT('2D SPACE',''
  ) );
#4907 = FACE_BOUND('',#4908,.T.);
#4908 = EDGE_LOOP('',(#4909));
#4909 = ORIENTED_EDGE('',*,*,#4910,.T.);
#4910 = EDGE_CURVE('',#4911,#4911,#4913,.T.);
#4911 = VERTEX_POINT('',#4912);
#4912 = CARTESIAN_POINT('',(22.,-19.,0.));
#4913 = SURFACE_CURVE('',#4914,(#4919,#4930),.PCURVE_S1.);
#4914 = CIRCLE('',#4915,3.);
#4915 = AXIS2_PLACEMENT_3D('',#4916,#4917,#4918);
#4916 = CARTESIAN_POINT('',(22.,-22.,0.));
#4917 = DIRECTION('',(-1.,0.,0.));
#4918 = DIRECTION('',(0.,1.,0.));
#4919 = PCURVE('',#4763,#4920);
#4920 = DEFINITIONAL_REPRESENTATION('',(#4921),#4929);
#4921 = ( BOUNDED_CURVE() B_SPLINE_CURVE(2,(#4922,#4923,#4924,#4925,
#4926,#4927,#4928),.UNSPECIFIED.,.T.,.F.) B_SPLINE_CURVE_WITH_KNOTS((1,2
    ,2,2,2,1),(-2.094395102393,0.,2.094395102393,4.188790204786,
6.28318530718,8.377580409573),.UNSPECIFIED.) CURVE() 
GEOMETRIC_REPRESENTATION_ITEM() RATIONAL_B_SPLINE_CURVE((1.,0.5,1.,0.5,
1.,0.5,1.)) REPRESENTATION_ITEM('') );
#4922 = CARTESIAN_POINT('',(-2.339560088947E-16,19.));
#4923 = CARTESIAN_POINT('',(-5.196152422707,19.));
#4924 = CARTESIAN_POINT('',(-2.598076211353,23.5));
#4925 = CARTESIAN_POINT('',(-9.687440883831E-16,28.));
#4926 = CARTESIAN_POINT('',(2.598076211353,23.5));
#4927 = CARTESIAN_POINT('',(5.196152422707,19.));
#4928 = CARTESIAN_POINT('',(-2.339560088947E-16,19.));
#4929 = ( GEOMETRIC_REPRESENTATION_CONTEXT(2) 
PARAMETRIC_REPRESENTATION_CONTEXT() REPRESENTATION_CONTEXT('2D SPACE',''
  ) );
#4930 = PCURVE('',#4931,#4936);
#4931 = CYLINDRICAL_SURFACE('',#4932,3.);
#4932 = AXIS2_PLACEMENT_3D('',#4933,#4934,#4935);
#4933 = CARTESIAN_POINT('',(18.,-22.,0.));
#4934 = DIRECTION('',(-1.,-0.,-0.));
#4935 = DIRECTION('',(0.,1.,0.));
#4936 = DEFINITIONAL_REPRESENTATION('',(#4937),#4941);
#4937 = LINE('',#4938,#4939);
#4938 = CARTESIAN_POINT('',(-6.28318530718,-4.));
#4939 = VECTOR('',#4940,1.);
#4940 = DIRECTION('',(1.,-0.));
#4941 = ( GEOMETRIC_REPRESENTATION_CONTEXT(2) 
PARAMETRIC_REPRESENTATION_CONTEXT() REPRESENTATION_CONTEXT('2D SPACE',''
  ) );
#4942 = ADVANCED_FACE('',(#4943),#4826,.T.);
#4943 = FACE_BOUND('',#4944,.F.);
#4944 = EDGE_LOOP('',(#4945,#4978,#4999,#5000));
#4945 = ORIENTED_EDGE('',*,*,#4946,.T.);
#4946 = EDGE_CURVE('',#4947,#4947,#4949,.T.);
#4947 = VERTEX_POINT('',#4948);
#4948 = CARTESIAN_POINT('',(8.2,24.,0.));
#4949 = SURFACE_CURVE('',#4950,(#4955,#4962),.PCURVE_S1.);
#4950 = CIRCLE('',#4951,24.);
#4951 = AXIS2_PLACEMENT_3D('',#4952,#4953,#4954);
#4952 = CARTESIAN_POINT('',(8.2,0.,0.));
#4953 = DIRECTION('',(-1.,0.,0.));
#4954 = DIRECTION('',(0.,1.,0.));
#4955 = PCURVE('',#4826,#4956);
#4956 = DEFINITIONAL_REPRESENTATION('',(#4957),#4961);
#4957 = LINE('',#4958,#4959);
#4958 = CARTESIAN_POINT('',(-6.28318530718,-8.2));
#4959 = VECTOR('',#4960,1.);
#4960 = DIRECTION('',(1.,-0.));
#4961 = ( GEOMETRIC_REPRESENTATION_CONTEXT(2) 
PARAMETRIC_REPRESENTATION_CONTEXT() REPRESENTATION_CONTEXT('2D SPACE',''
  ) );
#4962 = PCURVE('',#4963,#4968);
#4963 = PLANE('',#4964);
#4964 = AXIS2_PLACEMENT_3D('',#4965,#4966,#4967);
#4965 = CARTESIAN_POINT('',(8.2,-8.751616848252E-16,1.604946055186E-15)
  );
#4966 = DIRECTION('',(1.,0.,0.));
#4967 = DIRECTION('',(-0.,0.,1.));
#4968 = DEFINITIONAL_REPRESENTATION('',(#4969),#4977);
#4969 = ( BOUNDED_CURVE() B_SPLINE_CURVE(2,(#4970,#4971,#4972,#4973,
#4974,#4975,#4976),.UNSPECIFIED.,.T.,.F.) B_SPLINE_CURVE_WITH_KNOTS((1,2
    ,2,2,2,1),(-2.094395102393,0.,2.094395102393,4.188790204786,
6.28318530718,8.377580409573),.UNSPECIFIED.) CURVE() 
GEOMETRIC_REPRESENTATION_ITEM() RATIONAL_B_SPLINE_CURVE((1.,0.5,1.,0.5,
1.,0.5,1.)) REPRESENTATION_ITEM('') );
#4970 = CARTESIAN_POINT('',(-1.604946055186E-15,-24.));
#4971 = CARTESIAN_POINT('',(-41.56921938165,-24.));
#4972 = CARTESIAN_POINT('',(-20.78460969082,12.));
#4973 = CARTESIAN_POINT('',(-7.483250691094E-15,48.));
#4974 = CARTESIAN_POINT('',(20.784609690827,12.));
#4975 = CARTESIAN_POINT('',(41.569219381653,-24.));
#4976 = CARTESIAN_POINT('',(-1.604946055186E-15,-24.));
#4977 = ( GEOMETRIC_REPRESENTATION_CONTEXT(2) 
PARAMETRIC_REPRESENTATION_CONTEXT() REPRESENTATION_CONTEXT('2D SPACE',''
  ) );
#4978 = ORIENTED_EDGE('',*,*,#4979,.T.);
#4979 = EDGE_CURVE('',#4947,#4810,#4980,.T.);
#4980 = SEAM_CURVE('',#4981,(#4985,#4992),.PCURVE_S1.);
#4981 = LINE('',#4982,#4983);
#4982 = CARTESIAN_POINT('',(0.,24.,0.));
#4983 = VECTOR('',#4984,1.);
#4984 = DIRECTION('',(1.,0.,0.));
#4985 = PCURVE('',#4826,#4986);
#4986 = DEFINITIONAL_REPRESENTATION('',(#4987),#4991);
#4987 = LINE('',#4988,#4989);
#4988 = CARTESIAN_POINT('',(-6.28318530718,0.));
#4989 = VECTOR('',#4990,1.);
#4990 = DIRECTION('',(-0.,-1.));
#4991 = ( GEOMETRIC_REPRESENTATION_CONTEXT(2) 
PARAMETRIC_REPRESENTATION_CONTEXT() REPRESENTATION_CONTEXT('2D SPACE',''
  ) );
#4992 = PCURVE('',#4826,#4993);
#4993 = DEFINITIONAL_REPRESENTATION('',(#4994),#4998);
#4994 = LINE('',#4995,#4996);
#4995 = CARTESIAN_POINT('',(-0.,0.));
#4996 = VECTOR('',#4997,1.);
#4997 = DIRECTION('',(-0.,-1.));
#4998 = ( GEOMETRIC_REPRESENTATION_CONTEXT(2) 
PARAMETRIC_REPRESENTATION_CONTEXT() REPRESENTATION_CONTEXT('2D SPACE',''
  ) );
#4999 = ORIENTED_EDGE('',*,*,#4809,.T.);
#5000 = ORIENTED_EDGE('',*,*,#4979,.F.);
#5001 = ADVANCED_FACE('',(#5002),#4865,.F.);
#5002 = FACE_BOUND('',#5003,.T.);
#5003 = EDGE_LOOP('',(#5004,#5033,#5054,#5055));
#5004 = ORIENTED_EDGE('',*,*,#5005,.F.);
#5005 = EDGE_CURVE('',#5006,#5006,#5008,.T.);
#5006 = VERTEX_POINT('',#5007);
#5007 = CARTESIAN_POINT('',(18.,25.,0.));
#5008 = SURFACE_CURVE('',#5009,(#5014,#5021),.PCURVE_S1.);
#5009 = CIRCLE('',#5010,3.);
#5010 = AXIS2_PLACEMENT_3D('',#5011,#5012,#5013);
#5011 = CARTESIAN_POINT('',(18.,22.,0.));
#5012 = DIRECTION('',(1.,0.,0.));
#5013 = DIRECTION('',(0.,1.,0.));
#5014 = PCURVE('',#4865,#5015);
#5015 = DEFINITIONAL_REPRESENTATION('',(#5016),#5020);
#5016 = LINE('',#5017,#5018);
#5017 = CARTESIAN_POINT('',(-0.,0.));
#5018 = VECTOR('',#5019,1.);
#5019 = DIRECTION('',(-1.,0.));
#5020 = ( GEOMETRIC_REPRESENTATION_CONTEXT(2) 
PARAMETRIC_REPRESENTATION_CONTEXT() REPRESENTATION_CONTEXT('2D SPACE',''
  ) );
#5021 = PCURVE('',#5022,#5027);
#5022 = PLANE('',#5023);
#5023 = AXIS2_PLACEMENT_3D('',#5024,#5025,#5026);
#5024 = CARTESIAN_POINT('',(18.,22.,2.193953532201E-16));
#5025 = DIRECTION('',(1.,0.,0.));
#5026 = DIRECTION('',(-0.,0.,1.));
#5027 = DEFINITIONAL_REPRESENTATION('',(#5028),#5032);
#5028 = CIRCLE('',#5029,3.);
#5029 = AXIS2_PLACEMENT_2D('',#5030,#5031);
#5030 = CARTESIAN_POINT('',(-2.193953532201E-16,0.));
#5031 = DIRECTION('',(0.,-1.));
#5032 = ( GEOMETRIC_REPRESENTATION_CONTEXT(2) 
PARAMETRIC_REPRESENTATION_CONTEXT() REPRESENTATION_CONTEXT('2D SPACE',''
  ) );
#5033 = ORIENTED_EDGE('',*,*,#5034,.T.);
#5034 = EDGE_CURVE('',#5006,#4845,#5035,.T.);
#5035 = SEAM_CURVE('',#5036,(#5040,#5047),.PCURVE_S1.);
#5036 = LINE('',#5037,#5038);
#5037 = CARTESIAN_POINT('',(18.,25.,0.));
#5038 = VECTOR('',#5039,1.);
#5039 = DIRECTION('',(1.,0.,0.));
#5040 = PCURVE('',#4865,#5041);
#5041 = DEFINITIONAL_REPRESENTATION('',(#5042),#5046);
#5042 = LINE('',#5043,#5044);
#5043 = CARTESIAN_POINT('',(-6.28318530718,0.));
#5044 = VECTOR('',#5045,1.);
#5045 = DIRECTION('',(-0.,-1.));
#5046 = ( GEOMETRIC_REPRESENTATION_CONTEXT(2) 
PARAMETRIC_REPRESENTATION_CONTEXT() REPRESENTATION_CONTEXT('2D SPACE',''
  ) );
#5047 = PCURVE('',#4865,#5048);
#5048 = DEFINITIONAL_REPRESENTATION('',(#5049),#5053);
#5049 = LINE('',#5050,#5051);
#5050 = CARTESIAN_POINT('',(-0.,0.));
#5051 = VECTOR('',#5052,1.);
#5052 = DIRECTION('',(-0.,-1.));
#5053 = ( GEOMETRIC_REPRESENTATION_CONTEXT(2) 
PARAMETRIC_REPRESENTATION_CONTEXT() REPRESENTATION_CONTEXT('2D SPACE',''
  ) );
#5054 = ORIENTED_EDGE('',*,*,#4844,.F.);
#5055 = ORIENTED_EDGE('',*,*,#5034,.F.);
#5056 = ADVANCED_FACE('',(#5057),#4896,.F.);
#5057 = FACE_BOUND('',#5058,.T.);
#5058 = EDGE_LOOP('',(#5059,#5082,#5083,#5084));
#5059 = ORIENTED_EDGE('',*,*,#5060,.T.);
#5060 = EDGE_CURVE('',#5061,#4880,#5063,.T.);
#5061 = VERTEX_POINT('',#5062);
#5062 = CARTESIAN_POINT('',(17.,9.,0.));
#5063 = SEAM_CURVE('',#5064,(#5068,#5075),.PCURVE_S1.);
#5064 = LINE('',#5065,#5066);
#5065 = CARTESIAN_POINT('',(17.,9.,0.));
#5066 = VECTOR('',#5067,1.);
#5067 = DIRECTION('',(1.,0.,0.));
#5068 = PCURVE('',#4896,#5069);
#5069 = DEFINITIONAL_REPRESENTATION('',(#5070),#5074);
#5070 = LINE('',#5071,#5072);
#5071 = CARTESIAN_POINT('',(-0.,0.));
#5072 = VECTOR('',#5073,1.);
#5073 = DIRECTION('',(-0.,-1.));
#5074 = ( GEOMETRIC_REPRESENTATION_CONTEXT(2) 
PARAMETRIC_REPRESENTATION_CONTEXT() REPRESENTATION_CONTEXT('2D SPACE',''
  ) );
#5075 = PCURVE('',#4896,#5076);
#5076 = DEFINITIONAL_REPRESENTATION('',(#5077),#5081);
#5077 = LINE('',#5078,#5079);
#5078 = CARTESIAN_POINT('',(-6.28318530718,0.));
#5079 = VECTOR('',#5080,1.);
#5080 = DIRECTION('',(-0.,-1.));
#5081 = ( GEOMETRIC_REPRESENTATION_CONTEXT(2) 
PARAMETRIC_REPRESENTATION_CONTEXT() REPRESENTATION_CONTEXT('2D SPACE',''
  ) );
#5082 = ORIENTED_EDGE('',*,*,#4879,.T.);
#5083 = ORIENTED_EDGE('',*,*,#5060,.F.);
#5084 = ORIENTED_EDGE('',*,*,#5085,.F.);
#5085 = EDGE_CURVE('',#5061,#5061,#5086,.T.);
#5086 = SURFACE_CURVE('',#5087,(#5092,#5099),.PCURVE_S1.);
#5087 = CIRCLE('',#5088,9.);
#5088 = AXIS2_PLACEMENT_3D('',#5089,#5090,#5091);
#5089 = CARTESIAN_POINT('',(17.,0.,0.));
#5090 = DIRECTION('',(1.,0.,0.));
#5091 = DIRECTION('',(0.,1.,0.));
#5092 = PCURVE('',#4896,#5093);
#5093 = DEFINITIONAL_REPRESENTATION('',(#5094),#5098);
#5094 = LINE('',#5095,#5096);
#5095 = CARTESIAN_POINT('',(-0.,0.));
#5096 = VECTOR('',#5097,1.);
#5097 = DIRECTION('',(-1.,0.));
#5098 = ( GEOMETRIC_REPRESENTATION_CONTEXT(2) 
PARAMETRIC_REPRESENTATION_CONTEXT() REPRESENTATION_CONTEXT('2D SPACE',''
  ) );
#5099 = PCURVE('',#5100,#5105);
#5100 = PLANE('',#5101);
#5101 = AXIS2_PLACEMENT_3D('',#5102,#5103,#5104);
#5102 = CARTESIAN_POINT('',(17.,-3.038755850088E-16,2.403571302733E-16)
  );
#5103 = DIRECTION('',(1.,0.,0.));
#5104 = DIRECTION('',(-0.,0.,1.));
#5105 = DEFINITIONAL_REPRESENTATION('',(#5106),#5110);
#5106 = CIRCLE('',#5107,9.);
#5107 = AXIS2_PLACEMENT_2D('',#5108,#5109);
#5108 = CARTESIAN_POINT('',(-2.403571302733E-16,-3.038755850088E-16));
#5109 = DIRECTION('',(0.,-1.));
#5110 = ( GEOMETRIC_REPRESENTATION_CONTEXT(2) 
PARAMETRIC_REPRESENTATION_CONTEXT() REPRESENTATION_CONTEXT('2D SPACE',''
  ) );
#5111 = ADVANCED_FACE('',(#5112),#4931,.F.);
#5112 = FACE_BOUND('',#5113,.T.);
#5113 = EDGE_LOOP('',(#5114,#5143,#5164,#5165));
#5114 = ORIENTED_EDGE('',*,*,#5115,.F.);
#5115 = EDGE_CURVE('',#5116,#5116,#5118,.T.);
#5116 = VERTEX_POINT('',#5117);
#5117 = CARTESIAN_POINT('',(18.,-19.,0.));
#5118 = SURFACE_CURVE('',#5119,(#5124,#5131),.PCURVE_S1.);
#5119 = CIRCLE('',#5120,3.);
#5120 = AXIS2_PLACEMENT_3D('',#5121,#5122,#5123);
#5121 = CARTESIAN_POINT('',(18.,-22.,0.));
#5122 = DIRECTION('',(1.,0.,0.));
#5123 = DIRECTION('',(0.,1.,0.));
#5124 = PCURVE('',#4931,#5125);
#5125 = DEFINITIONAL_REPRESENTATION('',(#5126),#5130);
#5126 = LINE('',#5127,#5128);
#5127 = CARTESIAN_POINT('',(-0.,0.));
#5128 = VECTOR('',#5129,1.);
#5129 = DIRECTION('',(-1.,0.));
#5130 = ( GEOMETRIC_REPRESENTATION_CONTEXT(2) 
PARAMETRIC_REPRESENTATION_CONTEXT() REPRESENTATION_CONTEXT('2D SPACE',''
  ) );
#5131 = PCURVE('',#5132,#5137);
#5132 = PLANE('',#5133);
#5133 = AXIS2_PLACEMENT_3D('',#5134,#5135,#5136);
#5134 = CARTESIAN_POINT('',(18.,-22.,2.193953532201E-16));
#5135 = DIRECTION('',(1.,0.,0.));
#5136 = DIRECTION('',(-0.,0.,1.));
#5137 = DEFINITIONAL_REPRESENTATION('',(#5138),#5142);
#5138 = CIRCLE('',#5139,3.);
#5139 = AXIS2_PLACEMENT_2D('',#5140,#5141);
#5140 = CARTESIAN_POINT('',(-2.193953532201E-16,0.));
#5141 = DIRECTION('',(0.,-1.));
#5142 = ( GEOMETRIC_REPRESENTATION_CONTEXT(2) 
PARAMETRIC_REPRESENTATION_CONTEXT() REPRESENTATION_CONTEXT('2D SPACE',''
  ) );
#5143 = ORIENTED_EDGE('',*,*,#5144,.T.);
#5144 = EDGE_CURVE('',#5116,#4911,#5145,.T.);
#5145 = SEAM_CURVE('',#5146,(#5150,#5157),.PCURVE_S1.);
#5146 = LINE('',#5147,#5148);
#5147 = CARTESIAN_POINT('',(18.,-19.,0.));
#5148 = VECTOR('',#5149,1.);
#5149 = DIRECTION('',(1.,0.,0.));
#5150 = PCURVE('',#4931,#5151);
#5151 = DEFINITIONAL_REPRESENTATION('',(#5152),#5156);
#5152 = LINE('',#5153,#5154);
#5153 = CARTESIAN_POINT('',(-6.28318530718,0.));
#5154 = VECTOR('',#5155,1.);
#5155 = DIRECTION('',(-0.,-1.));
#5156 = ( GEOMETRIC_REPRESENTATION_CONTEXT(2) 
PARAMETRIC_REPRESENTATION_CONTEXT() REPRESENTATION_CONTEXT('2D SPACE',''
  ) );
#5157 = PCURVE('',#4931,#5158);
#5158 = DEFINITIONAL_REPRESENTATION('',(#5159),#5163);
#5159 = LINE('',#5160,#5161);
#5160 = CARTESIAN_POINT('',(-0.,0.));
#5161 = VECTOR('',#5162,1.);
#5162 = DIRECTION('',(-0.,-1.));
#5163 = ( GEOMETRIC_REPRESENTATION_CONTEXT(2) 
PARAMETRIC_REPRESENTATION_CONTEXT() REPRESENTATION_CONTEXT('2D SPACE',''
  ) );
#5164 = ORIENTED_EDGE('',*,*,#4910,.F.);
#5165 = ORIENTED_EDGE('',*,*,#5144,.F.);
#5166 = ADVANCED_FACE('',(#5167,#5170),#4963,.F.);
#5167 = FACE_BOUND('',#5168,.F.);
#5168 = EDGE_LOOP('',(#5169));
#5169 = ORIENTED_EDGE('',*,*,#4946,.F.);
#5170 = FACE_BOUND('',#5171,.F.);
#5171 = EDGE_LOOP('',(#5172));
#5172 = ORIENTED_EDGE('',*,*,#5173,.F.);
#5173 = EDGE_CURVE('',#5174,#5174,#5176,.T.);
#5174 = VERTEX_POINT('',#5175);
#5175 = CARTESIAN_POINT('',(8.2,21.7,0.));
#5176 = SURFACE_CURVE('',#5177,(#5182,#5189),.PCURVE_S1.);
#5177 = CIRCLE('',#5178,21.7);
#5178 = AXIS2_PLACEMENT_3D('',#5179,#5180,#5181);
#5179 = CARTESIAN_POINT('',(8.2,0.,0.));
#5180 = DIRECTION('',(1.,0.,0.));
#5181 = DIRECTION('',(0.,1.,0.));
#5182 = PCURVE('',#4963,#5183);
#5183 = DEFINITIONAL_REPRESENTATION('',(#5184),#5188);
#5184 = CIRCLE('',#5185,21.7);
#5185 = AXIS2_PLACEMENT_2D('',#5186,#5187);
#5186 = CARTESIAN_POINT('',(-1.604946055186E-15,-8.751616848252E-16));
#5187 = DIRECTION('',(0.,-1.));
#5188 = ( GEOMETRIC_REPRESENTATION_CONTEXT(2) 
PARAMETRIC_REPRESENTATION_CONTEXT() REPRESENTATION_CONTEXT('2D SPACE',''
  ) );
#5189 = PCURVE('',#5190,#5195);
#5190 = CYLINDRICAL_SURFACE('',#5191,21.7);
#5191 = AXIS2_PLACEMENT_3D('',#5192,#5193,#5194);
#5192 = CARTESIAN_POINT('',(4.,0.,0.));
#5193 = DIRECTION('',(-1.,-0.,-0.));
#5194 = DIRECTION('',(0.,1.,0.));
#5195 = DEFINITIONAL_REPRESENTATION('',(#5196),#5200);
#5196 = LINE('',#5197,#5198);
#5197 = CARTESIAN_POINT('',(-0.,-4.2));
#5198 = VECTOR('',#5199,1.);
#5199 = DIRECTION('',(-1.,0.));
#5200 = ( GEOMETRIC_REPRESENTATION_CONTEXT(2) 
PARAMETRIC_REPRESENTATION_CONTEXT() REPRESENTATION_CONTEXT('2D SPACE',''
  ) );
#5201 = ADVANCED_FACE('',(#5202),#5022,.T.);
#5202 = FACE_BOUND('',#5203,.T.);
#5203 = EDGE_LOOP('',(#5204));
#5204 = ORIENTED_EDGE('',*,*,#5005,.T.);
#5205 = ADVANCED_FACE('',(#5206,#5209),#5100,.T.);
#5206 = FACE_BOUND('',#5207,.T.);
#5207 = EDGE_LOOP('',(#5208));
#5208 = ORIENTED_EDGE('',*,*,#5085,.T.);
#5209 = FACE_BOUND('',#5210,.T.);
#5210 = EDGE_LOOP('',(#5211));
#5211 = ORIENTED_EDGE('',*,*,#5212,.T.);
#5212 = EDGE_CURVE('',#5213,#5213,#5215,.T.);
#5213 = VERTEX_POINT('',#5214);
#5214 = CARTESIAN_POINT('',(17.,6.05,0.));
#5215 = SURFACE_CURVE('',#5216,(#5221,#5232),.PCURVE_S1.);
#5216 = CIRCLE('',#5217,6.05);
#5217 = AXIS2_PLACEMENT_3D('',#5218,#5219,#5220);
#5218 = CARTESIAN_POINT('',(17.,0.,0.));
#5219 = DIRECTION('',(-1.,0.,0.));
#5220 = DIRECTION('',(0.,1.,0.));
#5221 = PCURVE('',#5100,#5222);
#5222 = DEFINITIONAL_REPRESENTATION('',(#5223),#5231);
#5223 = ( BOUNDED_CURVE() B_SPLINE_CURVE(2,(#5224,#5225,#5226,#5227,
#5228,#5229,#5230),.UNSPECIFIED.,.T.,.F.) B_SPLINE_CURVE_WITH_KNOTS((1,2
    ,2,2,2,1),(-2.094395102393,0.,2.094395102393,4.188790204786,
6.28318530718,8.377580409573),.UNSPECIFIED.) CURVE() 
GEOMETRIC_REPRESENTATION_ITEM() RATIONAL_B_SPLINE_CURVE((1.,0.5,1.,0.5,
1.,0.5,1.)) REPRESENTATION_ITEM('') );
#5224 = CARTESIAN_POINT('',(-2.403571302733E-16,-6.05));
#5225 = CARTESIAN_POINT('',(-10.47890738579,-6.05));
#5226 = CARTESIAN_POINT('',(-5.239453692896,3.025));
#5227 = CARTESIAN_POINT('',(-1.722179757242E-15,12.1));
#5228 = CARTESIAN_POINT('',(5.239453692896,3.025));
#5229 = CARTESIAN_POINT('',(10.478907385792,-6.05));
#5230 = CARTESIAN_POINT('',(-2.403571302733E-16,-6.05));
#5231 = ( GEOMETRIC_REPRESENTATION_CONTEXT(2) 
PARAMETRIC_REPRESENTATION_CONTEXT() REPRESENTATION_CONTEXT('2D SPACE',''
  ) );
#5232 = PCURVE('',#5233,#5238);
#5233 = CYLINDRICAL_SURFACE('',#5234,6.05);
#5234 = AXIS2_PLACEMENT_3D('',#5235,#5236,#5237);
#5235 = CARTESIAN_POINT('',(-1.,0.,0.));
#5236 = DIRECTION('',(-1.,-0.,-0.));
#5237 = DIRECTION('',(0.,1.,0.));
#5238 = DEFINITIONAL_REPRESENTATION('',(#5239),#5243);
#5239 = LINE('',#5240,#5241);
#5240 = CARTESIAN_POINT('',(-6.28318530718,-18.));
#5241 = VECTOR('',#5242,1.);
#5242 = DIRECTION('',(1.,-0.));
#5243 = ( GEOMETRIC_REPRESENTATION_CONTEXT(2) 
PARAMETRIC_REPRESENTATION_CONTEXT() REPRESENTATION_CONTEXT('2D SPACE',''
  ) );
#5244 = ADVANCED_FACE('',(#5245),#5132,.T.);
#5245 = FACE_BOUND('',#5246,.T.);
#5246 = EDGE_LOOP('',(#5247));
#5247 = ORIENTED_EDGE('',*,*,#5115,.T.);
#5248 = ADVANCED_FACE('',(#5249),#5190,.T.);
#5249 = FACE_BOUND('',#5250,.F.);
#5250 = EDGE_LOOP('',(#5251,#5274,#5275,#5276));
#5251 = ORIENTED_EDGE('',*,*,#5252,.T.);
#5252 = EDGE_CURVE('',#5253,#5174,#5255,.T.);
#5253 = VERTEX_POINT('',#5254);
#5254 = CARTESIAN_POINT('',(4.,21.7,0.));
#5255 = SEAM_CURVE('',#5256,(#5260,#5267),.PCURVE_S1.);
#5256 = LINE('',#5257,#5258);
#5257 = CARTESIAN_POINT('',(4.,21.7,0.));
#5258 = VECTOR('',#5259,1.);
#5259 = DIRECTION('',(1.,0.,0.));
#5260 = PCURVE('',#5190,#5261);
#5261 = DEFINITIONAL_REPRESENTATION('',(#5262),#5266);
#5262 = LINE('',#5263,#5264);
#5263 = CARTESIAN_POINT('',(-0.,0.));
#5264 = VECTOR('',#5265,1.);
#5265 = DIRECTION('',(-0.,-1.));
#5266 = ( GEOMETRIC_REPRESENTATION_CONTEXT(2) 
PARAMETRIC_REPRESENTATION_CONTEXT() REPRESENTATION_CONTEXT('2D SPACE',''
  ) );
#5267 = PCURVE('',#5190,#5268);
#5268 = DEFINITIONAL_REPRESENTATION('',(#5269),#5273);
#5269 = LINE('',#5270,#5271);
#5270 = CARTESIAN_POINT('',(-6.28318530718,0.));
#5271 = VECTOR('',#5272,1.);
#5272 = DIRECTION('',(-0.,-1.));
#5273 = ( GEOMETRIC_REPRESENTATION_CONTEXT(2) 
PARAMETRIC_REPRESENTATION_CONTEXT() REPRESENTATION_CONTEXT('2D SPACE',''
  ) );
#5274 = ORIENTED_EDGE('',*,*,#5173,.T.);
#5275 = ORIENTED_EDGE('',*,*,#5252,.F.);
#5276 = ORIENTED_EDGE('',*,*,#5277,.F.);
#5277 = EDGE_CURVE('',#5253,#5253,#5278,.T.);
#5278 = SURFACE_CURVE('',#5279,(#5284,#5291),.PCURVE_S1.);
#5279 = CIRCLE('',#5280,21.7);
#5280 = AXIS2_PLACEMENT_3D('',#5281,#5282,#5283);
#5281 = CARTESIAN_POINT('',(4.,0.,0.));
#5282 = DIRECTION('',(1.,0.,0.));
#5283 = DIRECTION('',(0.,1.,0.));
#5284 = PCURVE('',#5190,#5285);
#5285 = DEFINITIONAL_REPRESENTATION('',(#5286),#5290);
#5286 = LINE('',#5287,#5288);
#5287 = CARTESIAN_POINT('',(-0.,0.));
#5288 = VECTOR('',#5289,1.);
#5289 = DIRECTION('',(-1.,0.));
#5290 = ( GEOMETRIC_REPRESENTATION_CONTEXT(2) 
PARAMETRIC_REPRESENTATION_CONTEXT() REPRESENTATION_CONTEXT('2D SPACE',''
  ) );
#5291 = PCURVE('',#5292,#5297);
#5292 = PLANE('',#5293);
#5293 = AXIS2_PLACEMENT_3D('',#5294,#5295,#5296);
#5294 = CARTESIAN_POINT('',(4.,-8.751616848252E-16,1.604946055186E-15));
#5295 = DIRECTION('',(1.,0.,0.));
#5296 = DIRECTION('',(-0.,0.,1.));
#5297 = DEFINITIONAL_REPRESENTATION('',(#5298),#5302);
#5298 = CIRCLE('',#5299,21.7);
#5299 = AXIS2_PLACEMENT_2D('',#5300,#5301);
#5300 = CARTESIAN_POINT('',(-1.604946055186E-15,-8.751616848252E-16));
#5301 = DIRECTION('',(0.,-1.));
#5302 = ( GEOMETRIC_REPRESENTATION_CONTEXT(2) 
PARAMETRIC_REPRESENTATION_CONTEXT() REPRESENTATION_CONTEXT('2D SPACE',''
  ) );
#5303 = ADVANCED_FACE('',(#5304),#5233,.F.);
#5304 = FACE_BOUND('',#5305,.T.);
#5305 = EDGE_LOOP('',(#5306,#5329,#5360,#5361));
#5306 = ORIENTED_EDGE('',*,*,#5307,.F.);
#5307 = EDGE_CURVE('',#5308,#5213,#5310,.T.);
#5308 = VERTEX_POINT('',#5309);
#5309 = CARTESIAN_POINT('',(8.5,6.05,0.));
#5310 = SEAM_CURVE('',#5311,(#5315,#5322),.PCURVE_S1.);
#5311 = LINE('',#5312,#5313);
#5312 = CARTESIAN_POINT('',(-1.,6.05,0.));
#5313 = VECTOR('',#5314,1.);
#5314 = DIRECTION('',(1.,0.,0.));
#5315 = PCURVE('',#5233,#5316);
#5316 = DEFINITIONAL_REPRESENTATION('',(#5317),#5321);
#5317 = LINE('',#5318,#5319);
#5318 = CARTESIAN_POINT('',(-6.28318530718,0.));
#5319 = VECTOR('',#5320,1.);
#5320 = DIRECTION('',(-0.,-1.));
#5321 = ( GEOMETRIC_REPRESENTATION_CONTEXT(2) 
PARAMETRIC_REPRESENTATION_CONTEXT() REPRESENTATION_CONTEXT('2D SPACE',''
  ) );
#5322 = PCURVE('',#5233,#5323);
#5323 = DEFINITIONAL_REPRESENTATION('',(#5324),#5328);
#5324 = LINE('',#5325,#5326);
#5325 = CARTESIAN_POINT('',(-0.,0.));
#5326 = VECTOR('',#5327,1.);
#5327 = DIRECTION('',(-0.,-1.));
#5328 = ( GEOMETRIC_REPRESENTATION_CONTEXT(2) 
PARAMETRIC_REPRESENTATION_CONTEXT() REPRESENTATION_CONTEXT('2D SPACE',''
  ) );
#5329 = ORIENTED_EDGE('',*,*,#5330,.T.);
#5330 = EDGE_CURVE('',#5308,#5308,#5331,.T.);
#5331 = SURFACE_CURVE('',#5332,(#5337,#5344),.PCURVE_S1.);
#5332 = CIRCLE('',#5333,6.05);
#5333 = AXIS2_PLACEMENT_3D('',#5334,#5335,#5336);
#5334 = CARTESIAN_POINT('',(8.5,0.,0.));
#5335 = DIRECTION('',(-1.,0.,0.));
#5336 = DIRECTION('',(0.,1.,0.));
#5337 = PCURVE('',#5233,#5338);
#5338 = DEFINITIONAL_REPRESENTATION('',(#5339),#5343);
#5339 = LINE('',#5340,#5341);
#5340 = CARTESIAN_POINT('',(-6.28318530718,-9.5));
#5341 = VECTOR('',#5342,1.);
#5342 = DIRECTION('',(1.,-0.));
#5343 = ( GEOMETRIC_REPRESENTATION_CONTEXT(2) 
PARAMETRIC_REPRESENTATION_CONTEXT() REPRESENTATION_CONTEXT('2D SPACE',''
  ) );
#5344 = PCURVE('',#5345,#5350);
#5345 = PLANE('',#5346);
#5346 = AXIS2_PLACEMENT_3D('',#5347,#5348,#5349);
#5347 = CARTESIAN_POINT('',(8.5,-5.469760530158E-16,6.857365063158E-16)
  );
#5348 = DIRECTION('',(1.,0.,0.));
#5349 = DIRECTION('',(-0.,0.,1.));
#5350 = DEFINITIONAL_REPRESENTATION('',(#5351),#5359);
#5351 = ( BOUNDED_CURVE() B_SPLINE_CURVE(2,(#5352,#5353,#5354,#5355,
#5356,#5357,#5358),.UNSPECIFIED.,.T.,.F.) B_SPLINE_CURVE_WITH_KNOTS((1,2
    ,2,2,2,1),(-2.094395102393,0.,2.094395102393,4.188790204786,
6.28318530718,8.377580409573),.UNSPECIFIED.) CURVE() 
GEOMETRIC_REPRESENTATION_ITEM() RATIONAL_B_SPLINE_CURVE((1.,0.5,1.,0.5,
1.,0.5,1.)) REPRESENTATION_ITEM('') );
#5352 = CARTESIAN_POINT('',(-6.857365063158E-16,-6.05));
#5353 = CARTESIAN_POINT('',(-10.47890738579,-6.05));
#5354 = CARTESIAN_POINT('',(-5.239453692896,3.025));
#5355 = CARTESIAN_POINT('',(-2.167559133284E-15,12.1));
#5356 = CARTESIAN_POINT('',(5.239453692896,3.025));
#5357 = CARTESIAN_POINT('',(10.478907385792,-6.05));
#5358 = CARTESIAN_POINT('',(-6.857365063158E-16,-6.05));
#5359 = ( GEOMETRIC_REPRESENTATION_CONTEXT(2) 
PARAMETRIC_REPRESENTATION_CONTEXT() REPRESENTATION_CONTEXT('2D SPACE',''
  ) );
#5360 = ORIENTED_EDGE('',*,*,#5307,.T.);
#5361 = ORIENTED_EDGE('',*,*,#5212,.F.);
#5362 = ADVANCED_FACE('',(#5363,#5398),#5292,.T.);
#5363 = FACE_BOUND('',#5364,.T.);
#5364 = EDGE_LOOP('',(#5365));
#5365 = ORIENTED_EDGE('',*,*,#5366,.F.);
#5366 = EDGE_CURVE('',#5367,#5367,#5369,.T.);
#5367 = VERTEX_POINT('',#5368);
#5368 = CARTESIAN_POINT('',(4.,24.,0.));
#5369 = SURFACE_CURVE('',#5370,(#5375,#5386),.PCURVE_S1.);
#5370 = CIRCLE('',#5371,24.);
#5371 = AXIS2_PLACEMENT_3D('',#5372,#5373,#5374);
#5372 = CARTESIAN_POINT('',(4.,0.,0.));
#5373 = DIRECTION('',(-1.,0.,0.));
#5374 = DIRECTION('',(0.,1.,0.));
#5375 = PCURVE('',#5292,#5376);
#5376 = DEFINITIONAL_REPRESENTATION('',(#5377),#5385);
#5377 = ( BOUNDED_CURVE() B_SPLINE_CURVE(2,(#5378,#5379,#5380,#5381,
#5382,#5383,#5384),.UNSPECIFIED.,.T.,.F.) B_SPLINE_CURVE_WITH_KNOTS((1,2
    ,2,2,2,1),(-2.094395102393,0.,2.094395102393,4.188790204786,
6.28318530718,8.377580409573),.UNSPECIFIED.) CURVE() 
GEOMETRIC_REPRESENTATION_ITEM() RATIONAL_B_SPLINE_CURVE((1.,0.5,1.,0.5,
1.,0.5,1.)) REPRESENTATION_ITEM('') );
#5378 = CARTESIAN_POINT('',(-1.604946055186E-15,-24.));
#5379 = CARTESIAN_POINT('',(-41.56921938165,-24.));
#5380 = CARTESIAN_POINT('',(-20.78460969082,12.));
#5381 = CARTESIAN_POINT('',(-7.483250691094E-15,48.));
#5382 = CARTESIAN_POINT('',(20.784609690827,12.));
#5383 = CARTESIAN_POINT('',(41.569219381653,-24.));
#5384 = CARTESIAN_POINT('',(-1.604946055186E-15,-24.));
#5385 = ( GEOMETRIC_REPRESENTATION_CONTEXT(2) 
PARAMETRIC_REPRESENTATION_CONTEXT() REPRESENTATION_CONTEXT('2D SPACE',''
  ) );
#5386 = PCURVE('',#5387,#5392);
#5387 = CYLINDRICAL_SURFACE('',#5388,24.);
#5388 = AXIS2_PLACEMENT_3D('',#5389,#5390,#5391);
#5389 = CARTESIAN_POINT('',(0.,0.,0.));
#5390 = DIRECTION('',(-1.,-0.,-0.));
#5391 = DIRECTION('',(0.,1.,0.));
#5392 = DEFINITIONAL_REPRESENTATION('',(#5393),#5397);
#5393 = LINE('',#5394,#5395);
#5394 = CARTESIAN_POINT('',(-6.28318530718,-4.));
#5395 = VECTOR('',#5396,1.);
#5396 = DIRECTION('',(1.,-0.));
#5397 = ( GEOMETRIC_REPRESENTATION_CONTEXT(2) 
PARAMETRIC_REPRESENTATION_CONTEXT() REPRESENTATION_CONTEXT('2D SPACE',''
  ) );
#5398 = FACE_BOUND('',#5399,.T.);
#5399 = EDGE_LOOP('',(#5400));
#5400 = ORIENTED_EDGE('',*,*,#5277,.F.);
#5401 = ADVANCED_FACE('',(#5402,#5433),#5345,.F.);
#5402 = FACE_BOUND('',#5403,.F.);
#5403 = EDGE_LOOP('',(#5404));
#5404 = ORIENTED_EDGE('',*,*,#5405,.T.);
#5405 = EDGE_CURVE('',#5406,#5406,#5408,.T.);
#5406 = VERTEX_POINT('',#5407);
#5407 = CARTESIAN_POINT('',(8.5,10.,0.));
#5408 = SURFACE_CURVE('',#5409,(#5414,#5421),.PCURVE_S1.);
#5409 = CIRCLE('',#5410,10.);
#5410 = AXIS2_PLACEMENT_3D('',#5411,#5412,#5413);
#5411 = CARTESIAN_POINT('',(8.5,0.,0.));
#5412 = DIRECTION('',(1.,0.,0.));
#5413 = DIRECTION('',(0.,1.,0.));
#5414 = PCURVE('',#5345,#5415);
#5415 = DEFINITIONAL_REPRESENTATION('',(#5416),#5420);
#5416 = CIRCLE('',#5417,10.);
#5417 = AXIS2_PLACEMENT_2D('',#5418,#5419);
#5418 = CARTESIAN_POINT('',(-6.857365063158E-16,-5.469760530158E-16));
#5419 = DIRECTION('',(0.,-1.));
#5420 = ( GEOMETRIC_REPRESENTATION_CONTEXT(2) 
PARAMETRIC_REPRESENTATION_CONTEXT() REPRESENTATION_CONTEXT('2D SPACE',''
  ) );
#5421 = PCURVE('',#5422,#5427);
#5422 = CYLINDRICAL_SURFACE('',#5423,10.);
#5423 = AXIS2_PLACEMENT_3D('',#5424,#5425,#5426);
#5424 = CARTESIAN_POINT('',(3.,0.,0.));
#5425 = DIRECTION('',(-1.,-0.,-0.));
#5426 = DIRECTION('',(0.,1.,0.));
#5427 = DEFINITIONAL_REPRESENTATION('',(#5428),#5432);
#5428 = LINE('',#5429,#5430);
#5429 = CARTESIAN_POINT('',(-0.,-5.5));
#5430 = VECTOR('',#5431,1.);
#5431 = DIRECTION('',(-1.,0.));
#5432 = ( GEOMETRIC_REPRESENTATION_CONTEXT(2) 
PARAMETRIC_REPRESENTATION_CONTEXT() REPRESENTATION_CONTEXT('2D SPACE',''
  ) );
#5433 = FACE_BOUND('',#5434,.F.);
#5434 = EDGE_LOOP('',(#5435));
#5435 = ORIENTED_EDGE('',*,*,#5330,.T.);
#5436 = ADVANCED_FACE('',(#5437),#5387,.T.);
#5437 = FACE_BOUND('',#5438,.F.);
#5438 = EDGE_LOOP('',(#5439,#5468,#5489,#5490));
#5439 = ORIENTED_EDGE('',*,*,#5440,.F.);
#5440 = EDGE_CURVE('',#5441,#5441,#5443,.T.);
#5441 = VERTEX_POINT('',#5442);
#5442 = CARTESIAN_POINT('',(0.,24.,0.));
#5443 = SURFACE_CURVE('',#5444,(#5449,#5456),.PCURVE_S1.);
#5444 = CIRCLE('',#5445,24.);
#5445 = AXIS2_PLACEMENT_3D('',#5446,#5447,#5448);
#5446 = CARTESIAN_POINT('',(0.,0.,0.));
#5447 = DIRECTION('',(1.,0.,0.));
#5448 = DIRECTION('',(0.,1.,0.));
#5449 = PCURVE('',#5387,#5450);
#5450 = DEFINITIONAL_REPRESENTATION('',(#5451),#5455);
#5451 = LINE('',#5452,#5453);
#5452 = CARTESIAN_POINT('',(-0.,0.));
#5453 = VECTOR('',#5454,1.);
#5454 = DIRECTION('',(-1.,0.));
#5455 = ( GEOMETRIC_REPRESENTATION_CONTEXT(2) 
PARAMETRIC_REPRESENTATION_CONTEXT() REPRESENTATION_CONTEXT('2D SPACE',''
  ) );
#5456 = PCURVE('',#5457,#5462);
#5457 = PLANE('',#5458);
#5458 = AXIS2_PLACEMENT_3D('',#5459,#5460,#5461);
#5459 = CARTESIAN_POINT('',(0.,-1.367440132539E-15,-6.80906842916E-17));
#5460 = DIRECTION('',(1.,0.,0.));
#5461 = DIRECTION('',(-0.,0.,1.));
#5462 = DEFINITIONAL_REPRESENTATION('',(#5463),#5467);
#5463 = CIRCLE('',#5464,24.);
#5464 = AXIS2_PLACEMENT_2D('',#5465,#5466);
#5465 = CARTESIAN_POINT('',(6.80906842916E-17,-1.367440132539E-15));
#5466 = DIRECTION('',(0.,-1.));
#5467 = ( GEOMETRIC_REPRESENTATION_CONTEXT(2) 
PARAMETRIC_REPRESENTATION_CONTEXT() REPRESENTATION_CONTEXT('2D SPACE',''
  ) );
#5468 = ORIENTED_EDGE('',*,*,#5469,.T.);
#5469 = EDGE_CURVE('',#5441,#5367,#5470,.T.);
#5470 = SEAM_CURVE('',#5471,(#5475,#5482),.PCURVE_S1.);
#5471 = LINE('',#5472,#5473);
#5472 = CARTESIAN_POINT('',(0.,24.,0.));
#5473 = VECTOR('',#5474,1.);
#5474 = DIRECTION('',(1.,0.,0.));
#5475 = PCURVE('',#5387,#5476);
#5476 = DEFINITIONAL_REPRESENTATION('',(#5477),#5481);
#5477 = LINE('',#5478,#5479);
#5478 = CARTESIAN_POINT('',(-6.28318530718,0.));
#5479 = VECTOR('',#5480,1.);
#5480 = DIRECTION('',(-0.,-1.));
#5481 = ( GEOMETRIC_REPRESENTATION_CONTEXT(2) 
PARAMETRIC_REPRESENTATION_CONTEXT() REPRESENTATION_CONTEXT('2D SPACE',''
  ) );
#5482 = PCURVE('',#5387,#5483);
#5483 = DEFINITIONAL_REPRESENTATION('',(#5484),#5488);
#5484 = LINE('',#5485,#5486);
#5485 = CARTESIAN_POINT('',(-0.,0.));
#5486 = VECTOR('',#5487,1.);
#5487 = DIRECTION('',(-0.,-1.));
#5488 = ( GEOMETRIC_REPRESENTATION_CONTEXT(2) 
PARAMETRIC_REPRESENTATION_CONTEXT() REPRESENTATION_CONTEXT('2D SPACE',''
  ) );
#5489 = ORIENTED_EDGE('',*,*,#5366,.F.);
#5490 = ORIENTED_EDGE('',*,*,#5469,.F.);
#5491 = ADVANCED_FACE('',(#5492),#5422,.F.);
#5492 = FACE_BOUND('',#5493,.T.);
#5493 = EDGE_LOOP('',(#5494,#5517,#5518,#5519));
#5494 = ORIENTED_EDGE('',*,*,#5495,.T.);
#5495 = EDGE_CURVE('',#5496,#5406,#5498,.T.);
#5496 = VERTEX_POINT('',#5497);
#5497 = CARTESIAN_POINT('',(3.,10.,0.));
#5498 = SEAM_CURVE('',#5499,(#5503,#5510),.PCURVE_S1.);
#5499 = LINE('',#5500,#5501);
#5500 = CARTESIAN_POINT('',(3.,10.,0.));
#5501 = VECTOR('',#5502,1.);
#5502 = DIRECTION('',(1.,0.,0.));
#5503 = PCURVE('',#5422,#5504);
#5504 = DEFINITIONAL_REPRESENTATION('',(#5505),#5509);
#5505 = LINE('',#5506,#5507);
#5506 = CARTESIAN_POINT('',(-0.,0.));
#5507 = VECTOR('',#5508,1.);
#5508 = DIRECTION('',(-0.,-1.));
#5509 = ( GEOMETRIC_REPRESENTATION_CONTEXT(2) 
PARAMETRIC_REPRESENTATION_CONTEXT() REPRESENTATION_CONTEXT('2D SPACE',''
  ) );
#5510 = PCURVE('',#5422,#5511);
#5511 = DEFINITIONAL_REPRESENTATION('',(#5512),#5516);
#5512 = LINE('',#5513,#5514);
#5513 = CARTESIAN_POINT('',(-6.28318530718,0.));
#5514 = VECTOR('',#5515,1.);
#5515 = DIRECTION('',(-0.,-1.));
#5516 = ( GEOMETRIC_REPRESENTATION_CONTEXT(2) 
PARAMETRIC_REPRESENTATION_CONTEXT() REPRESENTATION_CONTEXT('2D SPACE',''
  ) );
#5517 = ORIENTED_EDGE('',*,*,#5405,.T.);
#5518 = ORIENTED_EDGE('',*,*,#5495,.F.);
#5519 = ORIENTED_EDGE('',*,*,#5520,.F.);
#5520 = EDGE_CURVE('',#5496,#5496,#5521,.T.);
#5521 = SURFACE_CURVE('',#5522,(#5527,#5534),.PCURVE_S1.);
#5522 = CIRCLE('',#5523,10.);
#5523 = AXIS2_PLACEMENT_3D('',#5524,#5525,#5526);
#5524 = CARTESIAN_POINT('',(3.,0.,0.));
#5525 = DIRECTION('',(1.,0.,0.));
#5526 = DIRECTION('',(0.,1.,0.));
#5527 = PCURVE('',#5422,#5528);
#5528 = DEFINITIONAL_REPRESENTATION('',(#5529),#5533);
#5529 = LINE('',#5530,#5531);
#5530 = CARTESIAN_POINT('',(-0.,0.));
#5531 = VECTOR('',#5532,1.);
#5532 = DIRECTION('',(-1.,0.));
#5533 = ( GEOMETRIC_REPRESENTATION_CONTEXT(2) 
PARAMETRIC_REPRESENTATION_CONTEXT() REPRESENTATION_CONTEXT('2D SPACE',''
  ) );
#5534 = PCURVE('',#5535,#5540);
#5535 = PLANE('',#5536);
#5536 = AXIS2_PLACEMENT_3D('',#5537,#5538,#5539);
#5537 = CARTESIAN_POINT('',(3.,-5.469760530158E-16,6.857365063158E-16));
#5538 = DIRECTION('',(1.,0.,0.));
#5539 = DIRECTION('',(-0.,0.,1.));
#5540 = DEFINITIONAL_REPRESENTATION('',(#5541),#5545);
#5541 = CIRCLE('',#5542,10.);
#5542 = AXIS2_PLACEMENT_2D('',#5543,#5544);
#5543 = CARTESIAN_POINT('',(-6.857365063158E-16,-5.469760530158E-16));
#5544 = DIRECTION('',(0.,-1.));
#5545 = ( GEOMETRIC_REPRESENTATION_CONTEXT(2) 
PARAMETRIC_REPRESENTATION_CONTEXT() REPRESENTATION_CONTEXT('2D SPACE',''
  ) );
#5546 = ADVANCED_FACE('',(#5547,#5550),#5457,.F.);
#5547 = FACE_BOUND('',#5548,.F.);
#5548 = EDGE_LOOP('',(#5549));
#5549 = ORIENTED_EDGE('',*,*,#5440,.T.);
#5550 = FACE_BOUND('',#5551,.F.);
#5551 = EDGE_LOOP('',(#5552));
#5552 = ORIENTED_EDGE('',*,*,#5553,.T.);
#5553 = EDGE_CURVE('',#5554,#5554,#5556,.T.);
#5554 = VERTEX_POINT('',#5555);
#5555 = CARTESIAN_POINT('',(0.,6.05,0.));
#5556 = SURFACE_CURVE('',#5557,(#5562,#5573),.PCURVE_S1.);
#5557 = CIRCLE('',#5558,6.05);
#5558 = AXIS2_PLACEMENT_3D('',#5559,#5560,#5561);
#5559 = CARTESIAN_POINT('',(0.,0.,0.));
#5560 = DIRECTION('',(-1.,0.,0.));
#5561 = DIRECTION('',(0.,1.,0.));
#5562 = PCURVE('',#5457,#5563);
#5563 = DEFINITIONAL_REPRESENTATION('',(#5564),#5572);
#5564 = ( BOUNDED_CURVE() B_SPLINE_CURVE(2,(#5565,#5566,#5567,#5568,
#5569,#5570,#5571),.UNSPECIFIED.,.T.,.F.) B_SPLINE_CURVE_WITH_KNOTS((1,2
    ,2,2,2,1),(-2.094395102393,0.,2.094395102393,4.188790204786,
6.28318530718,8.377580409573),.UNSPECIFIED.) CURVE() 
GEOMETRIC_REPRESENTATION_ITEM() RATIONAL_B_SPLINE_CURVE((1.,0.5,1.,0.5,
1.,0.5,1.)) REPRESENTATION_ITEM('') );
#5565 = CARTESIAN_POINT('',(6.80906842916E-17,-6.05));
#5566 = CARTESIAN_POINT('',(-10.47890738579,-6.05));
#5567 = CARTESIAN_POINT('',(-5.239453692896,3.025));
#5568 = CARTESIAN_POINT('',(-1.413731942677E-15,12.1));
#5569 = CARTESIAN_POINT('',(5.239453692896,3.025));
#5570 = CARTESIAN_POINT('',(10.478907385792,-6.05));
#5571 = CARTESIAN_POINT('',(6.80906842916E-17,-6.05));
#5572 = ( GEOMETRIC_REPRESENTATION_CONTEXT(2) 
PARAMETRIC_REPRESENTATION_CONTEXT() REPRESENTATION_CONTEXT('2D SPACE',''
  ) );
#5573 = PCURVE('',#5574,#5579);
#5574 = CYLINDRICAL_SURFACE('',#5575,6.05);
#5575 = AXIS2_PLACEMENT_3D('',#5576,#5577,#5578);
#5576 = CARTESIAN_POINT('',(-1.,0.,0.));
#5577 = DIRECTION('',(-1.,-0.,-0.));
#5578 = DIRECTION('',(0.,1.,0.));
#5579 = DEFINITIONAL_REPRESENTATION('',(#5580),#5584);
#5580 = LINE('',#5581,#5582);
#5581 = CARTESIAN_POINT('',(-6.28318530718,-1.));
#5582 = VECTOR('',#5583,1.);
#5583 = DIRECTION('',(1.,-0.));
#5584 = ( GEOMETRIC_REPRESENTATION_CONTEXT(2) 
PARAMETRIC_REPRESENTATION_CONTEXT() REPRESENTATION_CONTEXT('2D SPACE',''
  ) );
#5585 = ADVANCED_FACE('',(#5586,#5589),#5535,.T.);
#5586 = FACE_BOUND('',#5587,.T.);
#5587 = EDGE_LOOP('',(#5588));
#5588 = ORIENTED_EDGE('',*,*,#5520,.T.);
#5589 = FACE_BOUND('',#5590,.T.);
#5590 = EDGE_LOOP('',(#5591));
#5591 = ORIENTED_EDGE('',*,*,#5592,.T.);
#5592 = EDGE_CURVE('',#5593,#5593,#5595,.T.);
#5593 = VERTEX_POINT('',#5594);
#5594 = CARTESIAN_POINT('',(3.,6.05,0.));
#5595 = SURFACE_CURVE('',#5596,(#5601,#5612),.PCURVE_S1.);
#5596 = CIRCLE('',#5597,6.05);
#5597 = AXIS2_PLACEMENT_3D('',#5598,#5599,#5600);
#5598 = CARTESIAN_POINT('',(3.,0.,0.));
#5599 = DIRECTION('',(-1.,0.,0.));
#5600 = DIRECTION('',(0.,1.,0.));
#5601 = PCURVE('',#5535,#5602);
#5602 = DEFINITIONAL_REPRESENTATION('',(#5603),#5611);
#5603 = ( BOUNDED_CURVE() B_SPLINE_CURVE(2,(#5604,#5605,#5606,#5607,
#5608,#5609,#5610),.UNSPECIFIED.,.T.,.F.) B_SPLINE_CURVE_WITH_KNOTS((1,2
    ,2,2,2,1),(-2.094395102393,0.,2.094395102393,4.188790204786,
6.28318530718,8.377580409573),.UNSPECIFIED.) CURVE() 
GEOMETRIC_REPRESENTATION_ITEM() RATIONAL_B_SPLINE_CURVE((1.,0.5,1.,0.5,
1.,0.5,1.)) REPRESENTATION_ITEM('') );
#5604 = CARTESIAN_POINT('',(-6.857365063158E-16,-6.05));
#5605 = CARTESIAN_POINT('',(-10.47890738579,-6.05));
#5606 = CARTESIAN_POINT('',(-5.239453692896,3.025));
#5607 = CARTESIAN_POINT('',(-2.167559133284E-15,12.1));
#5608 = CARTESIAN_POINT('',(5.239453692896,3.025));
#5609 = CARTESIAN_POINT('',(10.478907385792,-6.05));
#5610 = CARTESIAN_POINT('',(-6.857365063158E-16,-6.05));
#5611 = ( GEOMETRIC_REPRESENTATION_CONTEXT(2) 
PARAMETRIC_REPRESENTATION_CONTEXT() REPRESENTATION_CONTEXT('2D SPACE',''
  ) );
#5612 = PCURVE('',#5574,#5613);
#5613 = DEFINITIONAL_REPRESENTATION('',(#5614),#5618);
#5614 = LINE('',#5615,#5616);
#5615 = CARTESIAN_POINT('',(-6.28318530718,-4.));
#5616 = VECTOR('',#5617,1.);
#5617 = DIRECTION('',(1.,-0.));
#5618 = ( GEOMETRIC_REPRESENTATION_CONTEXT(2) 
PARAMETRIC_REPRESENTATION_CONTEXT() REPRESENTATION_CONTEXT('2D SPACE',''
  ) );
#5619 = ADVANCED_FACE('',(#5620),#5574,.F.);
#5620 = FACE_BOUND('',#5621,.T.);
#5621 = EDGE_LOOP('',(#5622,#5643,#5644,#5645));
#5622 = ORIENTED_EDGE('',*,*,#5623,.F.);
#5623 = EDGE_CURVE('',#5554,#5593,#5624,.T.);
#5624 = SEAM_CURVE('',#5625,(#5629,#5636),.PCURVE_S1.);
#5625 = LINE('',#5626,#5627);
#5626 = CARTESIAN_POINT('',(-1.,6.05,0.));
#5627 = VECTOR('',#5628,1.);
#5628 = DIRECTION('',(1.,0.,0.));
#5629 = PCURVE('',#5574,#5630);
#5630 = DEFINITIONAL_REPRESENTATION('',(#5631),#5635);
#5631 = LINE('',#5632,#5633);
#5632 = CARTESIAN_POINT('',(-6.28318530718,0.));
#5633 = VECTOR('',#5634,1.);
#5634 = DIRECTION('',(-0.,-1.));
#5635 = ( GEOMETRIC_REPRESENTATION_CONTEXT(2) 
PARAMETRIC_REPRESENTATION_CONTEXT() REPRESENTATION_CONTEXT('2D SPACE',''
  ) );
#5636 = PCURVE('',#5574,#5637);
#5637 = DEFINITIONAL_REPRESENTATION('',(#5638),#5642);
#5638 = LINE('',#5639,#5640);
#5639 = CARTESIAN_POINT('',(-0.,0.));
#5640 = VECTOR('',#5641,1.);
#5641 = DIRECTION('',(-0.,-1.));
#5642 = ( GEOMETRIC_REPRESENTATION_CONTEXT(2) 
PARAMETRIC_REPRESENTATION_CONTEXT() REPRESENTATION_CONTEXT('2D SPACE',''
  ) );
#5643 = ORIENTED_EDGE('',*,*,#5553,.T.);
#5644 = ORIENTED_EDGE('',*,*,#5623,.T.);
#5645 = ORIENTED_EDGE('',*,*,#5592,.F.);
#5646 = ( GEOMETRIC_REPRESENTATION_CONTEXT(3) 
GLOBAL_UNCERTAINTY_ASSIGNED_CONTEXT((#5650)) 
GLOBAL_UNIT_ASSIGNED_CONTEXT((#5647,#5648,#5649)) REPRESENTATION_CONTEXT
('Context #1','3D Context with UNIT and UNCERTAINTY') );
#5647 = ( LENGTH_UNIT() NAMED_UNIT(*) SI_UNIT(.MILLI.,.METRE.) );
#5648 = ( NAMED_UNIT(*) PLANE_ANGLE_UNIT() SI_UNIT($,.RADIAN.) );
#5649 = ( NAMED_UNIT(*) SI_UNIT($,.STERADIAN.) SOLID_ANGLE_UNIT() );
#5650 = UNCERTAINTY_MEASURE_WITH_UNIT(LENGTH_MEASURE(1.E-07),#5647,
  'distance_accuracy_value','confusion accuracy');
#5651 = CONTEXT_DEPENDENT_SHAPE_REPRESENTATION(#5652,#5654);
#5652 = ( REPRESENTATION_RELATIONSHIP('','',#4711,#10) 
REPRESENTATION_RELATIONSHIP_WITH_TRANSFORMATION(#5653) 
SHAPE_REPRESENTATION_RELATIONSHIP() );
#5653 = ITEM_DEFINED_TRANSFORMATION('','',#11,#23);
#5654 = PRODUCT_DEFINITION_SHAPE('Placement','Placement of an item',
  #5655);
#5655 = NEXT_ASSEMBLY_USAGE_OCCURRENCE('3','tapa_izq','',#5,#4706,$);
#5656 = PRODUCT_RELATED_PRODUCT_CATEGORY('part',$,(#4708));
#5657 = SHAPE_DEFINITION_REPRESENTATION(#5658,#5664);
#5658 = PRODUCT_DEFINITION_SHAPE('','',#5659);
#5659 = PRODUCT_DEFINITION('design','',#5660,#5663);
#5660 = PRODUCT_DEFINITION_FORMATION('','',#5661);
#5661 = PRODUCT('piston','piston','',(#5662));
#5662 = PRODUCT_CONTEXT('',#2,'mechanical');
#5663 = PRODUCT_DEFINITION_CONTEXT('part definition',#2,'design');
#5664 = ADVANCED_BREP_SHAPE_REPRESENTATION('',(#11,#5665),#6043);
#5665 = MANIFOLD_SOLID_BREP('',#5666);
#5666 = CLOSED_SHELL('',(#5667,#5759,#5798,#5833,#5892,#5947,#5982,#6016
    ));
#5667 = ADVANCED_FACE('',(#5668),#5681,.T.);
#5668 = FACE_BOUND('',#5669,.F.);
#5669 = EDGE_LOOP('',(#5670,#5704,#5727,#5758));
#5670 = ORIENTED_EDGE('',*,*,#5671,.F.);
#5671 = EDGE_CURVE('',#5672,#5672,#5674,.T.);
#5672 = VERTEX_POINT('',#5673);
#5673 = CARTESIAN_POINT('',(-8.,12.45,0.));
#5674 = SURFACE_CURVE('',#5675,(#5680,#5692),.PCURVE_S1.);
#5675 = CIRCLE('',#5676,12.45);
#5676 = AXIS2_PLACEMENT_3D('',#5677,#5678,#5679);
#5677 = CARTESIAN_POINT('',(-8.,0.,0.));
#5678 = DIRECTION('',(1.,0.,0.));
#5679 = DIRECTION('',(0.,1.,0.));
#5680 = PCURVE('',#5681,#5686);
#5681 = CYLINDRICAL_SURFACE('',#5682,12.45);
#5682 = AXIS2_PLACEMENT_3D('',#5683,#5684,#5685);
#5683 = CARTESIAN_POINT('',(-8.,0.,0.));
#5684 = DIRECTION('',(-1.,-0.,-0.));
#5685 = DIRECTION('',(0.,1.,0.));
#5686 = DEFINITIONAL_REPRESENTATION('',(#5687),#5691);
#5687 = LINE('',#5688,#5689);
#5688 = CARTESIAN_POINT('',(-0.,0.));
#5689 = VECTOR('',#5690,1.);
#5690 = DIRECTION('',(-1.,0.));
#5691 = ( GEOMETRIC_REPRESENTATION_CONTEXT(2) 
PARAMETRIC_REPRESENTATION_CONTEXT() REPRESENTATION_CONTEXT('2D SPACE',''
  ) );
#5692 = PCURVE('',#5693,#5698);
#5693 = PLANE('',#5694);
#5694 = AXIS2_PLACEMENT_3D('',#5695,#5696,#5697);
#5695 = CARTESIAN_POINT('',(-8.,-4.393381951934E-16,8.09786163934E-16));
#5696 = DIRECTION('',(1.,0.,0.));
#5697 = DIRECTION('',(-0.,0.,1.));
#5698 = DEFINITIONAL_REPRESENTATION('',(#5699),#5703);
#5699 = CIRCLE('',#5700,12.45);
#5700 = AXIS2_PLACEMENT_2D('',#5701,#5702);
#5701 = CARTESIAN_POINT('',(-8.09786163934E-16,-4.393381951934E-16));
#5702 = DIRECTION('',(0.,-1.));
#5703 = ( GEOMETRIC_REPRESENTATION_CONTEXT(2) 
PARAMETRIC_REPRESENTATION_CONTEXT() REPRESENTATION_CONTEXT('2D SPACE',''
  ) );
#5704 = ORIENTED_EDGE('',*,*,#5705,.T.);
#5705 = EDGE_CURVE('',#5672,#5706,#5708,.T.);
#5706 = VERTEX_POINT('',#5707);
#5707 = CARTESIAN_POINT('',(-2.25,12.45,0.));
#5708 = SEAM_CURVE('',#5709,(#5713,#5720),.PCURVE_S1.);
#5709 = LINE('',#5710,#5711);
#5710 = CARTESIAN_POINT('',(-8.,12.45,0.));
#5711 = VECTOR('',#5712,1.);
#5712 = DIRECTION('',(1.,0.,0.));
#5713 = PCURVE('',#5681,#5714);
#5714 = DEFINITIONAL_REPRESENTATION('',(#5715),#5719);
#5715 = LINE('',#5716,#5717);
#5716 = CARTESIAN_POINT('',(-6.28318530718,0.));
#5717 = VECTOR('',#5718,1.);
#5718 = DIRECTION('',(-0.,-1.));
#5719 = ( GEOMETRIC_REPRESENTATION_CONTEXT(2) 
PARAMETRIC_REPRESENTATION_CONTEXT() REPRESENTATION_CONTEXT('2D SPACE',''
  ) );
#5720 = PCURVE('',#5681,#5721);
#5721 = DEFINITIONAL_REPRESENTATION('',(#5722),#5726);
#5722 = LINE('',#5723,#5724);
#5723 = CARTESIAN_POINT('',(-0.,0.));
#5724 = VECTOR('',#5725,1.);
#5725 = DIRECTION('',(-0.,-1.));
#5726 = ( GEOMETRIC_REPRESENTATION_CONTEXT(2) 
PARAMETRIC_REPRESENTATION_CONTEXT() REPRESENTATION_CONTEXT('2D SPACE',''
  ) );
#5727 = ORIENTED_EDGE('',*,*,#5728,.F.);
#5728 = EDGE_CURVE('',#5706,#5706,#5729,.T.);
#5729 = SURFACE_CURVE('',#5730,(#5735,#5742),.PCURVE_S1.);
#5730 = CIRCLE('',#5731,12.45);
#5731 = AXIS2_PLACEMENT_3D('',#5732,#5733,#5734);
#5732 = CARTESIAN_POINT('',(-2.25,0.,0.));
#5733 = DIRECTION('',(-1.,0.,0.));
#5734 = DIRECTION('',(0.,1.,0.));
#5735 = PCURVE('',#5681,#5736);
#5736 = DEFINITIONAL_REPRESENTATION('',(#5737),#5741);
#5737 = LINE('',#5738,#5739);
#5738 = CARTESIAN_POINT('',(-6.28318530718,-5.75));
#5739 = VECTOR('',#5740,1.);
#5740 = DIRECTION('',(1.,-0.));
#5741 = ( GEOMETRIC_REPRESENTATION_CONTEXT(2) 
PARAMETRIC_REPRESENTATION_CONTEXT() REPRESENTATION_CONTEXT('2D SPACE',''
  ) );
#5742 = PCURVE('',#5743,#5748);
#5743 = PLANE('',#5744);
#5744 = AXIS2_PLACEMENT_3D('',#5745,#5746,#5747);
#5745 = CARTESIAN_POINT('',(-2.25,-1.215502340035E-15,
    -5.510910596163E-16));
#5746 = DIRECTION('',(1.,0.,0.));
#5747 = DIRECTION('',(-0.,0.,1.));
#5748 = DEFINITIONAL_REPRESENTATION('',(#5749),#5757);
#5749 = ( BOUNDED_CURVE() B_SPLINE_CURVE(2,(#5750,#5751,#5752,#5753,
#5754,#5755,#5756),.UNSPECIFIED.,.T.,.F.) B_SPLINE_CURVE_WITH_KNOTS((1,2
    ,2,2,2,1),(-2.094395102393,0.,2.094395102393,4.188790204786,
6.28318530718,8.377580409573),.UNSPECIFIED.) CURVE() 
GEOMETRIC_REPRESENTATION_ITEM() RATIONAL_B_SPLINE_CURVE((1.,0.5,1.,0.5,
1.,0.5,1.)) REPRESENTATION_ITEM('') );
#5750 = CARTESIAN_POINT('',(5.510910596163E-16,-12.45));
#5751 = CARTESIAN_POINT('',(-21.56403255423,-12.45));
#5752 = CARTESIAN_POINT('',(-10.78201627711,6.225));
#5753 = CARTESIAN_POINT('',(-2.498279470261E-15,24.9));
#5754 = CARTESIAN_POINT('',(10.782016277116,6.225));
#5755 = CARTESIAN_POINT('',(21.564032554233,-12.45));
#5756 = CARTESIAN_POINT('',(5.510910596163E-16,-12.45));
#5757 = ( GEOMETRIC_REPRESENTATION_CONTEXT(2) 
PARAMETRIC_REPRESENTATION_CONTEXT() REPRESENTATION_CONTEXT('2D SPACE',''
  ) );
#5758 = ORIENTED_EDGE('',*,*,#5705,.F.);
#5759 = ADVANCED_FACE('',(#5760,#5763),#5693,.F.);
#5760 = FACE_BOUND('',#5761,.F.);
#5761 = EDGE_LOOP('',(#5762));
#5762 = ORIENTED_EDGE('',*,*,#5671,.T.);
#5763 = FACE_BOUND('',#5764,.F.);
#5764 = EDGE_LOOP('',(#5765));
#5765 = ORIENTED_EDGE('',*,*,#5766,.T.);
#5766 = EDGE_CURVE('',#5767,#5767,#5769,.T.);
#5767 = VERTEX_POINT('',#5768);
#5768 = CARTESIAN_POINT('',(-8.,6.025,0.));
#5769 = SURFACE_CURVE('',#5770,(#5775,#5786),.PCURVE_S1.);
#5770 = CIRCLE('',#5771,6.025);
#5771 = AXIS2_PLACEMENT_3D('',#5772,#5773,#5774);
#5772 = CARTESIAN_POINT('',(-8.,0.,0.));
#5773 = DIRECTION('',(-1.,0.,0.));
#5774 = DIRECTION('',(0.,1.,0.));
#5775 = PCURVE('',#5693,#5776);
#5776 = DEFINITIONAL_REPRESENTATION('',(#5777),#5785);
#5777 = ( BOUNDED_CURVE() B_SPLINE_CURVE(2,(#5778,#5779,#5780,#5781,
#5782,#5783,#5784),.UNSPECIFIED.,.T.,.F.) B_SPLINE_CURVE_WITH_KNOTS((1,2
    ,2,2,2,1),(-2.094395102393,0.,2.094395102393,4.188790204786,
6.28318530718,8.377580409573),.UNSPECIFIED.) CURVE() 
GEOMETRIC_REPRESENTATION_ITEM() RATIONAL_B_SPLINE_CURVE((1.,0.5,1.,0.5,
1.,0.5,1.)) REPRESENTATION_ITEM('') );
#5778 = CARTESIAN_POINT('',(-8.09786163934E-16,-6.025));
#5779 = CARTESIAN_POINT('',(-10.4356061156,-6.025));
#5780 = CARTESIAN_POINT('',(-5.217803057801,3.0125));
#5781 = CARTESIAN_POINT('',(-2.285485556907E-15,12.05));
#5782 = CARTESIAN_POINT('',(5.217803057801,3.0125));
#5783 = CARTESIAN_POINT('',(10.435606115602,-6.025));
#5784 = CARTESIAN_POINT('',(-8.09786163934E-16,-6.025));
#5785 = ( GEOMETRIC_REPRESENTATION_CONTEXT(2) 
PARAMETRIC_REPRESENTATION_CONTEXT() REPRESENTATION_CONTEXT('2D SPACE',''
  ) );
#5786 = PCURVE('',#5787,#5792);
#5787 = CYLINDRICAL_SURFACE('',#5788,6.025);
#5788 = AXIS2_PLACEMENT_3D('',#5789,#5790,#5791);
#5789 = CARTESIAN_POINT('',(-9.,0.,0.));
#5790 = DIRECTION('',(-1.,-0.,-0.));
#5791 = DIRECTION('',(0.,1.,0.));
#5792 = DEFINITIONAL_REPRESENTATION('',(#5793),#5797);
#5793 = LINE('',#5794,#5795);
#5794 = CARTESIAN_POINT('',(-6.28318530718,-1.));
#5795 = VECTOR('',#5796,1.);
#5796 = DIRECTION('',(1.,-0.));
#5797 = ( GEOMETRIC_REPRESENTATION_CONTEXT(2) 
PARAMETRIC_REPRESENTATION_CONTEXT() REPRESENTATION_CONTEXT('2D SPACE',''
  ) );
#5798 = ADVANCED_FACE('',(#5799,#5802),#5743,.T.);
#5799 = FACE_BOUND('',#5800,.T.);
#5800 = EDGE_LOOP('',(#5801));
#5801 = ORIENTED_EDGE('',*,*,#5728,.F.);
#5802 = FACE_BOUND('',#5803,.T.);
#5803 = EDGE_LOOP('',(#5804));
#5804 = ORIENTED_EDGE('',*,*,#5805,.F.);
#5805 = EDGE_CURVE('',#5806,#5806,#5808,.T.);
#5806 = VERTEX_POINT('',#5807);
#5807 = CARTESIAN_POINT('',(-2.25,8.5,0.));
#5808 = SURFACE_CURVE('',#5809,(#5814,#5821),.PCURVE_S1.);
#5809 = CIRCLE('',#5810,8.5);
#5810 = AXIS2_PLACEMENT_3D('',#5811,#5812,#5813);
#5811 = CARTESIAN_POINT('',(-2.25,0.,0.));
#5812 = DIRECTION('',(1.,0.,0.));
#5813 = DIRECTION('',(0.,1.,0.));
#5814 = PCURVE('',#5743,#5815);
#5815 = DEFINITIONAL_REPRESENTATION('',(#5816),#5820);
#5816 = CIRCLE('',#5817,8.5);
#5817 = AXIS2_PLACEMENT_2D('',#5818,#5819);
#5818 = CARTESIAN_POINT('',(5.510910596163E-16,-1.215502340035E-15));
#5819 = DIRECTION('',(0.,-1.));
#5820 = ( GEOMETRIC_REPRESENTATION_CONTEXT(2) 
PARAMETRIC_REPRESENTATION_CONTEXT() REPRESENTATION_CONTEXT('2D SPACE',''
  ) );
#5821 = PCURVE('',#5822,#5827);
#5822 = CYLINDRICAL_SURFACE('',#5823,8.5);
#5823 = AXIS2_PLACEMENT_3D('',#5824,#5825,#5826);
#5824 = CARTESIAN_POINT('',(-2.25,0.,0.));
#5825 = DIRECTION('',(-1.,-0.,-0.));
#5826 = DIRECTION('',(0.,1.,0.));
#5827 = DEFINITIONAL_REPRESENTATION('',(#5828),#5832);
#5828 = LINE('',#5829,#5830);
#5829 = CARTESIAN_POINT('',(-0.,0.));
#5830 = VECTOR('',#5831,1.);
#5831 = DIRECTION('',(-1.,0.));
#5832 = ( GEOMETRIC_REPRESENTATION_CONTEXT(2) 
PARAMETRIC_REPRESENTATION_CONTEXT() REPRESENTATION_CONTEXT('2D SPACE',''
  ) );
#5833 = ADVANCED_FACE('',(#5834),#5787,.F.);
#5834 = FACE_BOUND('',#5835,.T.);
#5835 = EDGE_LOOP('',(#5836,#5837,#5860,#5891));
#5836 = ORIENTED_EDGE('',*,*,#5766,.T.);
#5837 = ORIENTED_EDGE('',*,*,#5838,.T.);
#5838 = EDGE_CURVE('',#5767,#5839,#5841,.T.);
#5839 = VERTEX_POINT('',#5840);
#5840 = CARTESIAN_POINT('',(8.,6.025,0.));
#5841 = SEAM_CURVE('',#5842,(#5846,#5853),.PCURVE_S1.);
#5842 = LINE('',#5843,#5844);
#5843 = CARTESIAN_POINT('',(-9.,6.025,0.));
#5844 = VECTOR('',#5845,1.);
#5845 = DIRECTION('',(1.,0.,0.));
#5846 = PCURVE('',#5787,#5847);
#5847 = DEFINITIONAL_REPRESENTATION('',(#5848),#5852);
#5848 = LINE('',#5849,#5850);
#5849 = CARTESIAN_POINT('',(-6.28318530718,0.));
#5850 = VECTOR('',#5851,1.);
#5851 = DIRECTION('',(-0.,-1.));
#5852 = ( GEOMETRIC_REPRESENTATION_CONTEXT(2) 
PARAMETRIC_REPRESENTATION_CONTEXT() REPRESENTATION_CONTEXT('2D SPACE',''
  ) );
#5853 = PCURVE('',#5787,#5854);
#5854 = DEFINITIONAL_REPRESENTATION('',(#5855),#5859);
#5855 = LINE('',#5856,#5857);
#5856 = CARTESIAN_POINT('',(-0.,0.));
#5857 = VECTOR('',#5858,1.);
#5858 = DIRECTION('',(-0.,-1.));
#5859 = ( GEOMETRIC_REPRESENTATION_CONTEXT(2) 
PARAMETRIC_REPRESENTATION_CONTEXT() REPRESENTATION_CONTEXT('2D SPACE',''
  ) );
#5860 = ORIENTED_EDGE('',*,*,#5861,.F.);
#5861 = EDGE_CURVE('',#5839,#5839,#5862,.T.);
#5862 = SURFACE_CURVE('',#5863,(#5868,#5875),.PCURVE_S1.);
#5863 = CIRCLE('',#5864,6.025);
#5864 = AXIS2_PLACEMENT_3D('',#5865,#5866,#5867);
#5865 = CARTESIAN_POINT('',(8.,0.,0.));
#5866 = DIRECTION('',(-1.,0.,0.));
#5867 = DIRECTION('',(0.,1.,0.));
#5868 = PCURVE('',#5787,#5869);
#5869 = DEFINITIONAL_REPRESENTATION('',(#5870),#5874);
#5870 = LINE('',#5871,#5872);
#5871 = CARTESIAN_POINT('',(-6.28318530718,-17.));
#5872 = VECTOR('',#5873,1.);
#5873 = DIRECTION('',(1.,-0.));
#5874 = ( GEOMETRIC_REPRESENTATION_CONTEXT(2) 
PARAMETRIC_REPRESENTATION_CONTEXT() REPRESENTATION_CONTEXT('2D SPACE',''
  ) );
#5875 = PCURVE('',#5876,#5881);
#5876 = PLANE('',#5877);
#5877 = AXIS2_PLACEMENT_3D('',#5878,#5879,#5880);
#5878 = CARTESIAN_POINT('',(8.,-4.393381951934E-16,8.09786163934E-16));
#5879 = DIRECTION('',(1.,0.,0.));
#5880 = DIRECTION('',(-0.,0.,1.));
#5881 = DEFINITIONAL_REPRESENTATION('',(#5882),#5890);
#5882 = ( BOUNDED_CURVE() B_SPLINE_CURVE(2,(#5883,#5884,#5885,#5886,
#5887,#5888,#5889),.UNSPECIFIED.,.T.,.F.) B_SPLINE_CURVE_WITH_KNOTS((1,2
    ,2,2,2,1),(-2.094395102393,0.,2.094395102393,4.188790204786,
6.28318530718,8.377580409573),.UNSPECIFIED.) CURVE() 
GEOMETRIC_REPRESENTATION_ITEM() RATIONAL_B_SPLINE_CURVE((1.,0.5,1.,0.5,
1.,0.5,1.)) REPRESENTATION_ITEM('') );
#5883 = CARTESIAN_POINT('',(-8.09786163934E-16,-6.025));
#5884 = CARTESIAN_POINT('',(-10.4356061156,-6.025));
#5885 = CARTESIAN_POINT('',(-5.217803057801,3.0125));
#5886 = CARTESIAN_POINT('',(-2.285485556907E-15,12.05));
#5887 = CARTESIAN_POINT('',(5.217803057801,3.0125));
#5888 = CARTESIAN_POINT('',(10.435606115602,-6.025));
#5889 = CARTESIAN_POINT('',(-8.09786163934E-16,-6.025));
#5890 = ( GEOMETRIC_REPRESENTATION_CONTEXT(2) 
PARAMETRIC_REPRESENTATION_CONTEXT() REPRESENTATION_CONTEXT('2D SPACE',''
  ) );
#5891 = ORIENTED_EDGE('',*,*,#5838,.F.);
#5892 = ADVANCED_FACE('',(#5893),#5822,.T.);
#5893 = FACE_BOUND('',#5894,.F.);
#5894 = EDGE_LOOP('',(#5895,#5918,#5945,#5946));
#5895 = ORIENTED_EDGE('',*,*,#5896,.T.);
#5896 = EDGE_CURVE('',#5806,#5897,#5899,.T.);
#5897 = VERTEX_POINT('',#5898);
#5898 = CARTESIAN_POINT('',(2.25,8.5,0.));
#5899 = SEAM_CURVE('',#5900,(#5904,#5911),.PCURVE_S1.);
#5900 = LINE('',#5901,#5902);
#5901 = CARTESIAN_POINT('',(-2.25,8.5,0.));
#5902 = VECTOR('',#5903,1.);
#5903 = DIRECTION('',(1.,0.,0.));
#5904 = PCURVE('',#5822,#5905);
#5905 = DEFINITIONAL_REPRESENTATION('',(#5906),#5910);
#5906 = LINE('',#5907,#5908);
#5907 = CARTESIAN_POINT('',(-0.,0.));
#5908 = VECTOR('',#5909,1.);
#5909 = DIRECTION('',(-0.,-1.));
#5910 = ( GEOMETRIC_REPRESENTATION_CONTEXT(2) 
PARAMETRIC_REPRESENTATION_CONTEXT() REPRESENTATION_CONTEXT('2D SPACE',''
  ) );
#5911 = PCURVE('',#5822,#5912);
#5912 = DEFINITIONAL_REPRESENTATION('',(#5913),#5917);
#5913 = LINE('',#5914,#5915);
#5914 = CARTESIAN_POINT('',(-6.28318530718,0.));
#5915 = VECTOR('',#5916,1.);
#5916 = DIRECTION('',(-0.,-1.));
#5917 = ( GEOMETRIC_REPRESENTATION_CONTEXT(2) 
PARAMETRIC_REPRESENTATION_CONTEXT() REPRESENTATION_CONTEXT('2D SPACE',''
  ) );
#5918 = ORIENTED_EDGE('',*,*,#5919,.T.);
#5919 = EDGE_CURVE('',#5897,#5897,#5920,.T.);
#5920 = SURFACE_CURVE('',#5921,(#5926,#5933),.PCURVE_S1.);
#5921 = CIRCLE('',#5922,8.5);
#5922 = AXIS2_PLACEMENT_3D('',#5923,#5924,#5925);
#5923 = CARTESIAN_POINT('',(2.25,0.,0.));
#5924 = DIRECTION('',(1.,0.,0.));
#5925 = DIRECTION('',(0.,1.,0.));
#5926 = PCURVE('',#5822,#5927);
#5927 = DEFINITIONAL_REPRESENTATION('',(#5928),#5932);
#5928 = LINE('',#5929,#5930);
#5929 = CARTESIAN_POINT('',(-0.,-4.5));
#5930 = VECTOR('',#5931,1.);
#5931 = DIRECTION('',(-1.,0.));
#5932 = ( GEOMETRIC_REPRESENTATION_CONTEXT(2) 
PARAMETRIC_REPRESENTATION_CONTEXT() REPRESENTATION_CONTEXT('2D SPACE',''
  ) );
#5933 = PCURVE('',#5934,#5939);
#5934 = PLANE('',#5935);
#5935 = AXIS2_PLACEMENT_3D('',#5936,#5937,#5938);
#5936 = CARTESIAN_POINT('',(2.25,-1.215502340035E-15,-5.510910596163E-16
    ));
#5937 = DIRECTION('',(1.,0.,0.));
#5938 = DIRECTION('',(-0.,0.,1.));
#5939 = DEFINITIONAL_REPRESENTATION('',(#5940),#5944);
#5940 = CIRCLE('',#5941,8.5);
#5941 = AXIS2_PLACEMENT_2D('',#5942,#5943);
#5942 = CARTESIAN_POINT('',(5.510910596163E-16,-1.215502340035E-15));
#5943 = DIRECTION('',(0.,-1.));
#5944 = ( GEOMETRIC_REPRESENTATION_CONTEXT(2) 
PARAMETRIC_REPRESENTATION_CONTEXT() REPRESENTATION_CONTEXT('2D SPACE',''
  ) );
#5945 = ORIENTED_EDGE('',*,*,#5896,.F.);
#5946 = ORIENTED_EDGE('',*,*,#5805,.F.);
#5947 = ADVANCED_FACE('',(#5948,#5979),#5876,.T.);
#5948 = FACE_BOUND('',#5949,.T.);
#5949 = EDGE_LOOP('',(#5950));
#5950 = ORIENTED_EDGE('',*,*,#5951,.T.);
#5951 = EDGE_CURVE('',#5952,#5952,#5954,.T.);
#5952 = VERTEX_POINT('',#5953);
#5953 = CARTESIAN_POINT('',(8.,12.45,0.));
#5954 = SURFACE_CURVE('',#5955,(#5960,#5967),.PCURVE_S1.);
#5955 = CIRCLE('',#5956,12.45);
#5956 = AXIS2_PLACEMENT_3D('',#5957,#5958,#5959);
#5957 = CARTESIAN_POINT('',(8.,0.,0.));
#5958 = DIRECTION('',(1.,0.,0.));
#5959 = DIRECTION('',(0.,1.,0.));
#5960 = PCURVE('',#5876,#5961);
#5961 = DEFINITIONAL_REPRESENTATION('',(#5962),#5966);
#5962 = CIRCLE('',#5963,12.45);
#5963 = AXIS2_PLACEMENT_2D('',#5964,#5965);
#5964 = CARTESIAN_POINT('',(-8.09786163934E-16,-4.393381951934E-16));
#5965 = DIRECTION('',(0.,-1.));
#5966 = ( GEOMETRIC_REPRESENTATION_CONTEXT(2) 
PARAMETRIC_REPRESENTATION_CONTEXT() REPRESENTATION_CONTEXT('2D SPACE',''
  ) );
#5967 = PCURVE('',#5968,#5973);
#5968 = CYLINDRICAL_SURFACE('',#5969,12.45);
#5969 = AXIS2_PLACEMENT_3D('',#5970,#5971,#5972);
#5970 = CARTESIAN_POINT('',(-8.,0.,0.));
#5971 = DIRECTION('',(-1.,-0.,-0.));
#5972 = DIRECTION('',(0.,1.,0.));
#5973 = DEFINITIONAL_REPRESENTATION('',(#5974),#5978);
#5974 = LINE('',#5975,#5976);
#5975 = CARTESIAN_POINT('',(-0.,-16.));
#5976 = VECTOR('',#5977,1.);
#5977 = DIRECTION('',(-1.,0.));
#5978 = ( GEOMETRIC_REPRESENTATION_CONTEXT(2) 
PARAMETRIC_REPRESENTATION_CONTEXT() REPRESENTATION_CONTEXT('2D SPACE',''
  ) );
#5979 = FACE_BOUND('',#5980,.T.);
#5980 = EDGE_LOOP('',(#5981));
#5981 = ORIENTED_EDGE('',*,*,#5861,.T.);
#5982 = ADVANCED_FACE('',(#5983,#6013),#5934,.F.);
#5983 = FACE_BOUND('',#5984,.F.);
#5984 = EDGE_LOOP('',(#5985));
#5985 = ORIENTED_EDGE('',*,*,#5986,.F.);
#5986 = EDGE_CURVE('',#5987,#5987,#5989,.T.);
#5987 = VERTEX_POINT('',#5988);
#5988 = CARTESIAN_POINT('',(2.25,12.45,0.));
#5989 = SURFACE_CURVE('',#5990,(#5995,#6006),.PCURVE_S1.);
#5990 = CIRCLE('',#5991,12.45);
#5991 = AXIS2_PLACEMENT_3D('',#5992,#5993,#5994);
#5992 = CARTESIAN_POINT('',(2.25,0.,0.));
#5993 = DIRECTION('',(-1.,0.,0.));
#5994 = DIRECTION('',(0.,1.,0.));
#5995 = PCURVE('',#5934,#5996);
#5996 = DEFINITIONAL_REPRESENTATION('',(#5997),#6005);
#5997 = ( BOUNDED_CURVE() B_SPLINE_CURVE(2,(#5998,#5999,#6000,#6001,
#6002,#6003,#6004),.UNSPECIFIED.,.T.,.F.) B_SPLINE_CURVE_WITH_KNOTS((1,2
    ,2,2,2,1),(-2.094395102393,0.,2.094395102393,4.188790204786,
6.28318530718,8.377580409573),.UNSPECIFIED.) CURVE() 
GEOMETRIC_REPRESENTATION_ITEM() RATIONAL_B_SPLINE_CURVE((1.,0.5,1.,0.5,
1.,0.5,1.)) REPRESENTATION_ITEM('') );
#5998 = CARTESIAN_POINT('',(5.510910596163E-16,-12.45));
#5999 = CARTESIAN_POINT('',(-21.56403255423,-12.45));
#6000 = CARTESIAN_POINT('',(-10.78201627711,6.225));
#6001 = CARTESIAN_POINT('',(-2.498279470261E-15,24.9));
#6002 = CARTESIAN_POINT('',(10.782016277116,6.225));
#6003 = CARTESIAN_POINT('',(21.564032554233,-12.45));
#6004 = CARTESIAN_POINT('',(5.510910596163E-16,-12.45));
#6005 = ( GEOMETRIC_REPRESENTATION_CONTEXT(2) 
PARAMETRIC_REPRESENTATION_CONTEXT() REPRESENTATION_CONTEXT('2D SPACE',''
  ) );
#6006 = PCURVE('',#5968,#6007);
#6007 = DEFINITIONAL_REPRESENTATION('',(#6008),#6012);
#6008 = LINE('',#6009,#6010);
#6009 = CARTESIAN_POINT('',(-6.28318530718,-10.25));
#6010 = VECTOR('',#6011,1.);
#6011 = DIRECTION('',(1.,-0.));
#6012 = ( GEOMETRIC_REPRESENTATION_CONTEXT(2) 
PARAMETRIC_REPRESENTATION_CONTEXT() REPRESENTATION_CONTEXT('2D SPACE',''
  ) );
#6013 = FACE_BOUND('',#6014,.F.);
#6014 = EDGE_LOOP('',(#6015));
#6015 = ORIENTED_EDGE('',*,*,#5919,.F.);
#6016 = ADVANCED_FACE('',(#6017),#5968,.T.);
#6017 = FACE_BOUND('',#6018,.F.);
#6018 = EDGE_LOOP('',(#6019,#6020,#6041,#6042));
#6019 = ORIENTED_EDGE('',*,*,#5986,.T.);
#6020 = ORIENTED_EDGE('',*,*,#6021,.T.);
#6021 = EDGE_CURVE('',#5987,#5952,#6022,.T.);
#6022 = SEAM_CURVE('',#6023,(#6027,#6034),.PCURVE_S1.);
#6023 = LINE('',#6024,#6025);
#6024 = CARTESIAN_POINT('',(-8.,12.45,0.));
#6025 = VECTOR('',#6026,1.);
#6026 = DIRECTION('',(1.,0.,0.));
#6027 = PCURVE('',#5968,#6028);
#6028 = DEFINITIONAL_REPRESENTATION('',(#6029),#6033);
#6029 = LINE('',#6030,#6031);
#6030 = CARTESIAN_POINT('',(-6.28318530718,0.));
#6031 = VECTOR('',#6032,1.);
#6032 = DIRECTION('',(-0.,-1.));
#6033 = ( GEOMETRIC_REPRESENTATION_CONTEXT(2) 
PARAMETRIC_REPRESENTATION_CONTEXT() REPRESENTATION_CONTEXT('2D SPACE',''
  ) );
#6034 = PCURVE('',#5968,#6035);
#6035 = DEFINITIONAL_REPRESENTATION('',(#6036),#6040);
#6036 = LINE('',#6037,#6038);
#6037 = CARTESIAN_POINT('',(-0.,0.));
#6038 = VECTOR('',#6039,1.);
#6039 = DIRECTION('',(-0.,-1.));
#6040 = ( GEOMETRIC_REPRESENTATION_CONTEXT(2) 
PARAMETRIC_REPRESENTATION_CONTEXT() REPRESENTATION_CONTEXT('2D SPACE',''
  ) );
#6041 = ORIENTED_EDGE('',*,*,#5951,.T.);
#6042 = ORIENTED_EDGE('',*,*,#6021,.F.);
#6043 = ( GEOMETRIC_REPRESENTATION_CONTEXT(3) 
GLOBAL_UNCERTAINTY_ASSIGNED_CONTEXT((#6047)) 
GLOBAL_UNIT_ASSIGNED_CONTEXT((#6044,#6045,#6046)) REPRESENTATION_CONTEXT
('Context #1','3D Context with UNIT and UNCERTAINTY') );
#6044 = ( LENGTH_UNIT() NAMED_UNIT(*) SI_UNIT(.MILLI.,.METRE.) );
#6045 = ( NAMED_UNIT(*) PLANE_ANGLE_UNIT() SI_UNIT($,.RADIAN.) );
#6046 = ( NAMED_UNIT(*) SI_UNIT($,.STERADIAN.) SOLID_ANGLE_UNIT() );
#6047 = UNCERTAINTY_MEASURE_WITH_UNIT(LENGTH_MEASURE(1.E-07),#6044,
  'distance_accuracy_value','confusion accuracy');
#6048 = CONTEXT_DEPENDENT_SHAPE_REPRESENTATION(#6049,#6051);
#6049 = ( REPRESENTATION_RELATIONSHIP('','',#5664,#10) 
REPRESENTATION_RELATIONSHIP_WITH_TRANSFORMATION(#6050) 
SHAPE_REPRESENTATION_RELATIONSHIP() );
#6050 = ITEM_DEFINED_TRANSFORMATION('','',#11,#27);
#6051 = PRODUCT_DEFINITION_SHAPE('Placement','Placement of an item',
  #6052);
#6052 = NEXT_ASSEMBLY_USAGE_OCCURRENCE('4','piston','',#5,#5659,$);
#6053 = PRODUCT_RELATED_PRODUCT_CATEGORY('part',$,(#5661));
#6054 = SHAPE_DEFINITION_REPRESENTATION(#6055,#6061);
#6055 = PRODUCT_DEFINITION_SHAPE('','',#6056);
#6056 = PRODUCT_DEFINITION('design','',#6057,#6060);
#6057 = PRODUCT_DEFINITION_FORMATION('','',#6058);
#6058 = PRODUCT('vastago','vastago','',(#6059));
#6059 = PRODUCT_CONTEXT('',#2,'mechanical');
#6060 = PRODUCT_DEFINITION_CONTEXT('part definition',#2,'design');
#6061 = ADVANCED_BREP_SHAPE_REPRESENTATION('',(#11,#6062),#6348);
#6062 = MANIFOLD_SOLID_BREP('',#6063);
#6063 = CLOSED_SHELL('',(#6064,#6160,#6195,#6230,#6285,#6340,#6344));
#6064 = ADVANCED_FACE('',(#6065),#6079,.T.);
#6065 = FACE_BOUND('',#6066,.F.);
#6066 = EDGE_LOOP('',(#6067,#6097,#6128,#6129));
#6067 = ORIENTED_EDGE('',*,*,#6068,.F.);
#6068 = EDGE_CURVE('',#6069,#6071,#6073,.T.);
#6069 = VERTEX_POINT('',#6070);
#6070 = CARTESIAN_POINT('',(-80.,6.,0.));
#6071 = VERTEX_POINT('',#6072);
#6072 = CARTESIAN_POINT('',(80.,6.,0.));
#6073 = SEAM_CURVE('',#6074,(#6078,#6090),.PCURVE_S1.);
#6074 = LINE('',#6075,#6076);
#6075 = CARTESIAN_POINT('',(-100.,6.,0.));
#6076 = VECTOR('',#6077,1.);
#6077 = DIRECTION('',(1.,0.,0.));
#6078 = PCURVE('',#6079,#6084);
#6079 = CYLINDRICAL_SURFACE('',#6080,6.);
#6080 = AXIS2_PLACEMENT_3D('',#6081,#6082,#6083);
#6081 = CARTESIAN_POINT('',(-100.,0.,0.));
#6082 = DIRECTION('',(-1.,-0.,-0.));
#6083 = DIRECTION('',(0.,1.,0.));
#6084 = DEFINITIONAL_REPRESENTATION('',(#6085),#6089);
#6085 = LINE('',#6086,#6087);
#6086 = CARTESIAN_POINT('',(-6.28318530718,0.));
#6087 = VECTOR('',#6088,1.);
#6088 = DIRECTION('',(-0.,-1.));
#6089 = ( GEOMETRIC_REPRESENTATION_CONTEXT(2) 
PARAMETRIC_REPRESENTATION_CONTEXT() REPRESENTATION_CONTEXT('2D SPACE',''
  ) );
#6090 = PCURVE('',#6079,#6091);
#6091 = DEFINITIONAL_REPRESENTATION('',(#6092),#6096);
#6092 = LINE('',#6093,#6094);
#6093 = CARTESIAN_POINT('',(-0.,0.));
#6094 = VECTOR('',#6095,1.);
#6095 = DIRECTION('',(-0.,-1.));
#6096 = ( GEOMETRIC_REPRESENTATION_CONTEXT(2) 
PARAMETRIC_REPRESENTATION_CONTEXT() REPRESENTATION_CONTEXT('2D SPACE',''
  ) );
#6097 = ORIENTED_EDGE('',*,*,#6098,.T.);
#6098 = EDGE_CURVE('',#6069,#6069,#6099,.T.);
#6099 = SURFACE_CURVE('',#6100,(#6105,#6112),.PCURVE_S1.);
#6100 = CIRCLE('',#6101,6.);
#6101 = AXIS2_PLACEMENT_3D('',#6102,#6103,#6104);
#6102 = CARTESIAN_POINT('',(-80.,0.,0.));
#6103 = DIRECTION('',(-1.,0.,0.));
#6104 = DIRECTION('',(0.,1.,0.));
#6105 = PCURVE('',#6079,#6106);
#6106 = DEFINITIONAL_REPRESENTATION('',(#6107),#6111);
#6107 = LINE('',#6108,#6109);
#6108 = CARTESIAN_POINT('',(-6.28318530718,-20.));
#6109 = VECTOR('',#6110,1.);
#6110 = DIRECTION('',(1.,-0.));
#6111 = ( GEOMETRIC_REPRESENTATION_CONTEXT(2) 
PARAMETRIC_REPRESENTATION_CONTEXT() REPRESENTATION_CONTEXT('2D SPACE',''
  ) );
#6112 = PCURVE('',#6113,#6118);
#6113 = PLANE('',#6114);
#6114 = AXIS2_PLACEMENT_3D('',#6115,#6116,#6117);
#6115 = CARTESIAN_POINT('',(-80.,-2.103754050061E-16,5.76161480209E-16)
  );
#6116 = DIRECTION('',(1.,0.,0.));
#6117 = DIRECTION('',(-0.,0.,1.));
#6118 = DEFINITIONAL_REPRESENTATION('',(#6119),#6127);
#6119 = ( BOUNDED_CURVE() B_SPLINE_CURVE(2,(#6120,#6121,#6122,#6123,
#6124,#6125,#6126),.UNSPECIFIED.,.T.,.F.) B_SPLINE_CURVE_WITH_KNOTS((1,2
    ,2,2,2,1),(-2.094395102393,0.,2.094395102393,4.188790204786,
6.28318530718,8.377580409573),.UNSPECIFIED.) CURVE() 
GEOMETRIC_REPRESENTATION_ITEM() RATIONAL_B_SPLINE_CURVE((1.,0.5,1.,0.5,
1.,0.5,1.)) REPRESENTATION_ITEM('') );
#6120 = CARTESIAN_POINT('',(-5.76161480209E-16,-6.));
#6121 = CARTESIAN_POINT('',(-10.39230484541,-6.));
#6122 = CARTESIAN_POINT('',(-5.196152422707,3.));
#6123 = CARTESIAN_POINT('',(-2.045737639186E-15,12.));
#6124 = CARTESIAN_POINT('',(5.196152422707,3.));
#6125 = CARTESIAN_POINT('',(10.392304845413,-6.));
#6126 = CARTESIAN_POINT('',(-5.76161480209E-16,-6.));
#6127 = ( GEOMETRIC_REPRESENTATION_CONTEXT(2) 
PARAMETRIC_REPRESENTATION_CONTEXT() REPRESENTATION_CONTEXT('2D SPACE',''
  ) );
#6128 = ORIENTED_EDGE('',*,*,#6068,.T.);
#6129 = ORIENTED_EDGE('',*,*,#6130,.F.);
#6130 = EDGE_CURVE('',#6071,#6071,#6131,.T.);
#6131 = SURFACE_CURVE('',#6132,(#6137,#6144),.PCURVE_S1.);
#6132 = CIRCLE('',#6133,6.);
#6133 = AXIS2_PLACEMENT_3D('',#6134,#6135,#6136);
#6134 = CARTESIAN_POINT('',(80.,0.,0.));
#6135 = DIRECTION('',(-1.,0.,0.));
#6136 = DIRECTION('',(0.,1.,0.));
#6137 = PCURVE('',#6079,#6138);
#6138 = DEFINITIONAL_REPRESENTATION('',(#6139),#6143);
#6139 = LINE('',#6140,#6141);
#6140 = CARTESIAN_POINT('',(-6.28318530718,-180.));
#6141 = VECTOR('',#6142,1.);
#6142 = DIRECTION('',(1.,-0.));
#6143 = ( GEOMETRIC_REPRESENTATION_CONTEXT(2) 
PARAMETRIC_REPRESENTATION_CONTEXT() REPRESENTATION_CONTEXT('2D SPACE',''
  ) );
#6144 = PCURVE('',#6145,#6150);
#6145 = PLANE('',#6146);
#6146 = AXIS2_PLACEMENT_3D('',#6147,#6148,#6149);
#6147 = CARTESIAN_POINT('',(80.,-2.103754050061E-16,5.76161480209E-16));
#6148 = DIRECTION('',(1.,0.,0.));
#6149 = DIRECTION('',(-0.,0.,1.));
#6150 = DEFINITIONAL_REPRESENTATION('',(#6151),#6159);
#6151 = ( BOUNDED_CURVE() B_SPLINE_CURVE(2,(#6152,#6153,#6154,#6155,
#6156,#6157,#6158),.UNSPECIFIED.,.T.,.F.) B_SPLINE_CURVE_WITH_KNOTS((1,2
    ,2,2,2,1),(-2.094395102393,0.,2.094395102393,4.188790204786,
6.28318530718,8.377580409573),.UNSPECIFIED.) CURVE() 
GEOMETRIC_REPRESENTATION_ITEM() RATIONAL_B_SPLINE_CURVE((1.,0.5,1.,0.5,
1.,0.5,1.)) REPRESENTATION_ITEM('') );
#6152 = CARTESIAN_POINT('',(-5.76161480209E-16,-6.));
#6153 = CARTESIAN_POINT('',(-10.39230484541,-6.));
#6154 = CARTESIAN_POINT('',(-5.196152422707,3.));
#6155 = CARTESIAN_POINT('',(-2.045737639186E-15,12.));
#6156 = CARTESIAN_POINT('',(5.196152422707,3.));
#6157 = CARTESIAN_POINT('',(10.392304845413,-6.));
#6158 = CARTESIAN_POINT('',(-5.76161480209E-16,-6.));
#6159 = ( GEOMETRIC_REPRESENTATION_CONTEXT(2) 
PARAMETRIC_REPRESENTATION_CONTEXT() REPRESENTATION_CONTEXT('2D SPACE',''
  ) );
#6160 = ADVANCED_FACE('',(#6161,#6164),#6145,.T.);
#6161 = FACE_BOUND('',#6162,.T.);
#6162 = EDGE_LOOP('',(#6163));
#6163 = ORIENTED_EDGE('',*,*,#6130,.F.);
#6164 = FACE_BOUND('',#6165,.T.);
#6165 = EDGE_LOOP('',(#6166));
#6166 = ORIENTED_EDGE('',*,*,#6167,.F.);
#6167 = EDGE_CURVE('',#6168,#6168,#6170,.T.);
#6168 = VERTEX_POINT('',#6169);
#6169 = CARTESIAN_POINT('',(80.,5.,0.));
#6170 = SURFACE_CURVE('',#6171,(#6176,#6183),.PCURVE_S1.);
#6171 = CIRCLE('',#6172,5.);
#6172 = AXIS2_PLACEMENT_3D('',#6173,#6174,#6175);
#6173 = CARTESIAN_POINT('',(80.,0.,0.));
#6174 = DIRECTION('',(1.,0.,0.));
#6175 = DIRECTION('',(0.,1.,0.));
#6176 = PCURVE('',#6145,#6177);
#6177 = DEFINITIONAL_REPRESENTATION('',(#6178),#6182);
#6178 = CIRCLE('',#6179,5.);
#6179 = AXIS2_PLACEMENT_2D('',#6180,#6181);
#6180 = CARTESIAN_POINT('',(-5.76161480209E-16,-2.103754050061E-16));
#6181 = DIRECTION('',(0.,-1.));
#6182 = ( GEOMETRIC_REPRESENTATION_CONTEXT(2) 
PARAMETRIC_REPRESENTATION_CONTEXT() REPRESENTATION_CONTEXT('2D SPACE',''
  ) );
#6183 = PCURVE('',#6184,#6189);
#6184 = CYLINDRICAL_SURFACE('',#6185,5.);
#6185 = AXIS2_PLACEMENT_3D('',#6186,#6187,#6188);
#6186 = CARTESIAN_POINT('',(80.,0.,0.));
#6187 = DIRECTION('',(-1.,-0.,-0.));
#6188 = DIRECTION('',(0.,1.,0.));
#6189 = DEFINITIONAL_REPRESENTATION('',(#6190),#6194);
#6190 = LINE('',#6191,#6192);
#6191 = CARTESIAN_POINT('',(-0.,0.));
#6192 = VECTOR('',#6193,1.);
#6193 = DIRECTION('',(-1.,0.));
#6194 = ( GEOMETRIC_REPRESENTATION_CONTEXT(2) 
PARAMETRIC_REPRESENTATION_CONTEXT() REPRESENTATION_CONTEXT('2D SPACE',''
  ) );
#6195 = ADVANCED_FACE('',(#6196,#6199),#6113,.F.);
#6196 = FACE_BOUND('',#6197,.F.);
#6197 = EDGE_LOOP('',(#6198));
#6198 = ORIENTED_EDGE('',*,*,#6098,.F.);
#6199 = FACE_BOUND('',#6200,.F.);
#6200 = EDGE_LOOP('',(#6201));
#6201 = ORIENTED_EDGE('',*,*,#6202,.F.);
#6202 = EDGE_CURVE('',#6203,#6203,#6205,.T.);
#6203 = VERTEX_POINT('',#6204);
#6204 = CARTESIAN_POINT('',(-80.,5.,0.));
#6205 = SURFACE_CURVE('',#6206,(#6211,#6218),.PCURVE_S1.);
#6206 = CIRCLE('',#6207,5.);
#6207 = AXIS2_PLACEMENT_3D('',#6208,#6209,#6210);
#6208 = CARTESIAN_POINT('',(-80.,0.,0.));
#6209 = DIRECTION('',(1.,0.,0.));
#6210 = DIRECTION('',(0.,1.,0.));
#6211 = PCURVE('',#6113,#6212);
#6212 = DEFINITIONAL_REPRESENTATION('',(#6213),#6217);
#6213 = CIRCLE('',#6214,5.);
#6214 = AXIS2_PLACEMENT_2D('',#6215,#6216);
#6215 = CARTESIAN_POINT('',(-5.76161480209E-16,-2.103754050061E-16));
#6216 = DIRECTION('',(0.,-1.));
#6217 = ( GEOMETRIC_REPRESENTATION_CONTEXT(2) 
PARAMETRIC_REPRESENTATION_CONTEXT() REPRESENTATION_CONTEXT('2D SPACE',''
  ) );
#6218 = PCURVE('',#6219,#6224);
#6219 = CYLINDRICAL_SURFACE('',#6220,5.);
#6220 = AXIS2_PLACEMENT_3D('',#6221,#6222,#6223);
#6221 = CARTESIAN_POINT('',(-100.,0.,0.));
#6222 = DIRECTION('',(-1.,-0.,-0.));
#6223 = DIRECTION('',(0.,1.,0.));
#6224 = DEFINITIONAL_REPRESENTATION('',(#6225),#6229);
#6225 = LINE('',#6226,#6227);
#6226 = CARTESIAN_POINT('',(-0.,-20.));
#6227 = VECTOR('',#6228,1.);
#6228 = DIRECTION('',(-1.,0.));
#6229 = ( GEOMETRIC_REPRESENTATION_CONTEXT(2) 
PARAMETRIC_REPRESENTATION_CONTEXT() REPRESENTATION_CONTEXT('2D SPACE',''
  ) );
#6230 = ADVANCED_FACE('',(#6231),#6184,.T.);
#6231 = FACE_BOUND('',#6232,.F.);
#6232 = EDGE_LOOP('',(#6233,#6256,#6283,#6284));
#6233 = ORIENTED_EDGE('',*,*,#6234,.T.);
#6234 = EDGE_CURVE('',#6168,#6235,#6237,.T.);
#6235 = VERTEX_POINT('',#6236);
#6236 = CARTESIAN_POINT('',(100.,5.,0.));
#6237 = SEAM_CURVE('',#6238,(#6242,#6249),.PCURVE_S1.);
#6238 = LINE('',#6239,#6240);
#6239 = CARTESIAN_POINT('',(80.,5.,0.));
#6240 = VECTOR('',#6241,1.);
#6241 = DIRECTION('',(1.,0.,0.));
#6242 = PCURVE('',#6184,#6243);
#6243 = DEFINITIONAL_REPRESENTATION('',(#6244),#6248);
#6244 = LINE('',#6245,#6246);
#6245 = CARTESIAN_POINT('',(-0.,0.));
#6246 = VECTOR('',#6247,1.);
#6247 = DIRECTION('',(-0.,-1.));
#6248 = ( GEOMETRIC_REPRESENTATION_CONTEXT(2) 
PARAMETRIC_REPRESENTATION_CONTEXT() REPRESENTATION_CONTEXT('2D SPACE',''
  ) );
#6249 = PCURVE('',#6184,#6250);
#6250 = DEFINITIONAL_REPRESENTATION('',(#6251),#6255);
#6251 = LINE('',#6252,#6253);
#6252 = CARTESIAN_POINT('',(-6.28318530718,0.));
#6253 = VECTOR('',#6254,1.);
#6254 = DIRECTION('',(-0.,-1.));
#6255 = ( GEOMETRIC_REPRESENTATION_CONTEXT(2) 
PARAMETRIC_REPRESENTATION_CONTEXT() REPRESENTATION_CONTEXT('2D SPACE',''
  ) );
#6256 = ORIENTED_EDGE('',*,*,#6257,.T.);
#6257 = EDGE_CURVE('',#6235,#6235,#6258,.T.);
#6258 = SURFACE_CURVE('',#6259,(#6264,#6271),.PCURVE_S1.);
#6259 = CIRCLE('',#6260,5.);
#6260 = AXIS2_PLACEMENT_3D('',#6261,#6262,#6263);
#6261 = CARTESIAN_POINT('',(100.,0.,0.));
#6262 = DIRECTION('',(1.,0.,0.));
#6263 = DIRECTION('',(0.,1.,0.));
#6264 = PCURVE('',#6184,#6265);
#6265 = DEFINITIONAL_REPRESENTATION('',(#6266),#6270);
#6266 = LINE('',#6267,#6268);
#6267 = CARTESIAN_POINT('',(-0.,-20.));
#6268 = VECTOR('',#6269,1.);
#6269 = DIRECTION('',(-1.,0.));
#6270 = ( GEOMETRIC_REPRESENTATION_CONTEXT(2) 
PARAMETRIC_REPRESENTATION_CONTEXT() REPRESENTATION_CONTEXT('2D SPACE',''
  ) );
#6271 = PCURVE('',#6272,#6277);
#6272 = PLANE('',#6273);
#6273 = AXIS2_PLACEMENT_3D('',#6274,#6275,#6276);
#6274 = CARTESIAN_POINT('',(100.,-3.418600331349E-16,-1.70226710729E-17)
  );
#6275 = DIRECTION('',(1.,0.,0.));
#6276 = DIRECTION('',(-0.,0.,1.));
#6277 = DEFINITIONAL_REPRESENTATION('',(#6278),#6282);
#6278 = CIRCLE('',#6279,5.);
#6279 = AXIS2_PLACEMENT_2D('',#6280,#6281);
#6280 = CARTESIAN_POINT('',(1.70226710729E-17,-3.418600331349E-16));
#6281 = DIRECTION('',(0.,-1.));
#6282 = ( GEOMETRIC_REPRESENTATION_CONTEXT(2) 
PARAMETRIC_REPRESENTATION_CONTEXT() REPRESENTATION_CONTEXT('2D SPACE',''
  ) );
#6283 = ORIENTED_EDGE('',*,*,#6234,.F.);
#6284 = ORIENTED_EDGE('',*,*,#6167,.F.);
#6285 = ADVANCED_FACE('',(#6286),#6219,.T.);
#6286 = FACE_BOUND('',#6287,.F.);
#6287 = EDGE_LOOP('',(#6288,#6311,#6312,#6313));
#6288 = ORIENTED_EDGE('',*,*,#6289,.T.);
#6289 = EDGE_CURVE('',#6290,#6203,#6292,.T.);
#6290 = VERTEX_POINT('',#6291);
#6291 = CARTESIAN_POINT('',(-100.,5.,0.));
#6292 = SEAM_CURVE('',#6293,(#6297,#6304),.PCURVE_S1.);
#6293 = LINE('',#6294,#6295);
#6294 = CARTESIAN_POINT('',(-100.,5.,0.));
#6295 = VECTOR('',#6296,1.);
#6296 = DIRECTION('',(1.,0.,0.));
#6297 = PCURVE('',#6219,#6298);
#6298 = DEFINITIONAL_REPRESENTATION('',(#6299),#6303);
#6299 = LINE('',#6300,#6301);
#6300 = CARTESIAN_POINT('',(-0.,0.));
#6301 = VECTOR('',#6302,1.);
#6302 = DIRECTION('',(-0.,-1.));
#6303 = ( GEOMETRIC_REPRESENTATION_CONTEXT(2) 
PARAMETRIC_REPRESENTATION_CONTEXT() REPRESENTATION_CONTEXT('2D SPACE',''
  ) );
#6304 = PCURVE('',#6219,#6305);
#6305 = DEFINITIONAL_REPRESENTATION('',(#6306),#6310);
#6306 = LINE('',#6307,#6308);
#6307 = CARTESIAN_POINT('',(-6.28318530718,0.));
#6308 = VECTOR('',#6309,1.);
#6309 = DIRECTION('',(-0.,-1.));
#6310 = ( GEOMETRIC_REPRESENTATION_CONTEXT(2) 
PARAMETRIC_REPRESENTATION_CONTEXT() REPRESENTATION_CONTEXT('2D SPACE',''
  ) );
#6311 = ORIENTED_EDGE('',*,*,#6202,.T.);
#6312 = ORIENTED_EDGE('',*,*,#6289,.F.);
#6313 = ORIENTED_EDGE('',*,*,#6314,.F.);
#6314 = EDGE_CURVE('',#6290,#6290,#6315,.T.);
#6315 = SURFACE_CURVE('',#6316,(#6321,#6328),.PCURVE_S1.);
#6316 = CIRCLE('',#6317,5.);
#6317 = AXIS2_PLACEMENT_3D('',#6318,#6319,#6320);
#6318 = CARTESIAN_POINT('',(-100.,0.,0.));
#6319 = DIRECTION('',(1.,0.,0.));
#6320 = DIRECTION('',(0.,1.,0.));
#6321 = PCURVE('',#6219,#6322);
#6322 = DEFINITIONAL_REPRESENTATION('',(#6323),#6327);
#6323 = LINE('',#6324,#6325);
#6324 = CARTESIAN_POINT('',(-0.,0.));
#6325 = VECTOR('',#6326,1.);
#6326 = DIRECTION('',(-1.,0.));
#6327 = ( GEOMETRIC_REPRESENTATION_CONTEXT(2) 
PARAMETRIC_REPRESENTATION_CONTEXT() REPRESENTATION_CONTEXT('2D SPACE',''
  ) );
#6328 = PCURVE('',#6329,#6334);
#6329 = PLANE('',#6330);
#6330 = AXIS2_PLACEMENT_3D('',#6331,#6332,#6333);
#6331 = CARTESIAN_POINT('',(-100.,-3.418600331349E-16,-1.70226710729E-17
    ));
#6332 = DIRECTION('',(1.,0.,0.));
#6333 = DIRECTION('',(-0.,0.,1.));
#6334 = DEFINITIONAL_REPRESENTATION('',(#6335),#6339);
#6335 = CIRCLE('',#6336,5.);
#6336 = AXIS2_PLACEMENT_2D('',#6337,#6338);
#6337 = CARTESIAN_POINT('',(1.70226710729E-17,-3.418600331349E-16));
#6338 = DIRECTION('',(0.,-1.));
#6339 = ( GEOMETRIC_REPRESENTATION_CONTEXT(2) 
PARAMETRIC_REPRESENTATION_CONTEXT() REPRESENTATION_CONTEXT('2D SPACE',''
  ) );
#6340 = ADVANCED_FACE('',(#6341),#6272,.T.);
#6341 = FACE_BOUND('',#6342,.T.);
#6342 = EDGE_LOOP('',(#6343));
#6343 = ORIENTED_EDGE('',*,*,#6257,.T.);
#6344 = ADVANCED_FACE('',(#6345),#6329,.F.);
#6345 = FACE_BOUND('',#6346,.F.);
#6346 = EDGE_LOOP('',(#6347));
#6347 = ORIENTED_EDGE('',*,*,#6314,.T.);
#6348 = ( GEOMETRIC_REPRESENTATION_CONTEXT(3) 
GLOBAL_UNCERTAINTY_ASSIGNED_CONTEXT((#6352)) 
GLOBAL_UNIT_ASSIGNED_CONTEXT((#6349,#6350,#6351)) REPRESENTATION_CONTEXT
('Context #1','3D Context with UNIT and UNCERTAINTY') );
#6349 = ( LENGTH_UNIT() NAMED_UNIT(*) SI_UNIT(.MILLI.,.METRE.) );
#6350 = ( NAMED_UNIT(*) PLANE_ANGLE_UNIT() SI_UNIT($,.RADIAN.) );
#6351 = ( NAMED_UNIT(*) SI_UNIT($,.STERADIAN.) SOLID_ANGLE_UNIT() );
#6352 = UNCERTAINTY_MEASURE_WITH_UNIT(LENGTH_MEASURE(1.E-07),#6349,
  'distance_accuracy_value','confusion accuracy');
#6353 = CONTEXT_DEPENDENT_SHAPE_REPRESENTATION(#6354,#6356);
#6354 = ( REPRESENTATION_RELATIONSHIP('','',#6061,#10) 
REPRESENTATION_RELATIONSHIP_WITH_TRANSFORMATION(#6355) 
SHAPE_REPRESENTATION_RELATIONSHIP() );
#6355 = ITEM_DEFINED_TRANSFORMATION('','',#11,#31);
#6356 = PRODUCT_DEFINITION_SHAPE('Placement','Placement of an item',
  #6357);
#6357 = NEXT_ASSEMBLY_USAGE_OCCURRENCE('5','vastago','',#5,#6056,$);
#6358 = PRODUCT_RELATED_PRODUCT_CATEGORY('part',$,(#6058));
#6359 = SHAPE_DEFINITION_REPRESENTATION(#6360,#6366);
#6360 = PRODUCT_DEFINITION_SHAPE('','',#6361);
#6361 = PRODUCT_DEFINITION('design','',#6362,#6365);
#6362 = PRODUCT_DEFINITION_FORMATION('','',#6363);
#6363 = PRODUCT('horquilla','horquilla','',(#6364));
#6364 = PRODUCT_CONTEXT('',#2,'mechanical');
#6365 = PRODUCT_DEFINITION_CONTEXT('part definition',#2,'design');
#6366 = ADVANCED_BREP_SHAPE_REPRESENTATION('',(#11,#6367),#7559);
#6367 = MANIFOLD_SOLID_BREP('',#6368);
#6368 = CLOSED_SHELL('',(#6369,#6524,#6631,#6786,#6926,#6988,#7236,#7261
    ,#7311,#7336,#7435,#7462,#7514,#7521,#7548,#7554));
#6369 = ADVANCED_FACE('',(#6370,#6489),#6384,.F.);
#6370 = FACE_BOUND('',#6371,.F.);
#6371 = EDGE_LOOP('',(#6372,#6407,#6435,#6463));
#6372 = ORIENTED_EDGE('',*,*,#6373,.F.);
#6373 = EDGE_CURVE('',#6374,#6376,#6378,.T.);
#6374 = VERTEX_POINT('',#6375);
#6375 = CARTESIAN_POINT('',(0.,-8.,-10.));
#6376 = VERTEX_POINT('',#6377);
#6377 = CARTESIAN_POINT('',(0.,-8.,10.));
#6378 = SURFACE_CURVE('',#6379,(#6383,#6395),.PCURVE_S1.);
#6379 = LINE('',#6380,#6381);
#6380 = CARTESIAN_POINT('',(0.,-8.,-10.));
#6381 = VECTOR('',#6382,1.);
#6382 = DIRECTION('',(0.,0.,1.));
#6383 = PCURVE('',#6384,#6389);
#6384 = PLANE('',#6385);
#6385 = AXIS2_PLACEMENT_3D('',#6386,#6387,#6388);
#6386 = CARTESIAN_POINT('',(0.,-8.,-10.));
#6387 = DIRECTION('',(1.,0.,0.));
#6388 = DIRECTION('',(0.,0.,1.));
#6389 = DEFINITIONAL_REPRESENTATION('',(#6390),#6394);
#6390 = LINE('',#6391,#6392);
#6391 = CARTESIAN_POINT('',(0.,0.));
#6392 = VECTOR('',#6393,1.);
#6393 = DIRECTION('',(1.,0.));
#6394 = ( GEOMETRIC_REPRESENTATION_CONTEXT(2) 
PARAMETRIC_REPRESENTATION_CONTEXT() REPRESENTATION_CONTEXT('2D SPACE',''
  ) );
#6395 = PCURVE('',#6396,#6401);
#6396 = PLANE('',#6397);
#6397 = AXIS2_PLACEMENT_3D('',#6398,#6399,#6400);
#6398 = CARTESIAN_POINT('',(0.,-8.,-10.));
#6399 = DIRECTION('',(0.,1.,0.));
#6400 = DIRECTION('',(0.,0.,1.));
#6401 = DEFINITIONAL_REPRESENTATION('',(#6402),#6406);
#6402 = LINE('',#6403,#6404);
#6403 = CARTESIAN_POINT('',(0.,0.));
#6404 = VECTOR('',#6405,1.);
#6405 = DIRECTION('',(1.,0.));
#6406 = ( GEOMETRIC_REPRESENTATION_CONTEXT(2) 
PARAMETRIC_REPRESENTATION_CONTEXT() REPRESENTATION_CONTEXT('2D SPACE',''
  ) );
#6407 = ORIENTED_EDGE('',*,*,#6408,.T.);
#6408 = EDGE_CURVE('',#6374,#6409,#6411,.T.);
#6409 = VERTEX_POINT('',#6410);
#6410 = CARTESIAN_POINT('',(0.,8.,-10.));
#6411 = SURFACE_CURVE('',#6412,(#6416,#6423),.PCURVE_S1.);
#6412 = LINE('',#6413,#6414);
#6413 = CARTESIAN_POINT('',(0.,-8.,-10.));
#6414 = VECTOR('',#6415,1.);
#6415 = DIRECTION('',(0.,1.,0.));
#6416 = PCURVE('',#6384,#6417);
#6417 = DEFINITIONAL_REPRESENTATION('',(#6418),#6422);
#6418 = LINE('',#6419,#6420);
#6419 = CARTESIAN_POINT('',(0.,0.));
#6420 = VECTOR('',#6421,1.);
#6421 = DIRECTION('',(0.,-1.));
#6422 = ( GEOMETRIC_REPRESENTATION_CONTEXT(2) 
PARAMETRIC_REPRESENTATION_CONTEXT() REPRESENTATION_CONTEXT('2D SPACE',''
  ) );
#6423 = PCURVE('',#6424,#6429);
#6424 = PLANE('',#6425);
#6425 = AXIS2_PLACEMENT_3D('',#6426,#6427,#6428);
#6426 = CARTESIAN_POINT('',(0.,-8.,-10.));
#6427 = DIRECTION('',(0.,0.,1.));
#6428 = DIRECTION('',(1.,0.,0.));
#6429 = DEFINITIONAL_REPRESENTATION('',(#6430),#6434);
#6430 = LINE('',#6431,#6432);
#6431 = CARTESIAN_POINT('',(0.,0.));
#6432 = VECTOR('',#6433,1.);
#6433 = DIRECTION('',(0.,1.));
#6434 = ( GEOMETRIC_REPRESENTATION_CONTEXT(2) 
PARAMETRIC_REPRESENTATION_CONTEXT() REPRESENTATION_CONTEXT('2D SPACE',''
  ) );
#6435 = ORIENTED_EDGE('',*,*,#6436,.T.);
#6436 = EDGE_CURVE('',#6409,#6437,#6439,.T.);
#6437 = VERTEX_POINT('',#6438);
#6438 = CARTESIAN_POINT('',(0.,8.,10.));
#6439 = SURFACE_CURVE('',#6440,(#6444,#6451),.PCURVE_S1.);
#6440 = LINE('',#6441,#6442);
#6441 = CARTESIAN_POINT('',(0.,8.,-10.));
#6442 = VECTOR('',#6443,1.);
#6443 = DIRECTION('',(0.,0.,1.));
#6444 = PCURVE('',#6384,#6445);
#6445 = DEFINITIONAL_REPRESENTATION('',(#6446),#6450);
#6446 = LINE('',#6447,#6448);
#6447 = CARTESIAN_POINT('',(0.,-16.));
#6448 = VECTOR('',#6449,1.);
#6449 = DIRECTION('',(1.,0.));
#6450 = ( GEOMETRIC_REPRESENTATION_CONTEXT(2) 
PARAMETRIC_REPRESENTATION_CONTEXT() REPRESENTATION_CONTEXT('2D SPACE',''
  ) );
#6451 = PCURVE('',#6452,#6457);
#6452 = PLANE('',#6453);
#6453 = AXIS2_PLACEMENT_3D('',#6454,#6455,#6456);
#6454 = CARTESIAN_POINT('',(0.,8.,-10.));
#6455 = DIRECTION('',(0.,1.,0.));
#6456 = DIRECTION('',(0.,0.,1.));
#6457 = DEFINITIONAL_REPRESENTATION('',(#6458),#6462);
#6458 = LINE('',#6459,#6460);
#6459 = CARTESIAN_POINT('',(0.,0.));
#6460 = VECTOR('',#6461,1.);
#6461 = DIRECTION('',(1.,0.));
#6462 = ( GEOMETRIC_REPRESENTATION_CONTEXT(2) 
PARAMETRIC_REPRESENTATION_CONTEXT() REPRESENTATION_CONTEXT('2D SPACE',''
  ) );
#6463 = ORIENTED_EDGE('',*,*,#6464,.F.);
#6464 = EDGE_CURVE('',#6376,#6437,#6465,.T.);
#6465 = SURFACE_CURVE('',#6466,(#6470,#6477),.PCURVE_S1.);
#6466 = LINE('',#6467,#6468);
#6467 = CARTESIAN_POINT('',(0.,-8.,10.));
#6468 = VECTOR('',#6469,1.);
#6469 = DIRECTION('',(0.,1.,0.));
#6470 = PCURVE('',#6384,#6471);
#6471 = DEFINITIONAL_REPRESENTATION('',(#6472),#6476);
#6472 = LINE('',#6473,#6474);
#6473 = CARTESIAN_POINT('',(20.,0.));
#6474 = VECTOR('',#6475,1.);
#6475 = DIRECTION('',(0.,-1.));
#6476 = ( GEOMETRIC_REPRESENTATION_CONTEXT(2) 
PARAMETRIC_REPRESENTATION_CONTEXT() REPRESENTATION_CONTEXT('2D SPACE',''
  ) );
#6477 = PCURVE('',#6478,#6483);
#6478 = PLANE('',#6479);
#6479 = AXIS2_PLACEMENT_3D('',#6480,#6481,#6482);
#6480 = CARTESIAN_POINT('',(0.,-8.,10.));
#6481 = DIRECTION('',(0.,0.,1.));
#6482 = DIRECTION('',(1.,0.,0.));
#6483 = DEFINITIONAL_REPRESENTATION('',(#6484),#6488);
#6484 = LINE('',#6485,#6486);
#6485 = CARTESIAN_POINT('',(0.,0.));
#6486 = VECTOR('',#6487,1.);
#6487 = DIRECTION('',(0.,1.));
#6488 = ( GEOMETRIC_REPRESENTATION_CONTEXT(2) 
PARAMETRIC_REPRESENTATION_CONTEXT() REPRESENTATION_CONTEXT('2D SPACE',''
  ) );
#6489 = FACE_BOUND('',#6490,.F.);
#6490 = EDGE_LOOP('',(#6491));
#6491 = ORIENTED_EDGE('',*,*,#6492,.T.);
#6492 = EDGE_CURVE('',#6493,#6493,#6495,.T.);
#6493 = VERTEX_POINT('',#6494);
#6494 = CARTESIAN_POINT('',(0.,5.,0.));
#6495 = SURFACE_CURVE('',#6496,(#6501,#6512),.PCURVE_S1.);
#6496 = CIRCLE('',#6497,5.);
#6497 = AXIS2_PLACEMENT_3D('',#6498,#6499,#6500);
#6498 = CARTESIAN_POINT('',(0.,0.,0.));
#6499 = DIRECTION('',(-1.,0.,0.));
#6500 = DIRECTION('',(0.,1.,0.));
#6501 = PCURVE('',#6384,#6502);
#6502 = DEFINITIONAL_REPRESENTATION('',(#6503),#6511);
#6503 = ( BOUNDED_CURVE() B_SPLINE_CURVE(2,(#6504,#6505,#6506,#6507,
#6508,#6509,#6510),.UNSPECIFIED.,.T.,.F.) B_SPLINE_CURVE_WITH_KNOTS((1,2
    ,2,2,2,1),(-2.094395102393,0.,2.094395102393,4.188790204786,
6.28318530718,8.377580409573),.UNSPECIFIED.) CURVE() 
GEOMETRIC_REPRESENTATION_ITEM() RATIONAL_B_SPLINE_CURVE((1.,0.5,1.,0.5,
1.,0.5,1.)) REPRESENTATION_ITEM('') );
#6504 = CARTESIAN_POINT('',(10.,-13.));
#6505 = CARTESIAN_POINT('',(1.339745962156,-13.));
#6506 = CARTESIAN_POINT('',(5.669872981078,-5.5));
#6507 = CARTESIAN_POINT('',(10.,2.));
#6508 = CARTESIAN_POINT('',(14.330127018922,-5.5));
#6509 = CARTESIAN_POINT('',(18.660254037844,-13.));
#6510 = CARTESIAN_POINT('',(10.,-13.));
#6511 = ( GEOMETRIC_REPRESENTATION_CONTEXT(2) 
PARAMETRIC_REPRESENTATION_CONTEXT() REPRESENTATION_CONTEXT('2D SPACE',''
  ) );
#6512 = PCURVE('',#6513,#6518);
#6513 = CYLINDRICAL_SURFACE('',#6514,5.);
#6514 = AXIS2_PLACEMENT_3D('',#6515,#6516,#6517);
#6515 = CARTESIAN_POINT('',(-1.,0.,0.));
#6516 = DIRECTION('',(-1.,-0.,-0.));
#6517 = DIRECTION('',(0.,1.,0.));
#6518 = DEFINITIONAL_REPRESENTATION('',(#6519),#6523);
#6519 = LINE('',#6520,#6521);
#6520 = CARTESIAN_POINT('',(-6.28318530718,-1.));
#6521 = VECTOR('',#6522,1.);
#6522 = DIRECTION('',(1.,-0.));
#6523 = ( GEOMETRIC_REPRESENTATION_CONTEXT(2) 
PARAMETRIC_REPRESENTATION_CONTEXT() REPRESENTATION_CONTEXT('2D SPACE',''
  ) );
#6524 = ADVANCED_FACE('',(#6525,#6600),#6396,.F.);
#6525 = FACE_BOUND('',#6526,.F.);
#6526 = EDGE_LOOP('',(#6527,#6550,#6551,#6574));
#6527 = ORIENTED_EDGE('',*,*,#6528,.F.);
#6528 = EDGE_CURVE('',#6374,#6529,#6531,.T.);
#6529 = VERTEX_POINT('',#6530);
#6530 = CARTESIAN_POINT('',(30.,-8.,-10.));
#6531 = SURFACE_CURVE('',#6532,(#6536,#6543),.PCURVE_S1.);
#6532 = LINE('',#6533,#6534);
#6533 = CARTESIAN_POINT('',(0.,-8.,-10.));
#6534 = VECTOR('',#6535,1.);
#6535 = DIRECTION('',(1.,0.,0.));
#6536 = PCURVE('',#6396,#6537);
#6537 = DEFINITIONAL_REPRESENTATION('',(#6538),#6542);
#6538 = LINE('',#6539,#6540);
#6539 = CARTESIAN_POINT('',(0.,0.));
#6540 = VECTOR('',#6541,1.);
#6541 = DIRECTION('',(0.,1.));
#6542 = ( GEOMETRIC_REPRESENTATION_CONTEXT(2) 
PARAMETRIC_REPRESENTATION_CONTEXT() REPRESENTATION_CONTEXT('2D SPACE',''
  ) );
#6543 = PCURVE('',#6424,#6544);
#6544 = DEFINITIONAL_REPRESENTATION('',(#6545),#6549);
#6545 = LINE('',#6546,#6547);
#6546 = CARTESIAN_POINT('',(0.,0.));
#6547 = VECTOR('',#6548,1.);
#6548 = DIRECTION('',(1.,0.));
#6549 = ( GEOMETRIC_REPRESENTATION_CONTEXT(2) 
PARAMETRIC_REPRESENTATION_CONTEXT() REPRESENTATION_CONTEXT('2D SPACE',''
  ) );
#6550 = ORIENTED_EDGE('',*,*,#6373,.T.);
#6551 = ORIENTED_EDGE('',*,*,#6552,.T.);
#6552 = EDGE_CURVE('',#6376,#6553,#6555,.T.);
#6553 = VERTEX_POINT('',#6554);
#6554 = CARTESIAN_POINT('',(30.,-8.,10.));
#6555 = SURFACE_CURVE('',#6556,(#6560,#6567),.PCURVE_S1.);
#6556 = LINE('',#6557,#6558);
#6557 = CARTESIAN_POINT('',(0.,-8.,10.));
#6558 = VECTOR('',#6559,1.);
#6559 = DIRECTION('',(1.,0.,0.));
#6560 = PCURVE('',#6396,#6561);
#6561 = DEFINITIONAL_REPRESENTATION('',(#6562),#6566);
#6562 = LINE('',#6563,#6564);
#6563 = CARTESIAN_POINT('',(20.,0.));
#6564 = VECTOR('',#6565,1.);
#6565 = DIRECTION('',(0.,1.));
#6566 = ( GEOMETRIC_REPRESENTATION_CONTEXT(2) 
PARAMETRIC_REPRESENTATION_CONTEXT() REPRESENTATION_CONTEXT('2D SPACE',''
  ) );
#6567 = PCURVE('',#6478,#6568);
#6568 = DEFINITIONAL_REPRESENTATION('',(#6569),#6573);
#6569 = LINE('',#6570,#6571);
#6570 = CARTESIAN_POINT('',(0.,0.));
#6571 = VECTOR('',#6572,1.);
#6572 = DIRECTION('',(1.,0.));
#6573 = ( GEOMETRIC_REPRESENTATION_CONTEXT(2) 
PARAMETRIC_REPRESENTATION_CONTEXT() REPRESENTATION_CONTEXT('2D SPACE',''
  ) );
#6574 = ORIENTED_EDGE('',*,*,#6575,.F.);
#6575 = EDGE_CURVE('',#6529,#6553,#6576,.T.);
#6576 = SURFACE_CURVE('',#6577,(#6581,#6588),.PCURVE_S1.);
#6577 = LINE('',#6578,#6579);
#6578 = CARTESIAN_POINT('',(30.,-8.,-10.));
#6579 = VECTOR('',#6580,1.);
#6580 = DIRECTION('',(0.,0.,1.));
#6581 = PCURVE('',#6396,#6582);
#6582 = DEFINITIONAL_REPRESENTATION('',(#6583),#6587);
#6583 = LINE('',#6584,#6585);
#6584 = CARTESIAN_POINT('',(0.,30.));
#6585 = VECTOR('',#6586,1.);
#6586 = DIRECTION('',(1.,0.));
#6587 = ( GEOMETRIC_REPRESENTATION_CONTEXT(2) 
PARAMETRIC_REPRESENTATION_CONTEXT() REPRESENTATION_CONTEXT('2D SPACE',''
  ) );
#6588 = PCURVE('',#6589,#6594);
#6589 = PLANE('',#6590);
#6590 = AXIS2_PLACEMENT_3D('',#6591,#6592,#6593);
#6591 = CARTESIAN_POINT('',(30.,-8.,-10.));
#6592 = DIRECTION('',(1.,0.,0.));
#6593 = DIRECTION('',(0.,0.,1.));
#6594 = DEFINITIONAL_REPRESENTATION('',(#6595),#6599);
#6595 = LINE('',#6596,#6597);
#6596 = CARTESIAN_POINT('',(0.,0.));
#6597 = VECTOR('',#6598,1.);
#6598 = DIRECTION('',(1.,0.));
#6599 = ( GEOMETRIC_REPRESENTATION_CONTEXT(2) 
PARAMETRIC_REPRESENTATION_CONTEXT() REPRESENTATION_CONTEXT('2D SPACE',''
  ) );
#6600 = FACE_BOUND('',#6601,.F.);
#6601 = EDGE_LOOP('',(#6602));
#6602 = ORIENTED_EDGE('',*,*,#6603,.F.);
#6603 = EDGE_CURVE('',#6604,#6604,#6606,.T.);
#6604 = VERTEX_POINT('',#6605);
#6605 = CARTESIAN_POINT('',(25.,-8.,0.));
#6606 = SURFACE_CURVE('',#6607,(#6612,#6619),.PCURVE_S1.);
#6607 = CIRCLE('',#6608,4.);
#6608 = AXIS2_PLACEMENT_3D('',#6609,#6610,#6611);
#6609 = CARTESIAN_POINT('',(21.,-8.,0.));
#6610 = DIRECTION('',(-0.,1.,0.));
#6611 = DIRECTION('',(1.,0.,0.));
#6612 = PCURVE('',#6396,#6613);
#6613 = DEFINITIONAL_REPRESENTATION('',(#6614),#6618);
#6614 = CIRCLE('',#6615,4.);
#6615 = AXIS2_PLACEMENT_2D('',#6616,#6617);
#6616 = CARTESIAN_POINT('',(10.,21.));
#6617 = DIRECTION('',(0.,1.));
#6618 = ( GEOMETRIC_REPRESENTATION_CONTEXT(2) 
PARAMETRIC_REPRESENTATION_CONTEXT() REPRESENTATION_CONTEXT('2D SPACE',''
  ) );
#6619 = PCURVE('',#6620,#6625);
#6620 = CYLINDRICAL_SURFACE('',#6621,4.);
#6621 = AXIS2_PLACEMENT_3D('',#6622,#6623,#6624);
#6622 = CARTESIAN_POINT('',(21.,0.,0.));
#6623 = DIRECTION('',(-0.,1.,-0.));
#6624 = DIRECTION('',(1.,0.,0.));
#6625 = DEFINITIONAL_REPRESENTATION('',(#6626),#6630);
#6626 = LINE('',#6627,#6628);
#6627 = CARTESIAN_POINT('',(-6.28318530718,-8.));
#6628 = VECTOR('',#6629,1.);
#6629 = DIRECTION('',(1.,-0.));
#6630 = ( GEOMETRIC_REPRESENTATION_CONTEXT(2) 
PARAMETRIC_REPRESENTATION_CONTEXT() REPRESENTATION_CONTEXT('2D SPACE',''
  ) );
#6631 = ADVANCED_FACE('',(#6632),#6478,.T.);
#6632 = FACE_BOUND('',#6633,.T.);
#6633 = EDGE_LOOP('',(#6634,#6657,#6658,#6659,#6682,#6708,#6734,#6760));
#6634 = ORIENTED_EDGE('',*,*,#6635,.F.);
#6635 = EDGE_CURVE('',#6437,#6636,#6638,.T.);
#6636 = VERTEX_POINT('',#6637);
#6637 = CARTESIAN_POINT('',(30.,8.,10.));
#6638 = SURFACE_CURVE('',#6639,(#6643,#6650),.PCURVE_S1.);
#6639 = LINE('',#6640,#6641);
#6640 = CARTESIAN_POINT('',(0.,8.,10.));
#6641 = VECTOR('',#6642,1.);
#6642 = DIRECTION('',(1.,0.,0.));
#6643 = PCURVE('',#6478,#6644);
#6644 = DEFINITIONAL_REPRESENTATION('',(#6645),#6649);
#6645 = LINE('',#6646,#6647);
#6646 = CARTESIAN_POINT('',(0.,16.));
#6647 = VECTOR('',#6648,1.);
#6648 = DIRECTION('',(1.,0.));
#6649 = ( GEOMETRIC_REPRESENTATION_CONTEXT(2) 
PARAMETRIC_REPRESENTATION_CONTEXT() REPRESENTATION_CONTEXT('2D SPACE',''
  ) );
#6650 = PCURVE('',#6452,#6651);
#6651 = DEFINITIONAL_REPRESENTATION('',(#6652),#6656);
#6652 = LINE('',#6653,#6654);
#6653 = CARTESIAN_POINT('',(20.,0.));
#6654 = VECTOR('',#6655,1.);
#6655 = DIRECTION('',(0.,1.));
#6656 = ( GEOMETRIC_REPRESENTATION_CONTEXT(2) 
PARAMETRIC_REPRESENTATION_CONTEXT() REPRESENTATION_CONTEXT('2D SPACE',''
  ) );
#6657 = ORIENTED_EDGE('',*,*,#6464,.F.);
#6658 = ORIENTED_EDGE('',*,*,#6552,.T.);
#6659 = ORIENTED_EDGE('',*,*,#6660,.T.);
#6660 = EDGE_CURVE('',#6553,#6661,#6663,.T.);
#6661 = VERTEX_POINT('',#6662);
#6662 = CARTESIAN_POINT('',(30.,-4.,10.));
#6663 = SURFACE_CURVE('',#6664,(#6668,#6675),.PCURVE_S1.);
#6664 = LINE('',#6665,#6666);
#6665 = CARTESIAN_POINT('',(30.,-8.,10.));
#6666 = VECTOR('',#6667,1.);
#6667 = DIRECTION('',(0.,1.,0.));
#6668 = PCURVE('',#6478,#6669);
#6669 = DEFINITIONAL_REPRESENTATION('',(#6670),#6674);
#6670 = LINE('',#6671,#6672);
#6671 = CARTESIAN_POINT('',(30.,0.));
#6672 = VECTOR('',#6673,1.);
#6673 = DIRECTION('',(0.,1.));
#6674 = ( GEOMETRIC_REPRESENTATION_CONTEXT(2) 
PARAMETRIC_REPRESENTATION_CONTEXT() REPRESENTATION_CONTEXT('2D SPACE',''
  ) );
#6675 = PCURVE('',#6589,#6676);
#6676 = DEFINITIONAL_REPRESENTATION('',(#6677),#6681);
#6677 = LINE('',#6678,#6679);
#6678 = CARTESIAN_POINT('',(20.,0.));
#6679 = VECTOR('',#6680,1.);
#6680 = DIRECTION('',(0.,-1.));
#6681 = ( GEOMETRIC_REPRESENTATION_CONTEXT(2) 
PARAMETRIC_REPRESENTATION_CONTEXT() REPRESENTATION_CONTEXT('2D SPACE',''
  ) );
#6682 = ORIENTED_EDGE('',*,*,#6683,.T.);
#6683 = EDGE_CURVE('',#6661,#6684,#6686,.T.);
#6684 = VERTEX_POINT('',#6685);
#6685 = CARTESIAN_POINT('',(11.5,-4.,10.));
#6686 = SURFACE_CURVE('',#6687,(#6691,#6697),.PCURVE_S1.);
#6687 = LINE('',#6688,#6689);
#6688 = CARTESIAN_POINT('',(5.75,-4.,10.));
#6689 = VECTOR('',#6690,1.);
#6690 = DIRECTION('',(-1.,0.,0.));
#6691 = PCURVE('',#6478,#6692);
#6692 = DEFINITIONAL_REPRESENTATION('',(#6693),#6696);
#6693 = B_SPLINE_CURVE_WITH_KNOTS('',1,(#6694,#6695),.UNSPECIFIED.,.F.,
  .F.,(2,2),(-24.25,-5.75),.PIECEWISE_BEZIER_KNOTS.);
#6694 = CARTESIAN_POINT('',(30.,4.));
#6695 = CARTESIAN_POINT('',(11.5,4.));
#6696 = ( GEOMETRIC_REPRESENTATION_CONTEXT(2) 
PARAMETRIC_REPRESENTATION_CONTEXT() REPRESENTATION_CONTEXT('2D SPACE',''
  ) );
#6697 = PCURVE('',#6698,#6703);
#6698 = PLANE('',#6699);
#6699 = AXIS2_PLACEMENT_3D('',#6700,#6701,#6702);
#6700 = CARTESIAN_POINT('',(11.5,-4.,-11.));
#6701 = DIRECTION('',(0.,1.,0.));
#6702 = DIRECTION('',(0.,0.,1.));
#6703 = DEFINITIONAL_REPRESENTATION('',(#6704),#6707);
#6704 = B_SPLINE_CURVE_WITH_KNOTS('',1,(#6705,#6706),.UNSPECIFIED.,.F.,
  .F.,(2,2),(-24.25,-5.75),.PIECEWISE_BEZIER_KNOTS.);
#6705 = CARTESIAN_POINT('',(21.,18.5));
#6706 = CARTESIAN_POINT('',(21.,0.));
#6707 = ( GEOMETRIC_REPRESENTATION_CONTEXT(2) 
PARAMETRIC_REPRESENTATION_CONTEXT() REPRESENTATION_CONTEXT('2D SPACE',''
  ) );
#6708 = ORIENTED_EDGE('',*,*,#6709,.T.);
#6709 = EDGE_CURVE('',#6684,#6710,#6712,.T.);
#6710 = VERTEX_POINT('',#6711);
#6711 = CARTESIAN_POINT('',(11.5,4.,10.));
#6712 = SURFACE_CURVE('',#6713,(#6717,#6723),.PCURVE_S1.);
#6713 = LINE('',#6714,#6715);
#6714 = CARTESIAN_POINT('',(11.5,-6.,10.));
#6715 = VECTOR('',#6716,1.);
#6716 = DIRECTION('',(0.,1.,0.));
#6717 = PCURVE('',#6478,#6718);
#6718 = DEFINITIONAL_REPRESENTATION('',(#6719),#6722);
#6719 = B_SPLINE_CURVE_WITH_KNOTS('',1,(#6720,#6721),.UNSPECIFIED.,.F.,
  .F.,(2,2),(2.,10.),.PIECEWISE_BEZIER_KNOTS.);
#6720 = CARTESIAN_POINT('',(11.5,4.));
#6721 = CARTESIAN_POINT('',(11.5,12.));
#6722 = ( GEOMETRIC_REPRESENTATION_CONTEXT(2) 
PARAMETRIC_REPRESENTATION_CONTEXT() REPRESENTATION_CONTEXT('2D SPACE',''
  ) );
#6723 = PCURVE('',#6724,#6729);
#6724 = PLANE('',#6725);
#6725 = AXIS2_PLACEMENT_3D('',#6726,#6727,#6728);
#6726 = CARTESIAN_POINT('',(11.5,-4.,-11.));
#6727 = DIRECTION('',(1.,0.,0.));
#6728 = DIRECTION('',(0.,0.,1.));
#6729 = DEFINITIONAL_REPRESENTATION('',(#6730),#6733);
#6730 = B_SPLINE_CURVE_WITH_KNOTS('',1,(#6731,#6732),.UNSPECIFIED.,.F.,
  .F.,(2,2),(2.,10.),.PIECEWISE_BEZIER_KNOTS.);
#6731 = CARTESIAN_POINT('',(21.,0.));
#6732 = CARTESIAN_POINT('',(21.,-8.));
#6733 = ( GEOMETRIC_REPRESENTATION_CONTEXT(2) 
PARAMETRIC_REPRESENTATION_CONTEXT() REPRESENTATION_CONTEXT('2D SPACE',''
  ) );
#6734 = ORIENTED_EDGE('',*,*,#6735,.F.);
#6735 = EDGE_CURVE('',#6736,#6710,#6738,.T.);
#6736 = VERTEX_POINT('',#6737);
#6737 = CARTESIAN_POINT('',(30.,4.,10.));
#6738 = SURFACE_CURVE('',#6739,(#6743,#6749),.PCURVE_S1.);
#6739 = LINE('',#6740,#6741);
#6740 = CARTESIAN_POINT('',(5.75,4.,10.));
#6741 = VECTOR('',#6742,1.);
#6742 = DIRECTION('',(-1.,0.,0.));
#6743 = PCURVE('',#6478,#6744);
#6744 = DEFINITIONAL_REPRESENTATION('',(#6745),#6748);
#6745 = B_SPLINE_CURVE_WITH_KNOTS('',1,(#6746,#6747),.UNSPECIFIED.,.F.,
  .F.,(2,2),(-24.25,-5.75),.PIECEWISE_BEZIER_KNOTS.);
#6746 = CARTESIAN_POINT('',(30.,12.));
#6747 = CARTESIAN_POINT('',(11.5,12.));
#6748 = ( GEOMETRIC_REPRESENTATION_CONTEXT(2) 
PARAMETRIC_REPRESENTATION_CONTEXT() REPRESENTATION_CONTEXT('2D SPACE',''
  ) );
#6749 = PCURVE('',#6750,#6755);
#6750 = PLANE('',#6751);
#6751 = AXIS2_PLACEMENT_3D('',#6752,#6753,#6754);
#6752 = CARTESIAN_POINT('',(11.5,4.,-11.));
#6753 = DIRECTION('',(0.,1.,0.));
#6754 = DIRECTION('',(0.,0.,1.));
#6755 = DEFINITIONAL_REPRESENTATION('',(#6756),#6759);
#6756 = B_SPLINE_CURVE_WITH_KNOTS('',1,(#6757,#6758),.UNSPECIFIED.,.F.,
  .F.,(2,2),(-24.25,-5.75),.PIECEWISE_BEZIER_KNOTS.);
#6757 = CARTESIAN_POINT('',(21.,18.5));
#6758 = CARTESIAN_POINT('',(21.,0.));
#6759 = ( GEOMETRIC_REPRESENTATION_CONTEXT(2) 
PARAMETRIC_REPRESENTATION_CONTEXT() REPRESENTATION_CONTEXT('2D SPACE',''
  ) );
#6760 = ORIENTED_EDGE('',*,*,#6761,.T.);
#6761 = EDGE_CURVE('',#6736,#6636,#6762,.T.);
#6762 = SURFACE_CURVE('',#6763,(#6767,#6774),.PCURVE_S1.);
#6763 = LINE('',#6764,#6765);
#6764 = CARTESIAN_POINT('',(30.,-8.,10.));
#6765 = VECTOR('',#6766,1.);
#6766 = DIRECTION('',(0.,1.,0.));
#6767 = PCURVE('',#6478,#6768);
#6768 = DEFINITIONAL_REPRESENTATION('',(#6769),#6773);
#6769 = LINE('',#6770,#6771);
#6770 = CARTESIAN_POINT('',(30.,0.));
#6771 = VECTOR('',#6772,1.);
#6772 = DIRECTION('',(0.,1.));
#6773 = ( GEOMETRIC_REPRESENTATION_CONTEXT(2) 
PARAMETRIC_REPRESENTATION_CONTEXT() REPRESENTATION_CONTEXT('2D SPACE',''
  ) );
#6774 = PCURVE('',#6775,#6780);
#6775 = PLANE('',#6776);
#6776 = AXIS2_PLACEMENT_3D('',#6777,#6778,#6779);
#6777 = CARTESIAN_POINT('',(30.,-8.,-10.));
#6778 = DIRECTION('',(1.,0.,0.));
#6779 = DIRECTION('',(0.,0.,1.));
#6780 = DEFINITIONAL_REPRESENTATION('',(#6781),#6785);
#6781 = LINE('',#6782,#6783);
#6782 = CARTESIAN_POINT('',(20.,0.));
#6783 = VECTOR('',#6784,1.);
#6784 = DIRECTION('',(0.,-1.));
#6785 = ( GEOMETRIC_REPRESENTATION_CONTEXT(2) 
PARAMETRIC_REPRESENTATION_CONTEXT() REPRESENTATION_CONTEXT('2D SPACE',''
  ) );
#6786 = ADVANCED_FACE('',(#6787),#6424,.F.);
#6787 = FACE_BOUND('',#6788,.F.);
#6788 = EDGE_LOOP('',(#6789,#6812,#6813,#6814,#6837,#6858,#6884,#6905));
#6789 = ORIENTED_EDGE('',*,*,#6790,.F.);
#6790 = EDGE_CURVE('',#6409,#6791,#6793,.T.);
#6791 = VERTEX_POINT('',#6792);
#6792 = CARTESIAN_POINT('',(30.,8.,-10.));
#6793 = SURFACE_CURVE('',#6794,(#6798,#6805),.PCURVE_S1.);
#6794 = LINE('',#6795,#6796);
#6795 = CARTESIAN_POINT('',(0.,8.,-10.));
#6796 = VECTOR('',#6797,1.);
#6797 = DIRECTION('',(1.,0.,0.));
#6798 = PCURVE('',#6424,#6799);
#6799 = DEFINITIONAL_REPRESENTATION('',(#6800),#6804);
#6800 = LINE('',#6801,#6802);
#6801 = CARTESIAN_POINT('',(0.,16.));
#6802 = VECTOR('',#6803,1.);
#6803 = DIRECTION('',(1.,0.));
#6804 = ( GEOMETRIC_REPRESENTATION_CONTEXT(2) 
PARAMETRIC_REPRESENTATION_CONTEXT() REPRESENTATION_CONTEXT('2D SPACE',''
  ) );
#6805 = PCURVE('',#6452,#6806);
#6806 = DEFINITIONAL_REPRESENTATION('',(#6807),#6811);
#6807 = LINE('',#6808,#6809);
#6808 = CARTESIAN_POINT('',(0.,0.));
#6809 = VECTOR('',#6810,1.);
#6810 = DIRECTION('',(0.,1.));
#6811 = ( GEOMETRIC_REPRESENTATION_CONTEXT(2) 
PARAMETRIC_REPRESENTATION_CONTEXT() REPRESENTATION_CONTEXT('2D SPACE',''
  ) );
#6812 = ORIENTED_EDGE('',*,*,#6408,.F.);
#6813 = ORIENTED_EDGE('',*,*,#6528,.T.);
#6814 = ORIENTED_EDGE('',*,*,#6815,.T.);
#6815 = EDGE_CURVE('',#6529,#6816,#6818,.T.);
#6816 = VERTEX_POINT('',#6817);
#6817 = CARTESIAN_POINT('',(30.,-4.,-10.));
#6818 = SURFACE_CURVE('',#6819,(#6823,#6830),.PCURVE_S1.);
#6819 = LINE('',#6820,#6821);
#6820 = CARTESIAN_POINT('',(30.,-8.,-10.));
#6821 = VECTOR('',#6822,1.);
#6822 = DIRECTION('',(0.,1.,0.));
#6823 = PCURVE('',#6424,#6824);
#6824 = DEFINITIONAL_REPRESENTATION('',(#6825),#6829);
#6825 = LINE('',#6826,#6827);
#6826 = CARTESIAN_POINT('',(30.,0.));
#6827 = VECTOR('',#6828,1.);
#6828 = DIRECTION('',(0.,1.));
#6829 = ( GEOMETRIC_REPRESENTATION_CONTEXT(2) 
PARAMETRIC_REPRESENTATION_CONTEXT() REPRESENTATION_CONTEXT('2D SPACE',''
  ) );
#6830 = PCURVE('',#6589,#6831);
#6831 = DEFINITIONAL_REPRESENTATION('',(#6832),#6836);
#6832 = LINE('',#6833,#6834);
#6833 = CARTESIAN_POINT('',(0.,0.));
#6834 = VECTOR('',#6835,1.);
#6835 = DIRECTION('',(0.,-1.));
#6836 = ( GEOMETRIC_REPRESENTATION_CONTEXT(2) 
PARAMETRIC_REPRESENTATION_CONTEXT() REPRESENTATION_CONTEXT('2D SPACE',''
  ) );
#6837 = ORIENTED_EDGE('',*,*,#6838,.T.);
#6838 = EDGE_CURVE('',#6816,#6839,#6841,.T.);
#6839 = VERTEX_POINT('',#6840);
#6840 = CARTESIAN_POINT('',(11.5,-4.,-10.));
#6841 = SURFACE_CURVE('',#6842,(#6846,#6852),.PCURVE_S1.);
#6842 = LINE('',#6843,#6844);
#6843 = CARTESIAN_POINT('',(5.75,-4.,-10.));
#6844 = VECTOR('',#6845,1.);
#6845 = DIRECTION('',(-1.,0.,0.));
#6846 = PCURVE('',#6424,#6847);
#6847 = DEFINITIONAL_REPRESENTATION('',(#6848),#6851);
#6848 = B_SPLINE_CURVE_WITH_KNOTS('',1,(#6849,#6850),.UNSPECIFIED.,.F.,
  .F.,(2,2),(-24.25,-5.75),.PIECEWISE_BEZIER_KNOTS.);
#6849 = CARTESIAN_POINT('',(30.,4.));
#6850 = CARTESIAN_POINT('',(11.5,4.));
#6851 = ( GEOMETRIC_REPRESENTATION_CONTEXT(2) 
PARAMETRIC_REPRESENTATION_CONTEXT() REPRESENTATION_CONTEXT('2D SPACE',''
  ) );
#6852 = PCURVE('',#6698,#6853);
#6853 = DEFINITIONAL_REPRESENTATION('',(#6854),#6857);
#6854 = B_SPLINE_CURVE_WITH_KNOTS('',1,(#6855,#6856),.UNSPECIFIED.,.F.,
  .F.,(2,2),(-24.25,-5.75),.PIECEWISE_BEZIER_KNOTS.);
#6855 = CARTESIAN_POINT('',(1.,18.5));
#6856 = CARTESIAN_POINT('',(1.,0.));
#6857 = ( GEOMETRIC_REPRESENTATION_CONTEXT(2) 
PARAMETRIC_REPRESENTATION_CONTEXT() REPRESENTATION_CONTEXT('2D SPACE',''
  ) );
#6858 = ORIENTED_EDGE('',*,*,#6859,.T.);
#6859 = EDGE_CURVE('',#6839,#6860,#6862,.T.);
#6860 = VERTEX_POINT('',#6861);
#6861 = CARTESIAN_POINT('',(11.5,4.,-10.));
#6862 = SURFACE_CURVE('',#6863,(#6867,#6873),.PCURVE_S1.);
#6863 = LINE('',#6864,#6865);
#6864 = CARTESIAN_POINT('',(11.5,-6.,-10.));
#6865 = VECTOR('',#6866,1.);
#6866 = DIRECTION('',(0.,1.,0.));
#6867 = PCURVE('',#6424,#6868);
#6868 = DEFINITIONAL_REPRESENTATION('',(#6869),#6872);
#6869 = B_SPLINE_CURVE_WITH_KNOTS('',1,(#6870,#6871),.UNSPECIFIED.,.F.,
  .F.,(2,2),(2.,10.),.PIECEWISE_BEZIER_KNOTS.);
#6870 = CARTESIAN_POINT('',(11.5,4.));
#6871 = CARTESIAN_POINT('',(11.5,12.));
#6872 = ( GEOMETRIC_REPRESENTATION_CONTEXT(2) 
PARAMETRIC_REPRESENTATION_CONTEXT() REPRESENTATION_CONTEXT('2D SPACE',''
  ) );
#6873 = PCURVE('',#6874,#6879);
#6874 = PLANE('',#6875);
#6875 = AXIS2_PLACEMENT_3D('',#6876,#6877,#6878);
#6876 = CARTESIAN_POINT('',(11.5,-4.,-11.));
#6877 = DIRECTION('',(1.,0.,0.));
#6878 = DIRECTION('',(0.,0.,1.));
#6879 = DEFINITIONAL_REPRESENTATION('',(#6880),#6883);
#6880 = B_SPLINE_CURVE_WITH_KNOTS('',1,(#6881,#6882),.UNSPECIFIED.,.F.,
  .F.,(2,2),(2.,10.),.PIECEWISE_BEZIER_KNOTS.);
#6881 = CARTESIAN_POINT('',(1.,0.));
#6882 = CARTESIAN_POINT('',(1.,-8.));
#6883 = ( GEOMETRIC_REPRESENTATION_CONTEXT(2) 
PARAMETRIC_REPRESENTATION_CONTEXT() REPRESENTATION_CONTEXT('2D SPACE',''
  ) );
#6884 = ORIENTED_EDGE('',*,*,#6885,.F.);
#6885 = EDGE_CURVE('',#6886,#6860,#6888,.T.);
#6886 = VERTEX_POINT('',#6887);
#6887 = CARTESIAN_POINT('',(30.,4.,-10.));
#6888 = SURFACE_CURVE('',#6889,(#6893,#6899),.PCURVE_S1.);
#6889 = LINE('',#6890,#6891);
#6890 = CARTESIAN_POINT('',(5.75,4.,-10.));
#6891 = VECTOR('',#6892,1.);
#6892 = DIRECTION('',(-1.,0.,0.));
#6893 = PCURVE('',#6424,#6894);
#6894 = DEFINITIONAL_REPRESENTATION('',(#6895),#6898);
#6895 = B_SPLINE_CURVE_WITH_KNOTS('',1,(#6896,#6897),.UNSPECIFIED.,.F.,
  .F.,(2,2),(-24.25,-5.75),.PIECEWISE_BEZIER_KNOTS.);
#6896 = CARTESIAN_POINT('',(30.,12.));
#6897 = CARTESIAN_POINT('',(11.5,12.));
#6898 = ( GEOMETRIC_REPRESENTATION_CONTEXT(2) 
PARAMETRIC_REPRESENTATION_CONTEXT() REPRESENTATION_CONTEXT('2D SPACE',''
  ) );
#6899 = PCURVE('',#6750,#6900);
#6900 = DEFINITIONAL_REPRESENTATION('',(#6901),#6904);
#6901 = B_SPLINE_CURVE_WITH_KNOTS('',1,(#6902,#6903),.UNSPECIFIED.,.F.,
  .F.,(2,2),(-24.25,-5.75),.PIECEWISE_BEZIER_KNOTS.);
#6902 = CARTESIAN_POINT('',(1.,18.5));
#6903 = CARTESIAN_POINT('',(1.,0.));
#6904 = ( GEOMETRIC_REPRESENTATION_CONTEXT(2) 
PARAMETRIC_REPRESENTATION_CONTEXT() REPRESENTATION_CONTEXT('2D SPACE',''
  ) );
#6905 = ORIENTED_EDGE('',*,*,#6906,.T.);
#6906 = EDGE_CURVE('',#6886,#6791,#6907,.T.);
#6907 = SURFACE_CURVE('',#6908,(#6912,#6919),.PCURVE_S1.);
#6908 = LINE('',#6909,#6910);
#6909 = CARTESIAN_POINT('',(30.,-8.,-10.));
#6910 = VECTOR('',#6911,1.);
#6911 = DIRECTION('',(0.,1.,0.));
#6912 = PCURVE('',#6424,#6913);
#6913 = DEFINITIONAL_REPRESENTATION('',(#6914),#6918);
#6914 = LINE('',#6915,#6916);
#6915 = CARTESIAN_POINT('',(30.,0.));
#6916 = VECTOR('',#6917,1.);
#6917 = DIRECTION('',(0.,1.));
#6918 = ( GEOMETRIC_REPRESENTATION_CONTEXT(2) 
PARAMETRIC_REPRESENTATION_CONTEXT() REPRESENTATION_CONTEXT('2D SPACE',''
  ) );
#6919 = PCURVE('',#6775,#6920);
#6920 = DEFINITIONAL_REPRESENTATION('',(#6921),#6925);
#6921 = LINE('',#6922,#6923);
#6922 = CARTESIAN_POINT('',(0.,0.));
#6923 = VECTOR('',#6924,1.);
#6924 = DIRECTION('',(0.,-1.));
#6925 = ( GEOMETRIC_REPRESENTATION_CONTEXT(2) 
PARAMETRIC_REPRESENTATION_CONTEXT() REPRESENTATION_CONTEXT('2D SPACE',''
  ) );
#6926 = ADVANCED_FACE('',(#6927,#6953),#6452,.T.);
#6927 = FACE_BOUND('',#6928,.T.);
#6928 = EDGE_LOOP('',(#6929,#6930,#6931,#6932));
#6929 = ORIENTED_EDGE('',*,*,#6790,.F.);
#6930 = ORIENTED_EDGE('',*,*,#6436,.T.);
#6931 = ORIENTED_EDGE('',*,*,#6635,.T.);
#6932 = ORIENTED_EDGE('',*,*,#6933,.F.);
#6933 = EDGE_CURVE('',#6791,#6636,#6934,.T.);
#6934 = SURFACE_CURVE('',#6935,(#6939,#6946),.PCURVE_S1.);
#6935 = LINE('',#6936,#6937);
#6936 = CARTESIAN_POINT('',(30.,8.,-10.));
#6937 = VECTOR('',#6938,1.);
#6938 = DIRECTION('',(0.,0.,1.));
#6939 = PCURVE('',#6452,#6940);
#6940 = DEFINITIONAL_REPRESENTATION('',(#6941),#6945);
#6941 = LINE('',#6942,#6943);
#6942 = CARTESIAN_POINT('',(0.,30.));
#6943 = VECTOR('',#6944,1.);
#6944 = DIRECTION('',(1.,0.));
#6945 = ( GEOMETRIC_REPRESENTATION_CONTEXT(2) 
PARAMETRIC_REPRESENTATION_CONTEXT() REPRESENTATION_CONTEXT('2D SPACE',''
  ) );
#6946 = PCURVE('',#6775,#6947);
#6947 = DEFINITIONAL_REPRESENTATION('',(#6948),#6952);
#6948 = LINE('',#6949,#6950);
#6949 = CARTESIAN_POINT('',(0.,-16.));
#6950 = VECTOR('',#6951,1.);
#6951 = DIRECTION('',(1.,0.));
#6952 = ( GEOMETRIC_REPRESENTATION_CONTEXT(2) 
PARAMETRIC_REPRESENTATION_CONTEXT() REPRESENTATION_CONTEXT('2D SPACE',''
  ) );
#6953 = FACE_BOUND('',#6954,.T.);
#6954 = EDGE_LOOP('',(#6955));
#6955 = ORIENTED_EDGE('',*,*,#6956,.T.);
#6956 = EDGE_CURVE('',#6957,#6957,#6959,.T.);
#6957 = VERTEX_POINT('',#6958);
#6958 = CARTESIAN_POINT('',(25.,8.,0.));
#6959 = SURFACE_CURVE('',#6960,(#6965,#6976),.PCURVE_S1.);
#6960 = CIRCLE('',#6961,4.);
#6961 = AXIS2_PLACEMENT_3D('',#6962,#6963,#6964);
#6962 = CARTESIAN_POINT('',(21.,8.,0.));
#6963 = DIRECTION('',(0.,-1.,0.));
#6964 = DIRECTION('',(1.,0.,0.));
#6965 = PCURVE('',#6452,#6966);
#6966 = DEFINITIONAL_REPRESENTATION('',(#6967),#6975);
#6967 = ( BOUNDED_CURVE() B_SPLINE_CURVE(2,(#6968,#6969,#6970,#6971,
#6972,#6973,#6974),.UNSPECIFIED.,.T.,.F.) B_SPLINE_CURVE_WITH_KNOTS((1,2
    ,2,2,2,1),(-2.094395102393,0.,2.094395102393,4.188790204786,
6.28318530718,8.377580409573),.UNSPECIFIED.) CURVE() 
GEOMETRIC_REPRESENTATION_ITEM() RATIONAL_B_SPLINE_CURVE((1.,0.5,1.,0.5,
1.,0.5,1.)) REPRESENTATION_ITEM('') );
#6968 = CARTESIAN_POINT('',(10.,25.));
#6969 = CARTESIAN_POINT('',(16.928203230276,25.));
#6970 = CARTESIAN_POINT('',(13.464101615138,19.));
#6971 = CARTESIAN_POINT('',(10.,13.));
#6972 = CARTESIAN_POINT('',(6.535898384862,19.));
#6973 = CARTESIAN_POINT('',(3.071796769724,25.));
#6974 = CARTESIAN_POINT('',(10.,25.));
#6975 = ( GEOMETRIC_REPRESENTATION_CONTEXT(2) 
PARAMETRIC_REPRESENTATION_CONTEXT() REPRESENTATION_CONTEXT('2D SPACE',''
  ) );
#6976 = PCURVE('',#6977,#6982);
#6977 = CYLINDRICAL_SURFACE('',#6978,4.);
#6978 = AXIS2_PLACEMENT_3D('',#6979,#6980,#6981);
#6979 = CARTESIAN_POINT('',(21.,0.,0.));
#6980 = DIRECTION('',(0.,-1.,0.));
#6981 = DIRECTION('',(1.,0.,0.));
#6982 = DEFINITIONAL_REPRESENTATION('',(#6983),#6987);
#6983 = LINE('',#6984,#6985);
#6984 = CARTESIAN_POINT('',(0.,-8.));
#6985 = VECTOR('',#6986,1.);
#6986 = DIRECTION('',(1.,0.));
#6987 = ( GEOMETRIC_REPRESENTATION_CONTEXT(2) 
PARAMETRIC_REPRESENTATION_CONTEXT() REPRESENTATION_CONTEXT('2D SPACE',''
  ) );
#6988 = ADVANCED_FACE('',(#6989),#6513,.F.);
#6989 = FACE_BOUND('',#6990,.T.);
#6990 = EDGE_LOOP('',(#6991,#6992,#7015,#7044,#7065,#7093,#7114,#7143,
    #7164,#7192,#7213,#7235));
#6991 = ORIENTED_EDGE('',*,*,#6492,.T.);
#6992 = ORIENTED_EDGE('',*,*,#6993,.T.);
#6993 = EDGE_CURVE('',#6493,#6994,#6996,.T.);
#6994 = VERTEX_POINT('',#6995);
#6995 = CARTESIAN_POINT('',(12.,5.,0.));
#6996 = SEAM_CURVE('',#6997,(#7001,#7008),.PCURVE_S1.);
#6997 = LINE('',#6998,#6999);
#6998 = CARTESIAN_POINT('',(-1.,5.,0.));
#6999 = VECTOR('',#7000,1.);
#7000 = DIRECTION('',(1.,0.,0.));
#7001 = PCURVE('',#6513,#7002);
#7002 = DEFINITIONAL_REPRESENTATION('',(#7003),#7007);
#7003 = LINE('',#7004,#7005);
#7004 = CARTESIAN_POINT('',(-6.28318530718,0.));
#7005 = VECTOR('',#7006,1.);
#7006 = DIRECTION('',(-0.,-1.));
#7007 = ( GEOMETRIC_REPRESENTATION_CONTEXT(2) 
PARAMETRIC_REPRESENTATION_CONTEXT() REPRESENTATION_CONTEXT('2D SPACE',''
  ) );
#7008 = PCURVE('',#6513,#7009);
#7009 = DEFINITIONAL_REPRESENTATION('',(#7010),#7014);
#7010 = LINE('',#7011,#7012);
#7011 = CARTESIAN_POINT('',(-0.,0.));
#7012 = VECTOR('',#7013,1.);
#7013 = DIRECTION('',(-0.,-1.));
#7014 = ( GEOMETRIC_REPRESENTATION_CONTEXT(2) 
PARAMETRIC_REPRESENTATION_CONTEXT() REPRESENTATION_CONTEXT('2D SPACE',''
  ) );
#7015 = ORIENTED_EDGE('',*,*,#7016,.T.);
#7016 = EDGE_CURVE('',#6994,#7017,#7019,.T.);
#7017 = VERTEX_POINT('',#7018);
#7018 = CARTESIAN_POINT('',(12.,4.,3.));
#7019 = SURFACE_CURVE('',#7020,(#7025,#7032),.PCURVE_S1.);
#7020 = CIRCLE('',#7021,5.);
#7021 = AXIS2_PLACEMENT_3D('',#7022,#7023,#7024);
#7022 = CARTESIAN_POINT('',(12.,0.,0.));
#7023 = DIRECTION('',(1.,0.,0.));
#7024 = DIRECTION('',(0.,1.,0.));
#7025 = PCURVE('',#6513,#7026);
#7026 = DEFINITIONAL_REPRESENTATION('',(#7027),#7031);
#7027 = LINE('',#7028,#7029);
#7028 = CARTESIAN_POINT('',(-0.,-13.));
#7029 = VECTOR('',#7030,1.);
#7030 = DIRECTION('',(-1.,0.));
#7031 = ( GEOMETRIC_REPRESENTATION_CONTEXT(2) 
PARAMETRIC_REPRESENTATION_CONTEXT() REPRESENTATION_CONTEXT('2D SPACE',''
  ) );
#7032 = PCURVE('',#7033,#7038);
#7033 = PLANE('',#7034);
#7034 = AXIS2_PLACEMENT_3D('',#7035,#7036,#7037);
#7035 = CARTESIAN_POINT('',(12.,-2.734880265079E-16,3.428682531579E-16)
  );
#7036 = DIRECTION('',(1.,0.,0.));
#7037 = DIRECTION('',(-0.,0.,1.));
#7038 = DEFINITIONAL_REPRESENTATION('',(#7039),#7043);
#7039 = CIRCLE('',#7040,5.);
#7040 = AXIS2_PLACEMENT_2D('',#7041,#7042);
#7041 = CARTESIAN_POINT('',(-3.428682531579E-16,-2.734880265079E-16));
#7042 = DIRECTION('',(0.,-1.));
#7043 = ( GEOMETRIC_REPRESENTATION_CONTEXT(2) 
PARAMETRIC_REPRESENTATION_CONTEXT() REPRESENTATION_CONTEXT('2D SPACE',''
  ) );
#7044 = ORIENTED_EDGE('',*,*,#7045,.T.);
#7045 = EDGE_CURVE('',#7017,#7046,#7048,.T.);
#7046 = VERTEX_POINT('',#7047);
#7047 = CARTESIAN_POINT('',(11.5,4.,3.));
#7048 = SURFACE_CURVE('',#7049,(#7053,#7059),.PCURVE_S1.);
#7049 = LINE('',#7050,#7051);
#7050 = CARTESIAN_POINT('',(-1.,4.,3.));
#7051 = VECTOR('',#7052,1.);
#7052 = DIRECTION('',(-1.,-0.,-0.));
#7053 = PCURVE('',#6513,#7054);
#7054 = DEFINITIONAL_REPRESENTATION('',(#7055),#7058);
#7055 = B_SPLINE_CURVE_WITH_KNOTS('',1,(#7056,#7057),.UNSPECIFIED.,.F.,
  .F.,(2,2),(-13.0000006,-10.65),.PIECEWISE_BEZIER_KNOTS.);
#7056 = CARTESIAN_POINT('',(-0.643501108793,-13.0000006));
#7057 = CARTESIAN_POINT('',(-0.643501108793,-10.65));
#7058 = ( GEOMETRIC_REPRESENTATION_CONTEXT(2) 
PARAMETRIC_REPRESENTATION_CONTEXT() REPRESENTATION_CONTEXT('2D SPACE',''
  ) );
#7059 = PCURVE('',#6750,#7060);
#7060 = DEFINITIONAL_REPRESENTATION('',(#7061),#7064);
#7061 = B_SPLINE_CURVE_WITH_KNOTS('',1,(#7062,#7063),.UNSPECIFIED.,.F.,
  .F.,(2,2),(-13.0000006,-10.65),.PIECEWISE_BEZIER_KNOTS.);
#7062 = CARTESIAN_POINT('',(14.,0.5000006));
#7063 = CARTESIAN_POINT('',(14.,-1.85));
#7064 = ( GEOMETRIC_REPRESENTATION_CONTEXT(2) 
PARAMETRIC_REPRESENTATION_CONTEXT() REPRESENTATION_CONTEXT('2D SPACE',''
  ) );
#7065 = ORIENTED_EDGE('',*,*,#7066,.F.);
#7066 = EDGE_CURVE('',#7067,#7046,#7069,.T.);
#7067 = VERTEX_POINT('',#7068);
#7068 = CARTESIAN_POINT('',(11.5,-4.,3.));
#7069 = SURFACE_CURVE('',#7070,(#7075,#7082),.PCURVE_S1.);
#7070 = CIRCLE('',#7071,5.);
#7071 = AXIS2_PLACEMENT_3D('',#7072,#7073,#7074);
#7072 = CARTESIAN_POINT('',(11.5,0.,0.));
#7073 = DIRECTION('',(-1.,0.,0.));
#7074 = DIRECTION('',(0.,1.,0.));
#7075 = PCURVE('',#6513,#7076);
#7076 = DEFINITIONAL_REPRESENTATION('',(#7077),#7081);
#7077 = LINE('',#7078,#7079);
#7078 = CARTESIAN_POINT('',(-6.28318530718,-12.5));
#7079 = VECTOR('',#7080,1.);
#7080 = DIRECTION('',(1.,-0.));
#7081 = ( GEOMETRIC_REPRESENTATION_CONTEXT(2) 
PARAMETRIC_REPRESENTATION_CONTEXT() REPRESENTATION_CONTEXT('2D SPACE',''
  ) );
#7082 = PCURVE('',#6724,#7083);
#7083 = DEFINITIONAL_REPRESENTATION('',(#7084),#7092);
#7084 = ( BOUNDED_CURVE() B_SPLINE_CURVE(2,(#7085,#7086,#7087,#7088,
#7089,#7090,#7091),.UNSPECIFIED.,.T.,.F.) B_SPLINE_CURVE_WITH_KNOTS((1,2
    ,2,2,2,1),(-2.094395102393,0.,2.094395102393,4.188790204786,
6.28318530718,8.377580409573),.UNSPECIFIED.) CURVE() 
GEOMETRIC_REPRESENTATION_ITEM() RATIONAL_B_SPLINE_CURVE((1.,0.5,1.,0.5,
1.,0.5,1.)) REPRESENTATION_ITEM('') );
#7085 = CARTESIAN_POINT('',(11.,-9.));
#7086 = CARTESIAN_POINT('',(2.339745962156,-9.));
#7087 = CARTESIAN_POINT('',(6.669872981078,-1.5));
#7088 = CARTESIAN_POINT('',(11.,6.));
#7089 = CARTESIAN_POINT('',(15.330127018922,-1.5));
#7090 = CARTESIAN_POINT('',(19.660254037844,-9.));
#7091 = CARTESIAN_POINT('',(11.,-9.));
#7092 = ( GEOMETRIC_REPRESENTATION_CONTEXT(2) 
PARAMETRIC_REPRESENTATION_CONTEXT() REPRESENTATION_CONTEXT('2D SPACE',''
  ) );
#7093 = ORIENTED_EDGE('',*,*,#7094,.F.);
#7094 = EDGE_CURVE('',#7095,#7067,#7097,.T.);
#7095 = VERTEX_POINT('',#7096);
#7096 = CARTESIAN_POINT('',(12.,-4.,3.));
#7097 = SURFACE_CURVE('',#7098,(#7102,#7108),.PCURVE_S1.);
#7098 = LINE('',#7099,#7100);
#7099 = CARTESIAN_POINT('',(-1.,-4.,3.));
#7100 = VECTOR('',#7101,1.);
#7101 = DIRECTION('',(-1.,-0.,-0.));
#7102 = PCURVE('',#6513,#7103);
#7103 = DEFINITIONAL_REPRESENTATION('',(#7104),#7107);
#7104 = B_SPLINE_CURVE_WITH_KNOTS('',1,(#7105,#7106),.UNSPECIFIED.,.F.,
  .F.,(2,2),(-13.0000006,-10.65),.PIECEWISE_BEZIER_KNOTS.);
#7105 = CARTESIAN_POINT('',(-2.498091544797,-13.0000006));
#7106 = CARTESIAN_POINT('',(-2.498091544797,-10.65));
#7107 = ( GEOMETRIC_REPRESENTATION_CONTEXT(2) 
PARAMETRIC_REPRESENTATION_CONTEXT() REPRESENTATION_CONTEXT('2D SPACE',''
  ) );
#7108 = PCURVE('',#6698,#7109);
#7109 = DEFINITIONAL_REPRESENTATION('',(#7110),#7113);
#7110 = B_SPLINE_CURVE_WITH_KNOTS('',1,(#7111,#7112),.UNSPECIFIED.,.F.,
  .F.,(2,2),(-13.0000006,-10.65),.PIECEWISE_BEZIER_KNOTS.);
#7111 = CARTESIAN_POINT('',(14.,0.5000006));
#7112 = CARTESIAN_POINT('',(14.,-1.85));
#7113 = ( GEOMETRIC_REPRESENTATION_CONTEXT(2) 
PARAMETRIC_REPRESENTATION_CONTEXT() REPRESENTATION_CONTEXT('2D SPACE',''
  ) );
#7114 = ORIENTED_EDGE('',*,*,#7115,.T.);
#7115 = EDGE_CURVE('',#7095,#7116,#7118,.T.);
#7116 = VERTEX_POINT('',#7117);
#7117 = CARTESIAN_POINT('',(12.,-4.,-3.));
#7118 = SURFACE_CURVE('',#7119,(#7124,#7131),.PCURVE_S1.);
#7119 = CIRCLE('',#7120,5.);
#7120 = AXIS2_PLACEMENT_3D('',#7121,#7122,#7123);
#7121 = CARTESIAN_POINT('',(12.,0.,0.));
#7122 = DIRECTION('',(1.,0.,0.));
#7123 = DIRECTION('',(0.,1.,0.));
#7124 = PCURVE('',#6513,#7125);
#7125 = DEFINITIONAL_REPRESENTATION('',(#7126),#7130);
#7126 = LINE('',#7127,#7128);
#7127 = CARTESIAN_POINT('',(-0.,-13.));
#7128 = VECTOR('',#7129,1.);
#7129 = DIRECTION('',(-1.,0.));
#7130 = ( GEOMETRIC_REPRESENTATION_CONTEXT(2) 
PARAMETRIC_REPRESENTATION_CONTEXT() REPRESENTATION_CONTEXT('2D SPACE',''
  ) );
#7131 = PCURVE('',#7132,#7137);
#7132 = PLANE('',#7133);
#7133 = AXIS2_PLACEMENT_3D('',#7134,#7135,#7136);
#7134 = CARTESIAN_POINT('',(12.,-2.734880265079E-16,3.428682531579E-16)
  );
#7135 = DIRECTION('',(1.,0.,0.));
#7136 = DIRECTION('',(-0.,0.,1.));
#7137 = DEFINITIONAL_REPRESENTATION('',(#7138),#7142);
#7138 = CIRCLE('',#7139,5.);
#7139 = AXIS2_PLACEMENT_2D('',#7140,#7141);
#7140 = CARTESIAN_POINT('',(-3.428682531579E-16,-2.734880265079E-16));
#7141 = DIRECTION('',(0.,-1.));
#7142 = ( GEOMETRIC_REPRESENTATION_CONTEXT(2) 
PARAMETRIC_REPRESENTATION_CONTEXT() REPRESENTATION_CONTEXT('2D SPACE',''
  ) );
#7143 = ORIENTED_EDGE('',*,*,#7144,.T.);
#7144 = EDGE_CURVE('',#7116,#7145,#7147,.T.);
#7145 = VERTEX_POINT('',#7146);
#7146 = CARTESIAN_POINT('',(11.5,-4.,-3.));
#7147 = SURFACE_CURVE('',#7148,(#7152,#7158),.PCURVE_S1.);
#7148 = LINE('',#7149,#7150);
#7149 = CARTESIAN_POINT('',(-1.,-4.,-3.));
#7150 = VECTOR('',#7151,1.);
#7151 = DIRECTION('',(-1.,-0.,-0.));
#7152 = PCURVE('',#6513,#7153);
#7153 = DEFINITIONAL_REPRESENTATION('',(#7154),#7157);
#7154 = B_SPLINE_CURVE_WITH_KNOTS('',1,(#7155,#7156),.UNSPECIFIED.,.F.,
  .F.,(2,2),(-13.0000006,-10.65),.PIECEWISE_BEZIER_KNOTS.);
#7155 = CARTESIAN_POINT('',(-3.785093762383,-13.0000006));
#7156 = CARTESIAN_POINT('',(-3.785093762383,-10.65));
#7157 = ( GEOMETRIC_REPRESENTATION_CONTEXT(2) 
PARAMETRIC_REPRESENTATION_CONTEXT() REPRESENTATION_CONTEXT('2D SPACE',''
  ) );
#7158 = PCURVE('',#6698,#7159);
#7159 = DEFINITIONAL_REPRESENTATION('',(#7160),#7163);
#7160 = B_SPLINE_CURVE_WITH_KNOTS('',1,(#7161,#7162),.UNSPECIFIED.,.F.,
  .F.,(2,2),(-13.0000006,-10.65),.PIECEWISE_BEZIER_KNOTS.);
#7161 = CARTESIAN_POINT('',(8.,0.5000006));
#7162 = CARTESIAN_POINT('',(8.,-1.85));
#7163 = ( GEOMETRIC_REPRESENTATION_CONTEXT(2) 
PARAMETRIC_REPRESENTATION_CONTEXT() REPRESENTATION_CONTEXT('2D SPACE',''
  ) );
#7164 = ORIENTED_EDGE('',*,*,#7165,.F.);
#7165 = EDGE_CURVE('',#7166,#7145,#7168,.T.);
#7166 = VERTEX_POINT('',#7167);
#7167 = CARTESIAN_POINT('',(11.5,4.,-3.));
#7168 = SURFACE_CURVE('',#7169,(#7174,#7181),.PCURVE_S1.);
#7169 = CIRCLE('',#7170,5.);
#7170 = AXIS2_PLACEMENT_3D('',#7171,#7172,#7173);
#7171 = CARTESIAN_POINT('',(11.5,0.,0.));
#7172 = DIRECTION('',(-1.,0.,0.));
#7173 = DIRECTION('',(0.,1.,0.));
#7174 = PCURVE('',#6513,#7175);
#7175 = DEFINITIONAL_REPRESENTATION('',(#7176),#7180);
#7176 = LINE('',#7177,#7178);
#7177 = CARTESIAN_POINT('',(-6.28318530718,-12.5));
#7178 = VECTOR('',#7179,1.);
#7179 = DIRECTION('',(1.,-0.));
#7180 = ( GEOMETRIC_REPRESENTATION_CONTEXT(2) 
PARAMETRIC_REPRESENTATION_CONTEXT() REPRESENTATION_CONTEXT('2D SPACE',''
  ) );
#7181 = PCURVE('',#6874,#7182);
#7182 = DEFINITIONAL_REPRESENTATION('',(#7183),#7191);
#7183 = ( BOUNDED_CURVE() B_SPLINE_CURVE(2,(#7184,#7185,#7186,#7187,
#7188,#7189,#7190),.UNSPECIFIED.,.T.,.F.) B_SPLINE_CURVE_WITH_KNOTS((1,2
    ,2,2,2,1),(-2.094395102393,0.,2.094395102393,4.188790204786,
6.28318530718,8.377580409573),.UNSPECIFIED.) CURVE() 
GEOMETRIC_REPRESENTATION_ITEM() RATIONAL_B_SPLINE_CURVE((1.,0.5,1.,0.5,
1.,0.5,1.)) REPRESENTATION_ITEM('') );
#7184 = CARTESIAN_POINT('',(11.,-9.));
#7185 = CARTESIAN_POINT('',(2.339745962156,-9.));
#7186 = CARTESIAN_POINT('',(6.669872981078,-1.5));
#7187 = CARTESIAN_POINT('',(11.,6.));
#7188 = CARTESIAN_POINT('',(15.330127018922,-1.5));
#7189 = CARTESIAN_POINT('',(19.660254037844,-9.));
#7190 = CARTESIAN_POINT('',(11.,-9.));
#7191 = ( GEOMETRIC_REPRESENTATION_CONTEXT(2) 
PARAMETRIC_REPRESENTATION_CONTEXT() REPRESENTATION_CONTEXT('2D SPACE',''
  ) );
#7192 = ORIENTED_EDGE('',*,*,#7193,.F.);
#7193 = EDGE_CURVE('',#7194,#7166,#7196,.T.);
#7194 = VERTEX_POINT('',#7195);
#7195 = CARTESIAN_POINT('',(12.,4.,-3.));
#7196 = SURFACE_CURVE('',#7197,(#7201,#7207),.PCURVE_S1.);
#7197 = LINE('',#7198,#7199);
#7198 = CARTESIAN_POINT('',(-1.,4.,-3.));
#7199 = VECTOR('',#7200,1.);
#7200 = DIRECTION('',(-1.,-0.,-0.));
#7201 = PCURVE('',#6513,#7202);
#7202 = DEFINITIONAL_REPRESENTATION('',(#7203),#7206);
#7203 = B_SPLINE_CURVE_WITH_KNOTS('',1,(#7204,#7205),.UNSPECIFIED.,.F.,
  .F.,(2,2),(-13.0000006,-10.65),.PIECEWISE_BEZIER_KNOTS.);
#7204 = CARTESIAN_POINT('',(-5.639684198386,-13.0000006));
#7205 = CARTESIAN_POINT('',(-5.639684198386,-10.65));
#7206 = ( GEOMETRIC_REPRESENTATION_CONTEXT(2) 
PARAMETRIC_REPRESENTATION_CONTEXT() REPRESENTATION_CONTEXT('2D SPACE',''
  ) );
#7207 = PCURVE('',#6750,#7208);
#7208 = DEFINITIONAL_REPRESENTATION('',(#7209),#7212);
#7209 = B_SPLINE_CURVE_WITH_KNOTS('',1,(#7210,#7211),.UNSPECIFIED.,.F.,
  .F.,(2,2),(-13.0000006,-10.65),.PIECEWISE_BEZIER_KNOTS.);
#7210 = CARTESIAN_POINT('',(8.,0.5000006));
#7211 = CARTESIAN_POINT('',(8.,-1.85));
#7212 = ( GEOMETRIC_REPRESENTATION_CONTEXT(2) 
PARAMETRIC_REPRESENTATION_CONTEXT() REPRESENTATION_CONTEXT('2D SPACE',''
  ) );
#7213 = ORIENTED_EDGE('',*,*,#7214,.T.);
#7214 = EDGE_CURVE('',#7194,#6994,#7215,.T.);
#7215 = SURFACE_CURVE('',#7216,(#7221,#7228),.PCURVE_S1.);
#7216 = CIRCLE('',#7217,5.);
#7217 = AXIS2_PLACEMENT_3D('',#7218,#7219,#7220);
#7218 = CARTESIAN_POINT('',(12.,0.,0.));
#7219 = DIRECTION('',(1.,0.,0.));
#7220 = DIRECTION('',(0.,1.,0.));
#7221 = PCURVE('',#6513,#7222);
#7222 = DEFINITIONAL_REPRESENTATION('',(#7223),#7227);
#7223 = LINE('',#7224,#7225);
#7224 = CARTESIAN_POINT('',(-0.,-13.));
#7225 = VECTOR('',#7226,1.);
#7226 = DIRECTION('',(-1.,0.));
#7227 = ( GEOMETRIC_REPRESENTATION_CONTEXT(2) 
PARAMETRIC_REPRESENTATION_CONTEXT() REPRESENTATION_CONTEXT('2D SPACE',''
  ) );
#7228 = PCURVE('',#7033,#7229);
#7229 = DEFINITIONAL_REPRESENTATION('',(#7230),#7234);
#7230 = CIRCLE('',#7231,5.);
#7231 = AXIS2_PLACEMENT_2D('',#7232,#7233);
#7232 = CARTESIAN_POINT('',(-3.428682531579E-16,-2.734880265079E-16));
#7233 = DIRECTION('',(0.,-1.));
#7234 = ( GEOMETRIC_REPRESENTATION_CONTEXT(2) 
PARAMETRIC_REPRESENTATION_CONTEXT() REPRESENTATION_CONTEXT('2D SPACE',''
  ) );
#7235 = ORIENTED_EDGE('',*,*,#6993,.F.);
#7236 = ADVANCED_FACE('',(#7237),#6589,.T.);
#7237 = FACE_BOUND('',#7238,.T.);
#7238 = EDGE_LOOP('',(#7239,#7240,#7241,#7242));
#7239 = ORIENTED_EDGE('',*,*,#6660,.F.);
#7240 = ORIENTED_EDGE('',*,*,#6575,.F.);
#7241 = ORIENTED_EDGE('',*,*,#6815,.T.);
#7242 = ORIENTED_EDGE('',*,*,#7243,.T.);
#7243 = EDGE_CURVE('',#6816,#6661,#7244,.T.);
#7244 = SURFACE_CURVE('',#7245,(#7249,#7255),.PCURVE_S1.);
#7245 = LINE('',#7246,#7247);
#7246 = CARTESIAN_POINT('',(30.,-4.,-10.5));
#7247 = VECTOR('',#7248,1.);
#7248 = DIRECTION('',(0.,0.,1.));
#7249 = PCURVE('',#6589,#7250);
#7250 = DEFINITIONAL_REPRESENTATION('',(#7251),#7254);
#7251 = B_SPLINE_CURVE_WITH_KNOTS('',1,(#7252,#7253),.UNSPECIFIED.,.F.,
  .F.,(2,2),(0.5,20.5),.PIECEWISE_BEZIER_KNOTS.);
#7252 = CARTESIAN_POINT('',(0.,-4.));
#7253 = CARTESIAN_POINT('',(20.,-4.));
#7254 = ( GEOMETRIC_REPRESENTATION_CONTEXT(2) 
PARAMETRIC_REPRESENTATION_CONTEXT() REPRESENTATION_CONTEXT('2D SPACE',''
  ) );
#7255 = PCURVE('',#6698,#7256);
#7256 = DEFINITIONAL_REPRESENTATION('',(#7257),#7260);
#7257 = B_SPLINE_CURVE_WITH_KNOTS('',1,(#7258,#7259),.UNSPECIFIED.,.F.,
  .F.,(2,2),(0.5,20.5),.PIECEWISE_BEZIER_KNOTS.);
#7258 = CARTESIAN_POINT('',(1.,18.5));
#7259 = CARTESIAN_POINT('',(21.,18.5));
#7260 = ( GEOMETRIC_REPRESENTATION_CONTEXT(2) 
PARAMETRIC_REPRESENTATION_CONTEXT() REPRESENTATION_CONTEXT('2D SPACE',''
  ) );
#7261 = ADVANCED_FACE('',(#7262),#6620,.F.);
#7262 = FACE_BOUND('',#7263,.T.);
#7263 = EDGE_LOOP('',(#7264,#7288,#7309,#7310));
#7264 = ORIENTED_EDGE('',*,*,#7265,.T.);
#7265 = EDGE_CURVE('',#7266,#7266,#7268,.T.);
#7266 = VERTEX_POINT('',#7267);
#7267 = CARTESIAN_POINT('',(25.,-4.,0.));
#7268 = SURFACE_CURVE('',#7269,(#7274,#7281),.PCURVE_S1.);
#7269 = CIRCLE('',#7270,4.);
#7270 = AXIS2_PLACEMENT_3D('',#7271,#7272,#7273);
#7271 = CARTESIAN_POINT('',(21.,-4.,0.));
#7272 = DIRECTION('',(-0.,1.,0.));
#7273 = DIRECTION('',(1.,0.,0.));
#7274 = PCURVE('',#6620,#7275);
#7275 = DEFINITIONAL_REPRESENTATION('',(#7276),#7280);
#7276 = LINE('',#7277,#7278);
#7277 = CARTESIAN_POINT('',(-6.28318530718,-4.));
#7278 = VECTOR('',#7279,1.);
#7279 = DIRECTION('',(1.,-0.));
#7280 = ( GEOMETRIC_REPRESENTATION_CONTEXT(2) 
PARAMETRIC_REPRESENTATION_CONTEXT() REPRESENTATION_CONTEXT('2D SPACE',''
  ) );
#7281 = PCURVE('',#6698,#7282);
#7282 = DEFINITIONAL_REPRESENTATION('',(#7283),#7287);
#7283 = CIRCLE('',#7284,4.);
#7284 = AXIS2_PLACEMENT_2D('',#7285,#7286);
#7285 = CARTESIAN_POINT('',(11.,9.5));
#7286 = DIRECTION('',(0.,1.));
#7287 = ( GEOMETRIC_REPRESENTATION_CONTEXT(2) 
PARAMETRIC_REPRESENTATION_CONTEXT() REPRESENTATION_CONTEXT('2D SPACE',''
  ) );
#7288 = ORIENTED_EDGE('',*,*,#7289,.T.);
#7289 = EDGE_CURVE('',#7266,#6604,#7290,.T.);
#7290 = SEAM_CURVE('',#7291,(#7295,#7302),.PCURVE_S1.);
#7291 = LINE('',#7292,#7293);
#7292 = CARTESIAN_POINT('',(25.,0.,0.));
#7293 = VECTOR('',#7294,1.);
#7294 = DIRECTION('',(0.,-1.,0.));
#7295 = PCURVE('',#6620,#7296);
#7296 = DEFINITIONAL_REPRESENTATION('',(#7297),#7301);
#7297 = LINE('',#7298,#7299);
#7298 = CARTESIAN_POINT('',(-6.28318530718,0.));
#7299 = VECTOR('',#7300,1.);
#7300 = DIRECTION('',(-0.,-1.));
#7301 = ( GEOMETRIC_REPRESENTATION_CONTEXT(2) 
PARAMETRIC_REPRESENTATION_CONTEXT() REPRESENTATION_CONTEXT('2D SPACE',''
  ) );
#7302 = PCURVE('',#6620,#7303);
#7303 = DEFINITIONAL_REPRESENTATION('',(#7304),#7308);
#7304 = LINE('',#7305,#7306);
#7305 = CARTESIAN_POINT('',(-0.,0.));
#7306 = VECTOR('',#7307,1.);
#7307 = DIRECTION('',(-0.,-1.));
#7308 = ( GEOMETRIC_REPRESENTATION_CONTEXT(2) 
PARAMETRIC_REPRESENTATION_CONTEXT() REPRESENTATION_CONTEXT('2D SPACE',''
  ) );
#7309 = ORIENTED_EDGE('',*,*,#6603,.F.);
#7310 = ORIENTED_EDGE('',*,*,#7289,.F.);
#7311 = ADVANCED_FACE('',(#7312),#6775,.T.);
#7312 = FACE_BOUND('',#7313,.T.);
#7313 = EDGE_LOOP('',(#7314,#7315,#7334,#7335));
#7314 = ORIENTED_EDGE('',*,*,#6761,.F.);
#7315 = ORIENTED_EDGE('',*,*,#7316,.F.);
#7316 = EDGE_CURVE('',#6886,#6736,#7317,.T.);
#7317 = SURFACE_CURVE('',#7318,(#7322,#7328),.PCURVE_S1.);
#7318 = LINE('',#7319,#7320);
#7319 = CARTESIAN_POINT('',(30.,4.,-10.5));
#7320 = VECTOR('',#7321,1.);
#7321 = DIRECTION('',(0.,0.,1.));
#7322 = PCURVE('',#6775,#7323);
#7323 = DEFINITIONAL_REPRESENTATION('',(#7324),#7327);
#7324 = B_SPLINE_CURVE_WITH_KNOTS('',1,(#7325,#7326),.UNSPECIFIED.,.F.,
  .F.,(2,2),(0.5,20.5),.PIECEWISE_BEZIER_KNOTS.);
#7325 = CARTESIAN_POINT('',(0.,-12.));
#7326 = CARTESIAN_POINT('',(20.,-12.));
#7327 = ( GEOMETRIC_REPRESENTATION_CONTEXT(2) 
PARAMETRIC_REPRESENTATION_CONTEXT() REPRESENTATION_CONTEXT('2D SPACE',''
  ) );
#7328 = PCURVE('',#6750,#7329);
#7329 = DEFINITIONAL_REPRESENTATION('',(#7330),#7333);
#7330 = B_SPLINE_CURVE_WITH_KNOTS('',1,(#7331,#7332),.UNSPECIFIED.,.F.,
  .F.,(2,2),(0.5,20.5),.PIECEWISE_BEZIER_KNOTS.);
#7331 = CARTESIAN_POINT('',(1.,18.5));
#7332 = CARTESIAN_POINT('',(21.,18.5));
#7333 = ( GEOMETRIC_REPRESENTATION_CONTEXT(2) 
PARAMETRIC_REPRESENTATION_CONTEXT() REPRESENTATION_CONTEXT('2D SPACE',''
  ) );
#7334 = ORIENTED_EDGE('',*,*,#6906,.T.);
#7335 = ORIENTED_EDGE('',*,*,#6933,.T.);
#7336 = ADVANCED_FACE('',(#7337,#7405),#6750,.F.);
#7337 = FACE_BOUND('',#7338,.F.);
#7338 = EDGE_LOOP('',(#7339,#7340,#7341,#7362,#7363,#7382,#7383,#7404));
#7339 = ORIENTED_EDGE('',*,*,#7316,.F.);
#7340 = ORIENTED_EDGE('',*,*,#6885,.T.);
#7341 = ORIENTED_EDGE('',*,*,#7342,.T.);
#7342 = EDGE_CURVE('',#6860,#7166,#7343,.T.);
#7343 = SURFACE_CURVE('',#7344,(#7348,#7355),.PCURVE_S1.);
#7344 = LINE('',#7345,#7346);
#7345 = CARTESIAN_POINT('',(11.5,4.,-11.));
#7346 = VECTOR('',#7347,1.);
#7347 = DIRECTION('',(0.,0.,1.));
#7348 = PCURVE('',#6750,#7349);
#7349 = DEFINITIONAL_REPRESENTATION('',(#7350),#7354);
#7350 = LINE('',#7351,#7352);
#7351 = CARTESIAN_POINT('',(0.,0.));
#7352 = VECTOR('',#7353,1.);
#7353 = DIRECTION('',(1.,0.));
#7354 = ( GEOMETRIC_REPRESENTATION_CONTEXT(2) 
PARAMETRIC_REPRESENTATION_CONTEXT() REPRESENTATION_CONTEXT('2D SPACE',''
  ) );
#7355 = PCURVE('',#6874,#7356);
#7356 = DEFINITIONAL_REPRESENTATION('',(#7357),#7361);
#7357 = LINE('',#7358,#7359);
#7358 = CARTESIAN_POINT('',(0.,-8.));
#7359 = VECTOR('',#7360,1.);
#7360 = DIRECTION('',(1.,0.));
#7361 = ( GEOMETRIC_REPRESENTATION_CONTEXT(2) 
PARAMETRIC_REPRESENTATION_CONTEXT() REPRESENTATION_CONTEXT('2D SPACE',''
  ) );
#7362 = ORIENTED_EDGE('',*,*,#7193,.F.);
#7363 = ORIENTED_EDGE('',*,*,#7364,.F.);
#7364 = EDGE_CURVE('',#7017,#7194,#7365,.T.);
#7365 = SURFACE_CURVE('',#7366,(#7370,#7376),.PCURVE_S1.);
#7366 = LINE('',#7367,#7368);
#7367 = CARTESIAN_POINT('',(12.,4.,-5.5));
#7368 = VECTOR('',#7369,1.);
#7369 = DIRECTION('',(0.,0.,-1.));
#7370 = PCURVE('',#6750,#7371);
#7371 = DEFINITIONAL_REPRESENTATION('',(#7372),#7375);
#7372 = B_SPLINE_CURVE_WITH_KNOTS('',1,(#7373,#7374),.UNSPECIFIED.,.F.,
  .F.,(2,2),(-10.5,-0.5),.PIECEWISE_BEZIER_KNOTS.);
#7373 = CARTESIAN_POINT('',(16.,0.5));
#7374 = CARTESIAN_POINT('',(6.,0.5));
#7375 = ( GEOMETRIC_REPRESENTATION_CONTEXT(2) 
PARAMETRIC_REPRESENTATION_CONTEXT() REPRESENTATION_CONTEXT('2D SPACE',''
  ) );
#7376 = PCURVE('',#7033,#7377);
#7377 = DEFINITIONAL_REPRESENTATION('',(#7378),#7381);
#7378 = B_SPLINE_CURVE_WITH_KNOTS('',1,(#7379,#7380),.UNSPECIFIED.,.F.,
  .F.,(2,2),(-10.5,-0.5),.PIECEWISE_BEZIER_KNOTS.);
#7379 = CARTESIAN_POINT('',(5.,-4.));
#7380 = CARTESIAN_POINT('',(-5.,-4.));
#7381 = ( GEOMETRIC_REPRESENTATION_CONTEXT(2) 
PARAMETRIC_REPRESENTATION_CONTEXT() REPRESENTATION_CONTEXT('2D SPACE',''
  ) );
#7382 = ORIENTED_EDGE('',*,*,#7045,.T.);
#7383 = ORIENTED_EDGE('',*,*,#7384,.T.);
#7384 = EDGE_CURVE('',#7046,#6710,#7385,.T.);
#7385 = SURFACE_CURVE('',#7386,(#7390,#7397),.PCURVE_S1.);
#7386 = LINE('',#7387,#7388);
#7387 = CARTESIAN_POINT('',(11.5,4.,-11.));
#7388 = VECTOR('',#7389,1.);
#7389 = DIRECTION('',(0.,0.,1.));
#7390 = PCURVE('',#6750,#7391);
#7391 = DEFINITIONAL_REPRESENTATION('',(#7392),#7396);
#7392 = LINE('',#7393,#7394);
#7393 = CARTESIAN_POINT('',(0.,0.));
#7394 = VECTOR('',#7395,1.);
#7395 = DIRECTION('',(1.,0.));
#7396 = ( GEOMETRIC_REPRESENTATION_CONTEXT(2) 
PARAMETRIC_REPRESENTATION_CONTEXT() REPRESENTATION_CONTEXT('2D SPACE',''
  ) );
#7397 = PCURVE('',#6724,#7398);
#7398 = DEFINITIONAL_REPRESENTATION('',(#7399),#7403);
#7399 = LINE('',#7400,#7401);
#7400 = CARTESIAN_POINT('',(0.,-8.));
#7401 = VECTOR('',#7402,1.);
#7402 = DIRECTION('',(1.,0.));
#7403 = ( GEOMETRIC_REPRESENTATION_CONTEXT(2) 
PARAMETRIC_REPRESENTATION_CONTEXT() REPRESENTATION_CONTEXT('2D SPACE',''
  ) );
#7404 = ORIENTED_EDGE('',*,*,#6735,.F.);
#7405 = FACE_BOUND('',#7406,.F.);
#7406 = EDGE_LOOP('',(#7407));
#7407 = ORIENTED_EDGE('',*,*,#7408,.T.);
#7408 = EDGE_CURVE('',#7409,#7409,#7411,.T.);
#7409 = VERTEX_POINT('',#7410);
#7410 = CARTESIAN_POINT('',(25.,4.,0.));
#7411 = SURFACE_CURVE('',#7412,(#7417,#7428),.PCURVE_S1.);
#7412 = CIRCLE('',#7413,4.);
#7413 = AXIS2_PLACEMENT_3D('',#7414,#7415,#7416);
#7414 = CARTESIAN_POINT('',(21.,4.,0.));
#7415 = DIRECTION('',(0.,-1.,0.));
#7416 = DIRECTION('',(1.,0.,0.));
#7417 = PCURVE('',#6750,#7418);
#7418 = DEFINITIONAL_REPRESENTATION('',(#7419),#7427);
#7419 = ( BOUNDED_CURVE() B_SPLINE_CURVE(2,(#7420,#7421,#7422,#7423,
#7424,#7425,#7426),.UNSPECIFIED.,.T.,.F.) B_SPLINE_CURVE_WITH_KNOTS((1,2
    ,2,2,2,1),(-2.094395102393,0.,2.094395102393,4.188790204786,
6.28318530718,8.377580409573),.UNSPECIFIED.) CURVE() 
GEOMETRIC_REPRESENTATION_ITEM() RATIONAL_B_SPLINE_CURVE((1.,0.5,1.,0.5,
1.,0.5,1.)) REPRESENTATION_ITEM('') );
#7420 = CARTESIAN_POINT('',(11.,13.5));
#7421 = CARTESIAN_POINT('',(17.928203230276,13.5));
#7422 = CARTESIAN_POINT('',(14.464101615138,7.5));
#7423 = CARTESIAN_POINT('',(11.,1.5));
#7424 = CARTESIAN_POINT('',(7.535898384862,7.5));
#7425 = CARTESIAN_POINT('',(4.071796769724,13.5));
#7426 = CARTESIAN_POINT('',(11.,13.5));
#7427 = ( GEOMETRIC_REPRESENTATION_CONTEXT(2) 
PARAMETRIC_REPRESENTATION_CONTEXT() REPRESENTATION_CONTEXT('2D SPACE',''
  ) );
#7428 = PCURVE('',#6977,#7429);
#7429 = DEFINITIONAL_REPRESENTATION('',(#7430),#7434);
#7430 = LINE('',#7431,#7432);
#7431 = CARTESIAN_POINT('',(0.,-4.));
#7432 = VECTOR('',#7433,1.);
#7433 = DIRECTION('',(1.,0.));
#7434 = ( GEOMETRIC_REPRESENTATION_CONTEXT(2) 
PARAMETRIC_REPRESENTATION_CONTEXT() REPRESENTATION_CONTEXT('2D SPACE',''
  ) );
#7435 = ADVANCED_FACE('',(#7436),#6724,.T.);
#7436 = FACE_BOUND('',#7437,.T.);
#7437 = EDGE_LOOP('',(#7438,#7459,#7460,#7461));
#7438 = ORIENTED_EDGE('',*,*,#7439,.F.);
#7439 = EDGE_CURVE('',#7067,#6684,#7440,.T.);
#7440 = SURFACE_CURVE('',#7441,(#7445,#7452),.PCURVE_S1.);
#7441 = LINE('',#7442,#7443);
#7442 = CARTESIAN_POINT('',(11.5,-4.,-11.));
#7443 = VECTOR('',#7444,1.);
#7444 = DIRECTION('',(0.,0.,1.));
#7445 = PCURVE('',#6724,#7446);
#7446 = DEFINITIONAL_REPRESENTATION('',(#7447),#7451);
#7447 = LINE('',#7448,#7449);
#7448 = CARTESIAN_POINT('',(0.,0.));
#7449 = VECTOR('',#7450,1.);
#7450 = DIRECTION('',(1.,0.));
#7451 = ( GEOMETRIC_REPRESENTATION_CONTEXT(2) 
PARAMETRIC_REPRESENTATION_CONTEXT() REPRESENTATION_CONTEXT('2D SPACE',''
  ) );
#7452 = PCURVE('',#6698,#7453);
#7453 = DEFINITIONAL_REPRESENTATION('',(#7454),#7458);
#7454 = LINE('',#7455,#7456);
#7455 = CARTESIAN_POINT('',(0.,0.));
#7456 = VECTOR('',#7457,1.);
#7457 = DIRECTION('',(1.,0.));
#7458 = ( GEOMETRIC_REPRESENTATION_CONTEXT(2) 
PARAMETRIC_REPRESENTATION_CONTEXT() REPRESENTATION_CONTEXT('2D SPACE',''
  ) );
#7459 = ORIENTED_EDGE('',*,*,#7066,.T.);
#7460 = ORIENTED_EDGE('',*,*,#7384,.T.);
#7461 = ORIENTED_EDGE('',*,*,#6709,.F.);
#7462 = ADVANCED_FACE('',(#7463,#7511),#6698,.T.);
#7463 = FACE_BOUND('',#7464,.T.);
#7464 = EDGE_LOOP('',(#7465,#7466,#7467,#7488,#7489,#7508,#7509,#7510));
#7465 = ORIENTED_EDGE('',*,*,#7243,.F.);
#7466 = ORIENTED_EDGE('',*,*,#6838,.T.);
#7467 = ORIENTED_EDGE('',*,*,#7468,.T.);
#7468 = EDGE_CURVE('',#6839,#7145,#7469,.T.);
#7469 = SURFACE_CURVE('',#7470,(#7474,#7481),.PCURVE_S1.);
#7470 = LINE('',#7471,#7472);
#7471 = CARTESIAN_POINT('',(11.5,-4.,-11.));
#7472 = VECTOR('',#7473,1.);
#7473 = DIRECTION('',(0.,0.,1.));
#7474 = PCURVE('',#6698,#7475);
#7475 = DEFINITIONAL_REPRESENTATION('',(#7476),#7480);
#7476 = LINE('',#7477,#7478);
#7477 = CARTESIAN_POINT('',(0.,0.));
#7478 = VECTOR('',#7479,1.);
#7479 = DIRECTION('',(1.,0.));
#7480 = ( GEOMETRIC_REPRESENTATION_CONTEXT(2) 
PARAMETRIC_REPRESENTATION_CONTEXT() REPRESENTATION_CONTEXT('2D SPACE',''
  ) );
#7481 = PCURVE('',#6874,#7482);
#7482 = DEFINITIONAL_REPRESENTATION('',(#7483),#7487);
#7483 = LINE('',#7484,#7485);
#7484 = CARTESIAN_POINT('',(0.,0.));
#7485 = VECTOR('',#7486,1.);
#7486 = DIRECTION('',(1.,0.));
#7487 = ( GEOMETRIC_REPRESENTATION_CONTEXT(2) 
PARAMETRIC_REPRESENTATION_CONTEXT() REPRESENTATION_CONTEXT('2D SPACE',''
  ) );
#7488 = ORIENTED_EDGE('',*,*,#7144,.F.);
#7489 = ORIENTED_EDGE('',*,*,#7490,.F.);
#7490 = EDGE_CURVE('',#7095,#7116,#7491,.T.);
#7491 = SURFACE_CURVE('',#7492,(#7496,#7502),.PCURVE_S1.);
#7492 = LINE('',#7493,#7494);
#7493 = CARTESIAN_POINT('',(12.,-4.,-5.5));
#7494 = VECTOR('',#7495,1.);
#7495 = DIRECTION('',(0.,0.,-1.));
#7496 = PCURVE('',#6698,#7497);
#7497 = DEFINITIONAL_REPRESENTATION('',(#7498),#7501);
#7498 = B_SPLINE_CURVE_WITH_KNOTS('',1,(#7499,#7500),.UNSPECIFIED.,.F.,
  .F.,(2,2),(-10.5,-0.5),.PIECEWISE_BEZIER_KNOTS.);
#7499 = CARTESIAN_POINT('',(16.,0.5));
#7500 = CARTESIAN_POINT('',(6.,0.5));
#7501 = ( GEOMETRIC_REPRESENTATION_CONTEXT(2) 
PARAMETRIC_REPRESENTATION_CONTEXT() REPRESENTATION_CONTEXT('2D SPACE',''
  ) );
#7502 = PCURVE('',#7132,#7503);
#7503 = DEFINITIONAL_REPRESENTATION('',(#7504),#7507);
#7504 = B_SPLINE_CURVE_WITH_KNOTS('',1,(#7505,#7506),.UNSPECIFIED.,.F.,
  .F.,(2,2),(-10.5,-0.5),.PIECEWISE_BEZIER_KNOTS.);
#7505 = CARTESIAN_POINT('',(5.,4.));
#7506 = CARTESIAN_POINT('',(-5.,4.));
#7507 = ( GEOMETRIC_REPRESENTATION_CONTEXT(2) 
PARAMETRIC_REPRESENTATION_CONTEXT() REPRESENTATION_CONTEXT('2D SPACE',''
  ) );
#7508 = ORIENTED_EDGE('',*,*,#7094,.T.);
#7509 = ORIENTED_EDGE('',*,*,#7439,.T.);
#7510 = ORIENTED_EDGE('',*,*,#6683,.F.);
#7511 = FACE_BOUND('',#7512,.T.);
#7512 = EDGE_LOOP('',(#7513));
#7513 = ORIENTED_EDGE('',*,*,#7265,.F.);
#7514 = ADVANCED_FACE('',(#7515),#6874,.T.);
#7515 = FACE_BOUND('',#7516,.T.);
#7516 = EDGE_LOOP('',(#7517,#7518,#7519,#7520));
#7517 = ORIENTED_EDGE('',*,*,#7468,.F.);
#7518 = ORIENTED_EDGE('',*,*,#6859,.T.);
#7519 = ORIENTED_EDGE('',*,*,#7342,.T.);
#7520 = ORIENTED_EDGE('',*,*,#7165,.T.);
#7521 = ADVANCED_FACE('',(#7522),#6977,.F.);
#7522 = FACE_BOUND('',#7523,.F.);
#7523 = EDGE_LOOP('',(#7524,#7525,#7546,#7547));
#7524 = ORIENTED_EDGE('',*,*,#7408,.F.);
#7525 = ORIENTED_EDGE('',*,*,#7526,.T.);
#7526 = EDGE_CURVE('',#7409,#6957,#7527,.T.);
#7527 = SEAM_CURVE('',#7528,(#7532,#7539),.PCURVE_S1.);
#7528 = LINE('',#7529,#7530);
#7529 = CARTESIAN_POINT('',(25.,0.,0.));
#7530 = VECTOR('',#7531,1.);
#7531 = DIRECTION('',(-0.,1.,-0.));
#7532 = PCURVE('',#6977,#7533);
#7533 = DEFINITIONAL_REPRESENTATION('',(#7534),#7538);
#7534 = LINE('',#7535,#7536);
#7535 = CARTESIAN_POINT('',(6.28318530718,0.));
#7536 = VECTOR('',#7537,1.);
#7537 = DIRECTION('',(0.,-1.));
#7538 = ( GEOMETRIC_REPRESENTATION_CONTEXT(2) 
PARAMETRIC_REPRESENTATION_CONTEXT() REPRESENTATION_CONTEXT('2D SPACE',''
  ) );
#7539 = PCURVE('',#6977,#7540);
#7540 = DEFINITIONAL_REPRESENTATION('',(#7541),#7545);
#7541 = LINE('',#7542,#7543);
#7542 = CARTESIAN_POINT('',(0.,0.));
#7543 = VECTOR('',#7544,1.);
#7544 = DIRECTION('',(0.,-1.));
#7545 = ( GEOMETRIC_REPRESENTATION_CONTEXT(2) 
PARAMETRIC_REPRESENTATION_CONTEXT() REPRESENTATION_CONTEXT('2D SPACE',''
  ) );
#7546 = ORIENTED_EDGE('',*,*,#6956,.T.);
#7547 = ORIENTED_EDGE('',*,*,#7526,.F.);
#7548 = ADVANCED_FACE('',(#7549),#7033,.F.);
#7549 = FACE_BOUND('',#7550,.F.);
#7550 = EDGE_LOOP('',(#7551,#7552,#7553));
#7551 = ORIENTED_EDGE('',*,*,#7214,.T.);
#7552 = ORIENTED_EDGE('',*,*,#7016,.T.);
#7553 = ORIENTED_EDGE('',*,*,#7364,.T.);
#7554 = ADVANCED_FACE('',(#7555),#7132,.F.);
#7555 = FACE_BOUND('',#7556,.F.);
#7556 = EDGE_LOOP('',(#7557,#7558));
#7557 = ORIENTED_EDGE('',*,*,#7490,.F.);
#7558 = ORIENTED_EDGE('',*,*,#7115,.T.);
#7559 = ( GEOMETRIC_REPRESENTATION_CONTEXT(3) 
GLOBAL_UNCERTAINTY_ASSIGNED_CONTEXT((#7563)) 
GLOBAL_UNIT_ASSIGNED_CONTEXT((#7560,#7561,#7562)) REPRESENTATION_CONTEXT
('Context #1','3D Context with UNIT and UNCERTAINTY') );
#7560 = ( LENGTH_UNIT() NAMED_UNIT(*) SI_UNIT(.MILLI.,.METRE.) );
#7561 = ( NAMED_UNIT(*) PLANE_ANGLE_UNIT() SI_UNIT($,.RADIAN.) );
#7562 = ( NAMED_UNIT(*) SI_UNIT($,.STERADIAN.) SOLID_ANGLE_UNIT() );
#7563 = UNCERTAINTY_MEASURE_WITH_UNIT(LENGTH_MEASURE(1.E-07),#7560,
  'distance_accuracy_value','confusion accuracy');
#7564 = CONTEXT_DEPENDENT_SHAPE_REPRESENTATION(#7565,#7567);
#7565 = ( REPRESENTATION_RELATIONSHIP('','',#6366,#10) 
REPRESENTATION_RELATIONSHIP_WITH_TRANSFORMATION(#7566) 
SHAPE_REPRESENTATION_RELATIONSHIP() );
#7566 = ITEM_DEFINED_TRANSFORMATION('','',#11,#35);
#7567 = PRODUCT_DEFINITION_SHAPE('Placement','Placement of an item',
  #7568);
#7568 = NEXT_ASSEMBLY_USAGE_OCCURRENCE('6','horquilla','',#5,#6361,$);
#7569 = PRODUCT_RELATED_PRODUCT_CATEGORY('part',$,(#6363));
#7570 = SHAPE_DEFINITION_REPRESENTATION(#7571,#7577);
#7571 = PRODUCT_DEFINITION_SHAPE('','',#7572);
#7572 = PRODUCT_DEFINITION('design','',#7573,#7576);
#7573 = PRODUCT_DEFINITION_FORMATION('','',#7574);
#7574 = PRODUCT('tope_der','tope_der','',(#7575));
#7575 = PRODUCT_CONTEXT('',#2,'mechanical');
#7576 = PRODUCT_DEFINITION_CONTEXT('part definition',#2,'design');
#7577 = ADVANCED_BREP_SHAPE_REPRESENTATION('',(#11,#7578),#8156);
#7578 = MANIFOLD_SOLID_BREP('',#7579);
#7579 = CLOSED_SHELL('',(#7580,#7700,#7776,#7852,#7965,#8068,#8095,#8122
    ,#8129));
#7580 = ADVANCED_FACE('',(#7581),#7595,.F.);
#7581 = FACE_BOUND('',#7582,.F.);
#7582 = EDGE_LOOP('',(#7583,#7618,#7646,#7674));
#7583 = ORIENTED_EDGE('',*,*,#7584,.T.);
#7584 = EDGE_CURVE('',#7585,#7587,#7589,.T.);
#7585 = VERTEX_POINT('',#7586);
#7586 = CARTESIAN_POINT('',(0.,10.969655114603,0.));
#7587 = VERTEX_POINT('',#7588);
#7588 = CARTESIAN_POINT('',(6.,10.969655114603,0.));
#7589 = SURFACE_CURVE('',#7590,(#7594,#7606),.PCURVE_S1.);
#7590 = LINE('',#7591,#7592);
#7591 = CARTESIAN_POINT('',(0.,10.969655114603,0.));
#7592 = VECTOR('',#7593,1.);
#7593 = DIRECTION('',(1.,0.,0.));
#7594 = PCURVE('',#7595,#7600);
#7595 = PLANE('',#7596);
#7596 = AXIS2_PLACEMENT_3D('',#7597,#7598,#7599);
#7597 = CARTESIAN_POINT('',(0.,10.969655114603,0.));
#7598 = DIRECTION('',(0.,-0.866025403784,-0.5));
#7599 = DIRECTION('',(0.,-0.5,0.866025403784));
#7600 = DEFINITIONAL_REPRESENTATION('',(#7601),#7605);
#7601 = LINE('',#7602,#7603);
#7602 = CARTESIAN_POINT('',(0.,0.));
#7603 = VECTOR('',#7604,1.);
#7604 = DIRECTION('',(0.,-1.));
#7605 = ( GEOMETRIC_REPRESENTATION_CONTEXT(2) 
PARAMETRIC_REPRESENTATION_CONTEXT() REPRESENTATION_CONTEXT('2D SPACE',''
  ) );
#7606 = PCURVE('',#7607,#7612);
#7607 = PLANE('',#7608);
#7608 = AXIS2_PLACEMENT_3D('',#7609,#7610,#7611);
#7609 = CARTESIAN_POINT('',(0.,5.484827557301,-9.5));
#7610 = DIRECTION('',(0.,-0.866025403784,0.5));
#7611 = DIRECTION('',(0.,0.5,0.866025403784));
#7612 = DEFINITIONAL_REPRESENTATION('',(#7613),#7617);
#7613 = LINE('',#7614,#7615);
#7614 = CARTESIAN_POINT('',(10.969655114603,0.));
#7615 = VECTOR('',#7616,1.);
#7616 = DIRECTION('',(0.,-1.));
#7617 = ( GEOMETRIC_REPRESENTATION_CONTEXT(2) 
PARAMETRIC_REPRESENTATION_CONTEXT() REPRESENTATION_CONTEXT('2D SPACE',''
  ) );
#7618 = ORIENTED_EDGE('',*,*,#7619,.T.);
#7619 = EDGE_CURVE('',#7587,#7620,#7622,.T.);
#7620 = VERTEX_POINT('',#7621);
#7621 = CARTESIAN_POINT('',(6.,5.484827557301,9.5));
#7622 = SURFACE_CURVE('',#7623,(#7627,#7634),.PCURVE_S1.);
#7623 = LINE('',#7624,#7625);
#7624 = CARTESIAN_POINT('',(6.,10.969655114603,0.));
#7625 = VECTOR('',#7626,1.);
#7626 = DIRECTION('',(0.,-0.5,0.866025403784));
#7627 = PCURVE('',#7595,#7628);
#7628 = DEFINITIONAL_REPRESENTATION('',(#7629),#7633);
#7629 = LINE('',#7630,#7631);
#7630 = CARTESIAN_POINT('',(0.,-6.));
#7631 = VECTOR('',#7632,1.);
#7632 = DIRECTION('',(1.,0.));
#7633 = ( GEOMETRIC_REPRESENTATION_CONTEXT(2) 
PARAMETRIC_REPRESENTATION_CONTEXT() REPRESENTATION_CONTEXT('2D SPACE',''
  ) );
#7634 = PCURVE('',#7635,#7640);
#7635 = PLANE('',#7636);
#7636 = AXIS2_PLACEMENT_3D('',#7637,#7638,#7639);
#7637 = CARTESIAN_POINT('',(6.,-2.159115998746E-16,-1.295469599248E-15)
  );
#7638 = DIRECTION('',(1.,0.,0.));
#7639 = DIRECTION('',(-0.,0.,1.));
#7640 = DEFINITIONAL_REPRESENTATION('',(#7641),#7645);
#7641 = LINE('',#7642,#7643);
#7642 = CARTESIAN_POINT('',(1.295469599248E-15,-10.9696551146));
#7643 = VECTOR('',#7644,1.);
#7644 = DIRECTION('',(0.866025403784,0.5));
#7645 = ( GEOMETRIC_REPRESENTATION_CONTEXT(2) 
PARAMETRIC_REPRESENTATION_CONTEXT() REPRESENTATION_CONTEXT('2D SPACE',''
  ) );
#7646 = ORIENTED_EDGE('',*,*,#7647,.F.);
#7647 = EDGE_CURVE('',#7648,#7620,#7650,.T.);
#7648 = VERTEX_POINT('',#7649);
#7649 = CARTESIAN_POINT('',(0.,5.484827557301,9.5));
#7650 = SURFACE_CURVE('',#7651,(#7655,#7662),.PCURVE_S1.);
#7651 = LINE('',#7652,#7653);
#7652 = CARTESIAN_POINT('',(0.,5.484827557301,9.5));
#7653 = VECTOR('',#7654,1.);
#7654 = DIRECTION('',(1.,0.,0.));
#7655 = PCURVE('',#7595,#7656);
#7656 = DEFINITIONAL_REPRESENTATION('',(#7657),#7661);
#7657 = LINE('',#7658,#7659);
#7658 = CARTESIAN_POINT('',(10.969655114603,0.));
#7659 = VECTOR('',#7660,1.);
#7660 = DIRECTION('',(0.,-1.));
#7661 = ( GEOMETRIC_REPRESENTATION_CONTEXT(2) 
PARAMETRIC_REPRESENTATION_CONTEXT() REPRESENTATION_CONTEXT('2D SPACE',''
  ) );
#7662 = PCURVE('',#7663,#7668);
#7663 = PLANE('',#7664);
#7664 = AXIS2_PLACEMENT_3D('',#7665,#7666,#7667);
#7665 = CARTESIAN_POINT('',(0.,5.484827557301,9.5));
#7666 = DIRECTION('',(0.,-1.61933699906E-16,-1.));
#7667 = DIRECTION('',(0.,-1.,1.61933699906E-16));
#7668 = DEFINITIONAL_REPRESENTATION('',(#7669),#7673);
#7669 = LINE('',#7670,#7671);
#7670 = CARTESIAN_POINT('',(0.,0.));
#7671 = VECTOR('',#7672,1.);
#7672 = DIRECTION('',(0.,-1.));
#7673 = ( GEOMETRIC_REPRESENTATION_CONTEXT(2) 
PARAMETRIC_REPRESENTATION_CONTEXT() REPRESENTATION_CONTEXT('2D SPACE',''
  ) );
#7674 = ORIENTED_EDGE('',*,*,#7675,.F.);
#7675 = EDGE_CURVE('',#7585,#7648,#7676,.T.);
#7676 = SURFACE_CURVE('',#7677,(#7681,#7688),.PCURVE_S1.);
#7677 = LINE('',#7678,#7679);
#7678 = CARTESIAN_POINT('',(0.,10.969655114603,0.));
#7679 = VECTOR('',#7680,1.);
#7680 = DIRECTION('',(0.,-0.5,0.866025403784));
#7681 = PCURVE('',#7595,#7682);
#7682 = DEFINITIONAL_REPRESENTATION('',(#7683),#7687);
#7683 = LINE('',#7684,#7685);
#7684 = CARTESIAN_POINT('',(0.,0.));
#7685 = VECTOR('',#7686,1.);
#7686 = DIRECTION('',(1.,0.));
#7687 = ( GEOMETRIC_REPRESENTATION_CONTEXT(2) 
PARAMETRIC_REPRESENTATION_CONTEXT() REPRESENTATION_CONTEXT('2D SPACE',''
  ) );
#7688 = PCURVE('',#7689,#7694);
#7689 = PLANE('',#7690);
#7690 = AXIS2_PLACEMENT_3D('',#7691,#7692,#7693);
#7691 = CARTESIAN_POINT('',(0.,-2.159115998746E-16,-1.295469599248E-15)
  );
#7692 = DIRECTION('',(1.,0.,0.));
#7693 = DIRECTION('',(-0.,0.,1.));
#7694 = DEFINITIONAL_REPRESENTATION('',(#7695),#7699);
#7695 = LINE('',#7696,#7697);
#7696 = CARTESIAN_POINT('',(1.295469599248E-15,-10.9696551146));
#7697 = VECTOR('',#7698,1.);
#7698 = DIRECTION('',(0.866025403784,0.5));
#7699 = ( GEOMETRIC_REPRESENTATION_CONTEXT(2) 
PARAMETRIC_REPRESENTATION_CONTEXT() REPRESENTATION_CONTEXT('2D SPACE',''
  ) );
#7700 = ADVANCED_FACE('',(#7701),#7607,.F.);
#7701 = FACE_BOUND('',#7702,.F.);
#7702 = EDGE_LOOP('',(#7703,#7733,#7754,#7755));
#7703 = ORIENTED_EDGE('',*,*,#7704,.T.);
#7704 = EDGE_CURVE('',#7705,#7707,#7709,.T.);
#7705 = VERTEX_POINT('',#7706);
#7706 = CARTESIAN_POINT('',(0.,5.484827557301,-9.5));
#7707 = VERTEX_POINT('',#7708);
#7708 = CARTESIAN_POINT('',(6.,5.484827557301,-9.5));
#7709 = SURFACE_CURVE('',#7710,(#7714,#7721),.PCURVE_S1.);
#7710 = LINE('',#7711,#7712);
#7711 = CARTESIAN_POINT('',(0.,5.484827557301,-9.5));
#7712 = VECTOR('',#7713,1.);
#7713 = DIRECTION('',(1.,0.,0.));
#7714 = PCURVE('',#7607,#7715);
#7715 = DEFINITIONAL_REPRESENTATION('',(#7716),#7720);
#7716 = LINE('',#7717,#7718);
#7717 = CARTESIAN_POINT('',(0.,0.));
#7718 = VECTOR('',#7719,1.);
#7719 = DIRECTION('',(0.,-1.));
#7720 = ( GEOMETRIC_REPRESENTATION_CONTEXT(2) 
PARAMETRIC_REPRESENTATION_CONTEXT() REPRESENTATION_CONTEXT('2D SPACE',''
  ) );
#7721 = PCURVE('',#7722,#7727);
#7722 = PLANE('',#7723);
#7723 = AXIS2_PLACEMENT_3D('',#7724,#7725,#7726);
#7724 = CARTESIAN_POINT('',(0.,-5.484827557301,-9.5));
#7725 = DIRECTION('',(-0.,6.477347996239E-16,1.));
#7726 = DIRECTION('',(0.,1.,-6.477347996239E-16));
#7727 = DEFINITIONAL_REPRESENTATION('',(#7728),#7732);
#7728 = LINE('',#7729,#7730);
#7729 = CARTESIAN_POINT('',(10.969655114603,0.));
#7730 = VECTOR('',#7731,1.);
#7731 = DIRECTION('',(0.,-1.));
#7732 = ( GEOMETRIC_REPRESENTATION_CONTEXT(2) 
PARAMETRIC_REPRESENTATION_CONTEXT() REPRESENTATION_CONTEXT('2D SPACE',''
  ) );
#7733 = ORIENTED_EDGE('',*,*,#7734,.T.);
#7734 = EDGE_CURVE('',#7707,#7587,#7735,.T.);
#7735 = SURFACE_CURVE('',#7736,(#7740,#7747),.PCURVE_S1.);
#7736 = LINE('',#7737,#7738);
#7737 = CARTESIAN_POINT('',(6.,5.484827557301,-9.5));
#7738 = VECTOR('',#7739,1.);
#7739 = DIRECTION('',(0.,0.5,0.866025403784));
#7740 = PCURVE('',#7607,#7741);
#7741 = DEFINITIONAL_REPRESENTATION('',(#7742),#7746);
#7742 = LINE('',#7743,#7744);
#7743 = CARTESIAN_POINT('',(0.,-6.));
#7744 = VECTOR('',#7745,1.);
#7745 = DIRECTION('',(1.,0.));
#7746 = ( GEOMETRIC_REPRESENTATION_CONTEXT(2) 
PARAMETRIC_REPRESENTATION_CONTEXT() REPRESENTATION_CONTEXT('2D SPACE',''
  ) );
#7747 = PCURVE('',#7635,#7748);
#7748 = DEFINITIONAL_REPRESENTATION('',(#7749),#7753);
#7749 = LINE('',#7750,#7751);
#7750 = CARTESIAN_POINT('',(-9.5,-5.484827557301));
#7751 = VECTOR('',#7752,1.);
#7752 = DIRECTION('',(0.866025403784,-0.5));
#7753 = ( GEOMETRIC_REPRESENTATION_CONTEXT(2) 
PARAMETRIC_REPRESENTATION_CONTEXT() REPRESENTATION_CONTEXT('2D SPACE',''
  ) );
#7754 = ORIENTED_EDGE('',*,*,#7584,.F.);
#7755 = ORIENTED_EDGE('',*,*,#7756,.F.);
#7756 = EDGE_CURVE('',#7705,#7585,#7757,.T.);
#7757 = SURFACE_CURVE('',#7758,(#7762,#7769),.PCURVE_S1.);
#7758 = LINE('',#7759,#7760);
#7759 = CARTESIAN_POINT('',(0.,5.484827557301,-9.5));
#7760 = VECTOR('',#7761,1.);
#7761 = DIRECTION('',(0.,0.5,0.866025403784));
#7762 = PCURVE('',#7607,#7763);
#7763 = DEFINITIONAL_REPRESENTATION('',(#7764),#7768);
#7764 = LINE('',#7765,#7766);
#7765 = CARTESIAN_POINT('',(0.,0.));
#7766 = VECTOR('',#7767,1.);
#7767 = DIRECTION('',(1.,0.));
#7768 = ( GEOMETRIC_REPRESENTATION_CONTEXT(2) 
PARAMETRIC_REPRESENTATION_CONTEXT() REPRESENTATION_CONTEXT('2D SPACE',''
  ) );
#7769 = PCURVE('',#7689,#7770);
#7770 = DEFINITIONAL_REPRESENTATION('',(#7771),#7775);
#7771 = LINE('',#7772,#7773);
#7772 = CARTESIAN_POINT('',(-9.5,-5.484827557301));
#7773 = VECTOR('',#7774,1.);
#7774 = DIRECTION('',(0.866025403784,-0.5));
#7775 = ( GEOMETRIC_REPRESENTATION_CONTEXT(2) 
PARAMETRIC_REPRESENTATION_CONTEXT() REPRESENTATION_CONTEXT('2D SPACE',''
  ) );
#7776 = ADVANCED_FACE('',(#7777),#7663,.F.);
#7777 = FACE_BOUND('',#7778,.F.);
#7778 = EDGE_LOOP('',(#7779,#7780,#7803,#7831));
#7779 = ORIENTED_EDGE('',*,*,#7647,.T.);
#7780 = ORIENTED_EDGE('',*,*,#7781,.T.);
#7781 = EDGE_CURVE('',#7620,#7782,#7784,.T.);
#7782 = VERTEX_POINT('',#7783);
#7783 = CARTESIAN_POINT('',(6.,-5.484827557301,9.5));
#7784 = SURFACE_CURVE('',#7785,(#7789,#7796),.PCURVE_S1.);
#7785 = LINE('',#7786,#7787);
#7786 = CARTESIAN_POINT('',(6.,5.484827557301,9.5));
#7787 = VECTOR('',#7788,1.);
#7788 = DIRECTION('',(0.,-1.,1.61933699906E-16));
#7789 = PCURVE('',#7663,#7790);
#7790 = DEFINITIONAL_REPRESENTATION('',(#7791),#7795);
#7791 = LINE('',#7792,#7793);
#7792 = CARTESIAN_POINT('',(0.,-6.));
#7793 = VECTOR('',#7794,1.);
#7794 = DIRECTION('',(1.,0.));
#7795 = ( GEOMETRIC_REPRESENTATION_CONTEXT(2) 
PARAMETRIC_REPRESENTATION_CONTEXT() REPRESENTATION_CONTEXT('2D SPACE',''
  ) );
#7796 = PCURVE('',#7635,#7797);
#7797 = DEFINITIONAL_REPRESENTATION('',(#7798),#7802);
#7798 = LINE('',#7799,#7800);
#7799 = CARTESIAN_POINT('',(9.5,-5.484827557301));
#7800 = VECTOR('',#7801,1.);
#7801 = DIRECTION('',(1.61933699906E-16,1.));
#7802 = ( GEOMETRIC_REPRESENTATION_CONTEXT(2) 
PARAMETRIC_REPRESENTATION_CONTEXT() REPRESENTATION_CONTEXT('2D SPACE',''
  ) );
#7803 = ORIENTED_EDGE('',*,*,#7804,.F.);
#7804 = EDGE_CURVE('',#7805,#7782,#7807,.T.);
#7805 = VERTEX_POINT('',#7806);
#7806 = CARTESIAN_POINT('',(0.,-5.484827557301,9.5));
#7807 = SURFACE_CURVE('',#7808,(#7812,#7819),.PCURVE_S1.);
#7808 = LINE('',#7809,#7810);
#7809 = CARTESIAN_POINT('',(0.,-5.484827557301,9.5));
#7810 = VECTOR('',#7811,1.);
#7811 = DIRECTION('',(1.,0.,0.));
#7812 = PCURVE('',#7663,#7813);
#7813 = DEFINITIONAL_REPRESENTATION('',(#7814),#7818);
#7814 = LINE('',#7815,#7816);
#7815 = CARTESIAN_POINT('',(10.969655114603,0.));
#7816 = VECTOR('',#7817,1.);
#7817 = DIRECTION('',(0.,-1.));
#7818 = ( GEOMETRIC_REPRESENTATION_CONTEXT(2) 
PARAMETRIC_REPRESENTATION_CONTEXT() REPRESENTATION_CONTEXT('2D SPACE',''
  ) );
#7819 = PCURVE('',#7820,#7825);
#7820 = PLANE('',#7821);
#7821 = AXIS2_PLACEMENT_3D('',#7822,#7823,#7824);
#7822 = CARTESIAN_POINT('',(0.,-5.484827557301,9.5));
#7823 = DIRECTION('',(0.,0.866025403784,-0.5));
#7824 = DIRECTION('',(0.,-0.5,-0.866025403784));
#7825 = DEFINITIONAL_REPRESENTATION('',(#7826),#7830);
#7826 = LINE('',#7827,#7828);
#7827 = CARTESIAN_POINT('',(0.,0.));
#7828 = VECTOR('',#7829,1.);
#7829 = DIRECTION('',(0.,-1.));
#7830 = ( GEOMETRIC_REPRESENTATION_CONTEXT(2) 
PARAMETRIC_REPRESENTATION_CONTEXT() REPRESENTATION_CONTEXT('2D SPACE',''
  ) );
#7831 = ORIENTED_EDGE('',*,*,#7832,.F.);
#7832 = EDGE_CURVE('',#7648,#7805,#7833,.T.);
#7833 = SURFACE_CURVE('',#7834,(#7838,#7845),.PCURVE_S1.);
#7834 = LINE('',#7835,#7836);
#7835 = CARTESIAN_POINT('',(0.,5.484827557301,9.5));
#7836 = VECTOR('',#7837,1.);
#7837 = DIRECTION('',(0.,-1.,1.61933699906E-16));
#7838 = PCURVE('',#7663,#7839);
#7839 = DEFINITIONAL_REPRESENTATION('',(#7840),#7844);
#7840 = LINE('',#7841,#7842);
#7841 = CARTESIAN_POINT('',(0.,0.));
#7842 = VECTOR('',#7843,1.);
#7843 = DIRECTION('',(1.,0.));
#7844 = ( GEOMETRIC_REPRESENTATION_CONTEXT(2) 
PARAMETRIC_REPRESENTATION_CONTEXT() REPRESENTATION_CONTEXT('2D SPACE',''
  ) );
#7845 = PCURVE('',#7689,#7846);
#7846 = DEFINITIONAL_REPRESENTATION('',(#7847),#7851);
#7847 = LINE('',#7848,#7849);
#7848 = CARTESIAN_POINT('',(9.5,-5.484827557301));
#7849 = VECTOR('',#7850,1.);
#7850 = DIRECTION('',(1.61933699906E-16,1.));
#7851 = ( GEOMETRIC_REPRESENTATION_CONTEXT(2) 
PARAMETRIC_REPRESENTATION_CONTEXT() REPRESENTATION_CONTEXT('2D SPACE',''
  ) );
#7852 = ADVANCED_FACE('',(#7853,#7930),#7689,.F.);
#7853 = FACE_BOUND('',#7854,.F.);
#7854 = EDGE_LOOP('',(#7855,#7856,#7857,#7880,#7908,#7929));
#7855 = ORIENTED_EDGE('',*,*,#7675,.T.);
#7856 = ORIENTED_EDGE('',*,*,#7832,.T.);
#7857 = ORIENTED_EDGE('',*,*,#7858,.T.);
#7858 = EDGE_CURVE('',#7805,#7859,#7861,.T.);
#7859 = VERTEX_POINT('',#7860);
#7860 = CARTESIAN_POINT('',(0.,-10.9696551146,1.343395302385E-15));
#7861 = SURFACE_CURVE('',#7862,(#7866,#7873),.PCURVE_S1.);
#7862 = LINE('',#7863,#7864);
#7863 = CARTESIAN_POINT('',(0.,-5.484827557301,9.5));
#7864 = VECTOR('',#7865,1.);
#7865 = DIRECTION('',(0.,-0.5,-0.866025403784));
#7866 = PCURVE('',#7689,#7867);
#7867 = DEFINITIONAL_REPRESENTATION('',(#7868),#7872);
#7868 = LINE('',#7869,#7870);
#7869 = CARTESIAN_POINT('',(9.5,5.484827557301));
#7870 = VECTOR('',#7871,1.);
#7871 = DIRECTION('',(-0.866025403784,0.5));
#7872 = ( GEOMETRIC_REPRESENTATION_CONTEXT(2) 
PARAMETRIC_REPRESENTATION_CONTEXT() REPRESENTATION_CONTEXT('2D SPACE',''
  ) );
#7873 = PCURVE('',#7820,#7874);
#7874 = DEFINITIONAL_REPRESENTATION('',(#7875),#7879);
#7875 = LINE('',#7876,#7877);
#7876 = CARTESIAN_POINT('',(0.,0.));
#7877 = VECTOR('',#7878,1.);
#7878 = DIRECTION('',(1.,0.));
#7879 = ( GEOMETRIC_REPRESENTATION_CONTEXT(2) 
PARAMETRIC_REPRESENTATION_CONTEXT() REPRESENTATION_CONTEXT('2D SPACE',''
  ) );
#7880 = ORIENTED_EDGE('',*,*,#7881,.T.);
#7881 = EDGE_CURVE('',#7859,#7882,#7884,.T.);
#7882 = VERTEX_POINT('',#7883);
#7883 = CARTESIAN_POINT('',(0.,-5.484827557301,-9.5));
#7884 = SURFACE_CURVE('',#7885,(#7889,#7896),.PCURVE_S1.);
#7885 = LINE('',#7886,#7887);
#7886 = CARTESIAN_POINT('',(0.,-10.9696551146,1.343395302385E-15));
#7887 = VECTOR('',#7888,1.);
#7888 = DIRECTION('',(0.,0.5,-0.866025403784));
#7889 = PCURVE('',#7689,#7890);
#7890 = DEFINITIONAL_REPRESENTATION('',(#7891),#7895);
#7891 = LINE('',#7892,#7893);
#7892 = CARTESIAN_POINT('',(2.638864901633E-15,10.969655114603));
#7893 = VECTOR('',#7894,1.);
#7894 = DIRECTION('',(-0.866025403784,-0.5));
#7895 = ( GEOMETRIC_REPRESENTATION_CONTEXT(2) 
PARAMETRIC_REPRESENTATION_CONTEXT() REPRESENTATION_CONTEXT('2D SPACE',''
  ) );
#7896 = PCURVE('',#7897,#7902);
#7897 = PLANE('',#7898);
#7898 = AXIS2_PLACEMENT_3D('',#7899,#7900,#7901);
#7899 = CARTESIAN_POINT('',(0.,-10.9696551146,1.343395302385E-15));
#7900 = DIRECTION('',(-0.,0.866025403784,0.5));
#7901 = DIRECTION('',(0.,0.5,-0.866025403784));
#7902 = DEFINITIONAL_REPRESENTATION('',(#7903),#7907);
#7903 = LINE('',#7904,#7905);
#7904 = CARTESIAN_POINT('',(0.,0.));
#7905 = VECTOR('',#7906,1.);
#7906 = DIRECTION('',(1.,0.));
#7907 = ( GEOMETRIC_REPRESENTATION_CONTEXT(2) 
PARAMETRIC_REPRESENTATION_CONTEXT() REPRESENTATION_CONTEXT('2D SPACE',''
  ) );
#7908 = ORIENTED_EDGE('',*,*,#7909,.T.);
#7909 = EDGE_CURVE('',#7882,#7705,#7910,.T.);
#7910 = SURFACE_CURVE('',#7911,(#7915,#7922),.PCURVE_S1.);
#7911 = LINE('',#7912,#7913);
#7912 = CARTESIAN_POINT('',(0.,-5.484827557301,-9.5));
#7913 = VECTOR('',#7914,1.);
#7914 = DIRECTION('',(0.,1.,-6.477347996239E-16));
#7915 = PCURVE('',#7689,#7916);
#7916 = DEFINITIONAL_REPRESENTATION('',(#7917),#7921);
#7917 = LINE('',#7918,#7919);
#7918 = CARTESIAN_POINT('',(-9.5,5.484827557301));
#7919 = VECTOR('',#7920,1.);
#7920 = DIRECTION('',(-6.477347996239E-16,-1.));
#7921 = ( GEOMETRIC_REPRESENTATION_CONTEXT(2) 
PARAMETRIC_REPRESENTATION_CONTEXT() REPRESENTATION_CONTEXT('2D SPACE',''
  ) );
#7922 = PCURVE('',#7722,#7923);
#7923 = DEFINITIONAL_REPRESENTATION('',(#7924),#7928);
#7924 = LINE('',#7925,#7926);
#7925 = CARTESIAN_POINT('',(0.,0.));
#7926 = VECTOR('',#7927,1.);
#7927 = DIRECTION('',(1.,0.));
#7928 = ( GEOMETRIC_REPRESENTATION_CONTEXT(2) 
PARAMETRIC_REPRESENTATION_CONTEXT() REPRESENTATION_CONTEXT('2D SPACE',''
  ) );
#7929 = ORIENTED_EDGE('',*,*,#7756,.T.);
#7930 = FACE_BOUND('',#7931,.F.);
#7931 = EDGE_LOOP('',(#7932));
#7932 = ORIENTED_EDGE('',*,*,#7933,.T.);
#7933 = EDGE_CURVE('',#7934,#7934,#7936,.T.);
#7934 = VERTEX_POINT('',#7935);
#7935 = CARTESIAN_POINT('',(0.,6.1,0.));
#7936 = SURFACE_CURVE('',#7937,(#7942,#7953),.PCURVE_S1.);
#7937 = CIRCLE('',#7938,6.1);
#7938 = AXIS2_PLACEMENT_3D('',#7939,#7940,#7941);
#7939 = CARTESIAN_POINT('',(0.,0.,0.));
#7940 = DIRECTION('',(-1.,0.,0.));
#7941 = DIRECTION('',(0.,1.,0.));
#7942 = PCURVE('',#7689,#7943);
#7943 = DEFINITIONAL_REPRESENTATION('',(#7944),#7952);
#7944 = ( BOUNDED_CURVE() B_SPLINE_CURVE(2,(#7945,#7946,#7947,#7948,
#7949,#7950,#7951),.UNSPECIFIED.,.T.,.F.) B_SPLINE_CURVE_WITH_KNOTS((1,2
    ,2,2,2,1),(-2.094395102393,0.,2.094395102393,4.188790204786,
6.28318530718,8.377580409573),.UNSPECIFIED.) CURVE() 
GEOMETRIC_REPRESENTATION_ITEM() RATIONAL_B_SPLINE_CURVE((1.,0.5,1.,0.5,
1.,0.5,1.)) REPRESENTATION_ITEM('') );
#7945 = CARTESIAN_POINT('',(1.295469599248E-15,-6.1));
#7946 = CARTESIAN_POINT('',(-10.56550992617,-6.1));
#7947 = CARTESIAN_POINT('',(-5.282754963085,3.05));
#7948 = CARTESIAN_POINT('',(-1.985994957119E-16,12.2));
#7949 = CARTESIAN_POINT('',(5.282754963085,3.05));
#7950 = CARTESIAN_POINT('',(10.56550992617,-6.1));
#7951 = CARTESIAN_POINT('',(1.295469599248E-15,-6.1));
#7952 = ( GEOMETRIC_REPRESENTATION_CONTEXT(2) 
PARAMETRIC_REPRESENTATION_CONTEXT() REPRESENTATION_CONTEXT('2D SPACE',''
  ) );
#7953 = PCURVE('',#7954,#7959);
#7954 = CYLINDRICAL_SURFACE('',#7955,6.1);
#7955 = AXIS2_PLACEMENT_3D('',#7956,#7957,#7958);
#7956 = CARTESIAN_POINT('',(-1.,0.,0.));
#7957 = DIRECTION('',(-1.,-0.,-0.));
#7958 = DIRECTION('',(0.,1.,0.));
#7959 = DEFINITIONAL_REPRESENTATION('',(#7960),#7964);
#7960 = LINE('',#7961,#7962);
#7961 = CARTESIAN_POINT('',(-6.28318530718,-1.));
#7962 = VECTOR('',#7963,1.);
#7963 = DIRECTION('',(1.,-0.));
#7964 = ( GEOMETRIC_REPRESENTATION_CONTEXT(2) 
PARAMETRIC_REPRESENTATION_CONTEXT() REPRESENTATION_CONTEXT('2D SPACE',''
  ) );
#7965 = ADVANCED_FACE('',(#7966,#8038),#7635,.T.);
#7966 = FACE_BOUND('',#7967,.T.);
#7967 = EDGE_LOOP('',(#7968,#7969,#7970,#7993,#8016,#8037));
#7968 = ORIENTED_EDGE('',*,*,#7619,.T.);
#7969 = ORIENTED_EDGE('',*,*,#7781,.T.);
#7970 = ORIENTED_EDGE('',*,*,#7971,.T.);
#7971 = EDGE_CURVE('',#7782,#7972,#7974,.T.);
#7972 = VERTEX_POINT('',#7973);
#7973 = CARTESIAN_POINT('',(6.,-10.9696551146,1.343395302385E-15));
#7974 = SURFACE_CURVE('',#7975,(#7979,#7986),.PCURVE_S1.);
#7975 = LINE('',#7976,#7977);
#7976 = CARTESIAN_POINT('',(6.,-5.484827557301,9.5));
#7977 = VECTOR('',#7978,1.);
#7978 = DIRECTION('',(0.,-0.5,-0.866025403784));
#7979 = PCURVE('',#7635,#7980);
#7980 = DEFINITIONAL_REPRESENTATION('',(#7981),#7985);
#7981 = LINE('',#7982,#7983);
#7982 = CARTESIAN_POINT('',(9.5,5.484827557301));
#7983 = VECTOR('',#7984,1.);
#7984 = DIRECTION('',(-0.866025403784,0.5));
#7985 = ( GEOMETRIC_REPRESENTATION_CONTEXT(2) 
PARAMETRIC_REPRESENTATION_CONTEXT() REPRESENTATION_CONTEXT('2D SPACE',''
  ) );
#7986 = PCURVE('',#7820,#7987);
#7987 = DEFINITIONAL_REPRESENTATION('',(#7988),#7992);
#7988 = LINE('',#7989,#7990);
#7989 = CARTESIAN_POINT('',(0.,-6.));
#7990 = VECTOR('',#7991,1.);
#7991 = DIRECTION('',(1.,0.));
#7992 = ( GEOMETRIC_REPRESENTATION_CONTEXT(2) 
PARAMETRIC_REPRESENTATION_CONTEXT() REPRESENTATION_CONTEXT('2D SPACE',''
  ) );
#7993 = ORIENTED_EDGE('',*,*,#7994,.T.);
#7994 = EDGE_CURVE('',#7972,#7995,#7997,.T.);
#7995 = VERTEX_POINT('',#7996);
#7996 = CARTESIAN_POINT('',(6.,-5.484827557301,-9.5));
#7997 = SURFACE_CURVE('',#7998,(#8002,#8009),.PCURVE_S1.);
#7998 = LINE('',#7999,#8000);
#7999 = CARTESIAN_POINT('',(6.,-10.9696551146,1.343395302385E-15));
#8000 = VECTOR('',#8001,1.);
#8001 = DIRECTION('',(0.,0.5,-0.866025403784));
#8002 = PCURVE('',#7635,#8003);
#8003 = DEFINITIONAL_REPRESENTATION('',(#8004),#8008);
#8004 = LINE('',#8005,#8006);
#8005 = CARTESIAN_POINT('',(2.638864901633E-15,10.969655114603));
#8006 = VECTOR('',#8007,1.);
#8007 = DIRECTION('',(-0.866025403784,-0.5));
#8008 = ( GEOMETRIC_REPRESENTATION_CONTEXT(2) 
PARAMETRIC_REPRESENTATION_CONTEXT() REPRESENTATION_CONTEXT('2D SPACE',''
  ) );
#8009 = PCURVE('',#7897,#8010);
#8010 = DEFINITIONAL_REPRESENTATION('',(#8011),#8015);
#8011 = LINE('',#8012,#8013);
#8012 = CARTESIAN_POINT('',(0.,-6.));
#8013 = VECTOR('',#8014,1.);
#8014 = DIRECTION('',(1.,0.));
#8015 = ( GEOMETRIC_REPRESENTATION_CONTEXT(2) 
PARAMETRIC_REPRESENTATION_CONTEXT() REPRESENTATION_CONTEXT('2D SPACE',''
  ) );
#8016 = ORIENTED_EDGE('',*,*,#8017,.T.);
#8017 = EDGE_CURVE('',#7995,#7707,#8018,.T.);
#8018 = SURFACE_CURVE('',#8019,(#8023,#8030),.PCURVE_S1.);
#8019 = LINE('',#8020,#8021);
#8020 = CARTESIAN_POINT('',(6.,-5.484827557301,-9.5));
#8021 = VECTOR('',#8022,1.);
#8022 = DIRECTION('',(0.,1.,-6.477347996239E-16));
#8023 = PCURVE('',#7635,#8024);
#8024 = DEFINITIONAL_REPRESENTATION('',(#8025),#8029);
#8025 = LINE('',#8026,#8027);
#8026 = CARTESIAN_POINT('',(-9.5,5.484827557301));
#8027 = VECTOR('',#8028,1.);
#8028 = DIRECTION('',(-6.477347996239E-16,-1.));
#8029 = ( GEOMETRIC_REPRESENTATION_CONTEXT(2) 
PARAMETRIC_REPRESENTATION_CONTEXT() REPRESENTATION_CONTEXT('2D SPACE',''
  ) );
#8030 = PCURVE('',#7722,#8031);
#8031 = DEFINITIONAL_REPRESENTATION('',(#8032),#8036);
#8032 = LINE('',#8033,#8034);
#8033 = CARTESIAN_POINT('',(0.,-6.));
#8034 = VECTOR('',#8035,1.);
#8035 = DIRECTION('',(1.,0.));
#8036 = ( GEOMETRIC_REPRESENTATION_CONTEXT(2) 
PARAMETRIC_REPRESENTATION_CONTEXT() REPRESENTATION_CONTEXT('2D SPACE',''
  ) );
#8037 = ORIENTED_EDGE('',*,*,#7734,.T.);
#8038 = FACE_BOUND('',#8039,.T.);
#8039 = EDGE_LOOP('',(#8040));
#8040 = ORIENTED_EDGE('',*,*,#8041,.T.);
#8041 = EDGE_CURVE('',#8042,#8042,#8044,.T.);
#8042 = VERTEX_POINT('',#8043);
#8043 = CARTESIAN_POINT('',(6.,6.1,0.));
#8044 = SURFACE_CURVE('',#8045,(#8050,#8061),.PCURVE_S1.);
#8045 = CIRCLE('',#8046,6.1);
#8046 = AXIS2_PLACEMENT_3D('',#8047,#8048,#8049);
#8047 = CARTESIAN_POINT('',(6.,0.,0.));
#8048 = DIRECTION('',(-1.,0.,0.));
#8049 = DIRECTION('',(0.,1.,0.));
#8050 = PCURVE('',#7635,#8051);
#8051 = DEFINITIONAL_REPRESENTATION('',(#8052),#8060);
#8052 = ( BOUNDED_CURVE() B_SPLINE_CURVE(2,(#8053,#8054,#8055,#8056,
#8057,#8058,#8059),.UNSPECIFIED.,.T.,.F.) B_SPLINE_CURVE_WITH_KNOTS((1,2
    ,2,2,2,1),(-2.094395102393,0.,2.094395102393,4.188790204786,
6.28318530718,8.377580409573),.UNSPECIFIED.) CURVE() 
GEOMETRIC_REPRESENTATION_ITEM() RATIONAL_B_SPLINE_CURVE((1.,0.5,1.,0.5,
1.,0.5,1.)) REPRESENTATION_ITEM('') );
#8053 = CARTESIAN_POINT('',(1.295469599248E-15,-6.1));
#8054 = CARTESIAN_POINT('',(-10.56550992617,-6.1));
#8055 = CARTESIAN_POINT('',(-5.282754963085,3.05));
#8056 = CARTESIAN_POINT('',(-1.985994957119E-16,12.2));
#8057 = CARTESIAN_POINT('',(5.282754963085,3.05));
#8058 = CARTESIAN_POINT('',(10.56550992617,-6.1));
#8059 = CARTESIAN_POINT('',(1.295469599248E-15,-6.1));
#8060 = ( GEOMETRIC_REPRESENTATION_CONTEXT(2) 
PARAMETRIC_REPRESENTATION_CONTEXT() REPRESENTATION_CONTEXT('2D SPACE',''
  ) );
#8061 = PCURVE('',#7954,#8062);
#8062 = DEFINITIONAL_REPRESENTATION('',(#8063),#8067);
#8063 = LINE('',#8064,#8065);
#8064 = CARTESIAN_POINT('',(-6.28318530718,-7.));
#8065 = VECTOR('',#8066,1.);
#8066 = DIRECTION('',(1.,-0.));
#8067 = ( GEOMETRIC_REPRESENTATION_CONTEXT(2) 
PARAMETRIC_REPRESENTATION_CONTEXT() REPRESENTATION_CONTEXT('2D SPACE',''
  ) );
#8068 = ADVANCED_FACE('',(#8069),#7722,.F.);
#8069 = FACE_BOUND('',#8070,.F.);
#8070 = EDGE_LOOP('',(#8071,#8092,#8093,#8094));
#8071 = ORIENTED_EDGE('',*,*,#8072,.T.);
#8072 = EDGE_CURVE('',#7882,#7995,#8073,.T.);
#8073 = SURFACE_CURVE('',#8074,(#8078,#8085),.PCURVE_S1.);
#8074 = LINE('',#8075,#8076);
#8075 = CARTESIAN_POINT('',(0.,-5.484827557301,-9.5));
#8076 = VECTOR('',#8077,1.);
#8077 = DIRECTION('',(1.,0.,0.));
#8078 = PCURVE('',#7722,#8079);
#8079 = DEFINITIONAL_REPRESENTATION('',(#8080),#8084);
#8080 = LINE('',#8081,#8082);
#8081 = CARTESIAN_POINT('',(0.,0.));
#8082 = VECTOR('',#8083,1.);
#8083 = DIRECTION('',(0.,-1.));
#8084 = ( GEOMETRIC_REPRESENTATION_CONTEXT(2) 
PARAMETRIC_REPRESENTATION_CONTEXT() REPRESENTATION_CONTEXT('2D SPACE',''
  ) );
#8085 = PCURVE('',#7897,#8086);
#8086 = DEFINITIONAL_REPRESENTATION('',(#8087),#8091);
#8087 = LINE('',#8088,#8089);
#8088 = CARTESIAN_POINT('',(10.969655114603,0.));
#8089 = VECTOR('',#8090,1.);
#8090 = DIRECTION('',(0.,-1.));
#8091 = ( GEOMETRIC_REPRESENTATION_CONTEXT(2) 
PARAMETRIC_REPRESENTATION_CONTEXT() REPRESENTATION_CONTEXT('2D SPACE',''
  ) );
#8092 = ORIENTED_EDGE('',*,*,#8017,.T.);
#8093 = ORIENTED_EDGE('',*,*,#7704,.F.);
#8094 = ORIENTED_EDGE('',*,*,#7909,.F.);
#8095 = ADVANCED_FACE('',(#8096),#7820,.F.);
#8096 = FACE_BOUND('',#8097,.F.);
#8097 = EDGE_LOOP('',(#8098,#8099,#8100,#8121));
#8098 = ORIENTED_EDGE('',*,*,#7804,.T.);
#8099 = ORIENTED_EDGE('',*,*,#7971,.T.);
#8100 = ORIENTED_EDGE('',*,*,#8101,.F.);
#8101 = EDGE_CURVE('',#7859,#7972,#8102,.T.);
#8102 = SURFACE_CURVE('',#8103,(#8107,#8114),.PCURVE_S1.);
#8103 = LINE('',#8104,#8105);
#8104 = CARTESIAN_POINT('',(0.,-10.9696551146,1.343395302385E-15));
#8105 = VECTOR('',#8106,1.);
#8106 = DIRECTION('',(1.,0.,0.));
#8107 = PCURVE('',#7820,#8108);
#8108 = DEFINITIONAL_REPRESENTATION('',(#8109),#8113);
#8109 = LINE('',#8110,#8111);
#8110 = CARTESIAN_POINT('',(10.969655114603,0.));
#8111 = VECTOR('',#8112,1.);
#8112 = DIRECTION('',(0.,-1.));
#8113 = ( GEOMETRIC_REPRESENTATION_CONTEXT(2) 
PARAMETRIC_REPRESENTATION_CONTEXT() REPRESENTATION_CONTEXT('2D SPACE',''
  ) );
#8114 = PCURVE('',#7897,#8115);
#8115 = DEFINITIONAL_REPRESENTATION('',(#8116),#8120);
#8116 = LINE('',#8117,#8118);
#8117 = CARTESIAN_POINT('',(0.,0.));
#8118 = VECTOR('',#8119,1.);
#8119 = DIRECTION('',(0.,-1.));
#8120 = ( GEOMETRIC_REPRESENTATION_CONTEXT(2) 
PARAMETRIC_REPRESENTATION_CONTEXT() REPRESENTATION_CONTEXT('2D SPACE',''
  ) );
#8121 = ORIENTED_EDGE('',*,*,#7858,.F.);
#8122 = ADVANCED_FACE('',(#8123),#7897,.F.);
#8123 = FACE_BOUND('',#8124,.F.);
#8124 = EDGE_LOOP('',(#8125,#8126,#8127,#8128));
#8125 = ORIENTED_EDGE('',*,*,#8101,.T.);
#8126 = ORIENTED_EDGE('',*,*,#7994,.T.);
#8127 = ORIENTED_EDGE('',*,*,#8072,.F.);
#8128 = ORIENTED_EDGE('',*,*,#7881,.F.);
#8129 = ADVANCED_FACE('',(#8130),#7954,.F.);
#8130 = FACE_BOUND('',#8131,.T.);
#8131 = EDGE_LOOP('',(#8132,#8133,#8154,#8155));
#8132 = ORIENTED_EDGE('',*,*,#7933,.T.);
#8133 = ORIENTED_EDGE('',*,*,#8134,.T.);
#8134 = EDGE_CURVE('',#7934,#8042,#8135,.T.);
#8135 = SEAM_CURVE('',#8136,(#8140,#8147),.PCURVE_S1.);
#8136 = LINE('',#8137,#8138);
#8137 = CARTESIAN_POINT('',(-1.,6.1,0.));
#8138 = VECTOR('',#8139,1.);
#8139 = DIRECTION('',(1.,0.,0.));
#8140 = PCURVE('',#7954,#8141);
#8141 = DEFINITIONAL_REPRESENTATION('',(#8142),#8146);
#8142 = LINE('',#8143,#8144);
#8143 = CARTESIAN_POINT('',(-6.28318530718,0.));
#8144 = VECTOR('',#8145,1.);
#8145 = DIRECTION('',(-0.,-1.));
#8146 = ( GEOMETRIC_REPRESENTATION_CONTEXT(2) 
PARAMETRIC_REPRESENTATION_CONTEXT() REPRESENTATION_CONTEXT('2D SPACE',''
  ) );
#8147 = PCURVE('',#7954,#8148);
#8148 = DEFINITIONAL_REPRESENTATION('',(#8149),#8153);
#8149 = LINE('',#8150,#8151);
#8150 = CARTESIAN_POINT('',(-0.,0.));
#8151 = VECTOR('',#8152,1.);
#8152 = DIRECTION('',(-0.,-1.));
#8153 = ( GEOMETRIC_REPRESENTATION_CONTEXT(2) 
PARAMETRIC_REPRESENTATION_CONTEXT() REPRESENTATION_CONTEXT('2D SPACE',''
  ) );
#8154 = ORIENTED_EDGE('',*,*,#8041,.F.);
#8155 = ORIENTED_EDGE('',*,*,#8134,.F.);
#8156 = ( GEOMETRIC_REPRESENTATION_CONTEXT(3) 
GLOBAL_UNCERTAINTY_ASSIGNED_CONTEXT((#8160)) 
GLOBAL_UNIT_ASSIGNED_CONTEXT((#8157,#8158,#8159)) REPRESENTATION_CONTEXT
('Context #1','3D Context with UNIT and UNCERTAINTY') );
#8157 = ( LENGTH_UNIT() NAMED_UNIT(*) SI_UNIT(.MILLI.,.METRE.) );
#8158 = ( NAMED_UNIT(*) PLANE_ANGLE_UNIT() SI_UNIT($,.RADIAN.) );
#8159 = ( NAMED_UNIT(*) SI_UNIT($,.STERADIAN.) SOLID_ANGLE_UNIT() );
#8160 = UNCERTAINTY_MEASURE_WITH_UNIT(LENGTH_MEASURE(1.E-07),#8157,
  'distance_accuracy_value','confusion accuracy');
#8161 = CONTEXT_DEPENDENT_SHAPE_REPRESENTATION(#8162,#8164);
#8162 = ( REPRESENTATION_RELATIONSHIP('','',#7577,#10) 
REPRESENTATION_RELATIONSHIP_WITH_TRANSFORMATION(#8163) 
SHAPE_REPRESENTATION_RELATIONSHIP() );
#8163 = ITEM_DEFINED_TRANSFORMATION('','',#11,#39);
#8164 = PRODUCT_DEFINITION_SHAPE('Placement','Placement of an item',
  #8165);
#8165 = NEXT_ASSEMBLY_USAGE_OCCURRENCE('7','tope_der','',#5,#7572,$);
#8166 = PRODUCT_RELATED_PRODUCT_CATEGORY('part',$,(#7574));
#8167 = SHAPE_DEFINITION_REPRESENTATION(#8168,#8174);
#8168 = PRODUCT_DEFINITION_SHAPE('','',#8169);
#8169 = PRODUCT_DEFINITION('design','',#8170,#8173);
#8170 = PRODUCT_DEFINITION_FORMATION('','',#8171);
#8171 = PRODUCT('tope_izq','tope_izq','',(#8172));
#8172 = PRODUCT_CONTEXT('',#2,'mechanical');
#8173 = PRODUCT_DEFINITION_CONTEXT('part definition',#2,'design');
#8174 = ADVANCED_BREP_SHAPE_REPRESENTATION('',(#11,#8175),#8753);
#8175 = MANIFOLD_SOLID_BREP('',#8176);
#8176 = CLOSED_SHELL('',(#8177,#8297,#8373,#8449,#8562,#8665,#8692,#8719
    ,#8726));
#8177 = ADVANCED_FACE('',(#8178),#8192,.F.);
#8178 = FACE_BOUND('',#8179,.F.);
#8179 = EDGE_LOOP('',(#8180,#8215,#8243,#8271));
#8180 = ORIENTED_EDGE('',*,*,#8181,.T.);
#8181 = EDGE_CURVE('',#8182,#8184,#8186,.T.);
#8182 = VERTEX_POINT('',#8183);
#8183 = CARTESIAN_POINT('',(0.,10.969655114603,0.));
#8184 = VERTEX_POINT('',#8185);
#8185 = CARTESIAN_POINT('',(6.,10.969655114603,0.));
#8186 = SURFACE_CURVE('',#8187,(#8191,#8203),.PCURVE_S1.);
#8187 = LINE('',#8188,#8189);
#8188 = CARTESIAN_POINT('',(0.,10.969655114603,0.));
#8189 = VECTOR('',#8190,1.);
#8190 = DIRECTION('',(1.,0.,0.));
#8191 = PCURVE('',#8192,#8197);
#8192 = PLANE('',#8193);
#8193 = AXIS2_PLACEMENT_3D('',#8194,#8195,#8196);
#8194 = CARTESIAN_POINT('',(0.,10.969655114603,0.));
#8195 = DIRECTION('',(0.,-0.866025403784,-0.5));
#8196 = DIRECTION('',(0.,-0.5,0.866025403784));
#8197 = DEFINITIONAL_REPRESENTATION('',(#8198),#8202);
#8198 = LINE('',#8199,#8200);
#8199 = CARTESIAN_POINT('',(0.,0.));
#8200 = VECTOR('',#8201,1.);
#8201 = DIRECTION('',(0.,-1.));
#8202 = ( GEOMETRIC_REPRESENTATION_CONTEXT(2) 
PARAMETRIC_REPRESENTATION_CONTEXT() REPRESENTATION_CONTEXT('2D SPACE',''
  ) );
#8203 = PCURVE('',#8204,#8209);
#8204 = PLANE('',#8205);
#8205 = AXIS2_PLACEMENT_3D('',#8206,#8207,#8208);
#8206 = CARTESIAN_POINT('',(0.,5.484827557301,-9.5));
#8207 = DIRECTION('',(0.,-0.866025403784,0.5));
#8208 = DIRECTION('',(0.,0.5,0.866025403784));
#8209 = DEFINITIONAL_REPRESENTATION('',(#8210),#8214);
#8210 = LINE('',#8211,#8212);
#8211 = CARTESIAN_POINT('',(10.969655114603,0.));
#8212 = VECTOR('',#8213,1.);
#8213 = DIRECTION('',(0.,-1.));
#8214 = ( GEOMETRIC_REPRESENTATION_CONTEXT(2) 
PARAMETRIC_REPRESENTATION_CONTEXT() REPRESENTATION_CONTEXT('2D SPACE',''
  ) );
#8215 = ORIENTED_EDGE('',*,*,#8216,.T.);
#8216 = EDGE_CURVE('',#8184,#8217,#8219,.T.);
#8217 = VERTEX_POINT('',#8218);
#8218 = CARTESIAN_POINT('',(6.,5.484827557301,9.5));
#8219 = SURFACE_CURVE('',#8220,(#8224,#8231),.PCURVE_S1.);
#8220 = LINE('',#8221,#8222);
#8221 = CARTESIAN_POINT('',(6.,10.969655114603,0.));
#8222 = VECTOR('',#8223,1.);
#8223 = DIRECTION('',(0.,-0.5,0.866025403784));
#8224 = PCURVE('',#8192,#8225);
#8225 = DEFINITIONAL_REPRESENTATION('',(#8226),#8230);
#8226 = LINE('',#8227,#8228);
#8227 = CARTESIAN_POINT('',(0.,-6.));
#8228 = VECTOR('',#8229,1.);
#8229 = DIRECTION('',(1.,0.));
#8230 = ( GEOMETRIC_REPRESENTATION_CONTEXT(2) 
PARAMETRIC_REPRESENTATION_CONTEXT() REPRESENTATION_CONTEXT('2D SPACE',''
  ) );
#8231 = PCURVE('',#8232,#8237);
#8232 = PLANE('',#8233);
#8233 = AXIS2_PLACEMENT_3D('',#8234,#8235,#8236);
#8234 = CARTESIAN_POINT('',(6.,-2.159115998746E-16,-1.295469599248E-15)
  );
#8235 = DIRECTION('',(1.,0.,0.));
#8236 = DIRECTION('',(-0.,0.,1.));
#8237 = DEFINITIONAL_REPRESENTATION('',(#8238),#8242);
#8238 = LINE('',#8239,#8240);
#8239 = CARTESIAN_POINT('',(1.295469599248E-15,-10.9696551146));
#8240 = VECTOR('',#8241,1.);
#8241 = DIRECTION('',(0.866025403784,0.5));
#8242 = ( GEOMETRIC_REPRESENTATION_CONTEXT(2) 
PARAMETRIC_REPRESENTATION_CONTEXT() REPRESENTATION_CONTEXT('2D SPACE',''
  ) );
#8243 = ORIENTED_EDGE('',*,*,#8244,.F.);
#8244 = EDGE_CURVE('',#8245,#8217,#8247,.T.);
#8245 = VERTEX_POINT('',#8246);
#8246 = CARTESIAN_POINT('',(0.,5.484827557301,9.5));
#8247 = SURFACE_CURVE('',#8248,(#8252,#8259),.PCURVE_S1.);
#8248 = LINE('',#8249,#8250);
#8249 = CARTESIAN_POINT('',(0.,5.484827557301,9.5));
#8250 = VECTOR('',#8251,1.);
#8251 = DIRECTION('',(1.,0.,0.));
#8252 = PCURVE('',#8192,#8253);
#8253 = DEFINITIONAL_REPRESENTATION('',(#8254),#8258);
#8254 = LINE('',#8255,#8256);
#8255 = CARTESIAN_POINT('',(10.969655114603,0.));
#8256 = VECTOR('',#8257,1.);
#8257 = DIRECTION('',(0.,-1.));
#8258 = ( GEOMETRIC_REPRESENTATION_CONTEXT(2) 
PARAMETRIC_REPRESENTATION_CONTEXT() REPRESENTATION_CONTEXT('2D SPACE',''
  ) );
#8259 = PCURVE('',#8260,#8265);
#8260 = PLANE('',#8261);
#8261 = AXIS2_PLACEMENT_3D('',#8262,#8263,#8264);
#8262 = CARTESIAN_POINT('',(0.,5.484827557301,9.5));
#8263 = DIRECTION('',(0.,-1.61933699906E-16,-1.));
#8264 = DIRECTION('',(0.,-1.,1.61933699906E-16));
#8265 = DEFINITIONAL_REPRESENTATION('',(#8266),#8270);
#8266 = LINE('',#8267,#8268);
#8267 = CARTESIAN_POINT('',(0.,0.));
#8268 = VECTOR('',#8269,1.);
#8269 = DIRECTION('',(0.,-1.));
#8270 = ( GEOMETRIC_REPRESENTATION_CONTEXT(2) 
PARAMETRIC_REPRESENTATION_CONTEXT() REPRESENTATION_CONTEXT('2D SPACE',''
  ) );
#8271 = ORIENTED_EDGE('',*,*,#8272,.F.);
#8272 = EDGE_CURVE('',#8182,#8245,#8273,.T.);
#8273 = SURFACE_CURVE('',#8274,(#8278,#8285),.PCURVE_S1.);
#8274 = LINE('',#8275,#8276);
#8275 = CARTESIAN_POINT('',(0.,10.969655114603,0.));
#8276 = VECTOR('',#8277,1.);
#8277 = DIRECTION('',(0.,-0.5,0.866025403784));
#8278 = PCURVE('',#8192,#8279);
#8279 = DEFINITIONAL_REPRESENTATION('',(#8280),#8284);
#8280 = LINE('',#8281,#8282);
#8281 = CARTESIAN_POINT('',(0.,0.));
#8282 = VECTOR('',#8283,1.);
#8283 = DIRECTION('',(1.,0.));
#8284 = ( GEOMETRIC_REPRESENTATION_CONTEXT(2) 
PARAMETRIC_REPRESENTATION_CONTEXT() REPRESENTATION_CONTEXT('2D SPACE',''
  ) );
#8285 = PCURVE('',#8286,#8291);
#8286 = PLANE('',#8287);
#8287 = AXIS2_PLACEMENT_3D('',#8288,#8289,#8290);
#8288 = CARTESIAN_POINT('',(0.,-2.159115998746E-16,-1.295469599248E-15)
  );
#8289 = DIRECTION('',(1.,0.,0.));
#8290 = DIRECTION('',(-0.,0.,1.));
#8291 = DEFINITIONAL_REPRESENTATION('',(#8292),#8296);
#8292 = LINE('',#8293,#8294);
#8293 = CARTESIAN_POINT('',(1.295469599248E-15,-10.9696551146));
#8294 = VECTOR('',#8295,1.);
#8295 = DIRECTION('',(0.866025403784,0.5));
#8296 = ( GEOMETRIC_REPRESENTATION_CONTEXT(2) 
PARAMETRIC_REPRESENTATION_CONTEXT() REPRESENTATION_CONTEXT('2D SPACE',''
  ) );
#8297 = ADVANCED_FACE('',(#8298),#8204,.F.);
#8298 = FACE_BOUND('',#8299,.F.);
#8299 = EDGE_LOOP('',(#8300,#8330,#8351,#8352));
#8300 = ORIENTED_EDGE('',*,*,#8301,.T.);
#8301 = EDGE_CURVE('',#8302,#8304,#8306,.T.);
#8302 = VERTEX_POINT('',#8303);
#8303 = CARTESIAN_POINT('',(0.,5.484827557301,-9.5));
#8304 = VERTEX_POINT('',#8305);
#8305 = CARTESIAN_POINT('',(6.,5.484827557301,-9.5));
#8306 = SURFACE_CURVE('',#8307,(#8311,#8318),.PCURVE_S1.);
#8307 = LINE('',#8308,#8309);
#8308 = CARTESIAN_POINT('',(0.,5.484827557301,-9.5));
#8309 = VECTOR('',#8310,1.);
#8310 = DIRECTION('',(1.,0.,0.));
#8311 = PCURVE('',#8204,#8312);
#8312 = DEFINITIONAL_REPRESENTATION('',(#8313),#8317);
#8313 = LINE('',#8314,#8315);
#8314 = CARTESIAN_POINT('',(0.,0.));
#8315 = VECTOR('',#8316,1.);
#8316 = DIRECTION('',(0.,-1.));
#8317 = ( GEOMETRIC_REPRESENTATION_CONTEXT(2) 
PARAMETRIC_REPRESENTATION_CONTEXT() REPRESENTATION_CONTEXT('2D SPACE',''
  ) );
#8318 = PCURVE('',#8319,#8324);
#8319 = PLANE('',#8320);
#8320 = AXIS2_PLACEMENT_3D('',#8321,#8322,#8323);
#8321 = CARTESIAN_POINT('',(0.,-5.484827557301,-9.5));
#8322 = DIRECTION('',(-0.,6.477347996239E-16,1.));
#8323 = DIRECTION('',(0.,1.,-6.477347996239E-16));
#8324 = DEFINITIONAL_REPRESENTATION('',(#8325),#8329);
#8325 = LINE('',#8326,#8327);
#8326 = CARTESIAN_POINT('',(10.969655114603,0.));
#8327 = VECTOR('',#8328,1.);
#8328 = DIRECTION('',(0.,-1.));
#8329 = ( GEOMETRIC_REPRESENTATION_CONTEXT(2) 
PARAMETRIC_REPRESENTATION_CONTEXT() REPRESENTATION_CONTEXT('2D SPACE',''
  ) );
#8330 = ORIENTED_EDGE('',*,*,#8331,.T.);
#8331 = EDGE_CURVE('',#8304,#8184,#8332,.T.);
#8332 = SURFACE_CURVE('',#8333,(#8337,#8344),.PCURVE_S1.);
#8333 = LINE('',#8334,#8335);
#8334 = CARTESIAN_POINT('',(6.,5.484827557301,-9.5));
#8335 = VECTOR('',#8336,1.);
#8336 = DIRECTION('',(0.,0.5,0.866025403784));
#8337 = PCURVE('',#8204,#8338);
#8338 = DEFINITIONAL_REPRESENTATION('',(#8339),#8343);
#8339 = LINE('',#8340,#8341);
#8340 = CARTESIAN_POINT('',(0.,-6.));
#8341 = VECTOR('',#8342,1.);
#8342 = DIRECTION('',(1.,0.));
#8343 = ( GEOMETRIC_REPRESENTATION_CONTEXT(2) 
PARAMETRIC_REPRESENTATION_CONTEXT() REPRESENTATION_CONTEXT('2D SPACE',''
  ) );
#8344 = PCURVE('',#8232,#8345);
#8345 = DEFINITIONAL_REPRESENTATION('',(#8346),#8350);
#8346 = LINE('',#8347,#8348);
#8347 = CARTESIAN_POINT('',(-9.5,-5.484827557301));
#8348 = VECTOR('',#8349,1.);
#8349 = DIRECTION('',(0.866025403784,-0.5));
#8350 = ( GEOMETRIC_REPRESENTATION_CONTEXT(2) 
PARAMETRIC_REPRESENTATION_CONTEXT() REPRESENTATION_CONTEXT('2D SPACE',''
  ) );
#8351 = ORIENTED_EDGE('',*,*,#8181,.F.);
#8352 = ORIENTED_EDGE('',*,*,#8353,.F.);
#8353 = EDGE_CURVE('',#8302,#8182,#8354,.T.);
#8354 = SURFACE_CURVE('',#8355,(#8359,#8366),.PCURVE_S1.);
#8355 = LINE('',#8356,#8357);
#8356 = CARTESIAN_POINT('',(0.,5.484827557301,-9.5));
#8357 = VECTOR('',#8358,1.);
#8358 = DIRECTION('',(0.,0.5,0.866025403784));
#8359 = PCURVE('',#8204,#8360);
#8360 = DEFINITIONAL_REPRESENTATION('',(#8361),#8365);
#8361 = LINE('',#8362,#8363);
#8362 = CARTESIAN_POINT('',(0.,0.));
#8363 = VECTOR('',#8364,1.);
#8364 = DIRECTION('',(1.,0.));
#8365 = ( GEOMETRIC_REPRESENTATION_CONTEXT(2) 
PARAMETRIC_REPRESENTATION_CONTEXT() REPRESENTATION_CONTEXT('2D SPACE',''
  ) );
#8366 = PCURVE('',#8286,#8367);
#8367 = DEFINITIONAL_REPRESENTATION('',(#8368),#8372);
#8368 = LINE('',#8369,#8370);
#8369 = CARTESIAN_POINT('',(-9.5,-5.484827557301));
#8370 = VECTOR('',#8371,1.);
#8371 = DIRECTION('',(0.866025403784,-0.5));
#8372 = ( GEOMETRIC_REPRESENTATION_CONTEXT(2) 
PARAMETRIC_REPRESENTATION_CONTEXT() REPRESENTATION_CONTEXT('2D SPACE',''
  ) );
#8373 = ADVANCED_FACE('',(#8374),#8260,.F.);
#8374 = FACE_BOUND('',#8375,.F.);
#8375 = EDGE_LOOP('',(#8376,#8377,#8400,#8428));
#8376 = ORIENTED_EDGE('',*,*,#8244,.T.);
#8377 = ORIENTED_EDGE('',*,*,#8378,.T.);
#8378 = EDGE_CURVE('',#8217,#8379,#8381,.T.);
#8379 = VERTEX_POINT('',#8380);
#8380 = CARTESIAN_POINT('',(6.,-5.484827557301,9.5));
#8381 = SURFACE_CURVE('',#8382,(#8386,#8393),.PCURVE_S1.);
#8382 = LINE('',#8383,#8384);
#8383 = CARTESIAN_POINT('',(6.,5.484827557301,9.5));
#8384 = VECTOR('',#8385,1.);
#8385 = DIRECTION('',(0.,-1.,1.61933699906E-16));
#8386 = PCURVE('',#8260,#8387);
#8387 = DEFINITIONAL_REPRESENTATION('',(#8388),#8392);
#8388 = LINE('',#8389,#8390);
#8389 = CARTESIAN_POINT('',(0.,-6.));
#8390 = VECTOR('',#8391,1.);
#8391 = DIRECTION('',(1.,0.));
#8392 = ( GEOMETRIC_REPRESENTATION_CONTEXT(2) 
PARAMETRIC_REPRESENTATION_CONTEXT() REPRESENTATION_CONTEXT('2D SPACE',''
  ) );
#8393 = PCURVE('',#8232,#8394);
#8394 = DEFINITIONAL_REPRESENTATION('',(#8395),#8399);
#8395 = LINE('',#8396,#8397);
#8396 = CARTESIAN_POINT('',(9.5,-5.484827557301));
#8397 = VECTOR('',#8398,1.);
#8398 = DIRECTION('',(1.61933699906E-16,1.));
#8399 = ( GEOMETRIC_REPRESENTATION_CONTEXT(2) 
PARAMETRIC_REPRESENTATION_CONTEXT() REPRESENTATION_CONTEXT('2D SPACE',''
  ) );
#8400 = ORIENTED_EDGE('',*,*,#8401,.F.);
#8401 = EDGE_CURVE('',#8402,#8379,#8404,.T.);
#8402 = VERTEX_POINT('',#8403);
#8403 = CARTESIAN_POINT('',(0.,-5.484827557301,9.5));
#8404 = SURFACE_CURVE('',#8405,(#8409,#8416),.PCURVE_S1.);
#8405 = LINE('',#8406,#8407);
#8406 = CARTESIAN_POINT('',(0.,-5.484827557301,9.5));
#8407 = VECTOR('',#8408,1.);
#8408 = DIRECTION('',(1.,0.,0.));
#8409 = PCURVE('',#8260,#8410);
#8410 = DEFINITIONAL_REPRESENTATION('',(#8411),#8415);
#8411 = LINE('',#8412,#8413);
#8412 = CARTESIAN_POINT('',(10.969655114603,0.));
#8413 = VECTOR('',#8414,1.);
#8414 = DIRECTION('',(0.,-1.));
#8415 = ( GEOMETRIC_REPRESENTATION_CONTEXT(2) 
PARAMETRIC_REPRESENTATION_CONTEXT() REPRESENTATION_CONTEXT('2D SPACE',''
  ) );
#8416 = PCURVE('',#8417,#8422);
#8417 = PLANE('',#8418);
#8418 = AXIS2_PLACEMENT_3D('',#8419,#8420,#8421);
#8419 = CARTESIAN_POINT('',(0.,-5.484827557301,9.5));
#8420 = DIRECTION('',(0.,0.866025403784,-0.5));
#8421 = DIRECTION('',(0.,-0.5,-0.866025403784));
#8422 = DEFINITIONAL_REPRESENTATION('',(#8423),#8427);
#8423 = LINE('',#8424,#8425);
#8424 = CARTESIAN_POINT('',(0.,0.));
#8425 = VECTOR('',#8426,1.);
#8426 = DIRECTION('',(0.,-1.));
#8427 = ( GEOMETRIC_REPRESENTATION_CONTEXT(2) 
PARAMETRIC_REPRESENTATION_CONTEXT() REPRESENTATION_CONTEXT('2D SPACE',''
  ) );
#8428 = ORIENTED_EDGE('',*,*,#8429,.F.);
#8429 = EDGE_CURVE('',#8245,#8402,#8430,.T.);
#8430 = SURFACE_CURVE('',#8431,(#8435,#8442),.PCURVE_S1.);
#8431 = LINE('',#8432,#8433);
#8432 = CARTESIAN_POINT('',(0.,5.484827557301,9.5));
#8433 = VECTOR('',#8434,1.);
#8434 = DIRECTION('',(0.,-1.,1.61933699906E-16));
#8435 = PCURVE('',#8260,#8436);
#8436 = DEFINITIONAL_REPRESENTATION('',(#8437),#8441);
#8437 = LINE('',#8438,#8439);
#8438 = CARTESIAN_POINT('',(0.,0.));
#8439 = VECTOR('',#8440,1.);
#8440 = DIRECTION('',(1.,0.));
#8441 = ( GEOMETRIC_REPRESENTATION_CONTEXT(2) 
PARAMETRIC_REPRESENTATION_CONTEXT() REPRESENTATION_CONTEXT('2D SPACE',''
  ) );
#8442 = PCURVE('',#8286,#8443);
#8443 = DEFINITIONAL_REPRESENTATION('',(#8444),#8448);
#8444 = LINE('',#8445,#8446);
#8445 = CARTESIAN_POINT('',(9.5,-5.484827557301));
#8446 = VECTOR('',#8447,1.);
#8447 = DIRECTION('',(1.61933699906E-16,1.));
#8448 = ( GEOMETRIC_REPRESENTATION_CONTEXT(2) 
PARAMETRIC_REPRESENTATION_CONTEXT() REPRESENTATION_CONTEXT('2D SPACE',''
  ) );
#8449 = ADVANCED_FACE('',(#8450,#8527),#8286,.F.);
#8450 = FACE_BOUND('',#8451,.F.);
#8451 = EDGE_LOOP('',(#8452,#8453,#8454,#8477,#8505,#8526));
#8452 = ORIENTED_EDGE('',*,*,#8272,.T.);
#8453 = ORIENTED_EDGE('',*,*,#8429,.T.);
#8454 = ORIENTED_EDGE('',*,*,#8455,.T.);
#8455 = EDGE_CURVE('',#8402,#8456,#8458,.T.);
#8456 = VERTEX_POINT('',#8457);
#8457 = CARTESIAN_POINT('',(0.,-10.9696551146,1.343395302385E-15));
#8458 = SURFACE_CURVE('',#8459,(#8463,#8470),.PCURVE_S1.);
#8459 = LINE('',#8460,#8461);
#8460 = CARTESIAN_POINT('',(0.,-5.484827557301,9.5));
#8461 = VECTOR('',#8462,1.);
#8462 = DIRECTION('',(0.,-0.5,-0.866025403784));
#8463 = PCURVE('',#8286,#8464);
#8464 = DEFINITIONAL_REPRESENTATION('',(#8465),#8469);
#8465 = LINE('',#8466,#8467);
#8466 = CARTESIAN_POINT('',(9.5,5.484827557301));
#8467 = VECTOR('',#8468,1.);
#8468 = DIRECTION('',(-0.866025403784,0.5));
#8469 = ( GEOMETRIC_REPRESENTATION_CONTEXT(2) 
PARAMETRIC_REPRESENTATION_CONTEXT() REPRESENTATION_CONTEXT('2D SPACE',''
  ) );
#8470 = PCURVE('',#8417,#8471);
#8471 = DEFINITIONAL_REPRESENTATION('',(#8472),#8476);
#8472 = LINE('',#8473,#8474);
#8473 = CARTESIAN_POINT('',(0.,0.));
#8474 = VECTOR('',#8475,1.);
#8475 = DIRECTION('',(1.,0.));
#8476 = ( GEOMETRIC_REPRESENTATION_CONTEXT(2) 
PARAMETRIC_REPRESENTATION_CONTEXT() REPRESENTATION_CONTEXT('2D SPACE',''
  ) );
#8477 = ORIENTED_EDGE('',*,*,#8478,.T.);
#8478 = EDGE_CURVE('',#8456,#8479,#8481,.T.);
#8479 = VERTEX_POINT('',#8480);
#8480 = CARTESIAN_POINT('',(0.,-5.484827557301,-9.5));
#8481 = SURFACE_CURVE('',#8482,(#8486,#8493),.PCURVE_S1.);
#8482 = LINE('',#8483,#8484);
#8483 = CARTESIAN_POINT('',(0.,-10.9696551146,1.343395302385E-15));
#8484 = VECTOR('',#8485,1.);
#8485 = DIRECTION('',(0.,0.5,-0.866025403784));
#8486 = PCURVE('',#8286,#8487);
#8487 = DEFINITIONAL_REPRESENTATION('',(#8488),#8492);
#8488 = LINE('',#8489,#8490);
#8489 = CARTESIAN_POINT('',(2.638864901633E-15,10.969655114603));
#8490 = VECTOR('',#8491,1.);
#8491 = DIRECTION('',(-0.866025403784,-0.5));
#8492 = ( GEOMETRIC_REPRESENTATION_CONTEXT(2) 
PARAMETRIC_REPRESENTATION_CONTEXT() REPRESENTATION_CONTEXT('2D SPACE',''
  ) );
#8493 = PCURVE('',#8494,#8499);
#8494 = PLANE('',#8495);
#8495 = AXIS2_PLACEMENT_3D('',#8496,#8497,#8498);
#8496 = CARTESIAN_POINT('',(0.,-10.9696551146,1.343395302385E-15));
#8497 = DIRECTION('',(-0.,0.866025403784,0.5));
#8498 = DIRECTION('',(0.,0.5,-0.866025403784));
#8499 = DEFINITIONAL_REPRESENTATION('',(#8500),#8504);
#8500 = LINE('',#8501,#8502);
#8501 = CARTESIAN_POINT('',(0.,0.));
#8502 = VECTOR('',#8503,1.);
#8503 = DIRECTION('',(1.,0.));
#8504 = ( GEOMETRIC_REPRESENTATION_CONTEXT(2) 
PARAMETRIC_REPRESENTATION_CONTEXT() REPRESENTATION_CONTEXT('2D SPACE',''
  ) );
#8505 = ORIENTED_EDGE('',*,*,#8506,.T.);
#8506 = EDGE_CURVE('',#8479,#8302,#8507,.T.);
#8507 = SURFACE_CURVE('',#8508,(#8512,#8519),.PCURVE_S1.);
#8508 = LINE('',#8509,#8510);
#8509 = CARTESIAN_POINT('',(0.,-5.484827557301,-9.5));
#8510 = VECTOR('',#8511,1.);
#8511 = DIRECTION('',(0.,1.,-6.477347996239E-16));
#8512 = PCURVE('',#8286,#8513);
#8513 = DEFINITIONAL_REPRESENTATION('',(#8514),#8518);
#8514 = LINE('',#8515,#8516);
#8515 = CARTESIAN_POINT('',(-9.5,5.484827557301));
#8516 = VECTOR('',#8517,1.);
#8517 = DIRECTION('',(-6.477347996239E-16,-1.));
#8518 = ( GEOMETRIC_REPRESENTATION_CONTEXT(2) 
PARAMETRIC_REPRESENTATION_CONTEXT() REPRESENTATION_CONTEXT('2D SPACE',''
  ) );
#8519 = PCURVE('',#8319,#8520);
#8520 = DEFINITIONAL_REPRESENTATION('',(#8521),#8525);
#8521 = LINE('',#8522,#8523);
#8522 = CARTESIAN_POINT('',(0.,0.));
#8523 = VECTOR('',#8524,1.);
#8524 = DIRECTION('',(1.,0.));
#8525 = ( GEOMETRIC_REPRESENTATION_CONTEXT(2) 
PARAMETRIC_REPRESENTATION_CONTEXT() REPRESENTATION_CONTEXT('2D SPACE',''
  ) );
#8526 = ORIENTED_EDGE('',*,*,#8353,.T.);
#8527 = FACE_BOUND('',#8528,.F.);
#8528 = EDGE_LOOP('',(#8529));
#8529 = ORIENTED_EDGE('',*,*,#8530,.T.);
#8530 = EDGE_CURVE('',#8531,#8531,#8533,.T.);
#8531 = VERTEX_POINT('',#8532);
#8532 = CARTESIAN_POINT('',(0.,6.1,0.));
#8533 = SURFACE_CURVE('',#8534,(#8539,#8550),.PCURVE_S1.);
#8534 = CIRCLE('',#8535,6.1);
#8535 = AXIS2_PLACEMENT_3D('',#8536,#8537,#8538);
#8536 = CARTESIAN_POINT('',(0.,0.,0.));
#8537 = DIRECTION('',(-1.,0.,0.));
#8538 = DIRECTION('',(0.,1.,0.));
#8539 = PCURVE('',#8286,#8540);
#8540 = DEFINITIONAL_REPRESENTATION('',(#8541),#8549);
#8541 = ( BOUNDED_CURVE() B_SPLINE_CURVE(2,(#8542,#8543,#8544,#8545,
#8546,#8547,#8548),.UNSPECIFIED.,.T.,.F.) B_SPLINE_CURVE_WITH_KNOTS((1,2
    ,2,2,2,1),(-2.094395102393,0.,2.094395102393,4.188790204786,
6.28318530718,8.377580409573),.UNSPECIFIED.) CURVE() 
GEOMETRIC_REPRESENTATION_ITEM() RATIONAL_B_SPLINE_CURVE((1.,0.5,1.,0.5,
1.,0.5,1.)) REPRESENTATION_ITEM('') );
#8542 = CARTESIAN_POINT('',(1.295469599248E-15,-6.1));
#8543 = CARTESIAN_POINT('',(-10.56550992617,-6.1));
#8544 = CARTESIAN_POINT('',(-5.282754963085,3.05));
#8545 = CARTESIAN_POINT('',(-1.985994957119E-16,12.2));
#8546 = CARTESIAN_POINT('',(5.282754963085,3.05));
#8547 = CARTESIAN_POINT('',(10.56550992617,-6.1));
#8548 = CARTESIAN_POINT('',(1.295469599248E-15,-6.1));
#8549 = ( GEOMETRIC_REPRESENTATION_CONTEXT(2) 
PARAMETRIC_REPRESENTATION_CONTEXT() REPRESENTATION_CONTEXT('2D SPACE',''
  ) );
#8550 = PCURVE('',#8551,#8556);
#8551 = CYLINDRICAL_SURFACE('',#8552,6.1);
#8552 = AXIS2_PLACEMENT_3D('',#8553,#8554,#8555);
#8553 = CARTESIAN_POINT('',(-1.,0.,0.));
#8554 = DIRECTION('',(-1.,-0.,-0.));
#8555 = DIRECTION('',(0.,1.,0.));
#8556 = DEFINITIONAL_REPRESENTATION('',(#8557),#8561);
#8557 = LINE('',#8558,#8559);
#8558 = CARTESIAN_POINT('',(-6.28318530718,-1.));
#8559 = VECTOR('',#8560,1.);
#8560 = DIRECTION('',(1.,-0.));
#8561 = ( GEOMETRIC_REPRESENTATION_CONTEXT(2) 
PARAMETRIC_REPRESENTATION_CONTEXT() REPRESENTATION_CONTEXT('2D SPACE',''
  ) );
#8562 = ADVANCED_FACE('',(#8563,#8635),#8232,.T.);
#8563 = FACE_BOUND('',#8564,.T.);
#8564 = EDGE_LOOP('',(#8565,#8566,#8567,#8590,#8613,#8634));
#8565 = ORIENTED_EDGE('',*,*,#8216,.T.);
#8566 = ORIENTED_EDGE('',*,*,#8378,.T.);
#8567 = ORIENTED_EDGE('',*,*,#8568,.T.);
#8568 = EDGE_CURVE('',#8379,#8569,#8571,.T.);
#8569 = VERTEX_POINT('',#8570);
#8570 = CARTESIAN_POINT('',(6.,-10.9696551146,1.343395302385E-15));
#8571 = SURFACE_CURVE('',#8572,(#8576,#8583),.PCURVE_S1.);
#8572 = LINE('',#8573,#8574);
#8573 = CARTESIAN_POINT('',(6.,-5.484827557301,9.5));
#8574 = VECTOR('',#8575,1.);
#8575 = DIRECTION('',(0.,-0.5,-0.866025403784));
#8576 = PCURVE('',#8232,#8577);
#8577 = DEFINITIONAL_REPRESENTATION('',(#8578),#8582);
#8578 = LINE('',#8579,#8580);
#8579 = CARTESIAN_POINT('',(9.5,5.484827557301));
#8580 = VECTOR('',#8581,1.);
#8581 = DIRECTION('',(-0.866025403784,0.5));
#8582 = ( GEOMETRIC_REPRESENTATION_CONTEXT(2) 
PARAMETRIC_REPRESENTATION_CONTEXT() REPRESENTATION_CONTEXT('2D SPACE',''
  ) );
#8583 = PCURVE('',#8417,#8584);
#8584 = DEFINITIONAL_REPRESENTATION('',(#8585),#8589);
#8585 = LINE('',#8586,#8587);
#8586 = CARTESIAN_POINT('',(0.,-6.));
#8587 = VECTOR('',#8588,1.);
#8588 = DIRECTION('',(1.,0.));
#8589 = ( GEOMETRIC_REPRESENTATION_CONTEXT(2) 
PARAMETRIC_REPRESENTATION_CONTEXT() REPRESENTATION_CONTEXT('2D SPACE',''
  ) );
#8590 = ORIENTED_EDGE('',*,*,#8591,.T.);
#8591 = EDGE_CURVE('',#8569,#8592,#8594,.T.);
#8592 = VERTEX_POINT('',#8593);
#8593 = CARTESIAN_POINT('',(6.,-5.484827557301,-9.5));
#8594 = SURFACE_CURVE('',#8595,(#8599,#8606),.PCURVE_S1.);
#8595 = LINE('',#8596,#8597);
#8596 = CARTESIAN_POINT('',(6.,-10.9696551146,1.343395302385E-15));
#8597 = VECTOR('',#8598,1.);
#8598 = DIRECTION('',(0.,0.5,-0.866025403784));
#8599 = PCURVE('',#8232,#8600);
#8600 = DEFINITIONAL_REPRESENTATION('',(#8601),#8605);
#8601 = LINE('',#8602,#8603);
#8602 = CARTESIAN_POINT('',(2.638864901633E-15,10.969655114603));
#8603 = VECTOR('',#8604,1.);
#8604 = DIRECTION('',(-0.866025403784,-0.5));
#8605 = ( GEOMETRIC_REPRESENTATION_CONTEXT(2) 
PARAMETRIC_REPRESENTATION_CONTEXT() REPRESENTATION_CONTEXT('2D SPACE',''
  ) );
#8606 = PCURVE('',#8494,#8607);
#8607 = DEFINITIONAL_REPRESENTATION('',(#8608),#8612);
#8608 = LINE('',#8609,#8610);
#8609 = CARTESIAN_POINT('',(0.,-6.));
#8610 = VECTOR('',#8611,1.);
#8611 = DIRECTION('',(1.,0.));
#8612 = ( GEOMETRIC_REPRESENTATION_CONTEXT(2) 
PARAMETRIC_REPRESENTATION_CONTEXT() REPRESENTATION_CONTEXT('2D SPACE',''
  ) );
#8613 = ORIENTED_EDGE('',*,*,#8614,.T.);
#8614 = EDGE_CURVE('',#8592,#8304,#8615,.T.);
#8615 = SURFACE_CURVE('',#8616,(#8620,#8627),.PCURVE_S1.);
#8616 = LINE('',#8617,#8618);
#8617 = CARTESIAN_POINT('',(6.,-5.484827557301,-9.5));
#8618 = VECTOR('',#8619,1.);
#8619 = DIRECTION('',(0.,1.,-6.477347996239E-16));
#8620 = PCURVE('',#8232,#8621);
#8621 = DEFINITIONAL_REPRESENTATION('',(#8622),#8626);
#8622 = LINE('',#8623,#8624);
#8623 = CARTESIAN_POINT('',(-9.5,5.484827557301));
#8624 = VECTOR('',#8625,1.);
#8625 = DIRECTION('',(-6.477347996239E-16,-1.));
#8626 = ( GEOMETRIC_REPRESENTATION_CONTEXT(2) 
PARAMETRIC_REPRESENTATION_CONTEXT() REPRESENTATION_CONTEXT('2D SPACE',''
  ) );
#8627 = PCURVE('',#8319,#8628);
#8628 = DEFINITIONAL_REPRESENTATION('',(#8629),#8633);
#8629 = LINE('',#8630,#8631);
#8630 = CARTESIAN_POINT('',(0.,-6.));
#8631 = VECTOR('',#8632,1.);
#8632 = DIRECTION('',(1.,0.));
#8633 = ( GEOMETRIC_REPRESENTATION_CONTEXT(2) 
PARAMETRIC_REPRESENTATION_CONTEXT() REPRESENTATION_CONTEXT('2D SPACE',''
  ) );
#8634 = ORIENTED_EDGE('',*,*,#8331,.T.);
#8635 = FACE_BOUND('',#8636,.T.);
#8636 = EDGE_LOOP('',(#8637));
#8637 = ORIENTED_EDGE('',*,*,#8638,.T.);
#8638 = EDGE_CURVE('',#8639,#8639,#8641,.T.);
#8639 = VERTEX_POINT('',#8640);
#8640 = CARTESIAN_POINT('',(6.,6.1,0.));
#8641 = SURFACE_CURVE('',#8642,(#8647,#8658),.PCURVE_S1.);
#8642 = CIRCLE('',#8643,6.1);
#8643 = AXIS2_PLACEMENT_3D('',#8644,#8645,#8646);
#8644 = CARTESIAN_POINT('',(6.,0.,0.));
#8645 = DIRECTION('',(-1.,0.,0.));
#8646 = DIRECTION('',(0.,1.,0.));
#8647 = PCURVE('',#8232,#8648);
#8648 = DEFINITIONAL_REPRESENTATION('',(#8649),#8657);
#8649 = ( BOUNDED_CURVE() B_SPLINE_CURVE(2,(#8650,#8651,#8652,#8653,
#8654,#8655,#8656),.UNSPECIFIED.,.T.,.F.) B_SPLINE_CURVE_WITH_KNOTS((1,2
    ,2,2,2,1),(-2.094395102393,0.,2.094395102393,4.188790204786,
6.28318530718,8.377580409573),.UNSPECIFIED.) CURVE() 
GEOMETRIC_REPRESENTATION_ITEM() RATIONAL_B_SPLINE_CURVE((1.,0.5,1.,0.5,
1.,0.5,1.)) REPRESENTATION_ITEM('') );
#8650 = CARTESIAN_POINT('',(1.295469599248E-15,-6.1));
#8651 = CARTESIAN_POINT('',(-10.56550992617,-6.1));
#8652 = CARTESIAN_POINT('',(-5.282754963085,3.05));
#8653 = CARTESIAN_POINT('',(-1.985994957119E-16,12.2));
#8654 = CARTESIAN_POINT('',(5.282754963085,3.05));
#8655 = CARTESIAN_POINT('',(10.56550992617,-6.1));
#8656 = CARTESIAN_POINT('',(1.295469599248E-15,-6.1));
#8657 = ( GEOMETRIC_REPRESENTATION_CONTEXT(2) 
PARAMETRIC_REPRESENTATION_CONTEXT() REPRESENTATION_CONTEXT('2D SPACE',''
  ) );
#8658 = PCURVE('',#8551,#8659);
#8659 = DEFINITIONAL_REPRESENTATION('',(#8660),#8664);
#8660 = LINE('',#8661,#8662);
#8661 = CARTESIAN_POINT('',(-6.28318530718,-7.));
#8662 = VECTOR('',#8663,1.);
#8663 = DIRECTION('',(1.,-0.));
#8664 = ( GEOMETRIC_REPRESENTATION_CONTEXT(2) 
PARAMETRIC_REPRESENTATION_CONTEXT() REPRESENTATION_CONTEXT('2D SPACE',''
  ) );
#8665 = ADVANCED_FACE('',(#8666),#8319,.F.);
#8666 = FACE_BOUND('',#8667,.F.);
#8667 = EDGE_LOOP('',(#8668,#8689,#8690,#8691));
#8668 = ORIENTED_EDGE('',*,*,#8669,.T.);
#8669 = EDGE_CURVE('',#8479,#8592,#8670,.T.);
#8670 = SURFACE_CURVE('',#8671,(#8675,#8682),.PCURVE_S1.);
#8671 = LINE('',#8672,#8673);
#8672 = CARTESIAN_POINT('',(0.,-5.484827557301,-9.5));
#8673 = VECTOR('',#8674,1.);
#8674 = DIRECTION('',(1.,0.,0.));
#8675 = PCURVE('',#8319,#8676);
#8676 = DEFINITIONAL_REPRESENTATION('',(#8677),#8681);
#8677 = LINE('',#8678,#8679);
#8678 = CARTESIAN_POINT('',(0.,0.));
#8679 = VECTOR('',#8680,1.);
#8680 = DIRECTION('',(0.,-1.));
#8681 = ( GEOMETRIC_REPRESENTATION_CONTEXT(2) 
PARAMETRIC_REPRESENTATION_CONTEXT() REPRESENTATION_CONTEXT('2D SPACE',''
  ) );
#8682 = PCURVE('',#8494,#8683);
#8683 = DEFINITIONAL_REPRESENTATION('',(#8684),#8688);
#8684 = LINE('',#8685,#8686);
#8685 = CARTESIAN_POINT('',(10.969655114603,0.));
#8686 = VECTOR('',#8687,1.);
#8687 = DIRECTION('',(0.,-1.));
#8688 = ( GEOMETRIC_REPRESENTATION_CONTEXT(2) 
PARAMETRIC_REPRESENTATION_CONTEXT() REPRESENTATION_CONTEXT('2D SPACE',''
  ) );
#8689 = ORIENTED_EDGE('',*,*,#8614,.T.);
#8690 = ORIENTED_EDGE('',*,*,#8301,.F.);
#8691 = ORIENTED_EDGE('',*,*,#8506,.F.);
#8692 = ADVANCED_FACE('',(#8693),#8417,.F.);
#8693 = FACE_BOUND('',#8694,.F.);
#8694 = EDGE_LOOP('',(#8695,#8696,#8697,#8718));
#8695 = ORIENTED_EDGE('',*,*,#8401,.T.);
#8696 = ORIENTED_EDGE('',*,*,#8568,.T.);
#8697 = ORIENTED_EDGE('',*,*,#8698,.F.);
#8698 = EDGE_CURVE('',#8456,#8569,#8699,.T.);
#8699 = SURFACE_CURVE('',#8700,(#8704,#8711),.PCURVE_S1.);
#8700 = LINE('',#8701,#8702);
#8701 = CARTESIAN_POINT('',(0.,-10.9696551146,1.343395302385E-15));
#8702 = VECTOR('',#8703,1.);
#8703 = DIRECTION('',(1.,0.,0.));
#8704 = PCURVE('',#8417,#8705);
#8705 = DEFINITIONAL_REPRESENTATION('',(#8706),#8710);
#8706 = LINE('',#8707,#8708);
#8707 = CARTESIAN_POINT('',(10.969655114603,0.));
#8708 = VECTOR('',#8709,1.);
#8709 = DIRECTION('',(0.,-1.));
#8710 = ( GEOMETRIC_REPRESENTATION_CONTEXT(2) 
PARAMETRIC_REPRESENTATION_CONTEXT() REPRESENTATION_CONTEXT('2D SPACE',''
  ) );
#8711 = PCURVE('',#8494,#8712);
#8712 = DEFINITIONAL_REPRESENTATION('',(#8713),#8717);
#8713 = LINE('',#8714,#8715);
#8714 = CARTESIAN_POINT('',(0.,0.));
#8715 = VECTOR('',#8716,1.);
#8716 = DIRECTION('',(0.,-1.));
#8717 = ( GEOMETRIC_REPRESENTATION_CONTEXT(2) 
PARAMETRIC_REPRESENTATION_CONTEXT() REPRESENTATION_CONTEXT('2D SPACE',''
  ) );
#8718 = ORIENTED_EDGE('',*,*,#8455,.F.);
#8719 = ADVANCED_FACE('',(#8720),#8494,.F.);
#8720 = FACE_BOUND('',#8721,.F.);
#8721 = EDGE_LOOP('',(#8722,#8723,#8724,#8725));
#8722 = ORIENTED_EDGE('',*,*,#8698,.T.);
#8723 = ORIENTED_EDGE('',*,*,#8591,.T.);
#8724 = ORIENTED_EDGE('',*,*,#8669,.F.);
#8725 = ORIENTED_EDGE('',*,*,#8478,.F.);
#8726 = ADVANCED_FACE('',(#8727),#8551,.F.);
#8727 = FACE_BOUND('',#8728,.T.);
#8728 = EDGE_LOOP('',(#8729,#8730,#8751,#8752));
#8729 = ORIENTED_EDGE('',*,*,#8530,.T.);
#8730 = ORIENTED_EDGE('',*,*,#8731,.T.);
#8731 = EDGE_CURVE('',#8531,#8639,#8732,.T.);
#8732 = SEAM_CURVE('',#8733,(#8737,#8744),.PCURVE_S1.);
#8733 = LINE('',#8734,#8735);
#8734 = CARTESIAN_POINT('',(-1.,6.1,0.));
#8735 = VECTOR('',#8736,1.);
#8736 = DIRECTION('',(1.,0.,0.));
#8737 = PCURVE('',#8551,#8738);
#8738 = DEFINITIONAL_REPRESENTATION('',(#8739),#8743);
#8739 = LINE('',#8740,#8741);
#8740 = CARTESIAN_POINT('',(-6.28318530718,0.));
#8741 = VECTOR('',#8742,1.);
#8742 = DIRECTION('',(-0.,-1.));
#8743 = ( GEOMETRIC_REPRESENTATION_CONTEXT(2) 
PARAMETRIC_REPRESENTATION_CONTEXT() REPRESENTATION_CONTEXT('2D SPACE',''
  ) );
#8744 = PCURVE('',#8551,#8745);
#8745 = DEFINITIONAL_REPRESENTATION('',(#8746),#8750);
#8746 = LINE('',#8747,#8748);
#8747 = CARTESIAN_POINT('',(-0.,0.));
#8748 = VECTOR('',#8749,1.);
#8749 = DIRECTION('',(-0.,-1.));
#8750 = ( GEOMETRIC_REPRESENTATION_CONTEXT(2) 
PARAMETRIC_REPRESENTATION_CONTEXT() REPRESENTATION_CONTEXT('2D SPACE',''
  ) );
#8751 = ORIENTED_EDGE('',*,*,#8638,.F.);
#8752 = ORIENTED_EDGE('',*,*,#8731,.F.);
#8753 = ( GEOMETRIC_REPRESENTATION_CONTEXT(3) 
GLOBAL_UNCERTAINTY_ASSIGNED_CONTEXT((#8757)) 
GLOBAL_UNIT_ASSIGNED_CONTEXT((#8754,#8755,#8756)) REPRESENTATION_CONTEXT
('Context #1','3D Context with UNIT and UNCERTAINTY') );
#8754 = ( LENGTH_UNIT() NAMED_UNIT(*) SI_UNIT(.MILLI.,.METRE.) );
#8755 = ( NAMED_UNIT(*) PLANE_ANGLE_UNIT() SI_UNIT($,.RADIAN.) );
#8756 = ( NAMED_UNIT(*) SI_UNIT($,.STERADIAN.) SOLID_ANGLE_UNIT() );
#8757 = UNCERTAINTY_MEASURE_WITH_UNIT(LENGTH_MEASURE(1.E-07),#8754,
  'distance_accuracy_value','confusion accuracy');
#8758 = CONTEXT_DEPENDENT_SHAPE_REPRESENTATION(#8759,#8761);
#8759 = ( REPRESENTATION_RELATIONSHIP('','',#8174,#10) 
REPRESENTATION_RELATIONSHIP_WITH_TRANSFORMATION(#8760) 
SHAPE_REPRESENTATION_RELATIONSHIP() );
#8760 = ITEM_DEFINED_TRANSFORMATION('','',#11,#43);
#8761 = PRODUCT_DEFINITION_SHAPE('Placement','Placement of an item',
  #8762);
#8762 = NEXT_ASSEMBLY_USAGE_OCCURRENCE('8','tope_izq','',#5,#8169,$);
#8763 = PRODUCT_RELATED_PRODUCT_CATEGORY('part',$,(#8171));
#8764 = SHAPE_DEFINITION_REPRESENTATION(#8765,#8771);
#8765 = PRODUCT_DEFINITION_SHAPE('','',#8766);
#8766 = PRODUCT_DEFINITION('design','',#8767,#8770);
#8767 = PRODUCT_DEFINITION_FORMATION('','',#8768);
#8768 = PRODUCT('porta_iman','porta_iman','',(#8769));
#8769 = PRODUCT_CONTEXT('',#2,'mechanical');
#8770 = PRODUCT_DEFINITION_CONTEXT('part definition',#2,'design');
#8771 = ADVANCED_BREP_SHAPE_REPRESENTATION('',(#11,#8772),#8962);
#8772 = MANIFOLD_SOLID_BREP('',#8773);
#8773 = CLOSED_SHELL('',(#8774,#8862,#8901,#8935));
#8774 = ADVANCED_FACE('',(#8775),#8789,.T.);
#8775 = FACE_BOUND('',#8776,.F.);
#8776 = EDGE_LOOP('',(#8777,#8807,#8834,#8835));
#8777 = ORIENTED_EDGE('',*,*,#8778,.T.);
#8778 = EDGE_CURVE('',#8779,#8781,#8783,.T.);
#8779 = VERTEX_POINT('',#8780);
#8780 = CARTESIAN_POINT('',(0.,10.,0.));
#8781 = VERTEX_POINT('',#8782);
#8782 = CARTESIAN_POINT('',(4.,10.,0.));
#8783 = SEAM_CURVE('',#8784,(#8788,#8800),.PCURVE_S1.);
#8784 = LINE('',#8785,#8786);
#8785 = CARTESIAN_POINT('',(0.,10.,0.));
#8786 = VECTOR('',#8787,1.);
#8787 = DIRECTION('',(1.,0.,0.));
#8788 = PCURVE('',#8789,#8794);
#8789 = CYLINDRICAL_SURFACE('',#8790,10.);
#8790 = AXIS2_PLACEMENT_3D('',#8791,#8792,#8793);
#8791 = CARTESIAN_POINT('',(0.,0.,0.));
#8792 = DIRECTION('',(-1.,-0.,-0.));
#8793 = DIRECTION('',(0.,1.,0.));
#8794 = DEFINITIONAL_REPRESENTATION('',(#8795),#8799);
#8795 = LINE('',#8796,#8797);
#8796 = CARTESIAN_POINT('',(-0.,0.));
#8797 = VECTOR('',#8798,1.);
#8798 = DIRECTION('',(-0.,-1.));
#8799 = ( GEOMETRIC_REPRESENTATION_CONTEXT(2) 
PARAMETRIC_REPRESENTATION_CONTEXT() REPRESENTATION_CONTEXT('2D SPACE',''
  ) );
#8800 = PCURVE('',#8789,#8801);
#8801 = DEFINITIONAL_REPRESENTATION('',(#8802),#8806);
#8802 = LINE('',#8803,#8804);
#8803 = CARTESIAN_POINT('',(-6.28318530718,0.));
#8804 = VECTOR('',#8805,1.);
#8805 = DIRECTION('',(-0.,-1.));
#8806 = ( GEOMETRIC_REPRESENTATION_CONTEXT(2) 
PARAMETRIC_REPRESENTATION_CONTEXT() REPRESENTATION_CONTEXT('2D SPACE',''
  ) );
#8807 = ORIENTED_EDGE('',*,*,#8808,.T.);
#8808 = EDGE_CURVE('',#8781,#8781,#8809,.T.);
#8809 = SURFACE_CURVE('',#8810,(#8815,#8822),.PCURVE_S1.);
#8810 = CIRCLE('',#8811,10.);
#8811 = AXIS2_PLACEMENT_3D('',#8812,#8813,#8814);
#8812 = CARTESIAN_POINT('',(4.,0.,0.));
#8813 = DIRECTION('',(1.,0.,0.));
#8814 = DIRECTION('',(0.,1.,0.));
#8815 = PCURVE('',#8789,#8816);
#8816 = DEFINITIONAL_REPRESENTATION('',(#8817),#8821);
#8817 = LINE('',#8818,#8819);
#8818 = CARTESIAN_POINT('',(-0.,-4.));
#8819 = VECTOR('',#8820,1.);
#8820 = DIRECTION('',(-1.,0.));
#8821 = ( GEOMETRIC_REPRESENTATION_CONTEXT(2) 
PARAMETRIC_REPRESENTATION_CONTEXT() REPRESENTATION_CONTEXT('2D SPACE',''
  ) );
#8822 = PCURVE('',#8823,#8828);
#8823 = PLANE('',#8824);
#8824 = AXIS2_PLACEMENT_3D('',#8825,#8826,#8827);
#8825 = CARTESIAN_POINT('',(4.,-5.469760530158E-16,6.857365063158E-16));
#8826 = DIRECTION('',(1.,0.,0.));
#8827 = DIRECTION('',(-0.,0.,1.));
#8828 = DEFINITIONAL_REPRESENTATION('',(#8829),#8833);
#8829 = CIRCLE('',#8830,10.);
#8830 = AXIS2_PLACEMENT_2D('',#8831,#8832);
#8831 = CARTESIAN_POINT('',(-6.857365063158E-16,-5.469760530158E-16));
#8832 = DIRECTION('',(0.,-1.));
#8833 = ( GEOMETRIC_REPRESENTATION_CONTEXT(2) 
PARAMETRIC_REPRESENTATION_CONTEXT() REPRESENTATION_CONTEXT('2D SPACE',''
  ) );
#8834 = ORIENTED_EDGE('',*,*,#8778,.F.);
#8835 = ORIENTED_EDGE('',*,*,#8836,.F.);
#8836 = EDGE_CURVE('',#8779,#8779,#8837,.T.);
#8837 = SURFACE_CURVE('',#8838,(#8843,#8850),.PCURVE_S1.);
#8838 = CIRCLE('',#8839,10.);
#8839 = AXIS2_PLACEMENT_3D('',#8840,#8841,#8842);
#8840 = CARTESIAN_POINT('',(0.,0.,0.));
#8841 = DIRECTION('',(1.,0.,0.));
#8842 = DIRECTION('',(0.,1.,0.));
#8843 = PCURVE('',#8789,#8844);
#8844 = DEFINITIONAL_REPRESENTATION('',(#8845),#8849);
#8845 = LINE('',#8846,#8847);
#8846 = CARTESIAN_POINT('',(-0.,0.));
#8847 = VECTOR('',#8848,1.);
#8848 = DIRECTION('',(-1.,0.));
#8849 = ( GEOMETRIC_REPRESENTATION_CONTEXT(2) 
PARAMETRIC_REPRESENTATION_CONTEXT() REPRESENTATION_CONTEXT('2D SPACE',''
  ) );
#8850 = PCURVE('',#8851,#8856);
#8851 = PLANE('',#8852);
#8852 = AXIS2_PLACEMENT_3D('',#8853,#8854,#8855);
#8853 = CARTESIAN_POINT('',(0.,-5.469760530158E-16,6.857365063158E-16));
#8854 = DIRECTION('',(1.,0.,0.));
#8855 = DIRECTION('',(-0.,0.,1.));
#8856 = DEFINITIONAL_REPRESENTATION('',(#8857),#8861);
#8857 = CIRCLE('',#8858,10.);
#8858 = AXIS2_PLACEMENT_2D('',#8859,#8860);
#8859 = CARTESIAN_POINT('',(-6.857365063158E-16,-5.469760530158E-16));
#8860 = DIRECTION('',(0.,-1.));
#8861 = ( GEOMETRIC_REPRESENTATION_CONTEXT(2) 
PARAMETRIC_REPRESENTATION_CONTEXT() REPRESENTATION_CONTEXT('2D SPACE',''
  ) );
#8862 = ADVANCED_FACE('',(#8863,#8866),#8851,.F.);
#8863 = FACE_BOUND('',#8864,.F.);
#8864 = EDGE_LOOP('',(#8865));
#8865 = ORIENTED_EDGE('',*,*,#8836,.T.);
#8866 = FACE_BOUND('',#8867,.F.);
#8867 = EDGE_LOOP('',(#8868));
#8868 = ORIENTED_EDGE('',*,*,#8869,.T.);
#8869 = EDGE_CURVE('',#8870,#8870,#8872,.T.);
#8870 = VERTEX_POINT('',#8871);
#8871 = CARTESIAN_POINT('',(0.,5.,0.));
#8872 = SURFACE_CURVE('',#8873,(#8878,#8889),.PCURVE_S1.);
#8873 = CIRCLE('',#8874,5.);
#8874 = AXIS2_PLACEMENT_3D('',#8875,#8876,#8877);
#8875 = CARTESIAN_POINT('',(0.,0.,0.));
#8876 = DIRECTION('',(-1.,0.,0.));
#8877 = DIRECTION('',(0.,1.,0.));
#8878 = PCURVE('',#8851,#8879);
#8879 = DEFINITIONAL_REPRESENTATION('',(#8880),#8888);
#8880 = ( BOUNDED_CURVE() B_SPLINE_CURVE(2,(#8881,#8882,#8883,#8884,
#8885,#8886,#8887),.UNSPECIFIED.,.T.,.F.) B_SPLINE_CURVE_WITH_KNOTS((1,2
    ,2,2,2,1),(-2.094395102393,0.,2.094395102393,4.188790204786,
6.28318530718,8.377580409573),.UNSPECIFIED.) CURVE() 
GEOMETRIC_REPRESENTATION_ITEM() RATIONAL_B_SPLINE_CURVE((1.,0.5,1.,0.5,
1.,0.5,1.)) REPRESENTATION_ITEM('') );
#8881 = CARTESIAN_POINT('',(-6.857365063158E-16,-5.));
#8882 = CARTESIAN_POINT('',(-8.660254037844,-5.));
#8883 = CARTESIAN_POINT('',(-4.330127018922,2.5));
#8884 = CARTESIAN_POINT('',(-1.910383305463E-15,10.));
#8885 = CARTESIAN_POINT('',(4.330127018922,2.5));
#8886 = CARTESIAN_POINT('',(8.660254037844,-5.));
#8887 = CARTESIAN_POINT('',(-6.857365063158E-16,-5.));
#8888 = ( GEOMETRIC_REPRESENTATION_CONTEXT(2) 
PARAMETRIC_REPRESENTATION_CONTEXT() REPRESENTATION_CONTEXT('2D SPACE',''
  ) );
#8889 = PCURVE('',#8890,#8895);
#8890 = CYLINDRICAL_SURFACE('',#8891,5.);
#8891 = AXIS2_PLACEMENT_3D('',#8892,#8893,#8894);
#8892 = CARTESIAN_POINT('',(-1.,0.,0.));
#8893 = DIRECTION('',(-1.,-0.,-0.));
#8894 = DIRECTION('',(0.,1.,0.));
#8895 = DEFINITIONAL_REPRESENTATION('',(#8896),#8900);
#8896 = LINE('',#8897,#8898);
#8897 = CARTESIAN_POINT('',(-6.28318530718,-1.));
#8898 = VECTOR('',#8899,1.);
#8899 = DIRECTION('',(1.,-0.));
#8900 = ( GEOMETRIC_REPRESENTATION_CONTEXT(2) 
PARAMETRIC_REPRESENTATION_CONTEXT() REPRESENTATION_CONTEXT('2D SPACE',''
  ) );
#8901 = ADVANCED_FACE('',(#8902,#8905),#8823,.T.);
#8902 = FACE_BOUND('',#8903,.T.);
#8903 = EDGE_LOOP('',(#8904));
#8904 = ORIENTED_EDGE('',*,*,#8808,.T.);
#8905 = FACE_BOUND('',#8906,.T.);
#8906 = EDGE_LOOP('',(#8907));
#8907 = ORIENTED_EDGE('',*,*,#8908,.T.);
#8908 = EDGE_CURVE('',#8909,#8909,#8911,.T.);
#8909 = VERTEX_POINT('',#8910);
#8910 = CARTESIAN_POINT('',(4.,5.,0.));
#8911 = SURFACE_CURVE('',#8912,(#8917,#8928),.PCURVE_S1.);
#8912 = CIRCLE('',#8913,5.);
#8913 = AXIS2_PLACEMENT_3D('',#8914,#8915,#8916);
#8914 = CARTESIAN_POINT('',(4.,0.,0.));
#8915 = DIRECTION('',(-1.,0.,0.));
#8916 = DIRECTION('',(0.,1.,0.));
#8917 = PCURVE('',#8823,#8918);
#8918 = DEFINITIONAL_REPRESENTATION('',(#8919),#8927);
#8919 = ( BOUNDED_CURVE() B_SPLINE_CURVE(2,(#8920,#8921,#8922,#8923,
#8924,#8925,#8926),.UNSPECIFIED.,.T.,.F.) B_SPLINE_CURVE_WITH_KNOTS((1,2
    ,2,2,2,1),(-2.094395102393,0.,2.094395102393,4.188790204786,
6.28318530718,8.377580409573),.UNSPECIFIED.) CURVE() 
GEOMETRIC_REPRESENTATION_ITEM() RATIONAL_B_SPLINE_CURVE((1.,0.5,1.,0.5,
1.,0.5,1.)) REPRESENTATION_ITEM('') );
#8920 = CARTESIAN_POINT('',(-6.857365063158E-16,-5.));
#8921 = CARTESIAN_POINT('',(-8.660254037844,-5.));
#8922 = CARTESIAN_POINT('',(-4.330127018922,2.5));
#8923 = CARTESIAN_POINT('',(-1.910383305463E-15,10.));
#8924 = CARTESIAN_POINT('',(4.330127018922,2.5));
#8925 = CARTESIAN_POINT('',(8.660254037844,-5.));
#8926 = CARTESIAN_POINT('',(-6.857365063158E-16,-5.));
#8927 = ( GEOMETRIC_REPRESENTATION_CONTEXT(2) 
PARAMETRIC_REPRESENTATION_CONTEXT() REPRESENTATION_CONTEXT('2D SPACE',''
  ) );
#8928 = PCURVE('',#8890,#8929);
#8929 = DEFINITIONAL_REPRESENTATION('',(#8930),#8934);
#8930 = LINE('',#8931,#8932);
#8931 = CARTESIAN_POINT('',(-6.28318530718,-5.));
#8932 = VECTOR('',#8933,1.);
#8933 = DIRECTION('',(1.,-0.));
#8934 = ( GEOMETRIC_REPRESENTATION_CONTEXT(2) 
PARAMETRIC_REPRESENTATION_CONTEXT() REPRESENTATION_CONTEXT('2D SPACE',''
  ) );
#8935 = ADVANCED_FACE('',(#8936),#8890,.F.);
#8936 = FACE_BOUND('',#8937,.T.);
#8937 = EDGE_LOOP('',(#8938,#8939,#8960,#8961));
#8938 = ORIENTED_EDGE('',*,*,#8869,.T.);
#8939 = ORIENTED_EDGE('',*,*,#8940,.T.);
#8940 = EDGE_CURVE('',#8870,#8909,#8941,.T.);
#8941 = SEAM_CURVE('',#8942,(#8946,#8953),.PCURVE_S1.);
#8942 = LINE('',#8943,#8944);
#8943 = CARTESIAN_POINT('',(-1.,5.,0.));
#8944 = VECTOR('',#8945,1.);
#8945 = DIRECTION('',(1.,0.,0.));
#8946 = PCURVE('',#8890,#8947);
#8947 = DEFINITIONAL_REPRESENTATION('',(#8948),#8952);
#8948 = LINE('',#8949,#8950);
#8949 = CARTESIAN_POINT('',(-6.28318530718,0.));
#8950 = VECTOR('',#8951,1.);
#8951 = DIRECTION('',(-0.,-1.));
#8952 = ( GEOMETRIC_REPRESENTATION_CONTEXT(2) 
PARAMETRIC_REPRESENTATION_CONTEXT() REPRESENTATION_CONTEXT('2D SPACE',''
  ) );
#8953 = PCURVE('',#8890,#8954);
#8954 = DEFINITIONAL_REPRESENTATION('',(#8955),#8959);
#8955 = LINE('',#8956,#8957);
#8956 = CARTESIAN_POINT('',(-0.,0.));
#8957 = VECTOR('',#8958,1.);
#8958 = DIRECTION('',(-0.,-1.));
#8959 = ( GEOMETRIC_REPRESENTATION_CONTEXT(2) 
PARAMETRIC_REPRESENTATION_CONTEXT() REPRESENTATION_CONTEXT('2D SPACE',''
  ) );
#8960 = ORIENTED_EDGE('',*,*,#8908,.F.);
#8961 = ORIENTED_EDGE('',*,*,#8940,.F.);
#8962 = ( GEOMETRIC_REPRESENTATION_CONTEXT(3) 
GLOBAL_UNCERTAINTY_ASSIGNED_CONTEXT((#8966)) 
GLOBAL_UNIT_ASSIGNED_CONTEXT((#8963,#8964,#8965)) REPRESENTATION_CONTEXT
('Context #1','3D Context with UNIT and UNCERTAINTY') );
#8963 = ( LENGTH_UNIT() NAMED_UNIT(*) SI_UNIT(.MILLI.,.METRE.) );
#8964 = ( NAMED_UNIT(*) PLANE_ANGLE_UNIT() SI_UNIT($,.RADIAN.) );
#8965 = ( NAMED_UNIT(*) SI_UNIT($,.STERADIAN.) SOLID_ANGLE_UNIT() );
#8966 = UNCERTAINTY_MEASURE_WITH_UNIT(LENGTH_MEASURE(1.E-07),#8963,
  'distance_accuracy_value','confusion accuracy');
#8967 = CONTEXT_DEPENDENT_SHAPE_REPRESENTATION(#8968,#8970);
#8968 = ( REPRESENTATION_RELATIONSHIP('','',#8771,#10) 
REPRESENTATION_RELATIONSHIP_WITH_TRANSFORMATION(#8969) 
SHAPE_REPRESENTATION_RELATIONSHIP() );
#8969 = ITEM_DEFINED_TRANSFORMATION('','',#11,#47);
#8970 = PRODUCT_DEFINITION_SHAPE('Placement','Placement of an item',
  #8971);
#8971 = NEXT_ASSEMBLY_USAGE_OCCURRENCE('9','porta_iman','',#5,#8766,$);
#8972 = PRODUCT_RELATED_PRODUCT_CATEGORY('part',$,(#8768));
#8973 = MECHANICAL_DESIGN_GEOMETRIC_PRESENTATION_REPRESENTATION('',(
    #8974),#4693);
#8974 = STYLED_ITEM('color',(#8975),#3759);
#8975 = PRESENTATION_STYLE_ASSIGNMENT((#8976));
#8976 = SURFACE_STYLE_USAGE(.BOTH.,#8977);
#8977 = SURFACE_SIDE_STYLE('',(#8978));
#8978 = SURFACE_STYLE_FILL_AREA(#8979);
#8979 = FILL_AREA_STYLE('',(#8980));
#8980 = FILL_AREA_STYLE_COLOUR('',#8981);
#8981 = COLOUR_RGB('',0.350000000377,0.380000002513,0.420000006308);
#8982 = MECHANICAL_DESIGN_GEOMETRIC_PRESENTATION_REPRESENTATION('',(
    #8983),#8753);
#8983 = STYLED_ITEM('color',(#8984),#8175);
#8984 = PRESENTATION_STYLE_ASSIGNMENT((#8985));
#8985 = SURFACE_STYLE_USAGE(.BOTH.,#8986);
#8986 = SURFACE_SIDE_STYLE('',(#8987));
#8987 = SURFACE_STYLE_FILL_AREA(#8988);
#8988 = FILL_AREA_STYLE('',(#8989));
#8989 = FILL_AREA_STYLE_COLOUR('',#8990);
#8990 = COLOUR_RGB('',0.250000000672,0.250000000672,0.27999999963);
#8991 = MECHANICAL_DESIGN_GEOMETRIC_PRESENTATION_REPRESENTATION('',(
    #8992),#8962);
#8992 = STYLED_ITEM('color',(#8993),#8772);
#8993 = PRESENTATION_STYLE_ASSIGNMENT((#8994));
#8994 = SURFACE_STYLE_USAGE(.BOTH.,#8995);
#8995 = SURFACE_SIDE_STYLE('',(#8996));
#8996 = SURFACE_STYLE_FILL_AREA(#8997);
#8997 = FILL_AREA_STYLE('',(#8998));
#8998 = FILL_AREA_STYLE_COLOUR('',#8999);
#8999 = COLOUR_RGB('',0.199999998682,0.45000000386,0.750000000934);
#9000 = MECHANICAL_DESIGN_GEOMETRIC_PRESENTATION_REPRESENTATION('',(
    #9001),#7559);
#9001 = STYLED_ITEM('color',(#9002),#6367);
#9002 = PRESENTATION_STYLE_ASSIGNMENT((#9003));
#9003 = SURFACE_STYLE_USAGE(.BOTH.,#9004);
#9004 = SURFACE_SIDE_STYLE('',(#9005));
#9005 = SURFACE_STYLE_FILL_AREA(#9006);
#9006 = FILL_AREA_STYLE('',(#9007));
#9007 = FILL_AREA_STYLE_COLOUR('',#9008);
#9008 = COLOUR_RGB('',0.299999996101,0.299999996101,0.319999999843);
#9009 = MECHANICAL_DESIGN_GEOMETRIC_PRESENTATION_REPRESENTATION('',(
    #9010),#6348);
#9010 = STYLED_ITEM('color',(#9011),#6062);
#9011 = PRESENTATION_STYLE_ASSIGNMENT((#9012));
#9012 = SURFACE_STYLE_USAGE(.BOTH.,#9013);
#9013 = SURFACE_SIDE_STYLE('',(#9014));
#9014 = SURFACE_STYLE_FILL_AREA(#9015);
#9015 = FILL_AREA_STYLE('',(#9016));
#9016 = FILL_AREA_STYLE_COLOUR('',#9017);
#9017 = COLOUR_RGB('',0.800000010877,0.800000010877,0.819999987296);
#9018 = MECHANICAL_DESIGN_GEOMETRIC_PRESENTATION_REPRESENTATION('',(
    #9019),#5646);
#9019 = STYLED_ITEM('color',(#9020),#4712);
#9020 = PRESENTATION_STYLE_ASSIGNMENT((#9021));
#9021 = SURFACE_STYLE_USAGE(.BOTH.,#9022);
#9022 = SURFACE_SIDE_STYLE('',(#9023));
#9023 = SURFACE_STYLE_FILL_AREA(#9024);
#9024 = FILL_AREA_STYLE('',(#9025));
#9025 = FILL_AREA_STYLE_COLOUR('',#8981);
#9026 = MECHANICAL_DESIGN_GEOMETRIC_PRESENTATION_REPRESENTATION('',(
    #9027),#8156);
#9027 = STYLED_ITEM('color',(#9028),#7578);
#9028 = PRESENTATION_STYLE_ASSIGNMENT((#9029));
#9029 = SURFACE_STYLE_USAGE(.BOTH.,#9030);
#9030 = SURFACE_SIDE_STYLE('',(#9031));
#9031 = SURFACE_STYLE_FILL_AREA(#9032);
#9032 = FILL_AREA_STYLE('',(#9033));
#9033 = FILL_AREA_STYLE_COLOUR('',#8990);
#9034 = MECHANICAL_DESIGN_GEOMETRIC_PRESENTATION_REPRESENTATION('',(
    #9035),#6043);
#9035 = STYLED_ITEM('color',(#9036),#5665);
#9036 = PRESENTATION_STYLE_ASSIGNMENT((#9037));
#9037 = SURFACE_STYLE_USAGE(.BOTH.,#9038);
#9038 = SURFACE_SIDE_STYLE('',(#9039));
#9039 = SURFACE_STYLE_FILL_AREA(#9040);
#9040 = FILL_AREA_STYLE('',(#9041));
#9041 = FILL_AREA_STYLE_COLOUR('',#9042);
#9042 = COLOUR_RGB('',0.720000003324,0.530000000233,0.299999996101);
#9043 = MECHANICAL_DESIGN_GEOMETRIC_PRESENTATION_REPRESENTATION('',(
    #9044),#3740);
#9044 = STYLED_ITEM('color',(#9045),#65);
#9045 = PRESENTATION_STYLE_ASSIGNMENT((#9046));
#9046 = SURFACE_STYLE_USAGE(.BOTH.,#9047);
#9047 = SURFACE_SIDE_STYLE('',(#9048));
#9048 = SURFACE_STYLE_FILL_AREA(#9049);
#9049 = FILL_AREA_STYLE('',(#9050));
#9050 = FILL_AREA_STYLE_COLOUR('',#9051);
#9051 = COLOUR_RGB('',0.55000000909,0.569999999601,0.599999994755);
ENDSEC;
END-ISO-10303-21;
