ISO-10303-21;
HEADER;
FILE_DESCRIPTION(('Open CASCADE Model'),'2;1');
FILE_NAME('Open CASCADE Shape Model','2026-09-28T17:23:23',('Author'),(
    'Open CASCADE'),'Open CASCADE STEP processor 7.9','Open CASCADE 7.9'
  ,'Unknown');
FILE_SCHEMA(('AUTOMOTIVE_DESIGN { 1 0 10303 214 1 1 1 1 }'));
ENDSEC;
DATA;
#1 = APPLICATION_PROTOCOL_DEFINITION('international standard',
  'automotive_design',2000,#2);
#2 = APPLICATION_CONTEXT(
  'core data for automotive mechanical design processes');
#3 = SHAPE_DEFINITION_REPRESENTATION(#4,#10);
#4 = PRODUCT_DEFINITION_SHAPE('','',#5);
#5 = PRODUCT_DEFINITION('design','',#6,#9);
#6 = PRODUCT_DEFINITION_FORMATION('','',#7);
#7 = PRODUCT('Open CASCADE STEP translator 7.9 2',
  'Open CASCADE STEP translator 7.9 2','',(#8));
#8 = PRODUCT_CONTEXT('',#2,'mechanical');
#9 = PRODUCT_DEFINITION_CONTEXT('part definition',#2,'design');
#10 = ADVANCED_BREP_SHAPE_REPRESENTATION('',(#11,#15),#9517);
#11 = AXIS2_PLACEMENT_3D('',#12,#13,#14);
#12 = CARTESIAN_POINT('',(0.,0.,0.));
#13 = DIRECTION('',(0.,0.,1.));
#14 = DIRECTION('',(1.,0.,-0.));
#15 = MANIFOLD_SOLID_BREP('',#16);
#16 = CLOSED_SHELL('',(#17,#347,#458,#569,#758,#816,#871,#926,#1370,
    #1425,#1713,#1768,#1953,#2008,#2063,#2118,#2173,#2228,#2283,#2338,
    #2393,#2397,#2401,#2456,#2511,#2515,#3632,#3750,#3803,#3807,#3862,
    #3917,#4336,#4391,#4446,#4481,#4516,#4546,#4550,#4554,#4558,#4562,
    #4601,#4636,#4666,#6946,#7020,#8825,#8830,#8836,#8863,#8867,#8871,
    #8916,#9014,#9047,#9079,#9131,#9215,#9219,#9223,#9250,#9346,#9374,
    #9428,#9454,#9458,#9486,#9490,#9495,#9503,#9508));
#17 = ADVANCED_FACE('',(#18,#137,#172,#207,#242,#277,#312),#32,.F.);
#18 = FACE_BOUND('',#19,.F.);
#19 = EDGE_LOOP('',(#20,#55,#83,#111));
#20 = ORIENTED_EDGE('',*,*,#21,.F.);
#21 = EDGE_CURVE('',#22,#24,#26,.T.);
#22 = VERTEX_POINT('',#23);
#23 = CARTESIAN_POINT('',(-55.,-30.,0.));
#24 = VERTEX_POINT('',#25);
#25 = CARTESIAN_POINT('',(-55.,-30.,90.));
#26 = SURFACE_CURVE('',#27,(#31,#43),.PCURVE_S1.);
#27 = LINE('',#28,#29);
#28 = CARTESIAN_POINT('',(-55.,-30.,0.));
#29 = VECTOR('',#30,1.);
#30 = DIRECTION('',(0.,0.,1.));
#31 = PCURVE('',#32,#37);
#32 = PLANE('',#33);
#33 = AXIS2_PLACEMENT_3D('',#34,#35,#36);
#34 = CARTESIAN_POINT('',(-55.,-30.,0.));
#35 = DIRECTION('',(1.,0.,0.));
#36 = DIRECTION('',(0.,0.,1.));
#37 = DEFINITIONAL_REPRESENTATION('',(#38),#42);
#38 = LINE('',#39,#40);
#39 = CARTESIAN_POINT('',(0.,0.));
#40 = VECTOR('',#41,1.);
#41 = DIRECTION('',(1.,0.));
#42 = ( GEOMETRIC_REPRESENTATION_CONTEXT(2) 
PARAMETRIC_REPRESENTATION_CONTEXT() REPRESENTATION_CONTEXT('2D SPACE',''
  ) );
#43 = PCURVE('',#44,#49);
#44 = PLANE('',#45);
#45 = AXIS2_PLACEMENT_3D('',#46,#47,#48);
#46 = CARTESIAN_POINT('',(-55.,-30.,0.));
#47 = DIRECTION('',(0.,1.,0.));
#48 = DIRECTION('',(0.,0.,1.));
#49 = DEFINITIONAL_REPRESENTATION('',(#50),#54);
#50 = LINE('',#51,#52);
#51 = CARTESIAN_POINT('',(0.,0.));
#52 = VECTOR('',#53,1.);
#53 = DIRECTION('',(1.,0.));
#54 = ( GEOMETRIC_REPRESENTATION_CONTEXT(2) 
PARAMETRIC_REPRESENTATION_CONTEXT() REPRESENTATION_CONTEXT('2D SPACE',''
  ) );
#55 = ORIENTED_EDGE('',*,*,#56,.T.);
#56 = EDGE_CURVE('',#22,#57,#59,.T.);
#57 = VERTEX_POINT('',#58);
#58 = CARTESIAN_POINT('',(-55.,30.,0.));
#59 = SURFACE_CURVE('',#60,(#64,#71),.PCURVE_S1.);
#60 = LINE('',#61,#62);
#61 = CARTESIAN_POINT('',(-55.,-30.,0.));
#62 = VECTOR('',#63,1.);
#63 = DIRECTION('',(0.,1.,0.));
#64 = PCURVE('',#32,#65);
#65 = DEFINITIONAL_REPRESENTATION('',(#66),#70);
#66 = LINE('',#67,#68);
#67 = CARTESIAN_POINT('',(0.,0.));
#68 = VECTOR('',#69,1.);
#69 = DIRECTION('',(0.,-1.));
#70 = ( GEOMETRIC_REPRESENTATION_CONTEXT(2) 
PARAMETRIC_REPRESENTATION_CONTEXT() REPRESENTATION_CONTEXT('2D SPACE',''
  ) );
#71 = PCURVE('',#72,#77);
#72 = PLANE('',#73);
#73 = AXIS2_PLACEMENT_3D('',#74,#75,#76);
#74 = CARTESIAN_POINT('',(-55.,-30.,0.));
#75 = DIRECTION('',(0.,0.,1.));
#76 = DIRECTION('',(1.,0.,0.));
#77 = DEFINITIONAL_REPRESENTATION('',(#78),#82);
#78 = LINE('',#79,#80);
#79 = CARTESIAN_POINT('',(0.,0.));
#80 = VECTOR('',#81,1.);
#81 = DIRECTION('',(0.,1.));
#82 = ( GEOMETRIC_REPRESENTATION_CONTEXT(2) 
PARAMETRIC_REPRESENTATION_CONTEXT() REPRESENTATION_CONTEXT('2D SPACE',''
  ) );
#83 = ORIENTED_EDGE('',*,*,#84,.T.);
#84 = EDGE_CURVE('',#57,#85,#87,.T.);
#85 = VERTEX_POINT('',#86);
#86 = CARTESIAN_POINT('',(-55.,30.,90.));
#87 = SURFACE_CURVE('',#88,(#92,#99),.PCURVE_S1.);
#88 = LINE('',#89,#90);
#89 = CARTESIAN_POINT('',(-55.,30.,0.));
#90 = VECTOR('',#91,1.);
#91 = DIRECTION('',(0.,0.,1.));
#92 = PCURVE('',#32,#93);
#93 = DEFINITIONAL_REPRESENTATION('',(#94),#98);
#94 = LINE('',#95,#96);
#95 = CARTESIAN_POINT('',(0.,-60.));
#96 = VECTOR('',#97,1.);
#97 = DIRECTION('',(1.,0.));
#98 = ( GEOMETRIC_REPRESENTATION_CONTEXT(2) 
PARAMETRIC_REPRESENTATION_CONTEXT() REPRESENTATION_CONTEXT('2D SPACE',''
  ) );
#99 = PCURVE('',#100,#105);
#100 = PLANE('',#101);
#101 = AXIS2_PLACEMENT_3D('',#102,#103,#104);
#102 = CARTESIAN_POINT('',(-55.,30.,0.));
#103 = DIRECTION('',(0.,1.,0.));
#104 = DIRECTION('',(0.,0.,1.));
#105 = DEFINITIONAL_REPRESENTATION('',(#106),#110);
#106 = LINE('',#107,#108);
#107 = CARTESIAN_POINT('',(0.,0.));
#108 = VECTOR('',#109,1.);
#109 = DIRECTION('',(1.,0.));
#110 = ( GEOMETRIC_REPRESENTATION_CONTEXT(2) 
PARAMETRIC_REPRESENTATION_CONTEXT() REPRESENTATION_CONTEXT('2D SPACE',''
  ) );
#111 = ORIENTED_EDGE('',*,*,#112,.F.);
#112 = EDGE_CURVE('',#24,#85,#113,.T.);
#113 = SURFACE_CURVE('',#114,(#118,#125),.PCURVE_S1.);
#114 = LINE('',#115,#116);
#115 = CARTESIAN_POINT('',(-55.,-30.,90.));
#116 = VECTOR('',#117,1.);
#117 = DIRECTION('',(0.,1.,0.));
#118 = PCURVE('',#32,#119);
#119 = DEFINITIONAL_REPRESENTATION('',(#120),#124);
#120 = LINE('',#121,#122);
#121 = CARTESIAN_POINT('',(90.,0.));
#122 = VECTOR('',#123,1.);
#123 = DIRECTION('',(0.,-1.));
#124 = ( GEOMETRIC_REPRESENTATION_CONTEXT(2) 
PARAMETRIC_REPRESENTATION_CONTEXT() REPRESENTATION_CONTEXT('2D SPACE',''
  ) );
#125 = PCURVE('',#126,#131);
#126 = PLANE('',#127);
#127 = AXIS2_PLACEMENT_3D('',#128,#129,#130);
#128 = CARTESIAN_POINT('',(-55.,-30.,90.));
#129 = DIRECTION('',(0.,0.,1.));
#130 = DIRECTION('',(1.,0.,0.));
#131 = DEFINITIONAL_REPRESENTATION('',(#132),#136);
#132 = LINE('',#133,#134);
#133 = CARTESIAN_POINT('',(0.,0.));
#134 = VECTOR('',#135,1.);
#135 = DIRECTION('',(0.,1.));
#136 = ( GEOMETRIC_REPRESENTATION_CONTEXT(2) 
PARAMETRIC_REPRESENTATION_CONTEXT() REPRESENTATION_CONTEXT('2D SPACE',''
  ) );
#137 = FACE_BOUND('',#138,.F.);
#138 = EDGE_LOOP('',(#139));
#139 = ORIENTED_EDGE('',*,*,#140,.T.);
#140 = EDGE_CURVE('',#141,#141,#143,.T.);
#141 = VERTEX_POINT('',#142);
#142 = CARTESIAN_POINT('',(-55.,16.642135623731,15.857864376269));
#143 = SURFACE_CURVE('',#144,(#149,#160),.PCURVE_S1.);
#144 = CIRCLE('',#145,2.5);
#145 = AXIS2_PLACEMENT_3D('',#146,#147,#148);
#146 = CARTESIAN_POINT('',(-55.,14.142135623731,15.857864376269));
#147 = DIRECTION('',(-1.,0.,0.));
#148 = DIRECTION('',(0.,1.,0.));
#149 = PCURVE('',#32,#150);
#150 = DEFINITIONAL_REPRESENTATION('',(#151),#159);
#151 = ( BOUNDED_CURVE() B_SPLINE_CURVE(2,(#152,#153,#154,#155,#156,#157
,#158),.UNSPECIFIED.,.T.,.F.) B_SPLINE_CURVE_WITH_KNOTS((1,2,2,2,2,1),(
    -2.094395102393,0.,2.094395102393,4.188790204786,6.28318530718,
8.377580409573),.UNSPECIFIED.) CURVE() GEOMETRIC_REPRESENTATION_ITEM() 
RATIONAL_B_SPLINE_CURVE((1.,0.5,1.,0.5,1.,0.5,1.)) REPRESENTATION_ITEM(
  '') );
#152 = CARTESIAN_POINT('',(15.857864376269,-46.64213562373));
#153 = CARTESIAN_POINT('',(11.527737357347,-46.64213562373));
#154 = CARTESIAN_POINT('',(13.692800866808,-42.89213562373));
#155 = CARTESIAN_POINT('',(15.857864376269,-39.14213562373));
#156 = CARTESIAN_POINT('',(18.02292788573,-42.89213562373));
#157 = CARTESIAN_POINT('',(20.187991395191,-46.64213562373));
#158 = CARTESIAN_POINT('',(15.857864376269,-46.64213562373));
#159 = ( GEOMETRIC_REPRESENTATION_CONTEXT(2) 
PARAMETRIC_REPRESENTATION_CONTEXT() REPRESENTATION_CONTEXT('2D SPACE',''
  ) );
#160 = PCURVE('',#161,#166);
#161 = CYLINDRICAL_SURFACE('',#162,2.5);
#162 = AXIS2_PLACEMENT_3D('',#163,#164,#165);
#163 = CARTESIAN_POINT('',(-56.,14.142135623731,15.857864376269));
#164 = DIRECTION('',(-1.,-0.,-0.));
#165 = DIRECTION('',(0.,1.,0.));
#166 = DEFINITIONAL_REPRESENTATION('',(#167),#171);
#167 = LINE('',#168,#169);
#168 = CARTESIAN_POINT('',(-6.28318530718,-1.));
#169 = VECTOR('',#170,1.);
#170 = DIRECTION('',(1.,-0.));
#171 = ( GEOMETRIC_REPRESENTATION_CONTEXT(2) 
PARAMETRIC_REPRESENTATION_CONTEXT() REPRESENTATION_CONTEXT('2D SPACE',''
  ) );
#172 = FACE_BOUND('',#173,.F.);
#173 = EDGE_LOOP('',(#174));
#174 = ORIENTED_EDGE('',*,*,#175,.T.);
#175 = EDGE_CURVE('',#176,#176,#178,.T.);
#176 = VERTEX_POINT('',#177);
#177 = CARTESIAN_POINT('',(-55.,16.642135623731,44.142135623731));
#178 = SURFACE_CURVE('',#179,(#184,#195),.PCURVE_S1.);
#179 = CIRCLE('',#180,2.5);
#180 = AXIS2_PLACEMENT_3D('',#181,#182,#183);
#181 = CARTESIAN_POINT('',(-55.,14.142135623731,44.142135623731));
#182 = DIRECTION('',(-1.,0.,0.));
#183 = DIRECTION('',(0.,1.,0.));
#184 = PCURVE('',#32,#185);
#185 = DEFINITIONAL_REPRESENTATION('',(#186),#194);
#186 = ( BOUNDED_CURVE() B_SPLINE_CURVE(2,(#187,#188,#189,#190,#191,#192
,#193),.UNSPECIFIED.,.T.,.F.) B_SPLINE_CURVE_WITH_KNOTS((1,2,2,2,2,1),(
    -2.094395102393,0.,2.094395102393,4.188790204786,6.28318530718,
8.377580409573),.UNSPECIFIED.) CURVE() GEOMETRIC_REPRESENTATION_ITEM() 
RATIONAL_B_SPLINE_CURVE((1.,0.5,1.,0.5,1.,0.5,1.)) REPRESENTATION_ITEM(
  '') );
#187 = CARTESIAN_POINT('',(44.142135623731,-46.64213562373));
#188 = CARTESIAN_POINT('',(39.812008604809,-46.64213562373));
#189 = CARTESIAN_POINT('',(41.97707211427,-42.89213562373));
#190 = CARTESIAN_POINT('',(44.142135623731,-39.14213562373));
#191 = CARTESIAN_POINT('',(46.307199133192,-42.89213562373));
#192 = CARTESIAN_POINT('',(48.472262642653,-46.64213562373));
#193 = CARTESIAN_POINT('',(44.142135623731,-46.64213562373));
#194 = ( GEOMETRIC_REPRESENTATION_CONTEXT(2) 
PARAMETRIC_REPRESENTATION_CONTEXT() REPRESENTATION_CONTEXT('2D SPACE',''
  ) );
#195 = PCURVE('',#196,#201);
#196 = CYLINDRICAL_SURFACE('',#197,2.5);
#197 = AXIS2_PLACEMENT_3D('',#198,#199,#200);
#198 = CARTESIAN_POINT('',(-56.,14.142135623731,44.142135623731));
#199 = DIRECTION('',(-1.,-0.,-0.));
#200 = DIRECTION('',(0.,1.,0.));
#201 = DEFINITIONAL_REPRESENTATION('',(#202),#206);
#202 = LINE('',#203,#204);
#203 = CARTESIAN_POINT('',(-6.28318530718,-1.));
#204 = VECTOR('',#205,1.);
#205 = DIRECTION('',(1.,-0.));
#206 = ( GEOMETRIC_REPRESENTATION_CONTEXT(2) 
PARAMETRIC_REPRESENTATION_CONTEXT() REPRESENTATION_CONTEXT('2D SPACE',''
  ) );
#207 = FACE_BOUND('',#208,.F.);
#208 = EDGE_LOOP('',(#209));
#209 = ORIENTED_EDGE('',*,*,#210,.T.);
#210 = EDGE_CURVE('',#211,#211,#213,.T.);
#211 = VERTEX_POINT('',#212);
#212 = CARTESIAN_POINT('',(-55.,10.,30.));
#213 = SURFACE_CURVE('',#214,(#219,#230),.PCURVE_S1.);
#214 = CIRCLE('',#215,10.);
#215 = AXIS2_PLACEMENT_3D('',#216,#217,#218);
#216 = CARTESIAN_POINT('',(-55.,0.,30.));
#217 = DIRECTION('',(-1.,0.,0.));
#218 = DIRECTION('',(0.,1.,0.));
#219 = PCURVE('',#32,#220);
#220 = DEFINITIONAL_REPRESENTATION('',(#221),#229);
#221 = ( BOUNDED_CURVE() B_SPLINE_CURVE(2,(#222,#223,#224,#225,#226,#227
,#228),.UNSPECIFIED.,.T.,.F.) B_SPLINE_CURVE_WITH_KNOTS((1,2,2,2,2,1),(
    -2.094395102393,0.,2.094395102393,4.188790204786,6.28318530718,
8.377580409573),.UNSPECIFIED.) CURVE() GEOMETRIC_REPRESENTATION_ITEM() 
RATIONAL_B_SPLINE_CURVE((1.,0.5,1.,0.5,1.,0.5,1.)) REPRESENTATION_ITEM(
  '') );
#222 = CARTESIAN_POINT('',(30.,-40.));
#223 = CARTESIAN_POINT('',(12.679491924311,-40.));
#224 = CARTESIAN_POINT('',(21.339745962156,-25.));
#225 = CARTESIAN_POINT('',(30.,-10.));
#226 = CARTESIAN_POINT('',(38.660254037844,-25.));
#227 = CARTESIAN_POINT('',(47.320508075689,-40.));
#228 = CARTESIAN_POINT('',(30.,-40.));
#229 = ( GEOMETRIC_REPRESENTATION_CONTEXT(2) 
PARAMETRIC_REPRESENTATION_CONTEXT() REPRESENTATION_CONTEXT('2D SPACE',''
  ) );
#230 = PCURVE('',#231,#236);
#231 = CYLINDRICAL_SURFACE('',#232,10.);
#232 = AXIS2_PLACEMENT_3D('',#233,#234,#235);
#233 = CARTESIAN_POINT('',(-56.,0.,30.));
#234 = DIRECTION('',(-1.,-0.,-0.));
#235 = DIRECTION('',(0.,1.,0.));
#236 = DEFINITIONAL_REPRESENTATION('',(#237),#241);
#237 = LINE('',#238,#239);
#238 = CARTESIAN_POINT('',(-6.28318530718,-1.));
#239 = VECTOR('',#240,1.);
#240 = DIRECTION('',(1.,-0.));
#241 = ( GEOMETRIC_REPRESENTATION_CONTEXT(2) 
PARAMETRIC_REPRESENTATION_CONTEXT() REPRESENTATION_CONTEXT('2D SPACE',''
  ) );
#242 = FACE_BOUND('',#243,.F.);
#243 = EDGE_LOOP('',(#244));
#244 = ORIENTED_EDGE('',*,*,#245,.T.);
#245 = EDGE_CURVE('',#246,#246,#248,.T.);
#246 = VERTEX_POINT('',#247);
#247 = CARTESIAN_POINT('',(-55.,-11.64213562373,15.857864376269));
#248 = SURFACE_CURVE('',#249,(#254,#265),.PCURVE_S1.);
#249 = CIRCLE('',#250,2.5);
#250 = AXIS2_PLACEMENT_3D('',#251,#252,#253);
#251 = CARTESIAN_POINT('',(-55.,-14.14213562373,15.857864376269));
#252 = DIRECTION('',(-1.,0.,0.));
#253 = DIRECTION('',(0.,1.,0.));
#254 = PCURVE('',#32,#255);
#255 = DEFINITIONAL_REPRESENTATION('',(#256),#264);
#256 = ( BOUNDED_CURVE() B_SPLINE_CURVE(2,(#257,#258,#259,#260,#261,#262
,#263),.UNSPECIFIED.,.T.,.F.) B_SPLINE_CURVE_WITH_KNOTS((1,2,2,2,2,1),(
    -2.094395102393,0.,2.094395102393,4.188790204786,6.28318530718,
8.377580409573),.UNSPECIFIED.) CURVE() GEOMETRIC_REPRESENTATION_ITEM() 
RATIONAL_B_SPLINE_CURVE((1.,0.5,1.,0.5,1.,0.5,1.)) REPRESENTATION_ITEM(
  '') );
#257 = CARTESIAN_POINT('',(15.857864376269,-18.35786437626));
#258 = CARTESIAN_POINT('',(11.527737357347,-18.35786437626));
#259 = CARTESIAN_POINT('',(13.692800866808,-14.60786437626));
#260 = CARTESIAN_POINT('',(15.857864376269,-10.85786437626));
#261 = CARTESIAN_POINT('',(18.02292788573,-14.60786437626));
#262 = CARTESIAN_POINT('',(20.187991395191,-18.35786437626));
#263 = CARTESIAN_POINT('',(15.857864376269,-18.35786437626));
#264 = ( GEOMETRIC_REPRESENTATION_CONTEXT(2) 
PARAMETRIC_REPRESENTATION_CONTEXT() REPRESENTATION_CONTEXT('2D SPACE',''
  ) );
#265 = PCURVE('',#266,#271);
#266 = CYLINDRICAL_SURFACE('',#267,2.5);
#267 = AXIS2_PLACEMENT_3D('',#268,#269,#270);
#268 = CARTESIAN_POINT('',(-56.,-14.14213562373,15.857864376269));
#269 = DIRECTION('',(-1.,-0.,-0.));
#270 = DIRECTION('',(0.,1.,0.));
#271 = DEFINITIONAL_REPRESENTATION('',(#272),#276);
#272 = LINE('',#273,#274);
#273 = CARTESIAN_POINT('',(-6.28318530718,-1.));
#274 = VECTOR('',#275,1.);
#275 = DIRECTION('',(1.,-0.));
#276 = ( GEOMETRIC_REPRESENTATION_CONTEXT(2) 
PARAMETRIC_REPRESENTATION_CONTEXT() REPRESENTATION_CONTEXT('2D SPACE',''
  ) );
#277 = FACE_BOUND('',#278,.F.);
#278 = EDGE_LOOP('',(#279));
#279 = ORIENTED_EDGE('',*,*,#280,.T.);
#280 = EDGE_CURVE('',#281,#281,#283,.T.);
#281 = VERTEX_POINT('',#282);
#282 = CARTESIAN_POINT('',(-55.,-0.7,62.));
#283 = SURFACE_CURVE('',#284,(#289,#300),.PCURVE_S1.);
#284 = CIRCLE('',#285,4.3);
#285 = AXIS2_PLACEMENT_3D('',#286,#287,#288);
#286 = CARTESIAN_POINT('',(-55.,-5.,62.));
#287 = DIRECTION('',(-1.,0.,0.));
#288 = DIRECTION('',(0.,1.,0.));
#289 = PCURVE('',#32,#290);
#290 = DEFINITIONAL_REPRESENTATION('',(#291),#299);
#291 = ( BOUNDED_CURVE() B_SPLINE_CURVE(2,(#292,#293,#294,#295,#296,#297
,#298),.UNSPECIFIED.,.T.,.F.) B_SPLINE_CURVE_WITH_KNOTS((1,2,2,2,2,1),(
    -2.094395102393,0.,2.094395102393,4.188790204786,6.28318530718,
8.377580409573),.UNSPECIFIED.) CURVE() GEOMETRIC_REPRESENTATION_ITEM() 
RATIONAL_B_SPLINE_CURVE((1.,0.5,1.,0.5,1.,0.5,1.)) REPRESENTATION_ITEM(
  '') );
#292 = CARTESIAN_POINT('',(62.,-29.3));
#293 = CARTESIAN_POINT('',(54.552181527454,-29.3));
#294 = CARTESIAN_POINT('',(58.276090763727,-22.85));
#295 = CARTESIAN_POINT('',(62.,-16.4));
#296 = CARTESIAN_POINT('',(65.723909236273,-22.85));
#297 = CARTESIAN_POINT('',(69.447818472546,-29.3));
#298 = CARTESIAN_POINT('',(62.,-29.3));
#299 = ( GEOMETRIC_REPRESENTATION_CONTEXT(2) 
PARAMETRIC_REPRESENTATION_CONTEXT() REPRESENTATION_CONTEXT('2D SPACE',''
  ) );
#300 = PCURVE('',#301,#306);
#301 = CYLINDRICAL_SURFACE('',#302,4.3);
#302 = AXIS2_PLACEMENT_3D('',#303,#304,#305);
#303 = CARTESIAN_POINT('',(-56.,-5.,62.));
#304 = DIRECTION('',(-1.,-0.,-0.));
#305 = DIRECTION('',(0.,1.,0.));
#306 = DEFINITIONAL_REPRESENTATION('',(#307),#311);
#307 = LINE('',#308,#309);
#308 = CARTESIAN_POINT('',(-6.28318530718,-1.));
#309 = VECTOR('',#310,1.);
#310 = DIRECTION('',(1.,-0.));
#311 = ( GEOMETRIC_REPRESENTATION_CONTEXT(2) 
PARAMETRIC_REPRESENTATION_CONTEXT() REPRESENTATION_CONTEXT('2D SPACE',''
  ) );
#312 = FACE_BOUND('',#313,.F.);
#313 = EDGE_LOOP('',(#314));
#314 = ORIENTED_EDGE('',*,*,#315,.T.);
#315 = EDGE_CURVE('',#316,#316,#318,.T.);
#316 = VERTEX_POINT('',#317);
#317 = CARTESIAN_POINT('',(-55.,-11.64213562373,44.142135623731));
#318 = SURFACE_CURVE('',#319,(#324,#335),.PCURVE_S1.);
#319 = CIRCLE('',#320,2.5);
#320 = AXIS2_PLACEMENT_3D('',#321,#322,#323);
#321 = CARTESIAN_POINT('',(-55.,-14.14213562373,44.142135623731));
#322 = DIRECTION('',(-1.,0.,0.));
#323 = DIRECTION('',(0.,1.,0.));
#324 = PCURVE('',#32,#325);
#325 = DEFINITIONAL_REPRESENTATION('',(#326),#334);
#326 = ( BOUNDED_CURVE() B_SPLINE_CURVE(2,(#327,#328,#329,#330,#331,#332
,#333),.UNSPECIFIED.,.T.,.F.) B_SPLINE_CURVE_WITH_KNOTS((1,2,2,2,2,1),(
    -2.094395102393,0.,2.094395102393,4.188790204786,6.28318530718,
8.377580409573),.UNSPECIFIED.) CURVE() GEOMETRIC_REPRESENTATION_ITEM() 
RATIONAL_B_SPLINE_CURVE((1.,0.5,1.,0.5,1.,0.5,1.)) REPRESENTATION_ITEM(
  '') );
#327 = CARTESIAN_POINT('',(44.142135623731,-18.35786437626));
#328 = CARTESIAN_POINT('',(39.812008604809,-18.35786437626));
#329 = CARTESIAN_POINT('',(41.97707211427,-14.60786437626));
#330 = CARTESIAN_POINT('',(44.142135623731,-10.85786437626));
#331 = CARTESIAN_POINT('',(46.307199133192,-14.60786437626));
#332 = CARTESIAN_POINT('',(48.472262642653,-18.35786437626));
#333 = CARTESIAN_POINT('',(44.142135623731,-18.35786437626));
#334 = ( GEOMETRIC_REPRESENTATION_CONTEXT(2) 
PARAMETRIC_REPRESENTATION_CONTEXT() REPRESENTATION_CONTEXT('2D SPACE',''
  ) );
#335 = PCURVE('',#336,#341);
#336 = CYLINDRICAL_SURFACE('',#337,2.5);
#337 = AXIS2_PLACEMENT_3D('',#338,#339,#340);
#338 = CARTESIAN_POINT('',(-56.,-14.14213562373,44.142135623731));
#339 = DIRECTION('',(-1.,-0.,-0.));
#340 = DIRECTION('',(0.,1.,0.));
#341 = DEFINITIONAL_REPRESENTATION('',(#342),#346);
#342 = LINE('',#343,#344);
#343 = CARTESIAN_POINT('',(-6.28318530718,-1.));
#344 = VECTOR('',#345,1.);
#345 = DIRECTION('',(1.,-0.));
#346 = ( GEOMETRIC_REPRESENTATION_CONTEXT(2) 
PARAMETRIC_REPRESENTATION_CONTEXT() REPRESENTATION_CONTEXT('2D SPACE',''
  ) );
#347 = ADVANCED_FACE('',(#348,#423),#44,.F.);
#348 = FACE_BOUND('',#349,.F.);
#349 = EDGE_LOOP('',(#350,#373,#374,#397));
#350 = ORIENTED_EDGE('',*,*,#351,.F.);
#351 = EDGE_CURVE('',#22,#352,#354,.T.);
#352 = VERTEX_POINT('',#353);
#353 = CARTESIAN_POINT('',(55.,-30.,0.));
#354 = SURFACE_CURVE('',#355,(#359,#366),.PCURVE_S1.);
#355 = LINE('',#356,#357);
#356 = CARTESIAN_POINT('',(-55.,-30.,0.));
#357 = VECTOR('',#358,1.);
#358 = DIRECTION('',(1.,0.,0.));
#359 = PCURVE('',#44,#360);
#360 = DEFINITIONAL_REPRESENTATION('',(#361),#365);
#361 = LINE('',#362,#363);
#362 = CARTESIAN_POINT('',(0.,0.));
#363 = VECTOR('',#364,1.);
#364 = DIRECTION('',(0.,1.));
#365 = ( GEOMETRIC_REPRESENTATION_CONTEXT(2) 
PARAMETRIC_REPRESENTATION_CONTEXT() REPRESENTATION_CONTEXT('2D SPACE',''
  ) );
#366 = PCURVE('',#72,#367);
#367 = DEFINITIONAL_REPRESENTATION('',(#368),#372);
#368 = LINE('',#369,#370);
#369 = CARTESIAN_POINT('',(0.,0.));
#370 = VECTOR('',#371,1.);
#371 = DIRECTION('',(1.,0.));
#372 = ( GEOMETRIC_REPRESENTATION_CONTEXT(2) 
PARAMETRIC_REPRESENTATION_CONTEXT() REPRESENTATION_CONTEXT('2D SPACE',''
  ) );
#373 = ORIENTED_EDGE('',*,*,#21,.T.);
#374 = ORIENTED_EDGE('',*,*,#375,.T.);
#375 = EDGE_CURVE('',#24,#376,#378,.T.);
#376 = VERTEX_POINT('',#377);
#377 = CARTESIAN_POINT('',(55.,-30.,90.));
#378 = SURFACE_CURVE('',#379,(#383,#390),.PCURVE_S1.);
#379 = LINE('',#380,#381);
#380 = CARTESIAN_POINT('',(-55.,-30.,90.));
#381 = VECTOR('',#382,1.);
#382 = DIRECTION('',(1.,0.,0.));
#383 = PCURVE('',#44,#384);
#384 = DEFINITIONAL_REPRESENTATION('',(#385),#389);
#385 = LINE('',#386,#387);
#386 = CARTESIAN_POINT('',(90.,0.));
#387 = VECTOR('',#388,1.);
#388 = DIRECTION('',(0.,1.));
#389 = ( GEOMETRIC_REPRESENTATION_CONTEXT(2) 
PARAMETRIC_REPRESENTATION_CONTEXT() REPRESENTATION_CONTEXT('2D SPACE',''
  ) );
#390 = PCURVE('',#126,#391);
#391 = DEFINITIONAL_REPRESENTATION('',(#392),#396);
#392 = LINE('',#393,#394);
#393 = CARTESIAN_POINT('',(0.,0.));
#394 = VECTOR('',#395,1.);
#395 = DIRECTION('',(1.,0.));
#396 = ( GEOMETRIC_REPRESENTATION_CONTEXT(2) 
PARAMETRIC_REPRESENTATION_CONTEXT() REPRESENTATION_CONTEXT('2D SPACE',''
  ) );
#397 = ORIENTED_EDGE('',*,*,#398,.F.);
#398 = EDGE_CURVE('',#352,#376,#399,.T.);
#399 = SURFACE_CURVE('',#400,(#404,#411),.PCURVE_S1.);
#400 = LINE('',#401,#402);
#401 = CARTESIAN_POINT('',(55.,-30.,0.));
#402 = VECTOR('',#403,1.);
#403 = DIRECTION('',(0.,0.,1.));
#404 = PCURVE('',#44,#405);
#405 = DEFINITIONAL_REPRESENTATION('',(#406),#410);
#406 = LINE('',#407,#408);
#407 = CARTESIAN_POINT('',(0.,110.));
#408 = VECTOR('',#409,1.);
#409 = DIRECTION('',(1.,0.));
#410 = ( GEOMETRIC_REPRESENTATION_CONTEXT(2) 
PARAMETRIC_REPRESENTATION_CONTEXT() REPRESENTATION_CONTEXT('2D SPACE',''
  ) );
#411 = PCURVE('',#412,#417);
#412 = PLANE('',#413);
#413 = AXIS2_PLACEMENT_3D('',#414,#415,#416);
#414 = CARTESIAN_POINT('',(55.,-30.,0.));
#415 = DIRECTION('',(1.,0.,0.));
#416 = DIRECTION('',(0.,0.,1.));
#417 = DEFINITIONAL_REPRESENTATION('',(#418),#422);
#418 = LINE('',#419,#420);
#419 = CARTESIAN_POINT('',(0.,0.));
#420 = VECTOR('',#421,1.);
#421 = DIRECTION('',(1.,0.));
#422 = ( GEOMETRIC_REPRESENTATION_CONTEXT(2) 
PARAMETRIC_REPRESENTATION_CONTEXT() REPRESENTATION_CONTEXT('2D SPACE',''
  ) );
#423 = FACE_BOUND('',#424,.F.);
#424 = EDGE_LOOP('',(#425));
#425 = ORIENTED_EDGE('',*,*,#426,.T.);
#426 = EDGE_CURVE('',#427,#427,#429,.T.);
#427 = VERTEX_POINT('',#428);
#428 = CARTESIAN_POINT('',(5.75,-30.,62.));
#429 = SURFACE_CURVE('',#430,(#435,#446),.PCURVE_S1.);
#430 = CIRCLE('',#431,5.75);
#431 = AXIS2_PLACEMENT_3D('',#432,#433,#434);
#432 = CARTESIAN_POINT('',(0.,-30.,62.));
#433 = DIRECTION('',(0.,-1.,0.));
#434 = DIRECTION('',(1.,0.,0.));
#435 = PCURVE('',#44,#436);
#436 = DEFINITIONAL_REPRESENTATION('',(#437),#445);
#437 = ( BOUNDED_CURVE() B_SPLINE_CURVE(2,(#438,#439,#440,#441,#442,#443
,#444),.UNSPECIFIED.,.T.,.F.) B_SPLINE_CURVE_WITH_KNOTS((1,2,2,2,2,1),(
    -2.094395102393,0.,2.094395102393,4.188790204786,6.28318530718,
8.377580409573),.UNSPECIFIED.) CURVE() GEOMETRIC_REPRESENTATION_ITEM() 
RATIONAL_B_SPLINE_CURVE((1.,0.5,1.,0.5,1.,0.5,1.)) REPRESENTATION_ITEM(
  '') );
#438 = CARTESIAN_POINT('',(62.,60.75));
#439 = CARTESIAN_POINT('',(71.959292143521,60.75));
#440 = CARTESIAN_POINT('',(66.979646071761,52.125));
#441 = CARTESIAN_POINT('',(62.,43.5));
#442 = CARTESIAN_POINT('',(57.020353928239,52.125));
#443 = CARTESIAN_POINT('',(52.040707856479,60.75));
#444 = CARTESIAN_POINT('',(62.,60.75));
#445 = ( GEOMETRIC_REPRESENTATION_CONTEXT(2) 
PARAMETRIC_REPRESENTATION_CONTEXT() REPRESENTATION_CONTEXT('2D SPACE',''
  ) );
#446 = PCURVE('',#447,#452);
#447 = CYLINDRICAL_SURFACE('',#448,5.75);
#448 = AXIS2_PLACEMENT_3D('',#449,#450,#451);
#449 = CARTESIAN_POINT('',(0.,-31.,62.));
#450 = DIRECTION('',(0.,-1.,0.));
#451 = DIRECTION('',(1.,0.,0.));
#452 = DEFINITIONAL_REPRESENTATION('',(#453),#457);
#453 = LINE('',#454,#455);
#454 = CARTESIAN_POINT('',(0.,-1.));
#455 = VECTOR('',#456,1.);
#456 = DIRECTION('',(1.,0.));
#457 = ( GEOMETRIC_REPRESENTATION_CONTEXT(2) 
PARAMETRIC_REPRESENTATION_CONTEXT() REPRESENTATION_CONTEXT('2D SPACE',''
  ) );
#458 = ADVANCED_FACE('',(#459,#507,#538),#126,.T.);
#459 = FACE_BOUND('',#460,.T.);
#460 = EDGE_LOOP('',(#461,#462,#463,#486));
#461 = ORIENTED_EDGE('',*,*,#112,.F.);
#462 = ORIENTED_EDGE('',*,*,#375,.T.);
#463 = ORIENTED_EDGE('',*,*,#464,.T.);
#464 = EDGE_CURVE('',#376,#465,#467,.T.);
#465 = VERTEX_POINT('',#466);
#466 = CARTESIAN_POINT('',(55.,30.,90.));
#467 = SURFACE_CURVE('',#468,(#472,#479),.PCURVE_S1.);
#468 = LINE('',#469,#470);
#469 = CARTESIAN_POINT('',(55.,-30.,90.));
#470 = VECTOR('',#471,1.);
#471 = DIRECTION('',(0.,1.,0.));
#472 = PCURVE('',#126,#473);
#473 = DEFINITIONAL_REPRESENTATION('',(#474),#478);
#474 = LINE('',#475,#476);
#475 = CARTESIAN_POINT('',(110.,0.));
#476 = VECTOR('',#477,1.);
#477 = DIRECTION('',(0.,1.));
#478 = ( GEOMETRIC_REPRESENTATION_CONTEXT(2) 
PARAMETRIC_REPRESENTATION_CONTEXT() REPRESENTATION_CONTEXT('2D SPACE',''
  ) );
#479 = PCURVE('',#412,#480);
#480 = DEFINITIONAL_REPRESENTATION('',(#481),#485);
#481 = LINE('',#482,#483);
#482 = CARTESIAN_POINT('',(90.,0.));
#483 = VECTOR('',#484,1.);
#484 = DIRECTION('',(0.,-1.));
#485 = ( GEOMETRIC_REPRESENTATION_CONTEXT(2) 
PARAMETRIC_REPRESENTATION_CONTEXT() REPRESENTATION_CONTEXT('2D SPACE',''
  ) );
#486 = ORIENTED_EDGE('',*,*,#487,.F.);
#487 = EDGE_CURVE('',#85,#465,#488,.T.);
#488 = SURFACE_CURVE('',#489,(#493,#500),.PCURVE_S1.);
#489 = LINE('',#490,#491);
#490 = CARTESIAN_POINT('',(-55.,30.,90.));
#491 = VECTOR('',#492,1.);
#492 = DIRECTION('',(1.,0.,0.));
#493 = PCURVE('',#126,#494);
#494 = DEFINITIONAL_REPRESENTATION('',(#495),#499);
#495 = LINE('',#496,#497);
#496 = CARTESIAN_POINT('',(0.,60.));
#497 = VECTOR('',#498,1.);
#498 = DIRECTION('',(1.,0.));
#499 = ( GEOMETRIC_REPRESENTATION_CONTEXT(2) 
PARAMETRIC_REPRESENTATION_CONTEXT() REPRESENTATION_CONTEXT('2D SPACE',''
  ) );
#500 = PCURVE('',#100,#501);
#501 = DEFINITIONAL_REPRESENTATION('',(#502),#506);
#502 = LINE('',#503,#504);
#503 = CARTESIAN_POINT('',(90.,0.));
#504 = VECTOR('',#505,1.);
#505 = DIRECTION('',(0.,1.));
#506 = ( GEOMETRIC_REPRESENTATION_CONTEXT(2) 
PARAMETRIC_REPRESENTATION_CONTEXT() REPRESENTATION_CONTEXT('2D SPACE',''
  ) );
#507 = FACE_BOUND('',#508,.T.);
#508 = EDGE_LOOP('',(#509));
#509 = ORIENTED_EDGE('',*,*,#510,.F.);
#510 = EDGE_CURVE('',#511,#511,#513,.T.);
#511 = VERTEX_POINT('',#512);
#512 = CARTESIAN_POINT('',(-30.25,0.,90.));
#513 = SURFACE_CURVE('',#514,(#519,#526),.PCURVE_S1.);
#514 = CIRCLE('',#515,9.75);
#515 = AXIS2_PLACEMENT_3D('',#516,#517,#518);
#516 = CARTESIAN_POINT('',(-40.,0.,90.));
#517 = DIRECTION('',(0.,0.,1.));
#518 = DIRECTION('',(1.,0.,-0.));
#519 = PCURVE('',#126,#520);
#520 = DEFINITIONAL_REPRESENTATION('',(#521),#525);
#521 = CIRCLE('',#522,9.75);
#522 = AXIS2_PLACEMENT_2D('',#523,#524);
#523 = CARTESIAN_POINT('',(15.,30.));
#524 = DIRECTION('',(1.,0.));
#525 = ( GEOMETRIC_REPRESENTATION_CONTEXT(2) 
PARAMETRIC_REPRESENTATION_CONTEXT() REPRESENTATION_CONTEXT('2D SPACE',''
  ) );
#526 = PCURVE('',#527,#532);
#527 = CYLINDRICAL_SURFACE('',#528,9.75);
#528 = AXIS2_PLACEMENT_3D('',#529,#530,#531);
#529 = CARTESIAN_POINT('',(-40.,0.,91.));
#530 = DIRECTION('',(0.,0.,1.));
#531 = DIRECTION('',(1.,0.,0.));
#532 = DEFINITIONAL_REPRESENTATION('',(#533),#537);
#533 = LINE('',#534,#535);
#534 = CARTESIAN_POINT('',(0.,-1.));
#535 = VECTOR('',#536,1.);
#536 = DIRECTION('',(1.,0.));
#537 = ( GEOMETRIC_REPRESENTATION_CONTEXT(2) 
PARAMETRIC_REPRESENTATION_CONTEXT() REPRESENTATION_CONTEXT('2D SPACE',''
  ) );
#538 = FACE_BOUND('',#539,.T.);
#539 = EDGE_LOOP('',(#540));
#540 = ORIENTED_EDGE('',*,*,#541,.F.);
#541 = EDGE_CURVE('',#542,#542,#544,.T.);
#542 = VERTEX_POINT('',#543);
#543 = CARTESIAN_POINT('',(49.75,0.,90.));
#544 = SURFACE_CURVE('',#545,(#550,#557),.PCURVE_S1.);
#545 = CIRCLE('',#546,9.75);
#546 = AXIS2_PLACEMENT_3D('',#547,#548,#549);
#547 = CARTESIAN_POINT('',(40.,0.,90.));
#548 = DIRECTION('',(0.,0.,1.));
#549 = DIRECTION('',(1.,0.,-0.));
#550 = PCURVE('',#126,#551);
#551 = DEFINITIONAL_REPRESENTATION('',(#552),#556);
#552 = CIRCLE('',#553,9.75);
#553 = AXIS2_PLACEMENT_2D('',#554,#555);
#554 = CARTESIAN_POINT('',(95.,30.));
#555 = DIRECTION('',(1.,0.));
#556 = ( GEOMETRIC_REPRESENTATION_CONTEXT(2) 
PARAMETRIC_REPRESENTATION_CONTEXT() REPRESENTATION_CONTEXT('2D SPACE',''
  ) );
#557 = PCURVE('',#558,#563);
#558 = CYLINDRICAL_SURFACE('',#559,9.75);
#559 = AXIS2_PLACEMENT_3D('',#560,#561,#562);
#560 = CARTESIAN_POINT('',(40.,0.,91.));
#561 = DIRECTION('',(0.,0.,1.));
#562 = DIRECTION('',(1.,0.,0.));
#563 = DEFINITIONAL_REPRESENTATION('',(#564),#568);
#564 = LINE('',#565,#566);
#565 = CARTESIAN_POINT('',(0.,-1.));
#566 = VECTOR('',#567,1.);
#567 = DIRECTION('',(1.,0.));
#568 = ( GEOMETRIC_REPRESENTATION_CONTEXT(2) 
PARAMETRIC_REPRESENTATION_CONTEXT() REPRESENTATION_CONTEXT('2D SPACE',''
  ) );
#569 = ADVANCED_FACE('',(#570,#618,#653,#688,#723),#72,.F.);
#570 = FACE_BOUND('',#571,.F.);
#571 = EDGE_LOOP('',(#572,#573,#574,#597));
#572 = ORIENTED_EDGE('',*,*,#56,.F.);
#573 = ORIENTED_EDGE('',*,*,#351,.T.);
#574 = ORIENTED_EDGE('',*,*,#575,.T.);
#575 = EDGE_CURVE('',#352,#576,#578,.T.);
#576 = VERTEX_POINT('',#577);
#577 = CARTESIAN_POINT('',(55.,30.,0.));
#578 = SURFACE_CURVE('',#579,(#583,#590),.PCURVE_S1.);
#579 = LINE('',#580,#581);
#580 = CARTESIAN_POINT('',(55.,-30.,0.));
#581 = VECTOR('',#582,1.);
#582 = DIRECTION('',(0.,1.,0.));
#583 = PCURVE('',#72,#584);
#584 = DEFINITIONAL_REPRESENTATION('',(#585),#589);
#585 = LINE('',#586,#587);
#586 = CARTESIAN_POINT('',(110.,0.));
#587 = VECTOR('',#588,1.);
#588 = DIRECTION('',(0.,1.));
#589 = ( GEOMETRIC_REPRESENTATION_CONTEXT(2) 
PARAMETRIC_REPRESENTATION_CONTEXT() REPRESENTATION_CONTEXT('2D SPACE',''
  ) );
#590 = PCURVE('',#412,#591);
#591 = DEFINITIONAL_REPRESENTATION('',(#592),#596);
#592 = LINE('',#593,#594);
#593 = CARTESIAN_POINT('',(0.,0.));
#594 = VECTOR('',#595,1.);
#595 = DIRECTION('',(0.,-1.));
#596 = ( GEOMETRIC_REPRESENTATION_CONTEXT(2) 
PARAMETRIC_REPRESENTATION_CONTEXT() REPRESENTATION_CONTEXT('2D SPACE',''
  ) );
#597 = ORIENTED_EDGE('',*,*,#598,.F.);
#598 = EDGE_CURVE('',#57,#576,#599,.T.);
#599 = SURFACE_CURVE('',#600,(#604,#611),.PCURVE_S1.);
#600 = LINE('',#601,#602);
#601 = CARTESIAN_POINT('',(-55.,30.,0.));
#602 = VECTOR('',#603,1.);
#603 = DIRECTION('',(1.,0.,0.));
#604 = PCURVE('',#72,#605);
#605 = DEFINITIONAL_REPRESENTATION('',(#606),#610);
#606 = LINE('',#607,#608);
#607 = CARTESIAN_POINT('',(0.,60.));
#608 = VECTOR('',#609,1.);
#609 = DIRECTION('',(1.,0.));
#610 = ( GEOMETRIC_REPRESENTATION_CONTEXT(2) 
PARAMETRIC_REPRESENTATION_CONTEXT() REPRESENTATION_CONTEXT('2D SPACE',''
  ) );
#611 = PCURVE('',#100,#612);
#612 = DEFINITIONAL_REPRESENTATION('',(#613),#617);
#613 = LINE('',#614,#615);
#614 = CARTESIAN_POINT('',(0.,0.));
#615 = VECTOR('',#616,1.);
#616 = DIRECTION('',(0.,1.));
#617 = ( GEOMETRIC_REPRESENTATION_CONTEXT(2) 
PARAMETRIC_REPRESENTATION_CONTEXT() REPRESENTATION_CONTEXT('2D SPACE',''
  ) );
#618 = FACE_BOUND('',#619,.F.);
#619 = EDGE_LOOP('',(#620));
#620 = ORIENTED_EDGE('',*,*,#621,.T.);
#621 = EDGE_CURVE('',#622,#622,#624,.T.);
#622 = VERTEX_POINT('',#623);
#623 = CARTESIAN_POINT('',(-36.6,-20.,0.));
#624 = SURFACE_CURVE('',#625,(#630,#641),.PCURVE_S1.);
#625 = CIRCLE('',#626,3.4);
#626 = AXIS2_PLACEMENT_3D('',#627,#628,#629);
#627 = CARTESIAN_POINT('',(-40.,-20.,0.));
#628 = DIRECTION('',(0.,0.,-1.));
#629 = DIRECTION('',(1.,0.,0.));
#630 = PCURVE('',#72,#631);
#631 = DEFINITIONAL_REPRESENTATION('',(#632),#640);
#632 = ( BOUNDED_CURVE() B_SPLINE_CURVE(2,(#633,#634,#635,#636,#637,#638
,#639),.UNSPECIFIED.,.T.,.F.) B_SPLINE_CURVE_WITH_KNOTS((1,2,2,2,2,1),(
    -2.094395102393,0.,2.094395102393,4.188790204786,6.28318530718,
8.377580409573),.UNSPECIFIED.) CURVE() GEOMETRIC_REPRESENTATION_ITEM() 
RATIONAL_B_SPLINE_CURVE((1.,0.5,1.,0.5,1.,0.5,1.)) REPRESENTATION_ITEM(
  '') );
#633 = CARTESIAN_POINT('',(18.4,10.));
#634 = CARTESIAN_POINT('',(18.4,4.111027254266));
#635 = CARTESIAN_POINT('',(13.3,7.055513627133));
#636 = CARTESIAN_POINT('',(8.2,10.));
#637 = CARTESIAN_POINT('',(13.3,12.944486372867));
#638 = CARTESIAN_POINT('',(18.4,15.888972745734));
#639 = CARTESIAN_POINT('',(18.4,10.));
#640 = ( GEOMETRIC_REPRESENTATION_CONTEXT(2) 
PARAMETRIC_REPRESENTATION_CONTEXT() REPRESENTATION_CONTEXT('2D SPACE',''
  ) );
#641 = PCURVE('',#642,#647);
#642 = CYLINDRICAL_SURFACE('',#643,3.4);
#643 = AXIS2_PLACEMENT_3D('',#644,#645,#646);
#644 = CARTESIAN_POINT('',(-40.,-20.,-1.));
#645 = DIRECTION('',(-0.,-0.,-1.));
#646 = DIRECTION('',(1.,0.,0.));
#647 = DEFINITIONAL_REPRESENTATION('',(#648),#652);
#648 = LINE('',#649,#650);
#649 = CARTESIAN_POINT('',(-6.28318530718,-1.));
#650 = VECTOR('',#651,1.);
#651 = DIRECTION('',(1.,-0.));
#652 = ( GEOMETRIC_REPRESENTATION_CONTEXT(2) 
PARAMETRIC_REPRESENTATION_CONTEXT() REPRESENTATION_CONTEXT('2D SPACE',''
  ) );
#653 = FACE_BOUND('',#654,.F.);
#654 = EDGE_LOOP('',(#655));
#655 = ORIENTED_EDGE('',*,*,#656,.T.);
#656 = EDGE_CURVE('',#657,#657,#659,.T.);
#657 = VERTEX_POINT('',#658);
#658 = CARTESIAN_POINT('',(43.4,-20.,0.));
#659 = SURFACE_CURVE('',#660,(#665,#676),.PCURVE_S1.);
#660 = CIRCLE('',#661,3.4);
#661 = AXIS2_PLACEMENT_3D('',#662,#663,#664);
#662 = CARTESIAN_POINT('',(40.,-20.,0.));
#663 = DIRECTION('',(0.,0.,-1.));
#664 = DIRECTION('',(1.,0.,0.));
#665 = PCURVE('',#72,#666);
#666 = DEFINITIONAL_REPRESENTATION('',(#667),#675);
#667 = ( BOUNDED_CURVE() B_SPLINE_CURVE(2,(#668,#669,#670,#671,#672,#673
,#674),.UNSPECIFIED.,.T.,.F.) B_SPLINE_CURVE_WITH_KNOTS((1,2,2,2,2,1),(
    -2.094395102393,0.,2.094395102393,4.188790204786,6.28318530718,
8.377580409573),.UNSPECIFIED.) CURVE() GEOMETRIC_REPRESENTATION_ITEM() 
RATIONAL_B_SPLINE_CURVE((1.,0.5,1.,0.5,1.,0.5,1.)) REPRESENTATION_ITEM(
  '') );
#668 = CARTESIAN_POINT('',(98.4,10.));
#669 = CARTESIAN_POINT('',(98.4,4.111027254266));
#670 = CARTESIAN_POINT('',(93.3,7.055513627133));
#671 = CARTESIAN_POINT('',(88.2,10.));
#672 = CARTESIAN_POINT('',(93.3,12.944486372867));
#673 = CARTESIAN_POINT('',(98.4,15.888972745734));
#674 = CARTESIAN_POINT('',(98.4,10.));
#675 = ( GEOMETRIC_REPRESENTATION_CONTEXT(2) 
PARAMETRIC_REPRESENTATION_CONTEXT() REPRESENTATION_CONTEXT('2D SPACE',''
  ) );
#676 = PCURVE('',#677,#682);
#677 = CYLINDRICAL_SURFACE('',#678,3.4);
#678 = AXIS2_PLACEMENT_3D('',#679,#680,#681);
#679 = CARTESIAN_POINT('',(40.,-20.,-1.));
#680 = DIRECTION('',(-0.,-0.,-1.));
#681 = DIRECTION('',(1.,0.,0.));
#682 = DEFINITIONAL_REPRESENTATION('',(#683),#687);
#683 = LINE('',#684,#685);
#684 = CARTESIAN_POINT('',(-6.28318530718,-1.));
#685 = VECTOR('',#686,1.);
#686 = DIRECTION('',(1.,-0.));
#687 = ( GEOMETRIC_REPRESENTATION_CONTEXT(2) 
PARAMETRIC_REPRESENTATION_CONTEXT() REPRESENTATION_CONTEXT('2D SPACE',''
  ) );
#688 = FACE_BOUND('',#689,.F.);
#689 = EDGE_LOOP('',(#690));
#690 = ORIENTED_EDGE('',*,*,#691,.T.);
#691 = EDGE_CURVE('',#692,#692,#694,.T.);
#692 = VERTEX_POINT('',#693);
#693 = CARTESIAN_POINT('',(-36.6,20.,0.));
#694 = SURFACE_CURVE('',#695,(#700,#711),.PCURVE_S1.);
#695 = CIRCLE('',#696,3.4);
#696 = AXIS2_PLACEMENT_3D('',#697,#698,#699);
#697 = CARTESIAN_POINT('',(-40.,20.,0.));
#698 = DIRECTION('',(0.,0.,-1.));
#699 = DIRECTION('',(1.,0.,0.));
#700 = PCURVE('',#72,#701);
#701 = DEFINITIONAL_REPRESENTATION('',(#702),#710);
#702 = ( BOUNDED_CURVE() B_SPLINE_CURVE(2,(#703,#704,#705,#706,#707,#708
,#709),.UNSPECIFIED.,.T.,.F.) B_SPLINE_CURVE_WITH_KNOTS((1,2,2,2,2,1),(
    -2.094395102393,0.,2.094395102393,4.188790204786,6.28318530718,
8.377580409573),.UNSPECIFIED.) CURVE() GEOMETRIC_REPRESENTATION_ITEM() 
RATIONAL_B_SPLINE_CURVE((1.,0.5,1.,0.5,1.,0.5,1.)) REPRESENTATION_ITEM(
  '') );
#703 = CARTESIAN_POINT('',(18.4,50.));
#704 = CARTESIAN_POINT('',(18.4,44.111027254266));
#705 = CARTESIAN_POINT('',(13.3,47.055513627133));
#706 = CARTESIAN_POINT('',(8.2,50.));
#707 = CARTESIAN_POINT('',(13.3,52.944486372867));
#708 = CARTESIAN_POINT('',(18.4,55.888972745734));
#709 = CARTESIAN_POINT('',(18.4,50.));
#710 = ( GEOMETRIC_REPRESENTATION_CONTEXT(2) 
PARAMETRIC_REPRESENTATION_CONTEXT() REPRESENTATION_CONTEXT('2D SPACE',''
  ) );
#711 = PCURVE('',#712,#717);
#712 = CYLINDRICAL_SURFACE('',#713,3.4);
#713 = AXIS2_PLACEMENT_3D('',#714,#715,#716);
#714 = CARTESIAN_POINT('',(-40.,20.,-1.));
#715 = DIRECTION('',(-0.,-0.,-1.));
#716 = DIRECTION('',(1.,0.,0.));
#717 = DEFINITIONAL_REPRESENTATION('',(#718),#722);
#718 = LINE('',#719,#720);
#719 = CARTESIAN_POINT('',(-6.28318530718,-1.));
#720 = VECTOR('',#721,1.);
#721 = DIRECTION('',(1.,-0.));
#722 = ( GEOMETRIC_REPRESENTATION_CONTEXT(2) 
PARAMETRIC_REPRESENTATION_CONTEXT() REPRESENTATION_CONTEXT('2D SPACE',''
  ) );
#723 = FACE_BOUND('',#724,.F.);
#724 = EDGE_LOOP('',(#725));
#725 = ORIENTED_EDGE('',*,*,#726,.T.);
#726 = EDGE_CURVE('',#727,#727,#729,.T.);
#727 = VERTEX_POINT('',#728);
#728 = CARTESIAN_POINT('',(43.4,20.,0.));
#729 = SURFACE_CURVE('',#730,(#735,#746),.PCURVE_S1.);
#730 = CIRCLE('',#731,3.4);
#731 = AXIS2_PLACEMENT_3D('',#732,#733,#734);
#732 = CARTESIAN_POINT('',(40.,20.,0.));
#733 = DIRECTION('',(0.,0.,-1.));
#734 = DIRECTION('',(1.,0.,0.));
#735 = PCURVE('',#72,#736);
#736 = DEFINITIONAL_REPRESENTATION('',(#737),#745);
#737 = ( BOUNDED_CURVE() B_SPLINE_CURVE(2,(#738,#739,#740,#741,#742,#743
,#744),.UNSPECIFIED.,.T.,.F.) B_SPLINE_CURVE_WITH_KNOTS((1,2,2,2,2,1),(
    -2.094395102393,0.,2.094395102393,4.188790204786,6.28318530718,
8.377580409573),.UNSPECIFIED.) CURVE() GEOMETRIC_REPRESENTATION_ITEM() 
RATIONAL_B_SPLINE_CURVE((1.,0.5,1.,0.5,1.,0.5,1.)) REPRESENTATION_ITEM(
  '') );
#738 = CARTESIAN_POINT('',(98.4,50.));
#739 = CARTESIAN_POINT('',(98.4,44.111027254266));
#740 = CARTESIAN_POINT('',(93.3,47.055513627133));
#741 = CARTESIAN_POINT('',(88.2,50.));
#742 = CARTESIAN_POINT('',(93.3,52.944486372867));
#743 = CARTESIAN_POINT('',(98.4,55.888972745734));
#744 = CARTESIAN_POINT('',(98.4,50.));
#745 = ( GEOMETRIC_REPRESENTATION_CONTEXT(2) 
PARAMETRIC_REPRESENTATION_CONTEXT() REPRESENTATION_CONTEXT('2D SPACE',''
  ) );
#746 = PCURVE('',#747,#752);
#747 = CYLINDRICAL_SURFACE('',#748,3.4);
#748 = AXIS2_PLACEMENT_3D('',#749,#750,#751);
#749 = CARTESIAN_POINT('',(40.,20.,-1.));
#750 = DIRECTION('',(-0.,-0.,-1.));
#751 = DIRECTION('',(1.,0.,0.));
#752 = DEFINITIONAL_REPRESENTATION('',(#753),#757);
#753 = LINE('',#754,#755);
#754 = CARTESIAN_POINT('',(-6.28318530718,-1.));
#755 = VECTOR('',#756,1.);
#756 = DIRECTION('',(1.,-0.));
#757 = ( GEOMETRIC_REPRESENTATION_CONTEXT(2) 
PARAMETRIC_REPRESENTATION_CONTEXT() REPRESENTATION_CONTEXT('2D SPACE',''
  ) );
#758 = ADVANCED_FACE('',(#759,#785),#100,.T.);
#759 = FACE_BOUND('',#760,.T.);
#760 = EDGE_LOOP('',(#761,#762,#763,#764));
#761 = ORIENTED_EDGE('',*,*,#598,.F.);
#762 = ORIENTED_EDGE('',*,*,#84,.T.);
#763 = ORIENTED_EDGE('',*,*,#487,.T.);
#764 = ORIENTED_EDGE('',*,*,#765,.F.);
#765 = EDGE_CURVE('',#576,#465,#766,.T.);
#766 = SURFACE_CURVE('',#767,(#771,#778),.PCURVE_S1.);
#767 = LINE('',#768,#769);
#768 = CARTESIAN_POINT('',(55.,30.,0.));
#769 = VECTOR('',#770,1.);
#770 = DIRECTION('',(0.,0.,1.));
#771 = PCURVE('',#100,#772);
#772 = DEFINITIONAL_REPRESENTATION('',(#773),#777);
#773 = LINE('',#774,#775);
#774 = CARTESIAN_POINT('',(0.,110.));
#775 = VECTOR('',#776,1.);
#776 = DIRECTION('',(1.,0.));
#777 = ( GEOMETRIC_REPRESENTATION_CONTEXT(2) 
PARAMETRIC_REPRESENTATION_CONTEXT() REPRESENTATION_CONTEXT('2D SPACE',''
  ) );
#778 = PCURVE('',#412,#779);
#779 = DEFINITIONAL_REPRESENTATION('',(#780),#784);
#780 = LINE('',#781,#782);
#781 = CARTESIAN_POINT('',(0.,-60.));
#782 = VECTOR('',#783,1.);
#783 = DIRECTION('',(1.,0.));
#784 = ( GEOMETRIC_REPRESENTATION_CONTEXT(2) 
PARAMETRIC_REPRESENTATION_CONTEXT() REPRESENTATION_CONTEXT('2D SPACE',''
  ) );
#785 = FACE_BOUND('',#786,.T.);
#786 = EDGE_LOOP('',(#787));
#787 = ORIENTED_EDGE('',*,*,#788,.F.);
#788 = EDGE_CURVE('',#789,#789,#791,.T.);
#789 = VERTEX_POINT('',#790);
#790 = CARTESIAN_POINT('',(5.75,30.,70.));
#791 = SURFACE_CURVE('',#792,(#797,#804),.PCURVE_S1.);
#792 = CIRCLE('',#793,5.75);
#793 = AXIS2_PLACEMENT_3D('',#794,#795,#796);
#794 = CARTESIAN_POINT('',(0.,30.,70.));
#795 = DIRECTION('',(-0.,1.,0.));
#796 = DIRECTION('',(1.,0.,0.));
#797 = PCURVE('',#100,#798);
#798 = DEFINITIONAL_REPRESENTATION('',(#799),#803);
#799 = CIRCLE('',#800,5.75);
#800 = AXIS2_PLACEMENT_2D('',#801,#802);
#801 = CARTESIAN_POINT('',(70.,55.));
#802 = DIRECTION('',(0.,1.));
#803 = ( GEOMETRIC_REPRESENTATION_CONTEXT(2) 
PARAMETRIC_REPRESENTATION_CONTEXT() REPRESENTATION_CONTEXT('2D SPACE',''
  ) );
#804 = PCURVE('',#805,#810);
#805 = CYLINDRICAL_SURFACE('',#806,5.75);
#806 = AXIS2_PLACEMENT_3D('',#807,#808,#809);
#807 = CARTESIAN_POINT('',(0.,31.,70.));
#808 = DIRECTION('',(-0.,1.,-0.));
#809 = DIRECTION('',(1.,0.,0.));
#810 = DEFINITIONAL_REPRESENTATION('',(#811),#815);
#811 = LINE('',#812,#813);
#812 = CARTESIAN_POINT('',(-6.28318530718,-1.));
#813 = VECTOR('',#814,1.);
#814 = DIRECTION('',(1.,-0.));
#815 = ( GEOMETRIC_REPRESENTATION_CONTEXT(2) 
PARAMETRIC_REPRESENTATION_CONTEXT() REPRESENTATION_CONTEXT('2D SPACE',''
  ) );
#816 = ADVANCED_FACE('',(#817),#161,.F.);
#817 = FACE_BOUND('',#818,.T.);
#818 = EDGE_LOOP('',(#819,#820,#843,#870));
#819 = ORIENTED_EDGE('',*,*,#140,.T.);
#820 = ORIENTED_EDGE('',*,*,#821,.T.);
#821 = EDGE_CURVE('',#141,#822,#824,.T.);
#822 = VERTEX_POINT('',#823);
#823 = CARTESIAN_POINT('',(-43.,16.642135623731,15.857864376269));
#824 = SEAM_CURVE('',#825,(#829,#836),.PCURVE_S1.);
#825 = LINE('',#826,#827);
#826 = CARTESIAN_POINT('',(-56.,16.642135623731,15.857864376269));
#827 = VECTOR('',#828,1.);
#828 = DIRECTION('',(1.,0.,0.));
#829 = PCURVE('',#161,#830);
#830 = DEFINITIONAL_REPRESENTATION('',(#831),#835);
#831 = LINE('',#832,#833);
#832 = CARTESIAN_POINT('',(-6.28318530718,0.));
#833 = VECTOR('',#834,1.);
#834 = DIRECTION('',(-0.,-1.));
#835 = ( GEOMETRIC_REPRESENTATION_CONTEXT(2) 
PARAMETRIC_REPRESENTATION_CONTEXT() REPRESENTATION_CONTEXT('2D SPACE',''
  ) );
#836 = PCURVE('',#161,#837);
#837 = DEFINITIONAL_REPRESENTATION('',(#838),#842);
#838 = LINE('',#839,#840);
#839 = CARTESIAN_POINT('',(-0.,0.));
#840 = VECTOR('',#841,1.);
#841 = DIRECTION('',(-0.,-1.));
#842 = ( GEOMETRIC_REPRESENTATION_CONTEXT(2) 
PARAMETRIC_REPRESENTATION_CONTEXT() REPRESENTATION_CONTEXT('2D SPACE',''
  ) );
#843 = ORIENTED_EDGE('',*,*,#844,.T.);
#844 = EDGE_CURVE('',#822,#822,#845,.T.);
#845 = SURFACE_CURVE('',#846,(#851,#858),.PCURVE_S1.);
#846 = CIRCLE('',#847,2.5);
#847 = AXIS2_PLACEMENT_3D('',#848,#849,#850);
#848 = CARTESIAN_POINT('',(-43.,14.142135623731,15.857864376269));
#849 = DIRECTION('',(1.,0.,0.));
#850 = DIRECTION('',(0.,1.,0.));
#851 = PCURVE('',#161,#852);
#852 = DEFINITIONAL_REPRESENTATION('',(#853),#857);
#853 = LINE('',#854,#855);
#854 = CARTESIAN_POINT('',(-0.,-13.));
#855 = VECTOR('',#856,1.);
#856 = DIRECTION('',(-1.,0.));
#857 = ( GEOMETRIC_REPRESENTATION_CONTEXT(2) 
PARAMETRIC_REPRESENTATION_CONTEXT() REPRESENTATION_CONTEXT('2D SPACE',''
  ) );
#858 = PCURVE('',#859,#864);
#859 = PLANE('',#860);
#860 = AXIS2_PLACEMENT_3D('',#861,#862,#863);
#861 = CARTESIAN_POINT('',(-43.,14.142135623731,15.857864376269));
#862 = DIRECTION('',(1.,0.,0.));
#863 = DIRECTION('',(-0.,0.,1.));
#864 = DEFINITIONAL_REPRESENTATION('',(#865),#869);
#865 = CIRCLE('',#866,2.5);
#866 = AXIS2_PLACEMENT_2D('',#867,#868);
#867 = CARTESIAN_POINT('',(-1.7763568394E-15,0.));
#868 = DIRECTION('',(0.,-1.));
#869 = ( GEOMETRIC_REPRESENTATION_CONTEXT(2) 
PARAMETRIC_REPRESENTATION_CONTEXT() REPRESENTATION_CONTEXT('2D SPACE',''
  ) );
#870 = ORIENTED_EDGE('',*,*,#821,.F.);
#871 = ADVANCED_FACE('',(#872),#196,.F.);
#872 = FACE_BOUND('',#873,.T.);
#873 = EDGE_LOOP('',(#874,#875,#898,#925));
#874 = ORIENTED_EDGE('',*,*,#175,.T.);
#875 = ORIENTED_EDGE('',*,*,#876,.T.);
#876 = EDGE_CURVE('',#176,#877,#879,.T.);
#877 = VERTEX_POINT('',#878);
#878 = CARTESIAN_POINT('',(-43.,16.642135623731,44.142135623731));
#879 = SEAM_CURVE('',#880,(#884,#891),.PCURVE_S1.);
#880 = LINE('',#881,#882);
#881 = CARTESIAN_POINT('',(-56.,16.642135623731,44.142135623731));
#882 = VECTOR('',#883,1.);
#883 = DIRECTION('',(1.,0.,0.));
#884 = PCURVE('',#196,#885);
#885 = DEFINITIONAL_REPRESENTATION('',(#886),#890);
#886 = LINE('',#887,#888);
#887 = CARTESIAN_POINT('',(-6.28318530718,0.));
#888 = VECTOR('',#889,1.);
#889 = DIRECTION('',(-0.,-1.));
#890 = ( GEOMETRIC_REPRESENTATION_CONTEXT(2) 
PARAMETRIC_REPRESENTATION_CONTEXT() REPRESENTATION_CONTEXT('2D SPACE',''
  ) );
#891 = PCURVE('',#196,#892);
#892 = DEFINITIONAL_REPRESENTATION('',(#893),#897);
#893 = LINE('',#894,#895);
#894 = CARTESIAN_POINT('',(-0.,0.));
#895 = VECTOR('',#896,1.);
#896 = DIRECTION('',(-0.,-1.));
#897 = ( GEOMETRIC_REPRESENTATION_CONTEXT(2) 
PARAMETRIC_REPRESENTATION_CONTEXT() REPRESENTATION_CONTEXT('2D SPACE',''
  ) );
#898 = ORIENTED_EDGE('',*,*,#899,.T.);
#899 = EDGE_CURVE('',#877,#877,#900,.T.);
#900 = SURFACE_CURVE('',#901,(#906,#913),.PCURVE_S1.);
#901 = CIRCLE('',#902,2.5);
#902 = AXIS2_PLACEMENT_3D('',#903,#904,#905);
#903 = CARTESIAN_POINT('',(-43.,14.142135623731,44.142135623731));
#904 = DIRECTION('',(1.,0.,0.));
#905 = DIRECTION('',(0.,1.,0.));
#906 = PCURVE('',#196,#907);
#907 = DEFINITIONAL_REPRESENTATION('',(#908),#912);
#908 = LINE('',#909,#910);
#909 = CARTESIAN_POINT('',(-0.,-13.));
#910 = VECTOR('',#911,1.);
#911 = DIRECTION('',(-1.,0.));
#912 = ( GEOMETRIC_REPRESENTATION_CONTEXT(2) 
PARAMETRIC_REPRESENTATION_CONTEXT() REPRESENTATION_CONTEXT('2D SPACE',''
  ) );
#913 = PCURVE('',#914,#919);
#914 = PLANE('',#915);
#915 = AXIS2_PLACEMENT_3D('',#916,#917,#918);
#916 = CARTESIAN_POINT('',(-43.,14.142135623731,44.142135623731));
#917 = DIRECTION('',(1.,0.,0.));
#918 = DIRECTION('',(-0.,0.,1.));
#919 = DEFINITIONAL_REPRESENTATION('',(#920),#924);
#920 = CIRCLE('',#921,2.5);
#921 = AXIS2_PLACEMENT_2D('',#922,#923);
#922 = CARTESIAN_POINT('',(7.105427357601E-15,-1.7763568394E-15));
#923 = DIRECTION('',(0.,-1.));
#924 = ( GEOMETRIC_REPRESENTATION_CONTEXT(2) 
PARAMETRIC_REPRESENTATION_CONTEXT() REPRESENTATION_CONTEXT('2D SPACE',''
  ) );
#925 = ORIENTED_EDGE('',*,*,#876,.F.);
#926 = ADVANCED_FACE('',(#927,#980,#1175),#231,.F.);
#927 = FACE_BOUND('',#928,.T.);
#928 = EDGE_LOOP('',(#929,#930,#953,#979));
#929 = ORIENTED_EDGE('',*,*,#210,.T.);
#930 = ORIENTED_EDGE('',*,*,#931,.T.);
#931 = EDGE_CURVE('',#211,#932,#934,.T.);
#932 = VERTEX_POINT('',#933);
#933 = CARTESIAN_POINT('',(55.,10.,30.));
#934 = SEAM_CURVE('',#935,(#939,#946),.PCURVE_S1.);
#935 = LINE('',#936,#937);
#936 = CARTESIAN_POINT('',(-56.,10.,30.));
#937 = VECTOR('',#938,1.);
#938 = DIRECTION('',(1.,0.,0.));
#939 = PCURVE('',#231,#940);
#940 = DEFINITIONAL_REPRESENTATION('',(#941),#945);
#941 = LINE('',#942,#943);
#942 = CARTESIAN_POINT('',(-6.28318530718,0.));
#943 = VECTOR('',#944,1.);
#944 = DIRECTION('',(-0.,-1.));
#945 = ( GEOMETRIC_REPRESENTATION_CONTEXT(2) 
PARAMETRIC_REPRESENTATION_CONTEXT() REPRESENTATION_CONTEXT('2D SPACE',''
  ) );
#946 = PCURVE('',#231,#947);
#947 = DEFINITIONAL_REPRESENTATION('',(#948),#952);
#948 = LINE('',#949,#950);
#949 = CARTESIAN_POINT('',(-0.,0.));
#950 = VECTOR('',#951,1.);
#951 = DIRECTION('',(-0.,-1.));
#952 = ( GEOMETRIC_REPRESENTATION_CONTEXT(2) 
PARAMETRIC_REPRESENTATION_CONTEXT() REPRESENTATION_CONTEXT('2D SPACE',''
  ) );
#953 = ORIENTED_EDGE('',*,*,#954,.F.);
#954 = EDGE_CURVE('',#932,#932,#955,.T.);
#955 = SURFACE_CURVE('',#956,(#961,#968),.PCURVE_S1.);
#956 = CIRCLE('',#957,10.);
#957 = AXIS2_PLACEMENT_3D('',#958,#959,#960);
#958 = CARTESIAN_POINT('',(55.,0.,30.));
#959 = DIRECTION('',(-1.,0.,0.));
#960 = DIRECTION('',(0.,1.,0.));
#961 = PCURVE('',#231,#962);
#962 = DEFINITIONAL_REPRESENTATION('',(#963),#967);
#963 = LINE('',#964,#965);
#964 = CARTESIAN_POINT('',(-6.28318530718,-111.));
#965 = VECTOR('',#966,1.);
#966 = DIRECTION('',(1.,-0.));
#967 = ( GEOMETRIC_REPRESENTATION_CONTEXT(2) 
PARAMETRIC_REPRESENTATION_CONTEXT() REPRESENTATION_CONTEXT('2D SPACE',''
  ) );
#968 = PCURVE('',#412,#969);
#969 = DEFINITIONAL_REPRESENTATION('',(#970),#978);
#970 = ( BOUNDED_CURVE() B_SPLINE_CURVE(2,(#971,#972,#973,#974,#975,#976
,#977),.UNSPECIFIED.,.T.,.F.) B_SPLINE_CURVE_WITH_KNOTS((1,2,2,2,2,1),(
    -2.094395102393,0.,2.094395102393,4.188790204786,6.28318530718,
8.377580409573),.UNSPECIFIED.) CURVE() GEOMETRIC_REPRESENTATION_ITEM() 
RATIONAL_B_SPLINE_CURVE((1.,0.5,1.,0.5,1.,0.5,1.)) REPRESENTATION_ITEM(
  '') );
#971 = CARTESIAN_POINT('',(30.,-40.));
#972 = CARTESIAN_POINT('',(12.679491924311,-40.));
#973 = CARTESIAN_POINT('',(21.339745962156,-25.));
#974 = CARTESIAN_POINT('',(30.,-10.));
#975 = CARTESIAN_POINT('',(38.660254037844,-25.));
#976 = CARTESIAN_POINT('',(47.320508075689,-40.));
#977 = CARTESIAN_POINT('',(30.,-40.));
#978 = ( GEOMETRIC_REPRESENTATION_CONTEXT(2) 
PARAMETRIC_REPRESENTATION_CONTEXT() REPRESENTATION_CONTEXT('2D SPACE',''
  ) );
#979 = ORIENTED_EDGE('',*,*,#931,.F.);
#980 = FACE_BOUND('',#981,.T.);
#981 = EDGE_LOOP('',(#982));
#982 = ORIENTED_EDGE('',*,*,#983,.T.);
#983 = EDGE_CURVE('',#984,#984,#986,.T.);
#984 = VERTEX_POINT('',#985);
#985 = CARTESIAN_POINT('',(43.,0.,40.));
#986 = SURFACE_CURVE('',#987,(#1046,#1108),.PCURVE_S1.);
#987 = B_SPLINE_CURVE_WITH_KNOTS('',8,(#988,#989,#990,#991,#992,#993,
    #994,#995,#996,#997,#998,#999,#1000,#1001,#1002,#1003,#1004,#1005,
    #1006,#1007,#1008,#1009,#1010,#1011,#1012,#1013,#1014,#1015,#1016,
    #1017,#1018,#1019,#1020,#1021,#1022,#1023,#1024,#1025,#1026,#1027,
    #1028,#1029,#1030,#1031,#1032,#1033,#1034,#1035,#1036,#1037,#1038,
    #1039,#1040,#1041,#1042,#1043,#1044,#1045),.UNSPECIFIED.,.T.,.F.,(9,
    7,7,7,7,7,7,7,9),(0.,9.540137920728E-02,0.16669377676,0.343761611171
    ,0.434296464839,0.535132915424,0.729655337148,0.851228452176,1.),
  .UNSPECIFIED.);
#988 = CARTESIAN_POINT('',(43.,0.,40.));
#989 = CARTESIAN_POINT('',(43.,0.312050401822,40.));
#990 = CARTESIAN_POINT('',(42.962905020526,0.616955980581,39.98887097216
    ));
#991 = CARTESIAN_POINT('',(42.891685199882,0.909728179468,
    39.967507192217));
#992 = CARTESIAN_POINT('',(42.789976926613,1.185994667508,
    39.937692349784));
#993 = CARTESIAN_POINT('',(42.66211287315,1.44205640488,39.901859619498)
  );
#994 = CARTESIAN_POINT('',(42.513159983385,1.675013628769,
    39.862727422858));
#995 = CARTESIAN_POINT('',(42.348954499459,1.882937447045,
    39.822891330553));
#996 = CARTESIAN_POINT('',(42.046968125837,2.201164685674,
    39.755727682535));
#997 = CARTESIAN_POINT('',(41.910901853944,2.32506600592,39.727317547585
    ));
#998 = CARTESIAN_POINT('',(41.769064619732,2.437051146424,
    39.699845187884));
#999 = CARTESIAN_POINT('',(41.622404082599,2.537416277583,
    39.673831169375));
#1000 = CARTESIAN_POINT('',(41.471705767975,2.626449653128,
    39.649704478467));
#1001 = CARTESIAN_POINT('',(41.317622598637,2.704412218714,
    39.627814056283));
#1002 = CARTESIAN_POINT('',(41.160703428332,2.771519457583,
    39.608440974975));
#1003 = CARTESIAN_POINT('',(40.605812204467,2.968016745688,
    39.550508278519));
#1004 = CARTESIAN_POINT('',(40.196978684271,3.04161167168,
    39.526269220593));
#1005 = CARTESIAN_POINT('',(39.782800585033,3.051693431399,
    39.522389895864));
#1006 = CARTESIAN_POINT('',(39.369340590824,2.998912806093,
    39.539930846226));
#1007 = CARTESIAN_POINT('',(38.962968314566,2.882330456397,
    39.578088278323));
#1008 = CARTESIAN_POINT('',(38.57131336109,2.699579609477,39.6338866104)
  );
#1009 = CARTESIAN_POINT('',(38.204487220968,2.447127908087,
    39.701686318875));
#1010 = CARTESIAN_POINT('',(37.712094120017,1.954734807136,
    39.808571261976));
#1011 = CARTESIAN_POINT('',(37.560414329242,1.773153631251,
    39.844589320368));
#1012 = CARTESIAN_POINT('',(37.425268629535,1.578177412947,
    39.879096121196));
#1013 = CARTESIAN_POINT('',(37.308033187867,1.371595285004,
    39.910761370663));
#1014 = CARTESIAN_POINT('',(37.209834806088,1.155340115886,
    39.938401233824));
#1015 = CARTESIAN_POINT('',(37.131549674852,0.931451678078,
    39.961057423796));
#1016 = CARTESIAN_POINT('',(37.073798068113,0.702047784801,
    39.978046824359));
#1017 = CARTESIAN_POINT('',(36.995877385561,0.210075957313,
    40.001160696937));
#1018 = CARTESIAN_POINT('',(36.980468653834,-5.495848040869E-02,
    40.00590697936));
#1019 = CARTESIAN_POINT('',(36.992084661721,-0.320976357114,
    40.00242904379));
#1020 = CARTESIAN_POINT('',(37.030610046348,-0.582973423795,
    39.990678054395));
#1021 = CARTESIAN_POINT('',(37.094517790724,-0.836052059436,
    39.971479078078));
#1022 = CARTESIAN_POINT('',(37.18087777528,-1.07569665147,
    39.946409407429));
#1023 = CARTESIAN_POINT('',(37.285313200631,-1.298024536857,
    39.917502981284));
#1024 = CARTESIAN_POINT('',(37.626875915066,-1.889628512229,
    39.827746884196));
#1025 = CARTESIAN_POINT('',(37.905024916456,-2.217179217727,
    39.76009907218));
#1026 = CARTESIAN_POINT('',(38.218098027062,-2.483567465347,
    39.693365180536));
#1027 = CARTESIAN_POINT('',(38.554312785464,-2.692150367376,
    39.634499441121));
#1028 = CARTESIAN_POINT('',(38.905517693435,-2.846243133488,
    39.587743052397));
#1029 = CARTESIAN_POINT('',(39.266089223682,-2.948434068889,
    39.55560941572));
#1030 = CARTESIAN_POINT('',(39.632087248919,-3.,39.539392014169));
#1031 = CARTESIAN_POINT('',(40.229939041529,-3.,39.539392014169));
#1032 = CARTESIAN_POINT('',(40.459679254548,-2.979858671934,
    39.545726387136));
#1033 = CARTESIAN_POINT('',(40.688090347562,-2.939634898386,
    39.558375594981));
#1034 = CARTESIAN_POINT('',(40.913999053637,-2.879191728063,
    39.57712280459));
#1035 = CARTESIAN_POINT('',(41.136124151828,-2.798219836068,
    39.601544580269));
#1036 = CARTESIAN_POINT('',(41.352988418164,-2.69626474633,
    39.630989887314));
#1037 = CARTESIAN_POINT('',(41.56280750616,-2.572757816188,
    39.664547406715));
#1038 = CARTESIAN_POINT('',(42.008770819787,-2.248746502908,
    39.745610377783));
#1039 = CARTESIAN_POINT('',(42.247409936065,-2.032033985867,
    39.795849048768));
#1040 = CARTESIAN_POINT('',(42.469115479866,-1.775746320049,
    39.849080454573));
#1041 = CARTESIAN_POINT('',(42.66421770652,-1.480883839597,
    39.901203554956));
#1042 = CARTESIAN_POINT('',(42.823539412953,-1.150362644051,
    39.94706249562));
#1043 = CARTESIAN_POINT('',(42.938297228871,-0.788791310175,
    39.98148903793));
#1044 = CARTESIAN_POINT('',(43.,-0.402455410774,40.));
#1045 = CARTESIAN_POINT('',(43.,0.,40.));
#1046 = PCURVE('',#231,#1047);
#1047 = DEFINITIONAL_REPRESENTATION('',(#1048),#1107);
#1048 = B_SPLINE_CURVE_WITH_KNOTS('',8,(#1049,#1050,#1051,#1052,#1053,
    #1054,#1055,#1056,#1057,#1058,#1059,#1060,#1061,#1062,#1063,#1064,
    #1065,#1066,#1067,#1068,#1069,#1070,#1071,#1072,#1073,#1074,#1075,
    #1076,#1077,#1078,#1079,#1080,#1081,#1082,#1083,#1084,#1085,#1086,
    #1087,#1088,#1089,#1090,#1091,#1092,#1093,#1094,#1095,#1096,#1097,
    #1098,#1099,#1100,#1101,#1102,#1103,#1104,#1105,#1106),
  .UNSPECIFIED.,.T.,.F.,(9,7,7,7,7,7,7,7,9),(0.,9.540137920728E-02,
    0.16669377676,0.343761611171,0.434296464839,0.535132915424,
    0.729655337148,0.851228452176,1.),.UNSPECIFIED.);
#1049 = CARTESIAN_POINT('',(-1.570796326795,-99.));
#1050 = CARTESIAN_POINT('',(-1.539591286613,-99.));
#1051 = CARTESIAN_POINT('',(-1.509100697767,-98.96290502052));
#1052 = CARTESIAN_POINT('',(-1.479777303861,-98.89168519988));
#1053 = CARTESIAN_POINT('',(-1.45202042686,-98.78997692661));
#1054 = CARTESIAN_POINT('',(-1.426185605528,-98.66211287315));
#1055 = CARTESIAN_POINT('',(-1.402573979002,-98.51315998338));
#1056 = CARTESIAN_POINT('',(-1.381407156164,-98.34895449945));
#1057 = CARTESIAN_POINT('',(-1.34888339085,-98.04696812583));
#1058 = CARTESIAN_POINT('',(-1.33617363534,-97.91090185394));
#1059 = CARTESIAN_POINT('',(-1.324645085064,-97.76906461973));
#1060 = CARTESIAN_POINT('',(-1.314278366772,-97.62240408259));
#1061 = CARTESIAN_POINT('',(-1.305054747035,-97.47170576797));
#1062 = CARTESIAN_POINT('',(-1.296957375431,-97.31762259863));
#1063 = CARTESIAN_POINT('',(-1.28997271775,-97.16070342833));
#1064 = CARTESIAN_POINT('',(-1.26948677585,-96.60581220446));
#1065 = CARTESIAN_POINT('',(-1.261742216927,-96.19697868427));
#1066 = CARTESIAN_POINT('',(-1.260660810462,-95.78280058503));
#1067 = CARTESIAN_POINT('',(-1.26622371286,-95.36934059082));
#1068 = CARTESIAN_POINT('',(-1.2784924744,-94.96296831456));
#1069 = CARTESIAN_POINT('',(-1.297591806009,-94.57131336108));
#1070 = CARTESIAN_POINT('',(-1.323700663975,-94.20448722096));
#1071 = CARTESIAN_POINT('',(-1.374086709357,-93.71209412001));
#1072 = CARTESIAN_POINT('',(-1.392595647122,-93.56041432924));
#1073 = CARTESIAN_POINT('',(-1.412389016967,-93.42526862953));
#1074 = CARTESIAN_POINT('',(-1.433276894746,-93.30803318786));
#1075 = CARTESIAN_POINT('',(-1.455064057993,-93.20983480608));
#1076 = CARTESIAN_POINT('',(-1.477553758358,-93.13154967485));
#1077 = CARTESIAN_POINT('',(-1.500548631323,-93.07379806811));
#1078 = CARTESIAN_POINT('',(-1.549800081063,-92.99587738556));
#1079 = CARTESIAN_POINT('',(-1.576296622217,-92.98046865383));
#1080 = CARTESIAN_POINT('',(-1.602879308477,-92.99208466172));
#1081 = CARTESIAN_POINT('',(-1.629079756333,-93.03061004634));
#1082 = CARTESIAN_POINT('',(-1.654438631566,-93.09451779072));
#1083 = CARTESIAN_POINT('',(-1.678521105997,-93.18087777528));
#1084 = CARTESIAN_POINT('',(-1.700935923144,-93.28531320063));
#1085 = CARTESIAN_POINT('',(-1.760773321202,-93.62687591506));
#1086 = CARTESIAN_POINT('',(-1.794172482191,-93.90502491645));
#1087 = CARTESIAN_POINT('',(-1.821604416801,-94.21809802706));
#1088 = CARTESIAN_POINT('',(-1.843269222794,-94.55431278546));
#1089 = CARTESIAN_POINT('',(-1.859370801017,-94.90551769343));
#1090 = CARTESIAN_POINT('',(-1.870083419964,-95.26608922368));
#1091 = CARTESIAN_POINT('',(-1.87548898081,-95.63208724891));
#1092 = CARTESIAN_POINT('',(-1.87548898081,-96.22993904152));
#1093 = CARTESIAN_POINT('',(-1.873377577382,-96.45967925454));
#1094 = CARTESIAN_POINT('',(-1.869161026768,-96.68809034756));
#1095 = CARTESIAN_POINT('',(-1.862832688454,-96.91399905363));
#1096 = CARTESIAN_POINT('',(-1.854375776513,-97.13612415182));
#1097 = CARTESIAN_POINT('',(-1.843765337594,-97.35298841816));
#1098 = CARTESIAN_POINT('',(-1.83096945556,-97.56280750616));
#1099 = CARTESIAN_POINT('',(-1.797569674661,-98.00877081978));
#1100 = CARTESIAN_POINT('',(-1.775327079303,-98.24740993606));
#1101 = CARTESIAN_POINT('',(-1.749163160089,-98.46911547986));
#1102 = CARTESIAN_POINT('',(-1.719248487585,-98.66421770652));
#1103 = CARTESIAN_POINT('',(-1.685931963226,-98.82353941295));
#1104 = CARTESIAN_POINT('',(-1.649675450347,-98.93829722887));
#1105 = CARTESIAN_POINT('',(-1.611041867872,-99.));
#1106 = CARTESIAN_POINT('',(-1.570796326795,-99.));
#1107 = ( GEOMETRIC_REPRESENTATION_CONTEXT(2) 
PARAMETRIC_REPRESENTATION_CONTEXT() REPRESENTATION_CONTEXT('2D SPACE',''
  ) );
#1108 = PCURVE('',#1109,#1114);
#1109 = CYLINDRICAL_SURFACE('',#1110,3.);
#1110 = AXIS2_PLACEMENT_3D('',#1111,#1112,#1113);
#1111 = CARTESIAN_POINT('',(40.,0.,55.));
#1112 = DIRECTION('',(0.,0.,1.));
#1113 = DIRECTION('',(1.,0.,0.));
#1114 = DEFINITIONAL_REPRESENTATION('',(#1115),#1174);
#1115 = B_SPLINE_CURVE_WITH_KNOTS('',8,(#1116,#1117,#1118,#1119,#1120,
    #1121,#1122,#1123,#1124,#1125,#1126,#1127,#1128,#1129,#1130,#1131,
    #1132,#1133,#1134,#1135,#1136,#1137,#1138,#1139,#1140,#1141,#1142,
    #1143,#1144,#1145,#1146,#1147,#1148,#1149,#1150,#1151,#1152,#1153,
    #1154,#1155,#1156,#1157,#1158,#1159,#1160,#1161,#1162,#1163,#1164,
    #1165,#1166,#1167,#1168,#1169,#1170,#1171,#1172,#1173),
  .UNSPECIFIED.,.F.,.F.,(9,7,7,7,7,7,7,7,9),(0.,9.540137920728E-02,
    0.16669377676,0.343761611171,0.434296464839,0.535132915424,
    0.729655337148,0.851228452176,1.),.UNSPECIFIED.);
#1116 = CARTESIAN_POINT('',(0.,-15.));
#1117 = CARTESIAN_POINT('',(0.104016800607,-15.));
#1118 = CARTESIAN_POINT('',(0.20565192117,-15.01112902784));
#1119 = CARTESIAN_POINT('',(0.304957782832,-15.03249280778));
#1120 = CARTESIAN_POINT('',(0.40186146216,-15.06230765021));
#1121 = CARTESIAN_POINT('',(0.496176215043,-15.0981403805));
#1122 = CARTESIAN_POINT('',(0.587573774413,-15.13727257714));
#1123 = CARTESIAN_POINT('',(0.675525220787,-15.17710866944));
#1124 = CARTESIAN_POINT('',(0.8217610825,-15.24427231746));
#1125 = CARTESIAN_POINT('',(0.882940074502,-15.27268245241));
#1126 = CARTESIAN_POINT('',(0.942934402313,-15.30015481211));
#1127 = CARTESIAN_POINT('',(1.001903665563,-15.32616883062));
#1128 = CARTESIAN_POINT('',(1.059996976875,-15.35029552153));
#1129 = CARTESIAN_POINT('',(1.117358887135,-15.37218594371));
#1130 = CARTESIAN_POINT('',(1.174132121003,-15.39155902502));
#1131 = CARTESIAN_POINT('',(1.37035066542,-15.44949172148));
#1132 = CARTESIAN_POINT('',(1.507001531404,-15.4737307794));
#1133 = CARTESIAN_POINT('',(1.642430176456,-15.47761010413));
#1134 = CARTESIAN_POINT('',(1.77819222533,-15.46006915377));
#1135 = CARTESIAN_POINT('',(1.915738494902,-15.42191172167));
#1136 = CARTESIAN_POINT('',(2.056641042084,-15.3661133896));
#1137 = CARTESIAN_POINT('',(2.202607331366,-15.29831368112));
#1138 = CARTESIAN_POINT('',(2.434723665161,-15.19142873802));
#1139 = CARTESIAN_POINT('',(2.513273887409,-15.15541067963));
#1140 = CARTESIAN_POINT('',(2.591822685045,-15.1209038788));
#1141 = CARTESIAN_POINT('',(2.670362467909,-15.08923862933));
#1142 = CARTESIAN_POINT('',(2.748895001114,-15.06159876617));
#1143 = CARTESIAN_POINT('',(2.827426664066,-15.0389425762));
#1144 = CARTESIAN_POINT('',(2.905964494986,-15.02195317564));
#1145 = CARTESIAN_POINT('',(3.071999267719,-14.99883930306));
#1146 = CARTESIAN_POINT('',(3.160059721119,-14.99409302064));
#1147 = CARTESIAN_POINT('',(3.248055936025,-14.99757095621));
#1148 = CARTESIAN_POINT('',(3.33542057284,-15.0093219456));
#1149 = CARTESIAN_POINT('',(3.42157653357,-15.02852092192));
#1150 = CARTESIAN_POINT('',(3.505864428439,-15.05359059257));
#1151 = CARTESIAN_POINT('',(3.587451037178,-15.08249701871));
#1152 = CARTESIAN_POINT('',(3.815159513467,-15.1722531158));
#1153 = CARTESIAN_POINT('',(3.956074144849,-15.23990092782));
#1154 = CARTESIAN_POINT('',(4.090287473613,-15.30663481946));
#1155 = CARTESIAN_POINT('',(4.21936579364,-15.36550055887));
#1156 = CARTESIAN_POINT('',(4.34475418112,-15.4122569476));
#1157 = CARTESIAN_POINT('',(4.467751350848,-15.44439058428));
#1158 = CARTESIAN_POINT('',(4.589751396691,-15.46060798583));
#1159 = CARTESIAN_POINT('',(4.789035327561,-15.46060798583));
#1160 = CARTESIAN_POINT('',(4.86561594072,-15.45427361286));
#1161 = CARTESIAN_POINT('',(4.94243773179,-15.44162440501));
#1162 = CARTESIAN_POINT('',(5.019794814115,-15.42287719541));
#1163 = CARTESIAN_POINT('',(5.097979336679,-15.39845541973));
#1164 = CARTESIAN_POINT('',(5.177295547696,-15.36901011268));
#1165 = CARTESIAN_POINT('',(5.258077087551,-15.33545259328));
#1166 = CARTESIAN_POINT('',(5.441824077922,-15.25438962221));
#1167 = CARTESIAN_POINT('',(5.548638786526,-15.20415095123));
#1168 = CARTESIAN_POINT('',(5.660214940142,-15.15091954542));
#1169 = CARTESIAN_POINT('',(5.776075960554,-15.09879644504));
#1170 = CARTESIAN_POINT('',(5.89605329743,-15.05293750438));
#1171 = CARTESIAN_POINT('',(6.020254659883,-15.01851096207));
#1172 = CARTESIAN_POINT('',(6.149033503588,-15.));
#1173 = CARTESIAN_POINT('',(6.28318530718,-15.));
#1174 = ( GEOMETRIC_REPRESENTATION_CONTEXT(2) 
PARAMETRIC_REPRESENTATION_CONTEXT() REPRESENTATION_CONTEXT('2D SPACE',''
  ) );
#1175 = FACE_BOUND('',#1176,.T.);
#1176 = EDGE_LOOP('',(#1177));
#1177 = ORIENTED_EDGE('',*,*,#1178,.T.);
#1178 = EDGE_CURVE('',#1179,#1179,#1181,.T.);
#1179 = VERTEX_POINT('',#1180);
#1180 = CARTESIAN_POINT('',(-37.,0.,40.));
#1181 = SURFACE_CURVE('',#1182,(#1241,#1303),.PCURVE_S1.);
#1182 = B_SPLINE_CURVE_WITH_KNOTS('',8,(#1183,#1184,#1185,#1186,#1187,
    #1188,#1189,#1190,#1191,#1192,#1193,#1194,#1195,#1196,#1197,#1198,
    #1199,#1200,#1201,#1202,#1203,#1204,#1205,#1206,#1207,#1208,#1209,
    #1210,#1211,#1212,#1213,#1214,#1215,#1216,#1217,#1218,#1219,#1220,
    #1221,#1222,#1223,#1224,#1225,#1226,#1227,#1228,#1229,#1230,#1231,
    #1232,#1233,#1234,#1235,#1236,#1237,#1238,#1239,#1240),
  .UNSPECIFIED.,.T.,.F.,(9,7,7,7,7,7,7,7,9),(0.,9.540137661925E-02,
    0.166693772238,0.343761601853,0.434296453065,0.535132902769,
    0.729655326612,0.851228445156,1.),.UNSPECIFIED.);
#1183 = CARTESIAN_POINT('',(-37.,0.,40.));
#1184 = CARTESIAN_POINT('',(-37.,0.312050401822,40.));
#1185 = CARTESIAN_POINT('',(-37.03709497947,0.616955980581,
    39.98887097216));
#1186 = CARTESIAN_POINT('',(-37.10831480011,0.909728179469,
    39.967507192217));
#1187 = CARTESIAN_POINT('',(-37.21002307338,1.185994667508,
    39.937692349784));
#1188 = CARTESIAN_POINT('',(-37.33788712684,1.44205640488,
    39.901859619498));
#1189 = CARTESIAN_POINT('',(-37.48684001661,1.675013628769,
    39.862727422858));
#1190 = CARTESIAN_POINT('',(-37.65104550054,1.882937447045,
    39.822891330553));
#1191 = CARTESIAN_POINT('',(-37.95303187416,2.201164685674,
    39.755727682535));
#1192 = CARTESIAN_POINT('',(-38.08909814605,2.32506600592,
    39.727317547585));
#1193 = CARTESIAN_POINT('',(-38.23093538026,2.437051146424,
    39.699845187884));
#1194 = CARTESIAN_POINT('',(-38.3775959174,2.537416277583,
    39.673831169375));
#1195 = CARTESIAN_POINT('',(-38.52829423202,2.626449653128,
    39.649704478467));
#1196 = CARTESIAN_POINT('',(-38.68237740136,2.704412218714,
    39.627814056283));
#1197 = CARTESIAN_POINT('',(-38.83929657166,2.771519457583,
    39.608440974975));
#1198 = CARTESIAN_POINT('',(-39.39418779555,2.968016745694,
    39.550508278517));
#1199 = CARTESIAN_POINT('',(-39.80302131566,3.041611671651,
    39.526269220601));
#1200 = CARTESIAN_POINT('',(-40.21719941504,3.051693431467,
    39.522389895847));
#1201 = CARTESIAN_POINT('',(-40.63065940915,2.998912805987,
    39.539930846251));
#1202 = CARTESIAN_POINT('',(-41.03703168537,2.882330456507,
    39.578088278298));
#1203 = CARTESIAN_POINT('',(-41.42868663896,2.699579609409,
    39.633886610415));
#1204 = CARTESIAN_POINT('',(-41.79551277901,2.447127908108,
    39.70168631887));
#1205 = CARTESIAN_POINT('',(-42.28790587998,1.954734807136,
    39.808571261976));
#1206 = CARTESIAN_POINT('',(-42.43958567075,1.773153631251,
    39.844589320368));
#1207 = CARTESIAN_POINT('',(-42.57473137046,1.578177412947,
    39.879096121196));
#1208 = CARTESIAN_POINT('',(-42.69196681213,1.371595285004,
    39.910761370663));
#1209 = CARTESIAN_POINT('',(-42.79016519391,1.155340115886,
    39.938401233824));
#1210 = CARTESIAN_POINT('',(-42.86845032514,0.931451678078,
    39.961057423796));
#1211 = CARTESIAN_POINT('',(-42.92620193188,0.702047784801,
    39.978046824359));
#1212 = CARTESIAN_POINT('',(-43.00412261519,0.21007595254,
    40.001160697161));
#1213 = CARTESIAN_POINT('',(-43.01953134402,-5.495847198435E-02,
    40.00590697876));
#1214 = CARTESIAN_POINT('',(-43.00791534131,-0.320976357956,
    40.002429044608));
#1215 = CARTESIAN_POINT('',(-42.9693899524,-0.582973430774,
    39.990678054073));
#1216 = CARTESIAN_POINT('',(-42.90548220622,-0.836052058594,
    39.971479077252));
#1217 = CARTESIAN_POINT('',(-42.81912222952,-1.075696644945,
    39.946409408711));
#1218 = CARTESIAN_POINT('',(-42.71468679708,-1.298024540821,
    39.917502980683));
#1219 = CARTESIAN_POINT('',(-42.37312408493,-1.889628512228,
    39.827746884196));
#1220 = CARTESIAN_POINT('',(-42.09497508354,-2.217179217728,
    39.76009907218));
#1221 = CARTESIAN_POINT('',(-41.78190197294,-2.483567465345,
    39.693365180536));
#1222 = CARTESIAN_POINT('',(-41.44568721453,-2.692150367378,
    39.634499441121));
#1223 = CARTESIAN_POINT('',(-41.09448230656,-2.846243133486,
    39.587743052397));
#1224 = CARTESIAN_POINT('',(-40.73391077631,-2.948434068889,
    39.55560941572));
#1225 = CARTESIAN_POINT('',(-40.36791275108,-3.,39.539392014169));
#1226 = CARTESIAN_POINT('',(-39.77006095432,-3.,39.539392014169));
#1227 = CARTESIAN_POINT('',(-39.5403207524,-2.979858673617,
    39.545726386695));
#1228 = CARTESIAN_POINT('',(-39.31190965262,-2.939634897173,
    39.558375595291));
#1229 = CARTESIAN_POINT('',(-39.08600093994,-2.879191725893,
    39.577122805158));
#1230 = CARTESIAN_POINT('',(-38.86387584792,-2.798219837267,
    39.601544579972));
#1231 = CARTESIAN_POINT('',(-38.64701158856,-2.696264749284,
    39.630989886553));
#1232 = CARTESIAN_POINT('',(-38.43719249017,-2.572757813527,
    39.664547407381));
#1233 = CARTESIAN_POINT('',(-37.99122918021,-2.248746502908,
    39.745610377783));
#1234 = CARTESIAN_POINT('',(-37.75259006393,-2.032033985866,
    39.795849048768));
#1235 = CARTESIAN_POINT('',(-37.53088452014,-1.775746320051,
    39.849080454573));
#1236 = CARTESIAN_POINT('',(-37.33578229347,-1.480883839595,
    39.901203554957));
#1237 = CARTESIAN_POINT('',(-37.17646058705,-1.150362644052,
    39.94706249562));
#1238 = CARTESIAN_POINT('',(-37.06170277112,-0.788791310175,
    39.981489037931));
#1239 = CARTESIAN_POINT('',(-37.,-0.402455410774,40.));
#1240 = CARTESIAN_POINT('',(-37.,0.,40.));
#1241 = PCURVE('',#231,#1242);
#1242 = DEFINITIONAL_REPRESENTATION('',(#1243),#1302);
#1243 = B_SPLINE_CURVE_WITH_KNOTS('',8,(#1244,#1245,#1246,#1247,#1248,
    #1249,#1250,#1251,#1252,#1253,#1254,#1255,#1256,#1257,#1258,#1259,
    #1260,#1261,#1262,#1263,#1264,#1265,#1266,#1267,#1268,#1269,#1270,
    #1271,#1272,#1273,#1274,#1275,#1276,#1277,#1278,#1279,#1280,#1281,
    #1282,#1283,#1284,#1285,#1286,#1287,#1288,#1289,#1290,#1291,#1292,
    #1293,#1294,#1295,#1296,#1297,#1298,#1299,#1300,#1301),
  .UNSPECIFIED.,.T.,.F.,(9,7,7,7,7,7,7,7,9),(0.,9.540137661925E-02,
    0.166693772238,0.343761601853,0.434296453065,0.535132902769,
    0.729655326612,0.851228445156,1.),.UNSPECIFIED.);
#1244 = CARTESIAN_POINT('',(-1.570796326795,-19.));
#1245 = CARTESIAN_POINT('',(-1.539591286613,-19.));
#1246 = CARTESIAN_POINT('',(-1.509100697767,-18.96290502052));
#1247 = CARTESIAN_POINT('',(-1.479777303861,-18.89168519988));
#1248 = CARTESIAN_POINT('',(-1.45202042686,-18.78997692661));
#1249 = CARTESIAN_POINT('',(-1.426185605528,-18.66211287315));
#1250 = CARTESIAN_POINT('',(-1.402573979002,-18.51315998338));
#1251 = CARTESIAN_POINT('',(-1.381407156164,-18.34895449945));
#1252 = CARTESIAN_POINT('',(-1.34888339085,-18.04696812583));
#1253 = CARTESIAN_POINT('',(-1.33617363534,-17.91090185394));
#1254 = CARTESIAN_POINT('',(-1.324645085064,-17.76906461973));
#1255 = CARTESIAN_POINT('',(-1.314278366772,-17.62240408259));
#1256 = CARTESIAN_POINT('',(-1.305054747035,-17.47170576797));
#1257 = CARTESIAN_POINT('',(-1.296957375431,-17.31762259863));
#1258 = CARTESIAN_POINT('',(-1.28997271775,-17.16070342833));
#1259 = CARTESIAN_POINT('',(-1.26948677585,-16.60581220444));
#1260 = CARTESIAN_POINT('',(-1.26174221693,-16.19697868433));
#1261 = CARTESIAN_POINT('',(-1.260660810455,-15.78280058495));
#1262 = CARTESIAN_POINT('',(-1.266223712871,-15.36934059084));
#1263 = CARTESIAN_POINT('',(-1.278492474389,-14.96296831462));
#1264 = CARTESIAN_POINT('',(-1.297591806016,-14.57131336103));
#1265 = CARTESIAN_POINT('',(-1.323700663973,-14.20448722098));
#1266 = CARTESIAN_POINT('',(-1.374086709357,-13.71209412001));
#1267 = CARTESIAN_POINT('',(-1.392595647122,-13.56041432924));
#1268 = CARTESIAN_POINT('',(-1.412389016967,-13.42526862953));
#1269 = CARTESIAN_POINT('',(-1.433276894746,-13.30803318786));
#1270 = CARTESIAN_POINT('',(-1.455064057993,-13.20983480608));
#1271 = CARTESIAN_POINT('',(-1.477553758358,-13.13154967485));
#1272 = CARTESIAN_POINT('',(-1.500548631323,-13.07379806811));
#1273 = CARTESIAN_POINT('',(-1.549800081541,-12.9958773848));
#1274 = CARTESIAN_POINT('',(-1.576296621376,-12.98046865597));
#1275 = CARTESIAN_POINT('',(-1.602879308557,-12.99208465868));
#1276 = CARTESIAN_POINT('',(-1.629079757034,-13.0306100476));
#1277 = CARTESIAN_POINT('',(-1.654438631486,-13.09451779377));
#1278 = CARTESIAN_POINT('',(-1.678521105336,-13.18087777047));
#1279 = CARTESIAN_POINT('',(-1.700935923545,-13.28531320292));
#1280 = CARTESIAN_POINT('',(-1.760773321202,-13.62687591506));
#1281 = CARTESIAN_POINT('',(-1.794172482191,-13.90502491645));
#1282 = CARTESIAN_POINT('',(-1.821604416801,-14.21809802706));
#1283 = CARTESIAN_POINT('',(-1.843269222794,-14.55431278546));
#1284 = CARTESIAN_POINT('',(-1.859370801017,-14.90551769343));
#1285 = CARTESIAN_POINT('',(-1.870083419964,-15.26608922368));
#1286 = CARTESIAN_POINT('',(-1.87548898081,-15.63208724891));
#1287 = CARTESIAN_POINT('',(-1.87548898081,-16.22993904567));
#1288 = CARTESIAN_POINT('',(-1.873377577556,-16.45967924759));
#1289 = CARTESIAN_POINT('',(-1.869161026642,-16.68809034737));
#1290 = CARTESIAN_POINT('',(-1.862832688229,-16.91399906005));
#1291 = CARTESIAN_POINT('',(-1.854375776637,-17.13612415207));
#1292 = CARTESIAN_POINT('',(-1.843765337899,-17.35298841143));
#1293 = CARTESIAN_POINT('',(-1.830969455286,-17.56280750982));
#1294 = CARTESIAN_POINT('',(-1.797569674661,-18.00877081978));
#1295 = CARTESIAN_POINT('',(-1.775327079303,-18.24740993606));
#1296 = CARTESIAN_POINT('',(-1.74916316009,-18.46911547986));
#1297 = CARTESIAN_POINT('',(-1.719248487584,-18.66421770652));
#1298 = CARTESIAN_POINT('',(-1.685931963226,-18.82353941295));
#1299 = CARTESIAN_POINT('',(-1.649675450347,-18.93829722887));
#1300 = CARTESIAN_POINT('',(-1.611041867872,-19.));
#1301 = CARTESIAN_POINT('',(-1.570796326795,-19.));
#1302 = ( GEOMETRIC_REPRESENTATION_CONTEXT(2) 
PARAMETRIC_REPRESENTATION_CONTEXT() REPRESENTATION_CONTEXT('2D SPACE',''
  ) );
#1303 = PCURVE('',#1304,#1309);
#1304 = CYLINDRICAL_SURFACE('',#1305,3.);
#1305 = AXIS2_PLACEMENT_3D('',#1306,#1307,#1308);
#1306 = CARTESIAN_POINT('',(-40.,0.,55.));
#1307 = DIRECTION('',(0.,0.,1.));
#1308 = DIRECTION('',(1.,0.,0.));
#1309 = DEFINITIONAL_REPRESENTATION('',(#1310),#1369);
#1310 = B_SPLINE_CURVE_WITH_KNOTS('',8,(#1311,#1312,#1313,#1314,#1315,
    #1316,#1317,#1318,#1319,#1320,#1321,#1322,#1323,#1324,#1325,#1326,
    #1327,#1328,#1329,#1330,#1331,#1332,#1333,#1334,#1335,#1336,#1337,
    #1338,#1339,#1340,#1341,#1342,#1343,#1344,#1345,#1346,#1347,#1348,
    #1349,#1350,#1351,#1352,#1353,#1354,#1355,#1356,#1357,#1358,#1359,
    #1360,#1361,#1362,#1363,#1364,#1365,#1366,#1367,#1368),
  .UNSPECIFIED.,.F.,.F.,(9,7,7,7,7,7,7,7,9),(0.,9.540137661925E-02,
    0.166693772238,0.343761601853,0.434296453065,0.535132902769,
    0.729655326612,0.851228445156,1.),.UNSPECIFIED.);
#1311 = CARTESIAN_POINT('',(0.,-15.));
#1312 = CARTESIAN_POINT('',(0.104016800607,-15.));
#1313 = CARTESIAN_POINT('',(0.20565192117,-15.01112902784));
#1314 = CARTESIAN_POINT('',(0.304957782832,-15.03249280778));
#1315 = CARTESIAN_POINT('',(0.40186146216,-15.06230765021));
#1316 = CARTESIAN_POINT('',(0.496176215043,-15.0981403805));
#1317 = CARTESIAN_POINT('',(0.587573774413,-15.13727257714));
#1318 = CARTESIAN_POINT('',(0.675525220787,-15.17710866944));
#1319 = CARTESIAN_POINT('',(0.8217610825,-15.24427231746));
#1320 = CARTESIAN_POINT('',(0.882940074502,-15.27268245241));
#1321 = CARTESIAN_POINT('',(0.942934402313,-15.30015481211));
#1322 = CARTESIAN_POINT('',(1.001903665563,-15.32616883062));
#1323 = CARTESIAN_POINT('',(1.059996976875,-15.35029552153));
#1324 = CARTESIAN_POINT('',(1.117358887135,-15.37218594371));
#1325 = CARTESIAN_POINT('',(1.174132121003,-15.39155902502));
#1326 = CARTESIAN_POINT('',(1.370350665426,-15.44949172148));
#1327 = CARTESIAN_POINT('',(1.507001531383,-15.47373077939));
#1328 = CARTESIAN_POINT('',(1.642430176482,-15.47761010415));
#1329 = CARTESIAN_POINT('',(1.77819222533,-15.46006915374));
#1330 = CARTESIAN_POINT('',(1.915738494873,-15.4219117217));
#1331 = CARTESIAN_POINT('',(2.056641042112,-15.36611338958));
#1332 = CARTESIAN_POINT('',(2.202607331357,-15.29831368113));
#1333 = CARTESIAN_POINT('',(2.434723665161,-15.19142873802));
#1334 = CARTESIAN_POINT('',(2.513273887409,-15.15541067963));
#1335 = CARTESIAN_POINT('',(2.591822685045,-15.1209038788));
#1336 = CARTESIAN_POINT('',(2.670362467909,-15.08923862933));
#1337 = CARTESIAN_POINT('',(2.748895001114,-15.06159876617));
#1338 = CARTESIAN_POINT('',(2.827426664066,-15.0389425762));
#1339 = CARTESIAN_POINT('',(2.905964494986,-15.02195317564));
#1340 = CARTESIAN_POINT('',(3.07199926933,-14.99883930283));
#1341 = CARTESIAN_POINT('',(3.160059718354,-14.99409302124));
#1342 = CARTESIAN_POINT('',(3.248055936119,-14.99757095539));
#1343 = CARTESIAN_POINT('',(3.335420575315,-15.00932194592));
#1344 = CARTESIAN_POINT('',(3.421576533464,-15.02852092274));
#1345 = CARTESIAN_POINT('',(3.50586442589,-15.05359059128));
#1346 = CARTESIAN_POINT('',(3.587451038703,-15.08249701931));
#1347 = CARTESIAN_POINT('',(3.815159513467,-15.1722531158));
#1348 = CARTESIAN_POINT('',(3.95607414485,-15.23990092782));
#1349 = CARTESIAN_POINT('',(4.090287473612,-15.30663481946));
#1350 = CARTESIAN_POINT('',(4.219365793642,-15.36550055887));
#1351 = CARTESIAN_POINT('',(4.344754181118,-15.4122569476));
#1352 = CARTESIAN_POINT('',(4.467751350849,-15.44439058428));
#1353 = CARTESIAN_POINT('',(4.589751396691,-15.46060798583));
#1354 = CARTESIAN_POINT('',(4.789035328943,-15.46060798583));
#1355 = CARTESIAN_POINT('',(4.865615938244,-15.4542736133));
#1356 = CARTESIAN_POINT('',(4.942437731854,-15.4416244047));
#1357 = CARTESIAN_POINT('',(5.01979481646,-15.42287719484));
#1358 = CARTESIAN_POINT('',(5.097979336626,-15.39845542002));
#1359 = CARTESIAN_POINT('',(5.177295545158,-15.36901011344));
#1360 = CARTESIAN_POINT('',(5.25807708906,-15.33545259261));
#1361 = CARTESIAN_POINT('',(5.441824077922,-15.25438962221));
#1362 = CARTESIAN_POINT('',(5.548638786526,-15.20415095123));
#1363 = CARTESIAN_POINT('',(5.660214940143,-15.15091954542));
#1364 = CARTESIAN_POINT('',(5.776075960552,-15.09879644504));
#1365 = CARTESIAN_POINT('',(5.896053297432,-15.05293750438));
#1366 = CARTESIAN_POINT('',(6.020254659883,-15.01851096206));
#1367 = CARTESIAN_POINT('',(6.149033503588,-15.));
#1368 = CARTESIAN_POINT('',(6.28318530718,-15.));
#1369 = ( GEOMETRIC_REPRESENTATION_CONTEXT(2) 
PARAMETRIC_REPRESENTATION_CONTEXT() REPRESENTATION_CONTEXT('2D SPACE',''
  ) );
#1370 = ADVANCED_FACE('',(#1371),#266,.F.);
#1371 = FACE_BOUND('',#1372,.T.);
#1372 = EDGE_LOOP('',(#1373,#1374,#1397,#1424));
#1373 = ORIENTED_EDGE('',*,*,#245,.T.);
#1374 = ORIENTED_EDGE('',*,*,#1375,.T.);
#1375 = EDGE_CURVE('',#246,#1376,#1378,.T.);
#1376 = VERTEX_POINT('',#1377);
#1377 = CARTESIAN_POINT('',(-43.,-11.64213562373,15.857864376269));
#1378 = SEAM_CURVE('',#1379,(#1383,#1390),.PCURVE_S1.);
#1379 = LINE('',#1380,#1381);
#1380 = CARTESIAN_POINT('',(-56.,-11.64213562373,15.857864376269));
#1381 = VECTOR('',#1382,1.);
#1382 = DIRECTION('',(1.,0.,0.));
#1383 = PCURVE('',#266,#1384);
#1384 = DEFINITIONAL_REPRESENTATION('',(#1385),#1389);
#1385 = LINE('',#1386,#1387);
#1386 = CARTESIAN_POINT('',(-6.28318530718,0.));
#1387 = VECTOR('',#1388,1.);
#1388 = DIRECTION('',(-0.,-1.));
#1389 = ( GEOMETRIC_REPRESENTATION_CONTEXT(2) 
PARAMETRIC_REPRESENTATION_CONTEXT() REPRESENTATION_CONTEXT('2D SPACE',''
  ) );
#1390 = PCURVE('',#266,#1391);
#1391 = DEFINITIONAL_REPRESENTATION('',(#1392),#1396);
#1392 = LINE('',#1393,#1394);
#1393 = CARTESIAN_POINT('',(-0.,0.));
#1394 = VECTOR('',#1395,1.);
#1395 = DIRECTION('',(-0.,-1.));
#1396 = ( GEOMETRIC_REPRESENTATION_CONTEXT(2) 
PARAMETRIC_REPRESENTATION_CONTEXT() REPRESENTATION_CONTEXT('2D SPACE',''
  ) );
#1397 = ORIENTED_EDGE('',*,*,#1398,.T.);
#1398 = EDGE_CURVE('',#1376,#1376,#1399,.T.);
#1399 = SURFACE_CURVE('',#1400,(#1405,#1412),.PCURVE_S1.);
#1400 = CIRCLE('',#1401,2.5);
#1401 = AXIS2_PLACEMENT_3D('',#1402,#1403,#1404);
#1402 = CARTESIAN_POINT('',(-43.,-14.14213562373,15.857864376269));
#1403 = DIRECTION('',(1.,0.,0.));
#1404 = DIRECTION('',(0.,1.,0.));
#1405 = PCURVE('',#266,#1406);
#1406 = DEFINITIONAL_REPRESENTATION('',(#1407),#1411);
#1407 = LINE('',#1408,#1409);
#1408 = CARTESIAN_POINT('',(-0.,-13.));
#1409 = VECTOR('',#1410,1.);
#1410 = DIRECTION('',(-1.,0.));
#1411 = ( GEOMETRIC_REPRESENTATION_CONTEXT(2) 
PARAMETRIC_REPRESENTATION_CONTEXT() REPRESENTATION_CONTEXT('2D SPACE',''
  ) );
#1412 = PCURVE('',#1413,#1418);
#1413 = PLANE('',#1414);
#1414 = AXIS2_PLACEMENT_3D('',#1415,#1416,#1417);
#1415 = CARTESIAN_POINT('',(-43.,-14.14213562373,15.857864376269));
#1416 = DIRECTION('',(1.,0.,0.));
#1417 = DIRECTION('',(-0.,0.,1.));
#1418 = DEFINITIONAL_REPRESENTATION('',(#1419),#1423);
#1419 = CIRCLE('',#1420,2.5);
#1420 = AXIS2_PLACEMENT_2D('',#1421,#1422);
#1421 = CARTESIAN_POINT('',(1.7763568394E-15,3.552713678801E-15));
#1422 = DIRECTION('',(0.,-1.));
#1423 = ( GEOMETRIC_REPRESENTATION_CONTEXT(2) 
PARAMETRIC_REPRESENTATION_CONTEXT() REPRESENTATION_CONTEXT('2D SPACE',''
  ) );
#1424 = ORIENTED_EDGE('',*,*,#1375,.F.);
#1425 = ADVANCED_FACE('',(#1426),#301,.F.);
#1426 = FACE_BOUND('',#1427,.T.);
#1427 = EDGE_LOOP('',(#1428,#1429,#1452,#1567,#1596,#1622,#1712));
#1428 = ORIENTED_EDGE('',*,*,#280,.T.);
#1429 = ORIENTED_EDGE('',*,*,#1430,.T.);
#1430 = EDGE_CURVE('',#281,#1431,#1433,.T.);
#1431 = VERTEX_POINT('',#1432);
#1432 = CARTESIAN_POINT('',(-47.21612777048,-0.7,62.));
#1433 = SEAM_CURVE('',#1434,(#1438,#1445),.PCURVE_S1.);
#1434 = LINE('',#1435,#1436);
#1435 = CARTESIAN_POINT('',(-56.,-0.7,62.));
#1436 = VECTOR('',#1437,1.);
#1437 = DIRECTION('',(1.,0.,0.));
#1438 = PCURVE('',#301,#1439);
#1439 = DEFINITIONAL_REPRESENTATION('',(#1440),#1444);
#1440 = LINE('',#1441,#1442);
#1441 = CARTESIAN_POINT('',(-6.28318530718,0.));
#1442 = VECTOR('',#1443,1.);
#1443 = DIRECTION('',(-0.,-1.));
#1444 = ( GEOMETRIC_REPRESENTATION_CONTEXT(2) 
PARAMETRIC_REPRESENTATION_CONTEXT() REPRESENTATION_CONTEXT('2D SPACE',''
  ) );
#1445 = PCURVE('',#301,#1446);
#1446 = DEFINITIONAL_REPRESENTATION('',(#1447),#1451);
#1447 = LINE('',#1448,#1449);
#1448 = CARTESIAN_POINT('',(-0.,0.));
#1449 = VECTOR('',#1450,1.);
#1450 = DIRECTION('',(-0.,-1.));
#1451 = ( GEOMETRIC_REPRESENTATION_CONTEXT(2) 
PARAMETRIC_REPRESENTATION_CONTEXT() REPRESENTATION_CONTEXT('2D SPACE',''
  ) );
#1452 = ORIENTED_EDGE('',*,*,#1453,.T.);
#1453 = EDGE_CURVE('',#1431,#1454,#1456,.T.);
#1454 = VERTEX_POINT('',#1455);
#1455 = CARTESIAN_POINT('',(-46.,-4.069705149025,66.198160488863));
#1456 = SURFACE_CURVE('',#1457,(#1490,#1526),.PCURVE_S1.);
#1457 = B_SPLINE_CURVE_WITH_KNOTS('',7,(#1458,#1459,#1460,#1461,#1462,
    #1463,#1464,#1465,#1466,#1467,#1468,#1469,#1470,#1471,#1472,#1473,
    #1474,#1475,#1476,#1477,#1478,#1479,#1480,#1481,#1482,#1483,#1484,
    #1485,#1486,#1487,#1488,#1489),.UNSPECIFIED.,.F.,.F.,(8,6,6,6,6,8),(
    0.,0.5459732119,0.655435822038,0.714733411721,0.836175741857,1.),
  .UNSPECIFIED.);
#1458 = CARTESIAN_POINT('',(-47.21612777048,-0.7,62.));
#1459 = CARTESIAN_POINT('',(-47.21612777048,-0.7,62.4236036515));
#1460 = CARTESIAN_POINT('',(-47.21140609886,-0.748685814575,
    62.847572849477));
#1461 = CARTESIAN_POINT('',(-47.20194051445,-0.846204894987,
    63.26834417638));
#1462 = CARTESIAN_POINT('',(-47.18555580883,-0.993737230506,
    63.68198355655));
#1463 = CARTESIAN_POINT('',(-47.15779770738,-1.193057892152,
    64.083354486401));
#1464 = CARTESIAN_POINT('',(-47.11139334261,-1.446040239156,
    64.465624553744));
#1465 = CARTESIAN_POINT('',(-47.01936692581,-1.8152205406,
    64.890678190844));
#1466 = CARTESIAN_POINT('',(-47.00279492366,-1.879015786085,
    64.960470610409));
#1467 = CARTESIAN_POINT('',(-46.98494067168,-1.944908460187,
    65.028949900929));
#1468 = CARTESIAN_POINT('',(-46.96572246955,-2.012849975434,
    65.096003799821));
#1469 = CARTESIAN_POINT('',(-46.94505669491,-2.082785616378,
    65.161526150108));
#1470 = CARTESIAN_POINT('',(-46.9228582446,-2.15465501191,
    65.225416808282));
#1471 = CARTESIAN_POINT('',(-46.88613879283,-2.26833740411,
    65.321257155847));
#1472 = CARTESIAN_POINT('',(-46.87276411153,-2.308822795792,
    65.354419966024));
#1473 = CARTESIAN_POINT('',(-46.85890464943,-2.349833980187,
    65.387051686183));
#1474 = CARTESIAN_POINT('',(-46.84454896326,-2.39135424101,
    65.419134271206));
#1475 = CARTESIAN_POINT('',(-46.82968644903,-2.433364948113,
    65.450649927376));
#1476 = CARTESIAN_POINT('',(-46.81430734193,-2.47584555749,
    65.481581112376));
#1477 = CARTESIAN_POINT('',(-46.76582981108,-2.606690892685,
    65.574025636593));
#1478 = CARTESIAN_POINT('',(-46.73103916018,-2.696522579045,
    65.633643838319));
#1479 = CARTESIAN_POINT('',(-46.69396776721,-2.788037085366,
    65.690585652395));
#1480 = CARTESIAN_POINT('',(-46.65456884295,-2.880989597487,
    65.744707426527));
#1481 = CARTESIAN_POINT('',(-46.61281434723,-2.975125634919,
    65.795900099801));
#1482 = CARTESIAN_POINT('',(-46.56869753057,-3.070184613701,
    65.844087958278));
#1483 = CARTESIAN_POINT('',(-46.4595587171,-3.295026925349,
    65.950119947625));
#1484 = CARTESIAN_POINT('',(-46.39269037857,-3.425194495298,
    66.005391393627));
#1485 = CARTESIAN_POINT('',(-46.32167500235,-3.555784948262,
    66.054971993405));
#1486 = CARTESIAN_POINT('',(-46.24663724513,-3.686162883789,
    66.098886078944));
#1487 = CARTESIAN_POINT('',(-46.16778956521,-3.815690666884,
    66.137246197375));
#1488 = CARTESIAN_POINT('',(-46.08543990939,-3.943740423098,
    66.170247258926));
#1489 = CARTESIAN_POINT('',(-45.9999994,-4.06970603361,66.198160684883)
  );
#1490 = PCURVE('',#301,#1491);
#1491 = DEFINITIONAL_REPRESENTATION('',(#1492),#1525);
#1492 = B_SPLINE_CURVE_WITH_KNOTS('',7,(#1493,#1494,#1495,#1496,#1497,
    #1498,#1499,#1500,#1501,#1502,#1503,#1504,#1505,#1506,#1507,#1508,
    #1509,#1510,#1511,#1512,#1513,#1514,#1515,#1516,#1517,#1518,#1519,
    #1520,#1521,#1522,#1523,#1524),.UNSPECIFIED.,.F.,.F.,(8,6,6,6,6,8),(
    0.,0.5459732119,0.655435822038,0.714733411721,0.836175741857,1.),
  .UNSPECIFIED.);
#1493 = CARTESIAN_POINT('',(8.881784197001E-16,-8.783872229513));
#1494 = CARTESIAN_POINT('',(-9.851247709291E-02,-8.783872229513));
#1495 = CARTESIAN_POINT('',(-0.197110024832,-8.788593901134));
#1496 = CARTESIAN_POINT('',(-0.296525037912,-8.798059485543));
#1497 = CARTESIAN_POINT('',(-0.397417739891,-8.81444419117));
#1498 = CARTESIAN_POINT('',(-0.500404442194,-8.842202292612));
#1499 = CARTESIAN_POINT('',(-0.606101979547,-8.88860665739));
#1500 = CARTESIAN_POINT('',(-0.737031321811,-8.980633074185));
#1501 = CARTESIAN_POINT('',(-0.759013984422,-8.997205076337));
#1502 = CARTESIAN_POINT('',(-0.781103025366,-9.015059328312));
#1503 = CARTESIAN_POINT('',(-0.803289211544,-9.034277530445));
#1504 = CARTESIAN_POINT('',(-0.825564065876,-9.054943305085));
#1505 = CARTESIAN_POINT('',(-0.847919736707,-9.077141755391));
#1506 = CARTESIAN_POINT('',(-0.882499074252,-9.113861207163));
#1507 = CARTESIAN_POINT('',(-0.89466852378,-9.127235888469));
#1508 = CARTESIAN_POINT('',(-0.906854795535,-9.14109535057));
#1509 = CARTESIAN_POINT('',(-0.919055179424,-9.155451036731));
#1510 = CARTESIAN_POINT('',(-0.931266675513,-9.17031355097));
#1511 = CARTESIAN_POINT('',(-0.943485994027,-9.185692658064));
#1512 = CARTESIAN_POINT('',(-0.980743587544,-9.234170188918));
#1513 = CARTESIAN_POINT('',(-1.005806152383,-9.268960839815));
#1514 = CARTESIAN_POINT('',(-1.030854859392,-9.306032232787));
#1515 = CARTESIAN_POINT('',(-1.055849754103,-9.345431157044));
#1516 = CARTESIAN_POINT('',(-1.0807528628,-9.38718565277));
#1517 = CARTESIAN_POINT('',(-1.10552773728,-9.431302469428));
#1518 = CARTESIAN_POINT('',(-1.163339299595,-9.540441282895));
#1519 = CARTESIAN_POINT('',(-1.196201545502,-9.607309621427));
#1520 = CARTESIAN_POINT('',(-1.228648242674,-9.678324997645));
#1521 = CARTESIAN_POINT('',(-1.260602093785,-9.753362754861));
#1522 = CARTESIAN_POINT('',(-1.291985428831,-9.832210434788));
#1523 = CARTESIAN_POINT('',(-1.322719635124,-9.914560090601));
#1524 = CARTESIAN_POINT('',(-1.352724587285,-10.0000006));
#1525 = ( GEOMETRIC_REPRESENTATION_CONTEXT(2) 
PARAMETRIC_REPRESENTATION_CONTEXT() REPRESENTATION_CONTEXT('2D SPACE',''
  ) );
#1526 = PCURVE('',#1527,#1532);
#1527 = CYLINDRICAL_SURFACE('',#1528,7.25);
#1528 = AXIS2_PLACEMENT_3D('',#1529,#1530,#1531);
#1529 = CARTESIAN_POINT('',(-40.,0.,91.));
#1530 = DIRECTION('',(0.,0.,1.));
#1531 = DIRECTION('',(1.,0.,0.));
#1532 = DEFINITIONAL_REPRESENTATION('',(#1533),#1566);
#1533 = B_SPLINE_CURVE_WITH_KNOTS('',7,(#1534,#1535,#1536,#1537,#1538,
    #1539,#1540,#1541,#1542,#1543,#1544,#1545,#1546,#1547,#1548,#1549,
    #1550,#1551,#1552,#1553,#1554,#1555,#1556,#1557,#1558,#1559,#1560,
    #1561,#1562,#1563,#1564,#1565),.UNSPECIFIED.,.F.,.F.,(8,6,6,6,6,8),(
    0.,0.5459732119,0.655435822038,0.714733411721,0.836175741857,1.),
  .UNSPECIFIED.);
#1534 = CARTESIAN_POINT('',(3.238295023531,-29.));
#1535 = CARTESIAN_POINT('',(3.238295023531,-28.5763963485));
#1536 = CARTESIAN_POINT('',(3.24504167766,-28.15242715052));
#1537 = CARTESIAN_POINT('',(3.258556523619,-27.73165582361));
#1538 = CARTESIAN_POINT('',(3.279026984865,-27.31801644345));
#1539 = CARTESIAN_POINT('',(3.306764823549,-26.91664551359));
#1540 = CARTESIAN_POINT('',(3.342171149675,-26.53437544625));
#1541 = CARTESIAN_POINT('',(3.394650773735,-26.10932180915));
#1542 = CARTESIAN_POINT('',(3.403741718757,-26.03952938959));
#1543 = CARTESIAN_POINT('',(3.413157251481,-25.97105009907));
#1544 = CARTESIAN_POINT('',(3.422895063809,-25.90399620017));
#1545 = CARTESIAN_POINT('',(3.432952522191,-25.83847384989));
#1546 = CARTESIAN_POINT('',(3.443326776738,-25.77458319171));
#1547 = CARTESIAN_POINT('',(3.459804776014,-25.67874284415));
#1548 = CARTESIAN_POINT('',(3.465685668978,-25.64558003397));
#1549 = CARTESIAN_POINT('',(3.471656443038,-25.61294831381));
#1550 = CARTESIAN_POINT('',(3.477715751793,-25.58086572879));
#1551 = CARTESIAN_POINT('',(3.483862008632,-25.54935007262));
#1552 = CARTESIAN_POINT('',(3.490093386726,-25.51841888762));
#1553 = CARTESIAN_POINT('',(3.509339868679,-25.4259743634));
#1554 = CARTESIAN_POINT('',(3.522625807743,-25.36635616168));
#1555 = CARTESIAN_POINT('',(3.536242204055,-25.3094143476));
#1556 = CARTESIAN_POINT('',(3.550164074873,-25.25529257347));
#1557 = CARTESIAN_POINT('',(3.564365078412,-25.20409990019));
#1558 = CARTESIAN_POINT('',(3.578817705366,-25.15591204172));
#1559 = CARTESIAN_POINT('',(3.613290902858,-25.04988005237));
#1560 = CARTESIAN_POINT('',(3.633470387513,-24.99460860637));
#1561 = CARTESIAN_POINT('',(3.653964695613,-24.94502800659));
#1562 = CARTESIAN_POINT('',(3.674702528997,-24.90111392105));
#1563 = CARTESIAN_POINT('',(3.69560814306,-24.86275380262));
#1564 = CARTESIAN_POINT('',(3.71660096969,-24.82975274107));
#1565 = CARTESIAN_POINT('',(3.737595240208,-24.80183931511));
#1566 = ( GEOMETRIC_REPRESENTATION_CONTEXT(2) 
PARAMETRIC_REPRESENTATION_CONTEXT() REPRESENTATION_CONTEXT('2D SPACE',''
  ) );
#1567 = ORIENTED_EDGE('',*,*,#1568,.T.);
#1568 = EDGE_CURVE('',#1454,#1569,#1571,.T.);
#1569 = VERTEX_POINT('',#1570);
#1570 = CARTESIAN_POINT('',(-46.,-3.422026616194,58.));
#1571 = SURFACE_CURVE('',#1572,(#1577,#1584),.PCURVE_S1.);
#1572 = CIRCLE('',#1573,4.3);
#1573 = AXIS2_PLACEMENT_3D('',#1574,#1575,#1576);
#1574 = CARTESIAN_POINT('',(-46.,-5.,62.));
#1575 = DIRECTION('',(1.,0.,0.));
#1576 = DIRECTION('',(0.,1.,0.));
#1577 = PCURVE('',#301,#1578);
#1578 = DEFINITIONAL_REPRESENTATION('',(#1579),#1583);
#1579 = LINE('',#1580,#1581);
#1580 = CARTESIAN_POINT('',(-0.,-10.));
#1581 = VECTOR('',#1582,1.);
#1582 = DIRECTION('',(-1.,0.));
#1583 = ( GEOMETRIC_REPRESENTATION_CONTEXT(2) 
PARAMETRIC_REPRESENTATION_CONTEXT() REPRESENTATION_CONTEXT('2D SPACE',''
  ) );
#1584 = PCURVE('',#1585,#1590);
#1585 = PLANE('',#1586);
#1586 = AXIS2_PLACEMENT_3D('',#1587,#1588,#1589);
#1587 = CARTESIAN_POINT('',(-46.,-5.,62.));
#1588 = DIRECTION('',(1.,0.,0.));
#1589 = DIRECTION('',(-0.,0.,1.));
#1590 = DEFINITIONAL_REPRESENTATION('',(#1591),#1595);
#1591 = CIRCLE('',#1592,4.3);
#1592 = AXIS2_PLACEMENT_2D('',#1593,#1594);
#1593 = CARTESIAN_POINT('',(0.,0.));
#1594 = DIRECTION('',(0.,-1.));
#1595 = ( GEOMETRIC_REPRESENTATION_CONTEXT(2) 
PARAMETRIC_REPRESENTATION_CONTEXT() REPRESENTATION_CONTEXT('2D SPACE',''
  ) );
#1596 = ORIENTED_EDGE('',*,*,#1597,.T.);
#1597 = EDGE_CURVE('',#1569,#1598,#1600,.T.);
#1598 = VERTEX_POINT('',#1599);
#1599 = CARTESIAN_POINT('',(-46.39157522353,-3.422026616194,58.));
#1600 = SURFACE_CURVE('',#1601,(#1605,#1611),.PCURVE_S1.);
#1601 = LINE('',#1602,#1603);
#1602 = CARTESIAN_POINT('',(-56.,-3.422026616194,58.));
#1603 = VECTOR('',#1604,1.);
#1604 = DIRECTION('',(-1.,-0.,-0.));
#1605 = PCURVE('',#301,#1606);
#1606 = DEFINITIONAL_REPRESENTATION('',(#1607),#1610);
#1607 = B_SPLINE_CURVE_WITH_KNOTS('',1,(#1608,#1609),.UNSPECIFIED.,.F.,
  .F.,(2,2),(-10.0000006,-7.3),.PIECEWISE_BEZIER_KNOTS.);
#1608 = CARTESIAN_POINT('',(-5.088139246609,-10.0000006));
#1609 = CARTESIAN_POINT('',(-5.088139246609,-7.3));
#1610 = ( GEOMETRIC_REPRESENTATION_CONTEXT(2) 
PARAMETRIC_REPRESENTATION_CONTEXT() REPRESENTATION_CONTEXT('2D SPACE',''
  ) );
#1611 = PCURVE('',#1612,#1617);
#1612 = PLANE('',#1613);
#1613 = AXIS2_PLACEMENT_3D('',#1614,#1615,#1616);
#1614 = CARTESIAN_POINT('',(-40.,4.584934185037E-16,58.));
#1615 = DIRECTION('',(0.,0.,1.));
#1616 = DIRECTION('',(1.,0.,-0.));
#1617 = DEFINITIONAL_REPRESENTATION('',(#1618),#1621);
#1618 = B_SPLINE_CURVE_WITH_KNOTS('',1,(#1619,#1620),.UNSPECIFIED.,.F.,
  .F.,(2,2),(-10.0000006,-7.3),.PIECEWISE_BEZIER_KNOTS.);
#1619 = CARTESIAN_POINT('',(-5.9999994,-3.422026616194));
#1620 = CARTESIAN_POINT('',(-8.7,-3.422026616194));
#1621 = ( GEOMETRIC_REPRESENTATION_CONTEXT(2) 
PARAMETRIC_REPRESENTATION_CONTEXT() REPRESENTATION_CONTEXT('2D SPACE',''
  ) );
#1622 = ORIENTED_EDGE('',*,*,#1623,.T.);
#1623 = EDGE_CURVE('',#1598,#1431,#1624,.T.);
#1624 = SURFACE_CURVE('',#1625,(#1652,#1682),.PCURVE_S1.);
#1625 = B_SPLINE_CURVE_WITH_KNOTS('',7,(#1626,#1627,#1628,#1629,#1630,
    #1631,#1632,#1633,#1634,#1635,#1636,#1637,#1638,#1639,#1640,#1641,
    #1642,#1643,#1644,#1645,#1646,#1647,#1648,#1649,#1650,#1651),
  .UNSPECIFIED.,.F.,.F.,(8,6,6,6,8),(0.,5.351065826316E-02,
    0.256506167753,0.38091502885,1.),.UNSPECIFIED.);
#1626 = CARTESIAN_POINT('',(-46.39157439661,-3.422028160696,
    57.999999390705));
#1627 = CARTESIAN_POINT('',(-46.41168960552,-3.384457501362,
    58.01482074905));
#1628 = CARTESIAN_POINT('',(-46.43146594835,-3.34690055624,
    58.030112449868));
#1629 = CARTESIAN_POINT('',(-46.45089933112,-3.309374029886,
    58.045874734019));
#1630 = CARTESIAN_POINT('',(-46.46998624901,-3.271894692998,
    58.062107009038));
#1631 = CARTESIAN_POINT('',(-46.48872378639,-3.23447938241,
    58.078807849135));
#1632 = CARTESIAN_POINT('',(-46.50710961676,-3.1971450011,58.09597499519
    ));
#1633 = CARTESIAN_POINT('',(-46.59354881202,-3.018649952763,
    58.180487055332));
#1634 = CARTESIAN_POINT('',(-46.65679167085,-2.878960522862,
    58.253958846598));
#1635 = CARTESIAN_POINT('',(-46.7148610449,-2.741621736995,
    58.33388681298));
#1636 = CARTESIAN_POINT('',(-46.7678483295,-2.60739982579,
    58.420005050354));
#1637 = CARTESIAN_POINT('',(-46.81592776153,-2.477027346768,
    58.511905925293));
#1638 = CARTESIAN_POINT('',(-46.85933833126,-2.351184789117,
    58.609030334295));
#1639 = CARTESIAN_POINT('',(-46.92228420255,-2.156507762197,
    58.772941988795));
#1640 = CARTESIAN_POINT('',(-46.94457433141,-2.084408049517,
    58.836964387737));
#1641 = CARTESIAN_POINT('',(-46.96532256462,-2.014249985778,
    58.902629934325));
#1642 = CARTESIAN_POINT('',(-46.98461442828,-1.946095243604,
    58.969837276801));
#1643 = CARTESIAN_POINT('',(-47.00253403099,-1.879999732266,
    59.038478839863));
#1644 = CARTESIAN_POINT('',(-47.01916360402,-1.816013107046,
    59.108440727362));
#1645 = CARTESIAN_POINT('',(-47.11131344376,-1.446475011761,
    59.533719373269));
#1646 = CARTESIAN_POINT('',(-47.15775775096,-1.193344399306,
    59.916069514149));
#1647 = CARTESIAN_POINT('',(-47.1855370609,-0.99390680262,
    60.317540908273));
#1648 = CARTESIAN_POINT('',(-47.20193241427,-0.846288217777,
    60.731294091614));
#1649 = CARTESIAN_POINT('',(-47.21140346884,-0.748712974782,
    61.152186498545));
#1650 = CARTESIAN_POINT('',(-47.21612777048,-0.7,61.576278217212));
#1651 = CARTESIAN_POINT('',(-47.21612777048,-0.7,62.));
#1652 = PCURVE('',#301,#1653);
#1653 = DEFINITIONAL_REPRESENTATION('',(#1654),#1681);
#1654 = B_SPLINE_CURVE_WITH_KNOTS('',7,(#1655,#1656,#1657,#1658,#1659,
    #1660,#1661,#1662,#1663,#1664,#1665,#1666,#1667,#1668,#1669,#1670,
    #1671,#1672,#1673,#1674,#1675,#1676,#1677,#1678,#1679,#1680),
  .UNSPECIFIED.,.F.,.F.,(8,6,6,6,8),(0.,5.351065826316E-02,
    0.256506167753,0.38091502885,1.),.UNSPECIFIED.);
#1655 = CARTESIAN_POINT('',(-5.088138860484,-9.60842560339));
#1656 = CARTESIAN_POINT('',(-5.097531523886,-9.588310394479));
#1657 = CARTESIAN_POINT('',(-5.106961356096,-9.568534051649));
#1658 = CARTESIAN_POINT('',(-5.116426127496,-9.549100668879));
#1659 = CARTESIAN_POINT('',(-5.125923558911,-9.530013750982));
#1660 = CARTESIAN_POINT('',(-5.135451321603,-9.511276213606));
#1661 = CARTESIAN_POINT('',(-5.145007037276,-9.492890383239));
#1662 = CARTESIAN_POINT('',(-5.190935221269,-9.406451187976));
#1663 = CARTESIAN_POINT('',(-5.22760830971,-9.34320832915));
#1664 = CARTESIAN_POINT('',(-5.264507891511,-9.285138955095));
#1665 = CARTESIAN_POINT('',(-5.301531809677,-9.232151670491));
#1666 = CARTESIAN_POINT('',(-5.338571143969,-9.184072238466));
#1667 = CARTESIAN_POINT('',(-5.375505952775,-9.140661668739));
#1668 = CARTESIAN_POINT('',(-5.434690137555,-9.077715797449));
#1669 = CARTESIAN_POINT('',(-5.457106136616,-9.055425668583));
#1670 = CARTESIAN_POINT('',(-5.479441410453,-9.034677435376));
#1671 = CARTESIAN_POINT('',(-5.501687848551,-9.015385571717));
#1672 = CARTESIAN_POINT('',(-5.523836696585,-8.997465969001));
#1673 = CARTESIAN_POINT('',(-5.545878421431,-8.980836395973));
#1674 = CARTESIAN_POINT('',(-5.676901836273,-8.888686556239));
#1675 = CARTESIAN_POINT('',(-5.782633024166,-8.842242249031));
#1676 = CARTESIAN_POINT('',(-5.885651597213,-8.814462939096));
#1677 = CARTESIAN_POINT('',(-5.986574839536,-8.798067585722));
#1678 = CARTESIAN_POINT('',(-6.086019316544,-8.788596531151));
#1679 = CARTESIAN_POINT('',(-6.184645357694,-8.783872229513));
#1680 = CARTESIAN_POINT('',(-6.28318530718,-8.783872229513));
#1681 = ( GEOMETRIC_REPRESENTATION_CONTEXT(2) 
PARAMETRIC_REPRESENTATION_CONTEXT() REPRESENTATION_CONTEXT('2D SPACE',''
  ) );
#1682 = PCURVE('',#1527,#1683);
#1683 = DEFINITIONAL_REPRESENTATION('',(#1684),#1711);
#1684 = B_SPLINE_CURVE_WITH_KNOTS('',7,(#1685,#1686,#1687,#1688,#1689,
    #1690,#1691,#1692,#1693,#1694,#1695,#1696,#1697,#1698,#1699,#1700,
    #1701,#1702,#1703,#1704,#1705,#1706,#1707,#1708,#1709,#1710),
  .UNSPECIFIED.,.F.,.F.,(8,6,6,6,8),(0.,5.351065826316E-02,
    0.256506167753,0.38091502885,1.),.UNSPECIFIED.);
#1685 = CARTESIAN_POINT('',(3.633155069681,-33.00000060929));
#1686 = CARTESIAN_POINT('',(3.627276915567,-32.98517925095));
#1687 = CARTESIAN_POINT('',(3.621422491793,-32.96988755013));
#1688 = CARTESIAN_POINT('',(3.61559376159,-32.95412526598));
#1689 = CARTESIAN_POINT('',(3.609792673545,-32.93789299096));
#1690 = CARTESIAN_POINT('',(3.604021161602,-32.92119215086));
#1691 = CARTESIAN_POINT('',(3.598281145059,-32.90402500481));
#1692 = CARTESIAN_POINT('',(3.570926177419,-32.81951294466));
#1693 = CARTESIAN_POINT('',(3.549783131803,-32.7460411534));
#1694 = CARTESIAN_POINT('',(3.529226138002,-32.66611318702));
#1695 = CARTESIAN_POINT('',(3.509332069534,-32.57999494964));
#1696 = CARTESIAN_POINT('',(3.490172960665,-32.4880940747));
#1697 = CARTESIAN_POINT('',(3.471815039924,-32.3909696657));
#1698 = CARTESIAN_POINT('',(3.443594293801,-32.2270580112));
#1699 = CARTESIAN_POINT('',(3.433185962639,-32.16303561226));
#1700 = CARTESIAN_POINT('',(3.423095871114,-32.09737006567));
#1701 = CARTESIAN_POINT('',(3.413327003788,-32.03016272319));
#1702 = CARTESIAN_POINT('',(3.403882117577,-31.96152116013));
#1703 = CARTESIAN_POINT('',(3.394763630532,-31.89155927263));
#1704 = CARTESIAN_POINT('',(3.342232003127,-31.46628062673));
#1705 = CARTESIAN_POINT('',(3.306804695933,-31.08393048585));
#1706 = CARTESIAN_POINT('',(3.27905050979,-30.68245909172));
#1707 = CARTESIAN_POINT('',(3.258568073122,-30.26870590838));
#1708 = CARTESIAN_POINT('',(3.245045440748,-29.84781350145));
#1709 = CARTESIAN_POINT('',(3.238295023531,-29.42372178278));
#1710 = CARTESIAN_POINT('',(3.238295023531,-29.));
#1711 = ( GEOMETRIC_REPRESENTATION_CONTEXT(2) 
PARAMETRIC_REPRESENTATION_CONTEXT() REPRESENTATION_CONTEXT('2D SPACE',''
  ) );
#1712 = ORIENTED_EDGE('',*,*,#1430,.F.);
#1713 = ADVANCED_FACE('',(#1714),#336,.F.);
#1714 = FACE_BOUND('',#1715,.T.);
#1715 = EDGE_LOOP('',(#1716,#1717,#1740,#1767));
#1716 = ORIENTED_EDGE('',*,*,#315,.T.);
#1717 = ORIENTED_EDGE('',*,*,#1718,.T.);
#1718 = EDGE_CURVE('',#316,#1719,#1721,.T.);
#1719 = VERTEX_POINT('',#1720);
#1720 = CARTESIAN_POINT('',(-43.,-11.64213562373,44.142135623731));
#1721 = SEAM_CURVE('',#1722,(#1726,#1733),.PCURVE_S1.);
#1722 = LINE('',#1723,#1724);
#1723 = CARTESIAN_POINT('',(-56.,-11.64213562373,44.142135623731));
#1724 = VECTOR('',#1725,1.);
#1725 = DIRECTION('',(1.,0.,0.));
#1726 = PCURVE('',#336,#1727);
#1727 = DEFINITIONAL_REPRESENTATION('',(#1728),#1732);
#1728 = LINE('',#1729,#1730);
#1729 = CARTESIAN_POINT('',(-6.28318530718,0.));
#1730 = VECTOR('',#1731,1.);
#1731 = DIRECTION('',(-0.,-1.));
#1732 = ( GEOMETRIC_REPRESENTATION_CONTEXT(2) 
PARAMETRIC_REPRESENTATION_CONTEXT() REPRESENTATION_CONTEXT('2D SPACE',''
  ) );
#1733 = PCURVE('',#336,#1734);
#1734 = DEFINITIONAL_REPRESENTATION('',(#1735),#1739);
#1735 = LINE('',#1736,#1737);
#1736 = CARTESIAN_POINT('',(-0.,0.));
#1737 = VECTOR('',#1738,1.);
#1738 = DIRECTION('',(-0.,-1.));
#1739 = ( GEOMETRIC_REPRESENTATION_CONTEXT(2) 
PARAMETRIC_REPRESENTATION_CONTEXT() REPRESENTATION_CONTEXT('2D SPACE',''
  ) );
#1740 = ORIENTED_EDGE('',*,*,#1741,.T.);
#1741 = EDGE_CURVE('',#1719,#1719,#1742,.T.);
#1742 = SURFACE_CURVE('',#1743,(#1748,#1755),.PCURVE_S1.);
#1743 = CIRCLE('',#1744,2.5);
#1744 = AXIS2_PLACEMENT_3D('',#1745,#1746,#1747);
#1745 = CARTESIAN_POINT('',(-43.,-14.14213562373,44.142135623731));
#1746 = DIRECTION('',(1.,0.,0.));
#1747 = DIRECTION('',(0.,1.,0.));
#1748 = PCURVE('',#336,#1749);
#1749 = DEFINITIONAL_REPRESENTATION('',(#1750),#1754);
#1750 = LINE('',#1751,#1752);
#1751 = CARTESIAN_POINT('',(-0.,-13.));
#1752 = VECTOR('',#1753,1.);
#1753 = DIRECTION('',(-1.,0.));
#1754 = ( GEOMETRIC_REPRESENTATION_CONTEXT(2) 
PARAMETRIC_REPRESENTATION_CONTEXT() REPRESENTATION_CONTEXT('2D SPACE',''
  ) );
#1755 = PCURVE('',#1756,#1761);
#1756 = PLANE('',#1757);
#1757 = AXIS2_PLACEMENT_3D('',#1758,#1759,#1760);
#1758 = CARTESIAN_POINT('',(-43.,-14.14213562373,44.142135623731));
#1759 = DIRECTION('',(1.,0.,0.));
#1760 = DIRECTION('',(-0.,0.,1.));
#1761 = DEFINITIONAL_REPRESENTATION('',(#1762),#1766);
#1762 = CIRCLE('',#1763,2.5);
#1763 = AXIS2_PLACEMENT_2D('',#1764,#1765);
#1764 = CARTESIAN_POINT('',(7.105427357601E-15,3.552713678801E-15));
#1765 = DIRECTION('',(0.,-1.));
#1766 = ( GEOMETRIC_REPRESENTATION_CONTEXT(2) 
PARAMETRIC_REPRESENTATION_CONTEXT() REPRESENTATION_CONTEXT('2D SPACE',''
  ) );
#1767 = ORIENTED_EDGE('',*,*,#1718,.F.);
#1768 = ADVANCED_FACE('',(#1769,#1775,#1810,#1845,#1880,#1883,#1918),
  #412,.T.);
#1769 = FACE_BOUND('',#1770,.T.);
#1770 = EDGE_LOOP('',(#1771,#1772,#1773,#1774));
#1771 = ORIENTED_EDGE('',*,*,#398,.F.);
#1772 = ORIENTED_EDGE('',*,*,#575,.T.);
#1773 = ORIENTED_EDGE('',*,*,#765,.T.);
#1774 = ORIENTED_EDGE('',*,*,#464,.F.);
#1775 = FACE_BOUND('',#1776,.T.);
#1776 = EDGE_LOOP('',(#1777));
#1777 = ORIENTED_EDGE('',*,*,#1778,.T.);
#1778 = EDGE_CURVE('',#1779,#1779,#1781,.T.);
#1779 = VERTEX_POINT('',#1780);
#1780 = CARTESIAN_POINT('',(55.,16.642135623731,15.857864376269));
#1781 = SURFACE_CURVE('',#1782,(#1787,#1798),.PCURVE_S1.);
#1782 = CIRCLE('',#1783,2.5);
#1783 = AXIS2_PLACEMENT_3D('',#1784,#1785,#1786);
#1784 = CARTESIAN_POINT('',(55.,14.142135623731,15.857864376269));
#1785 = DIRECTION('',(-1.,0.,0.));
#1786 = DIRECTION('',(0.,1.,0.));
#1787 = PCURVE('',#412,#1788);
#1788 = DEFINITIONAL_REPRESENTATION('',(#1789),#1797);
#1789 = ( BOUNDED_CURVE() B_SPLINE_CURVE(2,(#1790,#1791,#1792,#1793,
#1794,#1795,#1796),.UNSPECIFIED.,.T.,.F.) B_SPLINE_CURVE_WITH_KNOTS((1,2
    ,2,2,2,1),(-2.094395102393,0.,2.094395102393,4.188790204786,
6.28318530718,8.377580409573),.UNSPECIFIED.) CURVE() 
GEOMETRIC_REPRESENTATION_ITEM() RATIONAL_B_SPLINE_CURVE((1.,0.5,1.,0.5,
1.,0.5,1.)) REPRESENTATION_ITEM('') );
#1790 = CARTESIAN_POINT('',(15.857864376269,-46.64213562373));
#1791 = CARTESIAN_POINT('',(11.527737357347,-46.64213562373));
#1792 = CARTESIAN_POINT('',(13.692800866808,-42.89213562373));
#1793 = CARTESIAN_POINT('',(15.857864376269,-39.14213562373));
#1794 = CARTESIAN_POINT('',(18.02292788573,-42.89213562373));
#1795 = CARTESIAN_POINT('',(20.187991395191,-46.64213562373));
#1796 = CARTESIAN_POINT('',(15.857864376269,-46.64213562373));
#1797 = ( GEOMETRIC_REPRESENTATION_CONTEXT(2) 
PARAMETRIC_REPRESENTATION_CONTEXT() REPRESENTATION_CONTEXT('2D SPACE',''
  ) );
#1798 = PCURVE('',#1799,#1804);
#1799 = CYLINDRICAL_SURFACE('',#1800,2.5);
#1800 = AXIS2_PLACEMENT_3D('',#1801,#1802,#1803);
#1801 = CARTESIAN_POINT('',(43.,14.142135623731,15.857864376269));
#1802 = DIRECTION('',(-1.,-0.,-0.));
#1803 = DIRECTION('',(0.,1.,0.));
#1804 = DEFINITIONAL_REPRESENTATION('',(#1805),#1809);
#1805 = LINE('',#1806,#1807);
#1806 = CARTESIAN_POINT('',(-6.28318530718,-12.));
#1807 = VECTOR('',#1808,1.);
#1808 = DIRECTION('',(1.,-0.));
#1809 = ( GEOMETRIC_REPRESENTATION_CONTEXT(2) 
PARAMETRIC_REPRESENTATION_CONTEXT() REPRESENTATION_CONTEXT('2D SPACE',''
  ) );
#1810 = FACE_BOUND('',#1811,.T.);
#1811 = EDGE_LOOP('',(#1812));
#1812 = ORIENTED_EDGE('',*,*,#1813,.T.);
#1813 = EDGE_CURVE('',#1814,#1814,#1816,.T.);
#1814 = VERTEX_POINT('',#1815);
#1815 = CARTESIAN_POINT('',(55.,16.642135623731,44.142135623731));
#1816 = SURFACE_CURVE('',#1817,(#1822,#1833),.PCURVE_S1.);
#1817 = CIRCLE('',#1818,2.5);
#1818 = AXIS2_PLACEMENT_3D('',#1819,#1820,#1821);
#1819 = CARTESIAN_POINT('',(55.,14.142135623731,44.142135623731));
#1820 = DIRECTION('',(-1.,0.,0.));
#1821 = DIRECTION('',(0.,1.,0.));
#1822 = PCURVE('',#412,#1823);
#1823 = DEFINITIONAL_REPRESENTATION('',(#1824),#1832);
#1824 = ( BOUNDED_CURVE() B_SPLINE_CURVE(2,(#1825,#1826,#1827,#1828,
#1829,#1830,#1831),.UNSPECIFIED.,.T.,.F.) B_SPLINE_CURVE_WITH_KNOTS((1,2
    ,2,2,2,1),(-2.094395102393,0.,2.094395102393,4.188790204786,
6.28318530718,8.377580409573),.UNSPECIFIED.) CURVE() 
GEOMETRIC_REPRESENTATION_ITEM() RATIONAL_B_SPLINE_CURVE((1.,0.5,1.,0.5,
1.,0.5,1.)) REPRESENTATION_ITEM('') );
#1825 = CARTESIAN_POINT('',(44.142135623731,-46.64213562373));
#1826 = CARTESIAN_POINT('',(39.812008604809,-46.64213562373));
#1827 = CARTESIAN_POINT('',(41.97707211427,-42.89213562373));
#1828 = CARTESIAN_POINT('',(44.142135623731,-39.14213562373));
#1829 = CARTESIAN_POINT('',(46.307199133192,-42.89213562373));
#1830 = CARTESIAN_POINT('',(48.472262642653,-46.64213562373));
#1831 = CARTESIAN_POINT('',(44.142135623731,-46.64213562373));
#1832 = ( GEOMETRIC_REPRESENTATION_CONTEXT(2) 
PARAMETRIC_REPRESENTATION_CONTEXT() REPRESENTATION_CONTEXT('2D SPACE',''
  ) );
#1833 = PCURVE('',#1834,#1839);
#1834 = CYLINDRICAL_SURFACE('',#1835,2.5);
#1835 = AXIS2_PLACEMENT_3D('',#1836,#1837,#1838);
#1836 = CARTESIAN_POINT('',(43.,14.142135623731,44.142135623731));
#1837 = DIRECTION('',(-1.,-0.,-0.));
#1838 = DIRECTION('',(0.,1.,0.));
#1839 = DEFINITIONAL_REPRESENTATION('',(#1840),#1844);
#1840 = LINE('',#1841,#1842);
#1841 = CARTESIAN_POINT('',(-6.28318530718,-12.));
#1842 = VECTOR('',#1843,1.);
#1843 = DIRECTION('',(1.,-0.));
#1844 = ( GEOMETRIC_REPRESENTATION_CONTEXT(2) 
PARAMETRIC_REPRESENTATION_CONTEXT() REPRESENTATION_CONTEXT('2D SPACE',''
  ) );
#1845 = FACE_BOUND('',#1846,.T.);
#1846 = EDGE_LOOP('',(#1847));
#1847 = ORIENTED_EDGE('',*,*,#1848,.T.);
#1848 = EDGE_CURVE('',#1849,#1849,#1851,.T.);
#1849 = VERTEX_POINT('',#1850);
#1850 = CARTESIAN_POINT('',(55.,9.3,70.));
#1851 = SURFACE_CURVE('',#1852,(#1857,#1868),.PCURVE_S1.);
#1852 = CIRCLE('',#1853,4.3);
#1853 = AXIS2_PLACEMENT_3D('',#1854,#1855,#1856);
#1854 = CARTESIAN_POINT('',(55.,5.,70.));
#1855 = DIRECTION('',(-1.,0.,0.));
#1856 = DIRECTION('',(0.,1.,0.));
#1857 = PCURVE('',#412,#1858);
#1858 = DEFINITIONAL_REPRESENTATION('',(#1859),#1867);
#1859 = ( BOUNDED_CURVE() B_SPLINE_CURVE(2,(#1860,#1861,#1862,#1863,
#1864,#1865,#1866),.UNSPECIFIED.,.T.,.F.) B_SPLINE_CURVE_WITH_KNOTS((1,2
    ,2,2,2,1),(-2.094395102393,0.,2.094395102393,4.188790204786,
6.28318530718,8.377580409573),.UNSPECIFIED.) CURVE() 
GEOMETRIC_REPRESENTATION_ITEM() RATIONAL_B_SPLINE_CURVE((1.,0.5,1.,0.5,
1.,0.5,1.)) REPRESENTATION_ITEM('') );
#1860 = CARTESIAN_POINT('',(70.,-39.3));
#1861 = CARTESIAN_POINT('',(62.552181527454,-39.3));
#1862 = CARTESIAN_POINT('',(66.276090763727,-32.85));
#1863 = CARTESIAN_POINT('',(70.,-26.4));
#1864 = CARTESIAN_POINT('',(73.723909236273,-32.85));
#1865 = CARTESIAN_POINT('',(77.447818472546,-39.3));
#1866 = CARTESIAN_POINT('',(70.,-39.3));
#1867 = ( GEOMETRIC_REPRESENTATION_CONTEXT(2) 
PARAMETRIC_REPRESENTATION_CONTEXT() REPRESENTATION_CONTEXT('2D SPACE',''
  ) );
#1868 = PCURVE('',#1869,#1874);
#1869 = CYLINDRICAL_SURFACE('',#1870,4.3);
#1870 = AXIS2_PLACEMENT_3D('',#1871,#1872,#1873);
#1871 = CARTESIAN_POINT('',(46.,5.,70.));
#1872 = DIRECTION('',(-1.,-0.,-0.));
#1873 = DIRECTION('',(0.,1.,0.));
#1874 = DEFINITIONAL_REPRESENTATION('',(#1875),#1879);
#1875 = LINE('',#1876,#1877);
#1876 = CARTESIAN_POINT('',(-6.28318530718,-9.));
#1877 = VECTOR('',#1878,1.);
#1878 = DIRECTION('',(1.,-0.));
#1879 = ( GEOMETRIC_REPRESENTATION_CONTEXT(2) 
PARAMETRIC_REPRESENTATION_CONTEXT() REPRESENTATION_CONTEXT('2D SPACE',''
  ) );
#1880 = FACE_BOUND('',#1881,.T.);
#1881 = EDGE_LOOP('',(#1882));
#1882 = ORIENTED_EDGE('',*,*,#954,.T.);
#1883 = FACE_BOUND('',#1884,.T.);
#1884 = EDGE_LOOP('',(#1885));
#1885 = ORIENTED_EDGE('',*,*,#1886,.T.);
#1886 = EDGE_CURVE('',#1887,#1887,#1889,.T.);
#1887 = VERTEX_POINT('',#1888);
#1888 = CARTESIAN_POINT('',(55.,-11.64213562373,15.857864376269));
#1889 = SURFACE_CURVE('',#1890,(#1895,#1906),.PCURVE_S1.);
#1890 = CIRCLE('',#1891,2.5);
#1891 = AXIS2_PLACEMENT_3D('',#1892,#1893,#1894);
#1892 = CARTESIAN_POINT('',(55.,-14.14213562373,15.857864376269));
#1893 = DIRECTION('',(-1.,0.,0.));
#1894 = DIRECTION('',(0.,1.,0.));
#1895 = PCURVE('',#412,#1896);
#1896 = DEFINITIONAL_REPRESENTATION('',(#1897),#1905);
#1897 = ( BOUNDED_CURVE() B_SPLINE_CURVE(2,(#1898,#1899,#1900,#1901,
#1902,#1903,#1904),.UNSPECIFIED.,.T.,.F.) B_SPLINE_CURVE_WITH_KNOTS((1,2
    ,2,2,2,1),(-2.094395102393,0.,2.094395102393,4.188790204786,
6.28318530718,8.377580409573),.UNSPECIFIED.) CURVE() 
GEOMETRIC_REPRESENTATION_ITEM() RATIONAL_B_SPLINE_CURVE((1.,0.5,1.,0.5,
1.,0.5,1.)) REPRESENTATION_ITEM('') );
#1898 = CARTESIAN_POINT('',(15.857864376269,-18.35786437626));
#1899 = CARTESIAN_POINT('',(11.527737357347,-18.35786437626));
#1900 = CARTESIAN_POINT('',(13.692800866808,-14.60786437626));
#1901 = CARTESIAN_POINT('',(15.857864376269,-10.85786437626));
#1902 = CARTESIAN_POINT('',(18.02292788573,-14.60786437626));
#1903 = CARTESIAN_POINT('',(20.187991395191,-18.35786437626));
#1904 = CARTESIAN_POINT('',(15.857864376269,-18.35786437626));
#1905 = ( GEOMETRIC_REPRESENTATION_CONTEXT(2) 
PARAMETRIC_REPRESENTATION_CONTEXT() REPRESENTATION_CONTEXT('2D SPACE',''
  ) );
#1906 = PCURVE('',#1907,#1912);
#1907 = CYLINDRICAL_SURFACE('',#1908,2.5);
#1908 = AXIS2_PLACEMENT_3D('',#1909,#1910,#1911);
#1909 = CARTESIAN_POINT('',(43.,-14.14213562373,15.857864376269));
#1910 = DIRECTION('',(-1.,-0.,-0.));
#1911 = DIRECTION('',(0.,1.,0.));
#1912 = DEFINITIONAL_REPRESENTATION('',(#1913),#1917);
#1913 = LINE('',#1914,#1915);
#1914 = CARTESIAN_POINT('',(-6.28318530718,-12.));
#1915 = VECTOR('',#1916,1.);
#1916 = DIRECTION('',(1.,-0.));
#1917 = ( GEOMETRIC_REPRESENTATION_CONTEXT(2) 
PARAMETRIC_REPRESENTATION_CONTEXT() REPRESENTATION_CONTEXT('2D SPACE',''
  ) );
#1918 = FACE_BOUND('',#1919,.T.);
#1919 = EDGE_LOOP('',(#1920));
#1920 = ORIENTED_EDGE('',*,*,#1921,.T.);
#1921 = EDGE_CURVE('',#1922,#1922,#1924,.T.);
#1922 = VERTEX_POINT('',#1923);
#1923 = CARTESIAN_POINT('',(55.,-11.64213562373,44.142135623731));
#1924 = SURFACE_CURVE('',#1925,(#1930,#1941),.PCURVE_S1.);
#1925 = CIRCLE('',#1926,2.5);
#1926 = AXIS2_PLACEMENT_3D('',#1927,#1928,#1929);
#1927 = CARTESIAN_POINT('',(55.,-14.14213562373,44.142135623731));
#1928 = DIRECTION('',(-1.,0.,0.));
#1929 = DIRECTION('',(0.,1.,0.));
#1930 = PCURVE('',#412,#1931);
#1931 = DEFINITIONAL_REPRESENTATION('',(#1932),#1940);
#1932 = ( BOUNDED_CURVE() B_SPLINE_CURVE(2,(#1933,#1934,#1935,#1936,
#1937,#1938,#1939),.UNSPECIFIED.,.T.,.F.) B_SPLINE_CURVE_WITH_KNOTS((1,2
    ,2,2,2,1),(-2.094395102393,0.,2.094395102393,4.188790204786,
6.28318530718,8.377580409573),.UNSPECIFIED.) CURVE() 
GEOMETRIC_REPRESENTATION_ITEM() RATIONAL_B_SPLINE_CURVE((1.,0.5,1.,0.5,
1.,0.5,1.)) REPRESENTATION_ITEM('') );
#1933 = CARTESIAN_POINT('',(44.142135623731,-18.35786437626));
#1934 = CARTESIAN_POINT('',(39.812008604809,-18.35786437626));
#1935 = CARTESIAN_POINT('',(41.97707211427,-14.60786437626));
#1936 = CARTESIAN_POINT('',(44.142135623731,-10.85786437626));
#1937 = CARTESIAN_POINT('',(46.307199133192,-14.60786437626));
#1938 = CARTESIAN_POINT('',(48.472262642653,-18.35786437626));
#1939 = CARTESIAN_POINT('',(44.142135623731,-18.35786437626));
#1940 = ( GEOMETRIC_REPRESENTATION_CONTEXT(2) 
PARAMETRIC_REPRESENTATION_CONTEXT() REPRESENTATION_CONTEXT('2D SPACE',''
  ) );
#1941 = PCURVE('',#1942,#1947);
#1942 = CYLINDRICAL_SURFACE('',#1943,2.5);
#1943 = AXIS2_PLACEMENT_3D('',#1944,#1945,#1946);
#1944 = CARTESIAN_POINT('',(43.,-14.14213562373,44.142135623731));
#1945 = DIRECTION('',(-1.,-0.,-0.));
#1946 = DIRECTION('',(0.,1.,0.));
#1947 = DEFINITIONAL_REPRESENTATION('',(#1948),#1952);
#1948 = LINE('',#1949,#1950);
#1949 = CARTESIAN_POINT('',(-6.28318530718,-12.));
#1950 = VECTOR('',#1951,1.);
#1951 = DIRECTION('',(1.,-0.));
#1952 = ( GEOMETRIC_REPRESENTATION_CONTEXT(2) 
PARAMETRIC_REPRESENTATION_CONTEXT() REPRESENTATION_CONTEXT('2D SPACE',''
  ) );
#1953 = ADVANCED_FACE('',(#1954),#447,.F.);
#1954 = FACE_BOUND('',#1955,.F.);
#1955 = EDGE_LOOP('',(#1956,#1957,#1980,#2007));
#1956 = ORIENTED_EDGE('',*,*,#426,.F.);
#1957 = ORIENTED_EDGE('',*,*,#1958,.T.);
#1958 = EDGE_CURVE('',#427,#1959,#1961,.T.);
#1959 = VERTEX_POINT('',#1960);
#1960 = CARTESIAN_POINT('',(5.75,-18.,62.));
#1961 = SEAM_CURVE('',#1962,(#1966,#1973),.PCURVE_S1.);
#1962 = LINE('',#1963,#1964);
#1963 = CARTESIAN_POINT('',(5.75,-31.,62.));
#1964 = VECTOR('',#1965,1.);
#1965 = DIRECTION('',(-0.,1.,-0.));
#1966 = PCURVE('',#447,#1967);
#1967 = DEFINITIONAL_REPRESENTATION('',(#1968),#1972);
#1968 = LINE('',#1969,#1970);
#1969 = CARTESIAN_POINT('',(6.28318530718,0.));
#1970 = VECTOR('',#1971,1.);
#1971 = DIRECTION('',(0.,-1.));
#1972 = ( GEOMETRIC_REPRESENTATION_CONTEXT(2) 
PARAMETRIC_REPRESENTATION_CONTEXT() REPRESENTATION_CONTEXT('2D SPACE',''
  ) );
#1973 = PCURVE('',#447,#1974);
#1974 = DEFINITIONAL_REPRESENTATION('',(#1975),#1979);
#1975 = LINE('',#1976,#1977);
#1976 = CARTESIAN_POINT('',(0.,0.));
#1977 = VECTOR('',#1978,1.);
#1978 = DIRECTION('',(0.,-1.));
#1979 = ( GEOMETRIC_REPRESENTATION_CONTEXT(2) 
PARAMETRIC_REPRESENTATION_CONTEXT() REPRESENTATION_CONTEXT('2D SPACE',''
  ) );
#1980 = ORIENTED_EDGE('',*,*,#1981,.T.);
#1981 = EDGE_CURVE('',#1959,#1959,#1982,.T.);
#1982 = SURFACE_CURVE('',#1983,(#1988,#1995),.PCURVE_S1.);
#1983 = CIRCLE('',#1984,5.75);
#1984 = AXIS2_PLACEMENT_3D('',#1985,#1986,#1987);
#1985 = CARTESIAN_POINT('',(0.,-18.,62.));
#1986 = DIRECTION('',(0.,-1.,0.));
#1987 = DIRECTION('',(1.,0.,0.));
#1988 = PCURVE('',#447,#1989);
#1989 = DEFINITIONAL_REPRESENTATION('',(#1990),#1994);
#1990 = LINE('',#1991,#1992);
#1991 = CARTESIAN_POINT('',(0.,-13.));
#1992 = VECTOR('',#1993,1.);
#1993 = DIRECTION('',(1.,0.));
#1994 = ( GEOMETRIC_REPRESENTATION_CONTEXT(2) 
PARAMETRIC_REPRESENTATION_CONTEXT() REPRESENTATION_CONTEXT('2D SPACE',''
  ) );
#1995 = PCURVE('',#1996,#2001);
#1996 = PLANE('',#1997);
#1997 = AXIS2_PLACEMENT_3D('',#1998,#1999,#2000);
#1998 = CARTESIAN_POINT('',(-8.323548632849E-16,-18.,62.));
#1999 = DIRECTION('',(-0.,-1.,-0.));
#2000 = DIRECTION('',(0.,0.,-1.));
#2001 = DEFINITIONAL_REPRESENTATION('',(#2002),#2006);
#2002 = CIRCLE('',#2003,5.75);
#2003 = AXIS2_PLACEMENT_2D('',#2004,#2005);
#2004 = CARTESIAN_POINT('',(-7.105427357601E-15,8.323548632849E-16));
#2005 = DIRECTION('',(0.,1.));
#2006 = ( GEOMETRIC_REPRESENTATION_CONTEXT(2) 
PARAMETRIC_REPRESENTATION_CONTEXT() REPRESENTATION_CONTEXT('2D SPACE',''
  ) );
#2007 = ORIENTED_EDGE('',*,*,#1958,.F.);
#2008 = ADVANCED_FACE('',(#2009),#527,.F.);
#2009 = FACE_BOUND('',#2010,.F.);
#2010 = EDGE_LOOP('',(#2011,#2012,#2035,#2062));
#2011 = ORIENTED_EDGE('',*,*,#510,.F.);
#2012 = ORIENTED_EDGE('',*,*,#2013,.T.);
#2013 = EDGE_CURVE('',#511,#2014,#2016,.T.);
#2014 = VERTEX_POINT('',#2015);
#2015 = CARTESIAN_POINT('',(-30.25,0.,88.5));
#2016 = SEAM_CURVE('',#2017,(#2021,#2028),.PCURVE_S1.);
#2017 = LINE('',#2018,#2019);
#2018 = CARTESIAN_POINT('',(-30.25,0.,91.));
#2019 = VECTOR('',#2020,1.);
#2020 = DIRECTION('',(-0.,-0.,-1.));
#2021 = PCURVE('',#527,#2022);
#2022 = DEFINITIONAL_REPRESENTATION('',(#2023),#2027);
#2023 = LINE('',#2024,#2025);
#2024 = CARTESIAN_POINT('',(6.28318530718,0.));
#2025 = VECTOR('',#2026,1.);
#2026 = DIRECTION('',(0.,-1.));
#2027 = ( GEOMETRIC_REPRESENTATION_CONTEXT(2) 
PARAMETRIC_REPRESENTATION_CONTEXT() REPRESENTATION_CONTEXT('2D SPACE',''
  ) );
#2028 = PCURVE('',#527,#2029);
#2029 = DEFINITIONAL_REPRESENTATION('',(#2030),#2034);
#2030 = LINE('',#2031,#2032);
#2031 = CARTESIAN_POINT('',(0.,0.));
#2032 = VECTOR('',#2033,1.);
#2033 = DIRECTION('',(0.,-1.));
#2034 = ( GEOMETRIC_REPRESENTATION_CONTEXT(2) 
PARAMETRIC_REPRESENTATION_CONTEXT() REPRESENTATION_CONTEXT('2D SPACE',''
  ) );
#2035 = ORIENTED_EDGE('',*,*,#2036,.T.);
#2036 = EDGE_CURVE('',#2014,#2014,#2037,.T.);
#2037 = SURFACE_CURVE('',#2038,(#2043,#2050),.PCURVE_S1.);
#2038 = CIRCLE('',#2039,9.75);
#2039 = AXIS2_PLACEMENT_3D('',#2040,#2041,#2042);
#2040 = CARTESIAN_POINT('',(-40.,0.,88.5));
#2041 = DIRECTION('',(0.,0.,1.));
#2042 = DIRECTION('',(1.,0.,0.));
#2043 = PCURVE('',#527,#2044);
#2044 = DEFINITIONAL_REPRESENTATION('',(#2045),#2049);
#2045 = LINE('',#2046,#2047);
#2046 = CARTESIAN_POINT('',(0.,-2.5));
#2047 = VECTOR('',#2048,1.);
#2048 = DIRECTION('',(1.,0.));
#2049 = ( GEOMETRIC_REPRESENTATION_CONTEXT(2) 
PARAMETRIC_REPRESENTATION_CONTEXT() REPRESENTATION_CONTEXT('2D SPACE',''
  ) );
#2050 = PCURVE('',#2051,#2056);
#2051 = PLANE('',#2052);
#2052 = AXIS2_PLACEMENT_3D('',#2053,#2054,#2055);
#2053 = CARTESIAN_POINT('',(-40.,7.239919503095E-16,88.5));
#2054 = DIRECTION('',(0.,0.,1.));
#2055 = DIRECTION('',(1.,0.,-0.));
#2056 = DEFINITIONAL_REPRESENTATION('',(#2057),#2061);
#2057 = CIRCLE('',#2058,9.75);
#2058 = AXIS2_PLACEMENT_2D('',#2059,#2060);
#2059 = CARTESIAN_POINT('',(7.105427357601E-15,-7.239919503095E-16));
#2060 = DIRECTION('',(1.,0.));
#2061 = ( GEOMETRIC_REPRESENTATION_CONTEXT(2) 
PARAMETRIC_REPRESENTATION_CONTEXT() REPRESENTATION_CONTEXT('2D SPACE',''
  ) );
#2062 = ORIENTED_EDGE('',*,*,#2013,.F.);
#2063 = ADVANCED_FACE('',(#2064),#558,.F.);
#2064 = FACE_BOUND('',#2065,.F.);
#2065 = EDGE_LOOP('',(#2066,#2067,#2090,#2117));
#2066 = ORIENTED_EDGE('',*,*,#541,.F.);
#2067 = ORIENTED_EDGE('',*,*,#2068,.T.);
#2068 = EDGE_CURVE('',#542,#2069,#2071,.T.);
#2069 = VERTEX_POINT('',#2070);
#2070 = CARTESIAN_POINT('',(49.75,0.,88.5));
#2071 = SEAM_CURVE('',#2072,(#2076,#2083),.PCURVE_S1.);
#2072 = LINE('',#2073,#2074);
#2073 = CARTESIAN_POINT('',(49.75,0.,91.));
#2074 = VECTOR('',#2075,1.);
#2075 = DIRECTION('',(-0.,-0.,-1.));
#2076 = PCURVE('',#558,#2077);
#2077 = DEFINITIONAL_REPRESENTATION('',(#2078),#2082);
#2078 = LINE('',#2079,#2080);
#2079 = CARTESIAN_POINT('',(6.28318530718,0.));
#2080 = VECTOR('',#2081,1.);
#2081 = DIRECTION('',(0.,-1.));
#2082 = ( GEOMETRIC_REPRESENTATION_CONTEXT(2) 
PARAMETRIC_REPRESENTATION_CONTEXT() REPRESENTATION_CONTEXT('2D SPACE',''
  ) );
#2083 = PCURVE('',#558,#2084);
#2084 = DEFINITIONAL_REPRESENTATION('',(#2085),#2089);
#2085 = LINE('',#2086,#2087);
#2086 = CARTESIAN_POINT('',(0.,0.));
#2087 = VECTOR('',#2088,1.);
#2088 = DIRECTION('',(0.,-1.));
#2089 = ( GEOMETRIC_REPRESENTATION_CONTEXT(2) 
PARAMETRIC_REPRESENTATION_CONTEXT() REPRESENTATION_CONTEXT('2D SPACE',''
  ) );
#2090 = ORIENTED_EDGE('',*,*,#2091,.T.);
#2091 = EDGE_CURVE('',#2069,#2069,#2092,.T.);
#2092 = SURFACE_CURVE('',#2093,(#2098,#2105),.PCURVE_S1.);
#2093 = CIRCLE('',#2094,9.75);
#2094 = AXIS2_PLACEMENT_3D('',#2095,#2096,#2097);
#2095 = CARTESIAN_POINT('',(40.,0.,88.5));
#2096 = DIRECTION('',(0.,0.,1.));
#2097 = DIRECTION('',(1.,0.,0.));
#2098 = PCURVE('',#558,#2099);
#2099 = DEFINITIONAL_REPRESENTATION('',(#2100),#2104);
#2100 = LINE('',#2101,#2102);
#2101 = CARTESIAN_POINT('',(0.,-2.5));
#2102 = VECTOR('',#2103,1.);
#2103 = DIRECTION('',(1.,0.));
#2104 = ( GEOMETRIC_REPRESENTATION_CONTEXT(2) 
PARAMETRIC_REPRESENTATION_CONTEXT() REPRESENTATION_CONTEXT('2D SPACE',''
  ) );
#2105 = PCURVE('',#2106,#2111);
#2106 = PLANE('',#2107);
#2107 = AXIS2_PLACEMENT_3D('',#2108,#2109,#2110);
#2108 = CARTESIAN_POINT('',(40.,7.239919503095E-16,88.5));
#2109 = DIRECTION('',(0.,0.,1.));
#2110 = DIRECTION('',(1.,0.,-0.));
#2111 = DEFINITIONAL_REPRESENTATION('',(#2112),#2116);
#2112 = CIRCLE('',#2113,9.75);
#2113 = AXIS2_PLACEMENT_2D('',#2114,#2115);
#2114 = CARTESIAN_POINT('',(0.,-7.239919503095E-16));
#2115 = DIRECTION('',(1.,0.));
#2116 = ( GEOMETRIC_REPRESENTATION_CONTEXT(2) 
PARAMETRIC_REPRESENTATION_CONTEXT() REPRESENTATION_CONTEXT('2D SPACE',''
  ) );
#2117 = ORIENTED_EDGE('',*,*,#2068,.F.);
#2118 = ADVANCED_FACE('',(#2119),#642,.F.);
#2119 = FACE_BOUND('',#2120,.T.);
#2120 = EDGE_LOOP('',(#2121,#2122,#2145,#2172));
#2121 = ORIENTED_EDGE('',*,*,#621,.T.);
#2122 = ORIENTED_EDGE('',*,*,#2123,.T.);
#2123 = EDGE_CURVE('',#622,#2124,#2126,.T.);
#2124 = VERTEX_POINT('',#2125);
#2125 = CARTESIAN_POINT('',(-36.6,-20.,14.));
#2126 = SEAM_CURVE('',#2127,(#2131,#2138),.PCURVE_S1.);
#2127 = LINE('',#2128,#2129);
#2128 = CARTESIAN_POINT('',(-36.6,-20.,-1.));
#2129 = VECTOR('',#2130,1.);
#2130 = DIRECTION('',(0.,0.,1.));
#2131 = PCURVE('',#642,#2132);
#2132 = DEFINITIONAL_REPRESENTATION('',(#2133),#2137);
#2133 = LINE('',#2134,#2135);
#2134 = CARTESIAN_POINT('',(-6.28318530718,0.));
#2135 = VECTOR('',#2136,1.);
#2136 = DIRECTION('',(-0.,-1.));
#2137 = ( GEOMETRIC_REPRESENTATION_CONTEXT(2) 
PARAMETRIC_REPRESENTATION_CONTEXT() REPRESENTATION_CONTEXT('2D SPACE',''
  ) );
#2138 = PCURVE('',#642,#2139);
#2139 = DEFINITIONAL_REPRESENTATION('',(#2140),#2144);
#2140 = LINE('',#2141,#2142);
#2141 = CARTESIAN_POINT('',(-0.,0.));
#2142 = VECTOR('',#2143,1.);
#2143 = DIRECTION('',(-0.,-1.));
#2144 = ( GEOMETRIC_REPRESENTATION_CONTEXT(2) 
PARAMETRIC_REPRESENTATION_CONTEXT() REPRESENTATION_CONTEXT('2D SPACE',''
  ) );
#2145 = ORIENTED_EDGE('',*,*,#2146,.T.);
#2146 = EDGE_CURVE('',#2124,#2124,#2147,.T.);
#2147 = SURFACE_CURVE('',#2148,(#2153,#2160),.PCURVE_S1.);
#2148 = CIRCLE('',#2149,3.4);
#2149 = AXIS2_PLACEMENT_3D('',#2150,#2151,#2152);
#2150 = CARTESIAN_POINT('',(-40.,-20.,14.));
#2151 = DIRECTION('',(0.,0.,1.));
#2152 = DIRECTION('',(1.,0.,0.));
#2153 = PCURVE('',#642,#2154);
#2154 = DEFINITIONAL_REPRESENTATION('',(#2155),#2159);
#2155 = LINE('',#2156,#2157);
#2156 = CARTESIAN_POINT('',(-0.,-15.));
#2157 = VECTOR('',#2158,1.);
#2158 = DIRECTION('',(-1.,0.));
#2159 = ( GEOMETRIC_REPRESENTATION_CONTEXT(2) 
PARAMETRIC_REPRESENTATION_CONTEXT() REPRESENTATION_CONTEXT('2D SPACE',''
  ) );
#2160 = PCURVE('',#2161,#2166);
#2161 = PLANE('',#2162);
#2162 = AXIS2_PLACEMENT_3D('',#2163,#2164,#2165);
#2163 = CARTESIAN_POINT('',(-40.,-20.,14.));
#2164 = DIRECTION('',(0.,0.,1.));
#2165 = DIRECTION('',(1.,0.,-0.));
#2166 = DEFINITIONAL_REPRESENTATION('',(#2167),#2171);
#2167 = CIRCLE('',#2168,3.4);
#2168 = AXIS2_PLACEMENT_2D('',#2169,#2170);
#2169 = CARTESIAN_POINT('',(0.,0.));
#2170 = DIRECTION('',(1.,0.));
#2171 = ( GEOMETRIC_REPRESENTATION_CONTEXT(2) 
PARAMETRIC_REPRESENTATION_CONTEXT() REPRESENTATION_CONTEXT('2D SPACE',''
  ) );
#2172 = ORIENTED_EDGE('',*,*,#2123,.F.);
#2173 = ADVANCED_FACE('',(#2174),#677,.F.);
#2174 = FACE_BOUND('',#2175,.T.);
#2175 = EDGE_LOOP('',(#2176,#2177,#2200,#2227));
#2176 = ORIENTED_EDGE('',*,*,#656,.T.);
#2177 = ORIENTED_EDGE('',*,*,#2178,.T.);
#2178 = EDGE_CURVE('',#657,#2179,#2181,.T.);
#2179 = VERTEX_POINT('',#2180);
#2180 = CARTESIAN_POINT('',(43.4,-20.,14.));
#2181 = SEAM_CURVE('',#2182,(#2186,#2193),.PCURVE_S1.);
#2182 = LINE('',#2183,#2184);
#2183 = CARTESIAN_POINT('',(43.4,-20.,-1.));
#2184 = VECTOR('',#2185,1.);
#2185 = DIRECTION('',(0.,0.,1.));
#2186 = PCURVE('',#677,#2187);
#2187 = DEFINITIONAL_REPRESENTATION('',(#2188),#2192);
#2188 = LINE('',#2189,#2190);
#2189 = CARTESIAN_POINT('',(-6.28318530718,0.));
#2190 = VECTOR('',#2191,1.);
#2191 = DIRECTION('',(-0.,-1.));
#2192 = ( GEOMETRIC_REPRESENTATION_CONTEXT(2) 
PARAMETRIC_REPRESENTATION_CONTEXT() REPRESENTATION_CONTEXT('2D SPACE',''
  ) );
#2193 = PCURVE('',#677,#2194);
#2194 = DEFINITIONAL_REPRESENTATION('',(#2195),#2199);
#2195 = LINE('',#2196,#2197);
#2196 = CARTESIAN_POINT('',(-0.,0.));
#2197 = VECTOR('',#2198,1.);
#2198 = DIRECTION('',(-0.,-1.));
#2199 = ( GEOMETRIC_REPRESENTATION_CONTEXT(2) 
PARAMETRIC_REPRESENTATION_CONTEXT() REPRESENTATION_CONTEXT('2D SPACE',''
  ) );
#2200 = ORIENTED_EDGE('',*,*,#2201,.T.);
#2201 = EDGE_CURVE('',#2179,#2179,#2202,.T.);
#2202 = SURFACE_CURVE('',#2203,(#2208,#2215),.PCURVE_S1.);
#2203 = CIRCLE('',#2204,3.4);
#2204 = AXIS2_PLACEMENT_3D('',#2205,#2206,#2207);
#2205 = CARTESIAN_POINT('',(40.,-20.,14.));
#2206 = DIRECTION('',(0.,0.,1.));
#2207 = DIRECTION('',(1.,0.,0.));
#2208 = PCURVE('',#677,#2209);
#2209 = DEFINITIONAL_REPRESENTATION('',(#2210),#2214);
#2210 = LINE('',#2211,#2212);
#2211 = CARTESIAN_POINT('',(-0.,-15.));
#2212 = VECTOR('',#2213,1.);
#2213 = DIRECTION('',(-1.,0.));
#2214 = ( GEOMETRIC_REPRESENTATION_CONTEXT(2) 
PARAMETRIC_REPRESENTATION_CONTEXT() REPRESENTATION_CONTEXT('2D SPACE',''
  ) );
#2215 = PCURVE('',#2216,#2221);
#2216 = PLANE('',#2217);
#2217 = AXIS2_PLACEMENT_3D('',#2218,#2219,#2220);
#2218 = CARTESIAN_POINT('',(40.,-20.,14.));
#2219 = DIRECTION('',(0.,0.,1.));
#2220 = DIRECTION('',(1.,0.,-0.));
#2221 = DEFINITIONAL_REPRESENTATION('',(#2222),#2226);
#2222 = CIRCLE('',#2223,3.4);
#2223 = AXIS2_PLACEMENT_2D('',#2224,#2225);
#2224 = CARTESIAN_POINT('',(0.,0.));
#2225 = DIRECTION('',(1.,0.));
#2226 = ( GEOMETRIC_REPRESENTATION_CONTEXT(2) 
PARAMETRIC_REPRESENTATION_CONTEXT() REPRESENTATION_CONTEXT('2D SPACE',''
  ) );
#2227 = ORIENTED_EDGE('',*,*,#2178,.F.);
#2228 = ADVANCED_FACE('',(#2229),#712,.F.);
#2229 = FACE_BOUND('',#2230,.T.);
#2230 = EDGE_LOOP('',(#2231,#2232,#2255,#2282));
#2231 = ORIENTED_EDGE('',*,*,#691,.T.);
#2232 = ORIENTED_EDGE('',*,*,#2233,.T.);
#2233 = EDGE_CURVE('',#692,#2234,#2236,.T.);
#2234 = VERTEX_POINT('',#2235);
#2235 = CARTESIAN_POINT('',(-36.6,20.,14.));
#2236 = SEAM_CURVE('',#2237,(#2241,#2248),.PCURVE_S1.);
#2237 = LINE('',#2238,#2239);
#2238 = CARTESIAN_POINT('',(-36.6,20.,-1.));
#2239 = VECTOR('',#2240,1.);
#2240 = DIRECTION('',(0.,0.,1.));
#2241 = PCURVE('',#712,#2242);
#2242 = DEFINITIONAL_REPRESENTATION('',(#2243),#2247);
#2243 = LINE('',#2244,#2245);
#2244 = CARTESIAN_POINT('',(-6.28318530718,0.));
#2245 = VECTOR('',#2246,1.);
#2246 = DIRECTION('',(-0.,-1.));
#2247 = ( GEOMETRIC_REPRESENTATION_CONTEXT(2) 
PARAMETRIC_REPRESENTATION_CONTEXT() REPRESENTATION_CONTEXT('2D SPACE',''
  ) );
#2248 = PCURVE('',#712,#2249);
#2249 = DEFINITIONAL_REPRESENTATION('',(#2250),#2254);
#2250 = LINE('',#2251,#2252);
#2251 = CARTESIAN_POINT('',(-0.,0.));
#2252 = VECTOR('',#2253,1.);
#2253 = DIRECTION('',(-0.,-1.));
#2254 = ( GEOMETRIC_REPRESENTATION_CONTEXT(2) 
PARAMETRIC_REPRESENTATION_CONTEXT() REPRESENTATION_CONTEXT('2D SPACE',''
  ) );
#2255 = ORIENTED_EDGE('',*,*,#2256,.T.);
#2256 = EDGE_CURVE('',#2234,#2234,#2257,.T.);
#2257 = SURFACE_CURVE('',#2258,(#2263,#2270),.PCURVE_S1.);
#2258 = CIRCLE('',#2259,3.4);
#2259 = AXIS2_PLACEMENT_3D('',#2260,#2261,#2262);
#2260 = CARTESIAN_POINT('',(-40.,20.,14.));
#2261 = DIRECTION('',(0.,0.,1.));
#2262 = DIRECTION('',(1.,0.,0.));
#2263 = PCURVE('',#712,#2264);
#2264 = DEFINITIONAL_REPRESENTATION('',(#2265),#2269);
#2265 = LINE('',#2266,#2267);
#2266 = CARTESIAN_POINT('',(-0.,-15.));
#2267 = VECTOR('',#2268,1.);
#2268 = DIRECTION('',(-1.,0.));
#2269 = ( GEOMETRIC_REPRESENTATION_CONTEXT(2) 
PARAMETRIC_REPRESENTATION_CONTEXT() REPRESENTATION_CONTEXT('2D SPACE',''
  ) );
#2270 = PCURVE('',#2271,#2276);
#2271 = PLANE('',#2272);
#2272 = AXIS2_PLACEMENT_3D('',#2273,#2274,#2275);
#2273 = CARTESIAN_POINT('',(-40.,20.,14.));
#2274 = DIRECTION('',(0.,0.,1.));
#2275 = DIRECTION('',(1.,0.,-0.));
#2276 = DEFINITIONAL_REPRESENTATION('',(#2277),#2281);
#2277 = CIRCLE('',#2278,3.4);
#2278 = AXIS2_PLACEMENT_2D('',#2279,#2280);
#2279 = CARTESIAN_POINT('',(0.,0.));
#2280 = DIRECTION('',(1.,0.));
#2281 = ( GEOMETRIC_REPRESENTATION_CONTEXT(2) 
PARAMETRIC_REPRESENTATION_CONTEXT() REPRESENTATION_CONTEXT('2D SPACE',''
  ) );
#2282 = ORIENTED_EDGE('',*,*,#2233,.F.);
#2283 = ADVANCED_FACE('',(#2284),#747,.F.);
#2284 = FACE_BOUND('',#2285,.T.);
#2285 = EDGE_LOOP('',(#2286,#2287,#2310,#2337));
#2286 = ORIENTED_EDGE('',*,*,#726,.T.);
#2287 = ORIENTED_EDGE('',*,*,#2288,.T.);
#2288 = EDGE_CURVE('',#727,#2289,#2291,.T.);
#2289 = VERTEX_POINT('',#2290);
#2290 = CARTESIAN_POINT('',(43.4,20.,14.));
#2291 = SEAM_CURVE('',#2292,(#2296,#2303),.PCURVE_S1.);
#2292 = LINE('',#2293,#2294);
#2293 = CARTESIAN_POINT('',(43.4,20.,-1.));
#2294 = VECTOR('',#2295,1.);
#2295 = DIRECTION('',(0.,0.,1.));
#2296 = PCURVE('',#747,#2297);
#2297 = DEFINITIONAL_REPRESENTATION('',(#2298),#2302);
#2298 = LINE('',#2299,#2300);
#2299 = CARTESIAN_POINT('',(-6.28318530718,0.));
#2300 = VECTOR('',#2301,1.);
#2301 = DIRECTION('',(-0.,-1.));
#2302 = ( GEOMETRIC_REPRESENTATION_CONTEXT(2) 
PARAMETRIC_REPRESENTATION_CONTEXT() REPRESENTATION_CONTEXT('2D SPACE',''
  ) );
#2303 = PCURVE('',#747,#2304);
#2304 = DEFINITIONAL_REPRESENTATION('',(#2305),#2309);
#2305 = LINE('',#2306,#2307);
#2306 = CARTESIAN_POINT('',(-0.,0.));
#2307 = VECTOR('',#2308,1.);
#2308 = DIRECTION('',(-0.,-1.));
#2309 = ( GEOMETRIC_REPRESENTATION_CONTEXT(2) 
PARAMETRIC_REPRESENTATION_CONTEXT() REPRESENTATION_CONTEXT('2D SPACE',''
  ) );
#2310 = ORIENTED_EDGE('',*,*,#2311,.T.);
#2311 = EDGE_CURVE('',#2289,#2289,#2312,.T.);
#2312 = SURFACE_CURVE('',#2313,(#2318,#2325),.PCURVE_S1.);
#2313 = CIRCLE('',#2314,3.4);
#2314 = AXIS2_PLACEMENT_3D('',#2315,#2316,#2317);
#2315 = CARTESIAN_POINT('',(40.,20.,14.));
#2316 = DIRECTION('',(0.,0.,1.));
#2317 = DIRECTION('',(1.,0.,0.));
#2318 = PCURVE('',#747,#2319);
#2319 = DEFINITIONAL_REPRESENTATION('',(#2320),#2324);
#2320 = LINE('',#2321,#2322);
#2321 = CARTESIAN_POINT('',(-0.,-15.));
#2322 = VECTOR('',#2323,1.);
#2323 = DIRECTION('',(-1.,0.));
#2324 = ( GEOMETRIC_REPRESENTATION_CONTEXT(2) 
PARAMETRIC_REPRESENTATION_CONTEXT() REPRESENTATION_CONTEXT('2D SPACE',''
  ) );
#2325 = PCURVE('',#2326,#2331);
#2326 = PLANE('',#2327);
#2327 = AXIS2_PLACEMENT_3D('',#2328,#2329,#2330);
#2328 = CARTESIAN_POINT('',(40.,20.,14.));
#2329 = DIRECTION('',(0.,0.,1.));
#2330 = DIRECTION('',(1.,0.,-0.));
#2331 = DEFINITIONAL_REPRESENTATION('',(#2332),#2336);
#2332 = CIRCLE('',#2333,3.4);
#2333 = AXIS2_PLACEMENT_2D('',#2334,#2335);
#2334 = CARTESIAN_POINT('',(0.,0.));
#2335 = DIRECTION('',(1.,0.));
#2336 = ( GEOMETRIC_REPRESENTATION_CONTEXT(2) 
PARAMETRIC_REPRESENTATION_CONTEXT() REPRESENTATION_CONTEXT('2D SPACE',''
  ) );
#2337 = ORIENTED_EDGE('',*,*,#2288,.F.);
#2338 = ADVANCED_FACE('',(#2339),#805,.F.);
#2339 = FACE_BOUND('',#2340,.T.);
#2340 = EDGE_LOOP('',(#2341,#2342,#2365,#2392));
#2341 = ORIENTED_EDGE('',*,*,#788,.T.);
#2342 = ORIENTED_EDGE('',*,*,#2343,.T.);
#2343 = EDGE_CURVE('',#789,#2344,#2346,.T.);
#2344 = VERTEX_POINT('',#2345);
#2345 = CARTESIAN_POINT('',(5.75,18.,70.));
#2346 = SEAM_CURVE('',#2347,(#2351,#2358),.PCURVE_S1.);
#2347 = LINE('',#2348,#2349);
#2348 = CARTESIAN_POINT('',(5.75,31.,70.));
#2349 = VECTOR('',#2350,1.);
#2350 = DIRECTION('',(0.,-1.,0.));
#2351 = PCURVE('',#805,#2352);
#2352 = DEFINITIONAL_REPRESENTATION('',(#2353),#2357);
#2353 = LINE('',#2354,#2355);
#2354 = CARTESIAN_POINT('',(-6.28318530718,0.));
#2355 = VECTOR('',#2356,1.);
#2356 = DIRECTION('',(-0.,-1.));
#2357 = ( GEOMETRIC_REPRESENTATION_CONTEXT(2) 
PARAMETRIC_REPRESENTATION_CONTEXT() REPRESENTATION_CONTEXT('2D SPACE',''
  ) );
#2358 = PCURVE('',#805,#2359);
#2359 = DEFINITIONAL_REPRESENTATION('',(#2360),#2364);
#2360 = LINE('',#2361,#2362);
#2361 = CARTESIAN_POINT('',(-0.,0.));
#2362 = VECTOR('',#2363,1.);
#2363 = DIRECTION('',(-0.,-1.));
#2364 = ( GEOMETRIC_REPRESENTATION_CONTEXT(2) 
PARAMETRIC_REPRESENTATION_CONTEXT() REPRESENTATION_CONTEXT('2D SPACE',''
  ) );
#2365 = ORIENTED_EDGE('',*,*,#2366,.T.);
#2366 = EDGE_CURVE('',#2344,#2344,#2367,.T.);
#2367 = SURFACE_CURVE('',#2368,(#2373,#2380),.PCURVE_S1.);
#2368 = CIRCLE('',#2369,5.75);
#2369 = AXIS2_PLACEMENT_3D('',#2370,#2371,#2372);
#2370 = CARTESIAN_POINT('',(0.,18.,70.));
#2371 = DIRECTION('',(0.,-1.,0.));
#2372 = DIRECTION('',(1.,0.,0.));
#2373 = PCURVE('',#805,#2374);
#2374 = DEFINITIONAL_REPRESENTATION('',(#2375),#2379);
#2375 = LINE('',#2376,#2377);
#2376 = CARTESIAN_POINT('',(-0.,-13.));
#2377 = VECTOR('',#2378,1.);
#2378 = DIRECTION('',(-1.,0.));
#2379 = ( GEOMETRIC_REPRESENTATION_CONTEXT(2) 
PARAMETRIC_REPRESENTATION_CONTEXT() REPRESENTATION_CONTEXT('2D SPACE',''
  ) );
#2380 = PCURVE('',#2381,#2386);
#2381 = PLANE('',#2382);
#2382 = AXIS2_PLACEMENT_3D('',#2383,#2384,#2385);
#2383 = CARTESIAN_POINT('',(-1.070170538509E-15,18.,70.));
#2384 = DIRECTION('',(-0.,-1.,-0.));
#2385 = DIRECTION('',(0.,0.,-1.));
#2386 = DEFINITIONAL_REPRESENTATION('',(#2387),#2391);
#2387 = CIRCLE('',#2388,5.75);
#2388 = AXIS2_PLACEMENT_2D('',#2389,#2390);
#2389 = CARTESIAN_POINT('',(-1.42108547152E-14,1.070170538509E-15));
#2390 = DIRECTION('',(0.,1.));
#2391 = ( GEOMETRIC_REPRESENTATION_CONTEXT(2) 
PARAMETRIC_REPRESENTATION_CONTEXT() REPRESENTATION_CONTEXT('2D SPACE',''
  ) );
#2392 = ORIENTED_EDGE('',*,*,#2343,.F.);
#2393 = ADVANCED_FACE('',(#2394),#859,.F.);
#2394 = FACE_BOUND('',#2395,.F.);
#2395 = EDGE_LOOP('',(#2396));
#2396 = ORIENTED_EDGE('',*,*,#844,.T.);
#2397 = ADVANCED_FACE('',(#2398),#914,.F.);
#2398 = FACE_BOUND('',#2399,.F.);
#2399 = EDGE_LOOP('',(#2400));
#2400 = ORIENTED_EDGE('',*,*,#899,.T.);
#2401 = ADVANCED_FACE('',(#2402),#1109,.F.);
#2402 = FACE_BOUND('',#2403,.F.);
#2403 = EDGE_LOOP('',(#2404,#2433,#2454,#2455));
#2404 = ORIENTED_EDGE('',*,*,#2405,.F.);
#2405 = EDGE_CURVE('',#2406,#2406,#2408,.T.);
#2406 = VERTEX_POINT('',#2407);
#2407 = CARTESIAN_POINT('',(43.,0.,54.));
#2408 = SURFACE_CURVE('',#2409,(#2414,#2421),.PCURVE_S1.);
#2409 = CIRCLE('',#2410,3.);
#2410 = AXIS2_PLACEMENT_3D('',#2411,#2412,#2413);
#2411 = CARTESIAN_POINT('',(40.,0.,54.));
#2412 = DIRECTION('',(0.,0.,1.));
#2413 = DIRECTION('',(1.,0.,-0.));
#2414 = PCURVE('',#1109,#2415);
#2415 = DEFINITIONAL_REPRESENTATION('',(#2416),#2420);
#2416 = LINE('',#2417,#2418);
#2417 = CARTESIAN_POINT('',(0.,-1.));
#2418 = VECTOR('',#2419,1.);
#2419 = DIRECTION('',(1.,0.));
#2420 = ( GEOMETRIC_REPRESENTATION_CONTEXT(2) 
PARAMETRIC_REPRESENTATION_CONTEXT() REPRESENTATION_CONTEXT('2D SPACE',''
  ) );
#2421 = PCURVE('',#2422,#2427);
#2422 = PLANE('',#2423);
#2423 = AXIS2_PLACEMENT_3D('',#2424,#2425,#2426);
#2424 = CARTESIAN_POINT('',(40.,-4.387200305741E-17,54.));
#2425 = DIRECTION('',(0.,0.,1.));
#2426 = DIRECTION('',(1.,0.,-0.));
#2427 = DEFINITIONAL_REPRESENTATION('',(#2428),#2432);
#2428 = CIRCLE('',#2429,3.);
#2429 = AXIS2_PLACEMENT_2D('',#2430,#2431);
#2430 = CARTESIAN_POINT('',(0.,4.387200305741E-17));
#2431 = DIRECTION('',(1.,0.));
#2432 = ( GEOMETRIC_REPRESENTATION_CONTEXT(2) 
PARAMETRIC_REPRESENTATION_CONTEXT() REPRESENTATION_CONTEXT('2D SPACE',''
  ) );
#2433 = ORIENTED_EDGE('',*,*,#2434,.T.);
#2434 = EDGE_CURVE('',#2406,#984,#2435,.T.);
#2435 = SEAM_CURVE('',#2436,(#2440,#2447),.PCURVE_S1.);
#2436 = LINE('',#2437,#2438);
#2437 = CARTESIAN_POINT('',(43.,0.,55.));
#2438 = VECTOR('',#2439,1.);
#2439 = DIRECTION('',(-0.,-0.,-1.));
#2440 = PCURVE('',#1109,#2441);
#2441 = DEFINITIONAL_REPRESENTATION('',(#2442),#2446);
#2442 = LINE('',#2443,#2444);
#2443 = CARTESIAN_POINT('',(6.28318530718,0.));
#2444 = VECTOR('',#2445,1.);
#2445 = DIRECTION('',(0.,-1.));
#2446 = ( GEOMETRIC_REPRESENTATION_CONTEXT(2) 
PARAMETRIC_REPRESENTATION_CONTEXT() REPRESENTATION_CONTEXT('2D SPACE',''
  ) );
#2447 = PCURVE('',#1109,#2448);
#2448 = DEFINITIONAL_REPRESENTATION('',(#2449),#2453);
#2449 = LINE('',#2450,#2451);
#2450 = CARTESIAN_POINT('',(0.,0.));
#2451 = VECTOR('',#2452,1.);
#2452 = DIRECTION('',(0.,-1.));
#2453 = ( GEOMETRIC_REPRESENTATION_CONTEXT(2) 
PARAMETRIC_REPRESENTATION_CONTEXT() REPRESENTATION_CONTEXT('2D SPACE',''
  ) );
#2454 = ORIENTED_EDGE('',*,*,#983,.T.);
#2455 = ORIENTED_EDGE('',*,*,#2434,.F.);
#2456 = ADVANCED_FACE('',(#2457),#1304,.F.);
#2457 = FACE_BOUND('',#2458,.F.);
#2458 = EDGE_LOOP('',(#2459,#2488,#2509,#2510));
#2459 = ORIENTED_EDGE('',*,*,#2460,.F.);
#2460 = EDGE_CURVE('',#2461,#2461,#2463,.T.);
#2461 = VERTEX_POINT('',#2462);
#2462 = CARTESIAN_POINT('',(-37.,0.,54.));
#2463 = SURFACE_CURVE('',#2464,(#2469,#2476),.PCURVE_S1.);
#2464 = CIRCLE('',#2465,3.);
#2465 = AXIS2_PLACEMENT_3D('',#2466,#2467,#2468);
#2466 = CARTESIAN_POINT('',(-40.,0.,54.));
#2467 = DIRECTION('',(0.,0.,1.));
#2468 = DIRECTION('',(1.,0.,-0.));
#2469 = PCURVE('',#1304,#2470);
#2470 = DEFINITIONAL_REPRESENTATION('',(#2471),#2475);
#2471 = LINE('',#2472,#2473);
#2472 = CARTESIAN_POINT('',(0.,-1.));
#2473 = VECTOR('',#2474,1.);
#2474 = DIRECTION('',(1.,0.));
#2475 = ( GEOMETRIC_REPRESENTATION_CONTEXT(2) 
PARAMETRIC_REPRESENTATION_CONTEXT() REPRESENTATION_CONTEXT('2D SPACE',''
  ) );
#2476 = PCURVE('',#2477,#2482);
#2477 = PLANE('',#2478);
#2478 = AXIS2_PLACEMENT_3D('',#2479,#2480,#2481);
#2479 = CARTESIAN_POINT('',(-40.,-4.387200305741E-17,54.));
#2480 = DIRECTION('',(0.,0.,1.));
#2481 = DIRECTION('',(1.,0.,-0.));
#2482 = DEFINITIONAL_REPRESENTATION('',(#2483),#2487);
#2483 = CIRCLE('',#2484,3.);
#2484 = AXIS2_PLACEMENT_2D('',#2485,#2486);
#2485 = CARTESIAN_POINT('',(0.,4.387200305741E-17));
#2486 = DIRECTION('',(1.,0.));
#2487 = ( GEOMETRIC_REPRESENTATION_CONTEXT(2) 
PARAMETRIC_REPRESENTATION_CONTEXT() REPRESENTATION_CONTEXT('2D SPACE',''
  ) );
#2488 = ORIENTED_EDGE('',*,*,#2489,.T.);
#2489 = EDGE_CURVE('',#2461,#1179,#2490,.T.);
#2490 = SEAM_CURVE('',#2491,(#2495,#2502),.PCURVE_S1.);
#2491 = LINE('',#2492,#2493);
#2492 = CARTESIAN_POINT('',(-37.,0.,55.));
#2493 = VECTOR('',#2494,1.);
#2494 = DIRECTION('',(-0.,-0.,-1.));
#2495 = PCURVE('',#1304,#2496);
#2496 = DEFINITIONAL_REPRESENTATION('',(#2497),#2501);
#2497 = LINE('',#2498,#2499);
#2498 = CARTESIAN_POINT('',(6.28318530718,0.));
#2499 = VECTOR('',#2500,1.);
#2500 = DIRECTION('',(0.,-1.));
#2501 = ( GEOMETRIC_REPRESENTATION_CONTEXT(2) 
PARAMETRIC_REPRESENTATION_CONTEXT() REPRESENTATION_CONTEXT('2D SPACE',''
  ) );
#2502 = PCURVE('',#1304,#2503);
#2503 = DEFINITIONAL_REPRESENTATION('',(#2504),#2508);
#2504 = LINE('',#2505,#2506);
#2505 = CARTESIAN_POINT('',(0.,0.));
#2506 = VECTOR('',#2507,1.);
#2507 = DIRECTION('',(0.,-1.));
#2508 = ( GEOMETRIC_REPRESENTATION_CONTEXT(2) 
PARAMETRIC_REPRESENTATION_CONTEXT() REPRESENTATION_CONTEXT('2D SPACE',''
  ) );
#2509 = ORIENTED_EDGE('',*,*,#1178,.T.);
#2510 = ORIENTED_EDGE('',*,*,#2489,.F.);
#2511 = ADVANCED_FACE('',(#2512),#1413,.F.);
#2512 = FACE_BOUND('',#2513,.F.);
#2513 = EDGE_LOOP('',(#2514));
#2514 = ORIENTED_EDGE('',*,*,#1398,.T.);
#2515 = ADVANCED_FACE('',(#2516),#1527,.F.);
#2516 = FACE_BOUND('',#2517,.F.);
#2517 = EDGE_LOOP('',(#2518,#2543,#2572,#2939,#2961,#2962,#2984,#2985,
    #2986,#3007,#3302,#3610));
#2518 = ORIENTED_EDGE('',*,*,#2519,.F.);
#2519 = EDGE_CURVE('',#2520,#2522,#2524,.T.);
#2520 = VERTEX_POINT('',#2521);
#2521 = CARTESIAN_POINT('',(-32.75,0.,68.));
#2522 = VERTEX_POINT('',#2523);
#2523 = CARTESIAN_POINT('',(-32.75,0.,58.));
#2524 = SEAM_CURVE('',#2525,(#2529,#2536),.PCURVE_S1.);
#2525 = LINE('',#2526,#2527);
#2526 = CARTESIAN_POINT('',(-32.75,0.,91.));
#2527 = VECTOR('',#2528,1.);
#2528 = DIRECTION('',(-0.,-0.,-1.));
#2529 = PCURVE('',#1527,#2530);
#2530 = DEFINITIONAL_REPRESENTATION('',(#2531),#2535);
#2531 = LINE('',#2532,#2533);
#2532 = CARTESIAN_POINT('',(6.28318530718,0.));
#2533 = VECTOR('',#2534,1.);
#2534 = DIRECTION('',(0.,-1.));
#2535 = ( GEOMETRIC_REPRESENTATION_CONTEXT(2) 
PARAMETRIC_REPRESENTATION_CONTEXT() REPRESENTATION_CONTEXT('2D SPACE',''
  ) );
#2536 = PCURVE('',#1527,#2537);
#2537 = DEFINITIONAL_REPRESENTATION('',(#2538),#2542);
#2538 = LINE('',#2539,#2540);
#2539 = CARTESIAN_POINT('',(0.,0.));
#2540 = VECTOR('',#2541,1.);
#2541 = DIRECTION('',(0.,-1.));
#2542 = ( GEOMETRIC_REPRESENTATION_CONTEXT(2) 
PARAMETRIC_REPRESENTATION_CONTEXT() REPRESENTATION_CONTEXT('2D SPACE',''
  ) );
#2543 = ORIENTED_EDGE('',*,*,#2544,.F.);
#2544 = EDGE_CURVE('',#2545,#2520,#2547,.T.);
#2545 = VERTEX_POINT('',#2546);
#2546 = CARTESIAN_POINT('',(-47.08544396289,1.535898384862,68.));
#2547 = SURFACE_CURVE('',#2548,(#2553,#2560),.PCURVE_S1.);
#2548 = CIRCLE('',#2549,7.25);
#2549 = AXIS2_PLACEMENT_3D('',#2550,#2551,#2552);
#2550 = CARTESIAN_POINT('',(-40.,0.,68.));
#2551 = DIRECTION('',(0.,0.,1.));
#2552 = DIRECTION('',(1.,0.,-0.));
#2553 = PCURVE('',#1527,#2554);
#2554 = DEFINITIONAL_REPRESENTATION('',(#2555),#2559);
#2555 = LINE('',#2556,#2557);
#2556 = CARTESIAN_POINT('',(0.,-23.));
#2557 = VECTOR('',#2558,1.);
#2558 = DIRECTION('',(1.,0.));
#2559 = ( GEOMETRIC_REPRESENTATION_CONTEXT(2) 
PARAMETRIC_REPRESENTATION_CONTEXT() REPRESENTATION_CONTEXT('2D SPACE',''
  ) );
#2560 = PCURVE('',#2561,#2566);
#2561 = PLANE('',#2562);
#2562 = AXIS2_PLACEMENT_3D('',#2563,#2564,#2565);
#2563 = CARTESIAN_POINT('',(-40.,4.231397042342E-16,68.));
#2564 = DIRECTION('',(0.,0.,1.));
#2565 = DIRECTION('',(1.,0.,-0.));
#2566 = DEFINITIONAL_REPRESENTATION('',(#2567),#2571);
#2567 = CIRCLE('',#2568,7.25);
#2568 = AXIS2_PLACEMENT_2D('',#2569,#2570);
#2569 = CARTESIAN_POINT('',(0.,-4.231397042342E-16));
#2570 = DIRECTION('',(1.,0.));
#2571 = ( GEOMETRIC_REPRESENTATION_CONTEXT(2) 
PARAMETRIC_REPRESENTATION_CONTEXT() REPRESENTATION_CONTEXT('2D SPACE',''
  ) );
#2572 = ORIENTED_EDGE('',*,*,#2573,.F.);
#2573 = EDGE_CURVE('',#2574,#2545,#2576,.T.);
#2574 = VERTEX_POINT('',#2575);
#2575 = CARTESIAN_POINT('',(-32.9145560371,1.535898384862,68.));
#2576 = SURFACE_CURVE('',#2577,(#2694,#2814),.PCURVE_S1.);
#2577 = B_SPLINE_CURVE_WITH_KNOTS('',7,(#2578,#2579,#2580,#2581,#2582,
    #2583,#2584,#2585,#2586,#2587,#2588,#2589,#2590,#2591,#2592,#2593,
    #2594,#2595,#2596,#2597,#2598,#2599,#2600,#2601,#2602,#2603,#2604,
    #2605,#2606,#2607,#2608,#2609,#2610,#2611,#2612,#2613,#2614,#2615,
    #2616,#2617,#2618,#2619,#2620,#2621,#2622,#2623,#2624,#2625,#2626,
    #2627,#2628,#2629,#2630,#2631,#2632,#2633,#2634,#2635,#2636,#2637,
    #2638,#2639,#2640,#2641,#2642,#2643,#2644,#2645,#2646,#2647,#2648,
    #2649,#2650,#2651,#2652,#2653,#2654,#2655,#2656,#2657,#2658,#2659,
    #2660,#2661,#2662,#2663,#2664,#2665,#2666,#2667,#2668,#2669,#2670,
    #2671,#2672,#2673,#2674,#2675,#2676,#2677,#2678,#2679,#2680,#2681,
    #2682,#2683,#2684,#2685,#2686,#2687,#2688,#2689,#2690,#2691,#2692,
    #2693),.UNSPECIFIED.,.F.,.F.,(8,6,6,6,6,6,6,6,6,6,6,6,6,6,6,6,6,6,6,
    8),(0.,4.946314836227E-02,7.104995716008E-02,0.111744415047,
    0.148617205647,0.16716905182,0.201734294403,0.243526678486,
    0.353109835026,0.424630188738,0.499010715082,0.645263350058,
    0.755351438687,0.797336391743,0.832060884382,0.850698192274,
    0.88774083886,0.928622757396,0.950309005049,1.),.UNSPECIFIED.);
#2578 = CARTESIAN_POINT('',(-32.91455596201,1.535898038452,68.0000006));
#2579 = CARTESIAN_POINT('',(-32.9300892698,1.607556690504,
    67.875884124197));
#2580 = CARTESIAN_POINT('',(-32.94776874167,1.685032362491,
    67.753674015833));
#2581 = CARTESIAN_POINT('',(-32.96785971413,1.768317865184,
    67.63376060456));
#2582 = CARTESIAN_POINT('',(-32.99065902241,1.857377412699,
    67.516531766574));
#2583 = CARTESIAN_POINT('',(-33.0164949601,1.9521467028,67.402372800408)
  );
#2584 = CARTESIAN_POINT('',(-33.04572723875,2.052532997196,
    67.291666302725));
#2585 = CARTESIAN_POINT('',(-33.09315747663,2.204624531058,
    67.138149760671));
#2586 = CARTESIAN_POINT('',(-33.10828520695,2.251867560729,
    67.092250661664));
#2587 = CARTESIAN_POINT('',(-33.12415722578,2.30011733219,67.04714124834
    ));
#2588 = CARTESIAN_POINT('',(-33.14080034153,2.349345087694,
    67.002865315205));
#2589 = CARTESIAN_POINT('',(-33.1582410837,2.399520270413,
    66.959463950033));
#2590 = CARTESIAN_POINT('',(-33.17650570287,2.450610524434,
    66.916975533861));
#2591 = CARTESIAN_POINT('',(-33.23165388531,2.600555351827,
    66.797126836358));
#2592 = CARTESIAN_POINT('',(-33.27072838917,2.701716935633,
    66.722143616237));
#2593 = CARTESIAN_POINT('',(-33.31297130573,2.805704104721,
    66.65084554487));
#2594 = CARTESIAN_POINT('',(-33.35848321728,2.912121315695,
    66.583518666512));
#2595 = CARTESIAN_POINT('',(-33.40733121209,3.020548788103,
    66.520378366575));
#2596 = CARTESIAN_POINT('',(-33.45954243152,3.130551469302,
    66.46157213278));
#2597 = CARTESIAN_POINT('',(-33.56543554603,3.342387559249,
    66.357900315305));
#2598 = CARTESIAN_POINT('',(-33.61847185383,3.443923909561,
    66.312290193846));
#2599 = CARTESIAN_POINT('',(-33.67417750473,3.545953121797,
    66.270407478192));
#2600 = CARTESIAN_POINT('',(-33.73248768379,3.64812361296,
    66.232263005637));
#2601 = CARTESIAN_POINT('',(-33.79329872977,3.750080982012,
    66.197825019636));
#2602 = CARTESIAN_POINT('',(-33.85646506799,3.851472846363,
    66.167021264957));
#2603 = CARTESIAN_POINT('',(-33.9546662363,4.002508705715,
    66.126015575901));
#2604 = CARTESIAN_POINT('',(-33.98809029805,4.052842340554,
    66.113179565735));
#2605 = CARTESIAN_POINT('',(-34.02205292716,4.102923298238,
    66.101216027948));
#2606 = CARTESIAN_POINT('',(-34.05653689763,4.152720794389,
    66.090106801508));
#2607 = CARTESIAN_POINT('',(-34.0915231588,4.202204544869,
    66.079832588729));
#2608 = CARTESIAN_POINT('',(-34.12699083534,4.251344765779,
    66.070372955265));
#2609 = CARTESIAN_POINT('',(-34.22985420166,4.390974142716,
    66.045558934438));
#2610 = CARTESIAN_POINT('',(-34.29836366603,4.480515028366,
    66.032169203816));
#2611 = CARTESIAN_POINT('',(-34.36835506524,4.568626566356,
    66.021381043704));
#2612 = CARTESIAN_POINT('',(-34.43972919684,4.655208127252,66.0130386136
    ));
#2613 = CARTESIAN_POINT('',(-34.51237821105,4.740166716231,
    66.006986327035));
#2614 = CARTESIAN_POINT('',(-34.58618561077,4.82341697309,
    66.003068851582));
#2615 = CARTESIAN_POINT('',(-34.75151509448,5.003378473152,
    65.998788209382));
#2616 = CARTESIAN_POINT('',(-34.84353786151,5.099290137172,
    65.999338834808));
#2617 = CARTESIAN_POINT('',(-34.9369704716,5.192580495362,
    66.002509417365));
#2618 = CARTESIAN_POINT('',(-35.03169303732,5.283227484289,
    66.008044301733));
#2619 = CARTESIAN_POINT('',(-35.12759077155,5.371220872543,
    66.015704278275));
#2620 = CARTESIAN_POINT('',(-35.22455489421,5.456560487252,
    66.025265116266));
#2621 = CARTESIAN_POINT('',(-35.5792607068,5.756084962068,
    66.066017118058));
#2622 = CARTESIAN_POINT('',(-35.84289013732,5.954911992089,
    66.10716340425));
#2623 = CARTESIAN_POINT('',(-36.1120422068,6.136241096371,
    66.156254950855));
#2624 = CARTESIAN_POINT('',(-36.38577380525,6.300766219894,
    66.210333951518));
#2625 = CARTESIAN_POINT('',(-36.66352900089,6.449214640819,
    66.266937316139));
#2626 = CARTESIAN_POINT('',(-36.94511794406,6.582223623242,
    66.323919181185));
#2627 = CARTESIAN_POINT('',(-37.41704453969,6.777278856489,
    66.415516495696));
#2628 = CARTESIAN_POINT('',(-37.60505363362,6.847905090959,
    66.451015511866));
#2629 = CARTESIAN_POINT('',(-37.79455877689,6.912186127261,
    66.485269215854));
#2630 = CARTESIAN_POINT('',(-37.98544301707,6.970173607306,
    66.51774003087));
#2631 = CARTESIAN_POINT('',(-38.17761457112,7.021907206257,
    66.547930594815));
#2632 = CARTESIAN_POINT('',(-38.37100643185,7.067409678915,
    66.575390306554));
#2633 = CARTESIAN_POINT('',(-38.76792655333,7.147524670135,
    66.625026482204));
#2634 = CARTESIAN_POINT('',(-38.97160592081,7.181639912907,
    66.64695502248));
#2635 = CARTESIAN_POINT('',(-39.17627435897,7.208962701647,
    66.665022387568));
#2636 = CARTESIAN_POINT('',(-39.3816592841,7.229469748665,
    66.678843378518));
#2637 = CARTESIAN_POINT('',(-39.58753652357,7.243152096755,
    66.688151991387));
#2638 = CARTESIAN_POINT('',(-39.7937114539,7.25,66.692810861169));
#2639 = CARTESIAN_POINT('',(-40.40562019273,7.25,66.692810861169));
#2640 = CARTESIAN_POINT('',(-40.80909743275,7.223524247574,
    66.674798286294));
#2641 = CARTESIAN_POINT('',(-41.21009958777,7.171076519039,
    66.639117291636));
#2642 = CARTESIAN_POINT('',(-41.60813864346,7.092676190874,
    66.587727974565));
#2643 = CARTESIAN_POINT('',(-42.00207144233,6.988028087576,
    66.524152635703));
#2644 = CARTESIAN_POINT('',(-42.38996317498,6.857045827833,
    66.452974810657));
#2645 = CARTESIAN_POINT('',(-43.05488205593,6.582223623242,
    66.323919181185));
#2646 = CARTESIAN_POINT('',(-43.3364709991,6.449214640819,
    66.266937316139));
#2647 = CARTESIAN_POINT('',(-43.61422619475,6.300766219894,
    66.210333951518));
#2648 = CARTESIAN_POINT('',(-43.88795779319,6.136241096371,
    66.156254950855));
#2649 = CARTESIAN_POINT('',(-44.15710986267,5.954911992089,
    66.10716340425));
#2650 = CARTESIAN_POINT('',(-44.42073929319,5.756084962068,
    66.066017118058));
#2651 = CARTESIAN_POINT('',(-44.77544510578,5.456560487252,
    66.025265116266));
#2652 = CARTESIAN_POINT('',(-44.87240922844,5.371220872544,
    66.015704278275));
#2653 = CARTESIAN_POINT('',(-44.96830696267,5.283227484289,
    66.008044301733));
#2654 = CARTESIAN_POINT('',(-45.06302952839,5.192580495362,
    66.002509417365));
#2655 = CARTESIAN_POINT('',(-45.15646213849,5.099290137172,
    65.999338834808));
#2656 = CARTESIAN_POINT('',(-45.24848490551,5.003378473152,
    65.998788209382));
#2657 = CARTESIAN_POINT('',(-45.41381435035,4.823417015401,
    66.003068850575));
#2658 = CARTESIAN_POINT('',(-45.48762178216,4.740166719502,
    66.00698633013));
#2659 = CARTESIAN_POINT('',(-45.56027083123,4.655208091,66.013038618844)
  );
#2660 = CARTESIAN_POINT('',(-45.63164496565,4.568626530449,
    66.021381046283));
#2661 = CARTESIAN_POINT('',(-45.70163633424,4.480515032496,
    66.032169200245));
#2662 = CARTESIAN_POINT('',(-45.77014576652,4.390974185886,
    66.045558926766));
#2663 = CARTESIAN_POINT('',(-45.87300916067,4.251344771187,
    66.070372954303));
#2664 = CARTESIAN_POINT('',(-45.90847684046,4.202204545589,
    66.079832588824));
#2665 = CARTESIAN_POINT('',(-45.94346310514,4.152720790224,
    66.090106802554));
#2666 = CARTESIAN_POINT('',(-45.97794707587,4.102923293967,
    66.101216028819));
#2667 = CARTESIAN_POINT('',(-46.01190970184,4.05284234101,
    66.113179565395));
#2668 = CARTESIAN_POINT('',(-46.04533376035,4.00250871086,
    66.126015574505));
#2669 = CARTESIAN_POINT('',(-46.143534932,3.851472846363,66.167021264957
    ));
#2670 = CARTESIAN_POINT('',(-46.20670127022,3.750080982012,
    66.197825019636));
#2671 = CARTESIAN_POINT('',(-46.2675123162,3.64812361296,66.232263005637
    ));
#2672 = CARTESIAN_POINT('',(-46.32582249526,3.545953121797,
    66.270407478192));
#2673 = CARTESIAN_POINT('',(-46.38152814617,3.443923909561,
    66.312290193846));
#2674 = CARTESIAN_POINT('',(-46.43456445396,3.342387559249,
    66.357900315305));
#2675 = CARTESIAN_POINT('',(-46.54045756847,3.130551469302,
    66.46157213278));
#2676 = CARTESIAN_POINT('',(-46.5926687879,3.020548788103,
    66.520378366575));
#2677 = CARTESIAN_POINT('',(-46.64151678271,2.912121315695,
    66.583518666512));
#2678 = CARTESIAN_POINT('',(-46.68702869426,2.805704104721,
    66.65084554487));
#2679 = CARTESIAN_POINT('',(-46.72927161082,2.701716935633,
    66.722143616237));
#2680 = CARTESIAN_POINT('',(-46.76834611468,2.600555351827,
    66.797126836358));
#2681 = CARTESIAN_POINT('',(-46.82349429568,2.450610528372,
    66.916975530714));
#2682 = CARTESIAN_POINT('',(-46.84175891595,2.399520271107,
    66.959463949797));
#2683 = CARTESIAN_POINT('',(-46.85919965938,2.34934508489,
    67.002865317879));
#2684 = CARTESIAN_POINT('',(-46.87584277528,2.300117329155,
    67.047141250915));
#2685 = CARTESIAN_POINT('',(-46.8917147931,2.251867560847,
    67.092250661182));
#2686 = CARTESIAN_POINT('',(-46.90684252231,2.204624534421,
    67.138149757276));
#2687 = CARTESIAN_POINT('',(-46.95427276124,2.052532997201,
    67.29166630272));
#2688 = CARTESIAN_POINT('',(-46.9835050399,1.9521467028,67.402372800407)
  );
#2689 = CARTESIAN_POINT('',(-47.00934097758,1.857377412695,
    67.516531766578));
#2690 = CARTESIAN_POINT('',(-47.03214028586,1.76831786518,
    67.633760604565));
#2691 = CARTESIAN_POINT('',(-47.05223125832,1.685032362492,
    67.753674015832));
#2692 = CARTESIAN_POINT('',(-47.06991073019,1.607556690508,
    67.875884124191));
#2693 = CARTESIAN_POINT('',(-47.08544403798,1.535898038452,68.0000006));
#2694 = PCURVE('',#1527,#2695);
#2695 = DEFINITIONAL_REPRESENTATION('',(#2696),#2813);
#2696 = B_SPLINE_CURVE_WITH_KNOTS('',7,(#2697,#2698,#2699,#2700,#2701,
    #2702,#2703,#2704,#2705,#2706,#2707,#2708,#2709,#2710,#2711,#2712,
    #2713,#2714,#2715,#2716,#2717,#2718,#2719,#2720,#2721,#2722,#2723,
    #2724,#2725,#2726,#2727,#2728,#2729,#2730,#2731,#2732,#2733,#2734,
    #2735,#2736,#2737,#2738,#2739,#2740,#2741,#2742,#2743,#2744,#2745,
    #2746,#2747,#2748,#2749,#2750,#2751,#2752,#2753,#2754,#2755,#2756,
    #2757,#2758,#2759,#2760,#2761,#2762,#2763,#2764,#2765,#2766,#2767,
    #2768,#2769,#2770,#2771,#2772,#2773,#2774,#2775,#2776,#2777,#2778,
    #2779,#2780,#2781,#2782,#2783,#2784,#2785,#2786,#2787,#2788,#2789,
    #2790,#2791,#2792,#2793,#2794,#2795,#2796,#2797,#2798,#2799,#2800,
    #2801,#2802,#2803,#2804,#2805,#2806,#2807,#2808,#2809,#2810,#2811,
    #2812),.UNSPECIFIED.,.F.,.F.,(8,6,6,6,6,6,6,6,6,6,6,6,6,6,6,6,6,6,6,
    8),(0.,4.946314836227E-02,7.104995716008E-02,0.111744415047,
    0.148617205647,0.16716905182,0.201734294403,0.243526678486,
    0.353109835026,0.424630188738,0.499010715082,0.645263350058,
    0.755351438687,0.797336391743,0.832060884382,0.850698192274,
    0.88774083886,0.928622757396,0.950309005049,1.),.UNSPECIFIED.);
#2697 = CARTESIAN_POINT('',(0.213465497826,-22.9999994));
#2698 = CARTESIAN_POINT('',(0.22357899977,-23.1241158758));
#2699 = CARTESIAN_POINT('',(0.234539336982,-23.24632598416));
#2700 = CARTESIAN_POINT('',(0.246355032745,-23.36623939544));
#2701 = CARTESIAN_POINT('',(0.259032839824,-23.48346823342));
#2702 = CARTESIAN_POINT('',(0.272578485403,-23.59762719959));
#2703 = CARTESIAN_POINT('',(0.286997416023,-23.70833369727));
#2704 = CARTESIAN_POINT('',(0.308971982291,-23.86185023932));
#2705 = CARTESIAN_POINT('',(0.315813991436,-23.90774933833));
#2706 = CARTESIAN_POINT('',(0.322819608275,-23.95285875166));
#2707 = CARTESIAN_POINT('',(0.329986744576,-23.99713468479));
#2708 = CARTESIAN_POINT('',(0.337313185542,-24.04053604996));
#2709 = CARTESIAN_POINT('',(0.344796589812,-24.08302446613));
#2710 = CARTESIAN_POINT('',(0.366833106167,-24.20287316364));
#2711 = CARTESIAN_POINT('',(0.381789207992,-24.27785638376));
#2712 = CARTESIAN_POINT('',(0.397266757759,-24.34915445513));
#2713 = CARTESIAN_POINT('',(0.413226017198,-24.41648133348));
#2714 = CARTESIAN_POINT('',(0.429624132666,-24.47962163342));
#2715 = CARTESIAN_POINT('',(0.446415720864,-24.53842786722));
#2716 = CARTESIAN_POINT('',(0.4790817623,-24.64209968469));
#2717 = CARTESIAN_POINT('',(0.49487973807,-24.68770980615));
#2718 = CARTESIAN_POINT('',(0.510909228943,-24.7295925218));
#2719 = CARTESIAN_POINT('',(0.527129990027,-24.76773699436));
#2720 = CARTESIAN_POINT('',(0.543499628037,-24.80217498036));
#2721 = CARTESIAN_POINT('',(0.559973544862,-24.83297873504));
#2722 = CARTESIAN_POINT('',(0.584822309878,-24.87398442409));
#2723 = CARTESIAN_POINT('',(0.593155782141,-24.88682043426));
#2724 = CARTESIAN_POINT('',(0.601501475918,-24.89878397205));
#2725 = CARTESIAN_POINT('',(0.609855489051,-24.90989319849));
#2726 = CARTESIAN_POINT('',(0.618213839249,-24.92016741127));
#2727 = CARTESIAN_POINT('',(0.626572464088,-24.92962704473));
#2728 = CARTESIAN_POINT('',(0.650493553162,-24.95444106556));
#2729 = CARTESIAN_POINT('',(0.666041758337,-24.96783079618));
#2730 = CARTESIAN_POINT('',(0.68155872436,-24.97861895629));
#2731 = CARTESIAN_POINT('',(0.697031214692,-24.9869613864));
#2732 = CARTESIAN_POINT('',(0.712445868433,-24.99301367296));
#2733 = CARTESIAN_POINT('',(0.727789200316,-24.99693114841));
#2734 = CARTESIAN_POINT('',(0.761496333661,-25.00121179061));
#2735 = CARTESIAN_POINT('',(0.779825568543,-25.00066116519));
#2736 = CARTESIAN_POINT('',(0.798030373326,-24.99749058263));
#2737 = CARTESIAN_POINT('',(0.816106960095,-24.99195569826));
#2738 = CARTESIAN_POINT('',(0.834052577285,-24.98429572172));
#2739 = CARTESIAN_POINT('',(0.851865401911,-24.97473488373));
#2740 = CARTESIAN_POINT('',(0.915900339536,-24.93398288194));
#2741 = CARTESIAN_POINT('',(0.961376228373,-24.89283659575));
#2742 = CARTESIAN_POINT('',(1.006039760235,-24.84374504914));
#2743 = CARTESIAN_POINT('',(1.049987937757,-24.78966604848));
#2744 = CARTESIAN_POINT('',(1.09334166904,-24.73306268386));
#2745 = CARTESIAN_POINT('',(1.136244118614,-24.67608081881));
#2746 = CARTESIAN_POINT('',(1.206678308734,-24.5844835043));
#2747 = CARTESIAN_POINT('',(1.234365236883,-24.54898448813));
#2748 = CARTESIAN_POINT('',(1.261943746998,-24.51473078414));
#2749 = CARTESIAN_POINT('',(1.289435290602,-24.48225996913));
#2750 = CARTESIAN_POINT('',(1.31686303318,-24.45206940518));
#2751 = CARTESIAN_POINT('',(1.344252234564,-24.42460969344));
#2752 = CARTESIAN_POINT('',(1.400103914254,-24.37497351779));
#2753 = CARTESIAN_POINT('',(1.428573258819,-24.35304497752));
#2754 = CARTESIAN_POINT('',(1.457028692803,-24.33497761243));
#2755 = CARTESIAN_POINT('',(1.485470312891,-24.32115662148));
#2756 = CARTESIAN_POINT('',(1.513904818125,-24.31184800861));
#2757 = CARTESIAN_POINT('',(1.542342734231,-24.30718913883));
#2758 = CARTESIAN_POINT('',(1.626743939586,-24.30718913883));
#2759 = CARTESIAN_POINT('',(1.682395958159,-24.3252017137));
#2760 = CARTESIAN_POINT('',(1.737992713955,-24.36088270836));
#2761 = CARTESIAN_POINT('',(1.793738931739,-24.41227202543));
#2762 = CARTESIAN_POINT('',(1.849764257609,-24.47584736429));
#2763 = CARTESIAN_POINT('',(1.906110595624,-24.54702518934));
#2764 = CARTESIAN_POINT('',(2.005348534975,-24.67608081881));
#2765 = CARTESIAN_POINT('',(2.04825098455,-24.73306268386));
#2766 = CARTESIAN_POINT('',(2.091604715832,-24.78966604848));
#2767 = CARTESIAN_POINT('',(2.135552893354,-24.84374504914));
#2768 = CARTESIAN_POINT('',(2.180216425217,-24.89283659575));
#2769 = CARTESIAN_POINT('',(2.225692314053,-24.93398288194));
#2770 = CARTESIAN_POINT('',(2.289727251678,-24.97473488373));
#2771 = CARTESIAN_POINT('',(2.307540076305,-24.98429572172));
#2772 = CARTESIAN_POINT('',(2.325485693495,-24.99195569826));
#2773 = CARTESIAN_POINT('',(2.343562280264,-24.99749058263));
#2774 = CARTESIAN_POINT('',(2.361767085047,-25.00066116519));
#2775 = CARTESIAN_POINT('',(2.380096319929,-25.00121179061));
#2776 = CARTESIAN_POINT('',(2.413803445349,-24.99693114942));
#2777 = CARTESIAN_POINT('',(2.429146784211,-24.99301366987));
#2778 = CARTESIAN_POINT('',(2.444561445226,-24.98696138115));
#2779 = CARTESIAN_POINT('',(2.46003393577,-24.97861895371));
#2780 = CARTESIAN_POINT('',(2.475550894836,-24.96783079975));
#2781 = CARTESIAN_POINT('',(2.491099093032,-24.95444107323));
#2782 = CARTESIAN_POINT('',(2.515020188575,-24.92962704569));
#2783 = CARTESIAN_POINT('',(2.523378814201,-24.92016741117));
#2784 = CARTESIAN_POINT('',(2.53173716523,-24.90989319744));
#2785 = CARTESIAN_POINT('',(2.540091178395,-24.89878397118));
#2786 = CARTESIAN_POINT('',(2.548436871389,-24.8868204346));
#2787 = CARTESIAN_POINT('',(2.556770342866,-24.87398442549));
#2788 = CARTESIAN_POINT('',(2.581619108727,-24.83297873504));
#2789 = CARTESIAN_POINT('',(2.598093025553,-24.80217498036));
#2790 = CARTESIAN_POINT('',(2.614462663562,-24.76773699436));
#2791 = CARTESIAN_POINT('',(2.630683424647,-24.7295925218));
#2792 = CARTESIAN_POINT('',(2.64671291552,-24.68770980615));
#2793 = CARTESIAN_POINT('',(2.66251089129,-24.64209968469));
#2794 = CARTESIAN_POINT('',(2.695176932726,-24.53842786722));
#2795 = CARTESIAN_POINT('',(2.711968520924,-24.47962163342));
#2796 = CARTESIAN_POINT('',(2.728366636392,-24.41648133348));
#2797 = CARTESIAN_POINT('',(2.744325895831,-24.34915445513));
#2798 = CARTESIAN_POINT('',(2.759803445598,-24.27785638376));
#2799 = CARTESIAN_POINT('',(2.774759547423,-24.20287316364));
#2800 = CARTESIAN_POINT('',(2.796796063199,-24.08302446928));
#2801 = CARTESIAN_POINT('',(2.804279467942,-24.0405360502));
#2802 = CARTESIAN_POINT('',(2.811605909421,-23.99713468212));
#2803 = CARTESIAN_POINT('',(2.818773045758,-23.95285874908));
#2804 = CARTESIAN_POINT('',(2.825778662141,-23.90774933881));
#2805 = CARTESIAN_POINT('',(2.832620670813,-23.86185024272));
#2806 = CARTESIAN_POINT('',(2.854595237566,-23.70833369728));
#2807 = CARTESIAN_POINT('',(2.869014168187,-23.59762719959));
#2808 = CARTESIAN_POINT('',(2.882559813767,-23.48346823342));
#2809 = CARTESIAN_POINT('',(2.895237620845,-23.36623939543));
#2810 = CARTESIAN_POINT('',(2.907053316607,-23.24632598416));
#2811 = CARTESIAN_POINT('',(2.91801365382,-23.1241158758));
#2812 = CARTESIAN_POINT('',(2.928127155764,-22.9999994));
#2813 = ( GEOMETRIC_REPRESENTATION_CONTEXT(2) 
PARAMETRIC_REPRESENTATION_CONTEXT() REPRESENTATION_CONTEXT('2D SPACE',''
  ) );
#2814 = PCURVE('',#2815,#2820);
#2815 = CYLINDRICAL_SURFACE('',#2816,4.);
#2816 = AXIS2_PLACEMENT_3D('',#2817,#2818,#2819);
#2817 = CARTESIAN_POINT('',(-49.25,5.,70.));
#2818 = DIRECTION('',(-1.,-0.,-0.));
#2819 = DIRECTION('',(0.,1.,0.));
#2820 = DEFINITIONAL_REPRESENTATION('',(#2821),#2938);
#2821 = B_SPLINE_CURVE_WITH_KNOTS('',7,(#2822,#2823,#2824,#2825,#2826,
    #2827,#2828,#2829,#2830,#2831,#2832,#2833,#2834,#2835,#2836,#2837,
    #2838,#2839,#2840,#2841,#2842,#2843,#2844,#2845,#2846,#2847,#2848,
    #2849,#2850,#2851,#2852,#2853,#2854,#2855,#2856,#2857,#2858,#2859,
    #2860,#2861,#2862,#2863,#2864,#2865,#2866,#2867,#2868,#2869,#2870,
    #2871,#2872,#2873,#2874,#2875,#2876,#2877,#2878,#2879,#2880,#2881,
    #2882,#2883,#2884,#2885,#2886,#2887,#2888,#2889,#2890,#2891,#2892,
    #2893,#2894,#2895,#2896,#2897,#2898,#2899,#2900,#2901,#2902,#2903,
    #2904,#2905,#2906,#2907,#2908,#2909,#2910,#2911,#2912,#2913,#2914,
    #2915,#2916,#2917,#2918,#2919,#2920,#2921,#2922,#2923,#2924,#2925,
    #2926,#2927,#2928,#2929,#2930,#2931,#2932,#2933,#2934,#2935,#2936,
    #2937),.UNSPECIFIED.,.F.,.F.,(8,6,6,6,6,6,6,6,6,6,6,6,6,6,6,6,6,6,6,
    8),(0.,4.946314836227E-02,7.104995716008E-02,0.111744415047,
    0.148617205647,0.16716905182,0.201734294403,0.243526678486,
    0.353109835026,0.424630188738,0.499010715082,0.645263350058,
    0.755351438687,0.797336391743,0.832060884382,0.850698192274,
    0.88774083886,0.928622757396,0.950309005049,1.),.UNSPECIFIED.);
#2822 = CARTESIAN_POINT('',(-3.665191255983,-16.33544403798));
#2823 = CARTESIAN_POINT('',(-3.701020592758,-16.31991073019));
#2824 = CARTESIAN_POINT('',(-3.737164306755,-16.30223125832));
#2825 = CARTESIAN_POINT('',(-3.773612154325,-16.28214028586));
#2826 = CARTESIAN_POINT('',(-3.810356691043,-16.25934097758));
#2827 = CARTESIAN_POINT('',(-3.847392795941,-16.2335050399));
#2828 = CARTESIAN_POINT('',(-3.884717195738,-16.20427276124));
#2829 = CARTESIAN_POINT('',(-3.938742168758,-16.15684252336));
#2830 = CARTESIAN_POINT('',(-3.955206208267,-16.14171479304));
#2831 = CARTESIAN_POINT('',(-3.971714405135,-16.12584277421));
#2832 = CARTESIAN_POINT('',(-3.9882613215,-16.10919965846));
#2833 = CARTESIAN_POINT('',(-4.004841784109,-16.0917589163));
#2834 = CARTESIAN_POINT('',(-4.021450884318,-16.07349429713));
#2835 = CARTESIAN_POINT('',(-4.069439920536,-16.01834611468));
#2836 = CARTESIAN_POINT('',(-4.100899270662,-15.97927161082));
#2837 = CARTESIAN_POINT('',(-4.132385691277,-15.93702869426));
#2838 = CARTESIAN_POINT('',(-4.163828924322,-15.89151678271));
#2839 = CARTESIAN_POINT('',(-4.195163461472,-15.8426687879));
#2840 = CARTESIAN_POINT('',(-4.226327214741,-15.79045756847));
#2841 = CARTESIAN_POINT('',(-4.285288205416,-15.68456445396));
#2842 = CARTESIAN_POINT('',(-4.313100578475,-15.63152814617));
#2843 = CARTESIAN_POINT('',(-4.340650043874,-15.57582249526));
#2844 = CARTESIAN_POINT('',(-4.367889810567,-15.5175123162));
#2845 = CARTESIAN_POINT('',(-4.394773220171,-15.45670127022));
#2846 = CARTESIAN_POINT('',(-4.421253408312,-15.393534932));
#2847 = CARTESIAN_POINT('',(-4.46037924484,-15.29533376369));
#2848 = CARTESIAN_POINT('',(-4.473363840488,-15.26190970194));
#2849 = CARTESIAN_POINT('',(-4.486233999009,-15.22794707283));
#2850 = CARTESIAN_POINT('',(-4.498986866832,-15.19346310236));
#2851 = CARTESIAN_POINT('',(-4.511619490696,-15.15847684119));
#2852 = CARTESIAN_POINT('',(-4.524128817649,-15.12300916465));
#2853 = CARTESIAN_POINT('',(-4.559583100301,-15.02014579833));
#2854 = CARTESIAN_POINT('',(-4.582208821821,-14.95163633396));
#2855 = CARTESIAN_POINT('',(-4.604388799035,-14.88164493475));
#2856 = CARTESIAN_POINT('',(-4.62612174218,-14.81027080315));
#2857 = CARTESIAN_POINT('',(-4.647405132304,-14.73762178894));
#2858 = CARTESIAN_POINT('',(-4.668235221267,-14.66381438922));
#2859 = CARTESIAN_POINT('',(-4.713238322134,-14.49848490551));
#2860 = CARTESIAN_POINT('',(-4.737206203818,-14.40646213849));
#2861 = CARTESIAN_POINT('',(-4.760527719971,-14.31302952839));
#2862 = CARTESIAN_POINT('',(-4.783217468401,-14.21830696267));
#2863 = CARTESIAN_POINT('',(-4.80528802671,-14.12240922844));
#2864 = CARTESIAN_POINT('',(-4.826750377462,-14.02544510578));
#2865 = CARTESIAN_POINT('',(-4.902321385735,-13.67073929319));
#2866 = CARTESIAN_POINT('',(-4.952961438174,-13.40710986267));
#2867 = CARTESIAN_POINT('',(-4.999800720793,-13.13795779319));
#2868 = CARTESIAN_POINT('',(-5.043004475686,-12.86422619475));
#2869 = CARTESIAN_POINT('',(-5.082667602979,-12.5864709991));
#2870 = CARTESIAN_POINT('',(-5.118821854218,-12.30488205593));
#2871 = CARTESIAN_POINT('',(-5.172694743993,-11.83295546031));
#2872 = CARTESIAN_POINT('',(-5.19244915908,-11.64494636638));
#2873 = CARTESIAN_POINT('',(-5.210651080327,-11.4554412231));
#2874 = CARTESIAN_POINT('',(-5.227260732108,-11.26455698292));
#2875 = CARTESIAN_POINT('',(-5.242232694307,-11.07238542887));
#2876 = CARTESIAN_POINT('',(-5.255518295423,-10.87899356814));
#2877 = CARTESIAN_POINT('',(-5.279079600766,-10.48207344667));
#2878 = CARTESIAN_POINT('',(-5.289216949882,-10.27839407919));
#2879 = CARTESIAN_POINT('',(-5.297405277484,-10.07372564102));
#2880 = CARTESIAN_POINT('',(-5.303587608416,-9.868340715891));
#2881 = CARTESIAN_POINT('',(-5.307724795839,-9.662463476429));
#2882 = CARTESIAN_POINT('',(-5.30979539703,-9.456288546091));
#2883 = CARTESIAN_POINT('',(-5.30979539703,-8.844379807265));
#2884 = CARTESIAN_POINT('',(-5.301789847217,-8.440902567244));
#2885 = CARTESIAN_POINT('',(-5.285931387845,-8.039900412228));
#2886 = CARTESIAN_POINT('',(-5.262499058493,-7.641861356535));
#2887 = CARTESIAN_POINT('',(-5.231929696616,-7.247928557669));
#2888 = CARTESIAN_POINT('',(-5.194725823002,-6.860036825018));
#2889 = CARTESIAN_POINT('',(-5.118821854218,-6.195117944062));
#2890 = CARTESIAN_POINT('',(-5.082667602979,-5.913529000893));
#2891 = CARTESIAN_POINT('',(-5.043004475686,-5.63577380525));
#2892 = CARTESIAN_POINT('',(-4.999800720793,-5.362042206804));
#2893 = CARTESIAN_POINT('',(-4.952961438174,-5.092890137323));
#2894 = CARTESIAN_POINT('',(-4.902321385735,-4.829260706808));
#2895 = CARTESIAN_POINT('',(-4.826750377462,-4.474554894216));
#2896 = CARTESIAN_POINT('',(-4.80528802671,-4.377590771551));
#2897 = CARTESIAN_POINT('',(-4.783217468401,-4.281693037329));
#2898 = CARTESIAN_POINT('',(-4.760527719971,-4.186970471607));
#2899 = CARTESIAN_POINT('',(-4.737206203818,-4.093537861509));
#2900 = CARTESIAN_POINT('',(-4.713238322134,-4.001515094489));
#2901 = CARTESIAN_POINT('',(-4.668235231847,-3.836185649647));
#2902 = CARTESIAN_POINT('',(-4.647405133046,-3.762378217837));
#2903 = CARTESIAN_POINT('',(-4.62612173301,-3.689729168769));
#2904 = CARTESIAN_POINT('',(-4.604388790018,-3.618355034344));
#2905 = CARTESIAN_POINT('',(-4.582208822943,-3.548363665752));
#2906 = CARTESIAN_POINT('',(-4.559583111262,-3.479854233472));
#2907 = CARTESIAN_POINT('',(-4.524128819022,-3.376990839325));
#2908 = CARTESIAN_POINT('',(-4.511619490867,-3.341523159539));
#2909 = CARTESIAN_POINT('',(-4.498986865758,-3.306536894852));
#2910 = CARTESIAN_POINT('',(-4.486233997919,-3.272052924129));
#2911 = CARTESIAN_POINT('',(-4.473363840618,-3.238090298156));
#2912 = CARTESIAN_POINT('',(-4.460379246173,-3.204666239649));
#2913 = CARTESIAN_POINT('',(-4.421253408312,-3.106465067999));
#2914 = CARTESIAN_POINT('',(-4.394773220171,-3.043298729771));
#2915 = CARTESIAN_POINT('',(-4.367889810567,-2.982487683795));
#2916 = CARTESIAN_POINT('',(-4.340650043874,-2.924177504735));
#2917 = CARTESIAN_POINT('',(-4.313100578475,-2.86847185383));
#2918 = CARTESIAN_POINT('',(-4.285288205416,-2.815435546035));
#2919 = CARTESIAN_POINT('',(-4.226327214741,-2.709542431526));
#2920 = CARTESIAN_POINT('',(-4.195163461472,-2.657331212094));
#2921 = CARTESIAN_POINT('',(-4.163828924322,-2.608483217284));
#2922 = CARTESIAN_POINT('',(-4.132385691277,-2.562971305732));
#2923 = CARTESIAN_POINT('',(-4.100899270662,-2.520728389173));
#2924 = CARTESIAN_POINT('',(-4.069439920536,-2.481653885316));
#2925 = CARTESIAN_POINT('',(-4.021450885578,-2.426505704319));
#2926 = CARTESIAN_POINT('',(-4.004841784277,-2.408241084041));
#2927 = CARTESIAN_POINT('',(-3.98826132053,-2.39080034062));
#2928 = CARTESIAN_POINT('',(-3.971714404139,-2.374157224711));
#2929 = CARTESIAN_POINT('',(-3.95520620837,-2.358285206897));
#2930 = CARTESIAN_POINT('',(-3.938742169953,-2.343157477687));
#2931 = CARTESIAN_POINT('',(-3.88471719574,-2.295727238753));
#2932 = CARTESIAN_POINT('',(-3.847392795941,-2.2664949601));
#2933 = CARTESIAN_POINT('',(-3.810356691042,-2.240659022413));
#2934 = CARTESIAN_POINT('',(-3.773612154324,-2.217859714135));
#2935 = CARTESIAN_POINT('',(-3.737164306755,-2.197768741679));
#2936 = CARTESIAN_POINT('',(-3.70102059276,-2.180089269809));
#2937 = CARTESIAN_POINT('',(-3.665191255983,-2.164555962011));
#2938 = ( GEOMETRIC_REPRESENTATION_CONTEXT(2) 
PARAMETRIC_REPRESENTATION_CONTEXT() REPRESENTATION_CONTEXT('2D SPACE',''
  ) );
#2939 = ORIENTED_EDGE('',*,*,#2940,.F.);
#2940 = EDGE_CURVE('',#2520,#2574,#2941,.T.);
#2941 = SURFACE_CURVE('',#2942,(#2947,#2954),.PCURVE_S1.);
#2942 = CIRCLE('',#2943,7.25);
#2943 = AXIS2_PLACEMENT_3D('',#2944,#2945,#2946);
#2944 = CARTESIAN_POINT('',(-40.,0.,68.));
#2945 = DIRECTION('',(0.,0.,1.));
#2946 = DIRECTION('',(1.,0.,-0.));
#2947 = PCURVE('',#1527,#2948);
#2948 = DEFINITIONAL_REPRESENTATION('',(#2949),#2953);
#2949 = LINE('',#2950,#2951);
#2950 = CARTESIAN_POINT('',(0.,-23.));
#2951 = VECTOR('',#2952,1.);
#2952 = DIRECTION('',(1.,0.));
#2953 = ( GEOMETRIC_REPRESENTATION_CONTEXT(2) 
PARAMETRIC_REPRESENTATION_CONTEXT() REPRESENTATION_CONTEXT('2D SPACE',''
  ) );
#2954 = PCURVE('',#2561,#2955);
#2955 = DEFINITIONAL_REPRESENTATION('',(#2956),#2960);
#2956 = CIRCLE('',#2957,7.25);
#2957 = AXIS2_PLACEMENT_2D('',#2958,#2959);
#2958 = CARTESIAN_POINT('',(0.,-4.231397042342E-16));
#2959 = DIRECTION('',(1.,0.));
#2960 = ( GEOMETRIC_REPRESENTATION_CONTEXT(2) 
PARAMETRIC_REPRESENTATION_CONTEXT() REPRESENTATION_CONTEXT('2D SPACE',''
  ) );
#2961 = ORIENTED_EDGE('',*,*,#2519,.T.);
#2962 = ORIENTED_EDGE('',*,*,#2963,.T.);
#2963 = EDGE_CURVE('',#2522,#1598,#2964,.T.);
#2964 = SURFACE_CURVE('',#2965,(#2970,#2977),.PCURVE_S1.);
#2965 = CIRCLE('',#2966,7.25);
#2966 = AXIS2_PLACEMENT_3D('',#2967,#2968,#2969);
#2967 = CARTESIAN_POINT('',(-40.,0.,58.));
#2968 = DIRECTION('',(0.,0.,1.));
#2969 = DIRECTION('',(1.,0.,0.));
#2970 = PCURVE('',#1527,#2971);
#2971 = DEFINITIONAL_REPRESENTATION('',(#2972),#2976);
#2972 = LINE('',#2973,#2974);
#2973 = CARTESIAN_POINT('',(0.,-33.));
#2974 = VECTOR('',#2975,1.);
#2975 = DIRECTION('',(1.,0.));
#2976 = ( GEOMETRIC_REPRESENTATION_CONTEXT(2) 
PARAMETRIC_REPRESENTATION_CONTEXT() REPRESENTATION_CONTEXT('2D SPACE',''
  ) );
#2977 = PCURVE('',#1612,#2978);
#2978 = DEFINITIONAL_REPRESENTATION('',(#2979),#2983);
#2979 = CIRCLE('',#2980,7.25);
#2980 = AXIS2_PLACEMENT_2D('',#2981,#2982);
#2981 = CARTESIAN_POINT('',(0.,-4.584934185037E-16));
#2982 = DIRECTION('',(1.,0.));
#2983 = ( GEOMETRIC_REPRESENTATION_CONTEXT(2) 
PARAMETRIC_REPRESENTATION_CONTEXT() REPRESENTATION_CONTEXT('2D SPACE',''
  ) );
#2984 = ORIENTED_EDGE('',*,*,#1623,.T.);
#2985 = ORIENTED_EDGE('',*,*,#1453,.T.);
#2986 = ORIENTED_EDGE('',*,*,#2987,.F.);
#2987 = EDGE_CURVE('',#2988,#1454,#2990,.T.);
#2988 = VERTEX_POINT('',#2989);
#2989 = CARTESIAN_POINT('',(-46.,-4.069705142894,65.890315120552));
#2990 = SURFACE_CURVE('',#2991,(#2995,#3001),.PCURVE_S1.);
#2991 = LINE('',#2992,#2993);
#2992 = CARTESIAN_POINT('',(-46.,-4.069705149025,91.));
#2993 = VECTOR('',#2994,1.);
#2994 = DIRECTION('',(0.,0.,1.));
#2995 = PCURVE('',#1527,#2996);
#2996 = DEFINITIONAL_REPRESENTATION('',(#2997),#3000);
#2997 = B_SPLINE_CURVE_WITH_KNOTS('',1,(#2998,#2999),.UNSPECIFIED.,.F.,
  .F.,(2,2),(-33.00000060929,-23.84),.PIECEWISE_BEZIER_KNOTS.);
#2998 = CARTESIAN_POINT('',(3.737595092777,-33.00000060929));
#2999 = CARTESIAN_POINT('',(3.737595092777,-23.84));
#3000 = ( GEOMETRIC_REPRESENTATION_CONTEXT(2) 
PARAMETRIC_REPRESENTATION_CONTEXT() REPRESENTATION_CONTEXT('2D SPACE',''
  ) );
#3001 = PCURVE('',#1585,#3002);
#3002 = DEFINITIONAL_REPRESENTATION('',(#3003),#3006);
#3003 = B_SPLINE_CURVE_WITH_KNOTS('',1,(#3004,#3005),.UNSPECIFIED.,.F.,
  .F.,(2,2),(-33.00000060929,-23.84),.PIECEWISE_BEZIER_KNOTS.);
#3004 = CARTESIAN_POINT('',(-4.000000609295,-0.930294850975));
#3005 = CARTESIAN_POINT('',(5.16,-0.930294850975));
#3006 = ( GEOMETRIC_REPRESENTATION_CONTEXT(2) 
PARAMETRIC_REPRESENTATION_CONTEXT() REPRESENTATION_CONTEXT('2D SPACE',''
  ) );
#3007 = ORIENTED_EDGE('',*,*,#3008,.F.);
#3008 = EDGE_CURVE('',#3009,#2988,#3011,.T.);
#3009 = VERTEX_POINT('',#3010);
#3010 = CARTESIAN_POINT('',(-32.81929669182,-1.,62.));
#3011 = SURFACE_CURVE('',#3012,(#3105,#3201),.PCURVE_S1.);
#3012 = B_SPLINE_CURVE_WITH_KNOTS('',7,(#3013,#3014,#3015,#3016,#3017,
    #3018,#3019,#3020,#3021,#3022,#3023,#3024,#3025,#3026,#3027,#3028,
    #3029,#3030,#3031,#3032,#3033,#3034,#3035,#3036,#3037,#3038,#3039,
    #3040,#3041,#3042,#3043,#3044,#3045,#3046,#3047,#3048,#3049,#3050,
    #3051,#3052,#3053,#3054,#3055,#3056,#3057,#3058,#3059,#3060,#3061,
    #3062,#3063,#3064,#3065,#3066,#3067,#3068,#3069,#3070,#3071,#3072,
    #3073,#3074,#3075,#3076,#3077,#3078,#3079,#3080,#3081,#3082,#3083,
    #3084,#3085,#3086,#3087,#3088,#3089,#3090,#3091,#3092,#3093,#3094,
    #3095,#3096,#3097,#3098,#3099,#3100,#3101,#3102,#3103,#3104),
  .UNSPECIFIED.,.F.,.F.,(8,6,6,6,6,6,6,6,6,6,6,6,6,6,6,8),(0.,
    0.116231309959,0.141155187527,0.180867035456,0.227446598412,
    0.29002357185,0.384637440783,0.503276473859,0.566098790145,
    0.621776127997,0.747821590336,0.789182595439,0.821216318021,
    0.860470737009,0.88510752386,1.),.UNSPECIFIED.);
#3013 = CARTESIAN_POINT('',(-32.81929669182,-1.,62.));
#3014 = CARTESIAN_POINT('',(-32.81929669182,-1.,62.382875405003));
#3015 = CARTESIAN_POINT('',(-32.82525031169,-1.042756466082,
    62.766232180825));
#3016 = CARTESIAN_POINT('',(-32.83718973302,-1.128462932174,
    63.146824954137));
#3017 = CARTESIAN_POINT('',(-32.85685706309,-1.258017620233,
    63.521090665551));
#3018 = CARTESIAN_POINT('',(-32.88778867342,-1.432731483107,
    63.884601215424));
#3019 = CARTESIAN_POINT('',(-32.93569279435,-1.653923770116,
    64.231629914789));
#3020 = CARTESIAN_POINT('',(-33.02527047129,-1.979698712072,
    64.624098172427));
#3021 = CARTESIAN_POINT('',(-33.04226347322,-2.039338516923,
    64.692243565295));
#3022 = CARTESIAN_POINT('',(-33.06050603147,-2.101055755839,
    64.759118857421));
#3023 = CARTESIAN_POINT('',(-33.08007378161,-2.164803656245,
    64.824612969249));
#3024 = CARTESIAN_POINT('',(-33.10104420195,-2.230529199015,
    64.888620741529));
#3025 = CARTESIAN_POINT('',(-33.12349617297,-2.298173600095,
    64.951042856837));
#3026 = CARTESIAN_POINT('',(-33.18577063981,-2.478407622121,
    65.108568975092));
#3027 = CARTESIAN_POINT('',(-33.22803330236,-2.593960998371,
    65.201185213535));
#3028 = CARTESIAN_POINT('',(-33.27453884632,-2.713810227628,
    65.288995929124));
#3029 = CARTESIAN_POINT('',(-33.32548909227,-2.837364127382,
    65.371495960878));
#3030 = CARTESIAN_POINT('',(-33.38103247172,-2.963981874202,
    65.448307940591));
#3031 = CARTESIAN_POINT('',(-33.44125013948,-3.09299185207,
    65.519176699299));
#3032 = CARTESIAN_POINT('',(-33.58225636079,-3.377035461447,
    65.659954822797));
#3033 = CARTESIAN_POINT('',(-33.66457323277,-3.53225089096,
    65.727350301743));
#3034 = CARTESIAN_POINT('',(-33.75302142525,-3.688219134929,
    65.786013192398));
#3035 = CARTESIAN_POINT('',(-33.84736790704,-3.843788135893,
    65.836020966066));
#3036 = CARTESIAN_POINT('',(-33.94718965031,-3.997810216768,
    65.877646049581));
#3037 = CARTESIAN_POINT('',(-34.05184538839,-4.149160864357,
    65.911336391353));
#3038 = CARTESIAN_POINT('',(-34.30634791711,-4.495045151637,
    65.973108687831));
#3039 = CARTESIAN_POINT('',(-34.45936296955,-4.68654599372,
    65.995288592148));
#3040 = CARTESIAN_POINT('',(-34.61870284923,-4.870488884622,
    66.006032835217));
#3041 = CARTESIAN_POINT('',(-34.78352680964,-5.046324011243,
    66.006984466823));
#3042 = CARTESIAN_POINT('',(-34.95296010948,-5.213661759833,
    65.99966703902));
#3043 = CARTESIAN_POINT('',(-35.126098072,-5.372235742231,65.98550182589
    ));
#3044 = CARTESIAN_POINT('',(-35.56794944519,-5.748161199172,
    65.936031012584));
#3045 = CARTESIAN_POINT('',(-35.84136604396,-5.955021446041,
    65.893487078708));
#3046 = CARTESIAN_POINT('',(-36.12074353615,-6.14302409929,
    65.842346635983));
#3047 = CARTESIAN_POINT('',(-36.40501540803,-6.312942984795,
    65.785913212865));
#3048 = CARTESIAN_POINT('',(-36.69357109705,-6.46559372353,
    65.72691870083));
#3049 = CARTESIAN_POINT('',(-36.98622761479,-6.601684985295,
    65.667735541486));
#3050 = CARTESIAN_POINT('',(-37.6554778498,-6.872189486007,
    65.538743215944));
#3051 = CARTESIAN_POINT('',(-38.03630621009,-6.998125033975,
    65.469707783526));
#3052 = CARTESIAN_POINT('',(-38.4231132595,-7.098815888952,
    65.408254319629));
#3053 = CARTESIAN_POINT('',(-38.81389192366,-7.174236346646,
    65.358733025657));
#3054 = CARTESIAN_POINT('',(-39.20737748503,-7.224626907192,
    65.324451485721));
#3055 = CARTESIAN_POINT('',(-39.60291621879,-7.25,65.307189138831));
#3056 = CARTESIAN_POINT('',(-40.21026572998,-7.25,65.307189138831));
#3057 = CARTESIAN_POINT('',(-40.42044982101,-7.242885488506,
    65.312029394949));
#3058 = CARTESIAN_POINT('',(-40.63034410657,-7.228666321546,
    65.321703220855));
#3059 = CARTESIAN_POINT('',(-40.83972970059,-7.207350969642,
    65.336063756078));
#3060 = CARTESIAN_POINT('',(-41.04835527043,-7.178949482085,
    65.35482316388));
#3061 = CARTESIAN_POINT('',(-41.25591546943,-7.143490757821,
    65.37756338511));
#3062 = CARTESIAN_POINT('',(-41.64470159182,-7.063443939211,
    65.426974264535));
#3063 = CARTESIAN_POINT('',(-41.82633269842,-7.020333356604,
    65.452916039409));
#3064 = CARTESIAN_POINT('',(-42.00688434865,-6.97172022489,
    65.481250699112));
#3065 = CARTESIAN_POINT('',(-42.18629879076,-6.917585855653,
    65.5116035793));
#3066 = CARTESIAN_POINT('',(-42.36449872137,-6.857898798136,
    65.543563401348));
#3067 = CARTESIAN_POINT('',(-42.54138698578,-6.792618615096,
    65.57668724888));
#3068 = CARTESIAN_POINT('',(-43.11406080879,-6.561149370167,
    65.687065287382));
#3069 = CARTESIAN_POINT('',(-43.51426233743,-6.367531699392,
    65.769170643887));
#3070 = CARTESIAN_POINT('',(-43.91076560028,-6.139495602697,
    65.850795064523));
#3071 = CARTESIAN_POINT('',(-44.29843465829,-5.876547018736,
    65.924013869615));
#3072 = CARTESIAN_POINT('',(-44.67246980659,-5.578657218845,
    65.980041690768));
#3073 = CARTESIAN_POINT('',(-45.0278773837,-5.246472246571,
    66.008977429715));
#3074 = CARTESIAN_POINT('',(-45.46834881007,-4.762958704718,
    65.99475841387));
#3075 = CARTESIAN_POINT('',(-45.57504692226,-4.639594105769,
    65.986963067164));
#3076 = CARTESIAN_POINT('',(-45.67913958924,-4.51264776237,
    65.974388139613));
#3077 = CARTESIAN_POINT('',(-45.7802112291,-4.382477825862,
    65.956551208645));
#3078 = CARTESIAN_POINT('',(-45.87790589758,-4.24947720432,
    65.932986154457));
#3079 = CARTESIAN_POINT('',(-45.97192593405,-4.114071651697,
    65.903244568382));
#3080 = CARTESIAN_POINT('',(-46.13181585823,-3.870338591143,
    65.838746424746));
#3081 = CARTESIAN_POINT('',(-46.19920283405,-3.762866717746,
    65.806653302472));
#3082 = CARTESIAN_POINT('',(-46.2639564693,-3.654713729861,
    65.77047947133));
#3083 = CARTESIAN_POINT('',(-46.32589907364,-3.546300454419,
    65.730135001285));
#3084 = CARTESIAN_POINT('',(-46.38490621231,-3.43805054367,
    65.685581180149));
#3085 = CARTESIAN_POINT('',(-46.44090258656,-3.330383966661,
    65.636833338358));
#3086 = CARTESIAN_POINT('',(-46.55874986051,-3.09299185207,
    65.519176699299));
#3087 = CARTESIAN_POINT('',(-46.61896752827,-2.963981874202,
    65.448307940591));
#3088 = CARTESIAN_POINT('',(-46.67451090772,-2.837364127382,
    65.371495960878));
#3089 = CARTESIAN_POINT('',(-46.72546115367,-2.713810227628,
    65.288995929124));
#3090 = CARTESIAN_POINT('',(-46.77196669763,-2.593960998371,
    65.201185213535));
#3091 = CARTESIAN_POINT('',(-46.81422936018,-2.478407622121,
    65.108568975092));
#3092 = CARTESIAN_POINT('',(-46.87650382703,-2.298173600095,
    64.951042856837));
#3093 = CARTESIAN_POINT('',(-46.89895579804,-2.230529199015,
    64.888620741529));
#3094 = CARTESIAN_POINT('',(-46.91992621838,-2.164803656245,
    64.824612969249));
#3095 = CARTESIAN_POINT('',(-46.93949396852,-2.101055755839,
    64.759118857421));
#3096 = CARTESIAN_POINT('',(-46.95773652677,-2.039338516923,
    64.692243565295));
#3097 = CARTESIAN_POINT('',(-46.9747295287,-1.979698712072,
    64.624098172427));
#3098 = CARTESIAN_POINT('',(-47.06430720564,-1.653923770117,
    64.23162991479));
#3099 = CARTESIAN_POINT('',(-47.11221132657,-1.432731483106,
    63.884601215423));
#3100 = CARTESIAN_POINT('',(-47.1431429369,-1.258017620234,
    63.521090665553));
#3101 = CARTESIAN_POINT('',(-47.16281026697,-1.128462932174,
    63.146824954135));
#3102 = CARTESIAN_POINT('',(-47.1747496883,-1.042756466082,
    62.766232180826));
#3103 = CARTESIAN_POINT('',(-47.18070330817,-1.,62.382875405003));
#3104 = CARTESIAN_POINT('',(-47.18070330817,-1.,62.));
#3105 = PCURVE('',#1527,#3106);
#3106 = DEFINITIONAL_REPRESENTATION('',(#3107),#3200);
#3107 = B_SPLINE_CURVE_WITH_KNOTS('',7,(#3108,#3109,#3110,#3111,#3112,
    #3113,#3114,#3115,#3116,#3117,#3118,#3119,#3120,#3121,#3122,#3123,
    #3124,#3125,#3126,#3127,#3128,#3129,#3130,#3131,#3132,#3133,#3134,
    #3135,#3136,#3137,#3138,#3139,#3140,#3141,#3142,#3143,#3144,#3145,
    #3146,#3147,#3148,#3149,#3150,#3151,#3152,#3153,#3154,#3155,#3156,
    #3157,#3158,#3159,#3160,#3161,#3162,#3163,#3164,#3165,#3166,#3167,
    #3168,#3169,#3170,#3171,#3172,#3173,#3174,#3175,#3176,#3177,#3178,
    #3179,#3180,#3181,#3182,#3183,#3184,#3185,#3186,#3187,#3188,#3189,
    #3190,#3191,#3192,#3193,#3194,#3195,#3196,#3197,#3198,#3199),
  .UNSPECIFIED.,.F.,.F.,(8,6,6,6,6,6,6,6,6,6,6,6,6,6,6,8),(0.,
    0.116231309959,0.141155187527,0.180867035456,0.227446598412,
    0.29002357185,0.384637440783,0.503276473859,0.566098790145,
    0.621776127997,0.747821590336,0.789182595439,0.821216318021,
    0.860470737009,0.88510752386,1.),.UNSPECIFIED.);
#3108 = CARTESIAN_POINT('',(6.144813129794,-29.));
#3109 = CARTESIAN_POINT('',(6.144813129794,-28.61712459499));
#3110 = CARTESIAN_POINT('',(6.13885887492,-28.23376781917));
#3111 = CARTESIAN_POINT('',(6.12692268934,-27.85317504586));
#3112 = CARTESIAN_POINT('',(6.108850891618,-27.47890933444));
#3113 = CARTESIAN_POINT('',(6.084391847415,-27.11539878457));
#3114 = CARTESIAN_POINT('',(6.053222494249,-26.76837008521));
#3115 = CARTESIAN_POINT('',(6.00662027938,-26.37590182757));
#3116 = CARTESIAN_POINT('',(5.998067064181,-26.3077564347));
#3117 = CARTESIAN_POINT('',(5.989190955709,-26.24088114257));
#3118 = CARTESIAN_POINT('',(5.979994174802,-26.17538703075));
#3119 = CARTESIAN_POINT('',(5.970479324178,-26.11137925847));
#3120 = CARTESIAN_POINT('',(5.960649283305,-26.04895714316));
#3121 = CARTESIAN_POINT('',(5.934347309885,-25.8914310249));
#3122 = CARTESIAN_POINT('',(5.917379029496,-25.79881478646));
#3123 = CARTESIAN_POINT('',(5.899652838978,-25.71100407087));
#3124 = CARTESIAN_POINT('',(5.8812264811,-25.62850403912));
#3125 = CARTESIAN_POINT('',(5.862163475311,-25.5516920594));
#3126 = CARTESIAN_POINT('',(5.84253172855,-25.4808233007));
#3127 = CARTESIAN_POINT('',(5.79879137988,-25.3400451772));
#3128 = CARTESIAN_POINT('',(5.77456652874,-25.27264969825));
#3129 = CARTESIAN_POINT('',(5.749851468855,-25.2139868076));
#3130 = CARTESIAN_POINT('',(5.724775718843,-25.16397903393));
#3131 = CARTESIAN_POINT('',(5.699477703035,-25.12235395041));
#3132 = CARTESIAN_POINT('',(5.674108014798,-25.08866360864));
#3133 = CARTESIAN_POINT('',(5.614876715859,-25.02689131216));
#3134 = CARTESIAN_POINT('',(5.581093179735,-25.00471140785));
#3135 = CARTESIAN_POINT('',(5.547568274992,-24.99396716478));
#3136 = CARTESIAN_POINT('',(5.51437097372,-24.99301553317));
#3137 = CARTESIAN_POINT('',(5.481561973681,-25.00033296098));
#3138 = CARTESIAN_POINT('',(5.449199947217,-25.01449817411));
#3139 = CARTESIAN_POINT('',(5.369181805972,-25.06396898741));
#3140 = CARTESIAN_POINT('',(5.32196934086,-25.10651292129));
#3141 = CARTESIAN_POINT('',(5.275633543848,-25.15765336401));
#3142 = CARTESIAN_POINT('',(5.230067601672,-25.21408678713));
#3143 = CARTESIAN_POINT('',(5.185135978612,-25.27308129917));
#3144 = CARTESIAN_POINT('',(5.140676778161,-25.33226445851));
#3145 = CARTESIAN_POINT('',(5.041111152056,-25.46125678405));
#3146 = CARTESIAN_POINT('',(4.985901405482,-25.53029221647));
#3147 = CARTESIAN_POINT('',(4.930954468106,-25.59174568037));
#3148 = CARTESIAN_POINT('',(4.876258497973,-25.64126697434));
#3149 = CARTESIAN_POINT('',(4.821716215506,-25.67554851427));
#3150 = CARTESIAN_POINT('',(4.767159157102,-25.69281086116));
#3151 = CARTESIAN_POINT('',(4.683386810731,-25.69281086116));
#3152 = CARTESIAN_POINT('',(4.654395904503,-25.68797060505));
#3153 = CARTESIAN_POINT('',(4.625405106949,-25.67829677914));
#3154 = CARTESIAN_POINT('',(4.596404974162,-25.66393624392));
#3155 = CARTESIAN_POINT('',(4.567390255507,-25.64517683612));
#3156 = CARTESIAN_POINT('',(4.53836314559,-25.62243661489));
#3157 = CARTESIAN_POINT('',(4.483612665499,-25.57302573546));
#3158 = CARTESIAN_POINT('',(4.457875653341,-25.54708396059));
#3159 = CARTESIAN_POINT('',(4.432103638532,-25.51874930088));
#3160 = CARTESIAN_POINT('',(4.406275935271,-25.4883964207));
#3161 = CARTESIAN_POINT('',(4.380373537549,-25.45643659865));
#3162 = CARTESIAN_POINT('',(4.354378853943,-25.42331275112));
#3163 = CARTESIAN_POINT('',(4.269181083722,-25.31293471261));
#3164 = CARTESIAN_POINT('',(4.20799550259,-25.23082935611));
#3165 = CARTESIAN_POINT('',(4.14516712962,-25.14920493547));
#3166 = CARTESIAN_POINT('',(4.080881421883,-25.07598613038));
#3167 = CARTESIAN_POINT('',(4.015251768452,-25.01995830923));
#3168 = CARTESIAN_POINT('',(3.948367575232,-24.99102257028));
#3169 = CARTESIAN_POINT('',(3.858151776599,-25.00524158613));
#3170 = CARTESIAN_POINT('',(3.835661976832,-25.01303693283));
#3171 = CARTESIAN_POINT('',(3.813030883719,-25.02561186038));
#3172 = CARTESIAN_POINT('',(3.790314080757,-25.04344879135));
#3173 = CARTESIAN_POINT('',(3.767564855099,-25.06701384554));
#3174 = CARTESIAN_POINT('',(3.744835266475,-25.09675543161));
#3175 = CARTESIAN_POINT('',(3.704628762032,-25.16125357525));
#3176 = CARTESIAN_POINT('',(3.687135761561,-25.19334669752));
#3177 = CARTESIAN_POINT('',(3.669754563474,-25.22952052867));
#3178 = CARTESIAN_POINT('',(3.652538644801,-25.26986499871));
#3179 = CARTESIAN_POINT('',(3.635538684892,-25.31441881985));
#3180 = CARTESIAN_POINT('',(3.618802639478,-25.36316666164));
#3181 = CARTESIAN_POINT('',(3.582246232219,-25.4808233007));
#3182 = CARTESIAN_POINT('',(3.562614485458,-25.5516920594));
#3183 = CARTESIAN_POINT('',(3.543551479669,-25.62850403912));
#3184 = CARTESIAN_POINT('',(3.525125121791,-25.71100407087));
#3185 = CARTESIAN_POINT('',(3.507398931274,-25.79881478646));
#3186 = CARTESIAN_POINT('',(3.490430650884,-25.8914310249));
#3187 = CARTESIAN_POINT('',(3.464128677464,-26.04895714316));
#3188 = CARTESIAN_POINT('',(3.454298636591,-26.11137925847));
#3189 = CARTESIAN_POINT('',(3.444783785967,-26.17538703075));
#3190 = CARTESIAN_POINT('',(3.43558700506,-26.24088114257));
#3191 = CARTESIAN_POINT('',(3.426710896589,-26.3077564347));
#3192 = CARTESIAN_POINT('',(3.418157681389,-26.37590182757));
#3193 = CARTESIAN_POINT('',(3.371555466521,-26.76837008521));
#3194 = CARTESIAN_POINT('',(3.340386113354,-27.11539878457));
#3195 = CARTESIAN_POINT('',(3.315927069152,-27.47890933444));
#3196 = CARTESIAN_POINT('',(3.297855271429,-27.85317504586));
#3197 = CARTESIAN_POINT('',(3.285919085849,-28.23376781917));
#3198 = CARTESIAN_POINT('',(3.279964830975,-28.61712459499));
#3199 = CARTESIAN_POINT('',(3.279964830975,-29.));
#3200 = ( GEOMETRIC_REPRESENTATION_CONTEXT(2) 
PARAMETRIC_REPRESENTATION_CONTEXT() REPRESENTATION_CONTEXT('2D SPACE',''
  ) );
#3201 = PCURVE('',#3202,#3207);
#3202 = CYLINDRICAL_SURFACE('',#3203,4.);
#3203 = AXIS2_PLACEMENT_3D('',#3204,#3205,#3206);
#3204 = CARTESIAN_POINT('',(-56.,-5.,62.));
#3205 = DIRECTION('',(-1.,-0.,-0.));
#3206 = DIRECTION('',(0.,1.,0.));
#3207 = DEFINITIONAL_REPRESENTATION('',(#3208),#3301);
#3208 = B_SPLINE_CURVE_WITH_KNOTS('',7,(#3209,#3210,#3211,#3212,#3213,
    #3214,#3215,#3216,#3217,#3218,#3219,#3220,#3221,#3222,#3223,#3224,
    #3225,#3226,#3227,#3228,#3229,#3230,#3231,#3232,#3233,#3234,#3235,
    #3236,#3237,#3238,#3239,#3240,#3241,#3242,#3243,#3244,#3245,#3246,
    #3247,#3248,#3249,#3250,#3251,#3252,#3253,#3254,#3255,#3256,#3257,
    #3258,#3259,#3260,#3261,#3262,#3263,#3264,#3265,#3266,#3267,#3268,
    #3269,#3270,#3271,#3272,#3273,#3274,#3275,#3276,#3277,#3278,#3279,
    #3280,#3281,#3282,#3283,#3284,#3285,#3286,#3287,#3288,#3289,#3290,
    #3291,#3292,#3293,#3294,#3295,#3296,#3297,#3298,#3299,#3300),
  .UNSPECIFIED.,.F.,.F.,(8,6,6,6,6,6,6,6,6,6,6,6,6,6,6,8),(0.,
    0.116231309959,0.141155187527,0.180867035456,0.227446598412,
    0.29002357185,0.384637440783,0.503276473859,0.566098790145,
    0.621776127997,0.747821590336,0.789182595439,0.821216318021,
    0.860470737009,0.88510752386,1.),.UNSPECIFIED.);
#3209 = CARTESIAN_POINT('',(8.881784197001E-16,-23.18070330817));
#3210 = CARTESIAN_POINT('',(-9.571885125069E-02,-23.18070330817));
#3211 = CARTESIAN_POINT('',(-0.191558064266,-23.1747496883));
#3212 = CARTESIAN_POINT('',(-0.288138553259,-23.16281026697));
#3213 = CARTESIAN_POINT('',(-0.386018813176,-23.1431429369));
#3214 = CARTESIAN_POINT('',(-0.485733331471,-23.11221132657));
#3215 = CARTESIAN_POINT('',(-0.587808025849,-23.06430720564));
#3216 = CARTESIAN_POINT('',(-0.715322889213,-22.9747295287));
#3217 = CARTESIAN_POINT('',(-0.737954591066,-22.95773652677));
#3218 = CARTESIAN_POINT('',(-0.760692333679,-22.93949396852));
#3219 = CARTESIAN_POINT('',(-0.783526781538,-22.91992621838));
#3220 = CARTESIAN_POINT('',(-0.80644938868,-22.89895579804));
#3221 = CARTESIAN_POINT('',(-0.829452257946,-22.87650382703));
#3222 = CARTESIAN_POINT('',(-0.889295167211,-22.81422936018));
#3223 = CARTESIAN_POINT('',(-0.926283697702,-22.77196669763));
#3224 = CARTESIAN_POINT('',(-0.963371756491,-22.72546115367));
#3225 = CARTESIAN_POINT('',(-1.000450012094,-22.67451090772));
#3226 = CARTESIAN_POINT('',(-1.037418657586,-22.61896752827));
#3227 = CARTESIAN_POINT('',(-1.074184431438,-22.55874986051));
#3228 = CARTESIAN_POINT('',(-1.153438473955,-22.4177436392));
#3229 = CARTESIAN_POINT('',(-1.195688235621,-22.33542676722));
#3230 = CARTESIAN_POINT('',(-1.237265789987,-22.24697857474));
#3231 = CARTESIAN_POINT('',(-1.278034011746,-22.15263209295));
#3232 = CARTESIAN_POINT('',(-1.317854813272,-22.05281034968));
#3233 = CARTESIAN_POINT('',(-1.356584174245,-21.9481546116));
#3234 = CARTESIAN_POINT('',(-1.444423429706,-21.69365208289));
#3235 = CARTESIAN_POINT('',(-1.492527873182,-21.54063703044));
#3236 = CARTESIAN_POINT('',(-1.538477863608,-21.38129715076));
#3237 = CARTESIAN_POINT('',(-1.582335931263,-21.21647319035));
#3238 = CARTESIAN_POINT('',(-1.6241390054,-21.04703989051));
#3239 = CARTESIAN_POINT('',(-1.663905729748,-20.87390192799));
#3240 = CARTESIAN_POINT('',(-1.758697379745,-20.4320505548));
#3241 = CARTESIAN_POINT('',(-1.811358451883,-20.15863395603));
#3242 = CARTESIAN_POINT('',(-1.859927390767,-19.87925646384));
#3243 = CARTESIAN_POINT('',(-1.904587091253,-19.59498459196));
#3244 = CARTESIAN_POINT('',(-1.945440628119,-19.30642890294));
#3245 = CARTESIAN_POINT('',(-1.982519397683,-19.0137723852));
#3246 = CARTESIAN_POINT('',(-2.057440900335,-18.3445221502));
#3247 = CARTESIAN_POINT('',(-2.093287720288,-17.96369378991));
#3248 = CARTESIAN_POINT('',(-2.12274034305,-17.57688674049));
#3249 = CARTESIAN_POINT('',(-2.145294207913,-17.18610807633));
#3250 = CARTESIAN_POINT('',(-2.160530608799,-16.79262251496));
#3251 = CARTESIAN_POINT('',(-2.16820274344,-16.3970837812));
#3252 = CARTESIAN_POINT('',(-2.16820274344,-15.78973427001));
#3253 = CARTESIAN_POINT('',(-2.166051522544,-15.57955017898));
#3254 = CARTESIAN_POINT('',(-2.161752020653,-15.36965589342));
#3255 = CARTESIAN_POINT('',(-2.15532674857,-15.1602702994));
#3256 = CARTESIAN_POINT('',(-2.146818127766,-14.95164472956));
#3257 = CARTESIAN_POINT('',(-2.136288685329,-14.74408453056));
#3258 = CARTESIAN_POINT('',(-2.112771499891,-14.35529840817));
#3259 = CARTESIAN_POINT('',(-2.100193819824,-14.17366730157));
#3260 = CARTESIAN_POINT('',(-2.086129091667,-13.99311565134));
#3261 = CARTESIAN_POINT('',(-2.070617656971,-13.81370120923));
#3262 = CARTESIAN_POINT('',(-2.053697436249,-13.63550127862));
#3263 = CARTESIAN_POINT('',(-2.035402194138,-13.45861301421));
#3264 = CARTESIAN_POINT('',(-1.971292267678,-12.8859391912));
#3265 = CARTESIAN_POINT('',(-1.918766662427,-12.48573766256));
#3266 = CARTESIAN_POINT('',(-1.858379158184,-12.0892343997));
#3267 = CARTESIAN_POINT('',(-1.790506392119,-11.7015653417));
#3268 = CARTESIAN_POINT('',(-1.71524769545,-11.3275301934));
#3269 = CARTESIAN_POINT('',(-1.632449499684,-10.97212261629));
#3270 = CARTESIAN_POINT('',(-1.511518856967,-10.53165118992));
#3271 = CARTESIAN_POINT('',(-1.480633759247,-10.42495307773));
#3272 = CARTESIAN_POINT('',(-1.448774901327,-10.32086041075));
#3273 = CARTESIAN_POINT('',(-1.415971465938,-10.21978877089));
#3274 = CARTESIAN_POINT('',(-1.382247445877,-10.12209410242));
#3275 = CARTESIAN_POINT('',(-1.347620355012,-10.02807406594));
#3276 = CARTESIAN_POINT('',(-1.284589700099,-9.868184141763));
#3277 = CARTESIAN_POINT('',(-1.256563224098,-9.80079716595));
#3278 = CARTESIAN_POINT('',(-1.228077256087,-9.736043530692));
#3279 = CARTESIAN_POINT('',(-1.199187818027,-9.674100926356));
#3280 = CARTESIAN_POINT('',(-1.169950665124,-9.615093787687));
#3281 = CARTESIAN_POINT('',(-1.140421741913,-9.559097413432));
#3282 = CARTESIAN_POINT('',(-1.074184431438,-9.441250139481));
#3283 = CARTESIAN_POINT('',(-1.037418657586,-9.381032471724));
#3284 = CARTESIAN_POINT('',(-1.000450012094,-9.325489092273));
#3285 = CARTESIAN_POINT('',(-0.963371756491,-9.274538846326));
#3286 = CARTESIAN_POINT('',(-0.926283697701,-9.228033302364));
#3287 = CARTESIAN_POINT('',(-0.889295167211,-9.185770639816));
#3288 = CARTESIAN_POINT('',(-0.829452257946,-9.12349617297));
#3289 = CARTESIAN_POINT('',(-0.80644938868,-9.101044201951));
#3290 = CARTESIAN_POINT('',(-0.783526781538,-9.080073781615));
#3291 = CARTESIAN_POINT('',(-0.760692333679,-9.060506031478));
#3292 = CARTESIAN_POINT('',(-0.737954591066,-9.042263473221));
#3293 = CARTESIAN_POINT('',(-0.715322889213,-9.025270471298));
#3294 = CARTESIAN_POINT('',(-0.587808025849,-8.935692794357));
#3295 = CARTESIAN_POINT('',(-0.485733331471,-8.887788673423));
#3296 = CARTESIAN_POINT('',(-0.386018813176,-8.856857063089));
#3297 = CARTESIAN_POINT('',(-0.288138553259,-8.837189733029));
#3298 = CARTESIAN_POINT('',(-0.191558064267,-8.825250311694));
#3299 = CARTESIAN_POINT('',(-9.571885125063E-02,-8.819296691827));
#3300 = CARTESIAN_POINT('',(8.881784197001E-16,-8.819296691827));
#3301 = ( GEOMETRIC_REPRESENTATION_CONTEXT(2) 
PARAMETRIC_REPRESENTATION_CONTEXT() REPRESENTATION_CONTEXT('2D SPACE',''
  ) );
#3302 = ORIENTED_EDGE('',*,*,#3303,.F.);
#3303 = EDGE_CURVE('',#3304,#3009,#3306,.T.);
#3304 = VERTEX_POINT('',#3305);
#3305 = CARTESIAN_POINT('',(-34.75,-5.,58.));
#3306 = SURFACE_CURVE('',#3307,(#3406,#3508),.PCURVE_S1.);
#3307 = B_SPLINE_CURVE_WITH_KNOTS('',7,(#3308,#3309,#3310,#3311,#3312,
    #3313,#3314,#3315,#3316,#3317,#3318,#3319,#3320,#3321,#3322,#3323,
    #3324,#3325,#3326,#3327,#3328,#3329,#3330,#3331,#3332,#3333,#3334,
    #3335,#3336,#3337,#3338,#3339,#3340,#3341,#3342,#3343,#3344,#3345,
    #3346,#3347,#3348,#3349,#3350,#3351,#3352,#3353,#3354,#3355,#3356,
    #3357,#3358,#3359,#3360,#3361,#3362,#3363,#3364,#3365,#3366,#3367,
    #3368,#3369,#3370,#3371,#3372,#3373,#3374,#3375,#3376,#3377,#3378,
    #3379,#3380,#3381,#3382,#3383,#3384,#3385,#3386,#3387,#3388,#3389,
    #3390,#3391,#3392,#3393,#3394,#3395,#3396,#3397,#3398,#3399,#3400,
    #3401,#3402,#3403,#3404,#3405),.UNSPECIFIED.,.F.,.F.,(8,6,6,6,6,6,6,
    6,6,6,6,6,6,6,6,6,8),(0.,2.660431298379E-04,0.116650801532,
    0.140805835934,0.181826404443,0.226847243165,0.289448086141,
    0.383449806017,0.502616126917,0.564742319127,0.621528184568,
    0.746343208055,0.790560380493,0.86015872383,0.884148289421,
    0.999735779341,1.),.UNSPECIFIED.);
#3308 = CARTESIAN_POINT('',(-47.18070330817,-1.,62.));
#3309 = CARTESIAN_POINT('',(-47.18070330817,-1.,61.999122498484));
#3310 = CARTESIAN_POINT('',(-47.18070327689,-1.000000224586,
    61.998244996969));
#3311 = CARTESIAN_POINT('',(-47.18070321434,-1.000000673758,
    61.997367495491));
#3312 = CARTESIAN_POINT('',(-47.18070312051,-1.000001347516,
    61.996489994087));
#3313 = CARTESIAN_POINT('',(-47.1807029954,-1.000002245859,
    61.995612492797));
#3314 = CARTESIAN_POINT('',(-47.18070283902,-1.000003368789,
    61.994734991656));
#3315 = CARTESIAN_POINT('',(-47.18062055704,-1.000594208422,
    61.609980874451));
#3316 = CARTESIAN_POINT('',(-47.17455348047,-1.044164897719,
    61.22566077843));
#3317 = CARTESIAN_POINT('',(-47.16245302301,-1.130917218958,
    60.844158412609));
#3318 = CARTESIAN_POINT('',(-47.14254234385,-1.261769585092,
    60.469072793832));
#3319 = CARTESIAN_POINT('',(-47.11122858201,-1.43804892764,
    60.10489135796));
#3320 = CARTESIAN_POINT('',(-47.06271825992,-1.661073319694,
    59.757422755746));
#3321 = CARTESIAN_POINT('',(-46.97249981851,-1.987494471919,
    59.367043517497));
#3322 = CARTESIAN_POINT('',(-46.95587781758,-2.04558833645,
    59.301044996691));
#3323 = CARTESIAN_POINT('',(-46.93807275148,-2.105635618828,
    59.236250687753));
#3324 = CARTESIAN_POINT('',(-46.91901543739,-2.167592970538,
    59.172762180525));
#3325 = CARTESIAN_POINT('',(-46.89863509698,-2.231411489133,
    59.110675749036));
#3326 = CARTESIAN_POINT('',(-46.87685974048,-2.297037138488,
    59.050082420493));
#3327 = CARTESIAN_POINT('',(-46.81414449512,-2.478827111902,
    58.890848635696));
#3328 = CARTESIAN_POINT('',(-46.77039337833,-2.598419037168,
    58.795065951302));
#3329 = CARTESIAN_POINT('',(-46.72209735773,-2.722602862924,
    58.704436526994));
#3330 = CARTESIAN_POINT('',(-46.66903444425,-2.850719633718,
    58.619519699446));
#3331 = CARTESIAN_POINT('',(-46.61104433826,-2.982054968225,
    58.540726329012));
#3332 = CARTESIAN_POINT('',(-46.54804626554,-3.115858506902,
    58.468327522623));
#3333 = CARTESIAN_POINT('',(-46.40543712185,-3.400082461888,
    58.33017620659));
#3334 = CARTESIAN_POINT('',(-46.32502205255,-3.550417972166,
    58.265970725595));
#3335 = CARTESIAN_POINT('',(-46.23889119904,-3.701341074098,
    58.20994471065));
#3336 = CARTESIAN_POINT('',(-46.1472670079,-3.851812622457,
    58.162011064033));
#3337 = CARTESIAN_POINT('',(-46.05053847466,-4.000798737506,
    58.121914123649));
#3338 = CARTESIAN_POINT('',(-45.94928483976,-4.147286399337,
    58.089245993348));
#3339 = CARTESIAN_POINT('',(-45.69831834699,-4.489156110461,
    58.027611807358));
#3340 = CARTESIAN_POINT('',(-45.54516926707,-4.681229216344,
    58.005084299721));
#3341 = CARTESIAN_POINT('',(-45.38564599015,-4.86573438732,
    57.994073113957));
#3342 = CARTESIAN_POINT('',(-45.22059566002,-5.042111229134,
    57.992924877859));
#3343 = CARTESIAN_POINT('',(-45.05090147952,-5.209961168292,
    58.000105349037));
#3344 = CARTESIAN_POINT('',(-44.87747879837,-5.369010232401,
    58.014182247024));
#3345 = CARTESIAN_POINT('',(-44.43671013479,-5.744466415136,
    58.063322280675));
#3346 = CARTESIAN_POINT('',(-44.16473132772,-5.950609789581,
    58.105498168186));
#3347 = CARTESIAN_POINT('',(-43.88683416912,-6.138068769303,
    58.156236988588));
#3348 = CARTESIAN_POINT('',(-43.60407567654,-6.307604743172,
    58.212274404285));
#3349 = CARTESIAN_POINT('',(-43.31706338906,-6.460022919207,
    58.270910043038));
#3350 = CARTESIAN_POINT('',(-43.02598236239,-6.59602586758,
    58.329799675024));
#3351 = CARTESIAN_POINT('',(-42.35630029795,-6.868309112313,
    58.459122083845));
#3352 = CARTESIAN_POINT('',(-41.97363858196,-6.99552309637,
    58.528711705634));
#3353 = CARTESIAN_POINT('',(-41.58511688036,-7.097187008057,
    58.590684178882));
#3354 = CARTESIAN_POINT('',(-41.19262212409,-7.173358046322,
    58.640669388364));
#3355 = CARTESIAN_POINT('',(-40.79728582028,-7.224301507527,
    58.675327106499));
#3356 = CARTESIAN_POINT('',(-40.39962176684,-7.25,58.692810861169));
#3357 = CARTESIAN_POINT('',(-39.79166111271,-7.25,58.692810861169));
#3358 = CARTESIAN_POINT('',(-39.58344018725,-7.243015296522,
    58.688058921834));
#3359 = CARTESIAN_POINT('',(-39.37552557136,-7.229059997446,
    58.678564608788));
#3360 = CARTESIAN_POINT('',(-39.16811675954,-7.208144108498,
    58.66447074279));
#3361 = CARTESIAN_POINT('',(-38.96144420327,-7.180276641422,
    58.646053809891));
#3362 = CARTESIAN_POINT('',(-38.7557889804,-7.145481586457,
    58.62371395865));
#3363 = CARTESIAN_POINT('',(-38.36477601372,-7.065752534253,
    58.574409469081));
#3364 = CARTESIAN_POINT('',(-38.1791335753,-7.021935116694,
    58.547999676648));
#3365 = CARTESIAN_POINT('',(-37.99461529995,-6.972372870242,
    58.5190786159));
#3366 = CARTESIAN_POINT('',(-37.81128244682,-6.917046014971,
    58.488045240419));
#3367 = CARTESIAN_POINT('',(-37.62921757502,-6.855920817584,
    58.455338508408));
#3368 = CARTESIAN_POINT('',(-37.44852487622,-6.788953791802,
    58.421431842525));
#3369 = CARTESIAN_POINT('',(-36.87546225837,-6.555954645928,
    58.310767630237));
#3370 = CARTESIAN_POINT('',(-36.48082416722,-6.364096597963,
    58.22979230519));
#3371 = CARTESIAN_POINT('',(-36.08954449583,-6.138838336293,
    58.149439772209));
#3372 = CARTESIAN_POINT('',(-35.70611863425,-5.879097504631,
    58.077043065186));
#3373 = CARTESIAN_POINT('',(-35.33555981354,-5.584674139944,
    58.021325277558));
#3374 = CARTESIAN_POINT('',(-34.9833173559,-5.256602922325,
    57.992160029178));
#3375 = CARTESIAN_POINT('',(-34.53839292399,-4.771061367504,
    58.0045363387));
#3376 = CARTESIAN_POINT('',(-34.42436386207,-4.639553140425,
    58.012598092323));
#3377 = CARTESIAN_POINT('',(-34.31329354641,-4.503951604332,
    58.026090676461));
#3378 = CARTESIAN_POINT('',(-34.20569444528,-4.364699742287,
    58.045600536315));
#3379 = CARTESIAN_POINT('',(-34.101997368,-4.222283334769,
    58.071691010977));
#3380 = CARTESIAN_POINT('',(-34.0025572577,-4.077232760995,
    58.104899380774));
#3381 = CARTESIAN_POINT('',(-33.75828799836,-3.698575160214,
    58.210007945493));
#3382 = CARTESIAN_POINT('',(-33.62059135569,-3.462582668954,
    58.292994308568));
#3383 = CARTESIAN_POINT('',(-33.49682897652,-3.226419743307,
    58.395941398776));
#3384 = CARTESIAN_POINT('',(-33.38796571438,-2.99444790884,
    58.519016438564));
#3385 = CARTESIAN_POINT('',(-33.29391327292,-2.770954412973,
    58.661148050056));
#3386 = CARTESIAN_POINT('',(-33.21381641296,-2.559876188723,
    58.819855989543));
#3387 = CARTESIAN_POINT('',(-33.12314025951,-2.297037138488,
    59.050082420493));
#3388 = CARTESIAN_POINT('',(-33.10136490301,-2.231411489133,
    59.110675749036));
#3389 = CARTESIAN_POINT('',(-33.08098456261,-2.167592970538,
    59.172762180525));
#3390 = CARTESIAN_POINT('',(-33.06192724852,-2.105635618829,
    59.236250687753));
#3391 = CARTESIAN_POINT('',(-33.04412218241,-2.04558833645,
    59.301044996691));
#3392 = CARTESIAN_POINT('',(-33.02750018148,-1.987494471919,
    59.367043517497));
#3393 = CARTESIAN_POINT('',(-32.93728174007,-1.661073319693,
    59.757422755747));
#3394 = CARTESIAN_POINT('',(-32.88877141798,-1.438048927641,
    60.104891357958));
#3395 = CARTESIAN_POINT('',(-32.85745765613,-1.26176958509,
    60.469072793834));
#3396 = CARTESIAN_POINT('',(-32.83754697699,-1.13091721896,
    60.844158412607));
#3397 = CARTESIAN_POINT('',(-32.82544651952,-1.044164897719,
    61.225660778432));
#3398 = CARTESIAN_POINT('',(-32.81937944295,-1.000594208422,
    61.60998087445));
#3399 = CARTESIAN_POINT('',(-32.81929716097,-1.000003368789,
    61.994734991656));
#3400 = CARTESIAN_POINT('',(-32.81929700459,-1.000002245859,
    61.995612492797));
#3401 = CARTESIAN_POINT('',(-32.81929687948,-1.000001347516,
    61.996489994087));
#3402 = CARTESIAN_POINT('',(-32.81929678565,-1.000000673758,
    61.997367495491));
#3403 = CARTESIAN_POINT('',(-32.8192967231,-1.000000224586,
    61.998244996969));
#3404 = CARTESIAN_POINT('',(-32.81929669182,-1.,61.999122498484));
#3405 = CARTESIAN_POINT('',(-32.81929669182,-1.,62.));
#3406 = PCURVE('',#1527,#3407);
#3407 = DEFINITIONAL_REPRESENTATION('',(#3408),#3507);
#3408 = B_SPLINE_CURVE_WITH_KNOTS('',7,(#3409,#3410,#3411,#3412,#3413,
    #3414,#3415,#3416,#3417,#3418,#3419,#3420,#3421,#3422,#3423,#3424,
    #3425,#3426,#3427,#3428,#3429,#3430,#3431,#3432,#3433,#3434,#3435,
    #3436,#3437,#3438,#3439,#3440,#3441,#3442,#3443,#3444,#3445,#3446,
    #3447,#3448,#3449,#3450,#3451,#3452,#3453,#3454,#3455,#3456,#3457,
    #3458,#3459,#3460,#3461,#3462,#3463,#3464,#3465,#3466,#3467,#3468,
    #3469,#3470,#3471,#3472,#3473,#3474,#3475,#3476,#3477,#3478,#3479,
    #3480,#3481,#3482,#3483,#3484,#3485,#3486,#3487,#3488,#3489,#3490,
    #3491,#3492,#3493,#3494,#3495,#3496,#3497,#3498,#3499,#3500,#3501,
    #3502,#3503,#3504,#3505,#3506),.UNSPECIFIED.,.F.,.F.,(8,6,6,6,6,6,6,
    6,6,6,6,6,6,6,6,6,8),(0.,2.660431298379E-04,0.116650801532,
    0.140805835934,0.181826404443,0.226847243165,0.289448086141,
    0.383449806017,0.502616126917,0.564742319127,0.621528184568,
    0.746343208055,0.790560380493,0.86015872383,0.884148289421,
    0.999735779341,1.),.UNSPECIFIED.);
#3409 = CARTESIAN_POINT('',(3.279964830975,-29.));
#3410 = CARTESIAN_POINT('',(3.279964830975,-29.00087750151));
#3411 = CARTESIAN_POINT('',(3.279964862251,-29.00175500303));
#3412 = CARTESIAN_POINT('',(3.279964924804,-29.0026325045));
#3413 = CARTESIAN_POINT('',(3.279965018633,-29.00351000591));
#3414 = CARTESIAN_POINT('',(3.279965143738,-29.0043875072));
#3415 = CARTESIAN_POINT('',(3.27996530012,-29.00526500834));
#3416 = CARTESIAN_POINT('',(3.28004758171,-29.39001912554));
#3417 = CARTESIAN_POINT('',(3.28611522744,-29.77433922157));
#3418 = CARTESIAN_POINT('',(3.298197358353,-30.15584158739));
#3419 = CARTESIAN_POINT('',(3.316451052364,-30.53092720616));
#3420 = CARTESIAN_POINT('',(3.341131483904,-30.89510864204));
#3421 = CARTESIAN_POINT('',(3.37256439388,-31.24257724425));
#3422 = CARTESIAN_POINT('',(3.419276024381,-31.6329564825));
#3423 = CARTESIAN_POINT('',(3.427610176457,-31.6989550033));
#3424 = CARTESIAN_POINT('',(3.436248344985,-31.76374931224));
#3425 = CARTESIAN_POINT('',(3.445188444443,-31.82723781947));
#3426 = CARTESIAN_POINT('',(3.454428049422,-31.88932425096));
#3427 = CARTESIAN_POINT('',(3.463964485533,-31.9499175795));
#3428 = CARTESIAN_POINT('',(3.490489163719,-32.1091513643));
#3429 = CARTESIAN_POINT('',(3.50805085038,-32.20493404869));
#3430 = CARTESIAN_POINT('',(3.526423134514,-32.295563473));
#3431 = CARTESIAN_POINT('',(3.545541532813,-32.38048030055));
#3432 = CARTESIAN_POINT('',(3.565335097358,-32.45927367098));
#3433 = CARTESIAN_POINT('',(3.585727588527,-32.53167247737));
#3434 = CARTESIAN_POINT('',(3.629588925422,-32.66982379341));
#3435 = CARTESIAN_POINT('',(3.653097057737,-32.7340292744));
#3436 = CARTESIAN_POINT('',(3.67705066214,-32.79005528935));
#3437 = CARTESIAN_POINT('',(3.701332398255,-32.83798893596));
#3438 = CARTESIAN_POINT('',(3.725817163987,-32.87808587635));
#3439 = CARTESIAN_POINT('',(3.750369291487,-32.91075400665));
#3440 = CARTESIAN_POINT('',(3.808865561865,-32.97238819264));
#3441 = CARTESIAN_POINT('',(3.842722158351,-32.99491570027));
#3442 = CARTESIAN_POINT('',(3.876321979759,-33.00592688604));
#3443 = CARTESIAN_POINT('',(3.909594844308,-33.00707512214));
#3444 = CARTESIAN_POINT('',(3.942478838046,-32.99989465096));
#3445 = CARTESIAN_POINT('',(3.974913950057,-32.98581775297));
#3446 = CARTESIAN_POINT('',(4.05477641923,-32.93667771932));
#3447 = CARTESIAN_POINT('',(4.101772180203,-32.89450183181));
#3448 = CARTESIAN_POINT('',(4.147898252661,-32.84376301141));
#3449 = CARTESIAN_POINT('',(4.193259489371,-32.78772559571));
#3450 = CARTESIAN_POINT('',(4.237989269837,-32.72908995696));
#3451 = CARTESIAN_POINT('',(4.28224716653,-32.67020032497));
#3452 = CARTESIAN_POINT('',(4.38196016565,-32.54087791615));
#3453 = CARTESIAN_POINT('',(4.437463096527,-32.47128829436));
#3454 = CARTESIAN_POINT('',(4.492670241204,-32.40931582111));
#3455 = CARTESIAN_POINT('',(4.547615791664,-32.35933061163));
#3456 = CARTESIAN_POINT('',(4.602418534153,-32.3246728935));
#3457 = CARTESIAN_POINT('',(4.657268736682,-32.30718913883));
#3458 = CARTESIAN_POINT('',(4.741125378631,-32.30718913883));
#3459 = CARTESIAN_POINT('',(4.769845500567,-32.31194107816));
#3460 = CARTESIAN_POINT('',(4.798562157602,-32.32143539121));
#3461 = CARTESIAN_POINT('',(4.82728632112,-32.33552925721));
#3462 = CARTESIAN_POINT('',(4.856024960775,-32.3539461901));
#3463 = CARTESIAN_POINT('',(4.884778146717,-32.37628604135));
#3464 = CARTESIAN_POINT('',(4.939820728763,-32.42559053091));
#3465 = CARTESIAN_POINT('',(4.966117834958,-32.45200032335));
#3466 = CARTESIAN_POINT('',(4.992450959452,-32.4809213841));
#3467 = CARTESIAN_POINT('',(5.018842199526,-32.51195475958));
#3468 = CARTESIAN_POINT('',(5.045311820455,-32.54466149159));
#3469 = CARTESIAN_POINT('',(5.071878551363,-32.57856815747));
#3470 = CARTESIAN_POINT('',(5.1572052987,-32.68923236976));
#3471 = CARTESIAN_POINT('',(5.217596857681,-32.77020769481));
#3472 = CARTESIAN_POINT('',(5.279623558069,-32.85056022779));
#3473 = CARTESIAN_POINT('',(5.343186332383,-32.92295693481));
#3474 = CARTESIAN_POINT('',(5.408150908898,-32.97867472244));
#3475 = CARTESIAN_POINT('',(5.474337266918,-33.00783997082));
#3476 = CARTESIAN_POINT('',(5.565173870201,-32.9954636613));
#3477 = CARTESIAN_POINT('',(5.58917316427,-32.98740190767));
#3478 = CARTESIAN_POINT('',(5.613334931862,-32.97390932353));
#3479 = CARTESIAN_POINT('',(5.637590229727,-32.95439946368));
#3480 = CARTESIAN_POINT('',(5.661873693975,-32.92830898902));
#3481 = CARTESIAN_POINT('',(5.686121210845,-32.89510061922));
#3482 = CARTESIAN_POINT('',(5.748274264949,-32.7899920545));
#3483 = CARTESIAN_POINT('',(5.785923051148,-32.70700569143));
#3484 = CARTESIAN_POINT('',(5.822639159133,-32.60405860122));
#3485 = CARTESIAN_POINT('',(5.857927715047,-32.48098356143));
#3486 = CARTESIAN_POINT('',(5.891337601602,-32.33885194994));
#3487 = CARTESIAN_POINT('',(5.922463058592,-32.18014401045));
#3488 = CARTESIAN_POINT('',(5.960813475236,-31.9499175795));
#3489 = CARTESIAN_POINT('',(5.970349911347,-31.88932425096));
#3490 = CARTESIAN_POINT('',(5.979589516326,-31.82723781947));
#3491 = CARTESIAN_POINT('',(5.988529615785,-31.76374931224));
#3492 = CARTESIAN_POINT('',(5.997167784313,-31.6989550033));
#3493 = CARTESIAN_POINT('',(6.005501936388,-31.6329564825));
#3494 = CARTESIAN_POINT('',(6.05221356689,-31.24257724425));
#3495 = CARTESIAN_POINT('',(6.083646476865,-30.89510864204));
#3496 = CARTESIAN_POINT('',(6.108326908405,-30.53092720616));
#3497 = CARTESIAN_POINT('',(6.126580602416,-30.15584158739));
#3498 = CARTESIAN_POINT('',(6.13866273333,-29.77433922156));
#3499 = CARTESIAN_POINT('',(6.14473037906,-29.39001912555));
#3500 = CARTESIAN_POINT('',(6.14481266065,-29.00526500834));
#3501 = CARTESIAN_POINT('',(6.144812817031,-29.0043875072));
#3502 = CARTESIAN_POINT('',(6.144812942137,-29.00351000591));
#3503 = CARTESIAN_POINT('',(6.144813035966,-29.0026325045));
#3504 = CARTESIAN_POINT('',(6.144813098518,-29.00175500303));
#3505 = CARTESIAN_POINT('',(6.144813129794,-29.00087750151));
#3506 = CARTESIAN_POINT('',(6.144813129794,-29.));
#3507 = ( GEOMETRIC_REPRESENTATION_CONTEXT(2) 
PARAMETRIC_REPRESENTATION_CONTEXT() REPRESENTATION_CONTEXT('2D SPACE',''
  ) );
#3508 = PCURVE('',#3202,#3509);
#3509 = DEFINITIONAL_REPRESENTATION('',(#3510),#3609);
#3510 = B_SPLINE_CURVE_WITH_KNOTS('',7,(#3511,#3512,#3513,#3514,#3515,
    #3516,#3517,#3518,#3519,#3520,#3521,#3522,#3523,#3524,#3525,#3526,
    #3527,#3528,#3529,#3530,#3531,#3532,#3533,#3534,#3535,#3536,#3537,
    #3538,#3539,#3540,#3541,#3542,#3543,#3544,#3545,#3546,#3547,#3548,
    #3549,#3550,#3551,#3552,#3553,#3554,#3555,#3556,#3557,#3558,#3559,
    #3560,#3561,#3562,#3563,#3564,#3565,#3566,#3567,#3568,#3569,#3570,
    #3571,#3572,#3573,#3574,#3575,#3576,#3577,#3578,#3579,#3580,#3581,
    #3582,#3583,#3584,#3585,#3586,#3587,#3588,#3589,#3590,#3591,#3592,
    #3593,#3594,#3595,#3596,#3597,#3598,#3599,#3600,#3601,#3602,#3603,
    #3604,#3605,#3606,#3607,#3608),.UNSPECIFIED.,.F.,.F.,(8,6,6,6,6,6,6,
    6,6,6,6,6,6,6,6,6,8),(0.,2.660431298379E-04,0.116650801532,
    0.140805835934,0.181826404443,0.226847243165,0.289448086141,
    0.383449806017,0.502616126917,0.564742319127,0.621528184568,
    0.746343208055,0.790560380493,0.86015872383,0.884148289421,
    0.999735779341,1.),.UNSPECIFIED.);
#3511 = CARTESIAN_POINT('',(-6.28318530718,-8.819296691827));
#3512 = CARTESIAN_POINT('',(-6.282965931801,-8.819296691827));
#3513 = CARTESIAN_POINT('',(-6.282746556422,-8.819296723104));
#3514 = CARTESIAN_POINT('',(-6.282527181035,-8.819296785656));
#3515 = CARTESIAN_POINT('',(-6.282307805632,-8.819296879485));
#3516 = CARTESIAN_POINT('',(-6.282088430206,-8.819297004591));
#3517 = CARTESIAN_POINT('',(-6.281869054749,-8.819297160973));
#3518 = CARTESIAN_POINT('',(-6.185680412034,-8.819379442951));
#3519 = CARTESIAN_POINT('',(-6.089583753059,-8.825446519531));
#3520 = CARTESIAN_POINT('',(-5.992731414005,-8.837546976986));
#3521 = CARTESIAN_POINT('',(-5.894561161767,-8.857457656147));
#3522 = CARTESIAN_POINT('',(-5.794536393355,-8.888771417983));
#3523 = CARTESIAN_POINT('',(-5.692130479874,-8.937281740077));
#3524 = CARTESIAN_POINT('',(-5.564913460996,-9.027500181487));
#3525 = CARTESIAN_POINT('',(-5.542939437893,-9.044122182413));
#3526 = CARTESIAN_POINT('',(-5.520866027408,-9.06192724852));
#3527 = CARTESIAN_POINT('',(-5.498701833746,-9.08098456261));
#3528 = CARTESIAN_POINT('',(-5.476454757413,-9.101364903011));
#3529 = CARTESIAN_POINT('',(-5.454132117402,-9.123140259517));
#3530 = CARTESIAN_POINT('',(-5.393715339592,-9.185855504874));
#3531 = CARTESIAN_POINT('',(-5.355447488235,-9.22960662167));
#3532 = CARTESIAN_POINT('',(-5.317074770151,-9.277902642264));
#3533 = CARTESIAN_POINT('',(-5.278718934739,-9.330965555741));
#3534 = CARTESIAN_POINT('',(-5.24049037629,-9.388955661735));
#3535 = CARTESIAN_POINT('',(-5.202492580315,-9.451953734456));
#3536 = CARTESIAN_POINT('',(-5.123487421184,-9.594562878142));
#3537 = CARTESIAN_POINT('',(-5.082668287109,-9.674977947447));
#3538 = CARTESIAN_POINT('',(-5.04249496528,-9.761108800958));
#3539 = CARTESIAN_POINT('',(-5.00309028631,-9.852732992092));
#3540 = CARTESIAN_POINT('',(-4.964578239244,-9.949461525338));
#3541 = CARTESIAN_POINT('',(-4.927088096996,-10.05071516023));
#3542 = CARTESIAN_POINT('',(-4.840242806297,-10.301681653));
#3543 = CARTESIAN_POINT('',(-4.79198706495,-10.45483073292));
#3544 = CARTESIAN_POINT('',(-4.745893896377,-10.61435400984));
#3545 = CARTESIAN_POINT('',(-4.701901049573,-10.77940433997));
#3546 = CARTESIAN_POINT('',(-4.659972162812,-10.94909852047));
#3547 = CARTESIAN_POINT('',(-4.620089376313,-11.12252120162));
#3548 = CARTESIAN_POINT('',(-4.525424807947,-11.5632898652));
#3549 = CARTESIAN_POINT('',(-4.47295608138,-11.83526867228));
#3550 = CARTESIAN_POINT('',(-4.424543207438,-12.11316583087));
#3551 = CARTESIAN_POINT('',(-4.380004773847,-12.39592432346));
#3552 = CARTESIAN_POINT('',(-4.339237479534,-12.68293661093));
#3553 = CARTESIAN_POINT('',(-4.302208193414,-12.9740176376));
#3554 = CARTESIAN_POINT('',(-4.226849695724,-13.64369970204));
#3555 = CARTESIAN_POINT('',(-4.190657909621,-14.02636141803));
#3556 = CARTESIAN_POINT('',(-4.160930841554,-14.41488311963));
#3557 = CARTESIAN_POINT('',(-4.138156697614,-14.8073778759));
#3558 = CARTESIAN_POINT('',(-4.122753094688,-15.20271417971));
#3559 = CARTESIAN_POINT('',(-4.114982563739,-15.60037823315));
#3560 = CARTESIAN_POINT('',(-4.114982563739,-16.20833888728));
#3561 = CARTESIAN_POINT('',(-4.117094528557,-16.41655981274));
#3562 = CARTESIAN_POINT('',(-4.121314251369,-16.62447442863));
#3563 = CARTESIAN_POINT('',(-4.127619459728,-16.83188324045));
#3564 = CARTESIAN_POINT('',(-4.135969530173,-17.03855579672));
#3565 = CARTESIAN_POINT('',(-4.146305363436,-17.24421101959));
#3566 = CARTESIAN_POINT('',(-4.16974098597,-17.63522398627));
#3567 = CARTESIAN_POINT('',(-4.182530376023,-17.82086642469));
#3568 = CARTESIAN_POINT('',(-4.196873812743,-18.00538470004));
#3569 = CARTESIAN_POINT('',(-4.21272820164,-18.18871755318));
#3570 = CARTESIAN_POINT('',(-4.230053065492,-18.37078242498));
#3571 = CARTESIAN_POINT('',(-4.248812478426,-18.55147512377));
#3572 = CARTESIAN_POINT('',(-4.313298508822,-19.12453774162));
#3573 = CARTESIAN_POINT('',(-4.365309201915,-19.51917583277));
#3574 = CARTESIAN_POINT('',(-4.42494031926,-19.91045550416));
#3575 = CARTESIAN_POINT('',(-4.492004096136,-20.29388136574));
#3576 = CARTESIAN_POINT('',(-4.566406117952,-20.66444018645));
#3577 = CARTESIAN_POINT('',(-4.648211894743,-21.01668264409));
#3578 = CARTESIAN_POINT('',(-4.769636710601,-21.461607076));
#3579 = CARTESIAN_POINT('',(-4.802554440918,-21.57563613792));
#3580 = CARTESIAN_POINT('',(-4.836582118591,-21.68670645358));
#3581 = CARTESIAN_POINT('',(-4.871682238361,-21.79430555471));
#3582 = CARTESIAN_POINT('',(-4.907824548889,-21.89800263199));
#3583 = CARTESIAN_POINT('',(-4.944986575501,-21.99744274229));
#3584 = CARTESIAN_POINT('',(-5.04323033771,-22.24171200163));
#3585 = CARTESIAN_POINT('',(-5.105627904133,-22.3794086443));
#3586 = CARTESIAN_POINT('',(-5.169755873298,-22.50317102347));
#3587 = CARTESIAN_POINT('',(-5.235050841765,-22.61203428562));
#3588 = CARTESIAN_POINT('',(-5.300941196953,-22.70608672707));
#3589 = CARTESIAN_POINT('',(-5.366779178185,-22.78618358703));
#3590 = CARTESIAN_POINT('',(-5.454132117402,-22.87685974048));
#3591 = CARTESIAN_POINT('',(-5.476454757413,-22.89863509698));
#3592 = CARTESIAN_POINT('',(-5.498701833746,-22.91901543739));
#3593 = CARTESIAN_POINT('',(-5.520866027408,-22.93807275148));
#3594 = CARTESIAN_POINT('',(-5.542939437893,-22.95587781758));
#3595 = CARTESIAN_POINT('',(-5.564913460996,-22.97249981851));
#3596 = CARTESIAN_POINT('',(-5.692130479874,-23.06271825992));
#3597 = CARTESIAN_POINT('',(-5.794536393355,-23.11122858201));
#3598 = CARTESIAN_POINT('',(-5.894561161768,-23.14254234385));
#3599 = CARTESIAN_POINT('',(-5.992731414004,-23.16245302301));
#3600 = CARTESIAN_POINT('',(-6.089583753059,-23.17455348047));
#3601 = CARTESIAN_POINT('',(-6.185680412034,-23.18062055704));
#3602 = CARTESIAN_POINT('',(-6.281869054749,-23.18070283902));
#3603 = CARTESIAN_POINT('',(-6.282088430206,-23.1807029954));
#3604 = CARTESIAN_POINT('',(-6.282307805632,-23.18070312051));
#3605 = CARTESIAN_POINT('',(-6.282527181035,-23.18070321434));
#3606 = CARTESIAN_POINT('',(-6.282746556422,-23.18070327689));
#3607 = CARTESIAN_POINT('',(-6.282965931801,-23.18070330817));
#3608 = CARTESIAN_POINT('',(-6.28318530718,-23.18070330817));
#3609 = ( GEOMETRIC_REPRESENTATION_CONTEXT(2) 
PARAMETRIC_REPRESENTATION_CONTEXT() REPRESENTATION_CONTEXT('2D SPACE',''
  ) );
#3610 = ORIENTED_EDGE('',*,*,#3611,.T.);
#3611 = EDGE_CURVE('',#3304,#2522,#3612,.T.);
#3612 = SURFACE_CURVE('',#3613,(#3618,#3625),.PCURVE_S1.);
#3613 = CIRCLE('',#3614,7.25);
#3614 = AXIS2_PLACEMENT_3D('',#3615,#3616,#3617);
#3615 = CARTESIAN_POINT('',(-40.,0.,58.));
#3616 = DIRECTION('',(0.,0.,1.));
#3617 = DIRECTION('',(1.,0.,0.));
#3618 = PCURVE('',#1527,#3619);
#3619 = DEFINITIONAL_REPRESENTATION('',(#3620),#3624);
#3620 = LINE('',#3621,#3622);
#3621 = CARTESIAN_POINT('',(0.,-33.));
#3622 = VECTOR('',#3623,1.);
#3623 = DIRECTION('',(1.,0.));
#3624 = ( GEOMETRIC_REPRESENTATION_CONTEXT(2) 
PARAMETRIC_REPRESENTATION_CONTEXT() REPRESENTATION_CONTEXT('2D SPACE',''
  ) );
#3625 = PCURVE('',#1612,#3626);
#3626 = DEFINITIONAL_REPRESENTATION('',(#3627),#3631);
#3627 = CIRCLE('',#3628,7.25);
#3628 = AXIS2_PLACEMENT_2D('',#3629,#3630);
#3629 = CARTESIAN_POINT('',(0.,-4.584934185037E-16));
#3630 = DIRECTION('',(1.,0.));
#3631 = ( GEOMETRIC_REPRESENTATION_CONTEXT(2) 
PARAMETRIC_REPRESENTATION_CONTEXT() REPRESENTATION_CONTEXT('2D SPACE',''
  ) );
#3632 = ADVANCED_FACE('',(#3633,#3715),#1612,.T.);
#3633 = FACE_BOUND('',#3634,.T.);
#3634 = EDGE_LOOP('',(#3635,#3664,#3665,#3666,#3667,#3688));
#3635 = ORIENTED_EDGE('',*,*,#3636,.T.);
#3636 = EDGE_CURVE('',#3637,#3304,#3639,.T.);
#3637 = VERTEX_POINT('',#3638);
#3638 = CARTESIAN_POINT('',(-45.25,-5.,58.));
#3639 = SURFACE_CURVE('',#3640,(#3645,#3652),.PCURVE_S1.);
#3640 = CIRCLE('',#3641,7.25);
#3641 = AXIS2_PLACEMENT_3D('',#3642,#3643,#3644);
#3642 = CARTESIAN_POINT('',(-40.,0.,58.));
#3643 = DIRECTION('',(0.,0.,1.));
#3644 = DIRECTION('',(1.,0.,0.));
#3645 = PCURVE('',#1612,#3646);
#3646 = DEFINITIONAL_REPRESENTATION('',(#3647),#3651);
#3647 = CIRCLE('',#3648,7.25);
#3648 = AXIS2_PLACEMENT_2D('',#3649,#3650);
#3649 = CARTESIAN_POINT('',(0.,-4.584934185037E-16));
#3650 = DIRECTION('',(1.,0.));
#3651 = ( GEOMETRIC_REPRESENTATION_CONTEXT(2) 
PARAMETRIC_REPRESENTATION_CONTEXT() REPRESENTATION_CONTEXT('2D SPACE',''
  ) );
#3652 = PCURVE('',#3653,#3658);
#3653 = CYLINDRICAL_SURFACE('',#3654,7.25);
#3654 = AXIS2_PLACEMENT_3D('',#3655,#3656,#3657);
#3655 = CARTESIAN_POINT('',(-40.,0.,91.));
#3656 = DIRECTION('',(0.,0.,1.));
#3657 = DIRECTION('',(1.,0.,0.));
#3658 = DEFINITIONAL_REPRESENTATION('',(#3659),#3663);
#3659 = LINE('',#3660,#3661);
#3660 = CARTESIAN_POINT('',(0.,-33.));
#3661 = VECTOR('',#3662,1.);
#3662 = DIRECTION('',(1.,0.));
#3663 = ( GEOMETRIC_REPRESENTATION_CONTEXT(2) 
PARAMETRIC_REPRESENTATION_CONTEXT() REPRESENTATION_CONTEXT('2D SPACE',''
  ) );
#3664 = ORIENTED_EDGE('',*,*,#3611,.T.);
#3665 = ORIENTED_EDGE('',*,*,#2963,.T.);
#3666 = ORIENTED_EDGE('',*,*,#1597,.F.);
#3667 = ORIENTED_EDGE('',*,*,#3668,.F.);
#3668 = EDGE_CURVE('',#3669,#1569,#3671,.T.);
#3669 = VERTEX_POINT('',#3670);
#3670 = CARTESIAN_POINT('',(-46.,-4.069705149025,58.));
#3671 = SURFACE_CURVE('',#3672,(#3676,#3682),.PCURVE_S1.);
#3672 = LINE('',#3673,#3674);
#3673 = CARTESIAN_POINT('',(-46.,-2.5,58.));
#3674 = VECTOR('',#3675,1.);
#3675 = DIRECTION('',(0.,1.,0.));
#3676 = PCURVE('',#1612,#3677);
#3677 = DEFINITIONAL_REPRESENTATION('',(#3678),#3681);
#3678 = B_SPLINE_CURVE_WITH_KNOTS('',1,(#3679,#3680),.UNSPECIFIED.,.F.,
  .F.,(2,2),(-4.75,1.8),.PIECEWISE_BEZIER_KNOTS.);
#3679 = CARTESIAN_POINT('',(-6.,-7.25));
#3680 = CARTESIAN_POINT('',(-6.,-0.7));
#3681 = ( GEOMETRIC_REPRESENTATION_CONTEXT(2) 
PARAMETRIC_REPRESENTATION_CONTEXT() REPRESENTATION_CONTEXT('2D SPACE',''
  ) );
#3682 = PCURVE('',#1585,#3683);
#3683 = DEFINITIONAL_REPRESENTATION('',(#3684),#3687);
#3684 = B_SPLINE_CURVE_WITH_KNOTS('',1,(#3685,#3686),.UNSPECIFIED.,.F.,
  .F.,(2,2),(-4.75,1.8),.PIECEWISE_BEZIER_KNOTS.);
#3685 = CARTESIAN_POINT('',(-4.,2.25));
#3686 = CARTESIAN_POINT('',(-4.,-4.3));
#3687 = ( GEOMETRIC_REPRESENTATION_CONTEXT(2) 
PARAMETRIC_REPRESENTATION_CONTEXT() REPRESENTATION_CONTEXT('2D SPACE',''
  ) );
#3688 = ORIENTED_EDGE('',*,*,#3689,.T.);
#3689 = EDGE_CURVE('',#3669,#3637,#3690,.T.);
#3690 = SURFACE_CURVE('',#3691,(#3696,#3703),.PCURVE_S1.);
#3691 = CIRCLE('',#3692,7.25);
#3692 = AXIS2_PLACEMENT_3D('',#3693,#3694,#3695);
#3693 = CARTESIAN_POINT('',(-40.,0.,58.));
#3694 = DIRECTION('',(0.,0.,1.));
#3695 = DIRECTION('',(1.,0.,0.));
#3696 = PCURVE('',#1612,#3697);
#3697 = DEFINITIONAL_REPRESENTATION('',(#3698),#3702);
#3698 = CIRCLE('',#3699,7.25);
#3699 = AXIS2_PLACEMENT_2D('',#3700,#3701);
#3700 = CARTESIAN_POINT('',(0.,-4.584934185037E-16));
#3701 = DIRECTION('',(1.,0.));
#3702 = ( GEOMETRIC_REPRESENTATION_CONTEXT(2) 
PARAMETRIC_REPRESENTATION_CONTEXT() REPRESENTATION_CONTEXT('2D SPACE',''
  ) );
#3703 = PCURVE('',#3704,#3709);
#3704 = CYLINDRICAL_SURFACE('',#3705,7.25);
#3705 = AXIS2_PLACEMENT_3D('',#3706,#3707,#3708);
#3706 = CARTESIAN_POINT('',(-40.,0.,91.));
#3707 = DIRECTION('',(0.,0.,1.));
#3708 = DIRECTION('',(1.,0.,0.));
#3709 = DEFINITIONAL_REPRESENTATION('',(#3710),#3714);
#3710 = LINE('',#3711,#3712);
#3711 = CARTESIAN_POINT('',(0.,-33.));
#3712 = VECTOR('',#3713,1.);
#3713 = DIRECTION('',(1.,0.));
#3714 = ( GEOMETRIC_REPRESENTATION_CONTEXT(2) 
PARAMETRIC_REPRESENTATION_CONTEXT() REPRESENTATION_CONTEXT('2D SPACE',''
  ) );
#3715 = FACE_BOUND('',#3716,.T.);
#3716 = EDGE_LOOP('',(#3717));
#3717 = ORIENTED_EDGE('',*,*,#3718,.T.);
#3718 = EDGE_CURVE('',#3719,#3719,#3721,.T.);
#3719 = VERTEX_POINT('',#3720);
#3720 = CARTESIAN_POINT('',(-33.65,0.,58.));
#3721 = SURFACE_CURVE('',#3722,(#3727,#3738),.PCURVE_S1.);
#3722 = CIRCLE('',#3723,6.35);
#3723 = AXIS2_PLACEMENT_3D('',#3724,#3725,#3726);
#3724 = CARTESIAN_POINT('',(-40.,4.218847493576E-15,58.));
#3725 = DIRECTION('',(0.,0.,-1.));
#3726 = DIRECTION('',(1.,-9.093147918886E-16,0.));
#3727 = PCURVE('',#1612,#3728);
#3728 = DEFINITIONAL_REPRESENTATION('',(#3729),#3737);
#3729 = ( BOUNDED_CURVE() B_SPLINE_CURVE(2,(#3730,#3731,#3732,#3733,
#3734,#3735,#3736),.UNSPECIFIED.,.T.,.F.) B_SPLINE_CURVE_WITH_KNOTS((1,2
    ,2,2,2,1),(-2.094395102393,0.,2.094395102393,4.188790204786,
6.28318530718,8.377580409573),.UNSPECIFIED.) CURVE() 
GEOMETRIC_REPRESENTATION_ITEM() RATIONAL_B_SPLINE_CURVE((1.,0.5,1.,0.5,
1.,0.5,1.)) REPRESENTATION_ITEM('') );
#3730 = CARTESIAN_POINT('',(6.35,-2.013794853421E-15));
#3731 = CARTESIAN_POINT('',(6.35,-10.99852262806));
#3732 = CARTESIAN_POINT('',(-3.175,-5.499261314031));
#3733 = CARTESIAN_POINT('',(-12.7,1.375335049714E-14));
#3734 = CARTESIAN_POINT('',(-3.175,5.499261314031));
#3735 = CARTESIAN_POINT('',(6.35,10.998522628062));
#3736 = CARTESIAN_POINT('',(6.35,-2.013794853421E-15));
#3737 = ( GEOMETRIC_REPRESENTATION_CONTEXT(2) 
PARAMETRIC_REPRESENTATION_CONTEXT() REPRESENTATION_CONTEXT('2D SPACE',''
  ) );
#3738 = PCURVE('',#3739,#3744);
#3739 = CYLINDRICAL_SURFACE('',#3740,6.35);
#3740 = AXIS2_PLACEMENT_3D('',#3741,#3742,#3743);
#3741 = CARTESIAN_POINT('',(-40.,0.,91.));
#3742 = DIRECTION('',(0.,0.,1.));
#3743 = DIRECTION('',(1.,0.,0.));
#3744 = DEFINITIONAL_REPRESENTATION('',(#3745),#3749);
#3745 = LINE('',#3746,#3747);
#3746 = CARTESIAN_POINT('',(6.28318530718,-33.));
#3747 = VECTOR('',#3748,1.);
#3748 = DIRECTION('',(-1.,-0.));
#3749 = ( GEOMETRIC_REPRESENTATION_CONTEXT(2) 
PARAMETRIC_REPRESENTATION_CONTEXT() REPRESENTATION_CONTEXT('2D SPACE',''
  ) );
#3750 = ADVANCED_FACE('',(#3751),#1585,.F.);
#3751 = FACE_BOUND('',#3752,.F.);
#3752 = EDGE_LOOP('',(#3753,#3754,#3755,#3756,#3777));
#3753 = ORIENTED_EDGE('',*,*,#2987,.T.);
#3754 = ORIENTED_EDGE('',*,*,#1568,.T.);
#3755 = ORIENTED_EDGE('',*,*,#3668,.F.);
#3756 = ORIENTED_EDGE('',*,*,#3757,.T.);
#3757 = EDGE_CURVE('',#3669,#3758,#3760,.T.);
#3758 = VERTEX_POINT('',#3759);
#3759 = CARTESIAN_POINT('',(-46.,-4.069705184788,58.109684910107));
#3760 = SURFACE_CURVE('',#3761,(#3765,#3771),.PCURVE_S1.);
#3761 = LINE('',#3762,#3763);
#3762 = CARTESIAN_POINT('',(-46.,-4.069705149025,91.));
#3763 = VECTOR('',#3764,1.);
#3764 = DIRECTION('',(0.,0.,1.));
#3765 = PCURVE('',#1585,#3766);
#3766 = DEFINITIONAL_REPRESENTATION('',(#3767),#3770);
#3767 = B_SPLINE_CURVE_WITH_KNOTS('',1,(#3768,#3769),.UNSPECIFIED.,.F.,
  .F.,(2,2),(-33.00000060929,-23.84),.PIECEWISE_BEZIER_KNOTS.);
#3768 = CARTESIAN_POINT('',(-4.000000609295,-0.930294850975));
#3769 = CARTESIAN_POINT('',(5.16,-0.930294850975));
#3770 = ( GEOMETRIC_REPRESENTATION_CONTEXT(2) 
PARAMETRIC_REPRESENTATION_CONTEXT() REPRESENTATION_CONTEXT('2D SPACE',''
  ) );
#3771 = PCURVE('',#3704,#3772);
#3772 = DEFINITIONAL_REPRESENTATION('',(#3773),#3776);
#3773 = B_SPLINE_CURVE_WITH_KNOTS('',1,(#3774,#3775),.UNSPECIFIED.,.F.,
  .F.,(2,2),(-33.00000060929,-23.84),.PIECEWISE_BEZIER_KNOTS.);
#3774 = CARTESIAN_POINT('',(3.737595092777,-33.00000060929));
#3775 = CARTESIAN_POINT('',(3.737595092777,-23.84));
#3776 = ( GEOMETRIC_REPRESENTATION_CONTEXT(2) 
PARAMETRIC_REPRESENTATION_CONTEXT() REPRESENTATION_CONTEXT('2D SPACE',''
  ) );
#3777 = ORIENTED_EDGE('',*,*,#3778,.T.);
#3778 = EDGE_CURVE('',#3758,#2988,#3779,.T.);
#3779 = SURFACE_CURVE('',#3780,(#3785,#3796),.PCURVE_S1.);
#3780 = CIRCLE('',#3781,4.);
#3781 = AXIS2_PLACEMENT_3D('',#3782,#3783,#3784);
#3782 = CARTESIAN_POINT('',(-46.,-5.,62.));
#3783 = DIRECTION('',(-1.,0.,0.));
#3784 = DIRECTION('',(0.,1.,0.));
#3785 = PCURVE('',#1585,#3786);
#3786 = DEFINITIONAL_REPRESENTATION('',(#3787),#3795);
#3787 = ( BOUNDED_CURVE() B_SPLINE_CURVE(2,(#3788,#3789,#3790,#3791,
#3792,#3793,#3794),.UNSPECIFIED.,.T.,.F.) B_SPLINE_CURVE_WITH_KNOTS((1,2
    ,2,2,2,1),(-2.094395102393,0.,2.094395102393,4.188790204786,
6.28318530718,8.377580409573),.UNSPECIFIED.) CURVE() 
GEOMETRIC_REPRESENTATION_ITEM() RATIONAL_B_SPLINE_CURVE((1.,0.5,1.,0.5,
1.,0.5,1.)) REPRESENTATION_ITEM('') );
#3788 = CARTESIAN_POINT('',(0.,-4.));
#3789 = CARTESIAN_POINT('',(-6.928203230276,-4.));
#3790 = CARTESIAN_POINT('',(-3.464101615138,2.));
#3791 = CARTESIAN_POINT('',(-9.797174393179E-16,8.));
#3792 = CARTESIAN_POINT('',(3.464101615138,2.));
#3793 = CARTESIAN_POINT('',(6.928203230276,-4.));
#3794 = CARTESIAN_POINT('',(0.,-4.));
#3795 = ( GEOMETRIC_REPRESENTATION_CONTEXT(2) 
PARAMETRIC_REPRESENTATION_CONTEXT() REPRESENTATION_CONTEXT('2D SPACE',''
  ) );
#3796 = PCURVE('',#3202,#3797);
#3797 = DEFINITIONAL_REPRESENTATION('',(#3798),#3802);
#3798 = LINE('',#3799,#3800);
#3799 = CARTESIAN_POINT('',(-6.28318530718,-10.));
#3800 = VECTOR('',#3801,1.);
#3801 = DIRECTION('',(1.,-0.));
#3802 = ( GEOMETRIC_REPRESENTATION_CONTEXT(2) 
PARAMETRIC_REPRESENTATION_CONTEXT() REPRESENTATION_CONTEXT('2D SPACE',''
  ) );
#3803 = ADVANCED_FACE('',(#3804),#1756,.F.);
#3804 = FACE_BOUND('',#3805,.F.);
#3805 = EDGE_LOOP('',(#3806));
#3806 = ORIENTED_EDGE('',*,*,#1741,.T.);
#3807 = ADVANCED_FACE('',(#3808),#1799,.F.);
#3808 = FACE_BOUND('',#3809,.T.);
#3809 = EDGE_LOOP('',(#3810,#3839,#3860,#3861));
#3810 = ORIENTED_EDGE('',*,*,#3811,.F.);
#3811 = EDGE_CURVE('',#3812,#3812,#3814,.T.);
#3812 = VERTEX_POINT('',#3813);
#3813 = CARTESIAN_POINT('',(43.,16.642135623731,15.857864376269));
#3814 = SURFACE_CURVE('',#3815,(#3820,#3827),.PCURVE_S1.);
#3815 = CIRCLE('',#3816,2.5);
#3816 = AXIS2_PLACEMENT_3D('',#3817,#3818,#3819);
#3817 = CARTESIAN_POINT('',(43.,14.142135623731,15.857864376269));
#3818 = DIRECTION('',(1.,0.,0.));
#3819 = DIRECTION('',(0.,1.,0.));
#3820 = PCURVE('',#1799,#3821);
#3821 = DEFINITIONAL_REPRESENTATION('',(#3822),#3826);
#3822 = LINE('',#3823,#3824);
#3823 = CARTESIAN_POINT('',(-0.,0.));
#3824 = VECTOR('',#3825,1.);
#3825 = DIRECTION('',(-1.,0.));
#3826 = ( GEOMETRIC_REPRESENTATION_CONTEXT(2) 
PARAMETRIC_REPRESENTATION_CONTEXT() REPRESENTATION_CONTEXT('2D SPACE',''
  ) );
#3827 = PCURVE('',#3828,#3833);
#3828 = PLANE('',#3829);
#3829 = AXIS2_PLACEMENT_3D('',#3830,#3831,#3832);
#3830 = CARTESIAN_POINT('',(43.,14.142135623731,15.857864376269));
#3831 = DIRECTION('',(1.,0.,0.));
#3832 = DIRECTION('',(-0.,0.,1.));
#3833 = DEFINITIONAL_REPRESENTATION('',(#3834),#3838);
#3834 = CIRCLE('',#3835,2.5);
#3835 = AXIS2_PLACEMENT_2D('',#3836,#3837);
#3836 = CARTESIAN_POINT('',(-1.7763568394E-15,0.));
#3837 = DIRECTION('',(0.,-1.));
#3838 = ( GEOMETRIC_REPRESENTATION_CONTEXT(2) 
PARAMETRIC_REPRESENTATION_CONTEXT() REPRESENTATION_CONTEXT('2D SPACE',''
  ) );
#3839 = ORIENTED_EDGE('',*,*,#3840,.T.);
#3840 = EDGE_CURVE('',#3812,#1779,#3841,.T.);
#3841 = SEAM_CURVE('',#3842,(#3846,#3853),.PCURVE_S1.);
#3842 = LINE('',#3843,#3844);
#3843 = CARTESIAN_POINT('',(43.,16.642135623731,15.857864376269));
#3844 = VECTOR('',#3845,1.);
#3845 = DIRECTION('',(1.,0.,0.));
#3846 = PCURVE('',#1799,#3847);
#3847 = DEFINITIONAL_REPRESENTATION('',(#3848),#3852);
#3848 = LINE('',#3849,#3850);
#3849 = CARTESIAN_POINT('',(-6.28318530718,0.));
#3850 = VECTOR('',#3851,1.);
#3851 = DIRECTION('',(-0.,-1.));
#3852 = ( GEOMETRIC_REPRESENTATION_CONTEXT(2) 
PARAMETRIC_REPRESENTATION_CONTEXT() REPRESENTATION_CONTEXT('2D SPACE',''
  ) );
#3853 = PCURVE('',#1799,#3854);
#3854 = DEFINITIONAL_REPRESENTATION('',(#3855),#3859);
#3855 = LINE('',#3856,#3857);
#3856 = CARTESIAN_POINT('',(-0.,0.));
#3857 = VECTOR('',#3858,1.);
#3858 = DIRECTION('',(-0.,-1.));
#3859 = ( GEOMETRIC_REPRESENTATION_CONTEXT(2) 
PARAMETRIC_REPRESENTATION_CONTEXT() REPRESENTATION_CONTEXT('2D SPACE',''
  ) );
#3860 = ORIENTED_EDGE('',*,*,#1778,.F.);
#3861 = ORIENTED_EDGE('',*,*,#3840,.F.);
#3862 = ADVANCED_FACE('',(#3863),#1834,.F.);
#3863 = FACE_BOUND('',#3864,.T.);
#3864 = EDGE_LOOP('',(#3865,#3894,#3915,#3916));
#3865 = ORIENTED_EDGE('',*,*,#3866,.F.);
#3866 = EDGE_CURVE('',#3867,#3867,#3869,.T.);
#3867 = VERTEX_POINT('',#3868);
#3868 = CARTESIAN_POINT('',(43.,16.642135623731,44.142135623731));
#3869 = SURFACE_CURVE('',#3870,(#3875,#3882),.PCURVE_S1.);
#3870 = CIRCLE('',#3871,2.5);
#3871 = AXIS2_PLACEMENT_3D('',#3872,#3873,#3874);
#3872 = CARTESIAN_POINT('',(43.,14.142135623731,44.142135623731));
#3873 = DIRECTION('',(1.,0.,0.));
#3874 = DIRECTION('',(0.,1.,0.));
#3875 = PCURVE('',#1834,#3876);
#3876 = DEFINITIONAL_REPRESENTATION('',(#3877),#3881);
#3877 = LINE('',#3878,#3879);
#3878 = CARTESIAN_POINT('',(-0.,0.));
#3879 = VECTOR('',#3880,1.);
#3880 = DIRECTION('',(-1.,0.));
#3881 = ( GEOMETRIC_REPRESENTATION_CONTEXT(2) 
PARAMETRIC_REPRESENTATION_CONTEXT() REPRESENTATION_CONTEXT('2D SPACE',''
  ) );
#3882 = PCURVE('',#3883,#3888);
#3883 = PLANE('',#3884);
#3884 = AXIS2_PLACEMENT_3D('',#3885,#3886,#3887);
#3885 = CARTESIAN_POINT('',(43.,14.142135623731,44.142135623731));
#3886 = DIRECTION('',(1.,0.,0.));
#3887 = DIRECTION('',(-0.,0.,1.));
#3888 = DEFINITIONAL_REPRESENTATION('',(#3889),#3893);
#3889 = CIRCLE('',#3890,2.5);
#3890 = AXIS2_PLACEMENT_2D('',#3891,#3892);
#3891 = CARTESIAN_POINT('',(7.105427357601E-15,-1.7763568394E-15));
#3892 = DIRECTION('',(0.,-1.));
#3893 = ( GEOMETRIC_REPRESENTATION_CONTEXT(2) 
PARAMETRIC_REPRESENTATION_CONTEXT() REPRESENTATION_CONTEXT('2D SPACE',''
  ) );
#3894 = ORIENTED_EDGE('',*,*,#3895,.T.);
#3895 = EDGE_CURVE('',#3867,#1814,#3896,.T.);
#3896 = SEAM_CURVE('',#3897,(#3901,#3908),.PCURVE_S1.);
#3897 = LINE('',#3898,#3899);
#3898 = CARTESIAN_POINT('',(43.,16.642135623731,44.142135623731));
#3899 = VECTOR('',#3900,1.);
#3900 = DIRECTION('',(1.,0.,0.));
#3901 = PCURVE('',#1834,#3902);
#3902 = DEFINITIONAL_REPRESENTATION('',(#3903),#3907);
#3903 = LINE('',#3904,#3905);
#3904 = CARTESIAN_POINT('',(-6.28318530718,0.));
#3905 = VECTOR('',#3906,1.);
#3906 = DIRECTION('',(-0.,-1.));
#3907 = ( GEOMETRIC_REPRESENTATION_CONTEXT(2) 
PARAMETRIC_REPRESENTATION_CONTEXT() REPRESENTATION_CONTEXT('2D SPACE',''
  ) );
#3908 = PCURVE('',#1834,#3909);
#3909 = DEFINITIONAL_REPRESENTATION('',(#3910),#3914);
#3910 = LINE('',#3911,#3912);
#3911 = CARTESIAN_POINT('',(-0.,0.));
#3912 = VECTOR('',#3913,1.);
#3913 = DIRECTION('',(-0.,-1.));
#3914 = ( GEOMETRIC_REPRESENTATION_CONTEXT(2) 
PARAMETRIC_REPRESENTATION_CONTEXT() REPRESENTATION_CONTEXT('2D SPACE',''
  ) );
#3915 = ORIENTED_EDGE('',*,*,#1813,.F.);
#3916 = ORIENTED_EDGE('',*,*,#3895,.F.);
#3917 = ADVANCED_FACE('',(#3918),#1869,.F.);
#3918 = FACE_BOUND('',#3919,.T.);
#3919 = EDGE_LOOP('',(#3920,#3951,#3972,#3973,#3974,#3998,#4071,#4097,
    #4197,#4223));
#3920 = ORIENTED_EDGE('',*,*,#3921,.F.);
#3921 = EDGE_CURVE('',#3922,#3924,#3926,.T.);
#3922 = VERTEX_POINT('',#3923);
#3923 = CARTESIAN_POINT('',(46.,9.3,70.));
#3924 = VERTEX_POINT('',#3925);
#3925 = CARTESIAN_POINT('',(46.,6.368869601429,74.076296850609));
#3926 = SURFACE_CURVE('',#3927,(#3932,#3939),.PCURVE_S1.);
#3927 = CIRCLE('',#3928,4.3);
#3928 = AXIS2_PLACEMENT_3D('',#3929,#3930,#3931);
#3929 = CARTESIAN_POINT('',(46.,5.,70.));
#3930 = DIRECTION('',(1.,0.,0.));
#3931 = DIRECTION('',(0.,1.,0.));
#3932 = PCURVE('',#1869,#3933);
#3933 = DEFINITIONAL_REPRESENTATION('',(#3934),#3938);
#3934 = LINE('',#3935,#3936);
#3935 = CARTESIAN_POINT('',(-0.,0.));
#3936 = VECTOR('',#3937,1.);
#3937 = DIRECTION('',(-1.,0.));
#3938 = ( GEOMETRIC_REPRESENTATION_CONTEXT(2) 
PARAMETRIC_REPRESENTATION_CONTEXT() REPRESENTATION_CONTEXT('2D SPACE',''
  ) );
#3939 = PCURVE('',#3940,#3945);
#3940 = PLANE('',#3941);
#3941 = AXIS2_PLACEMENT_3D('',#3942,#3943,#3944);
#3942 = CARTESIAN_POINT('',(46.,5.,70.));
#3943 = DIRECTION('',(1.,0.,0.));
#3944 = DIRECTION('',(-0.,0.,1.));
#3945 = DEFINITIONAL_REPRESENTATION('',(#3946),#3950);
#3946 = CIRCLE('',#3947,4.3);
#3947 = AXIS2_PLACEMENT_2D('',#3948,#3949);
#3948 = CARTESIAN_POINT('',(0.,0.));
#3949 = DIRECTION('',(0.,-1.));
#3950 = ( GEOMETRIC_REPRESENTATION_CONTEXT(2) 
PARAMETRIC_REPRESENTATION_CONTEXT() REPRESENTATION_CONTEXT('2D SPACE',''
  ) );
#3951 = ORIENTED_EDGE('',*,*,#3952,.T.);
#3952 = EDGE_CURVE('',#3922,#1849,#3953,.T.);
#3953 = SEAM_CURVE('',#3954,(#3958,#3965),.PCURVE_S1.);
#3954 = LINE('',#3955,#3956);
#3955 = CARTESIAN_POINT('',(46.,9.3,70.));
#3956 = VECTOR('',#3957,1.);
#3957 = DIRECTION('',(1.,0.,0.));
#3958 = PCURVE('',#1869,#3959);
#3959 = DEFINITIONAL_REPRESENTATION('',(#3960),#3964);
#3960 = LINE('',#3961,#3962);
#3961 = CARTESIAN_POINT('',(-6.28318530718,0.));
#3962 = VECTOR('',#3963,1.);
#3963 = DIRECTION('',(-0.,-1.));
#3964 = ( GEOMETRIC_REPRESENTATION_CONTEXT(2) 
PARAMETRIC_REPRESENTATION_CONTEXT() REPRESENTATION_CONTEXT('2D SPACE',''
  ) );
#3965 = PCURVE('',#1869,#3966);
#3966 = DEFINITIONAL_REPRESENTATION('',(#3967),#3971);
#3967 = LINE('',#3968,#3969);
#3968 = CARTESIAN_POINT('',(-0.,0.));
#3969 = VECTOR('',#3970,1.);
#3970 = DIRECTION('',(-0.,-1.));
#3971 = ( GEOMETRIC_REPRESENTATION_CONTEXT(2) 
PARAMETRIC_REPRESENTATION_CONTEXT() REPRESENTATION_CONTEXT('2D SPACE',''
  ) );
#3972 = ORIENTED_EDGE('',*,*,#1848,.F.);
#3973 = ORIENTED_EDGE('',*,*,#3952,.F.);
#3974 = ORIENTED_EDGE('',*,*,#3975,.F.);
#3975 = EDGE_CURVE('',#3976,#3922,#3978,.T.);
#3976 = VERTEX_POINT('',#3977);
#3977 = CARTESIAN_POINT('',(46.,4.069705149025,65.801839511137));
#3978 = SURFACE_CURVE('',#3979,(#3984,#3991),.PCURVE_S1.);
#3979 = CIRCLE('',#3980,4.3);
#3980 = AXIS2_PLACEMENT_3D('',#3981,#3982,#3983);
#3981 = CARTESIAN_POINT('',(46.,5.,70.));
#3982 = DIRECTION('',(1.,0.,0.));
#3983 = DIRECTION('',(0.,1.,0.));
#3984 = PCURVE('',#1869,#3985);
#3985 = DEFINITIONAL_REPRESENTATION('',(#3986),#3990);
#3986 = LINE('',#3987,#3988);
#3987 = CARTESIAN_POINT('',(-0.,0.));
#3988 = VECTOR('',#3989,1.);
#3989 = DIRECTION('',(-1.,0.));
#3990 = ( GEOMETRIC_REPRESENTATION_CONTEXT(2) 
PARAMETRIC_REPRESENTATION_CONTEXT() REPRESENTATION_CONTEXT('2D SPACE',''
  ) );
#3991 = PCURVE('',#3940,#3992);
#3992 = DEFINITIONAL_REPRESENTATION('',(#3993),#3997);
#3993 = CIRCLE('',#3994,4.3);
#3994 = AXIS2_PLACEMENT_2D('',#3995,#3996);
#3995 = CARTESIAN_POINT('',(0.,0.));
#3996 = DIRECTION('',(0.,-1.));
#3997 = ( GEOMETRIC_REPRESENTATION_CONTEXT(2) 
PARAMETRIC_REPRESENTATION_CONTEXT() REPRESENTATION_CONTEXT('2D SPACE',''
  ) );
#3998 = ORIENTED_EDGE('',*,*,#3999,.F.);
#3999 = EDGE_CURVE('',#4000,#3976,#4002,.T.);
#4000 = VERTEX_POINT('',#4001);
#4001 = CARTESIAN_POINT('',(47.151100098681,1.193426737865,68.));
#4002 = SURFACE_CURVE('',#4003,(#4022,#4044),.PCURVE_S1.);
#4003 = B_SPLINE_CURVE_WITH_KNOTS('',5,(#4004,#4005,#4006,#4007,#4008,
    #4009,#4010,#4011,#4012,#4013,#4014,#4015,#4016,#4017,#4018,#4019,
    #4020,#4021),.UNSPECIFIED.,.F.,.F.,(6,4,4,4,6),(0.,0.346208042736,
    0.485815218183,0.7354595467,1.),.UNSPECIFIED.);
#4004 = CARTESIAN_POINT('',(47.151100151291,1.193426422621,68.0000006));
#4005 = CARTESIAN_POINT('',(47.13190578941,1.308440470869,
    67.781095815784));
#4006 = CARTESIAN_POINT('',(47.107411895179,1.440969911257,
    67.567071969189));
#4007 = CARTESIAN_POINT('',(47.076109250255,1.59118388013,
    67.359968819091));
#4008 = CARTESIAN_POINT('',(47.036006900672,1.75895474432,67.16192409965
    ));
#4009 = CARTESIAN_POINT('',(46.963819767468,2.018341059681,
    66.899848730888));
#4010 = CARTESIAN_POINT('',(46.941243244091,2.095615559221,
    66.826413344663));
#4011 = CARTESIAN_POINT('',(46.916693277206,2.175505903022,
    66.755077301915));
#4012 = CARTESIAN_POINT('',(46.890029924781,2.257874265911,
    66.686036943265));
#4013 = CARTESIAN_POINT('',(46.809407939591,2.494007201958,
    66.50041323091));
#4014 = CARTESIAN_POINT('',(46.750449036133,2.653027700683,
    66.389128383301));
#4015 = CARTESIAN_POINT('',(46.683642586135,2.818112282703,
    66.287128321376));
#4016 = CARTESIAN_POINT('',(46.608629143313,2.987465008689,
    66.195287989005));
#4017 = CARTESIAN_POINT('',(46.437331656465,3.341281826529,
    66.027692733618));
#4018 = CARTESIAN_POINT('',(46.340263513912,3.525594443539,
    65.953437480613));
#4019 = CARTESIAN_POINT('',(46.234408839419,3.709962284671,
    65.891414583981));
#4020 = CARTESIAN_POINT('',(46.12049621677,3.892056635263,
    65.841205641425));
#4021 = CARTESIAN_POINT('',(45.9999994,4.06970603361,65.801839315117));
#4022 = PCURVE('',#1869,#4023);
#4023 = DEFINITIONAL_REPRESENTATION('',(#4024),#4043);
#4024 = B_SPLINE_CURVE_WITH_KNOTS('',5,(#4025,#4026,#4027,#4028,#4029,
    #4030,#4031,#4032,#4033,#4034,#4035,#4036,#4037,#4038,#4039,#4040,
    #4041,#4042),.UNSPECIFIED.,.F.,.F.,(6,4,4,4,6),(0.,0.346208042736,
    0.485815218183,0.7354595467,1.),.UNSPECIFIED.);
#4025 = CARTESIAN_POINT('',(-3.625358454388,-1.151100151291));
#4026 = CARTESIAN_POINT('',(-3.682865495765,-1.13190578941));
#4027 = CARTESIAN_POINT('',(-3.74126224376,-1.107411895179));
#4028 = CARTESIAN_POINT('',(-3.800543433671,-1.076109250255));
#4029 = CARTESIAN_POINT('',(-3.860724315636,-1.036006900672));
#4030 = CARTESIAN_POINT('',(-3.946476407635,-0.963819767468));
#4031 = CARTESIAN_POINT('',(-3.97125598132,-0.941243244091));
#4032 = CARTESIAN_POINT('',(-3.996147948583,-0.916693277206));
#4033 = CARTESIAN_POINT('',(-4.021129985713,-0.890029924781));
#4034 = CARTESIAN_POINT('',(-4.090980682578,-0.809407939591));
#4035 = CARTESIAN_POINT('',(-4.136048556618,-0.750449036133));
#4036 = CARTESIAN_POINT('',(-4.181078636809,-0.683642586135));
#4037 = CARTESIAN_POINT('',(-4.225815044344,-0.608629143313));
#4038 = CARTESIAN_POINT('',(-4.316862227274,-0.437331656465));
#4039 = CARTESIAN_POINT('',(-4.362991814669,-0.340263513912));
#4040 = CARTESIAN_POINT('',(-4.408130311123,-0.234408839419));
#4041 = CARTESIAN_POINT('',(-4.452001233536,-0.12049621677));
#4042 = CARTESIAN_POINT('',(-4.494317240874,5.999999999062E-07));
#4043 = ( GEOMETRIC_REPRESENTATION_CONTEXT(2) 
PARAMETRIC_REPRESENTATION_CONTEXT() REPRESENTATION_CONTEXT('2D SPACE',''
  ) );
#4044 = PCURVE('',#4045,#4050);
#4045 = CYLINDRICAL_SURFACE('',#4046,7.25);
#4046 = AXIS2_PLACEMENT_3D('',#4047,#4048,#4049);
#4047 = CARTESIAN_POINT('',(40.,0.,91.));
#4048 = DIRECTION('',(0.,0.,1.));
#4049 = DIRECTION('',(1.,0.,0.));
#4050 = DEFINITIONAL_REPRESENTATION('',(#4051),#4070);
#4051 = B_SPLINE_CURVE_WITH_KNOTS('',5,(#4052,#4053,#4054,#4055,#4056,
    #4057,#4058,#4059,#4060,#4061,#4062,#4063,#4064,#4065,#4066,#4067,
    #4068,#4069),.UNSPECIFIED.,.F.,.F.,(6,4,4,4,6),(0.,0.346208042736,
    0.485815218183,0.7354595467,1.),.UNSPECIFIED.);
#4052 = CARTESIAN_POINT('',(0.165363153116,-22.9999994));
#4053 = CARTESIAN_POINT('',(0.181446559279,-23.21890418421));
#4054 = CARTESIAN_POINT('',(0.200033151817,-23.43292803081));
#4055 = CARTESIAN_POINT('',(0.221189502337,-23.6400311809));
#4056 = CARTESIAN_POINT('',(0.244966202542,-23.83807590035));
#4057 = CARTESIAN_POINT('',(0.282103283261,-24.10015126911));
#4058 = CARTESIAN_POINT('',(0.293206519187,-24.17358665533));
#4059 = CARTESIAN_POINT('',(0.304732812613,-24.24492269808));
#4060 = CARTESIAN_POINT('',(0.316672890334,-24.31396305673));
#4061 = CARTESIAN_POINT('',(0.351089010214,-24.49958676909));
#4062 = CARTESIAN_POINT('',(0.374474048746,-24.61087161669));
#4063 = CARTESIAN_POINT('',(0.399022453675,-24.71287167862));
#4064 = CARTESIAN_POINT('',(0.424555618234,-24.80471201099));
#4065 = CARTESIAN_POINT('',(0.478776581503,-24.97230726638));
#4066 = CARTESIAN_POINT('',(0.507492710156,-25.04656251938));
#4067 = CARTESIAN_POINT('',(0.536788591903,-25.10858541601));
#4068 = CARTESIAN_POINT('',(0.5663943506,-25.15879435857));
#4069 = CARTESIAN_POINT('',(0.596002586618,-25.19816068488));
#4070 = ( GEOMETRIC_REPRESENTATION_CONTEXT(2) 
PARAMETRIC_REPRESENTATION_CONTEXT() REPRESENTATION_CONTEXT('2D SPACE',''
  ) );
#4071 = ORIENTED_EDGE('',*,*,#4072,.F.);
#4072 = EDGE_CURVE('',#4073,#4000,#4075,.T.);
#4073 = VERTEX_POINT('',#4074);
#4074 = CARTESIAN_POINT('',(47.404440061298,1.193426737865,68.));
#4075 = SURFACE_CURVE('',#4076,(#4080,#4086),.PCURVE_S1.);
#4076 = LINE('',#4077,#4078);
#4077 = CARTESIAN_POINT('',(46.,1.193426737865,68.));
#4078 = VECTOR('',#4079,1.);
#4079 = DIRECTION('',(-1.,-0.,-0.));
#4080 = PCURVE('',#1869,#4081);
#4081 = DEFINITIONAL_REPRESENTATION('',(#4082),#4085);
#4082 = B_SPLINE_CURVE_WITH_KNOTS('',1,(#4083,#4084),.UNSPECIFIED.,.F.,
  .F.,(2,2),(-3.,5.999999999062E-07),.PIECEWISE_BEZIER_KNOTS.);
#4083 = CARTESIAN_POINT('',(-3.625358612011,-3.));
#4084 = CARTESIAN_POINT('',(-3.625358612011,5.999999999062E-07));
#4085 = ( GEOMETRIC_REPRESENTATION_CONTEXT(2) 
PARAMETRIC_REPRESENTATION_CONTEXT() REPRESENTATION_CONTEXT('2D SPACE',''
  ) );
#4086 = PCURVE('',#4087,#4092);
#4087 = PLANE('',#4088);
#4088 = AXIS2_PLACEMENT_3D('',#4089,#4090,#4091);
#4089 = CARTESIAN_POINT('',(40.,4.231397042342E-16,68.));
#4090 = DIRECTION('',(0.,0.,1.));
#4091 = DIRECTION('',(1.,0.,-0.));
#4092 = DEFINITIONAL_REPRESENTATION('',(#4093),#4096);
#4093 = B_SPLINE_CURVE_WITH_KNOTS('',1,(#4094,#4095),.UNSPECIFIED.,.F.,
  .F.,(2,2),(-3.,5.999999999062E-07),.PIECEWISE_BEZIER_KNOTS.);
#4094 = CARTESIAN_POINT('',(9.,1.193426737865));
#4095 = CARTESIAN_POINT('',(5.9999994,1.193426737865));
#4096 = ( GEOMETRIC_REPRESENTATION_CONTEXT(2) 
PARAMETRIC_REPRESENTATION_CONTEXT() REPRESENTATION_CONTEXT('2D SPACE',''
  ) );
#4097 = ORIENTED_EDGE('',*,*,#4098,.F.);
#4098 = EDGE_CURVE('',#4099,#4073,#4101,.T.);
#4099 = VERTEX_POINT('',#4100);
#4100 = CARTESIAN_POINT('',(47.25023058954,1.91941563985,73.));
#4101 = SURFACE_CURVE('',#4102,(#4130,#4161),.PCURVE_S1.);
#4102 = B_SPLINE_CURVE_WITH_KNOTS('',6,(#4103,#4104,#4105,#4106,#4107,
    #4108,#4109,#4110,#4111,#4112,#4113,#4114,#4115,#4116,#4117,#4118,
    #4119,#4120,#4121,#4122,#4123,#4124,#4125,#4126,#4127,#4128,#4129),
  .UNSPECIFIED.,.F.,.F.,(7,5,5,5,5,7),(0.,0.157174826463,0.27301973719,
    0.6092430141,0.897932321341,1.),.UNSPECIFIED.);
#4103 = CARTESIAN_POINT('',(47.250230434852,1.919416224155,73.0000006));
#4104 = CARTESIAN_POINT('',(47.278530380984,1.812518549659,
    72.890231541378));
#4105 = CARTESIAN_POINT('',(47.303321881738,1.711229312655,
    72.776830820555));
#4106 = CARTESIAN_POINT('',(47.325014289423,1.615638083081,
    72.660192405737));
#4107 = CARTESIAN_POINT('',(47.34397863365,1.525804851003,
    72.540707879731));
#4108 = CARTESIAN_POINT('',(47.360547621335,1.441760026609,
    72.418766439945));
#4109 = CARTESIAN_POINT('',(47.385679214227,1.305826556144,
    72.20335281903));
#4110 = CARTESIAN_POINT('',(47.395204742048,1.25127637824,
    72.110798818556));
#4111 = CARTESIAN_POINT('',(47.403713491548,1.199833224291,
    72.017207356582));
#4112 = CARTESIAN_POINT('',(47.411313236851,1.151474412265,
    71.922685901578));
#4113 = CARTESIAN_POINT('',(47.4180993338,1.106175896953,71.827334882538
    ));
#4114 = CARTESIAN_POINT('',(47.441733822433,0.941250624642,
    71.452368170396));
#4115 = CARTESIAN_POINT('',(47.453165062856,0.84416300548,
    71.167296839794));
#4116 = CARTESIAN_POINT('',(47.460519123105,0.771929682645,
    70.878061414524));
#4117 = CARTESIAN_POINT('',(47.465014120057,0.723977618223,
    70.586230934115));
#4118 = CARTESIAN_POINT('',(47.467261881038,0.7,70.293120926204));
#4119 = CARTESIAN_POINT('',(47.467261881038,0.7,69.748319396856));
#4120 = CARTESIAN_POINT('',(47.465604764568,0.717677151737,
    69.496640035093));
#4121 = CARTESIAN_POINT('',(47.462290658308,0.753031134435,
    69.245774854548));
#4122 = CARTESIAN_POINT('',(47.456987317667,0.806225916392,
    68.996554635984));
#4123 = CARTESIAN_POINT('',(47.449032521995,0.877574733309,
    68.749924816309));
#4124 = CARTESIAN_POINT('',(47.433198990052,0.999290074034,
    68.421169755286));
#4125 = CARTESIAN_POINT('',(47.428595350945,1.033403386497,
    68.335768195494));
#4126 = CARTESIAN_POINT('',(47.423475980949,1.069855807302,
    68.250889684863));
#4127 = CARTESIAN_POINT('',(47.417786018556,1.108665442506,68.1665920679
    ));
#4128 = CARTESIAN_POINT('',(47.411463630246,1.149850052721,
    68.082938890511));
#4129 = CARTESIAN_POINT('',(47.404440010487,1.193427053109,67.9999994));
#4130 = PCURVE('',#1869,#4131);
#4131 = DEFINITIONAL_REPRESENTATION('',(#4132),#4160);
#4132 = B_SPLINE_CURVE_WITH_KNOTS('',6,(#4133,#4134,#4135,#4136,#4137,
    #4138,#4139,#4140,#4141,#4142,#4143,#4144,#4145,#4146,#4147,#4148,
    #4149,#4150,#4151,#4152,#4153,#4154,#4155,#4156,#4157,#4158,#4159),
  .UNSPECIFIED.,.F.,.F.,(7,5,5,5,5,7),(0.,0.157174826463,0.27301973719,
    0.6092430141,0.897932321341,1.),.UNSPECIFIED.);
#4133 = CARTESIAN_POINT('',(-2.369446252484,-1.250230434852));
#4134 = CARTESIAN_POINT('',(-2.405078803522,-1.278530380984));
#4135 = CARTESIAN_POINT('',(-2.440406396596,-1.303321881738));
#4136 = CARTESIAN_POINT('',(-2.475430449403,-1.325014289423));
#4137 = CARTESIAN_POINT('',(-2.510150379497,-1.34397863365));
#4138 = CARTESIAN_POINT('',(-2.544563604286,-1.360547621335));
#4139 = CARTESIAN_POINT('',(-2.603800200997,-1.385679214227));
#4140 = CARTESIAN_POINT('',(-2.628773240618,-1.395204742048));
#4141 = CARTESIAN_POINT('',(-2.653593296549,-1.403713491548));
#4142 = CARTESIAN_POINT('',(-2.678268794286,-1.411313236851));
#4143 = CARTESIAN_POINT('',(-2.702808159297,-1.4180993338));
#4144 = CARTESIAN_POINT('',(-2.79807198432,-1.441733822433));
#4145 = CARTESIAN_POINT('',(-2.867847482152,-1.453165062856));
#4146 = CARTESIAN_POINT('',(-2.936822277379,-1.460519123105));
#4147 = CARTESIAN_POINT('',(-3.005259845456,-1.465014120057));
#4148 = CARTESIAN_POINT('',(-3.073424996333,-1.467261881038));
#4149 = CARTESIAN_POINT('',(-3.200123026414,-1.467261881038));
#4150 = CARTESIAN_POINT('',(-3.258653122454,-1.465604764568));
#4151 = CARTESIAN_POINT('',(-3.317354728846,-1.462290658308));
#4152 = CARTESIAN_POINT('',(-3.376395829362,-1.456987317667));
#4153 = CARTESIAN_POINT('',(-3.435944579192,-1.449032521995));
#4154 = CARTESIAN_POINT('',(-3.517470890551,-1.433198990052));
#4155 = CARTESIAN_POINT('',(-3.538850680176,-1.428595350945));
#4156 = CARTESIAN_POINT('',(-3.560322586669,-1.423475980949));
#4157 = CARTESIAN_POINT('',(-3.58189359666,-1.417786018556));
#4158 = CARTESIAN_POINT('',(-3.603570275975,-1.411463630246));
#4159 = CARTESIAN_POINT('',(-3.625358769633,-1.404440010487));
#4160 = ( GEOMETRIC_REPRESENTATION_CONTEXT(2) 
PARAMETRIC_REPRESENTATION_CONTEXT() REPRESENTATION_CONTEXT('2D SPACE',''
  ) );
#4161 = PCURVE('',#4162,#4167);
#4162 = CYLINDRICAL_SURFACE('',#4163,7.5);
#4163 = AXIS2_PLACEMENT_3D('',#4164,#4165,#4166);
#4164 = CARTESIAN_POINT('',(40.,0.,91.));
#4165 = DIRECTION('',(0.,0.,1.));
#4166 = DIRECTION('',(1.,0.,0.));
#4167 = DEFINITIONAL_REPRESENTATION('',(#4168),#4196);
#4168 = B_SPLINE_CURVE_WITH_KNOTS('',6,(#4169,#4170,#4171,#4172,#4173,
    #4174,#4175,#4176,#4177,#4178,#4179,#4180,#4181,#4182,#4183,#4184,
    #4185,#4186,#4187,#4188,#4189,#4190,#4191,#4192,#4193,#4194,#4195),
  .UNSPECIFIED.,.F.,.F.,(7,5,5,5,5,7),(0.,0.157174826463,0.27301973719,
    0.6092430141,0.897932321341,1.),.UNSPECIFIED.);
#4169 = CARTESIAN_POINT('',(6.54198682174,-17.9999994));
#4170 = CARTESIAN_POINT('',(6.527242783539,-18.10976845862));
#4171 = CARTESIAN_POINT('',(6.513341135673,-18.22316917944));
#4172 = CARTESIAN_POINT('',(6.500274345265,-18.33980759426));
#4173 = CARTESIAN_POINT('',(6.488034530522,-18.45929212026));
#4174 = CARTESIAN_POINT('',(6.47661346073,-18.58123356005));
#4175 = CARTESIAN_POINT('',(6.458181842797,-18.79664718097));
#4176 = CARTESIAN_POINT('',(6.450798792453,-18.88920118144));
#4177 = CARTESIAN_POINT('',(6.443846898713,-18.98279264341));
#4178 = CARTESIAN_POINT('',(6.437320184394,-19.07731409842));
#4179 = CARTESIAN_POINT('',(6.431213109091,-19.17266511746));
#4180 = CARTESIAN_POINT('',(6.408998425458,-19.5476318296));
#4181 = CARTESIAN_POINT('',(6.395968081856,-19.8327031602));
#4182 = CARTESIAN_POINT('',(6.386287279962,-20.12193858547));
#4183 = CARTESIAN_POINT('',(6.379865732908,-20.41376906588));
#4184 = CARTESIAN_POINT('',(6.376654680641,-20.70687907379));
#4185 = CARTESIAN_POINT('',(6.376654680641,-21.25168060314));
#4186 = CARTESIAN_POINT('',(6.379021973558,-21.5033599649));
#4187 = CARTESIAN_POINT('',(6.383756477112,-21.75422514545));
#4188 = CARTESIAN_POINT('',(6.3908842152,-22.00344536401));
#4189 = CARTESIAN_POINT('',(6.400454734008,-22.25007518369));
#4190 = CARTESIAN_POINT('',(6.416820185369,-22.57883024471));
#4191 = CARTESIAN_POINT('',(6.421409818252,-22.6642318045));
#4192 = CARTESIAN_POINT('',(6.426317712882,-22.74911031513));
#4193 = CARTESIAN_POINT('',(6.431547473178,-22.8334079321));
#4194 = CARTESIAN_POINT('',(6.437102940381,-22.91706110948));
#4195 = CARTESIAN_POINT('',(6.442988193058,-23.0000006));
#4196 = ( GEOMETRIC_REPRESENTATION_CONTEXT(2) 
PARAMETRIC_REPRESENTATION_CONTEXT() REPRESENTATION_CONTEXT('2D SPACE',''
  ) );
#4197 = ORIENTED_EDGE('',*,*,#4198,.F.);
#4198 = EDGE_CURVE('',#4199,#4099,#4201,.T.);
#4199 = VERTEX_POINT('',#4200);
#4200 = CARTESIAN_POINT('',(48.536881374454,1.91941563985,73.));
#4201 = SURFACE_CURVE('',#4202,(#4206,#4212),.PCURVE_S1.);
#4202 = LINE('',#4203,#4204);
#4203 = CARTESIAN_POINT('',(46.,1.91941563985,73.));
#4204 = VECTOR('',#4205,1.);
#4205 = DIRECTION('',(-1.,-0.,-0.));
#4206 = PCURVE('',#1869,#4207);
#4207 = DEFINITIONAL_REPRESENTATION('',(#4208),#4211);
#4208 = B_SPLINE_CURVE_WITH_KNOTS('',1,(#4209,#4210),.UNSPECIFIED.,.F.,
  .F.,(2,2),(-4.5,5.999999999062E-07),.PIECEWISE_BEZIER_KNOTS.);
#4209 = CARTESIAN_POINT('',(-2.369446447252,-4.5));
#4210 = CARTESIAN_POINT('',(-2.369446447252,5.999999999062E-07));
#4211 = ( GEOMETRIC_REPRESENTATION_CONTEXT(2) 
PARAMETRIC_REPRESENTATION_CONTEXT() REPRESENTATION_CONTEXT('2D SPACE',''
  ) );
#4212 = PCURVE('',#4213,#4218);
#4213 = PLANE('',#4214);
#4214 = AXIS2_PLACEMENT_3D('',#4215,#4216,#4217);
#4215 = CARTESIAN_POINT('',(40.,5.8048458399E-16,73.));
#4216 = DIRECTION('',(0.,0.,1.));
#4217 = DIRECTION('',(1.,0.,-0.));
#4218 = DEFINITIONAL_REPRESENTATION('',(#4219),#4222);
#4219 = B_SPLINE_CURVE_WITH_KNOTS('',1,(#4220,#4221),.UNSPECIFIED.,.F.,
  .F.,(2,2),(-4.5,5.999999999062E-07),.PIECEWISE_BEZIER_KNOTS.);
#4220 = CARTESIAN_POINT('',(10.5,1.91941563985));
#4221 = CARTESIAN_POINT('',(5.9999994,1.91941563985));
#4222 = ( GEOMETRIC_REPRESENTATION_CONTEXT(2) 
PARAMETRIC_REPRESENTATION_CONTEXT() REPRESENTATION_CONTEXT('2D SPACE',''
  ) );
#4223 = ORIENTED_EDGE('',*,*,#4224,.F.);
#4224 = EDGE_CURVE('',#3924,#4199,#4225,.T.);
#4225 = SURFACE_CURVE('',#4226,(#4259,#4295),.PCURVE_S1.);
#4226 = B_SPLINE_CURVE_WITH_KNOTS('',6,(#4227,#4228,#4229,#4230,#4231,
    #4232,#4233,#4234,#4235,#4236,#4237,#4238,#4239,#4240,#4241,#4242,
    #4243,#4244,#4245,#4246,#4247,#4248,#4249,#4250,#4251,#4252,#4253,
    #4254,#4255,#4256,#4257,#4258),.UNSPECIFIED.,.F.,.F.,(7,5,5,5,5,5,7)
  ,(0.,0.311475979241,0.434439184465,0.506720708337,0.655422696677,
    0.87106069955,1.),.UNSPECIFIED.);
#4227 = CARTESIAN_POINT('',(45.9999994,6.368870166678,74.076296660791));
#4228 = CARTESIAN_POINT('',(46.191972416264,6.188015799694,
    74.13702976441));
#4229 = CARTESIAN_POINT('',(46.381286145108,5.996560192074,
    74.190608157195));
#4230 = CARTESIAN_POINT('',(46.567195164528,5.794210895625,
    74.235493600298));
#4231 = CARTESIAN_POINT('',(46.748783888658,5.5808116051,74.269879016738
    ));
#4232 = CARTESIAN_POINT('',(46.924983079268,5.356409571763,
    74.29164874819));
#4233 = CARTESIAN_POINT('',(47.16160812494,5.028614371947,
    74.300906414962));
#4234 = CARTESIAN_POINT('',(47.227534783792,4.934218693259,
    74.301167273375));
#4235 = CARTESIAN_POINT('',(47.292287985625,4.838310389259,
    74.298915188643));
#4236 = CARTESIAN_POINT('',(47.355752908088,4.741001300955,
    74.294000939594));
#4237 = CARTESIAN_POINT('',(47.417825920813,4.642410862097,
    74.286279605276));
#4238 = CARTESIAN_POINT('',(47.514030451146,4.484033084133,
    74.269338977522));
#4239 = CARTESIAN_POINT('',(47.549126311966,4.425013078231,
    74.262050278906));
#4240 = CARTESIAN_POINT('',(47.583677925355,4.365641350174,
    74.25371710469));
#4241 = CARTESIAN_POINT('',(47.61766155528,4.305957633993,
    74.244314907602));
#4242 = CARTESIAN_POINT('',(47.651053972199,4.246006129047,
    74.233821957506));
#4243 = CARTESIAN_POINT('',(47.751266356196,4.06204878807,
    74.198349727283));
#4244 = CARTESIAN_POINT('',(47.816135230983,3.937274274216,
    74.169772715457));
#4245 = CARTESIAN_POINT('',(47.878191590108,3.812020114326,
    74.136336140167));
#4246 = CARTESIAN_POINT('',(47.937260955486,3.686800984404,
    74.097960571162));
#4247 = CARTESIAN_POINT('',(47.993235163565,3.562129317356,
    74.054643254269));
#4248 = CARTESIAN_POINT('',(48.122677053969,3.259236785764,
    73.936592789519));
#4249 = CARTESIAN_POINT('',(48.192537739709,3.082500782527,
    73.856623034051));
#4250 = CARTESIAN_POINT('',(48.25559356132,2.909690851524,73.76681344596
    ));
#4251 = CARTESIAN_POINT('',(48.312016990511,2.742163005847,
    73.667741178183));
#4252 = CARTESIAN_POINT('',(48.362149527732,2.581170417607,
    73.560322243395));
#4253 = CARTESIAN_POINT('',(48.432929731318,2.336088208341,
    73.377376331389));
#4254 = CARTESIAN_POINT('',(48.457347733904,2.247035074912,
    73.306340093439));
#4255 = CARTESIAN_POINT('',(48.479825781328,2.160748247838,
    73.232895389986));
#4256 = CARTESIAN_POINT('',(48.500491184379,2.077327237243,
    73.157224751547));
#4257 = CARTESIAN_POINT('',(48.519469226385,1.996858736069,
    73.079523361326));
#4258 = CARTESIAN_POINT('',(48.536881505828,1.919415055546,72.9999994));
#4259 = PCURVE('',#1869,#4260);
#4260 = DEFINITIONAL_REPRESENTATION('',(#4261),#4294);
#4261 = B_SPLINE_CURVE_WITH_KNOTS('',6,(#4262,#4263,#4264,#4265,#4266,
    #4267,#4268,#4269,#4270,#4271,#4272,#4273,#4274,#4275,#4276,#4277,
    #4278,#4279,#4280,#4281,#4282,#4283,#4284,#4285,#4286,#4287,#4288,
    #4289,#4290,#4291,#4292,#4293),.UNSPECIFIED.,.F.,.F.,(7,5,5,5,5,5,7)
  ,(0.,0.311475979241,0.434439184465,0.506720708337,0.655422696677,
    0.87106069955,1.),.UNSPECIFIED.);
#4262 = CARTESIAN_POINT('',(-1.246816450165,5.999999999062E-07));
#4263 = CARTESIAN_POINT('',(-1.29118377228,-0.191972416264));
#4264 = CARTESIAN_POINT('',(-1.337358596054,-0.381286145108));
#4265 = CARTESIAN_POINT('',(-1.385448436202,-0.567195164528));
#4266 = CARTESIAN_POINT('',(-1.435576145943,-0.748783888658));
#4267 = CARTESIAN_POINT('',(-1.487884835871,-0.924983079268));
#4268 = CARTESIAN_POINT('',(-1.564146673621,-1.16160812494));
#4269 = CARTESIAN_POINT('',(-1.586092136979,-1.227534783792));
#4270 = CARTESIAN_POINT('',(-1.608390804898,-1.292287985625));
#4271 = CARTESIAN_POINT('',(-1.631036851159,-1.355752908088));
#4272 = CARTESIAN_POINT('',(-1.654025812573,-1.417825920813));
#4273 = CARTESIAN_POINT('',(-1.691067955575,-1.514030451146));
#4274 = CARTESIAN_POINT('',(-1.704895958573,-1.549126311966));
#4275 = CARTESIAN_POINT('',(-1.718835783894,-1.583677925355));
#4276 = CARTESIAN_POINT('',(-1.732883871491,-1.617661555279));
#4277 = CARTESIAN_POINT('',(-1.747035915357,-1.651053972199));
#4278 = CARTESIAN_POINT('',(-1.790604789,-1.751266356196));
#4279 = CARTESIAN_POINT('',(-1.820355575615,-1.816135230983));
#4280 = CARTESIAN_POINT('',(-1.850475168664,-1.878191590108));
#4281 = CARTESIAN_POINT('',(-1.880901749816,-1.937260955486));
#4282 = CARTESIAN_POINT('',(-1.911574096818,-1.993235163565));
#4283 = CARTESIAN_POINT('',(-1.987175095321,-2.122677053969));
#4284 = CARTESIAN_POINT('',(-2.032224374391,-2.192537739709));
#4285 = CARTESIAN_POINT('',(-2.077414608922,-2.25559356132));
#4286 = CARTESIAN_POINT('',(-2.122576814849,-2.312016990511));
#4287 = CARTESIAN_POINT('',(-2.167522975304,-2.362149527732));
#4288 = CARTESIAN_POINT('',(-2.238647184338,-2.432929731318));
#4289 = CARTESIAN_POINT('',(-2.265125387841,-2.457347733904));
#4290 = CARTESIAN_POINT('',(-2.291457029859,-2.479825781328));
#4291 = CARTESIAN_POINT('',(-2.317630392218,-2.500491184379));
#4292 = CARTESIAN_POINT('',(-2.343632076683,-2.519469226385));
#4293 = CARTESIAN_POINT('',(-2.36944664202,-2.536881505828));
#4294 = ( GEOMETRIC_REPRESENTATION_CONTEXT(2) 
PARAMETRIC_REPRESENTATION_CONTEXT() REPRESENTATION_CONTEXT('2D SPACE',''
  ) );
#4295 = PCURVE('',#4296,#4301);
#4296 = CYLINDRICAL_SURFACE('',#4297,8.75);
#4297 = AXIS2_PLACEMENT_3D('',#4298,#4299,#4300);
#4298 = CARTESIAN_POINT('',(40.,0.,91.));
#4299 = DIRECTION('',(0.,0.,1.));
#4300 = DIRECTION('',(1.,0.,0.));
#4301 = DEFINITIONAL_REPRESENTATION('',(#4302),#4335);
#4302 = B_SPLINE_CURVE_WITH_KNOTS('',6,(#4303,#4304,#4305,#4306,#4307,
    #4308,#4309,#4310,#4311,#4312,#4313,#4314,#4315,#4316,#4317,#4318,
    #4319,#4320,#4321,#4322,#4323,#4324,#4325,#4326,#4327,#4328,#4329,
    #4330,#4331,#4332,#4333,#4334),.UNSPECIFIED.,.F.,.F.,(7,5,5,5,5,5,7)
  ,(0.,0.311475979241,0.434439184465,0.506720708337,0.655422696677,
    0.87106069955,1.),.UNSPECIFIED.);
#4303 = CARTESIAN_POINT('',(0.815211839361,-16.9237033392));
#4304 = CARTESIAN_POINT('',(0.785069441849,-16.86297023559));
#4305 = CARTESIAN_POINT('',(0.754317474413,-16.8093918428));
#4306 = CARTESIAN_POINT('',(0.722945679815,-16.7645063997));
#4307 = CARTESIAN_POINT('',(0.69095888082,-16.73012098326));
#4308 = CARTESIAN_POINT('',(0.658378504011,-16.70835125181));
#4309 = CARTESIAN_POINT('',(0.61217524691,-16.69909358503));
#4310 = CARTESIAN_POINT('',(0.599018193122,-16.69883272662));
#4311 = CARTESIAN_POINT('',(0.585795383982,-16.70108481135));
#4312 = CARTESIAN_POINT('',(0.572520649231,-16.7059990604));
#4313 = CARTESIAN_POINT('',(0.559207670715,-16.71372039472));
#4314 = CARTESIAN_POINT('',(0.538029682232,-16.73066102247));
#4315 = CARTESIAN_POINT('',(0.530182439116,-16.73794972109));
#4316 = CARTESIAN_POINT('',(0.522332257786,-16.74628289531));
#4317 = CARTESIAN_POINT('',(0.514483558774,-16.75568509239));
#4318 = CARTESIAN_POINT('',(0.506641178406,-16.76617804249));
#4319 = CARTESIAN_POINT('',(0.482700346523,-16.80165027271));
#4320 = CARTESIAN_POINT('',(0.466631430044,-16.83022728454));
#4321 = CARTESIAN_POINT('',(0.450660592736,-16.86366385983));
#4322 = CARTESIAN_POINT('',(0.434841749604,-16.90203942883));
#4323 = CARTESIAN_POINT('',(0.41922595075,-16.94535674573));
#4324 = CARTESIAN_POINT('',(0.38158115092,-17.06340721048));
#4325 = CARTESIAN_POINT('',(0.359870257474,-17.14337696594));
#4326 = CARTESIAN_POINT('',(0.338857392772,-17.23318655404));
#4327 = CARTESIAN_POINT('',(0.318663156623,-17.33225882181));
#4328 = CARTESIAN_POINT('',(0.299396653607,-17.4396777566));
#4329 = CARTESIAN_POINT('',(0.270242565795,-17.62262366861));
#4330 = CARTESIAN_POINT('',(0.259690375028,-17.69365990656));
#4331 = CARTESIAN_POINT('',(0.249501097721,-17.76710461001));
#4332 = CARTESIAN_POINT('',(0.239680055109,-17.84277524845));
#4333 = CARTESIAN_POINT('',(0.230231867975,-17.92047663867));
#4334 = CARTESIAN_POINT('',(0.221160208673,-18.0000006));
#4335 = ( GEOMETRIC_REPRESENTATION_CONTEXT(2) 
PARAMETRIC_REPRESENTATION_CONTEXT() REPRESENTATION_CONTEXT('2D SPACE',''
  ) );
#4336 = ADVANCED_FACE('',(#4337),#1907,.F.);
#4337 = FACE_BOUND('',#4338,.T.);
#4338 = EDGE_LOOP('',(#4339,#4368,#4389,#4390));
#4339 = ORIENTED_EDGE('',*,*,#4340,.F.);
#4340 = EDGE_CURVE('',#4341,#4341,#4343,.T.);
#4341 = VERTEX_POINT('',#4342);
#4342 = CARTESIAN_POINT('',(43.,-11.64213562373,15.857864376269));
#4343 = SURFACE_CURVE('',#4344,(#4349,#4356),.PCURVE_S1.);
#4344 = CIRCLE('',#4345,2.5);
#4345 = AXIS2_PLACEMENT_3D('',#4346,#4347,#4348);
#4346 = CARTESIAN_POINT('',(43.,-14.14213562373,15.857864376269));
#4347 = DIRECTION('',(1.,0.,0.));
#4348 = DIRECTION('',(0.,1.,0.));
#4349 = PCURVE('',#1907,#4350);
#4350 = DEFINITIONAL_REPRESENTATION('',(#4351),#4355);
#4351 = LINE('',#4352,#4353);
#4352 = CARTESIAN_POINT('',(-0.,0.));
#4353 = VECTOR('',#4354,1.);
#4354 = DIRECTION('',(-1.,0.));
#4355 = ( GEOMETRIC_REPRESENTATION_CONTEXT(2) 
PARAMETRIC_REPRESENTATION_CONTEXT() REPRESENTATION_CONTEXT('2D SPACE',''
  ) );
#4356 = PCURVE('',#4357,#4362);
#4357 = PLANE('',#4358);
#4358 = AXIS2_PLACEMENT_3D('',#4359,#4360,#4361);
#4359 = CARTESIAN_POINT('',(43.,-14.14213562373,15.857864376269));
#4360 = DIRECTION('',(1.,0.,0.));
#4361 = DIRECTION('',(-0.,0.,1.));
#4362 = DEFINITIONAL_REPRESENTATION('',(#4363),#4367);
#4363 = CIRCLE('',#4364,2.5);
#4364 = AXIS2_PLACEMENT_2D('',#4365,#4366);
#4365 = CARTESIAN_POINT('',(1.7763568394E-15,3.552713678801E-15));
#4366 = DIRECTION('',(0.,-1.));
#4367 = ( GEOMETRIC_REPRESENTATION_CONTEXT(2) 
PARAMETRIC_REPRESENTATION_CONTEXT() REPRESENTATION_CONTEXT('2D SPACE',''
  ) );
#4368 = ORIENTED_EDGE('',*,*,#4369,.T.);
#4369 = EDGE_CURVE('',#4341,#1887,#4370,.T.);
#4370 = SEAM_CURVE('',#4371,(#4375,#4382),.PCURVE_S1.);
#4371 = LINE('',#4372,#4373);
#4372 = CARTESIAN_POINT('',(43.,-11.64213562373,15.857864376269));
#4373 = VECTOR('',#4374,1.);
#4374 = DIRECTION('',(1.,0.,0.));
#4375 = PCURVE('',#1907,#4376);
#4376 = DEFINITIONAL_REPRESENTATION('',(#4377),#4381);
#4377 = LINE('',#4378,#4379);
#4378 = CARTESIAN_POINT('',(-6.28318530718,0.));
#4379 = VECTOR('',#4380,1.);
#4380 = DIRECTION('',(-0.,-1.));
#4381 = ( GEOMETRIC_REPRESENTATION_CONTEXT(2) 
PARAMETRIC_REPRESENTATION_CONTEXT() REPRESENTATION_CONTEXT('2D SPACE',''
  ) );
#4382 = PCURVE('',#1907,#4383);
#4383 = DEFINITIONAL_REPRESENTATION('',(#4384),#4388);
#4384 = LINE('',#4385,#4386);
#4385 = CARTESIAN_POINT('',(-0.,0.));
#4386 = VECTOR('',#4387,1.);
#4387 = DIRECTION('',(-0.,-1.));
#4388 = ( GEOMETRIC_REPRESENTATION_CONTEXT(2) 
PARAMETRIC_REPRESENTATION_CONTEXT() REPRESENTATION_CONTEXT('2D SPACE',''
  ) );
#4389 = ORIENTED_EDGE('',*,*,#1886,.F.);
#4390 = ORIENTED_EDGE('',*,*,#4369,.F.);
#4391 = ADVANCED_FACE('',(#4392),#1942,.F.);
#4392 = FACE_BOUND('',#4393,.T.);
#4393 = EDGE_LOOP('',(#4394,#4423,#4444,#4445));
#4394 = ORIENTED_EDGE('',*,*,#4395,.F.);
#4395 = EDGE_CURVE('',#4396,#4396,#4398,.T.);
#4396 = VERTEX_POINT('',#4397);
#4397 = CARTESIAN_POINT('',(43.,-11.64213562373,44.142135623731));
#4398 = SURFACE_CURVE('',#4399,(#4404,#4411),.PCURVE_S1.);
#4399 = CIRCLE('',#4400,2.5);
#4400 = AXIS2_PLACEMENT_3D('',#4401,#4402,#4403);
#4401 = CARTESIAN_POINT('',(43.,-14.14213562373,44.142135623731));
#4402 = DIRECTION('',(1.,0.,0.));
#4403 = DIRECTION('',(0.,1.,0.));
#4404 = PCURVE('',#1942,#4405);
#4405 = DEFINITIONAL_REPRESENTATION('',(#4406),#4410);
#4406 = LINE('',#4407,#4408);
#4407 = CARTESIAN_POINT('',(-0.,0.));
#4408 = VECTOR('',#4409,1.);
#4409 = DIRECTION('',(-1.,0.));
#4410 = ( GEOMETRIC_REPRESENTATION_CONTEXT(2) 
PARAMETRIC_REPRESENTATION_CONTEXT() REPRESENTATION_CONTEXT('2D SPACE',''
  ) );
#4411 = PCURVE('',#4412,#4417);
#4412 = PLANE('',#4413);
#4413 = AXIS2_PLACEMENT_3D('',#4414,#4415,#4416);
#4414 = CARTESIAN_POINT('',(43.,-14.14213562373,44.142135623731));
#4415 = DIRECTION('',(1.,0.,0.));
#4416 = DIRECTION('',(-0.,0.,1.));
#4417 = DEFINITIONAL_REPRESENTATION('',(#4418),#4422);
#4418 = CIRCLE('',#4419,2.5);
#4419 = AXIS2_PLACEMENT_2D('',#4420,#4421);
#4420 = CARTESIAN_POINT('',(7.105427357601E-15,3.552713678801E-15));
#4421 = DIRECTION('',(0.,-1.));
#4422 = ( GEOMETRIC_REPRESENTATION_CONTEXT(2) 
PARAMETRIC_REPRESENTATION_CONTEXT() REPRESENTATION_CONTEXT('2D SPACE',''
  ) );
#4423 = ORIENTED_EDGE('',*,*,#4424,.T.);
#4424 = EDGE_CURVE('',#4396,#1922,#4425,.T.);
#4425 = SEAM_CURVE('',#4426,(#4430,#4437),.PCURVE_S1.);
#4426 = LINE('',#4427,#4428);
#4427 = CARTESIAN_POINT('',(43.,-11.64213562373,44.142135623731));
#4428 = VECTOR('',#4429,1.);
#4429 = DIRECTION('',(1.,0.,0.));
#4430 = PCURVE('',#1942,#4431);
#4431 = DEFINITIONAL_REPRESENTATION('',(#4432),#4436);
#4432 = LINE('',#4433,#4434);
#4433 = CARTESIAN_POINT('',(-6.28318530718,0.));
#4434 = VECTOR('',#4435,1.);
#4435 = DIRECTION('',(-0.,-1.));
#4436 = ( GEOMETRIC_REPRESENTATION_CONTEXT(2) 
PARAMETRIC_REPRESENTATION_CONTEXT() REPRESENTATION_CONTEXT('2D SPACE',''
  ) );
#4437 = PCURVE('',#1942,#4438);
#4438 = DEFINITIONAL_REPRESENTATION('',(#4439),#4443);
#4439 = LINE('',#4440,#4441);
#4440 = CARTESIAN_POINT('',(-0.,0.));
#4441 = VECTOR('',#4442,1.);
#4442 = DIRECTION('',(-0.,-1.));
#4443 = ( GEOMETRIC_REPRESENTATION_CONTEXT(2) 
PARAMETRIC_REPRESENTATION_CONTEXT() REPRESENTATION_CONTEXT('2D SPACE',''
  ) );
#4444 = ORIENTED_EDGE('',*,*,#1921,.F.);
#4445 = ORIENTED_EDGE('',*,*,#4424,.F.);
#4446 = ADVANCED_FACE('',(#4447,#4450),#1996,.T.);
#4447 = FACE_BOUND('',#4448,.T.);
#4448 = EDGE_LOOP('',(#4449));
#4449 = ORIENTED_EDGE('',*,*,#1981,.T.);
#4450 = FACE_BOUND('',#4451,.T.);
#4451 = EDGE_LOOP('',(#4452));
#4452 = ORIENTED_EDGE('',*,*,#4453,.F.);
#4453 = EDGE_CURVE('',#4454,#4454,#4456,.T.);
#4454 = VERTEX_POINT('',#4455);
#4455 = CARTESIAN_POINT('',(3.,-18.,62.));
#4456 = SURFACE_CURVE('',#4457,(#4462,#4469),.PCURVE_S1.);
#4457 = CIRCLE('',#4458,3.);
#4458 = AXIS2_PLACEMENT_3D('',#4459,#4460,#4461);
#4459 = CARTESIAN_POINT('',(0.,-18.,62.));
#4460 = DIRECTION('',(0.,-1.,0.));
#4461 = DIRECTION('',(1.,0.,0.));
#4462 = PCURVE('',#1996,#4463);
#4463 = DEFINITIONAL_REPRESENTATION('',(#4464),#4468);
#4464 = CIRCLE('',#4465,3.);
#4465 = AXIS2_PLACEMENT_2D('',#4466,#4467);
#4466 = CARTESIAN_POINT('',(-7.105427357601E-15,8.323548632849E-16));
#4467 = DIRECTION('',(0.,1.));
#4468 = ( GEOMETRIC_REPRESENTATION_CONTEXT(2) 
PARAMETRIC_REPRESENTATION_CONTEXT() REPRESENTATION_CONTEXT('2D SPACE',''
  ) );
#4469 = PCURVE('',#4470,#4475);
#4470 = CYLINDRICAL_SURFACE('',#4471,3.);
#4471 = AXIS2_PLACEMENT_3D('',#4472,#4473,#4474);
#4472 = CARTESIAN_POINT('',(0.,-31.,62.));
#4473 = DIRECTION('',(0.,-1.,0.));
#4474 = DIRECTION('',(1.,0.,0.));
#4475 = DEFINITIONAL_REPRESENTATION('',(#4476),#4480);
#4476 = LINE('',#4477,#4478);
#4477 = CARTESIAN_POINT('',(0.,-13.));
#4478 = VECTOR('',#4479,1.);
#4479 = DIRECTION('',(1.,0.));
#4480 = ( GEOMETRIC_REPRESENTATION_CONTEXT(2) 
PARAMETRIC_REPRESENTATION_CONTEXT() REPRESENTATION_CONTEXT('2D SPACE',''
  ) );
#4481 = ADVANCED_FACE('',(#4482,#4485),#2051,.T.);
#4482 = FACE_BOUND('',#4483,.T.);
#4483 = EDGE_LOOP('',(#4484));
#4484 = ORIENTED_EDGE('',*,*,#2036,.T.);
#4485 = FACE_BOUND('',#4486,.T.);
#4486 = EDGE_LOOP('',(#4487));
#4487 = ORIENTED_EDGE('',*,*,#4488,.F.);
#4488 = EDGE_CURVE('',#4489,#4489,#4491,.T.);
#4489 = VERTEX_POINT('',#4490);
#4490 = CARTESIAN_POINT('',(-31.25,0.,88.5));
#4491 = SURFACE_CURVE('',#4492,(#4497,#4504),.PCURVE_S1.);
#4492 = CIRCLE('',#4493,8.75);
#4493 = AXIS2_PLACEMENT_3D('',#4494,#4495,#4496);
#4494 = CARTESIAN_POINT('',(-40.,0.,88.5));
#4495 = DIRECTION('',(0.,0.,1.));
#4496 = DIRECTION('',(1.,0.,-0.));
#4497 = PCURVE('',#2051,#4498);
#4498 = DEFINITIONAL_REPRESENTATION('',(#4499),#4503);
#4499 = CIRCLE('',#4500,8.75);
#4500 = AXIS2_PLACEMENT_2D('',#4501,#4502);
#4501 = CARTESIAN_POINT('',(7.105427357601E-15,-7.239919503095E-16));
#4502 = DIRECTION('',(1.,0.));
#4503 = ( GEOMETRIC_REPRESENTATION_CONTEXT(2) 
PARAMETRIC_REPRESENTATION_CONTEXT() REPRESENTATION_CONTEXT('2D SPACE',''
  ) );
#4504 = PCURVE('',#4505,#4510);
#4505 = CYLINDRICAL_SURFACE('',#4506,8.75);
#4506 = AXIS2_PLACEMENT_3D('',#4507,#4508,#4509);
#4507 = CARTESIAN_POINT('',(-40.,0.,91.));
#4508 = DIRECTION('',(0.,0.,1.));
#4509 = DIRECTION('',(1.,0.,0.));
#4510 = DEFINITIONAL_REPRESENTATION('',(#4511),#4515);
#4511 = LINE('',#4512,#4513);
#4512 = CARTESIAN_POINT('',(0.,-2.5));
#4513 = VECTOR('',#4514,1.);
#4514 = DIRECTION('',(1.,0.));
#4515 = ( GEOMETRIC_REPRESENTATION_CONTEXT(2) 
PARAMETRIC_REPRESENTATION_CONTEXT() REPRESENTATION_CONTEXT('2D SPACE',''
  ) );
#4516 = ADVANCED_FACE('',(#4517,#4520),#2106,.T.);
#4517 = FACE_BOUND('',#4518,.T.);
#4518 = EDGE_LOOP('',(#4519));
#4519 = ORIENTED_EDGE('',*,*,#2091,.T.);
#4520 = FACE_BOUND('',#4521,.T.);
#4521 = EDGE_LOOP('',(#4522));
#4522 = ORIENTED_EDGE('',*,*,#4523,.F.);
#4523 = EDGE_CURVE('',#4524,#4524,#4526,.T.);
#4524 = VERTEX_POINT('',#4525);
#4525 = CARTESIAN_POINT('',(48.75,0.,88.5));
#4526 = SURFACE_CURVE('',#4527,(#4532,#4539),.PCURVE_S1.);
#4527 = CIRCLE('',#4528,8.75);
#4528 = AXIS2_PLACEMENT_3D('',#4529,#4530,#4531);
#4529 = CARTESIAN_POINT('',(40.,0.,88.5));
#4530 = DIRECTION('',(0.,0.,1.));
#4531 = DIRECTION('',(1.,0.,-0.));
#4532 = PCURVE('',#2106,#4533);
#4533 = DEFINITIONAL_REPRESENTATION('',(#4534),#4538);
#4534 = CIRCLE('',#4535,8.75);
#4535 = AXIS2_PLACEMENT_2D('',#4536,#4537);
#4536 = CARTESIAN_POINT('',(0.,-7.239919503095E-16));
#4537 = DIRECTION('',(1.,0.));
#4538 = ( GEOMETRIC_REPRESENTATION_CONTEXT(2) 
PARAMETRIC_REPRESENTATION_CONTEXT() REPRESENTATION_CONTEXT('2D SPACE',''
  ) );
#4539 = PCURVE('',#4296,#4540);
#4540 = DEFINITIONAL_REPRESENTATION('',(#4541),#4545);
#4541 = LINE('',#4542,#4543);
#4542 = CARTESIAN_POINT('',(0.,-2.5));
#4543 = VECTOR('',#4544,1.);
#4544 = DIRECTION('',(1.,0.));
#4545 = ( GEOMETRIC_REPRESENTATION_CONTEXT(2) 
PARAMETRIC_REPRESENTATION_CONTEXT() REPRESENTATION_CONTEXT('2D SPACE',''
  ) );
#4546 = ADVANCED_FACE('',(#4547),#2161,.F.);
#4547 = FACE_BOUND('',#4548,.F.);
#4548 = EDGE_LOOP('',(#4549));
#4549 = ORIENTED_EDGE('',*,*,#2146,.T.);
#4550 = ADVANCED_FACE('',(#4551),#2216,.F.);
#4551 = FACE_BOUND('',#4552,.F.);
#4552 = EDGE_LOOP('',(#4553));
#4553 = ORIENTED_EDGE('',*,*,#2201,.T.);
#4554 = ADVANCED_FACE('',(#4555),#2271,.F.);
#4555 = FACE_BOUND('',#4556,.F.);
#4556 = EDGE_LOOP('',(#4557));
#4557 = ORIENTED_EDGE('',*,*,#2256,.T.);
#4558 = ADVANCED_FACE('',(#4559),#2326,.F.);
#4559 = FACE_BOUND('',#4560,.F.);
#4560 = EDGE_LOOP('',(#4561));
#4561 = ORIENTED_EDGE('',*,*,#2311,.T.);
#4562 = ADVANCED_FACE('',(#4563,#4566),#2381,.F.);
#4563 = FACE_BOUND('',#4564,.F.);
#4564 = EDGE_LOOP('',(#4565));
#4565 = ORIENTED_EDGE('',*,*,#2366,.T.);
#4566 = FACE_BOUND('',#4567,.F.);
#4567 = EDGE_LOOP('',(#4568));
#4568 = ORIENTED_EDGE('',*,*,#4569,.T.);
#4569 = EDGE_CURVE('',#4570,#4570,#4572,.T.);
#4570 = VERTEX_POINT('',#4571);
#4571 = CARTESIAN_POINT('',(3.,18.,70.));
#4572 = SURFACE_CURVE('',#4573,(#4578,#4589),.PCURVE_S1.);
#4573 = CIRCLE('',#4574,3.);
#4574 = AXIS2_PLACEMENT_3D('',#4575,#4576,#4577);
#4575 = CARTESIAN_POINT('',(0.,18.,70.));
#4576 = DIRECTION('',(-0.,1.,0.));
#4577 = DIRECTION('',(1.,0.,0.));
#4578 = PCURVE('',#2381,#4579);
#4579 = DEFINITIONAL_REPRESENTATION('',(#4580),#4588);
#4580 = ( BOUNDED_CURVE() B_SPLINE_CURVE(2,(#4581,#4582,#4583,#4584,
#4585,#4586,#4587),.UNSPECIFIED.,.T.,.F.) B_SPLINE_CURVE_WITH_KNOTS((1,2
    ,2,2,2,1),(-2.094395102393,0.,2.094395102393,4.188790204786,
6.28318530718,8.377580409573),.UNSPECIFIED.) CURVE() 
GEOMETRIC_REPRESENTATION_ITEM() RATIONAL_B_SPLINE_CURVE((1.,0.5,1.,0.5,
1.,0.5,1.)) REPRESENTATION_ITEM('') );
#4581 = CARTESIAN_POINT('',(-1.42108547152E-14,3.));
#4582 = CARTESIAN_POINT('',(5.196152422707,3.));
#4583 = CARTESIAN_POINT('',(2.598076211353,-1.5));
#4584 = CARTESIAN_POINT('',(-1.347606663571E-14,-6.));
#4585 = CARTESIAN_POINT('',(-2.598076211353,-1.5));
#4586 = CARTESIAN_POINT('',(-5.196152422707,3.));
#4587 = CARTESIAN_POINT('',(-1.42108547152E-14,3.));
#4588 = ( GEOMETRIC_REPRESENTATION_CONTEXT(2) 
PARAMETRIC_REPRESENTATION_CONTEXT() REPRESENTATION_CONTEXT('2D SPACE',''
  ) );
#4589 = PCURVE('',#4590,#4595);
#4590 = CYLINDRICAL_SURFACE('',#4591,3.);
#4591 = AXIS2_PLACEMENT_3D('',#4592,#4593,#4594);
#4592 = CARTESIAN_POINT('',(0.,31.,70.));
#4593 = DIRECTION('',(-0.,1.,-0.));
#4594 = DIRECTION('',(1.,0.,0.));
#4595 = DEFINITIONAL_REPRESENTATION('',(#4596),#4600);
#4596 = LINE('',#4597,#4598);
#4597 = CARTESIAN_POINT('',(-6.28318530718,-13.));
#4598 = VECTOR('',#4599,1.);
#4599 = DIRECTION('',(1.,-0.));
#4600 = ( GEOMETRIC_REPRESENTATION_CONTEXT(2) 
PARAMETRIC_REPRESENTATION_CONTEXT() REPRESENTATION_CONTEXT('2D SPACE',''
  ) );
#4601 = ADVANCED_FACE('',(#4602,#4633),#2422,.T.);
#4602 = FACE_BOUND('',#4603,.T.);
#4603 = EDGE_LOOP('',(#4604));
#4604 = ORIENTED_EDGE('',*,*,#4605,.T.);
#4605 = EDGE_CURVE('',#4606,#4606,#4608,.T.);
#4606 = VERTEX_POINT('',#4607);
#4607 = CARTESIAN_POINT('',(46.35,0.,54.));
#4608 = SURFACE_CURVE('',#4609,(#4614,#4621),.PCURVE_S1.);
#4609 = CIRCLE('',#4610,6.35);
#4610 = AXIS2_PLACEMENT_3D('',#4611,#4612,#4613);
#4611 = CARTESIAN_POINT('',(40.,0.,54.));
#4612 = DIRECTION('',(0.,0.,1.));
#4613 = DIRECTION('',(1.,0.,0.));
#4614 = PCURVE('',#2422,#4615);
#4615 = DEFINITIONAL_REPRESENTATION('',(#4616),#4620);
#4616 = CIRCLE('',#4617,6.35);
#4617 = AXIS2_PLACEMENT_2D('',#4618,#4619);
#4618 = CARTESIAN_POINT('',(0.,4.387200305741E-17));
#4619 = DIRECTION('',(1.,0.));
#4620 = ( GEOMETRIC_REPRESENTATION_CONTEXT(2) 
PARAMETRIC_REPRESENTATION_CONTEXT() REPRESENTATION_CONTEXT('2D SPACE',''
  ) );
#4621 = PCURVE('',#4622,#4627);
#4622 = CYLINDRICAL_SURFACE('',#4623,6.35);
#4623 = AXIS2_PLACEMENT_3D('',#4624,#4625,#4626);
#4624 = CARTESIAN_POINT('',(40.,0.,91.));
#4625 = DIRECTION('',(0.,0.,1.));
#4626 = DIRECTION('',(1.,0.,0.));
#4627 = DEFINITIONAL_REPRESENTATION('',(#4628),#4632);
#4628 = LINE('',#4629,#4630);
#4629 = CARTESIAN_POINT('',(0.,-37.));
#4630 = VECTOR('',#4631,1.);
#4631 = DIRECTION('',(1.,0.));
#4632 = ( GEOMETRIC_REPRESENTATION_CONTEXT(2) 
PARAMETRIC_REPRESENTATION_CONTEXT() REPRESENTATION_CONTEXT('2D SPACE',''
  ) );
#4633 = FACE_BOUND('',#4634,.T.);
#4634 = EDGE_LOOP('',(#4635));
#4635 = ORIENTED_EDGE('',*,*,#2405,.F.);
#4636 = ADVANCED_FACE('',(#4637,#4663),#2477,.T.);
#4637 = FACE_BOUND('',#4638,.T.);
#4638 = EDGE_LOOP('',(#4639));
#4639 = ORIENTED_EDGE('',*,*,#4640,.T.);
#4640 = EDGE_CURVE('',#4641,#4641,#4643,.T.);
#4641 = VERTEX_POINT('',#4642);
#4642 = CARTESIAN_POINT('',(-33.65,0.,54.));
#4643 = SURFACE_CURVE('',#4644,(#4649,#4656),.PCURVE_S1.);
#4644 = CIRCLE('',#4645,6.35);
#4645 = AXIS2_PLACEMENT_3D('',#4646,#4647,#4648);
#4646 = CARTESIAN_POINT('',(-40.,0.,54.));
#4647 = DIRECTION('',(0.,0.,1.));
#4648 = DIRECTION('',(1.,0.,0.));
#4649 = PCURVE('',#2477,#4650);
#4650 = DEFINITIONAL_REPRESENTATION('',(#4651),#4655);
#4651 = CIRCLE('',#4652,6.35);
#4652 = AXIS2_PLACEMENT_2D('',#4653,#4654);
#4653 = CARTESIAN_POINT('',(0.,4.387200305741E-17));
#4654 = DIRECTION('',(1.,0.));
#4655 = ( GEOMETRIC_REPRESENTATION_CONTEXT(2) 
PARAMETRIC_REPRESENTATION_CONTEXT() REPRESENTATION_CONTEXT('2D SPACE',''
  ) );
#4656 = PCURVE('',#3739,#4657);
#4657 = DEFINITIONAL_REPRESENTATION('',(#4658),#4662);
#4658 = LINE('',#4659,#4660);
#4659 = CARTESIAN_POINT('',(0.,-37.));
#4660 = VECTOR('',#4661,1.);
#4661 = DIRECTION('',(1.,0.));
#4662 = ( GEOMETRIC_REPRESENTATION_CONTEXT(2) 
PARAMETRIC_REPRESENTATION_CONTEXT() REPRESENTATION_CONTEXT('2D SPACE',''
  ) );
#4663 = FACE_BOUND('',#4664,.T.);
#4664 = EDGE_LOOP('',(#4665));
#4665 = ORIENTED_EDGE('',*,*,#2460,.F.);
#4666 = ADVANCED_FACE('',(#4667,#6594),#3202,.F.);
#4667 = FACE_BOUND('',#4668,.T.);
#4668 = EDGE_LOOP('',(#4669,#4975,#4976,#4977,#5000,#5308,#5331,#5358,
    #5359,#5667,#5980,#6286,#6287,#6288));
#4669 = ORIENTED_EDGE('',*,*,#4670,.F.);
#4670 = EDGE_CURVE('',#3758,#3637,#4671,.T.);
#4671 = SURFACE_CURVE('',#4672,(#4771,#4873),.PCURVE_S1.);
#4672 = B_SPLINE_CURVE_WITH_KNOTS('',7,(#4673,#4674,#4675,#4676,#4677,
    #4678,#4679,#4680,#4681,#4682,#4683,#4684,#4685,#4686,#4687,#4688,
    #4689,#4690,#4691,#4692,#4693,#4694,#4695,#4696,#4697,#4698,#4699,
    #4700,#4701,#4702,#4703,#4704,#4705,#4706,#4707,#4708,#4709,#4710,
    #4711,#4712,#4713,#4714,#4715,#4716,#4717,#4718,#4719,#4720,#4721,
    #4722,#4723,#4724,#4725,#4726,#4727,#4728,#4729,#4730,#4731,#4732,
    #4733,#4734,#4735,#4736,#4737,#4738,#4739,#4740,#4741,#4742,#4743,
    #4744,#4745,#4746,#4747,#4748,#4749,#4750,#4751,#4752,#4753,#4754,
    #4755,#4756,#4757,#4758,#4759,#4760,#4761,#4762,#4763,#4764,#4765,
    #4766,#4767,#4768,#4769,#4770),.UNSPECIFIED.,.F.,.F.,(8,6,6,6,6,6,6,
    6,6,6,6,6,6,6,6,6,8),(0.,2.660431298379E-04,0.116650801532,
    0.140805835934,0.181826404443,0.226847243165,0.289448086141,
    0.383449806017,0.502616126917,0.564742319127,0.621528184568,
    0.746343208055,0.790560380493,0.86015872383,0.884148289421,
    0.999735779341,1.),.UNSPECIFIED.);
#4673 = CARTESIAN_POINT('',(-47.18070330817,-1.,62.));
#4674 = CARTESIAN_POINT('',(-47.18070330817,-1.,61.999122498484));
#4675 = CARTESIAN_POINT('',(-47.18070327689,-1.000000224586,
    61.998244996969));
#4676 = CARTESIAN_POINT('',(-47.18070321434,-1.000000673758,
    61.997367495491));
#4677 = CARTESIAN_POINT('',(-47.18070312051,-1.000001347516,
    61.996489994087));
#4678 = CARTESIAN_POINT('',(-47.1807029954,-1.000002245859,
    61.995612492797));
#4679 = CARTESIAN_POINT('',(-47.18070283902,-1.000003368789,
    61.994734991656));
#4680 = CARTESIAN_POINT('',(-47.18062055704,-1.000594208422,
    61.609980874451));
#4681 = CARTESIAN_POINT('',(-47.17455348047,-1.044164897719,
    61.22566077843));
#4682 = CARTESIAN_POINT('',(-47.16245302301,-1.130917218958,
    60.844158412609));
#4683 = CARTESIAN_POINT('',(-47.14254234385,-1.261769585092,
    60.469072793832));
#4684 = CARTESIAN_POINT('',(-47.11122858201,-1.43804892764,
    60.10489135796));
#4685 = CARTESIAN_POINT('',(-47.06271825992,-1.661073319694,
    59.757422755746));
#4686 = CARTESIAN_POINT('',(-46.97249981851,-1.987494471919,
    59.367043517497));
#4687 = CARTESIAN_POINT('',(-46.95587781758,-2.04558833645,
    59.301044996691));
#4688 = CARTESIAN_POINT('',(-46.93807275148,-2.105635618828,
    59.236250687753));
#4689 = CARTESIAN_POINT('',(-46.91901543739,-2.167592970538,
    59.172762180525));
#4690 = CARTESIAN_POINT('',(-46.89863509698,-2.231411489133,
    59.110675749036));
#4691 = CARTESIAN_POINT('',(-46.87685974048,-2.297037138488,
    59.050082420493));
#4692 = CARTESIAN_POINT('',(-46.81414449512,-2.478827111902,
    58.890848635696));
#4693 = CARTESIAN_POINT('',(-46.77039337833,-2.598419037168,
    58.795065951302));
#4694 = CARTESIAN_POINT('',(-46.72209735773,-2.722602862924,
    58.704436526994));
#4695 = CARTESIAN_POINT('',(-46.66903444425,-2.850719633718,
    58.619519699446));
#4696 = CARTESIAN_POINT('',(-46.61104433826,-2.982054968225,
    58.540726329012));
#4697 = CARTESIAN_POINT('',(-46.54804626554,-3.115858506902,
    58.468327522623));
#4698 = CARTESIAN_POINT('',(-46.40543712185,-3.400082461888,
    58.33017620659));
#4699 = CARTESIAN_POINT('',(-46.32502205255,-3.550417972166,
    58.265970725595));
#4700 = CARTESIAN_POINT('',(-46.23889119904,-3.701341074098,
    58.20994471065));
#4701 = CARTESIAN_POINT('',(-46.1472670079,-3.851812622457,
    58.162011064033));
#4702 = CARTESIAN_POINT('',(-46.05053847466,-4.000798737506,
    58.121914123649));
#4703 = CARTESIAN_POINT('',(-45.94928483976,-4.147286399337,
    58.089245993348));
#4704 = CARTESIAN_POINT('',(-45.69831834699,-4.489156110461,
    58.027611807358));
#4705 = CARTESIAN_POINT('',(-45.54516926707,-4.681229216344,
    58.005084299721));
#4706 = CARTESIAN_POINT('',(-45.38564599015,-4.86573438732,
    57.994073113957));
#4707 = CARTESIAN_POINT('',(-45.22059566002,-5.042111229134,
    57.992924877859));
#4708 = CARTESIAN_POINT('',(-45.05090147952,-5.209961168292,
    58.000105349037));
#4709 = CARTESIAN_POINT('',(-44.87747879837,-5.369010232401,
    58.014182247024));
#4710 = CARTESIAN_POINT('',(-44.43671013479,-5.744466415136,
    58.063322280675));
#4711 = CARTESIAN_POINT('',(-44.16473132772,-5.950609789581,
    58.105498168186));
#4712 = CARTESIAN_POINT('',(-43.88683416912,-6.138068769303,
    58.156236988588));
#4713 = CARTESIAN_POINT('',(-43.60407567654,-6.307604743172,
    58.212274404285));
#4714 = CARTESIAN_POINT('',(-43.31706338906,-6.460022919207,
    58.270910043038));
#4715 = CARTESIAN_POINT('',(-43.02598236239,-6.59602586758,
    58.329799675024));
#4716 = CARTESIAN_POINT('',(-42.35630029795,-6.868309112313,
    58.459122083845));
#4717 = CARTESIAN_POINT('',(-41.97363858196,-6.99552309637,
    58.528711705634));
#4718 = CARTESIAN_POINT('',(-41.58511688036,-7.097187008057,
    58.590684178882));
#4719 = CARTESIAN_POINT('',(-41.19262212409,-7.173358046322,
    58.640669388364));
#4720 = CARTESIAN_POINT('',(-40.79728582028,-7.224301507527,
    58.675327106499));
#4721 = CARTESIAN_POINT('',(-40.39962176684,-7.25,58.692810861169));
#4722 = CARTESIAN_POINT('',(-39.79166111271,-7.25,58.692810861169));
#4723 = CARTESIAN_POINT('',(-39.58344018725,-7.243015296522,
    58.688058921834));
#4724 = CARTESIAN_POINT('',(-39.37552557136,-7.229059997446,
    58.678564608788));
#4725 = CARTESIAN_POINT('',(-39.16811675954,-7.208144108498,
    58.66447074279));
#4726 = CARTESIAN_POINT('',(-38.96144420327,-7.180276641422,
    58.646053809891));
#4727 = CARTESIAN_POINT('',(-38.7557889804,-7.145481586457,
    58.62371395865));
#4728 = CARTESIAN_POINT('',(-38.36477601372,-7.065752534253,
    58.574409469081));
#4729 = CARTESIAN_POINT('',(-38.1791335753,-7.021935116694,
    58.547999676648));
#4730 = CARTESIAN_POINT('',(-37.99461529995,-6.972372870242,
    58.5190786159));
#4731 = CARTESIAN_POINT('',(-37.81128244682,-6.917046014971,
    58.488045240419));
#4732 = CARTESIAN_POINT('',(-37.62921757502,-6.855920817584,
    58.455338508408));
#4733 = CARTESIAN_POINT('',(-37.44852487622,-6.788953791802,
    58.421431842525));
#4734 = CARTESIAN_POINT('',(-36.87546225837,-6.555954645928,
    58.310767630237));
#4735 = CARTESIAN_POINT('',(-36.48082416722,-6.364096597963,
    58.22979230519));
#4736 = CARTESIAN_POINT('',(-36.08954449583,-6.138838336293,
    58.149439772209));
#4737 = CARTESIAN_POINT('',(-35.70611863425,-5.879097504631,
    58.077043065186));
#4738 = CARTESIAN_POINT('',(-35.33555981354,-5.584674139944,
    58.021325277558));
#4739 = CARTESIAN_POINT('',(-34.9833173559,-5.256602922325,
    57.992160029178));
#4740 = CARTESIAN_POINT('',(-34.53839292399,-4.771061367504,
    58.0045363387));
#4741 = CARTESIAN_POINT('',(-34.42436386207,-4.639553140425,
    58.012598092323));
#4742 = CARTESIAN_POINT('',(-34.31329354641,-4.503951604332,
    58.026090676461));
#4743 = CARTESIAN_POINT('',(-34.20569444528,-4.364699742287,
    58.045600536315));
#4744 = CARTESIAN_POINT('',(-34.101997368,-4.222283334769,
    58.071691010977));
#4745 = CARTESIAN_POINT('',(-34.0025572577,-4.077232760995,
    58.104899380774));
#4746 = CARTESIAN_POINT('',(-33.75828799836,-3.698575160214,
    58.210007945493));
#4747 = CARTESIAN_POINT('',(-33.62059135569,-3.462582668954,
    58.292994308568));
#4748 = CARTESIAN_POINT('',(-33.49682897652,-3.226419743307,
    58.395941398776));
#4749 = CARTESIAN_POINT('',(-33.38796571438,-2.99444790884,
    58.519016438564));
#4750 = CARTESIAN_POINT('',(-33.29391327292,-2.770954412973,
    58.661148050056));
#4751 = CARTESIAN_POINT('',(-33.21381641296,-2.559876188723,
    58.819855989543));
#4752 = CARTESIAN_POINT('',(-33.12314025951,-2.297037138488,
    59.050082420493));
#4753 = CARTESIAN_POINT('',(-33.10136490301,-2.231411489133,
    59.110675749036));
#4754 = CARTESIAN_POINT('',(-33.08098456261,-2.167592970538,
    59.172762180525));
#4755 = CARTESIAN_POINT('',(-33.06192724852,-2.105635618829,
    59.236250687753));
#4756 = CARTESIAN_POINT('',(-33.04412218241,-2.04558833645,
    59.301044996691));
#4757 = CARTESIAN_POINT('',(-33.02750018148,-1.987494471919,
    59.367043517497));
#4758 = CARTESIAN_POINT('',(-32.93728174007,-1.661073319693,
    59.757422755747));
#4759 = CARTESIAN_POINT('',(-32.88877141798,-1.438048927641,
    60.104891357958));
#4760 = CARTESIAN_POINT('',(-32.85745765613,-1.26176958509,
    60.469072793834));
#4761 = CARTESIAN_POINT('',(-32.83754697699,-1.13091721896,
    60.844158412607));
#4762 = CARTESIAN_POINT('',(-32.82544651952,-1.044164897719,
    61.225660778432));
#4763 = CARTESIAN_POINT('',(-32.81937944295,-1.000594208422,
    61.60998087445));
#4764 = CARTESIAN_POINT('',(-32.81929716097,-1.000003368789,
    61.994734991656));
#4765 = CARTESIAN_POINT('',(-32.81929700459,-1.000002245859,
    61.995612492797));
#4766 = CARTESIAN_POINT('',(-32.81929687948,-1.000001347516,
    61.996489994087));
#4767 = CARTESIAN_POINT('',(-32.81929678565,-1.000000673758,
    61.997367495491));
#4768 = CARTESIAN_POINT('',(-32.8192967231,-1.000000224586,
    61.998244996969));
#4769 = CARTESIAN_POINT('',(-32.81929669182,-1.,61.999122498484));
#4770 = CARTESIAN_POINT('',(-32.81929669182,-1.,62.));
#4771 = PCURVE('',#3202,#4772);
#4772 = DEFINITIONAL_REPRESENTATION('',(#4773),#4872);
#4773 = B_SPLINE_CURVE_WITH_KNOTS('',7,(#4774,#4775,#4776,#4777,#4778,
    #4779,#4780,#4781,#4782,#4783,#4784,#4785,#4786,#4787,#4788,#4789,
    #4790,#4791,#4792,#4793,#4794,#4795,#4796,#4797,#4798,#4799,#4800,
    #4801,#4802,#4803,#4804,#4805,#4806,#4807,#4808,#4809,#4810,#4811,
    #4812,#4813,#4814,#4815,#4816,#4817,#4818,#4819,#4820,#4821,#4822,
    #4823,#4824,#4825,#4826,#4827,#4828,#4829,#4830,#4831,#4832,#4833,
    #4834,#4835,#4836,#4837,#4838,#4839,#4840,#4841,#4842,#4843,#4844,
    #4845,#4846,#4847,#4848,#4849,#4850,#4851,#4852,#4853,#4854,#4855,
    #4856,#4857,#4858,#4859,#4860,#4861,#4862,#4863,#4864,#4865,#4866,
    #4867,#4868,#4869,#4870,#4871),.UNSPECIFIED.,.F.,.F.,(8,6,6,6,6,6,6,
    6,6,6,6,6,6,6,6,6,8),(0.,2.660431298379E-04,0.116650801532,
    0.140805835934,0.181826404443,0.226847243165,0.289448086141,
    0.383449806017,0.502616126917,0.564742319127,0.621528184568,
    0.746343208055,0.790560380493,0.86015872383,0.884148289421,
    0.999735779341,1.),.UNSPECIFIED.);
#4774 = CARTESIAN_POINT('',(-6.28318530718,-8.819296691827));
#4775 = CARTESIAN_POINT('',(-6.282965931801,-8.819296691827));
#4776 = CARTESIAN_POINT('',(-6.282746556422,-8.819296723104));
#4777 = CARTESIAN_POINT('',(-6.282527181035,-8.819296785656));
#4778 = CARTESIAN_POINT('',(-6.282307805632,-8.819296879485));
#4779 = CARTESIAN_POINT('',(-6.282088430206,-8.819297004591));
#4780 = CARTESIAN_POINT('',(-6.281869054749,-8.819297160973));
#4781 = CARTESIAN_POINT('',(-6.185680412034,-8.819379442951));
#4782 = CARTESIAN_POINT('',(-6.089583753059,-8.825446519531));
#4783 = CARTESIAN_POINT('',(-5.992731414005,-8.837546976986));
#4784 = CARTESIAN_POINT('',(-5.894561161767,-8.857457656147));
#4785 = CARTESIAN_POINT('',(-5.794536393355,-8.888771417983));
#4786 = CARTESIAN_POINT('',(-5.692130479874,-8.937281740077));
#4787 = CARTESIAN_POINT('',(-5.564913460996,-9.027500181487));
#4788 = CARTESIAN_POINT('',(-5.542939437893,-9.044122182413));
#4789 = CARTESIAN_POINT('',(-5.520866027408,-9.06192724852));
#4790 = CARTESIAN_POINT('',(-5.498701833746,-9.08098456261));
#4791 = CARTESIAN_POINT('',(-5.476454757413,-9.101364903011));
#4792 = CARTESIAN_POINT('',(-5.454132117402,-9.123140259517));
#4793 = CARTESIAN_POINT('',(-5.393715339592,-9.185855504874));
#4794 = CARTESIAN_POINT('',(-5.355447488235,-9.22960662167));
#4795 = CARTESIAN_POINT('',(-5.317074770151,-9.277902642264));
#4796 = CARTESIAN_POINT('',(-5.278718934739,-9.330965555741));
#4797 = CARTESIAN_POINT('',(-5.24049037629,-9.388955661735));
#4798 = CARTESIAN_POINT('',(-5.202492580315,-9.451953734456));
#4799 = CARTESIAN_POINT('',(-5.123487421184,-9.594562878142));
#4800 = CARTESIAN_POINT('',(-5.082668287109,-9.674977947447));
#4801 = CARTESIAN_POINT('',(-5.04249496528,-9.761108800958));
#4802 = CARTESIAN_POINT('',(-5.00309028631,-9.852732992092));
#4803 = CARTESIAN_POINT('',(-4.964578239244,-9.949461525338));
#4804 = CARTESIAN_POINT('',(-4.927088096996,-10.05071516023));
#4805 = CARTESIAN_POINT('',(-4.840242806297,-10.301681653));
#4806 = CARTESIAN_POINT('',(-4.79198706495,-10.45483073292));
#4807 = CARTESIAN_POINT('',(-4.745893896377,-10.61435400984));
#4808 = CARTESIAN_POINT('',(-4.701901049573,-10.77940433997));
#4809 = CARTESIAN_POINT('',(-4.659972162812,-10.94909852047));
#4810 = CARTESIAN_POINT('',(-4.620089376313,-11.12252120162));
#4811 = CARTESIAN_POINT('',(-4.525424807947,-11.5632898652));
#4812 = CARTESIAN_POINT('',(-4.47295608138,-11.83526867228));
#4813 = CARTESIAN_POINT('',(-4.424543207438,-12.11316583087));
#4814 = CARTESIAN_POINT('',(-4.380004773847,-12.39592432346));
#4815 = CARTESIAN_POINT('',(-4.339237479534,-12.68293661093));
#4816 = CARTESIAN_POINT('',(-4.302208193414,-12.9740176376));
#4817 = CARTESIAN_POINT('',(-4.226849695724,-13.64369970204));
#4818 = CARTESIAN_POINT('',(-4.190657909621,-14.02636141803));
#4819 = CARTESIAN_POINT('',(-4.160930841554,-14.41488311963));
#4820 = CARTESIAN_POINT('',(-4.138156697614,-14.8073778759));
#4821 = CARTESIAN_POINT('',(-4.122753094688,-15.20271417971));
#4822 = CARTESIAN_POINT('',(-4.114982563739,-15.60037823315));
#4823 = CARTESIAN_POINT('',(-4.114982563739,-16.20833888728));
#4824 = CARTESIAN_POINT('',(-4.117094528557,-16.41655981274));
#4825 = CARTESIAN_POINT('',(-4.121314251369,-16.62447442863));
#4826 = CARTESIAN_POINT('',(-4.127619459728,-16.83188324045));
#4827 = CARTESIAN_POINT('',(-4.135969530173,-17.03855579672));
#4828 = CARTESIAN_POINT('',(-4.146305363436,-17.24421101959));
#4829 = CARTESIAN_POINT('',(-4.16974098597,-17.63522398627));
#4830 = CARTESIAN_POINT('',(-4.182530376023,-17.82086642469));
#4831 = CARTESIAN_POINT('',(-4.196873812743,-18.00538470004));
#4832 = CARTESIAN_POINT('',(-4.21272820164,-18.18871755318));
#4833 = CARTESIAN_POINT('',(-4.230053065492,-18.37078242498));
#4834 = CARTESIAN_POINT('',(-4.248812478426,-18.55147512377));
#4835 = CARTESIAN_POINT('',(-4.313298508822,-19.12453774162));
#4836 = CARTESIAN_POINT('',(-4.365309201915,-19.51917583277));
#4837 = CARTESIAN_POINT('',(-4.42494031926,-19.91045550416));
#4838 = CARTESIAN_POINT('',(-4.492004096136,-20.29388136574));
#4839 = CARTESIAN_POINT('',(-4.566406117952,-20.66444018645));
#4840 = CARTESIAN_POINT('',(-4.648211894743,-21.01668264409));
#4841 = CARTESIAN_POINT('',(-4.769636710601,-21.461607076));
#4842 = CARTESIAN_POINT('',(-4.802554440918,-21.57563613792));
#4843 = CARTESIAN_POINT('',(-4.836582118591,-21.68670645358));
#4844 = CARTESIAN_POINT('',(-4.871682238361,-21.79430555471));
#4845 = CARTESIAN_POINT('',(-4.907824548889,-21.89800263199));
#4846 = CARTESIAN_POINT('',(-4.944986575501,-21.99744274229));
#4847 = CARTESIAN_POINT('',(-5.04323033771,-22.24171200163));
#4848 = CARTESIAN_POINT('',(-5.105627904133,-22.3794086443));
#4849 = CARTESIAN_POINT('',(-5.169755873298,-22.50317102347));
#4850 = CARTESIAN_POINT('',(-5.235050841765,-22.61203428562));
#4851 = CARTESIAN_POINT('',(-5.300941196953,-22.70608672707));
#4852 = CARTESIAN_POINT('',(-5.366779178185,-22.78618358703));
#4853 = CARTESIAN_POINT('',(-5.454132117402,-22.87685974048));
#4854 = CARTESIAN_POINT('',(-5.476454757413,-22.89863509698));
#4855 = CARTESIAN_POINT('',(-5.498701833746,-22.91901543739));
#4856 = CARTESIAN_POINT('',(-5.520866027408,-22.93807275148));
#4857 = CARTESIAN_POINT('',(-5.542939437893,-22.95587781758));
#4858 = CARTESIAN_POINT('',(-5.564913460996,-22.97249981851));
#4859 = CARTESIAN_POINT('',(-5.692130479874,-23.06271825992));
#4860 = CARTESIAN_POINT('',(-5.794536393355,-23.11122858201));
#4861 = CARTESIAN_POINT('',(-5.894561161768,-23.14254234385));
#4862 = CARTESIAN_POINT('',(-5.992731414004,-23.16245302301));
#4863 = CARTESIAN_POINT('',(-6.089583753059,-23.17455348047));
#4864 = CARTESIAN_POINT('',(-6.185680412034,-23.18062055704));
#4865 = CARTESIAN_POINT('',(-6.281869054749,-23.18070283902));
#4866 = CARTESIAN_POINT('',(-6.282088430206,-23.1807029954));
#4867 = CARTESIAN_POINT('',(-6.282307805632,-23.18070312051));
#4868 = CARTESIAN_POINT('',(-6.282527181035,-23.18070321434));
#4869 = CARTESIAN_POINT('',(-6.282746556422,-23.18070327689));
#4870 = CARTESIAN_POINT('',(-6.282965931801,-23.18070330817));
#4871 = CARTESIAN_POINT('',(-6.28318530718,-23.18070330817));
#4872 = ( GEOMETRIC_REPRESENTATION_CONTEXT(2) 
PARAMETRIC_REPRESENTATION_CONTEXT() REPRESENTATION_CONTEXT('2D SPACE',''
  ) );
#4873 = PCURVE('',#3704,#4874);
#4874 = DEFINITIONAL_REPRESENTATION('',(#4875),#4974);
#4875 = B_SPLINE_CURVE_WITH_KNOTS('',7,(#4876,#4877,#4878,#4879,#4880,
    #4881,#4882,#4883,#4884,#4885,#4886,#4887,#4888,#4889,#4890,#4891,
    #4892,#4893,#4894,#4895,#4896,#4897,#4898,#4899,#4900,#4901,#4902,
    #4903,#4904,#4905,#4906,#4907,#4908,#4909,#4910,#4911,#4912,#4913,
    #4914,#4915,#4916,#4917,#4918,#4919,#4920,#4921,#4922,#4923,#4924,
    #4925,#4926,#4927,#4928,#4929,#4930,#4931,#4932,#4933,#4934,#4935,
    #4936,#4937,#4938,#4939,#4940,#4941,#4942,#4943,#4944,#4945,#4946,
    #4947,#4948,#4949,#4950,#4951,#4952,#4953,#4954,#4955,#4956,#4957,
    #4958,#4959,#4960,#4961,#4962,#4963,#4964,#4965,#4966,#4967,#4968,
    #4969,#4970,#4971,#4972,#4973),.UNSPECIFIED.,.F.,.F.,(8,6,6,6,6,6,6,
    6,6,6,6,6,6,6,6,6,8),(0.,2.660431298379E-04,0.116650801532,
    0.140805835934,0.181826404443,0.226847243165,0.289448086141,
    0.383449806017,0.502616126917,0.564742319127,0.621528184568,
    0.746343208055,0.790560380493,0.86015872383,0.884148289421,
    0.999735779341,1.),.UNSPECIFIED.);
#4876 = CARTESIAN_POINT('',(3.279964830975,-29.));
#4877 = CARTESIAN_POINT('',(3.279964830975,-29.00087750151));
#4878 = CARTESIAN_POINT('',(3.279964862251,-29.00175500303));
#4879 = CARTESIAN_POINT('',(3.279964924804,-29.0026325045));
#4880 = CARTESIAN_POINT('',(3.279965018633,-29.00351000591));
#4881 = CARTESIAN_POINT('',(3.279965143738,-29.0043875072));
#4882 = CARTESIAN_POINT('',(3.27996530012,-29.00526500834));
#4883 = CARTESIAN_POINT('',(3.28004758171,-29.39001912554));
#4884 = CARTESIAN_POINT('',(3.28611522744,-29.77433922157));
#4885 = CARTESIAN_POINT('',(3.298197358353,-30.15584158739));
#4886 = CARTESIAN_POINT('',(3.316451052364,-30.53092720616));
#4887 = CARTESIAN_POINT('',(3.341131483904,-30.89510864204));
#4888 = CARTESIAN_POINT('',(3.37256439388,-31.24257724425));
#4889 = CARTESIAN_POINT('',(3.419276024381,-31.6329564825));
#4890 = CARTESIAN_POINT('',(3.427610176457,-31.6989550033));
#4891 = CARTESIAN_POINT('',(3.436248344985,-31.76374931224));
#4892 = CARTESIAN_POINT('',(3.445188444443,-31.82723781947));
#4893 = CARTESIAN_POINT('',(3.454428049422,-31.88932425096));
#4894 = CARTESIAN_POINT('',(3.463964485533,-31.9499175795));
#4895 = CARTESIAN_POINT('',(3.490489163719,-32.1091513643));
#4896 = CARTESIAN_POINT('',(3.50805085038,-32.20493404869));
#4897 = CARTESIAN_POINT('',(3.526423134514,-32.295563473));
#4898 = CARTESIAN_POINT('',(3.545541532813,-32.38048030055));
#4899 = CARTESIAN_POINT('',(3.565335097358,-32.45927367098));
#4900 = CARTESIAN_POINT('',(3.585727588527,-32.53167247737));
#4901 = CARTESIAN_POINT('',(3.629588925422,-32.66982379341));
#4902 = CARTESIAN_POINT('',(3.653097057737,-32.7340292744));
#4903 = CARTESIAN_POINT('',(3.67705066214,-32.79005528935));
#4904 = CARTESIAN_POINT('',(3.701332398255,-32.83798893596));
#4905 = CARTESIAN_POINT('',(3.725817163987,-32.87808587635));
#4906 = CARTESIAN_POINT('',(3.750369291487,-32.91075400665));
#4907 = CARTESIAN_POINT('',(3.808865561865,-32.97238819264));
#4908 = CARTESIAN_POINT('',(3.842722158351,-32.99491570027));
#4909 = CARTESIAN_POINT('',(3.876321979759,-33.00592688604));
#4910 = CARTESIAN_POINT('',(3.909594844308,-33.00707512214));
#4911 = CARTESIAN_POINT('',(3.942478838046,-32.99989465096));
#4912 = CARTESIAN_POINT('',(3.974913950057,-32.98581775297));
#4913 = CARTESIAN_POINT('',(4.05477641923,-32.93667771932));
#4914 = CARTESIAN_POINT('',(4.101772180203,-32.89450183181));
#4915 = CARTESIAN_POINT('',(4.147898252661,-32.84376301141));
#4916 = CARTESIAN_POINT('',(4.193259489371,-32.78772559571));
#4917 = CARTESIAN_POINT('',(4.237989269837,-32.72908995696));
#4918 = CARTESIAN_POINT('',(4.28224716653,-32.67020032497));
#4919 = CARTESIAN_POINT('',(4.38196016565,-32.54087791615));
#4920 = CARTESIAN_POINT('',(4.437463096527,-32.47128829436));
#4921 = CARTESIAN_POINT('',(4.492670241204,-32.40931582111));
#4922 = CARTESIAN_POINT('',(4.547615791664,-32.35933061163));
#4923 = CARTESIAN_POINT('',(4.602418534153,-32.3246728935));
#4924 = CARTESIAN_POINT('',(4.657268736682,-32.30718913883));
#4925 = CARTESIAN_POINT('',(4.741125378631,-32.30718913883));
#4926 = CARTESIAN_POINT('',(4.769845500567,-32.31194107816));
#4927 = CARTESIAN_POINT('',(4.798562157602,-32.32143539121));
#4928 = CARTESIAN_POINT('',(4.82728632112,-32.33552925721));
#4929 = CARTESIAN_POINT('',(4.856024960775,-32.3539461901));
#4930 = CARTESIAN_POINT('',(4.884778146717,-32.37628604135));
#4931 = CARTESIAN_POINT('',(4.939820728763,-32.42559053091));
#4932 = CARTESIAN_POINT('',(4.966117834958,-32.45200032335));
#4933 = CARTESIAN_POINT('',(4.992450959452,-32.4809213841));
#4934 = CARTESIAN_POINT('',(5.018842199526,-32.51195475958));
#4935 = CARTESIAN_POINT('',(5.045311820455,-32.54466149159));
#4936 = CARTESIAN_POINT('',(5.071878551363,-32.57856815747));
#4937 = CARTESIAN_POINT('',(5.1572052987,-32.68923236976));
#4938 = CARTESIAN_POINT('',(5.217596857681,-32.77020769481));
#4939 = CARTESIAN_POINT('',(5.279623558069,-32.85056022779));
#4940 = CARTESIAN_POINT('',(5.343186332383,-32.92295693481));
#4941 = CARTESIAN_POINT('',(5.408150908898,-32.97867472244));
#4942 = CARTESIAN_POINT('',(5.474337266918,-33.00783997082));
#4943 = CARTESIAN_POINT('',(5.565173870201,-32.9954636613));
#4944 = CARTESIAN_POINT('',(5.58917316427,-32.98740190767));
#4945 = CARTESIAN_POINT('',(5.613334931862,-32.97390932353));
#4946 = CARTESIAN_POINT('',(5.637590229727,-32.95439946368));
#4947 = CARTESIAN_POINT('',(5.661873693975,-32.92830898902));
#4948 = CARTESIAN_POINT('',(5.686121210845,-32.89510061922));
#4949 = CARTESIAN_POINT('',(5.748274264949,-32.7899920545));
#4950 = CARTESIAN_POINT('',(5.785923051148,-32.70700569143));
#4951 = CARTESIAN_POINT('',(5.822639159133,-32.60405860122));
#4952 = CARTESIAN_POINT('',(5.857927715047,-32.48098356143));
#4953 = CARTESIAN_POINT('',(5.891337601602,-32.33885194994));
#4954 = CARTESIAN_POINT('',(5.922463058592,-32.18014401045));
#4955 = CARTESIAN_POINT('',(5.960813475236,-31.9499175795));
#4956 = CARTESIAN_POINT('',(5.970349911347,-31.88932425096));
#4957 = CARTESIAN_POINT('',(5.979589516326,-31.82723781947));
#4958 = CARTESIAN_POINT('',(5.988529615785,-31.76374931224));
#4959 = CARTESIAN_POINT('',(5.997167784313,-31.6989550033));
#4960 = CARTESIAN_POINT('',(6.005501936388,-31.6329564825));
#4961 = CARTESIAN_POINT('',(6.05221356689,-31.24257724425));
#4962 = CARTESIAN_POINT('',(6.083646476865,-30.89510864204));
#4963 = CARTESIAN_POINT('',(6.108326908405,-30.53092720616));
#4964 = CARTESIAN_POINT('',(6.126580602416,-30.15584158739));
#4965 = CARTESIAN_POINT('',(6.13866273333,-29.77433922156));
#4966 = CARTESIAN_POINT('',(6.14473037906,-29.39001912555));
#4967 = CARTESIAN_POINT('',(6.14481266065,-29.00526500834));
#4968 = CARTESIAN_POINT('',(6.144812817031,-29.0043875072));
#4969 = CARTESIAN_POINT('',(6.144812942137,-29.00351000591));
#4970 = CARTESIAN_POINT('',(6.144813035966,-29.0026325045));
#4971 = CARTESIAN_POINT('',(6.144813098518,-29.00175500303));
#4972 = CARTESIAN_POINT('',(6.144813129794,-29.00087750151));
#4973 = CARTESIAN_POINT('',(6.144813129794,-29.));
#4974 = ( GEOMETRIC_REPRESENTATION_CONTEXT(2) 
PARAMETRIC_REPRESENTATION_CONTEXT() REPRESENTATION_CONTEXT('2D SPACE',''
  ) );
#4975 = ORIENTED_EDGE('',*,*,#3778,.T.);
#4976 = ORIENTED_EDGE('',*,*,#3008,.F.);
#4977 = ORIENTED_EDGE('',*,*,#4978,.T.);
#4978 = EDGE_CURVE('',#3009,#4979,#4981,.T.);
#4979 = VERTEX_POINT('',#4980);
#4980 = CARTESIAN_POINT('',(32.819296691827,-1.,62.));
#4981 = SEAM_CURVE('',#4982,(#4986,#4993),.PCURVE_S1.);
#4982 = LINE('',#4983,#4984);
#4983 = CARTESIAN_POINT('',(-56.,-1.,62.));
#4984 = VECTOR('',#4985,1.);
#4985 = DIRECTION('',(1.,0.,0.));
#4986 = PCURVE('',#3202,#4987);
#4987 = DEFINITIONAL_REPRESENTATION('',(#4988),#4992);
#4988 = LINE('',#4989,#4990);
#4989 = CARTESIAN_POINT('',(-6.28318530718,0.));
#4990 = VECTOR('',#4991,1.);
#4991 = DIRECTION('',(-0.,-1.));
#4992 = ( GEOMETRIC_REPRESENTATION_CONTEXT(2) 
PARAMETRIC_REPRESENTATION_CONTEXT() REPRESENTATION_CONTEXT('2D SPACE',''
  ) );
#4993 = PCURVE('',#3202,#4994);
#4994 = DEFINITIONAL_REPRESENTATION('',(#4995),#4999);
#4995 = LINE('',#4996,#4997);
#4996 = CARTESIAN_POINT('',(-0.,0.));
#4997 = VECTOR('',#4998,1.);
#4998 = DIRECTION('',(-0.,-1.));
#4999 = ( GEOMETRIC_REPRESENTATION_CONTEXT(2) 
PARAMETRIC_REPRESENTATION_CONTEXT() REPRESENTATION_CONTEXT('2D SPACE',''
  ) );
#5000 = ORIENTED_EDGE('',*,*,#5001,.F.);
#5001 = EDGE_CURVE('',#5002,#4979,#5004,.T.);
#5002 = VERTEX_POINT('',#5003);
#5003 = CARTESIAN_POINT('',(47.180703308173,-1.,62.));
#5004 = SURFACE_CURVE('',#5005,(#5104,#5206),.PCURVE_S1.);
#5005 = B_SPLINE_CURVE_WITH_KNOTS('',7,(#5006,#5007,#5008,#5009,#5010,
    #5011,#5012,#5013,#5014,#5015,#5016,#5017,#5018,#5019,#5020,#5021,
    #5022,#5023,#5024,#5025,#5026,#5027,#5028,#5029,#5030,#5031,#5032,
    #5033,#5034,#5035,#5036,#5037,#5038,#5039,#5040,#5041,#5042,#5043,
    #5044,#5045,#5046,#5047,#5048,#5049,#5050,#5051,#5052,#5053,#5054,
    #5055,#5056,#5057,#5058,#5059,#5060,#5061,#5062,#5063,#5064,#5065,
    #5066,#5067,#5068,#5069,#5070,#5071,#5072,#5073,#5074,#5075,#5076,
    #5077,#5078,#5079,#5080,#5081,#5082,#5083,#5084,#5085,#5086,#5087,
    #5088,#5089,#5090,#5091,#5092,#5093,#5094,#5095,#5096,#5097,#5098,
    #5099,#5100,#5101,#5102,#5103),.UNSPECIFIED.,.F.,.F.,(8,6,6,6,6,6,6,
    6,6,6,6,6,6,6,6,6,8),(0.,0.115114323729,0.139798682117,
    0.179128898046,0.225260830063,0.287236436993,0.380941063954,
    0.436312912837,0.498790537273,0.616778624789,0.710873368816,
    0.745547000642,0.787281072244,0.81960373144,0.859212216018,
    0.884071220868,1.),.UNSPECIFIED.);
#5006 = CARTESIAN_POINT('',(47.180703308173,-1.,62.));
#5007 = CARTESIAN_POINT('',(47.180703308173,-1.,62.382875405003));
#5008 = CARTESIAN_POINT('',(47.174749688306,-1.042756466083,
    62.766232180826));
#5009 = CARTESIAN_POINT('',(47.162810266972,-1.128462932173,
    63.146824954135));
#5010 = CARTESIAN_POINT('',(47.14314293691,-1.258017620234,
    63.521090665552));
#5011 = CARTESIAN_POINT('',(47.112211326578,-1.432731483106,
    63.884601215423));
#5012 = CARTESIAN_POINT('',(47.064307205643,-1.653923770117,
    64.23162991479));
#5013 = CARTESIAN_POINT('',(46.974729528702,-1.979698712072,
    64.624098172427));
#5014 = CARTESIAN_POINT('',(46.957736526779,-2.039338516923,
    64.692243565295));
#5015 = CARTESIAN_POINT('',(46.939493968522,-2.101055755839,
    64.759118857421));
#5016 = CARTESIAN_POINT('',(46.919926218385,-2.164803656245,
    64.824612969249));
#5017 = CARTESIAN_POINT('',(46.898955798049,-2.230529199015,
    64.888620741529));
#5018 = CARTESIAN_POINT('',(46.87650382703,-2.298173600095,
    64.951042856837));
#5019 = CARTESIAN_POINT('',(46.814229360184,-2.478407622121,
    65.108568975092));
#5020 = CARTESIAN_POINT('',(46.771966697636,-2.593960998371,
    65.201185213535));
#5021 = CARTESIAN_POINT('',(46.725461153674,-2.713810227628,
    65.288995929124));
#5022 = CARTESIAN_POINT('',(46.674510907727,-2.837364127382,
    65.371495960878));
#5023 = CARTESIAN_POINT('',(46.618967528276,-2.963981874202,
    65.448307940591));
#5024 = CARTESIAN_POINT('',(46.558749860519,-3.09299185207,
    65.519176699299));
#5025 = CARTESIAN_POINT('',(46.417743639204,-3.377035461447,
    65.659954822797));
#5026 = CARTESIAN_POINT('',(46.335426767227,-3.53225089096,
    65.727350301743));
#5027 = CARTESIAN_POINT('',(46.246978574749,-3.688219134929,
    65.786013192398));
#5028 = CARTESIAN_POINT('',(46.152632092951,-3.843788135893,
    65.836020966066));
#5029 = CARTESIAN_POINT('',(46.052810349683,-3.997810216768,
    65.877646049581));
#5030 = CARTESIAN_POINT('',(45.948154611604,-4.149160864357,
    65.911336391353));
#5031 = CARTESIAN_POINT('',(45.693652082876,-4.495045151657,
    65.973108687835));
#5032 = CARTESIAN_POINT('',(45.540637030443,-4.686545993724,
    65.995288592146));
#5033 = CARTESIAN_POINT('',(45.381297150771,-4.870488884608,
    66.006032835216));
#5034 = CARTESIAN_POINT('',(45.216473190374,-5.046324011228,
    66.006984466824));
#5035 = CARTESIAN_POINT('',(45.047039890518,-5.213661759834,
    65.999667039021));
#5036 = CARTESIAN_POINT('',(44.873901927975,-5.372235742248,
    65.985501825888));
#5037 = CARTESIAN_POINT('',(44.432050554784,-5.748161199192,
    65.936031012581));
#5038 = CARTESIAN_POINT('',(44.158633956031,-5.95502144603,
    65.893487078705));
#5039 = CARTESIAN_POINT('',(43.879256463912,-6.143024099261,
    65.842346635996));
#5040 = CARTESIAN_POINT('',(43.59498459195,-6.312942984806,
    65.785913212864));
#5041 = CARTESIAN_POINT('',(43.306428902849,-6.465593723569,
    65.72691870081));
#5042 = CARTESIAN_POINT('',(43.013772385275,-6.601684985266,
    65.6677355415));
#5043 = CARTESIAN_POINT('',(42.541386985783,-6.792618615096,
    65.57668724888));
#5044 = CARTESIAN_POINT('',(42.364498721377,-6.857898798136,
    65.543563401348));
#5045 = CARTESIAN_POINT('',(42.186298790762,-6.917585855652,
    65.5116035793));
#5046 = CARTESIAN_POINT('',(42.006884348658,-6.97172022489,
    65.481250699112));
#5047 = CARTESIAN_POINT('',(41.826332698423,-7.020333356604,
    65.45291603941));
#5048 = CARTESIAN_POINT('',(41.644701591823,-7.063443939211,
    65.426974264535));
#5049 = CARTESIAN_POINT('',(41.255915469439,-7.143490757821,
    65.37756338511));
#5050 = CARTESIAN_POINT('',(41.048355270438,-7.178949482085,
    65.35482316388));
#5051 = CARTESIAN_POINT('',(40.839729700593,-7.207350969641,
    65.336063756078));
#5052 = CARTESIAN_POINT('',(40.630344106578,-7.228666321545,
    65.321703220855));
#5053 = CARTESIAN_POINT('',(40.420449821016,-7.242885488506,
    65.312029394949));
#5054 = CARTESIAN_POINT('',(40.210265729988,-7.25,65.307189138831));
#5055 = CARTESIAN_POINT('',(39.602916218796,-7.25,65.307189138831));
#5056 = CARTESIAN_POINT('',(39.20737748504,-7.224626907192,
    65.324451485721));
#5057 = CARTESIAN_POINT('',(38.81389192367,-7.174236346647,
    65.358733025657));
#5058 = CARTESIAN_POINT('',(38.423113259499,-7.098815888952,
    65.408254319629));
#5059 = CARTESIAN_POINT('',(38.036306210089,-6.998125033974,
    65.469707783527));
#5060 = CARTESIAN_POINT('',(37.655477849801,-6.872189486008,
    65.538743215944));
#5061 = CARTESIAN_POINT('',(36.986227614769,-6.601684985284,
    65.667735541491));
#5062 = CARTESIAN_POINT('',(36.693571097087,-6.465593723543,
    65.726918700823));
#5063 = CARTESIAN_POINT('',(36.405015408044,-6.312942984799,
    65.785913212864));
#5064 = CARTESIAN_POINT('',(36.120743536132,-6.143024099281,
    65.842346635987));
#5065 = CARTESIAN_POINT('',(35.841366043968,-5.955021446037,
    65.893487078707));
#5066 = CARTESIAN_POINT('',(35.5679494452,-5.748161199178,
    65.936031012583));
#5067 = CARTESIAN_POINT('',(35.203994501807,-5.438509726526,
    65.976780341767));
#5068 = CARTESIAN_POINT('',(35.106971990461,-5.352465184933,
    65.986022972145));
#5069 = CARTESIAN_POINT('',(35.011035512985,-5.263750711051,
    65.99332104475));
#5070 = CARTESIAN_POINT('',(34.91629753101,-5.172369279346,
    65.998446446145));
#5071 = CARTESIAN_POINT('',(34.822876138918,-5.078334286553,
    66.001156048602));
#5072 = CARTESIAN_POINT('',(34.730894148512,-4.981671344922,
    66.001190247164));
#5073 = CARTESIAN_POINT('',(34.531651189926,-4.762958704719,
    65.99475841387));
#5074 = CARTESIAN_POINT('',(34.424953077738,-4.63959410577,
    65.986963067164));
#5075 = CARTESIAN_POINT('',(34.320860410753,-4.512647762368,
    65.974388139613));
#5076 = CARTESIAN_POINT('',(34.219788770896,-4.38247782586,
    65.956551208645));
#5077 = CARTESIAN_POINT('',(34.122094102421,-4.24947720432,
    65.932986154457));
#5078 = CARTESIAN_POINT('',(34.028074065949,-4.114071651699,
    65.903244568383));
#5079 = CARTESIAN_POINT('',(33.868184141763,-3.870338591143,
    65.838746424746));
#5080 = CARTESIAN_POINT('',(33.80079716595,-3.762866717746,
    65.806653302472));
#5081 = CARTESIAN_POINT('',(33.736043530692,-3.654713729861,
    65.77047947133));
#5082 = CARTESIAN_POINT('',(33.674100926356,-3.546300454419,
    65.730135001285));
#5083 = CARTESIAN_POINT('',(33.615093787687,-3.43805054367,
    65.685581180149));
#5084 = CARTESIAN_POINT('',(33.559097413432,-3.330383966661,
    65.636833338358));
#5085 = CARTESIAN_POINT('',(33.441250139482,-3.09299185207,
    65.519176699299));
#5086 = CARTESIAN_POINT('',(33.381032471724,-2.963981874202,
    65.448307940591));
#5087 = CARTESIAN_POINT('',(33.325489092273,-2.837364127382,
    65.371495960878));
#5088 = CARTESIAN_POINT('',(33.274538846326,-2.713810227628,
    65.288995929124));
#5089 = CARTESIAN_POINT('',(33.228033302364,-2.593960998371,
    65.201185213535));
#5090 = CARTESIAN_POINT('',(33.185770639816,-2.478407622121,
    65.108568975092));
#5091 = CARTESIAN_POINT('',(33.123496172971,-2.298173600099,
    64.95104285684));
#5092 = CARTESIAN_POINT('',(33.101044201951,-2.230529199015,
    64.88862074153));
#5093 = CARTESIAN_POINT('',(33.080073781614,-2.164803656242,
    64.824612969246));
#5094 = CARTESIAN_POINT('',(33.060506031477,-2.101055755837,
    64.759118857418));
#5095 = CARTESIAN_POINT('',(33.042263473221,-2.039338516924,
    64.692243565295));
#5096 = CARTESIAN_POINT('',(33.025270471299,-1.979698712076,
    64.624098172431));
#5097 = CARTESIAN_POINT('',(32.935692794357,-1.653923770117,
    64.23162991479));
#5098 = CARTESIAN_POINT('',(32.887788673422,-1.432731483106,
    63.884601215422));
#5099 = CARTESIAN_POINT('',(32.856857063091,-1.258017620234,
    63.521090665553));
#5100 = CARTESIAN_POINT('',(32.837189733027,-1.128462932174,
    63.146824954134));
#5101 = CARTESIAN_POINT('',(32.825250311694,-1.042756466082,
    62.766232180826));
#5102 = CARTESIAN_POINT('',(32.819296691827,-1.,62.382875405003));
#5103 = CARTESIAN_POINT('',(32.819296691827,-1.,62.));
#5104 = PCURVE('',#3202,#5105);
#5105 = DEFINITIONAL_REPRESENTATION('',(#5106),#5205);
#5106 = B_SPLINE_CURVE_WITH_KNOTS('',7,(#5107,#5108,#5109,#5110,#5111,
    #5112,#5113,#5114,#5115,#5116,#5117,#5118,#5119,#5120,#5121,#5122,
    #5123,#5124,#5125,#5126,#5127,#5128,#5129,#5130,#5131,#5132,#5133,
    #5134,#5135,#5136,#5137,#5138,#5139,#5140,#5141,#5142,#5143,#5144,
    #5145,#5146,#5147,#5148,#5149,#5150,#5151,#5152,#5153,#5154,#5155,
    #5156,#5157,#5158,#5159,#5160,#5161,#5162,#5163,#5164,#5165,#5166,
    #5167,#5168,#5169,#5170,#5171,#5172,#5173,#5174,#5175,#5176,#5177,
    #5178,#5179,#5180,#5181,#5182,#5183,#5184,#5185,#5186,#5187,#5188,
    #5189,#5190,#5191,#5192,#5193,#5194,#5195,#5196,#5197,#5198,#5199,
    #5200,#5201,#5202,#5203,#5204),.UNSPECIFIED.,.F.,.F.,(8,6,6,6,6,6,6,
    6,6,6,6,6,6,6,6,6,8),(0.,0.115114323729,0.139798682117,
    0.179128898046,0.225260830063,0.287236436993,0.380941063954,
    0.436312912837,0.498790537273,0.616778624789,0.710873368816,
    0.745547000642,0.787281072244,0.81960373144,0.859212216018,
    0.884071220868,1.),.UNSPECIFIED.);
#5107 = CARTESIAN_POINT('',(8.881784197001E-16,-103.1807033081));
#5108 = CARTESIAN_POINT('',(-9.571885125069E-02,-103.1807033081));
#5109 = CARTESIAN_POINT('',(-0.191558064267,-103.1747496883));
#5110 = CARTESIAN_POINT('',(-0.288138553259,-103.1628102669));
#5111 = CARTESIAN_POINT('',(-0.386018813176,-103.1431429369));
#5112 = CARTESIAN_POINT('',(-0.485733331471,-103.1122113265));
#5113 = CARTESIAN_POINT('',(-0.587808025849,-103.0643072056));
#5114 = CARTESIAN_POINT('',(-0.715322889213,-102.9747295287));
#5115 = CARTESIAN_POINT('',(-0.737954591066,-102.9577365267));
#5116 = CARTESIAN_POINT('',(-0.760692333679,-102.9394939685));
#5117 = CARTESIAN_POINT('',(-0.783526781538,-102.9199262183));
#5118 = CARTESIAN_POINT('',(-0.80644938868,-102.898955798));
#5119 = CARTESIAN_POINT('',(-0.829452257946,-102.876503827));
#5120 = CARTESIAN_POINT('',(-0.889295167211,-102.8142293601));
#5121 = CARTESIAN_POINT('',(-0.926283697702,-102.7719666976));
#5122 = CARTESIAN_POINT('',(-0.963371756491,-102.7254611536));
#5123 = CARTESIAN_POINT('',(-1.000450012094,-102.6745109077));
#5124 = CARTESIAN_POINT('',(-1.037418657586,-102.6189675282));
#5125 = CARTESIAN_POINT('',(-1.074184431438,-102.5587498605));
#5126 = CARTESIAN_POINT('',(-1.153438473955,-102.4177436392));
#5127 = CARTESIAN_POINT('',(-1.195688235621,-102.3354267672));
#5128 = CARTESIAN_POINT('',(-1.237265789987,-102.2469785747));
#5129 = CARTESIAN_POINT('',(-1.278034011746,-102.1526320929));
#5130 = CARTESIAN_POINT('',(-1.317854813272,-102.0528103496));
#5131 = CARTESIAN_POINT('',(-1.356584174245,-101.9481546116));
#5132 = CARTESIAN_POINT('',(-1.444423429711,-101.6936520828));
#5133 = CARTESIAN_POINT('',(-1.492527873183,-101.5406370304));
#5134 = CARTESIAN_POINT('',(-1.538477863604,-101.3812971507));
#5135 = CARTESIAN_POINT('',(-1.582335931259,-101.2164731903));
#5136 = CARTESIAN_POINT('',(-1.6241390054,-101.0470398905));
#5137 = CARTESIAN_POINT('',(-1.663905729752,-100.8739019279));
#5138 = CARTESIAN_POINT('',(-1.75869737975,-100.4320505547));
#5139 = CARTESIAN_POINT('',(-1.81135845188,-100.158633956));
#5140 = CARTESIAN_POINT('',(-1.859927390759,-99.87925646391));
#5141 = CARTESIAN_POINT('',(-1.904587091256,-99.59498459195));
#5142 = CARTESIAN_POINT('',(-1.94544062813,-99.30642890284));
#5143 = CARTESIAN_POINT('',(-1.982519397675,-99.01377238527));
#5144 = CARTESIAN_POINT('',(-2.035402194138,-98.54138698578));
#5145 = CARTESIAN_POINT('',(-2.053697436249,-98.36449872137));
#5146 = CARTESIAN_POINT('',(-2.070617656971,-98.18629879076));
#5147 = CARTESIAN_POINT('',(-2.086129091667,-98.00688434865));
#5148 = CARTESIAN_POINT('',(-2.100193819824,-97.82633269842));
#5149 = CARTESIAN_POINT('',(-2.112771499891,-97.64470159182));
#5150 = CARTESIAN_POINT('',(-2.136288685329,-97.25591546943));
#5151 = CARTESIAN_POINT('',(-2.146818127766,-97.04835527043));
#5152 = CARTESIAN_POINT('',(-2.15532674857,-96.83972970059));
#5153 = CARTESIAN_POINT('',(-2.161752020653,-96.63034410657));
#5154 = CARTESIAN_POINT('',(-2.166051522544,-96.42044982101));
#5155 = CARTESIAN_POINT('',(-2.16820274344,-96.21026572998));
#5156 = CARTESIAN_POINT('',(-2.16820274344,-95.60291621879));
#5157 = CARTESIAN_POINT('',(-2.160530608799,-95.20737748504));
#5158 = CARTESIAN_POINT('',(-2.145294207914,-94.81389192367));
#5159 = CARTESIAN_POINT('',(-2.12274034305,-94.42311325949));
#5160 = CARTESIAN_POINT('',(-2.093287720288,-94.03630621008));
#5161 = CARTESIAN_POINT('',(-2.057440900335,-93.6554778498));
#5162 = CARTESIAN_POINT('',(-1.98251939768,-92.98622761476));
#5163 = CARTESIAN_POINT('',(-1.945440628123,-92.69357109708));
#5164 = CARTESIAN_POINT('',(-1.904587091254,-92.40501540804));
#5165 = CARTESIAN_POINT('',(-1.859927390764,-92.12074353613));
#5166 = CARTESIAN_POINT('',(-1.811358451882,-91.84136604396));
#5167 = CARTESIAN_POINT('',(-1.758697379746,-91.5679494452));
#5168 = CARTESIAN_POINT('',(-1.680617075594,-91.2039945018));
#5169 = CARTESIAN_POINT('',(-1.658988360852,-91.10697199046));
#5170 = CARTESIAN_POINT('',(-1.636746063603,-91.01103551298));
#5171 = CARTESIAN_POINT('',(-1.613879339554,-90.91629753101));
#5172 = CARTESIAN_POINT('',(-1.590375716413,-90.82287613891));
#5173 = CARTESIAN_POINT('',(-1.566220655078,-90.73089414851));
#5174 = CARTESIAN_POINT('',(-1.511518856967,-90.53165118992));
#5175 = CARTESIAN_POINT('',(-1.480633759247,-90.42495307773));
#5176 = CARTESIAN_POINT('',(-1.448774901327,-90.32086041075));
#5177 = CARTESIAN_POINT('',(-1.415971465938,-90.21978877089));
#5178 = CARTESIAN_POINT('',(-1.382247445877,-90.12209410242));
#5179 = CARTESIAN_POINT('',(-1.347620355012,-90.02807406594));
#5180 = CARTESIAN_POINT('',(-1.284589700099,-89.86818414176));
#5181 = CARTESIAN_POINT('',(-1.256563224098,-89.80079716595));
#5182 = CARTESIAN_POINT('',(-1.228077256087,-89.73604353069));
#5183 = CARTESIAN_POINT('',(-1.199187818027,-89.67410092635));
#5184 = CARTESIAN_POINT('',(-1.169950665124,-89.61509378768));
#5185 = CARTESIAN_POINT('',(-1.140421741913,-89.55909741343));
#5186 = CARTESIAN_POINT('',(-1.074184431438,-89.44125013948));
#5187 = CARTESIAN_POINT('',(-1.037418657586,-89.38103247172));
#5188 = CARTESIAN_POINT('',(-1.000450012094,-89.32548909227));
#5189 = CARTESIAN_POINT('',(-0.963371756491,-89.27453884632));
#5190 = CARTESIAN_POINT('',(-0.926283697702,-89.22803330236));
#5191 = CARTESIAN_POINT('',(-0.889295167211,-89.18577063981));
#5192 = CARTESIAN_POINT('',(-0.829452257947,-89.12349617297));
#5193 = CARTESIAN_POINT('',(-0.806449388681,-89.10104420195));
#5194 = CARTESIAN_POINT('',(-0.783526781537,-89.08007378161));
#5195 = CARTESIAN_POINT('',(-0.760692333678,-89.06050603147));
#5196 = CARTESIAN_POINT('',(-0.737954591066,-89.04226347322));
#5197 = CARTESIAN_POINT('',(-0.715322889214,-89.02527047129));
#5198 = CARTESIAN_POINT('',(-0.587808025849,-88.93569279435));
#5199 = CARTESIAN_POINT('',(-0.485733331471,-88.88778867342));
#5200 = CARTESIAN_POINT('',(-0.386018813176,-88.85685706309));
#5201 = CARTESIAN_POINT('',(-0.288138553258,-88.83718973302));
#5202 = CARTESIAN_POINT('',(-0.191558064267,-88.82525031169));
#5203 = CARTESIAN_POINT('',(-9.571885125065E-02,-88.81929669182));
#5204 = CARTESIAN_POINT('',(8.881784197001E-16,-88.81929669182));
#5205 = ( GEOMETRIC_REPRESENTATION_CONTEXT(2) 
PARAMETRIC_REPRESENTATION_CONTEXT() REPRESENTATION_CONTEXT('2D SPACE',''
  ) );
#5206 = PCURVE('',#4045,#5207);
#5207 = DEFINITIONAL_REPRESENTATION('',(#5208),#5307);
#5208 = B_SPLINE_CURVE_WITH_KNOTS('',7,(#5209,#5210,#5211,#5212,#5213,
    #5214,#5215,#5216,#5217,#5218,#5219,#5220,#5221,#5222,#5223,#5224,
    #5225,#5226,#5227,#5228,#5229,#5230,#5231,#5232,#5233,#5234,#5235,
    #5236,#5237,#5238,#5239,#5240,#5241,#5242,#5243,#5244,#5245,#5246,
    #5247,#5248,#5249,#5250,#5251,#5252,#5253,#5254,#5255,#5256,#5257,
    #5258,#5259,#5260,#5261,#5262,#5263,#5264,#5265,#5266,#5267,#5268,
    #5269,#5270,#5271,#5272,#5273,#5274,#5275,#5276,#5277,#5278,#5279,
    #5280,#5281,#5282,#5283,#5284,#5285,#5286,#5287,#5288,#5289,#5290,
    #5291,#5292,#5293,#5294,#5295,#5296,#5297,#5298,#5299,#5300,#5301,
    #5302,#5303,#5304,#5305,#5306),.UNSPECIFIED.,.F.,.F.,(8,6,6,6,6,6,6,
    6,6,6,6,6,6,6,6,6,8),(0.,0.115114323729,0.139798682117,
    0.179128898046,0.225260830063,0.287236436993,0.380941063954,
    0.436312912837,0.498790537273,0.616778624789,0.710873368816,
    0.745547000642,0.787281072244,0.81960373144,0.859212216018,
    0.884071220868,1.),.UNSPECIFIED.);
#5209 = CARTESIAN_POINT('',(6.144813129794,-29.));
#5210 = CARTESIAN_POINT('',(6.144813129794,-28.61712459499));
#5211 = CARTESIAN_POINT('',(6.13885887492,-28.23376781917));
#5212 = CARTESIAN_POINT('',(6.12692268934,-27.85317504586));
#5213 = CARTESIAN_POINT('',(6.108850891618,-27.47890933444));
#5214 = CARTESIAN_POINT('',(6.084391847415,-27.11539878457));
#5215 = CARTESIAN_POINT('',(6.053222494249,-26.76837008521));
#5216 = CARTESIAN_POINT('',(6.00662027938,-26.37590182757));
#5217 = CARTESIAN_POINT('',(5.998067064181,-26.3077564347));
#5218 = CARTESIAN_POINT('',(5.989190955709,-26.24088114257));
#5219 = CARTESIAN_POINT('',(5.979994174802,-26.17538703075));
#5220 = CARTESIAN_POINT('',(5.970479324178,-26.11137925847));
#5221 = CARTESIAN_POINT('',(5.960649283305,-26.04895714316));
#5222 = CARTESIAN_POINT('',(5.934347309885,-25.8914310249));
#5223 = CARTESIAN_POINT('',(5.917379029496,-25.79881478646));
#5224 = CARTESIAN_POINT('',(5.899652838978,-25.71100407087));
#5225 = CARTESIAN_POINT('',(5.8812264811,-25.62850403912));
#5226 = CARTESIAN_POINT('',(5.862163475311,-25.5516920594));
#5227 = CARTESIAN_POINT('',(5.84253172855,-25.4808233007));
#5228 = CARTESIAN_POINT('',(5.79879137988,-25.3400451772));
#5229 = CARTESIAN_POINT('',(5.77456652874,-25.27264969825));
#5230 = CARTESIAN_POINT('',(5.749851468855,-25.2139868076));
#5231 = CARTESIAN_POINT('',(5.724775718843,-25.16397903393));
#5232 = CARTESIAN_POINT('',(5.699477703035,-25.12235395041));
#5233 = CARTESIAN_POINT('',(5.674108014798,-25.08866360864));
#5234 = CARTESIAN_POINT('',(5.614876715855,-25.02689131216));
#5235 = CARTESIAN_POINT('',(5.581093179734,-25.00471140785));
#5236 = CARTESIAN_POINT('',(5.547568274994,-24.99396716478));
#5237 = CARTESIAN_POINT('',(5.514370973723,-24.99301553317));
#5238 = CARTESIAN_POINT('',(5.481561973681,-25.00033296097));
#5239 = CARTESIAN_POINT('',(5.449199947213,-25.01449817411));
#5240 = CARTESIAN_POINT('',(5.369181805968,-25.06396898741));
#5241 = CARTESIAN_POINT('',(5.321969340861,-25.10651292129));
#5242 = CARTESIAN_POINT('',(5.275633543858,-25.157653364));
#5243 = CARTESIAN_POINT('',(5.23006760167,-25.21408678713));
#5244 = CARTESIAN_POINT('',(5.185135978597,-25.27308129919));
#5245 = CARTESIAN_POINT('',(5.140676778171,-25.3322644585));
#5246 = CARTESIAN_POINT('',(5.070399106826,-25.42331275112));
#5247 = CARTESIAN_POINT('',(5.04440442322,-25.45643659865));
#5248 = CARTESIAN_POINT('',(5.018502025498,-25.4883964207));
#5249 = CARTESIAN_POINT('',(4.992674322238,-25.51874930088));
#5250 = CARTESIAN_POINT('',(4.966902307428,-25.54708396059));
#5251 = CARTESIAN_POINT('',(4.941165295271,-25.57302573546));
#5252 = CARTESIAN_POINT('',(4.88641481518,-25.62243661489));
#5253 = CARTESIAN_POINT('',(4.857387705262,-25.64517683612));
#5254 = CARTESIAN_POINT('',(4.828372986607,-25.66393624392));
#5255 = CARTESIAN_POINT('',(4.799372853821,-25.67829677914));
#5256 = CARTESIAN_POINT('',(4.770382056266,-25.68797060505));
#5257 = CARTESIAN_POINT('',(4.741391150038,-25.69281086116));
#5258 = CARTESIAN_POINT('',(4.657618803667,-25.69281086116));
#5259 = CARTESIAN_POINT('',(4.603061745264,-25.67554851427));
#5260 = CARTESIAN_POINT('',(4.548519462796,-25.64126697434));
#5261 = CARTESIAN_POINT('',(4.493823492663,-25.59174568037));
#5262 = CARTESIAN_POINT('',(4.438876555287,-25.53029221647));
#5263 = CARTESIAN_POINT('',(4.383666808714,-25.46125678405));
#5264 = CARTESIAN_POINT('',(4.284101182605,-25.3322644585));
#5265 = CARTESIAN_POINT('',(4.239641982163,-25.27308129917));
#5266 = CARTESIAN_POINT('',(4.194710359099,-25.21408678713));
#5267 = CARTESIAN_POINT('',(4.149144416918,-25.15765336401));
#5268 = CARTESIAN_POINT('',(4.102808619909,-25.10651292129));
#5269 = CARTESIAN_POINT('',(4.055596154798,-25.06396898741));
#5270 = CARTESIAN_POINT('',(3.989684855583,-25.02321965823));
#5271 = CARTESIAN_POINT('',(3.971801662499,-25.01397702785));
#5272 = CARTESIAN_POINT('',(3.953784803965,-25.00667895525));
#5273 = CARTESIAN_POINT('',(3.935636586672,-25.00155355385));
#5274 = CARTESIAN_POINT('',(3.917360236294,-24.99884395139));
#5275 = CARTESIAN_POINT('',(3.898960014216,-24.99880975283));
#5276 = CARTESIAN_POINT('',(3.858151776599,-25.00524158613));
#5277 = CARTESIAN_POINT('',(3.835661976832,-25.01303693283));
#5278 = CARTESIAN_POINT('',(3.813030883719,-25.02561186038));
#5279 = CARTESIAN_POINT('',(3.790314080757,-25.04344879135));
#5280 = CARTESIAN_POINT('',(3.767564855099,-25.06701384554));
#5281 = CARTESIAN_POINT('',(3.744835266475,-25.09675543161));
#5282 = CARTESIAN_POINT('',(3.704628762032,-25.16125357525));
#5283 = CARTESIAN_POINT('',(3.687135761561,-25.19334669752));
#5284 = CARTESIAN_POINT('',(3.669754563474,-25.22952052867));
#5285 = CARTESIAN_POINT('',(3.652538644801,-25.26986499871));
#5286 = CARTESIAN_POINT('',(3.635538684892,-25.31441881985));
#5287 = CARTESIAN_POINT('',(3.618802639478,-25.36316666164));
#5288 = CARTESIAN_POINT('',(3.582246232219,-25.4808233007));
#5289 = CARTESIAN_POINT('',(3.562614485458,-25.5516920594));
#5290 = CARTESIAN_POINT('',(3.543551479669,-25.62850403912));
#5291 = CARTESIAN_POINT('',(3.525125121791,-25.71100407087));
#5292 = CARTESIAN_POINT('',(3.507398931274,-25.79881478646));
#5293 = CARTESIAN_POINT('',(3.490430650884,-25.8914310249));
#5294 = CARTESIAN_POINT('',(3.464128677465,-26.04895714316));
#5295 = CARTESIAN_POINT('',(3.454298636591,-26.11137925847));
#5296 = CARTESIAN_POINT('',(3.444783785967,-26.17538703075));
#5297 = CARTESIAN_POINT('',(3.43558700506,-26.24088114258));
#5298 = CARTESIAN_POINT('',(3.426710896589,-26.3077564347));
#5299 = CARTESIAN_POINT('',(3.41815768139,-26.37590182756));
#5300 = CARTESIAN_POINT('',(3.371555466521,-26.76837008521));
#5301 = CARTESIAN_POINT('',(3.340386113354,-27.11539878457));
#5302 = CARTESIAN_POINT('',(3.315927069152,-27.47890933444));
#5303 = CARTESIAN_POINT('',(3.297855271429,-27.85317504586));
#5304 = CARTESIAN_POINT('',(3.285919085849,-28.23376781917));
#5305 = CARTESIAN_POINT('',(3.279964830975,-28.61712459499));
#5306 = CARTESIAN_POINT('',(3.279964830975,-29.));
#5307 = ( GEOMETRIC_REPRESENTATION_CONTEXT(2) 
PARAMETRIC_REPRESENTATION_CONTEXT() REPRESENTATION_CONTEXT('2D SPACE',''
  ) );
#5308 = ORIENTED_EDGE('',*,*,#5309,.T.);
#5309 = EDGE_CURVE('',#5002,#5310,#5312,.T.);
#5310 = VERTEX_POINT('',#5311);
#5311 = CARTESIAN_POINT('',(49.25,-1.,62.));
#5312 = SEAM_CURVE('',#5313,(#5317,#5324),.PCURVE_S1.);
#5313 = LINE('',#5314,#5315);
#5314 = CARTESIAN_POINT('',(-56.,-1.,62.));
#5315 = VECTOR('',#5316,1.);
#5316 = DIRECTION('',(1.,0.,0.));
#5317 = PCURVE('',#3202,#5318);
#5318 = DEFINITIONAL_REPRESENTATION('',(#5319),#5323);
#5319 = LINE('',#5320,#5321);
#5320 = CARTESIAN_POINT('',(-6.28318530718,0.));
#5321 = VECTOR('',#5322,1.);
#5322 = DIRECTION('',(-0.,-1.));
#5323 = ( GEOMETRIC_REPRESENTATION_CONTEXT(2) 
PARAMETRIC_REPRESENTATION_CONTEXT() REPRESENTATION_CONTEXT('2D SPACE',''
  ) );
#5324 = PCURVE('',#3202,#5325);
#5325 = DEFINITIONAL_REPRESENTATION('',(#5326),#5330);
#5326 = LINE('',#5327,#5328);
#5327 = CARTESIAN_POINT('',(-0.,0.));
#5328 = VECTOR('',#5329,1.);
#5329 = DIRECTION('',(-0.,-1.));
#5330 = ( GEOMETRIC_REPRESENTATION_CONTEXT(2) 
PARAMETRIC_REPRESENTATION_CONTEXT() REPRESENTATION_CONTEXT('2D SPACE',''
  ) );
#5331 = ORIENTED_EDGE('',*,*,#5332,.T.);
#5332 = EDGE_CURVE('',#5310,#5310,#5333,.T.);
#5333 = SURFACE_CURVE('',#5334,(#5339,#5346),.PCURVE_S1.);
#5334 = CIRCLE('',#5335,4.);
#5335 = AXIS2_PLACEMENT_3D('',#5336,#5337,#5338);
#5336 = CARTESIAN_POINT('',(49.25,-5.,62.));
#5337 = DIRECTION('',(1.,0.,0.));
#5338 = DIRECTION('',(0.,1.,0.));
#5339 = PCURVE('',#3202,#5340);
#5340 = DEFINITIONAL_REPRESENTATION('',(#5341),#5345);
#5341 = LINE('',#5342,#5343);
#5342 = CARTESIAN_POINT('',(-0.,-105.25));
#5343 = VECTOR('',#5344,1.);
#5344 = DIRECTION('',(-1.,0.));
#5345 = ( GEOMETRIC_REPRESENTATION_CONTEXT(2) 
PARAMETRIC_REPRESENTATION_CONTEXT() REPRESENTATION_CONTEXT('2D SPACE',''
  ) );
#5346 = PCURVE('',#5347,#5352);
#5347 = PLANE('',#5348);
#5348 = AXIS2_PLACEMENT_3D('',#5349,#5350,#5351);
#5349 = CARTESIAN_POINT('',(49.25,-5.,62.));
#5350 = DIRECTION('',(1.,0.,0.));
#5351 = DIRECTION('',(-0.,0.,1.));
#5352 = DEFINITIONAL_REPRESENTATION('',(#5353),#5357);
#5353 = CIRCLE('',#5354,4.);
#5354 = AXIS2_PLACEMENT_2D('',#5355,#5356);
#5355 = CARTESIAN_POINT('',(0.,8.881784197001E-16));
#5356 = DIRECTION('',(0.,-1.));
#5357 = ( GEOMETRIC_REPRESENTATION_CONTEXT(2) 
PARAMETRIC_REPRESENTATION_CONTEXT() REPRESENTATION_CONTEXT('2D SPACE',''
  ) );
#5358 = ORIENTED_EDGE('',*,*,#5309,.F.);
#5359 = ORIENTED_EDGE('',*,*,#5360,.F.);
#5360 = EDGE_CURVE('',#5361,#5002,#5363,.T.);
#5361 = VERTEX_POINT('',#5362);
#5362 = CARTESIAN_POINT('',(45.25,-5.,58.));
#5363 = SURFACE_CURVE('',#5364,(#5463,#5565),.PCURVE_S1.);
#5364 = B_SPLINE_CURVE_WITH_KNOTS('',7,(#5365,#5366,#5367,#5368,#5369,
    #5370,#5371,#5372,#5373,#5374,#5375,#5376,#5377,#5378,#5379,#5380,
    #5381,#5382,#5383,#5384,#5385,#5386,#5387,#5388,#5389,#5390,#5391,
    #5392,#5393,#5394,#5395,#5396,#5397,#5398,#5399,#5400,#5401,#5402,
    #5403,#5404,#5405,#5406,#5407,#5408,#5409,#5410,#5411,#5412,#5413,
    #5414,#5415,#5416,#5417,#5418,#5419,#5420,#5421,#5422,#5423,#5424,
    #5425,#5426,#5427,#5428,#5429,#5430,#5431,#5432,#5433,#5434,#5435,
    #5436,#5437,#5438,#5439,#5440,#5441,#5442,#5443,#5444,#5445,#5446,
    #5447,#5448,#5449,#5450,#5451,#5452,#5453,#5454,#5455,#5456,#5457,
    #5458,#5459,#5460,#5461,#5462),.UNSPECIFIED.,.F.,.F.,(8,6,6,6,6,6,6,
    6,6,6,6,6,6,6,6,6,8),(0.,4.014027631406E-04,0.116650807434,
    0.140805842084,0.18182641101,0.226847248578,0.289448092235,
    0.383449813131,0.502616135328,0.564742328214,0.621528194273,
    0.746343219133,0.790560392044,0.860158736109,0.884148301951,
    0.999480356662,1.),.UNSPECIFIED.);
#5365 = CARTESIAN_POINT('',(32.819296691827,-1.,62.));
#5366 = CARTESIAN_POINT('',(32.819296691827,-1.,61.998676047379));
#5367 = CARTESIAN_POINT('',(32.819296763025,-1.000000511248,
    61.997352094759));
#5368 = CARTESIAN_POINT('',(32.81929690542,-1.000001533744,
    61.996028142267));
#5369 = CARTESIAN_POINT('',(32.819297119013,-1.000003067489,
    61.994704190032));
#5370 = CARTESIAN_POINT('',(32.819297403804,-1.000005112481,
    61.993380238184));
#5371 = CARTESIAN_POINT('',(32.819297759794,-1.000007668723,
    61.992056286851));
#5372 = CARTESIAN_POINT('',(32.819421904561,-1.000899105708,
    61.607305779037));
#5373 = CARTESIAN_POINT('',(32.82551676568,-1.04466846366,
    61.223448333696));
#5374 = CARTESIAN_POINT('',(32.837639500178,-1.131524805424,
    60.842416269715));
#5375 = CARTESIAN_POINT('',(32.857566801045,-1.262384367394,
    60.467802539395));
#5376 = CARTESIAN_POINT('',(32.888884349411,-1.438567946076,
    60.104082943663));
#5377 = CARTESIAN_POINT('',(32.937368630133,-1.661387698349,
    59.757046778579));
#5378 = CARTESIAN_POINT('',(33.027500181487,-1.987494471917,
    59.3670435175));
#5379 = CARTESIAN_POINT('',(33.044122182413,-2.04558833645,
    59.301044996691));
#5380 = CARTESIAN_POINT('',(33.061927248521,-2.105635618831,
    59.23625068775));
#5381 = CARTESIAN_POINT('',(33.080984562611,-2.167592970541,
    59.172762180522));
#5382 = CARTESIAN_POINT('',(33.101364903012,-2.231411489134,
    59.110675749036));
#5383 = CARTESIAN_POINT('',(33.123140259516,-2.297037138486,
    59.050082420496));
#5384 = CARTESIAN_POINT('',(33.185855504875,-2.478827111902,
    58.890848635695));
#5385 = CARTESIAN_POINT('',(33.229606621671,-2.598419037169,
    58.795065951301));
#5386 = CARTESIAN_POINT('',(33.277902642265,-2.722602862925,
    58.704436526993));
#5387 = CARTESIAN_POINT('',(33.330965555741,-2.850719633719,
    58.619519699445));
#5388 = CARTESIAN_POINT('',(33.388955661736,-2.982054968226,
    58.540726329012));
#5389 = CARTESIAN_POINT('',(33.451953734457,-3.115858506903,
    58.468327522623));
#5390 = CARTESIAN_POINT('',(33.594562875471,-3.400082456564,
    58.330176209178));
#5391 = CARTESIAN_POINT('',(33.674977950929,-3.550417977712,
    58.265970723847));
#5392 = CARTESIAN_POINT('',(33.761108803224,-3.701341078542,
    58.209944708556));
#5393 = CARTESIAN_POINT('',(33.852732988987,-3.851812618146,
    58.162011064871));
#5394 = CARTESIAN_POINT('',(33.949461522034,-4.000798731976,
    58.121914125615));
#5395 = CARTESIAN_POINT('',(34.050715164065,-4.147286404557,
    58.089245992407));
#5396 = CARTESIAN_POINT('',(34.301681653009,-4.489156110462,
    58.027611807358));
#5397 = CARTESIAN_POINT('',(34.454830732928,-4.681229216345,
    58.005084299721));
#5398 = CARTESIAN_POINT('',(34.61435400985,-4.865734387321,
    57.994073113957));
#5399 = CARTESIAN_POINT('',(34.779404339975,-5.042111229135,
    57.992924877859));
#5400 = CARTESIAN_POINT('',(34.949098520472,-5.209961168293,
    58.000105349037));
#5401 = CARTESIAN_POINT('',(35.122521201627,-5.369010232402,
    58.014182247024));
#5402 = CARTESIAN_POINT('',(35.563289865201,-5.744466415132,
    58.063322280674));
#5403 = CARTESIAN_POINT('',(35.83526867228,-5.950609789583,
    58.105498168185));
#5404 = CARTESIAN_POINT('',(36.113165830882,-6.138068769308,
    58.156236988591));
#5405 = CARTESIAN_POINT('',(36.39592432346,-6.307604743171,
    58.212274404286));
#5406 = CARTESIAN_POINT('',(36.682936610923,-6.460022919201,
    58.270910043035));
#5407 = CARTESIAN_POINT('',(36.974017637612,-6.596025867584,
    58.329799675026));
#5408 = CARTESIAN_POINT('',(37.643699702045,-6.868309112314,
    58.459122083846));
#5409 = CARTESIAN_POINT('',(38.026361418033,-6.995523096369,
    58.528711705633));
#5410 = CARTESIAN_POINT('',(38.41488311964,-7.097187008058,
    58.590684178882));
#5411 = CARTESIAN_POINT('',(38.807377875901,-7.173358046322,
    58.640669388364));
#5412 = CARTESIAN_POINT('',(39.202714179719,-7.224301507527,
    58.675327106499));
#5413 = CARTESIAN_POINT('',(39.600378233157,-7.25,58.692810861169));
#5414 = CARTESIAN_POINT('',(40.208338887284,-7.25,58.692810861169));
#5415 = CARTESIAN_POINT('',(40.416559812744,-7.243015296522,
    58.688058921834));
#5416 = CARTESIAN_POINT('',(40.62447442863,-7.229059997446,
    58.678564608788));
#5417 = CARTESIAN_POINT('',(40.831883240459,-7.208144108498,
    58.66447074279));
#5418 = CARTESIAN_POINT('',(41.038555796727,-7.180276641422,
    58.646053809891));
#5419 = CARTESIAN_POINT('',(41.244211019595,-7.145481586457,
    58.62371395865));
#5420 = CARTESIAN_POINT('',(41.635223986277,-7.065752534253,
    58.574409469081));
#5421 = CARTESIAN_POINT('',(41.820866424695,-7.021935116694,
    58.547999676648));
#5422 = CARTESIAN_POINT('',(42.005384700044,-6.972372870242,
    58.5190786159));
#5423 = CARTESIAN_POINT('',(42.188717553179,-6.917046014971,
    58.48804524042));
#5424 = CARTESIAN_POINT('',(42.370782424979,-6.855920817585,
    58.455338508408));
#5425 = CARTESIAN_POINT('',(42.551475123776,-6.788953791802,
    58.421431842526));
#5426 = CARTESIAN_POINT('',(43.124537741664,-6.55595464591,
    58.310767630229));
#5427 = CARTESIAN_POINT('',(43.519175832777,-6.364096597956,
    58.22979230519));
#5428 = CARTESIAN_POINT('',(43.91045550416,-6.138838336299,
    58.149439772211));
#5429 = CARTESIAN_POINT('',(44.293881365737,-5.879097504632,
    58.077043065188));
#5430 = CARTESIAN_POINT('',(44.664440186439,-5.584674139958,
    58.02132527756));
#5431 = CARTESIAN_POINT('',(45.016682644088,-5.256602922333,
    57.992160029178));
#5432 = CARTESIAN_POINT('',(45.461607075976,-4.77106136754,
    58.004536338699));
#5433 = CARTESIAN_POINT('',(45.575636137927,-4.639553140428,
    58.01259809232));
#5434 = CARTESIAN_POINT('',(45.68670645361,-4.503951604303,
    58.026090676463));
#5435 = CARTESIAN_POINT('',(45.794305554737,-4.364699742261,
    58.045600536322));
#5436 = CARTESIAN_POINT('',(45.89800263199,-4.222283334777,
    58.071691010978));
#5437 = CARTESIAN_POINT('',(45.997442742271,-4.077232761034,
    58.104899380763));
#5438 = CARTESIAN_POINT('',(46.241712001638,-3.698575160216,
    58.210007945492));
#5439 = CARTESIAN_POINT('',(46.379408644307,-3.462582668956,
    58.292994308567));
#5440 = CARTESIAN_POINT('',(46.503171023475,-3.226419743309,
    58.395941398775));
#5441 = CARTESIAN_POINT('',(46.612034285619,-2.994447908841,
    58.519016438563));
#5442 = CARTESIAN_POINT('',(46.706086727073,-2.770954412974,
    58.661148050055));
#5443 = CARTESIAN_POINT('',(46.786183587032,-2.559876188724,
    58.819855989542));
#5444 = CARTESIAN_POINT('',(46.876859740482,-2.297037138489,
    59.050082420493));
#5445 = CARTESIAN_POINT('',(46.898635096988,-2.231411489134,
    59.110675749035));
#5446 = CARTESIAN_POINT('',(46.91901543739,-2.167592970539,
    59.172762180525));
#5447 = CARTESIAN_POINT('',(46.93807275148,-2.105635618829,
    59.236250687752));
#5448 = CARTESIAN_POINT('',(46.955877817587,-2.04558833645,
    59.301044996691));
#5449 = CARTESIAN_POINT('',(46.972499818513,-1.98749447192,
    59.367043517497));
#5450 = CARTESIAN_POINT('',(47.062553153453,-1.661670694727,
    59.756708332649));
#5451 = CARTESIAN_POINT('',(47.111013974568,-1.439035109518,
    60.103355468307));
#5452 = CARTESIAN_POINT('',(47.142334852901,-1.262937920607,
    60.466659588267));
#5453 = CARTESIAN_POINT('',(47.162277065548,-1.132072302848,
    60.840848559934));
#5454 = CARTESIAN_POINT('',(47.17441981812,-1.045122790103,
    61.221457030866));
#5455 = CARTESIAN_POINT('',(47.180539671936,-1.001175001583,
    61.604897841845));
#5456 = CARTESIAN_POINT('',(47.180701493603,-1.000013029812,
    61.989645455883));
#5457 = CARTESIAN_POINT('',(47.180702098463,-1.00000868654,
    61.991371211336));
#5458 = CARTESIAN_POINT('',(47.180702582348,-1.000005211923,
    61.993096967928));
#5459 = CARTESIAN_POINT('',(47.180702945261,-1.000002605962,
    61.994822725376));
#5460 = CARTESIAN_POINT('',(47.180703187202,-1.000000868654,
    61.996548483394));
#5461 = CARTESIAN_POINT('',(47.180703308173,-1.,61.998274241697));
#5462 = CARTESIAN_POINT('',(47.180703308173,-1.,62.));
#5463 = PCURVE('',#3202,#5464);
#5464 = DEFINITIONAL_REPRESENTATION('',(#5465),#5564);
#5465 = B_SPLINE_CURVE_WITH_KNOTS('',7,(#5466,#5467,#5468,#5469,#5470,
    #5471,#5472,#5473,#5474,#5475,#5476,#5477,#5478,#5479,#5480,#5481,
    #5482,#5483,#5484,#5485,#5486,#5487,#5488,#5489,#5490,#5491,#5492,
    #5493,#5494,#5495,#5496,#5497,#5498,#5499,#5500,#5501,#5502,#5503,
    #5504,#5505,#5506,#5507,#5508,#5509,#5510,#5511,#5512,#5513,#5514,
    #5515,#5516,#5517,#5518,#5519,#5520,#5521,#5522,#5523,#5524,#5525,
    #5526,#5527,#5528,#5529,#5530,#5531,#5532,#5533,#5534,#5535,#5536,
    #5537,#5538,#5539,#5540,#5541,#5542,#5543,#5544,#5545,#5546,#5547,
    #5548,#5549,#5550,#5551,#5552,#5553,#5554,#5555,#5556,#5557,#5558,
    #5559,#5560,#5561,#5562,#5563),.UNSPECIFIED.,.F.,.F.,(8,6,6,6,6,6,6,
    6,6,6,6,6,6,6,6,6,8),(0.,4.014027631406E-04,0.116650807434,
    0.140805842084,0.18182641101,0.226847248578,0.289448092235,
    0.383449813131,0.502616135328,0.564742328214,0.621528194273,
    0.746343219133,0.790560392044,0.860158736109,0.884148301951,
    0.999480356662,1.),.UNSPECIFIED.);
#5466 = CARTESIAN_POINT('',(-6.28318530718,-88.81929669182));
#5467 = CARTESIAN_POINT('',(-6.282854319024,-88.81929669182));
#5468 = CARTESIAN_POINT('',(-6.282523330869,-88.81929676302));
#5469 = CARTESIAN_POINT('',(-6.282192342687,-88.81929690542));
#5470 = CARTESIAN_POINT('',(-6.281861354451,-88.81929711901));
#5471 = CARTESIAN_POINT('',(-6.281530366133,-88.8192974038));
#5472 = CARTESIAN_POINT('',(-6.281199377708,-88.81929775979));
#5473 = CARTESIAN_POINT('',(-6.185011492581,-88.81942190456));
#5474 = CARTESIAN_POINT('',(-6.089022015494,-88.82551676567));
#5475 = CARTESIAN_POINT('',(-5.992275453407,-88.83763950018));
#5476 = CARTESIAN_POINT('',(-5.894212294875,-88.85756680104));
#5477 = CARTESIAN_POINT('',(-5.794298116437,-88.88888434941));
#5478 = CARTESIAN_POINT('',(-5.692007956211,-88.93736863013));
#5479 = CARTESIAN_POINT('',(-5.564913460996,-89.02750018148));
#5480 = CARTESIAN_POINT('',(-5.542939437893,-89.04412218241));
#5481 = CARTESIAN_POINT('',(-5.520866027407,-89.06192724852));
#5482 = CARTESIAN_POINT('',(-5.498701833745,-89.08098456261));
#5483 = CARTESIAN_POINT('',(-5.476454757413,-89.10136490301));
#5484 = CARTESIAN_POINT('',(-5.454132117403,-89.12314025951));
#5485 = CARTESIAN_POINT('',(-5.393715339592,-89.18585550487));
#5486 = CARTESIAN_POINT('',(-5.355447488235,-89.22960662167));
#5487 = CARTESIAN_POINT('',(-5.31707477015,-89.27790264226));
#5488 = CARTESIAN_POINT('',(-5.278718934738,-89.33096555574));
#5489 = CARTESIAN_POINT('',(-5.240490376289,-89.38895566173));
#5490 = CARTESIAN_POINT('',(-5.202492580315,-89.45195373445));
#5491 = CARTESIAN_POINT('',(-5.123487422664,-89.59456287547));
#5492 = CARTESIAN_POINT('',(-5.082668285645,-89.67497795092));
#5493 = CARTESIAN_POINT('',(-5.042494964052,-89.76110880322));
#5494 = CARTESIAN_POINT('',(-5.003090287408,-89.85273298898));
#5495 = CARTESIAN_POINT('',(-4.964578240721,-89.94946152203));
#5496 = CARTESIAN_POINT('',(-4.92708809567,-90.05071516406));
#5497 = CARTESIAN_POINT('',(-4.840242806296,-90.301681653));
#5498 = CARTESIAN_POINT('',(-4.791987064949,-90.45483073292));
#5499 = CARTESIAN_POINT('',(-4.745893896377,-90.61435400985));
#5500 = CARTESIAN_POINT('',(-4.701901049572,-90.77940433997));
#5501 = CARTESIAN_POINT('',(-4.659972162811,-90.94909852047));
#5502 = CARTESIAN_POINT('',(-4.620089376312,-91.12252120162));
#5503 = CARTESIAN_POINT('',(-4.525424807948,-91.5632898652));
#5504 = CARTESIAN_POINT('',(-4.47295608138,-91.83526867228));
#5505 = CARTESIAN_POINT('',(-4.424543207436,-92.11316583088));
#5506 = CARTESIAN_POINT('',(-4.380004773847,-92.39592432346));
#5507 = CARTESIAN_POINT('',(-4.339237479535,-92.68293661092));
#5508 = CARTESIAN_POINT('',(-4.302208193413,-92.97401763761));
#5509 = CARTESIAN_POINT('',(-4.226849695724,-93.64369970204));
#5510 = CARTESIAN_POINT('',(-4.190657909621,-94.02636141803));
#5511 = CARTESIAN_POINT('',(-4.160930841554,-94.41488311964));
#5512 = CARTESIAN_POINT('',(-4.138156697614,-94.8073778759));
#5513 = CARTESIAN_POINT('',(-4.122753094688,-95.20271417971));
#5514 = CARTESIAN_POINT('',(-4.114982563739,-95.60037823315));
#5515 = CARTESIAN_POINT('',(-4.114982563739,-96.20833888728));
#5516 = CARTESIAN_POINT('',(-4.117094528557,-96.41655981274));
#5517 = CARTESIAN_POINT('',(-4.121314251369,-96.62447442863));
#5518 = CARTESIAN_POINT('',(-4.127619459728,-96.83188324045));
#5519 = CARTESIAN_POINT('',(-4.135969530173,-97.03855579672));
#5520 = CARTESIAN_POINT('',(-4.146305363436,-97.24421101959));
#5521 = CARTESIAN_POINT('',(-4.16974098597,-97.63522398627));
#5522 = CARTESIAN_POINT('',(-4.182530376022,-97.82086642469));
#5523 = CARTESIAN_POINT('',(-4.196873812742,-98.00538470004));
#5524 = CARTESIAN_POINT('',(-4.21272820164,-98.18871755317));
#5525 = CARTESIAN_POINT('',(-4.230053065492,-98.37078242497));
#5526 = CARTESIAN_POINT('',(-4.248812478426,-98.55147512377));
#5527 = CARTESIAN_POINT('',(-4.313298508827,-99.12453774166));
#5528 = CARTESIAN_POINT('',(-4.365309201917,-99.51917583277));
#5529 = CARTESIAN_POINT('',(-4.424940319258,-99.91045550416));
#5530 = CARTESIAN_POINT('',(-4.492004096136,-100.2938813657));
#5531 = CARTESIAN_POINT('',(-4.566406117949,-100.6644401864));
#5532 = CARTESIAN_POINT('',(-4.648211894741,-101.016682644));
#5533 = CARTESIAN_POINT('',(-4.769636710592,-101.4616070759));
#5534 = CARTESIAN_POINT('',(-4.802554440917,-101.5756361379));
#5535 = CARTESIAN_POINT('',(-4.836582118598,-101.6867064536));
#5536 = CARTESIAN_POINT('',(-4.871682238368,-101.7943055547));
#5537 = CARTESIAN_POINT('',(-4.907824548887,-101.8980026319));
#5538 = CARTESIAN_POINT('',(-4.944986575491,-101.9974427422));
#5539 = CARTESIAN_POINT('',(-5.043230337709,-102.2417120016));
#5540 = CARTESIAN_POINT('',(-5.105627904133,-102.3794086443));
#5541 = CARTESIAN_POINT('',(-5.169755873298,-102.5031710234));
#5542 = CARTESIAN_POINT('',(-5.235050841765,-102.6120342856));
#5543 = CARTESIAN_POINT('',(-5.300941196953,-102.706086727));
#5544 = CARTESIAN_POINT('',(-5.366779178185,-102.786183587));
#5545 = CARTESIAN_POINT('',(-5.454132117402,-102.8768597404));
#5546 = CARTESIAN_POINT('',(-5.476454757413,-102.8986350969));
#5547 = CARTESIAN_POINT('',(-5.498701833746,-102.9190154373));
#5548 = CARTESIAN_POINT('',(-5.520866027407,-102.9380727514));
#5549 = CARTESIAN_POINT('',(-5.542939437893,-102.9558778175));
#5550 = CARTESIAN_POINT('',(-5.564913460995,-102.9724998185));
#5551 = CARTESIAN_POINT('',(-5.691897663249,-103.0625531534));
#5552 = CARTESIAN_POINT('',(-5.794083678377,-103.1110139745));
#5553 = CARTESIAN_POINT('',(-5.893898340165,-103.1423348529));
#5554 = CARTESIAN_POINT('',(-5.991865075062,-103.1622770655));
#5555 = CARTESIAN_POINT('',(-6.088516358813,-103.1744198181));
#5556 = CARTESIAN_POINT('',(-6.184409326361,-103.1805396719));
#5557 = CARTESIAN_POINT('',(-6.280596668527,-103.1807014936));
#5558 = CARTESIAN_POINT('',(-6.281028108702,-103.1807020984));
#5559 = CARTESIAN_POINT('',(-6.281459548637,-103.1807025823));
#5560 = CARTESIAN_POINT('',(-6.281890988392,-103.1807029452));
#5561 = CARTESIAN_POINT('',(-6.282322428028,-103.1807031872));
#5562 = CARTESIAN_POINT('',(-6.282753867604,-103.1807033081));
#5563 = CARTESIAN_POINT('',(-6.28318530718,-103.1807033081));
#5564 = ( GEOMETRIC_REPRESENTATION_CONTEXT(2) 
PARAMETRIC_REPRESENTATION_CONTEXT() REPRESENTATION_CONTEXT('2D SPACE',''
  ) );
#5565 = PCURVE('',#4045,#5566);
#5566 = DEFINITIONAL_REPRESENTATION('',(#5567),#5666);
#5567 = B_SPLINE_CURVE_WITH_KNOTS('',7,(#5568,#5569,#5570,#5571,#5572,
    #5573,#5574,#5575,#5576,#5577,#5578,#5579,#5580,#5581,#5582,#5583,
    #5584,#5585,#5586,#5587,#5588,#5589,#5590,#5591,#5592,#5593,#5594,
    #5595,#5596,#5597,#5598,#5599,#5600,#5601,#5602,#5603,#5604,#5605,
    #5606,#5607,#5608,#5609,#5610,#5611,#5612,#5613,#5614,#5615,#5616,
    #5617,#5618,#5619,#5620,#5621,#5622,#5623,#5624,#5625,#5626,#5627,
    #5628,#5629,#5630,#5631,#5632,#5633,#5634,#5635,#5636,#5637,#5638,
    #5639,#5640,#5641,#5642,#5643,#5644,#5645,#5646,#5647,#5648,#5649,
    #5650,#5651,#5652,#5653,#5654,#5655,#5656,#5657,#5658,#5659,#5660,
    #5661,#5662,#5663,#5664,#5665),.UNSPECIFIED.,.F.,.F.,(8,6,6,6,6,6,6,
    6,6,6,6,6,6,6,6,6,8),(0.,4.014027631406E-04,0.116650807434,
    0.140805842084,0.18182641101,0.226847248578,0.289448092235,
    0.383449813131,0.502616135328,0.564742328214,0.621528194273,
    0.746343219133,0.790560392044,0.860158736109,0.884148301951,
    0.999480356662,1.),.UNSPECIFIED.);
#5568 = CARTESIAN_POINT('',(3.279964830975,-29.));
#5569 = CARTESIAN_POINT('',(3.279964830975,-29.00132395262));
#5570 = CARTESIAN_POINT('',(3.279964902172,-29.00264790524));
#5571 = CARTESIAN_POINT('',(3.279965044567,-29.00397185773));
#5572 = CARTESIAN_POINT('',(3.27996525816,-29.00529580996));
#5573 = CARTESIAN_POINT('',(3.27996554295,-29.00661976181));
#5574 = CARTESIAN_POINT('',(3.279965898938,-29.00794371314));
#5575 = CARTESIAN_POINT('',(3.280090042372,-29.39269422096));
#5576 = CARTESIAN_POINT('',(3.286185357932,-29.7765516663));
#5577 = CARTESIAN_POINT('',(3.298282120071,-30.15758373028));
#5578 = CARTESIAN_POINT('',(3.316537123096,-30.5321974606));
#5579 = CARTESIAN_POINT('',(3.341204635767,-30.89591705633));
#5580 = CARTESIAN_POINT('',(3.372609382201,-31.24295322142));
#5581 = CARTESIAN_POINT('',(3.419276024381,-31.6329564825));
#5582 = CARTESIAN_POINT('',(3.427610176457,-31.6989550033));
#5583 = CARTESIAN_POINT('',(3.436248344985,-31.76374931225));
#5584 = CARTESIAN_POINT('',(3.445188444444,-31.82723781947));
#5585 = CARTESIAN_POINT('',(3.454428049422,-31.88932425096));
#5586 = CARTESIAN_POINT('',(3.463964485533,-31.9499175795));
#5587 = CARTESIAN_POINT('',(3.490489163719,-32.1091513643));
#5588 = CARTESIAN_POINT('',(3.50805085038,-32.20493404869));
#5589 = CARTESIAN_POINT('',(3.526423134514,-32.295563473));
#5590 = CARTESIAN_POINT('',(3.545541532813,-32.38048030055));
#5591 = CARTESIAN_POINT('',(3.565335097359,-32.45927367098));
#5592 = CARTESIAN_POINT('',(3.585727588527,-32.53167247737));
#5593 = CARTESIAN_POINT('',(3.629588924601,-32.66982379082));
#5594 = CARTESIAN_POINT('',(3.653097058643,-32.73402927615));
#5595 = CARTESIAN_POINT('',(3.677050662828,-32.79005529144));
#5596 = CARTESIAN_POINT('',(3.701332397522,-32.83798893512));
#5597 = CARTESIAN_POINT('',(3.725817163097,-32.87808587438));
#5598 = CARTESIAN_POINT('',(3.75036929238,-32.91075400759));
#5599 = CARTESIAN_POINT('',(3.808865561865,-32.97238819264));
#5600 = CARTESIAN_POINT('',(3.842722158352,-32.99491570027));
#5601 = CARTESIAN_POINT('',(3.87632197976,-33.00592688604));
#5602 = CARTESIAN_POINT('',(3.909594844309,-33.00707512214));
#5603 = CARTESIAN_POINT('',(3.942478838047,-32.99989465096));
#5604 = CARTESIAN_POINT('',(3.974913950057,-32.98581775297));
#5605 = CARTESIAN_POINT('',(4.054776419229,-32.93667771932));
#5606 = CARTESIAN_POINT('',(4.101772180203,-32.89450183181));
#5607 = CARTESIAN_POINT('',(4.147898252663,-32.8437630114));
#5608 = CARTESIAN_POINT('',(4.193259489371,-32.78772559571));
#5609 = CARTESIAN_POINT('',(4.237989269835,-32.72908995696));
#5610 = CARTESIAN_POINT('',(4.282247166532,-32.67020032497));
#5611 = CARTESIAN_POINT('',(4.38196016565,-32.54087791615));
#5612 = CARTESIAN_POINT('',(4.437463096526,-32.47128829436));
#5613 = CARTESIAN_POINT('',(4.492670241205,-32.40931582111));
#5614 = CARTESIAN_POINT('',(4.547615791663,-32.35933061163));
#5615 = CARTESIAN_POINT('',(4.602418534154,-32.3246728935));
#5616 = CARTESIAN_POINT('',(4.657268736682,-32.30718913883));
#5617 = CARTESIAN_POINT('',(4.741125378631,-32.30718913883));
#5618 = CARTESIAN_POINT('',(4.769845500567,-32.31194107816));
#5619 = CARTESIAN_POINT('',(4.798562157602,-32.32143539121));
#5620 = CARTESIAN_POINT('',(4.82728632112,-32.33552925721));
#5621 = CARTESIAN_POINT('',(4.856024960775,-32.3539461901));
#5622 = CARTESIAN_POINT('',(4.884778146717,-32.37628604135));
#5623 = CARTESIAN_POINT('',(4.939820728763,-32.42559053091));
#5624 = CARTESIAN_POINT('',(4.966117834958,-32.45200032335));
#5625 = CARTESIAN_POINT('',(4.992450959452,-32.4809213841));
#5626 = CARTESIAN_POINT('',(5.018842199526,-32.51195475958));
#5627 = CARTESIAN_POINT('',(5.045311820455,-32.54466149159));
#5628 = CARTESIAN_POINT('',(5.071878551362,-32.57856815747));
#5629 = CARTESIAN_POINT('',(5.157205298706,-32.68923236977));
#5630 = CARTESIAN_POINT('',(5.217596857681,-32.77020769481));
#5631 = CARTESIAN_POINT('',(5.279623558068,-32.85056022778));
#5632 = CARTESIAN_POINT('',(5.343186332383,-32.92295693481));
#5633 = CARTESIAN_POINT('',(5.408150908895,-32.97867472244));
#5634 = CARTESIAN_POINT('',(5.474337266916,-33.00783997082));
#5635 = CARTESIAN_POINT('',(5.565173870194,-32.9954636613));
#5636 = CARTESIAN_POINT('',(5.58917316427,-32.98740190768));
#5637 = CARTESIAN_POINT('',(5.613334931867,-32.97390932353));
#5638 = CARTESIAN_POINT('',(5.637590229731,-32.95439946367));
#5639 = CARTESIAN_POINT('',(5.661873693973,-32.92830898902));
#5640 = CARTESIAN_POINT('',(5.686121210839,-32.89510061923));
#5641 = CARTESIAN_POINT('',(5.748274264948,-32.7899920545));
#5642 = CARTESIAN_POINT('',(5.785923051148,-32.70700569143));
#5643 = CARTESIAN_POINT('',(5.822639159133,-32.60405860122));
#5644 = CARTESIAN_POINT('',(5.857927715047,-32.48098356143));
#5645 = CARTESIAN_POINT('',(5.891337601602,-32.33885194994));
#5646 = CARTESIAN_POINT('',(5.922463058592,-32.18014401045));
#5647 = CARTESIAN_POINT('',(5.960813475236,-31.9499175795));
#5648 = CARTESIAN_POINT('',(5.970349911347,-31.88932425096));
#5649 = CARTESIAN_POINT('',(5.979589516326,-31.82723781947));
#5650 = CARTESIAN_POINT('',(5.988529615784,-31.76374931224));
#5651 = CARTESIAN_POINT('',(5.997167784313,-31.6989550033));
#5652 = CARTESIAN_POINT('',(6.005501936388,-31.6329564825));
#5653 = CARTESIAN_POINT('',(6.052128081125,-31.24329166735));
#5654 = CARTESIAN_POINT('',(6.083507480695,-30.89664453169));
#5655 = CARTESIAN_POINT('',(6.108163337328,-30.53334041173));
#5656 = CARTESIAN_POINT('',(6.126419460643,-30.15915144006));
#5657 = CARTESIAN_POINT('',(6.138529329055,-29.77854296913));
#5658 = CARTESIAN_POINT('',(6.14464949652,-29.39510215815));
#5659 = CARTESIAN_POINT('',(6.144811315235,-29.01035454411));
#5660 = CARTESIAN_POINT('',(6.144811920088,-29.00862878866));
#5661 = CARTESIAN_POINT('',(6.144812403971,-29.00690303207));
#5662 = CARTESIAN_POINT('',(6.144812766883,-29.00517727462));
#5663 = CARTESIAN_POINT('',(6.144813008824,-29.0034515166));
#5664 = CARTESIAN_POINT('',(6.144813129794,-29.0017257583));
#5665 = CARTESIAN_POINT('',(6.144813129794,-29.));
#5666 = ( GEOMETRIC_REPRESENTATION_CONTEXT(2) 
PARAMETRIC_REPRESENTATION_CONTEXT() REPRESENTATION_CONTEXT('2D SPACE',''
  ) );
#5667 = ORIENTED_EDGE('',*,*,#5668,.F.);
#5668 = EDGE_CURVE('',#5669,#5361,#5671,.T.);
#5669 = VERTEX_POINT('',#5670);
#5670 = CARTESIAN_POINT('',(34.75,-5.,58.));
#5671 = SURFACE_CURVE('',#5672,(#5771,#5873),.PCURVE_S1.);
#5672 = B_SPLINE_CURVE_WITH_KNOTS('',7,(#5673,#5674,#5675,#5676,#5677,
    #5678,#5679,#5680,#5681,#5682,#5683,#5684,#5685,#5686,#5687,#5688,
    #5689,#5690,#5691,#5692,#5693,#5694,#5695,#5696,#5697,#5698,#5699,
    #5700,#5701,#5702,#5703,#5704,#5705,#5706,#5707,#5708,#5709,#5710,
    #5711,#5712,#5713,#5714,#5715,#5716,#5717,#5718,#5719,#5720,#5721,
    #5722,#5723,#5724,#5725,#5726,#5727,#5728,#5729,#5730,#5731,#5732,
    #5733,#5734,#5735,#5736,#5737,#5738,#5739,#5740,#5741,#5742,#5743,
    #5744,#5745,#5746,#5747,#5748,#5749,#5750,#5751,#5752,#5753,#5754,
    #5755,#5756,#5757,#5758,#5759,#5760,#5761,#5762,#5763,#5764,#5765,
    #5766,#5767,#5768,#5769,#5770),.UNSPECIFIED.,.F.,.F.,(8,6,6,6,6,6,6,
    6,6,6,6,6,6,6,6,6,8),(0.,4.014027631406E-04,0.116650807434,
    0.140805842084,0.18182641101,0.226847248578,0.289448092235,
    0.383449813131,0.502616135328,0.564742328214,0.621528194273,
    0.746343219133,0.790560392044,0.860158736109,0.884148301951,
    0.999480356662,1.),.UNSPECIFIED.);
#5673 = CARTESIAN_POINT('',(32.819296691827,-1.,62.));
#5674 = CARTESIAN_POINT('',(32.819296691827,-1.,61.998676047379));
#5675 = CARTESIAN_POINT('',(32.819296763025,-1.000000511248,
    61.997352094759));
#5676 = CARTESIAN_POINT('',(32.81929690542,-1.000001533744,
    61.996028142267));
#5677 = CARTESIAN_POINT('',(32.819297119013,-1.000003067489,
    61.994704190032));
#5678 = CARTESIAN_POINT('',(32.819297403804,-1.000005112481,
    61.993380238184));
#5679 = CARTESIAN_POINT('',(32.819297759794,-1.000007668723,
    61.992056286851));
#5680 = CARTESIAN_POINT('',(32.819421904561,-1.000899105708,
    61.607305779037));
#5681 = CARTESIAN_POINT('',(32.82551676568,-1.04466846366,
    61.223448333696));
#5682 = CARTESIAN_POINT('',(32.837639500178,-1.131524805424,
    60.842416269715));
#5683 = CARTESIAN_POINT('',(32.857566801045,-1.262384367394,
    60.467802539395));
#5684 = CARTESIAN_POINT('',(32.888884349411,-1.438567946076,
    60.104082943663));
#5685 = CARTESIAN_POINT('',(32.937368630133,-1.661387698349,
    59.757046778579));
#5686 = CARTESIAN_POINT('',(33.027500181487,-1.987494471917,
    59.3670435175));
#5687 = CARTESIAN_POINT('',(33.044122182413,-2.04558833645,
    59.301044996691));
#5688 = CARTESIAN_POINT('',(33.061927248521,-2.105635618831,
    59.23625068775));
#5689 = CARTESIAN_POINT('',(33.080984562611,-2.167592970541,
    59.172762180522));
#5690 = CARTESIAN_POINT('',(33.101364903012,-2.231411489134,
    59.110675749036));
#5691 = CARTESIAN_POINT('',(33.123140259516,-2.297037138486,
    59.050082420496));
#5692 = CARTESIAN_POINT('',(33.185855504875,-2.478827111902,
    58.890848635695));
#5693 = CARTESIAN_POINT('',(33.229606621671,-2.598419037169,
    58.795065951301));
#5694 = CARTESIAN_POINT('',(33.277902642265,-2.722602862925,
    58.704436526993));
#5695 = CARTESIAN_POINT('',(33.330965555741,-2.850719633719,
    58.619519699445));
#5696 = CARTESIAN_POINT('',(33.388955661736,-2.982054968226,
    58.540726329012));
#5697 = CARTESIAN_POINT('',(33.451953734457,-3.115858506903,
    58.468327522623));
#5698 = CARTESIAN_POINT('',(33.594562875471,-3.400082456564,
    58.330176209178));
#5699 = CARTESIAN_POINT('',(33.674977950929,-3.550417977712,
    58.265970723847));
#5700 = CARTESIAN_POINT('',(33.761108803224,-3.701341078542,
    58.209944708556));
#5701 = CARTESIAN_POINT('',(33.852732988987,-3.851812618146,
    58.162011064871));
#5702 = CARTESIAN_POINT('',(33.949461522034,-4.000798731976,
    58.121914125615));
#5703 = CARTESIAN_POINT('',(34.050715164065,-4.147286404557,
    58.089245992407));
#5704 = CARTESIAN_POINT('',(34.301681653009,-4.489156110462,
    58.027611807358));
#5705 = CARTESIAN_POINT('',(34.454830732928,-4.681229216345,
    58.005084299721));
#5706 = CARTESIAN_POINT('',(34.61435400985,-4.865734387321,
    57.994073113957));
#5707 = CARTESIAN_POINT('',(34.779404339975,-5.042111229135,
    57.992924877859));
#5708 = CARTESIAN_POINT('',(34.949098520472,-5.209961168293,
    58.000105349037));
#5709 = CARTESIAN_POINT('',(35.122521201627,-5.369010232402,
    58.014182247024));
#5710 = CARTESIAN_POINT('',(35.563289865201,-5.744466415132,
    58.063322280674));
#5711 = CARTESIAN_POINT('',(35.83526867228,-5.950609789583,
    58.105498168185));
#5712 = CARTESIAN_POINT('',(36.113165830882,-6.138068769308,
    58.156236988591));
#5713 = CARTESIAN_POINT('',(36.39592432346,-6.307604743171,
    58.212274404286));
#5714 = CARTESIAN_POINT('',(36.682936610923,-6.460022919201,
    58.270910043035));
#5715 = CARTESIAN_POINT('',(36.974017637612,-6.596025867584,
    58.329799675026));
#5716 = CARTESIAN_POINT('',(37.643699702045,-6.868309112314,
    58.459122083846));
#5717 = CARTESIAN_POINT('',(38.026361418033,-6.995523096369,
    58.528711705633));
#5718 = CARTESIAN_POINT('',(38.41488311964,-7.097187008058,
    58.590684178882));
#5719 = CARTESIAN_POINT('',(38.807377875901,-7.173358046322,
    58.640669388364));
#5720 = CARTESIAN_POINT('',(39.202714179719,-7.224301507527,
    58.675327106499));
#5721 = CARTESIAN_POINT('',(39.600378233157,-7.25,58.692810861169));
#5722 = CARTESIAN_POINT('',(40.208338887284,-7.25,58.692810861169));
#5723 = CARTESIAN_POINT('',(40.416559812744,-7.243015296522,
    58.688058921834));
#5724 = CARTESIAN_POINT('',(40.62447442863,-7.229059997446,
    58.678564608788));
#5725 = CARTESIAN_POINT('',(40.831883240459,-7.208144108498,
    58.66447074279));
#5726 = CARTESIAN_POINT('',(41.038555796727,-7.180276641422,
    58.646053809891));
#5727 = CARTESIAN_POINT('',(41.244211019595,-7.145481586457,
    58.62371395865));
#5728 = CARTESIAN_POINT('',(41.635223986277,-7.065752534253,
    58.574409469081));
#5729 = CARTESIAN_POINT('',(41.820866424695,-7.021935116694,
    58.547999676648));
#5730 = CARTESIAN_POINT('',(42.005384700044,-6.972372870242,
    58.5190786159));
#5731 = CARTESIAN_POINT('',(42.188717553179,-6.917046014971,
    58.48804524042));
#5732 = CARTESIAN_POINT('',(42.370782424979,-6.855920817585,
    58.455338508408));
#5733 = CARTESIAN_POINT('',(42.551475123776,-6.788953791802,
    58.421431842526));
#5734 = CARTESIAN_POINT('',(43.124537741664,-6.55595464591,
    58.310767630229));
#5735 = CARTESIAN_POINT('',(43.519175832777,-6.364096597956,
    58.22979230519));
#5736 = CARTESIAN_POINT('',(43.91045550416,-6.138838336299,
    58.149439772211));
#5737 = CARTESIAN_POINT('',(44.293881365737,-5.879097504632,
    58.077043065188));
#5738 = CARTESIAN_POINT('',(44.664440186439,-5.584674139958,
    58.02132527756));
#5739 = CARTESIAN_POINT('',(45.016682644088,-5.256602922333,
    57.992160029178));
#5740 = CARTESIAN_POINT('',(45.461607075976,-4.77106136754,
    58.004536338699));
#5741 = CARTESIAN_POINT('',(45.575636137927,-4.639553140428,
    58.01259809232));
#5742 = CARTESIAN_POINT('',(45.68670645361,-4.503951604303,
    58.026090676463));
#5743 = CARTESIAN_POINT('',(45.794305554737,-4.364699742261,
    58.045600536322));
#5744 = CARTESIAN_POINT('',(45.89800263199,-4.222283334777,
    58.071691010978));
#5745 = CARTESIAN_POINT('',(45.997442742271,-4.077232761034,
    58.104899380763));
#5746 = CARTESIAN_POINT('',(46.241712001638,-3.698575160216,
    58.210007945492));
#5747 = CARTESIAN_POINT('',(46.379408644307,-3.462582668956,
    58.292994308567));
#5748 = CARTESIAN_POINT('',(46.503171023475,-3.226419743309,
    58.395941398775));
#5749 = CARTESIAN_POINT('',(46.612034285619,-2.994447908841,
    58.519016438563));
#5750 = CARTESIAN_POINT('',(46.706086727073,-2.770954412974,
    58.661148050055));
#5751 = CARTESIAN_POINT('',(46.786183587032,-2.559876188724,
    58.819855989542));
#5752 = CARTESIAN_POINT('',(46.876859740482,-2.297037138489,
    59.050082420493));
#5753 = CARTESIAN_POINT('',(46.898635096988,-2.231411489134,
    59.110675749035));
#5754 = CARTESIAN_POINT('',(46.91901543739,-2.167592970539,
    59.172762180525));
#5755 = CARTESIAN_POINT('',(46.93807275148,-2.105635618829,
    59.236250687752));
#5756 = CARTESIAN_POINT('',(46.955877817587,-2.04558833645,
    59.301044996691));
#5757 = CARTESIAN_POINT('',(46.972499818513,-1.98749447192,
    59.367043517497));
#5758 = CARTESIAN_POINT('',(47.062553153453,-1.661670694727,
    59.756708332649));
#5759 = CARTESIAN_POINT('',(47.111013974568,-1.439035109518,
    60.103355468307));
#5760 = CARTESIAN_POINT('',(47.142334852901,-1.262937920607,
    60.466659588267));
#5761 = CARTESIAN_POINT('',(47.162277065548,-1.132072302848,
    60.840848559934));
#5762 = CARTESIAN_POINT('',(47.17441981812,-1.045122790103,
    61.221457030866));
#5763 = CARTESIAN_POINT('',(47.180539671936,-1.001175001583,
    61.604897841845));
#5764 = CARTESIAN_POINT('',(47.180701493603,-1.000013029812,
    61.989645455883));
#5765 = CARTESIAN_POINT('',(47.180702098463,-1.00000868654,
    61.991371211336));
#5766 = CARTESIAN_POINT('',(47.180702582348,-1.000005211923,
    61.993096967928));
#5767 = CARTESIAN_POINT('',(47.180702945261,-1.000002605962,
    61.994822725376));
#5768 = CARTESIAN_POINT('',(47.180703187202,-1.000000868654,
    61.996548483394));
#5769 = CARTESIAN_POINT('',(47.180703308173,-1.,61.998274241697));
#5770 = CARTESIAN_POINT('',(47.180703308173,-1.,62.));
#5771 = PCURVE('',#3202,#5772);
#5772 = DEFINITIONAL_REPRESENTATION('',(#5773),#5872);
#5773 = B_SPLINE_CURVE_WITH_KNOTS('',7,(#5774,#5775,#5776,#5777,#5778,
    #5779,#5780,#5781,#5782,#5783,#5784,#5785,#5786,#5787,#5788,#5789,
    #5790,#5791,#5792,#5793,#5794,#5795,#5796,#5797,#5798,#5799,#5800,
    #5801,#5802,#5803,#5804,#5805,#5806,#5807,#5808,#5809,#5810,#5811,
    #5812,#5813,#5814,#5815,#5816,#5817,#5818,#5819,#5820,#5821,#5822,
    #5823,#5824,#5825,#5826,#5827,#5828,#5829,#5830,#5831,#5832,#5833,
    #5834,#5835,#5836,#5837,#5838,#5839,#5840,#5841,#5842,#5843,#5844,
    #5845,#5846,#5847,#5848,#5849,#5850,#5851,#5852,#5853,#5854,#5855,
    #5856,#5857,#5858,#5859,#5860,#5861,#5862,#5863,#5864,#5865,#5866,
    #5867,#5868,#5869,#5870,#5871),.UNSPECIFIED.,.F.,.F.,(8,6,6,6,6,6,6,
    6,6,6,6,6,6,6,6,6,8),(0.,4.014027631406E-04,0.116650807434,
    0.140805842084,0.18182641101,0.226847248578,0.289448092235,
    0.383449813131,0.502616135328,0.564742328214,0.621528194273,
    0.746343219133,0.790560392044,0.860158736109,0.884148301951,
    0.999480356662,1.),.UNSPECIFIED.);
#5774 = CARTESIAN_POINT('',(-6.28318530718,-88.81929669182));
#5775 = CARTESIAN_POINT('',(-6.282854319024,-88.81929669182));
#5776 = CARTESIAN_POINT('',(-6.282523330869,-88.81929676302));
#5777 = CARTESIAN_POINT('',(-6.282192342687,-88.81929690542));
#5778 = CARTESIAN_POINT('',(-6.281861354451,-88.81929711901));
#5779 = CARTESIAN_POINT('',(-6.281530366133,-88.8192974038));
#5780 = CARTESIAN_POINT('',(-6.281199377708,-88.81929775979));
#5781 = CARTESIAN_POINT('',(-6.185011492581,-88.81942190456));
#5782 = CARTESIAN_POINT('',(-6.089022015494,-88.82551676567));
#5783 = CARTESIAN_POINT('',(-5.992275453407,-88.83763950018));
#5784 = CARTESIAN_POINT('',(-5.894212294875,-88.85756680104));
#5785 = CARTESIAN_POINT('',(-5.794298116437,-88.88888434941));
#5786 = CARTESIAN_POINT('',(-5.692007956211,-88.93736863013));
#5787 = CARTESIAN_POINT('',(-5.564913460996,-89.02750018148));
#5788 = CARTESIAN_POINT('',(-5.542939437893,-89.04412218241));
#5789 = CARTESIAN_POINT('',(-5.520866027407,-89.06192724852));
#5790 = CARTESIAN_POINT('',(-5.498701833745,-89.08098456261));
#5791 = CARTESIAN_POINT('',(-5.476454757413,-89.10136490301));
#5792 = CARTESIAN_POINT('',(-5.454132117403,-89.12314025951));
#5793 = CARTESIAN_POINT('',(-5.393715339592,-89.18585550487));
#5794 = CARTESIAN_POINT('',(-5.355447488235,-89.22960662167));
#5795 = CARTESIAN_POINT('',(-5.31707477015,-89.27790264226));
#5796 = CARTESIAN_POINT('',(-5.278718934738,-89.33096555574));
#5797 = CARTESIAN_POINT('',(-5.240490376289,-89.38895566173));
#5798 = CARTESIAN_POINT('',(-5.202492580315,-89.45195373445));
#5799 = CARTESIAN_POINT('',(-5.123487422664,-89.59456287547));
#5800 = CARTESIAN_POINT('',(-5.082668285645,-89.67497795092));
#5801 = CARTESIAN_POINT('',(-5.042494964052,-89.76110880322));
#5802 = CARTESIAN_POINT('',(-5.003090287408,-89.85273298898));
#5803 = CARTESIAN_POINT('',(-4.964578240721,-89.94946152203));
#5804 = CARTESIAN_POINT('',(-4.92708809567,-90.05071516406));
#5805 = CARTESIAN_POINT('',(-4.840242806296,-90.301681653));
#5806 = CARTESIAN_POINT('',(-4.791987064949,-90.45483073292));
#5807 = CARTESIAN_POINT('',(-4.745893896377,-90.61435400985));
#5808 = CARTESIAN_POINT('',(-4.701901049572,-90.77940433997));
#5809 = CARTESIAN_POINT('',(-4.659972162811,-90.94909852047));
#5810 = CARTESIAN_POINT('',(-4.620089376312,-91.12252120162));
#5811 = CARTESIAN_POINT('',(-4.525424807948,-91.5632898652));
#5812 = CARTESIAN_POINT('',(-4.47295608138,-91.83526867228));
#5813 = CARTESIAN_POINT('',(-4.424543207436,-92.11316583088));
#5814 = CARTESIAN_POINT('',(-4.380004773847,-92.39592432346));
#5815 = CARTESIAN_POINT('',(-4.339237479535,-92.68293661092));
#5816 = CARTESIAN_POINT('',(-4.302208193413,-92.97401763761));
#5817 = CARTESIAN_POINT('',(-4.226849695724,-93.64369970204));
#5818 = CARTESIAN_POINT('',(-4.190657909621,-94.02636141803));
#5819 = CARTESIAN_POINT('',(-4.160930841554,-94.41488311964));
#5820 = CARTESIAN_POINT('',(-4.138156697614,-94.8073778759));
#5821 = CARTESIAN_POINT('',(-4.122753094688,-95.20271417971));
#5822 = CARTESIAN_POINT('',(-4.114982563739,-95.60037823315));
#5823 = CARTESIAN_POINT('',(-4.114982563739,-96.20833888728));
#5824 = CARTESIAN_POINT('',(-4.117094528557,-96.41655981274));
#5825 = CARTESIAN_POINT('',(-4.121314251369,-96.62447442863));
#5826 = CARTESIAN_POINT('',(-4.127619459728,-96.83188324045));
#5827 = CARTESIAN_POINT('',(-4.135969530173,-97.03855579672));
#5828 = CARTESIAN_POINT('',(-4.146305363436,-97.24421101959));
#5829 = CARTESIAN_POINT('',(-4.16974098597,-97.63522398627));
#5830 = CARTESIAN_POINT('',(-4.182530376022,-97.82086642469));
#5831 = CARTESIAN_POINT('',(-4.196873812742,-98.00538470004));
#5832 = CARTESIAN_POINT('',(-4.21272820164,-98.18871755317));
#5833 = CARTESIAN_POINT('',(-4.230053065492,-98.37078242497));
#5834 = CARTESIAN_POINT('',(-4.248812478426,-98.55147512377));
#5835 = CARTESIAN_POINT('',(-4.313298508827,-99.12453774166));
#5836 = CARTESIAN_POINT('',(-4.365309201917,-99.51917583277));
#5837 = CARTESIAN_POINT('',(-4.424940319258,-99.91045550416));
#5838 = CARTESIAN_POINT('',(-4.492004096136,-100.2938813657));
#5839 = CARTESIAN_POINT('',(-4.566406117949,-100.6644401864));
#5840 = CARTESIAN_POINT('',(-4.648211894741,-101.016682644));
#5841 = CARTESIAN_POINT('',(-4.769636710592,-101.4616070759));
#5842 = CARTESIAN_POINT('',(-4.802554440917,-101.5756361379));
#5843 = CARTESIAN_POINT('',(-4.836582118598,-101.6867064536));
#5844 = CARTESIAN_POINT('',(-4.871682238368,-101.7943055547));
#5845 = CARTESIAN_POINT('',(-4.907824548887,-101.8980026319));
#5846 = CARTESIAN_POINT('',(-4.944986575491,-101.9974427422));
#5847 = CARTESIAN_POINT('',(-5.043230337709,-102.2417120016));
#5848 = CARTESIAN_POINT('',(-5.105627904133,-102.3794086443));
#5849 = CARTESIAN_POINT('',(-5.169755873298,-102.5031710234));
#5850 = CARTESIAN_POINT('',(-5.235050841765,-102.6120342856));
#5851 = CARTESIAN_POINT('',(-5.300941196953,-102.706086727));
#5852 = CARTESIAN_POINT('',(-5.366779178185,-102.786183587));
#5853 = CARTESIAN_POINT('',(-5.454132117402,-102.8768597404));
#5854 = CARTESIAN_POINT('',(-5.476454757413,-102.8986350969));
#5855 = CARTESIAN_POINT('',(-5.498701833746,-102.9190154373));
#5856 = CARTESIAN_POINT('',(-5.520866027407,-102.9380727514));
#5857 = CARTESIAN_POINT('',(-5.542939437893,-102.9558778175));
#5858 = CARTESIAN_POINT('',(-5.564913460995,-102.9724998185));
#5859 = CARTESIAN_POINT('',(-5.691897663249,-103.0625531534));
#5860 = CARTESIAN_POINT('',(-5.794083678377,-103.1110139745));
#5861 = CARTESIAN_POINT('',(-5.893898340165,-103.1423348529));
#5862 = CARTESIAN_POINT('',(-5.991865075062,-103.1622770655));
#5863 = CARTESIAN_POINT('',(-6.088516358813,-103.1744198181));
#5864 = CARTESIAN_POINT('',(-6.184409326361,-103.1805396719));
#5865 = CARTESIAN_POINT('',(-6.280596668527,-103.1807014936));
#5866 = CARTESIAN_POINT('',(-6.281028108702,-103.1807020984));
#5867 = CARTESIAN_POINT('',(-6.281459548637,-103.1807025823));
#5868 = CARTESIAN_POINT('',(-6.281890988392,-103.1807029452));
#5869 = CARTESIAN_POINT('',(-6.282322428028,-103.1807031872));
#5870 = CARTESIAN_POINT('',(-6.282753867604,-103.1807033081));
#5871 = CARTESIAN_POINT('',(-6.28318530718,-103.1807033081));
#5872 = ( GEOMETRIC_REPRESENTATION_CONTEXT(2) 
PARAMETRIC_REPRESENTATION_CONTEXT() REPRESENTATION_CONTEXT('2D SPACE',''
  ) );
#5873 = PCURVE('',#5874,#5879);
#5874 = CYLINDRICAL_SURFACE('',#5875,7.25);
#5875 = AXIS2_PLACEMENT_3D('',#5876,#5877,#5878);
#5876 = CARTESIAN_POINT('',(40.,0.,91.));
#5877 = DIRECTION('',(0.,0.,1.));
#5878 = DIRECTION('',(1.,0.,0.));
#5879 = DEFINITIONAL_REPRESENTATION('',(#5880),#5979);
#5880 = B_SPLINE_CURVE_WITH_KNOTS('',7,(#5881,#5882,#5883,#5884,#5885,
    #5886,#5887,#5888,#5889,#5890,#5891,#5892,#5893,#5894,#5895,#5896,
    #5897,#5898,#5899,#5900,#5901,#5902,#5903,#5904,#5905,#5906,#5907,
    #5908,#5909,#5910,#5911,#5912,#5913,#5914,#5915,#5916,#5917,#5918,
    #5919,#5920,#5921,#5922,#5923,#5924,#5925,#5926,#5927,#5928,#5929,
    #5930,#5931,#5932,#5933,#5934,#5935,#5936,#5937,#5938,#5939,#5940,
    #5941,#5942,#5943,#5944,#5945,#5946,#5947,#5948,#5949,#5950,#5951,
    #5952,#5953,#5954,#5955,#5956,#5957,#5958,#5959,#5960,#5961,#5962,
    #5963,#5964,#5965,#5966,#5967,#5968,#5969,#5970,#5971,#5972,#5973,
    #5974,#5975,#5976,#5977,#5978),.UNSPECIFIED.,.F.,.F.,(8,6,6,6,6,6,6,
    6,6,6,6,6,6,6,6,6,8),(0.,4.014027631406E-04,0.116650807434,
    0.140805842084,0.18182641101,0.226847248578,0.289448092235,
    0.383449813131,0.502616135328,0.564742328214,0.621528194273,
    0.746343219133,0.790560392044,0.860158736109,0.884148301951,
    0.999480356662,1.),.UNSPECIFIED.);
#5881 = CARTESIAN_POINT('',(3.279964830975,-29.));
#5882 = CARTESIAN_POINT('',(3.279964830975,-29.00132395262));
#5883 = CARTESIAN_POINT('',(3.279964902172,-29.00264790524));
#5884 = CARTESIAN_POINT('',(3.279965044567,-29.00397185773));
#5885 = CARTESIAN_POINT('',(3.27996525816,-29.00529580996));
#5886 = CARTESIAN_POINT('',(3.27996554295,-29.00661976181));
#5887 = CARTESIAN_POINT('',(3.279965898938,-29.00794371314));
#5888 = CARTESIAN_POINT('',(3.280090042372,-29.39269422096));
#5889 = CARTESIAN_POINT('',(3.286185357932,-29.7765516663));
#5890 = CARTESIAN_POINT('',(3.298282120071,-30.15758373028));
#5891 = CARTESIAN_POINT('',(3.316537123096,-30.5321974606));
#5892 = CARTESIAN_POINT('',(3.341204635767,-30.89591705633));
#5893 = CARTESIAN_POINT('',(3.372609382201,-31.24295322142));
#5894 = CARTESIAN_POINT('',(3.419276024381,-31.6329564825));
#5895 = CARTESIAN_POINT('',(3.427610176457,-31.6989550033));
#5896 = CARTESIAN_POINT('',(3.436248344985,-31.76374931225));
#5897 = CARTESIAN_POINT('',(3.445188444444,-31.82723781947));
#5898 = CARTESIAN_POINT('',(3.454428049422,-31.88932425096));
#5899 = CARTESIAN_POINT('',(3.463964485533,-31.9499175795));
#5900 = CARTESIAN_POINT('',(3.490489163719,-32.1091513643));
#5901 = CARTESIAN_POINT('',(3.50805085038,-32.20493404869));
#5902 = CARTESIAN_POINT('',(3.526423134514,-32.295563473));
#5903 = CARTESIAN_POINT('',(3.545541532813,-32.38048030055));
#5904 = CARTESIAN_POINT('',(3.565335097359,-32.45927367098));
#5905 = CARTESIAN_POINT('',(3.585727588527,-32.53167247737));
#5906 = CARTESIAN_POINT('',(3.629588924601,-32.66982379082));
#5907 = CARTESIAN_POINT('',(3.653097058643,-32.73402927615));
#5908 = CARTESIAN_POINT('',(3.677050662828,-32.79005529144));
#5909 = CARTESIAN_POINT('',(3.701332397522,-32.83798893512));
#5910 = CARTESIAN_POINT('',(3.725817163097,-32.87808587438));
#5911 = CARTESIAN_POINT('',(3.75036929238,-32.91075400759));
#5912 = CARTESIAN_POINT('',(3.808865561865,-32.97238819264));
#5913 = CARTESIAN_POINT('',(3.842722158352,-32.99491570027));
#5914 = CARTESIAN_POINT('',(3.87632197976,-33.00592688604));
#5915 = CARTESIAN_POINT('',(3.909594844309,-33.00707512214));
#5916 = CARTESIAN_POINT('',(3.942478838047,-32.99989465096));
#5917 = CARTESIAN_POINT('',(3.974913950057,-32.98581775297));
#5918 = CARTESIAN_POINT('',(4.054776419229,-32.93667771932));
#5919 = CARTESIAN_POINT('',(4.101772180203,-32.89450183181));
#5920 = CARTESIAN_POINT('',(4.147898252663,-32.8437630114));
#5921 = CARTESIAN_POINT('',(4.193259489371,-32.78772559571));
#5922 = CARTESIAN_POINT('',(4.237989269835,-32.72908995696));
#5923 = CARTESIAN_POINT('',(4.282247166532,-32.67020032497));
#5924 = CARTESIAN_POINT('',(4.38196016565,-32.54087791615));
#5925 = CARTESIAN_POINT('',(4.437463096526,-32.47128829436));
#5926 = CARTESIAN_POINT('',(4.492670241205,-32.40931582111));
#5927 = CARTESIAN_POINT('',(4.547615791663,-32.35933061163));
#5928 = CARTESIAN_POINT('',(4.602418534154,-32.3246728935));
#5929 = CARTESIAN_POINT('',(4.657268736682,-32.30718913883));
#5930 = CARTESIAN_POINT('',(4.741125378631,-32.30718913883));
#5931 = CARTESIAN_POINT('',(4.769845500567,-32.31194107816));
#5932 = CARTESIAN_POINT('',(4.798562157602,-32.32143539121));
#5933 = CARTESIAN_POINT('',(4.82728632112,-32.33552925721));
#5934 = CARTESIAN_POINT('',(4.856024960775,-32.3539461901));
#5935 = CARTESIAN_POINT('',(4.884778146717,-32.37628604135));
#5936 = CARTESIAN_POINT('',(4.939820728763,-32.42559053091));
#5937 = CARTESIAN_POINT('',(4.966117834958,-32.45200032335));
#5938 = CARTESIAN_POINT('',(4.992450959452,-32.4809213841));
#5939 = CARTESIAN_POINT('',(5.018842199526,-32.51195475958));
#5940 = CARTESIAN_POINT('',(5.045311820455,-32.54466149159));
#5941 = CARTESIAN_POINT('',(5.071878551362,-32.57856815747));
#5942 = CARTESIAN_POINT('',(5.157205298706,-32.68923236977));
#5943 = CARTESIAN_POINT('',(5.217596857681,-32.77020769481));
#5944 = CARTESIAN_POINT('',(5.279623558068,-32.85056022778));
#5945 = CARTESIAN_POINT('',(5.343186332383,-32.92295693481));
#5946 = CARTESIAN_POINT('',(5.408150908895,-32.97867472244));
#5947 = CARTESIAN_POINT('',(5.474337266916,-33.00783997082));
#5948 = CARTESIAN_POINT('',(5.565173870194,-32.9954636613));
#5949 = CARTESIAN_POINT('',(5.58917316427,-32.98740190768));
#5950 = CARTESIAN_POINT('',(5.613334931867,-32.97390932353));
#5951 = CARTESIAN_POINT('',(5.637590229731,-32.95439946367));
#5952 = CARTESIAN_POINT('',(5.661873693973,-32.92830898902));
#5953 = CARTESIAN_POINT('',(5.686121210839,-32.89510061923));
#5954 = CARTESIAN_POINT('',(5.748274264948,-32.7899920545));
#5955 = CARTESIAN_POINT('',(5.785923051148,-32.70700569143));
#5956 = CARTESIAN_POINT('',(5.822639159133,-32.60405860122));
#5957 = CARTESIAN_POINT('',(5.857927715047,-32.48098356143));
#5958 = CARTESIAN_POINT('',(5.891337601602,-32.33885194994));
#5959 = CARTESIAN_POINT('',(5.922463058592,-32.18014401045));
#5960 = CARTESIAN_POINT('',(5.960813475236,-31.9499175795));
#5961 = CARTESIAN_POINT('',(5.970349911347,-31.88932425096));
#5962 = CARTESIAN_POINT('',(5.979589516326,-31.82723781947));
#5963 = CARTESIAN_POINT('',(5.988529615784,-31.76374931224));
#5964 = CARTESIAN_POINT('',(5.997167784313,-31.6989550033));
#5965 = CARTESIAN_POINT('',(6.005501936388,-31.6329564825));
#5966 = CARTESIAN_POINT('',(6.052128081125,-31.24329166735));
#5967 = CARTESIAN_POINT('',(6.083507480695,-30.89664453169));
#5968 = CARTESIAN_POINT('',(6.108163337328,-30.53334041173));
#5969 = CARTESIAN_POINT('',(6.126419460643,-30.15915144006));
#5970 = CARTESIAN_POINT('',(6.138529329055,-29.77854296913));
#5971 = CARTESIAN_POINT('',(6.14464949652,-29.39510215815));
#5972 = CARTESIAN_POINT('',(6.144811315235,-29.01035454411));
#5973 = CARTESIAN_POINT('',(6.144811920088,-29.00862878866));
#5974 = CARTESIAN_POINT('',(6.144812403971,-29.00690303207));
#5975 = CARTESIAN_POINT('',(6.144812766883,-29.00517727462));
#5976 = CARTESIAN_POINT('',(6.144813008824,-29.0034515166));
#5977 = CARTESIAN_POINT('',(6.144813129794,-29.0017257583));
#5978 = CARTESIAN_POINT('',(6.144813129794,-29.));
#5979 = ( GEOMETRIC_REPRESENTATION_CONTEXT(2) 
PARAMETRIC_REPRESENTATION_CONTEXT() REPRESENTATION_CONTEXT('2D SPACE',''
  ) );
#5980 = ORIENTED_EDGE('',*,*,#5981,.F.);
#5981 = EDGE_CURVE('',#4979,#5669,#5982,.T.);
#5982 = SURFACE_CURVE('',#5983,(#6082,#6184),.PCURVE_S1.);
#5983 = B_SPLINE_CURVE_WITH_KNOTS('',7,(#5984,#5985,#5986,#5987,#5988,
    #5989,#5990,#5991,#5992,#5993,#5994,#5995,#5996,#5997,#5998,#5999,
    #6000,#6001,#6002,#6003,#6004,#6005,#6006,#6007,#6008,#6009,#6010,
    #6011,#6012,#6013,#6014,#6015,#6016,#6017,#6018,#6019,#6020,#6021,
    #6022,#6023,#6024,#6025,#6026,#6027,#6028,#6029,#6030,#6031,#6032,
    #6033,#6034,#6035,#6036,#6037,#6038,#6039,#6040,#6041,#6042,#6043,
    #6044,#6045,#6046,#6047,#6048,#6049,#6050,#6051,#6052,#6053,#6054,
    #6055,#6056,#6057,#6058,#6059,#6060,#6061,#6062,#6063,#6064,#6065,
    #6066,#6067,#6068,#6069,#6070,#6071,#6072,#6073,#6074,#6075,#6076,
    #6077,#6078,#6079,#6080,#6081),.UNSPECIFIED.,.F.,.F.,(8,6,6,6,6,6,6,
    6,6,6,6,6,6,6,6,6,8),(0.,4.014027631406E-04,0.116650807434,
    0.140805842084,0.18182641101,0.226847248578,0.289448092235,
    0.383449813131,0.502616135328,0.564742328214,0.621528194273,
    0.746343219133,0.790560392044,0.860158736109,0.884148301951,
    0.999480356662,1.),.UNSPECIFIED.);
#5984 = CARTESIAN_POINT('',(32.819296691827,-1.,62.));
#5985 = CARTESIAN_POINT('',(32.819296691827,-1.,61.998676047379));
#5986 = CARTESIAN_POINT('',(32.819296763025,-1.000000511248,
    61.997352094759));
#5987 = CARTESIAN_POINT('',(32.81929690542,-1.000001533744,
    61.996028142267));
#5988 = CARTESIAN_POINT('',(32.819297119013,-1.000003067489,
    61.994704190032));
#5989 = CARTESIAN_POINT('',(32.819297403804,-1.000005112481,
    61.993380238184));
#5990 = CARTESIAN_POINT('',(32.819297759794,-1.000007668723,
    61.992056286851));
#5991 = CARTESIAN_POINT('',(32.819421904561,-1.000899105708,
    61.607305779037));
#5992 = CARTESIAN_POINT('',(32.82551676568,-1.04466846366,
    61.223448333696));
#5993 = CARTESIAN_POINT('',(32.837639500178,-1.131524805424,
    60.842416269715));
#5994 = CARTESIAN_POINT('',(32.857566801045,-1.262384367394,
    60.467802539395));
#5995 = CARTESIAN_POINT('',(32.888884349411,-1.438567946076,
    60.104082943663));
#5996 = CARTESIAN_POINT('',(32.937368630133,-1.661387698349,
    59.757046778579));
#5997 = CARTESIAN_POINT('',(33.027500181487,-1.987494471917,
    59.3670435175));
#5998 = CARTESIAN_POINT('',(33.044122182413,-2.04558833645,
    59.301044996691));
#5999 = CARTESIAN_POINT('',(33.061927248521,-2.105635618831,
    59.23625068775));
#6000 = CARTESIAN_POINT('',(33.080984562611,-2.167592970541,
    59.172762180522));
#6001 = CARTESIAN_POINT('',(33.101364903012,-2.231411489134,
    59.110675749036));
#6002 = CARTESIAN_POINT('',(33.123140259516,-2.297037138486,
    59.050082420496));
#6003 = CARTESIAN_POINT('',(33.185855504875,-2.478827111902,
    58.890848635695));
#6004 = CARTESIAN_POINT('',(33.229606621671,-2.598419037169,
    58.795065951301));
#6005 = CARTESIAN_POINT('',(33.277902642265,-2.722602862925,
    58.704436526993));
#6006 = CARTESIAN_POINT('',(33.330965555741,-2.850719633719,
    58.619519699445));
#6007 = CARTESIAN_POINT('',(33.388955661736,-2.982054968226,
    58.540726329012));
#6008 = CARTESIAN_POINT('',(33.451953734457,-3.115858506903,
    58.468327522623));
#6009 = CARTESIAN_POINT('',(33.594562875471,-3.400082456564,
    58.330176209178));
#6010 = CARTESIAN_POINT('',(33.674977950929,-3.550417977712,
    58.265970723847));
#6011 = CARTESIAN_POINT('',(33.761108803224,-3.701341078542,
    58.209944708556));
#6012 = CARTESIAN_POINT('',(33.852732988987,-3.851812618146,
    58.162011064871));
#6013 = CARTESIAN_POINT('',(33.949461522034,-4.000798731976,
    58.121914125615));
#6014 = CARTESIAN_POINT('',(34.050715164065,-4.147286404557,
    58.089245992407));
#6015 = CARTESIAN_POINT('',(34.301681653009,-4.489156110462,
    58.027611807358));
#6016 = CARTESIAN_POINT('',(34.454830732928,-4.681229216345,
    58.005084299721));
#6017 = CARTESIAN_POINT('',(34.61435400985,-4.865734387321,
    57.994073113957));
#6018 = CARTESIAN_POINT('',(34.779404339975,-5.042111229135,
    57.992924877859));
#6019 = CARTESIAN_POINT('',(34.949098520472,-5.209961168293,
    58.000105349037));
#6020 = CARTESIAN_POINT('',(35.122521201627,-5.369010232402,
    58.014182247024));
#6021 = CARTESIAN_POINT('',(35.563289865201,-5.744466415132,
    58.063322280674));
#6022 = CARTESIAN_POINT('',(35.83526867228,-5.950609789583,
    58.105498168185));
#6023 = CARTESIAN_POINT('',(36.113165830882,-6.138068769308,
    58.156236988591));
#6024 = CARTESIAN_POINT('',(36.39592432346,-6.307604743171,
    58.212274404286));
#6025 = CARTESIAN_POINT('',(36.682936610923,-6.460022919201,
    58.270910043035));
#6026 = CARTESIAN_POINT('',(36.974017637612,-6.596025867584,
    58.329799675026));
#6027 = CARTESIAN_POINT('',(37.643699702045,-6.868309112314,
    58.459122083846));
#6028 = CARTESIAN_POINT('',(38.026361418033,-6.995523096369,
    58.528711705633));
#6029 = CARTESIAN_POINT('',(38.41488311964,-7.097187008058,
    58.590684178882));
#6030 = CARTESIAN_POINT('',(38.807377875901,-7.173358046322,
    58.640669388364));
#6031 = CARTESIAN_POINT('',(39.202714179719,-7.224301507527,
    58.675327106499));
#6032 = CARTESIAN_POINT('',(39.600378233157,-7.25,58.692810861169));
#6033 = CARTESIAN_POINT('',(40.208338887284,-7.25,58.692810861169));
#6034 = CARTESIAN_POINT('',(40.416559812744,-7.243015296522,
    58.688058921834));
#6035 = CARTESIAN_POINT('',(40.62447442863,-7.229059997446,
    58.678564608788));
#6036 = CARTESIAN_POINT('',(40.831883240459,-7.208144108498,
    58.66447074279));
#6037 = CARTESIAN_POINT('',(41.038555796727,-7.180276641422,
    58.646053809891));
#6038 = CARTESIAN_POINT('',(41.244211019595,-7.145481586457,
    58.62371395865));
#6039 = CARTESIAN_POINT('',(41.635223986277,-7.065752534253,
    58.574409469081));
#6040 = CARTESIAN_POINT('',(41.820866424695,-7.021935116694,
    58.547999676648));
#6041 = CARTESIAN_POINT('',(42.005384700044,-6.972372870242,
    58.5190786159));
#6042 = CARTESIAN_POINT('',(42.188717553179,-6.917046014971,
    58.48804524042));
#6043 = CARTESIAN_POINT('',(42.370782424979,-6.855920817585,
    58.455338508408));
#6044 = CARTESIAN_POINT('',(42.551475123776,-6.788953791802,
    58.421431842526));
#6045 = CARTESIAN_POINT('',(43.124537741664,-6.55595464591,
    58.310767630229));
#6046 = CARTESIAN_POINT('',(43.519175832777,-6.364096597956,
    58.22979230519));
#6047 = CARTESIAN_POINT('',(43.91045550416,-6.138838336299,
    58.149439772211));
#6048 = CARTESIAN_POINT('',(44.293881365737,-5.879097504632,
    58.077043065188));
#6049 = CARTESIAN_POINT('',(44.664440186439,-5.584674139958,
    58.02132527756));
#6050 = CARTESIAN_POINT('',(45.016682644088,-5.256602922333,
    57.992160029178));
#6051 = CARTESIAN_POINT('',(45.461607075976,-4.77106136754,
    58.004536338699));
#6052 = CARTESIAN_POINT('',(45.575636137927,-4.639553140428,
    58.01259809232));
#6053 = CARTESIAN_POINT('',(45.68670645361,-4.503951604303,
    58.026090676463));
#6054 = CARTESIAN_POINT('',(45.794305554737,-4.364699742261,
    58.045600536322));
#6055 = CARTESIAN_POINT('',(45.89800263199,-4.222283334777,
    58.071691010978));
#6056 = CARTESIAN_POINT('',(45.997442742271,-4.077232761034,
    58.104899380763));
#6057 = CARTESIAN_POINT('',(46.241712001638,-3.698575160216,
    58.210007945492));
#6058 = CARTESIAN_POINT('',(46.379408644307,-3.462582668956,
    58.292994308567));
#6059 = CARTESIAN_POINT('',(46.503171023475,-3.226419743309,
    58.395941398775));
#6060 = CARTESIAN_POINT('',(46.612034285619,-2.994447908841,
    58.519016438563));
#6061 = CARTESIAN_POINT('',(46.706086727073,-2.770954412974,
    58.661148050055));
#6062 = CARTESIAN_POINT('',(46.786183587032,-2.559876188724,
    58.819855989542));
#6063 = CARTESIAN_POINT('',(46.876859740482,-2.297037138489,
    59.050082420493));
#6064 = CARTESIAN_POINT('',(46.898635096988,-2.231411489134,
    59.110675749035));
#6065 = CARTESIAN_POINT('',(46.91901543739,-2.167592970539,
    59.172762180525));
#6066 = CARTESIAN_POINT('',(46.93807275148,-2.105635618829,
    59.236250687752));
#6067 = CARTESIAN_POINT('',(46.955877817587,-2.04558833645,
    59.301044996691));
#6068 = CARTESIAN_POINT('',(46.972499818513,-1.98749447192,
    59.367043517497));
#6069 = CARTESIAN_POINT('',(47.062553153453,-1.661670694727,
    59.756708332649));
#6070 = CARTESIAN_POINT('',(47.111013974568,-1.439035109518,
    60.103355468307));
#6071 = CARTESIAN_POINT('',(47.142334852901,-1.262937920607,
    60.466659588267));
#6072 = CARTESIAN_POINT('',(47.162277065548,-1.132072302848,
    60.840848559934));
#6073 = CARTESIAN_POINT('',(47.17441981812,-1.045122790103,
    61.221457030866));
#6074 = CARTESIAN_POINT('',(47.180539671936,-1.001175001583,
    61.604897841845));
#6075 = CARTESIAN_POINT('',(47.180701493603,-1.000013029812,
    61.989645455883));
#6076 = CARTESIAN_POINT('',(47.180702098463,-1.00000868654,
    61.991371211336));
#6077 = CARTESIAN_POINT('',(47.180702582348,-1.000005211923,
    61.993096967928));
#6078 = CARTESIAN_POINT('',(47.180702945261,-1.000002605962,
    61.994822725376));
#6079 = CARTESIAN_POINT('',(47.180703187202,-1.000000868654,
    61.996548483394));
#6080 = CARTESIAN_POINT('',(47.180703308173,-1.,61.998274241697));
#6081 = CARTESIAN_POINT('',(47.180703308173,-1.,62.));
#6082 = PCURVE('',#3202,#6083);
#6083 = DEFINITIONAL_REPRESENTATION('',(#6084),#6183);
#6084 = B_SPLINE_CURVE_WITH_KNOTS('',7,(#6085,#6086,#6087,#6088,#6089,
    #6090,#6091,#6092,#6093,#6094,#6095,#6096,#6097,#6098,#6099,#6100,
    #6101,#6102,#6103,#6104,#6105,#6106,#6107,#6108,#6109,#6110,#6111,
    #6112,#6113,#6114,#6115,#6116,#6117,#6118,#6119,#6120,#6121,#6122,
    #6123,#6124,#6125,#6126,#6127,#6128,#6129,#6130,#6131,#6132,#6133,
    #6134,#6135,#6136,#6137,#6138,#6139,#6140,#6141,#6142,#6143,#6144,
    #6145,#6146,#6147,#6148,#6149,#6150,#6151,#6152,#6153,#6154,#6155,
    #6156,#6157,#6158,#6159,#6160,#6161,#6162,#6163,#6164,#6165,#6166,
    #6167,#6168,#6169,#6170,#6171,#6172,#6173,#6174,#6175,#6176,#6177,
    #6178,#6179,#6180,#6181,#6182),.UNSPECIFIED.,.F.,.F.,(8,6,6,6,6,6,6,
    6,6,6,6,6,6,6,6,6,8),(0.,4.014027631406E-04,0.116650807434,
    0.140805842084,0.18182641101,0.226847248578,0.289448092235,
    0.383449813131,0.502616135328,0.564742328214,0.621528194273,
    0.746343219133,0.790560392044,0.860158736109,0.884148301951,
    0.999480356662,1.),.UNSPECIFIED.);
#6085 = CARTESIAN_POINT('',(-6.28318530718,-88.81929669182));
#6086 = CARTESIAN_POINT('',(-6.282854319024,-88.81929669182));
#6087 = CARTESIAN_POINT('',(-6.282523330869,-88.81929676302));
#6088 = CARTESIAN_POINT('',(-6.282192342687,-88.81929690542));
#6089 = CARTESIAN_POINT('',(-6.281861354451,-88.81929711901));
#6090 = CARTESIAN_POINT('',(-6.281530366133,-88.8192974038));
#6091 = CARTESIAN_POINT('',(-6.281199377708,-88.81929775979));
#6092 = CARTESIAN_POINT('',(-6.185011492581,-88.81942190456));
#6093 = CARTESIAN_POINT('',(-6.089022015494,-88.82551676567));
#6094 = CARTESIAN_POINT('',(-5.992275453407,-88.83763950018));
#6095 = CARTESIAN_POINT('',(-5.894212294875,-88.85756680104));
#6096 = CARTESIAN_POINT('',(-5.794298116437,-88.88888434941));
#6097 = CARTESIAN_POINT('',(-5.692007956211,-88.93736863013));
#6098 = CARTESIAN_POINT('',(-5.564913460996,-89.02750018148));
#6099 = CARTESIAN_POINT('',(-5.542939437893,-89.04412218241));
#6100 = CARTESIAN_POINT('',(-5.520866027407,-89.06192724852));
#6101 = CARTESIAN_POINT('',(-5.498701833745,-89.08098456261));
#6102 = CARTESIAN_POINT('',(-5.476454757413,-89.10136490301));
#6103 = CARTESIAN_POINT('',(-5.454132117403,-89.12314025951));
#6104 = CARTESIAN_POINT('',(-5.393715339592,-89.18585550487));
#6105 = CARTESIAN_POINT('',(-5.355447488235,-89.22960662167));
#6106 = CARTESIAN_POINT('',(-5.31707477015,-89.27790264226));
#6107 = CARTESIAN_POINT('',(-5.278718934738,-89.33096555574));
#6108 = CARTESIAN_POINT('',(-5.240490376289,-89.38895566173));
#6109 = CARTESIAN_POINT('',(-5.202492580315,-89.45195373445));
#6110 = CARTESIAN_POINT('',(-5.123487422664,-89.59456287547));
#6111 = CARTESIAN_POINT('',(-5.082668285645,-89.67497795092));
#6112 = CARTESIAN_POINT('',(-5.042494964052,-89.76110880322));
#6113 = CARTESIAN_POINT('',(-5.003090287408,-89.85273298898));
#6114 = CARTESIAN_POINT('',(-4.964578240721,-89.94946152203));
#6115 = CARTESIAN_POINT('',(-4.92708809567,-90.05071516406));
#6116 = CARTESIAN_POINT('',(-4.840242806296,-90.301681653));
#6117 = CARTESIAN_POINT('',(-4.791987064949,-90.45483073292));
#6118 = CARTESIAN_POINT('',(-4.745893896377,-90.61435400985));
#6119 = CARTESIAN_POINT('',(-4.701901049572,-90.77940433997));
#6120 = CARTESIAN_POINT('',(-4.659972162811,-90.94909852047));
#6121 = CARTESIAN_POINT('',(-4.620089376312,-91.12252120162));
#6122 = CARTESIAN_POINT('',(-4.525424807948,-91.5632898652));
#6123 = CARTESIAN_POINT('',(-4.47295608138,-91.83526867228));
#6124 = CARTESIAN_POINT('',(-4.424543207436,-92.11316583088));
#6125 = CARTESIAN_POINT('',(-4.380004773847,-92.39592432346));
#6126 = CARTESIAN_POINT('',(-4.339237479535,-92.68293661092));
#6127 = CARTESIAN_POINT('',(-4.302208193413,-92.97401763761));
#6128 = CARTESIAN_POINT('',(-4.226849695724,-93.64369970204));
#6129 = CARTESIAN_POINT('',(-4.190657909621,-94.02636141803));
#6130 = CARTESIAN_POINT('',(-4.160930841554,-94.41488311964));
#6131 = CARTESIAN_POINT('',(-4.138156697614,-94.8073778759));
#6132 = CARTESIAN_POINT('',(-4.122753094688,-95.20271417971));
#6133 = CARTESIAN_POINT('',(-4.114982563739,-95.60037823315));
#6134 = CARTESIAN_POINT('',(-4.114982563739,-96.20833888728));
#6135 = CARTESIAN_POINT('',(-4.117094528557,-96.41655981274));
#6136 = CARTESIAN_POINT('',(-4.121314251369,-96.62447442863));
#6137 = CARTESIAN_POINT('',(-4.127619459728,-96.83188324045));
#6138 = CARTESIAN_POINT('',(-4.135969530173,-97.03855579672));
#6139 = CARTESIAN_POINT('',(-4.146305363436,-97.24421101959));
#6140 = CARTESIAN_POINT('',(-4.16974098597,-97.63522398627));
#6141 = CARTESIAN_POINT('',(-4.182530376022,-97.82086642469));
#6142 = CARTESIAN_POINT('',(-4.196873812742,-98.00538470004));
#6143 = CARTESIAN_POINT('',(-4.21272820164,-98.18871755317));
#6144 = CARTESIAN_POINT('',(-4.230053065492,-98.37078242497));
#6145 = CARTESIAN_POINT('',(-4.248812478426,-98.55147512377));
#6146 = CARTESIAN_POINT('',(-4.313298508827,-99.12453774166));
#6147 = CARTESIAN_POINT('',(-4.365309201917,-99.51917583277));
#6148 = CARTESIAN_POINT('',(-4.424940319258,-99.91045550416));
#6149 = CARTESIAN_POINT('',(-4.492004096136,-100.2938813657));
#6150 = CARTESIAN_POINT('',(-4.566406117949,-100.6644401864));
#6151 = CARTESIAN_POINT('',(-4.648211894741,-101.016682644));
#6152 = CARTESIAN_POINT('',(-4.769636710592,-101.4616070759));
#6153 = CARTESIAN_POINT('',(-4.802554440917,-101.5756361379));
#6154 = CARTESIAN_POINT('',(-4.836582118598,-101.6867064536));
#6155 = CARTESIAN_POINT('',(-4.871682238368,-101.7943055547));
#6156 = CARTESIAN_POINT('',(-4.907824548887,-101.8980026319));
#6157 = CARTESIAN_POINT('',(-4.944986575491,-101.9974427422));
#6158 = CARTESIAN_POINT('',(-5.043230337709,-102.2417120016));
#6159 = CARTESIAN_POINT('',(-5.105627904133,-102.3794086443));
#6160 = CARTESIAN_POINT('',(-5.169755873298,-102.5031710234));
#6161 = CARTESIAN_POINT('',(-5.235050841765,-102.6120342856));
#6162 = CARTESIAN_POINT('',(-5.300941196953,-102.706086727));
#6163 = CARTESIAN_POINT('',(-5.366779178185,-102.786183587));
#6164 = CARTESIAN_POINT('',(-5.454132117402,-102.8768597404));
#6165 = CARTESIAN_POINT('',(-5.476454757413,-102.8986350969));
#6166 = CARTESIAN_POINT('',(-5.498701833746,-102.9190154373));
#6167 = CARTESIAN_POINT('',(-5.520866027407,-102.9380727514));
#6168 = CARTESIAN_POINT('',(-5.542939437893,-102.9558778175));
#6169 = CARTESIAN_POINT('',(-5.564913460995,-102.9724998185));
#6170 = CARTESIAN_POINT('',(-5.691897663249,-103.0625531534));
#6171 = CARTESIAN_POINT('',(-5.794083678377,-103.1110139745));
#6172 = CARTESIAN_POINT('',(-5.893898340165,-103.1423348529));
#6173 = CARTESIAN_POINT('',(-5.991865075062,-103.1622770655));
#6174 = CARTESIAN_POINT('',(-6.088516358813,-103.1744198181));
#6175 = CARTESIAN_POINT('',(-6.184409326361,-103.1805396719));
#6176 = CARTESIAN_POINT('',(-6.280596668527,-103.1807014936));
#6177 = CARTESIAN_POINT('',(-6.281028108702,-103.1807020984));
#6178 = CARTESIAN_POINT('',(-6.281459548637,-103.1807025823));
#6179 = CARTESIAN_POINT('',(-6.281890988392,-103.1807029452));
#6180 = CARTESIAN_POINT('',(-6.282322428028,-103.1807031872));
#6181 = CARTESIAN_POINT('',(-6.282753867604,-103.1807033081));
#6182 = CARTESIAN_POINT('',(-6.28318530718,-103.1807033081));
#6183 = ( GEOMETRIC_REPRESENTATION_CONTEXT(2) 
PARAMETRIC_REPRESENTATION_CONTEXT() REPRESENTATION_CONTEXT('2D SPACE',''
  ) );
#6184 = PCURVE('',#4045,#6185);
#6185 = DEFINITIONAL_REPRESENTATION('',(#6186),#6285);
#6186 = B_SPLINE_CURVE_WITH_KNOTS('',7,(#6187,#6188,#6189,#6190,#6191,
    #6192,#6193,#6194,#6195,#6196,#6197,#6198,#6199,#6200,#6201,#6202,
    #6203,#6204,#6205,#6206,#6207,#6208,#6209,#6210,#6211,#6212,#6213,
    #6214,#6215,#6216,#6217,#6218,#6219,#6220,#6221,#6222,#6223,#6224,
    #6225,#6226,#6227,#6228,#6229,#6230,#6231,#6232,#6233,#6234,#6235,
    #6236,#6237,#6238,#6239,#6240,#6241,#6242,#6243,#6244,#6245,#6246,
    #6247,#6248,#6249,#6250,#6251,#6252,#6253,#6254,#6255,#6256,#6257,
    #6258,#6259,#6260,#6261,#6262,#6263,#6264,#6265,#6266,#6267,#6268,
    #6269,#6270,#6271,#6272,#6273,#6274,#6275,#6276,#6277,#6278,#6279,
    #6280,#6281,#6282,#6283,#6284),.UNSPECIFIED.,.F.,.F.,(8,6,6,6,6,6,6,
    6,6,6,6,6,6,6,6,6,8),(0.,4.014027631406E-04,0.116650807434,
    0.140805842084,0.18182641101,0.226847248578,0.289448092235,
    0.383449813131,0.502616135328,0.564742328214,0.621528194273,
    0.746343219133,0.790560392044,0.860158736109,0.884148301951,
    0.999480356662,1.),.UNSPECIFIED.);
#6187 = CARTESIAN_POINT('',(3.279964830975,-29.));
#6188 = CARTESIAN_POINT('',(3.279964830975,-29.00132395262));
#6189 = CARTESIAN_POINT('',(3.279964902172,-29.00264790524));
#6190 = CARTESIAN_POINT('',(3.279965044567,-29.00397185773));
#6191 = CARTESIAN_POINT('',(3.27996525816,-29.00529580996));
#6192 = CARTESIAN_POINT('',(3.27996554295,-29.00661976181));
#6193 = CARTESIAN_POINT('',(3.279965898938,-29.00794371314));
#6194 = CARTESIAN_POINT('',(3.280090042372,-29.39269422096));
#6195 = CARTESIAN_POINT('',(3.286185357932,-29.7765516663));
#6196 = CARTESIAN_POINT('',(3.298282120071,-30.15758373028));
#6197 = CARTESIAN_POINT('',(3.316537123096,-30.5321974606));
#6198 = CARTESIAN_POINT('',(3.341204635767,-30.89591705633));
#6199 = CARTESIAN_POINT('',(3.372609382201,-31.24295322142));
#6200 = CARTESIAN_POINT('',(3.419276024381,-31.6329564825));
#6201 = CARTESIAN_POINT('',(3.427610176457,-31.6989550033));
#6202 = CARTESIAN_POINT('',(3.436248344985,-31.76374931225));
#6203 = CARTESIAN_POINT('',(3.445188444444,-31.82723781947));
#6204 = CARTESIAN_POINT('',(3.454428049422,-31.88932425096));
#6205 = CARTESIAN_POINT('',(3.463964485533,-31.9499175795));
#6206 = CARTESIAN_POINT('',(3.490489163719,-32.1091513643));
#6207 = CARTESIAN_POINT('',(3.50805085038,-32.20493404869));
#6208 = CARTESIAN_POINT('',(3.526423134514,-32.295563473));
#6209 = CARTESIAN_POINT('',(3.545541532813,-32.38048030055));
#6210 = CARTESIAN_POINT('',(3.565335097359,-32.45927367098));
#6211 = CARTESIAN_POINT('',(3.585727588527,-32.53167247737));
#6212 = CARTESIAN_POINT('',(3.629588924601,-32.66982379082));
#6213 = CARTESIAN_POINT('',(3.653097058643,-32.73402927615));
#6214 = CARTESIAN_POINT('',(3.677050662828,-32.79005529144));
#6215 = CARTESIAN_POINT('',(3.701332397522,-32.83798893512));
#6216 = CARTESIAN_POINT('',(3.725817163097,-32.87808587438));
#6217 = CARTESIAN_POINT('',(3.75036929238,-32.91075400759));
#6218 = CARTESIAN_POINT('',(3.808865561865,-32.97238819264));
#6219 = CARTESIAN_POINT('',(3.842722158352,-32.99491570027));
#6220 = CARTESIAN_POINT('',(3.87632197976,-33.00592688604));
#6221 = CARTESIAN_POINT('',(3.909594844309,-33.00707512214));
#6222 = CARTESIAN_POINT('',(3.942478838047,-32.99989465096));
#6223 = CARTESIAN_POINT('',(3.974913950057,-32.98581775297));
#6224 = CARTESIAN_POINT('',(4.054776419229,-32.93667771932));
#6225 = CARTESIAN_POINT('',(4.101772180203,-32.89450183181));
#6226 = CARTESIAN_POINT('',(4.147898252663,-32.8437630114));
#6227 = CARTESIAN_POINT('',(4.193259489371,-32.78772559571));
#6228 = CARTESIAN_POINT('',(4.237989269835,-32.72908995696));
#6229 = CARTESIAN_POINT('',(4.282247166532,-32.67020032497));
#6230 = CARTESIAN_POINT('',(4.38196016565,-32.54087791615));
#6231 = CARTESIAN_POINT('',(4.437463096526,-32.47128829436));
#6232 = CARTESIAN_POINT('',(4.492670241205,-32.40931582111));
#6233 = CARTESIAN_POINT('',(4.547615791663,-32.35933061163));
#6234 = CARTESIAN_POINT('',(4.602418534154,-32.3246728935));
#6235 = CARTESIAN_POINT('',(4.657268736682,-32.30718913883));
#6236 = CARTESIAN_POINT('',(4.741125378631,-32.30718913883));
#6237 = CARTESIAN_POINT('',(4.769845500567,-32.31194107816));
#6238 = CARTESIAN_POINT('',(4.798562157602,-32.32143539121));
#6239 = CARTESIAN_POINT('',(4.82728632112,-32.33552925721));
#6240 = CARTESIAN_POINT('',(4.856024960775,-32.3539461901));
#6241 = CARTESIAN_POINT('',(4.884778146717,-32.37628604135));
#6242 = CARTESIAN_POINT('',(4.939820728763,-32.42559053091));
#6243 = CARTESIAN_POINT('',(4.966117834958,-32.45200032335));
#6244 = CARTESIAN_POINT('',(4.992450959452,-32.4809213841));
#6245 = CARTESIAN_POINT('',(5.018842199526,-32.51195475958));
#6246 = CARTESIAN_POINT('',(5.045311820455,-32.54466149159));
#6247 = CARTESIAN_POINT('',(5.071878551362,-32.57856815747));
#6248 = CARTESIAN_POINT('',(5.157205298706,-32.68923236977));
#6249 = CARTESIAN_POINT('',(5.217596857681,-32.77020769481));
#6250 = CARTESIAN_POINT('',(5.279623558068,-32.85056022778));
#6251 = CARTESIAN_POINT('',(5.343186332383,-32.92295693481));
#6252 = CARTESIAN_POINT('',(5.408150908895,-32.97867472244));
#6253 = CARTESIAN_POINT('',(5.474337266916,-33.00783997082));
#6254 = CARTESIAN_POINT('',(5.565173870194,-32.9954636613));
#6255 = CARTESIAN_POINT('',(5.58917316427,-32.98740190768));
#6256 = CARTESIAN_POINT('',(5.613334931867,-32.97390932353));
#6257 = CARTESIAN_POINT('',(5.637590229731,-32.95439946367));
#6258 = CARTESIAN_POINT('',(5.661873693973,-32.92830898902));
#6259 = CARTESIAN_POINT('',(5.686121210839,-32.89510061923));
#6260 = CARTESIAN_POINT('',(5.748274264948,-32.7899920545));
#6261 = CARTESIAN_POINT('',(5.785923051148,-32.70700569143));
#6262 = CARTESIAN_POINT('',(5.822639159133,-32.60405860122));
#6263 = CARTESIAN_POINT('',(5.857927715047,-32.48098356143));
#6264 = CARTESIAN_POINT('',(5.891337601602,-32.33885194994));
#6265 = CARTESIAN_POINT('',(5.922463058592,-32.18014401045));
#6266 = CARTESIAN_POINT('',(5.960813475236,-31.9499175795));
#6267 = CARTESIAN_POINT('',(5.970349911347,-31.88932425096));
#6268 = CARTESIAN_POINT('',(5.979589516326,-31.82723781947));
#6269 = CARTESIAN_POINT('',(5.988529615784,-31.76374931224));
#6270 = CARTESIAN_POINT('',(5.997167784313,-31.6989550033));
#6271 = CARTESIAN_POINT('',(6.005501936388,-31.6329564825));
#6272 = CARTESIAN_POINT('',(6.052128081125,-31.24329166735));
#6273 = CARTESIAN_POINT('',(6.083507480695,-30.89664453169));
#6274 = CARTESIAN_POINT('',(6.108163337328,-30.53334041173));
#6275 = CARTESIAN_POINT('',(6.126419460643,-30.15915144006));
#6276 = CARTESIAN_POINT('',(6.138529329055,-29.77854296913));
#6277 = CARTESIAN_POINT('',(6.14464949652,-29.39510215815));
#6278 = CARTESIAN_POINT('',(6.144811315235,-29.01035454411));
#6279 = CARTESIAN_POINT('',(6.144811920088,-29.00862878866));
#6280 = CARTESIAN_POINT('',(6.144812403971,-29.00690303207));
#6281 = CARTESIAN_POINT('',(6.144812766883,-29.00517727462));
#6282 = CARTESIAN_POINT('',(6.144813008824,-29.0034515166));
#6283 = CARTESIAN_POINT('',(6.144813129794,-29.0017257583));
#6284 = CARTESIAN_POINT('',(6.144813129794,-29.));
#6285 = ( GEOMETRIC_REPRESENTATION_CONTEXT(2) 
PARAMETRIC_REPRESENTATION_CONTEXT() REPRESENTATION_CONTEXT('2D SPACE',''
  ) );
#6286 = ORIENTED_EDGE('',*,*,#4978,.F.);
#6287 = ORIENTED_EDGE('',*,*,#3303,.F.);
#6288 = ORIENTED_EDGE('',*,*,#6289,.F.);
#6289 = EDGE_CURVE('',#3637,#3304,#6290,.T.);
#6290 = SURFACE_CURVE('',#6291,(#6390,#6492),.PCURVE_S1.);
#6291 = B_SPLINE_CURVE_WITH_KNOTS('',7,(#6292,#6293,#6294,#6295,#6296,
    #6297,#6298,#6299,#6300,#6301,#6302,#6303,#6304,#6305,#6306,#6307,
    #6308,#6309,#6310,#6311,#6312,#6313,#6314,#6315,#6316,#6317,#6318,
    #6319,#6320,#6321,#6322,#6323,#6324,#6325,#6326,#6327,#6328,#6329,
    #6330,#6331,#6332,#6333,#6334,#6335,#6336,#6337,#6338,#6339,#6340,
    #6341,#6342,#6343,#6344,#6345,#6346,#6347,#6348,#6349,#6350,#6351,
    #6352,#6353,#6354,#6355,#6356,#6357,#6358,#6359,#6360,#6361,#6362,
    #6363,#6364,#6365,#6366,#6367,#6368,#6369,#6370,#6371,#6372,#6373,
    #6374,#6375,#6376,#6377,#6378,#6379,#6380,#6381,#6382,#6383,#6384,
    #6385,#6386,#6387,#6388,#6389),.UNSPECIFIED.,.F.,.F.,(8,6,6,6,6,6,6,
    6,6,6,6,6,6,6,6,6,8),(0.,2.660431298379E-04,0.116650801532,
    0.140805835934,0.181826404443,0.226847243165,0.289448086141,
    0.383449806017,0.502616126917,0.564742319127,0.621528184568,
    0.746343208055,0.790560380493,0.86015872383,0.884148289421,
    0.999735779341,1.),.UNSPECIFIED.);
#6292 = CARTESIAN_POINT('',(-47.18070330817,-1.,62.));
#6293 = CARTESIAN_POINT('',(-47.18070330817,-1.,61.999122498484));
#6294 = CARTESIAN_POINT('',(-47.18070327689,-1.000000224586,
    61.998244996969));
#6295 = CARTESIAN_POINT('',(-47.18070321434,-1.000000673758,
    61.997367495491));
#6296 = CARTESIAN_POINT('',(-47.18070312051,-1.000001347516,
    61.996489994087));
#6297 = CARTESIAN_POINT('',(-47.1807029954,-1.000002245859,
    61.995612492797));
#6298 = CARTESIAN_POINT('',(-47.18070283902,-1.000003368789,
    61.994734991656));
#6299 = CARTESIAN_POINT('',(-47.18062055704,-1.000594208422,
    61.609980874451));
#6300 = CARTESIAN_POINT('',(-47.17455348047,-1.044164897719,
    61.22566077843));
#6301 = CARTESIAN_POINT('',(-47.16245302301,-1.130917218958,
    60.844158412609));
#6302 = CARTESIAN_POINT('',(-47.14254234385,-1.261769585092,
    60.469072793832));
#6303 = CARTESIAN_POINT('',(-47.11122858201,-1.43804892764,
    60.10489135796));
#6304 = CARTESIAN_POINT('',(-47.06271825992,-1.661073319694,
    59.757422755746));
#6305 = CARTESIAN_POINT('',(-46.97249981851,-1.987494471919,
    59.367043517497));
#6306 = CARTESIAN_POINT('',(-46.95587781758,-2.04558833645,
    59.301044996691));
#6307 = CARTESIAN_POINT('',(-46.93807275148,-2.105635618828,
    59.236250687753));
#6308 = CARTESIAN_POINT('',(-46.91901543739,-2.167592970538,
    59.172762180525));
#6309 = CARTESIAN_POINT('',(-46.89863509698,-2.231411489133,
    59.110675749036));
#6310 = CARTESIAN_POINT('',(-46.87685974048,-2.297037138488,
    59.050082420493));
#6311 = CARTESIAN_POINT('',(-46.81414449512,-2.478827111902,
    58.890848635696));
#6312 = CARTESIAN_POINT('',(-46.77039337833,-2.598419037168,
    58.795065951302));
#6313 = CARTESIAN_POINT('',(-46.72209735773,-2.722602862924,
    58.704436526994));
#6314 = CARTESIAN_POINT('',(-46.66903444425,-2.850719633718,
    58.619519699446));
#6315 = CARTESIAN_POINT('',(-46.61104433826,-2.982054968225,
    58.540726329012));
#6316 = CARTESIAN_POINT('',(-46.54804626554,-3.115858506902,
    58.468327522623));
#6317 = CARTESIAN_POINT('',(-46.40543712185,-3.400082461888,
    58.33017620659));
#6318 = CARTESIAN_POINT('',(-46.32502205255,-3.550417972166,
    58.265970725595));
#6319 = CARTESIAN_POINT('',(-46.23889119904,-3.701341074098,
    58.20994471065));
#6320 = CARTESIAN_POINT('',(-46.1472670079,-3.851812622457,
    58.162011064033));
#6321 = CARTESIAN_POINT('',(-46.05053847466,-4.000798737506,
    58.121914123649));
#6322 = CARTESIAN_POINT('',(-45.94928483976,-4.147286399337,
    58.089245993348));
#6323 = CARTESIAN_POINT('',(-45.69831834699,-4.489156110461,
    58.027611807358));
#6324 = CARTESIAN_POINT('',(-45.54516926707,-4.681229216344,
    58.005084299721));
#6325 = CARTESIAN_POINT('',(-45.38564599015,-4.86573438732,
    57.994073113957));
#6326 = CARTESIAN_POINT('',(-45.22059566002,-5.042111229134,
    57.992924877859));
#6327 = CARTESIAN_POINT('',(-45.05090147952,-5.209961168292,
    58.000105349037));
#6328 = CARTESIAN_POINT('',(-44.87747879837,-5.369010232401,
    58.014182247024));
#6329 = CARTESIAN_POINT('',(-44.43671013479,-5.744466415136,
    58.063322280675));
#6330 = CARTESIAN_POINT('',(-44.16473132772,-5.950609789581,
    58.105498168186));
#6331 = CARTESIAN_POINT('',(-43.88683416912,-6.138068769303,
    58.156236988588));
#6332 = CARTESIAN_POINT('',(-43.60407567654,-6.307604743172,
    58.212274404285));
#6333 = CARTESIAN_POINT('',(-43.31706338906,-6.460022919207,
    58.270910043038));
#6334 = CARTESIAN_POINT('',(-43.02598236239,-6.59602586758,
    58.329799675024));
#6335 = CARTESIAN_POINT('',(-42.35630029795,-6.868309112313,
    58.459122083845));
#6336 = CARTESIAN_POINT('',(-41.97363858196,-6.99552309637,
    58.528711705634));
#6337 = CARTESIAN_POINT('',(-41.58511688036,-7.097187008057,
    58.590684178882));
#6338 = CARTESIAN_POINT('',(-41.19262212409,-7.173358046322,
    58.640669388364));
#6339 = CARTESIAN_POINT('',(-40.79728582028,-7.224301507527,
    58.675327106499));
#6340 = CARTESIAN_POINT('',(-40.39962176684,-7.25,58.692810861169));
#6341 = CARTESIAN_POINT('',(-39.79166111271,-7.25,58.692810861169));
#6342 = CARTESIAN_POINT('',(-39.58344018725,-7.243015296522,
    58.688058921834));
#6343 = CARTESIAN_POINT('',(-39.37552557136,-7.229059997446,
    58.678564608788));
#6344 = CARTESIAN_POINT('',(-39.16811675954,-7.208144108498,
    58.66447074279));
#6345 = CARTESIAN_POINT('',(-38.96144420327,-7.180276641422,
    58.646053809891));
#6346 = CARTESIAN_POINT('',(-38.7557889804,-7.145481586457,
    58.62371395865));
#6347 = CARTESIAN_POINT('',(-38.36477601372,-7.065752534253,
    58.574409469081));
#6348 = CARTESIAN_POINT('',(-38.1791335753,-7.021935116694,
    58.547999676648));
#6349 = CARTESIAN_POINT('',(-37.99461529995,-6.972372870242,
    58.5190786159));
#6350 = CARTESIAN_POINT('',(-37.81128244682,-6.917046014971,
    58.488045240419));
#6351 = CARTESIAN_POINT('',(-37.62921757502,-6.855920817584,
    58.455338508408));
#6352 = CARTESIAN_POINT('',(-37.44852487622,-6.788953791802,
    58.421431842525));
#6353 = CARTESIAN_POINT('',(-36.87546225837,-6.555954645928,
    58.310767630237));
#6354 = CARTESIAN_POINT('',(-36.48082416722,-6.364096597963,
    58.22979230519));
#6355 = CARTESIAN_POINT('',(-36.08954449583,-6.138838336293,
    58.149439772209));
#6356 = CARTESIAN_POINT('',(-35.70611863425,-5.879097504631,
    58.077043065186));
#6357 = CARTESIAN_POINT('',(-35.33555981354,-5.584674139944,
    58.021325277558));
#6358 = CARTESIAN_POINT('',(-34.9833173559,-5.256602922325,
    57.992160029178));
#6359 = CARTESIAN_POINT('',(-34.53839292399,-4.771061367504,
    58.0045363387));
#6360 = CARTESIAN_POINT('',(-34.42436386207,-4.639553140425,
    58.012598092323));
#6361 = CARTESIAN_POINT('',(-34.31329354641,-4.503951604332,
    58.026090676461));
#6362 = CARTESIAN_POINT('',(-34.20569444528,-4.364699742287,
    58.045600536315));
#6363 = CARTESIAN_POINT('',(-34.101997368,-4.222283334769,
    58.071691010977));
#6364 = CARTESIAN_POINT('',(-34.0025572577,-4.077232760995,
    58.104899380774));
#6365 = CARTESIAN_POINT('',(-33.75828799836,-3.698575160214,
    58.210007945493));
#6366 = CARTESIAN_POINT('',(-33.62059135569,-3.462582668954,
    58.292994308568));
#6367 = CARTESIAN_POINT('',(-33.49682897652,-3.226419743307,
    58.395941398776));
#6368 = CARTESIAN_POINT('',(-33.38796571438,-2.99444790884,
    58.519016438564));
#6369 = CARTESIAN_POINT('',(-33.29391327292,-2.770954412973,
    58.661148050056));
#6370 = CARTESIAN_POINT('',(-33.21381641296,-2.559876188723,
    58.819855989543));
#6371 = CARTESIAN_POINT('',(-33.12314025951,-2.297037138488,
    59.050082420493));
#6372 = CARTESIAN_POINT('',(-33.10136490301,-2.231411489133,
    59.110675749036));
#6373 = CARTESIAN_POINT('',(-33.08098456261,-2.167592970538,
    59.172762180525));
#6374 = CARTESIAN_POINT('',(-33.06192724852,-2.105635618829,
    59.236250687753));
#6375 = CARTESIAN_POINT('',(-33.04412218241,-2.04558833645,
    59.301044996691));
#6376 = CARTESIAN_POINT('',(-33.02750018148,-1.987494471919,
    59.367043517497));
#6377 = CARTESIAN_POINT('',(-32.93728174007,-1.661073319693,
    59.757422755747));
#6378 = CARTESIAN_POINT('',(-32.88877141798,-1.438048927641,
    60.104891357958));
#6379 = CARTESIAN_POINT('',(-32.85745765613,-1.26176958509,
    60.469072793834));
#6380 = CARTESIAN_POINT('',(-32.83754697699,-1.13091721896,
    60.844158412607));
#6381 = CARTESIAN_POINT('',(-32.82544651952,-1.044164897719,
    61.225660778432));
#6382 = CARTESIAN_POINT('',(-32.81937944295,-1.000594208422,
    61.60998087445));
#6383 = CARTESIAN_POINT('',(-32.81929716097,-1.000003368789,
    61.994734991656));
#6384 = CARTESIAN_POINT('',(-32.81929700459,-1.000002245859,
    61.995612492797));
#6385 = CARTESIAN_POINT('',(-32.81929687948,-1.000001347516,
    61.996489994087));
#6386 = CARTESIAN_POINT('',(-32.81929678565,-1.000000673758,
    61.997367495491));
#6387 = CARTESIAN_POINT('',(-32.8192967231,-1.000000224586,
    61.998244996969));
#6388 = CARTESIAN_POINT('',(-32.81929669182,-1.,61.999122498484));
#6389 = CARTESIAN_POINT('',(-32.81929669182,-1.,62.));
#6390 = PCURVE('',#3202,#6391);
#6391 = DEFINITIONAL_REPRESENTATION('',(#6392),#6491);
#6392 = B_SPLINE_CURVE_WITH_KNOTS('',7,(#6393,#6394,#6395,#6396,#6397,
    #6398,#6399,#6400,#6401,#6402,#6403,#6404,#6405,#6406,#6407,#6408,
    #6409,#6410,#6411,#6412,#6413,#6414,#6415,#6416,#6417,#6418,#6419,
    #6420,#6421,#6422,#6423,#6424,#6425,#6426,#6427,#6428,#6429,#6430,
    #6431,#6432,#6433,#6434,#6435,#6436,#6437,#6438,#6439,#6440,#6441,
    #6442,#6443,#6444,#6445,#6446,#6447,#6448,#6449,#6450,#6451,#6452,
    #6453,#6454,#6455,#6456,#6457,#6458,#6459,#6460,#6461,#6462,#6463,
    #6464,#6465,#6466,#6467,#6468,#6469,#6470,#6471,#6472,#6473,#6474,
    #6475,#6476,#6477,#6478,#6479,#6480,#6481,#6482,#6483,#6484,#6485,
    #6486,#6487,#6488,#6489,#6490),.UNSPECIFIED.,.F.,.F.,(8,6,6,6,6,6,6,
    6,6,6,6,6,6,6,6,6,8),(0.,2.660431298379E-04,0.116650801532,
    0.140805835934,0.181826404443,0.226847243165,0.289448086141,
    0.383449806017,0.502616126917,0.564742319127,0.621528184568,
    0.746343208055,0.790560380493,0.86015872383,0.884148289421,
    0.999735779341,1.),.UNSPECIFIED.);
#6393 = CARTESIAN_POINT('',(-6.28318530718,-8.819296691827));
#6394 = CARTESIAN_POINT('',(-6.282965931801,-8.819296691827));
#6395 = CARTESIAN_POINT('',(-6.282746556422,-8.819296723104));
#6396 = CARTESIAN_POINT('',(-6.282527181035,-8.819296785656));
#6397 = CARTESIAN_POINT('',(-6.282307805632,-8.819296879485));
#6398 = CARTESIAN_POINT('',(-6.282088430206,-8.819297004591));
#6399 = CARTESIAN_POINT('',(-6.281869054749,-8.819297160973));
#6400 = CARTESIAN_POINT('',(-6.185680412034,-8.819379442951));
#6401 = CARTESIAN_POINT('',(-6.089583753059,-8.825446519531));
#6402 = CARTESIAN_POINT('',(-5.992731414005,-8.837546976986));
#6403 = CARTESIAN_POINT('',(-5.894561161767,-8.857457656147));
#6404 = CARTESIAN_POINT('',(-5.794536393355,-8.888771417983));
#6405 = CARTESIAN_POINT('',(-5.692130479874,-8.937281740077));
#6406 = CARTESIAN_POINT('',(-5.564913460996,-9.027500181487));
#6407 = CARTESIAN_POINT('',(-5.542939437893,-9.044122182413));
#6408 = CARTESIAN_POINT('',(-5.520866027408,-9.06192724852));
#6409 = CARTESIAN_POINT('',(-5.498701833746,-9.08098456261));
#6410 = CARTESIAN_POINT('',(-5.476454757413,-9.101364903011));
#6411 = CARTESIAN_POINT('',(-5.454132117402,-9.123140259517));
#6412 = CARTESIAN_POINT('',(-5.393715339592,-9.185855504874));
#6413 = CARTESIAN_POINT('',(-5.355447488235,-9.22960662167));
#6414 = CARTESIAN_POINT('',(-5.317074770151,-9.277902642264));
#6415 = CARTESIAN_POINT('',(-5.278718934739,-9.330965555741));
#6416 = CARTESIAN_POINT('',(-5.24049037629,-9.388955661735));
#6417 = CARTESIAN_POINT('',(-5.202492580315,-9.451953734456));
#6418 = CARTESIAN_POINT('',(-5.123487421184,-9.594562878142));
#6419 = CARTESIAN_POINT('',(-5.082668287109,-9.674977947447));
#6420 = CARTESIAN_POINT('',(-5.04249496528,-9.761108800958));
#6421 = CARTESIAN_POINT('',(-5.00309028631,-9.852732992092));
#6422 = CARTESIAN_POINT('',(-4.964578239244,-9.949461525338));
#6423 = CARTESIAN_POINT('',(-4.927088096996,-10.05071516023));
#6424 = CARTESIAN_POINT('',(-4.840242806297,-10.301681653));
#6425 = CARTESIAN_POINT('',(-4.79198706495,-10.45483073292));
#6426 = CARTESIAN_POINT('',(-4.745893896377,-10.61435400984));
#6427 = CARTESIAN_POINT('',(-4.701901049573,-10.77940433997));
#6428 = CARTESIAN_POINT('',(-4.659972162812,-10.94909852047));
#6429 = CARTESIAN_POINT('',(-4.620089376313,-11.12252120162));
#6430 = CARTESIAN_POINT('',(-4.525424807947,-11.5632898652));
#6431 = CARTESIAN_POINT('',(-4.47295608138,-11.83526867228));
#6432 = CARTESIAN_POINT('',(-4.424543207438,-12.11316583087));
#6433 = CARTESIAN_POINT('',(-4.380004773847,-12.39592432346));
#6434 = CARTESIAN_POINT('',(-4.339237479534,-12.68293661093));
#6435 = CARTESIAN_POINT('',(-4.302208193414,-12.9740176376));
#6436 = CARTESIAN_POINT('',(-4.226849695724,-13.64369970204));
#6437 = CARTESIAN_POINT('',(-4.190657909621,-14.02636141803));
#6438 = CARTESIAN_POINT('',(-4.160930841554,-14.41488311963));
#6439 = CARTESIAN_POINT('',(-4.138156697614,-14.8073778759));
#6440 = CARTESIAN_POINT('',(-4.122753094688,-15.20271417971));
#6441 = CARTESIAN_POINT('',(-4.114982563739,-15.60037823315));
#6442 = CARTESIAN_POINT('',(-4.114982563739,-16.20833888728));
#6443 = CARTESIAN_POINT('',(-4.117094528557,-16.41655981274));
#6444 = CARTESIAN_POINT('',(-4.121314251369,-16.62447442863));
#6445 = CARTESIAN_POINT('',(-4.127619459728,-16.83188324045));
#6446 = CARTESIAN_POINT('',(-4.135969530173,-17.03855579672));
#6447 = CARTESIAN_POINT('',(-4.146305363436,-17.24421101959));
#6448 = CARTESIAN_POINT('',(-4.16974098597,-17.63522398627));
#6449 = CARTESIAN_POINT('',(-4.182530376023,-17.82086642469));
#6450 = CARTESIAN_POINT('',(-4.196873812743,-18.00538470004));
#6451 = CARTESIAN_POINT('',(-4.21272820164,-18.18871755318));
#6452 = CARTESIAN_POINT('',(-4.230053065492,-18.37078242498));
#6453 = CARTESIAN_POINT('',(-4.248812478426,-18.55147512377));
#6454 = CARTESIAN_POINT('',(-4.313298508822,-19.12453774162));
#6455 = CARTESIAN_POINT('',(-4.365309201915,-19.51917583277));
#6456 = CARTESIAN_POINT('',(-4.42494031926,-19.91045550416));
#6457 = CARTESIAN_POINT('',(-4.492004096136,-20.29388136574));
#6458 = CARTESIAN_POINT('',(-4.566406117952,-20.66444018645));
#6459 = CARTESIAN_POINT('',(-4.648211894743,-21.01668264409));
#6460 = CARTESIAN_POINT('',(-4.769636710601,-21.461607076));
#6461 = CARTESIAN_POINT('',(-4.802554440918,-21.57563613792));
#6462 = CARTESIAN_POINT('',(-4.836582118591,-21.68670645358));
#6463 = CARTESIAN_POINT('',(-4.871682238361,-21.79430555471));
#6464 = CARTESIAN_POINT('',(-4.907824548889,-21.89800263199));
#6465 = CARTESIAN_POINT('',(-4.944986575501,-21.99744274229));
#6466 = CARTESIAN_POINT('',(-5.04323033771,-22.24171200163));
#6467 = CARTESIAN_POINT('',(-5.105627904133,-22.3794086443));
#6468 = CARTESIAN_POINT('',(-5.169755873298,-22.50317102347));
#6469 = CARTESIAN_POINT('',(-5.235050841765,-22.61203428562));
#6470 = CARTESIAN_POINT('',(-5.300941196953,-22.70608672707));
#6471 = CARTESIAN_POINT('',(-5.366779178185,-22.78618358703));
#6472 = CARTESIAN_POINT('',(-5.454132117402,-22.87685974048));
#6473 = CARTESIAN_POINT('',(-5.476454757413,-22.89863509698));
#6474 = CARTESIAN_POINT('',(-5.498701833746,-22.91901543739));
#6475 = CARTESIAN_POINT('',(-5.520866027408,-22.93807275148));
#6476 = CARTESIAN_POINT('',(-5.542939437893,-22.95587781758));
#6477 = CARTESIAN_POINT('',(-5.564913460996,-22.97249981851));
#6478 = CARTESIAN_POINT('',(-5.692130479874,-23.06271825992));
#6479 = CARTESIAN_POINT('',(-5.794536393355,-23.11122858201));
#6480 = CARTESIAN_POINT('',(-5.894561161768,-23.14254234385));
#6481 = CARTESIAN_POINT('',(-5.992731414004,-23.16245302301));
#6482 = CARTESIAN_POINT('',(-6.089583753059,-23.17455348047));
#6483 = CARTESIAN_POINT('',(-6.185680412034,-23.18062055704));
#6484 = CARTESIAN_POINT('',(-6.281869054749,-23.18070283902));
#6485 = CARTESIAN_POINT('',(-6.282088430206,-23.1807029954));
#6486 = CARTESIAN_POINT('',(-6.282307805632,-23.18070312051));
#6487 = CARTESIAN_POINT('',(-6.282527181035,-23.18070321434));
#6488 = CARTESIAN_POINT('',(-6.282746556422,-23.18070327689));
#6489 = CARTESIAN_POINT('',(-6.282965931801,-23.18070330817));
#6490 = CARTESIAN_POINT('',(-6.28318530718,-23.18070330817));
#6491 = ( GEOMETRIC_REPRESENTATION_CONTEXT(2) 
PARAMETRIC_REPRESENTATION_CONTEXT() REPRESENTATION_CONTEXT('2D SPACE',''
  ) );
#6492 = PCURVE('',#3653,#6493);
#6493 = DEFINITIONAL_REPRESENTATION('',(#6494),#6593);
#6494 = B_SPLINE_CURVE_WITH_KNOTS('',7,(#6495,#6496,#6497,#6498,#6499,
    #6500,#6501,#6502,#6503,#6504,#6505,#6506,#6507,#6508,#6509,#6510,
    #6511,#6512,#6513,#6514,#6515,#6516,#6517,#6518,#6519,#6520,#6521,
    #6522,#6523,#6524,#6525,#6526,#6527,#6528,#6529,#6530,#6531,#6532,
    #6533,#6534,#6535,#6536,#6537,#6538,#6539,#6540,#6541,#6542,#6543,
    #6544,#6545,#6546,#6547,#6548,#6549,#6550,#6551,#6552,#6553,#6554,
    #6555,#6556,#6557,#6558,#6559,#6560,#6561,#6562,#6563,#6564,#6565,
    #6566,#6567,#6568,#6569,#6570,#6571,#6572,#6573,#6574,#6575,#6576,
    #6577,#6578,#6579,#6580,#6581,#6582,#6583,#6584,#6585,#6586,#6587,
    #6588,#6589,#6590,#6591,#6592),.UNSPECIFIED.,.F.,.F.,(8,6,6,6,6,6,6,
    6,6,6,6,6,6,6,6,6,8),(0.,2.660431298379E-04,0.116650801532,
    0.140805835934,0.181826404443,0.226847243165,0.289448086141,
    0.383449806017,0.502616126917,0.564742319127,0.621528184568,
    0.746343208055,0.790560380493,0.86015872383,0.884148289421,
    0.999735779341,1.),.UNSPECIFIED.);
#6495 = CARTESIAN_POINT('',(3.279964830975,-29.));
#6496 = CARTESIAN_POINT('',(3.279964830975,-29.00087750151));
#6497 = CARTESIAN_POINT('',(3.279964862251,-29.00175500303));
#6498 = CARTESIAN_POINT('',(3.279964924804,-29.0026325045));
#6499 = CARTESIAN_POINT('',(3.279965018633,-29.00351000591));
#6500 = CARTESIAN_POINT('',(3.279965143738,-29.0043875072));
#6501 = CARTESIAN_POINT('',(3.27996530012,-29.00526500834));
#6502 = CARTESIAN_POINT('',(3.28004758171,-29.39001912554));
#6503 = CARTESIAN_POINT('',(3.28611522744,-29.77433922157));
#6504 = CARTESIAN_POINT('',(3.298197358353,-30.15584158739));
#6505 = CARTESIAN_POINT('',(3.316451052364,-30.53092720616));
#6506 = CARTESIAN_POINT('',(3.341131483904,-30.89510864204));
#6507 = CARTESIAN_POINT('',(3.37256439388,-31.24257724425));
#6508 = CARTESIAN_POINT('',(3.419276024381,-31.6329564825));
#6509 = CARTESIAN_POINT('',(3.427610176457,-31.6989550033));
#6510 = CARTESIAN_POINT('',(3.436248344985,-31.76374931224));
#6511 = CARTESIAN_POINT('',(3.445188444443,-31.82723781947));
#6512 = CARTESIAN_POINT('',(3.454428049422,-31.88932425096));
#6513 = CARTESIAN_POINT('',(3.463964485533,-31.9499175795));
#6514 = CARTESIAN_POINT('',(3.490489163719,-32.1091513643));
#6515 = CARTESIAN_POINT('',(3.50805085038,-32.20493404869));
#6516 = CARTESIAN_POINT('',(3.526423134514,-32.295563473));
#6517 = CARTESIAN_POINT('',(3.545541532813,-32.38048030055));
#6518 = CARTESIAN_POINT('',(3.565335097358,-32.45927367098));
#6519 = CARTESIAN_POINT('',(3.585727588527,-32.53167247737));
#6520 = CARTESIAN_POINT('',(3.629588925422,-32.66982379341));
#6521 = CARTESIAN_POINT('',(3.653097057737,-32.7340292744));
#6522 = CARTESIAN_POINT('',(3.67705066214,-32.79005528935));
#6523 = CARTESIAN_POINT('',(3.701332398255,-32.83798893596));
#6524 = CARTESIAN_POINT('',(3.725817163987,-32.87808587635));
#6525 = CARTESIAN_POINT('',(3.750369291487,-32.91075400665));
#6526 = CARTESIAN_POINT('',(3.808865561865,-32.97238819264));
#6527 = CARTESIAN_POINT('',(3.842722158351,-32.99491570027));
#6528 = CARTESIAN_POINT('',(3.876321979759,-33.00592688604));
#6529 = CARTESIAN_POINT('',(3.909594844308,-33.00707512214));
#6530 = CARTESIAN_POINT('',(3.942478838046,-32.99989465096));
#6531 = CARTESIAN_POINT('',(3.974913950057,-32.98581775297));
#6532 = CARTESIAN_POINT('',(4.05477641923,-32.93667771932));
#6533 = CARTESIAN_POINT('',(4.101772180203,-32.89450183181));
#6534 = CARTESIAN_POINT('',(4.147898252661,-32.84376301141));
#6535 = CARTESIAN_POINT('',(4.193259489371,-32.78772559571));
#6536 = CARTESIAN_POINT('',(4.237989269837,-32.72908995696));
#6537 = CARTESIAN_POINT('',(4.28224716653,-32.67020032497));
#6538 = CARTESIAN_POINT('',(4.38196016565,-32.54087791615));
#6539 = CARTESIAN_POINT('',(4.437463096527,-32.47128829436));
#6540 = CARTESIAN_POINT('',(4.492670241204,-32.40931582111));
#6541 = CARTESIAN_POINT('',(4.547615791664,-32.35933061163));
#6542 = CARTESIAN_POINT('',(4.602418534153,-32.3246728935));
#6543 = CARTESIAN_POINT('',(4.657268736682,-32.30718913883));
#6544 = CARTESIAN_POINT('',(4.741125378631,-32.30718913883));
#6545 = CARTESIAN_POINT('',(4.769845500567,-32.31194107816));
#6546 = CARTESIAN_POINT('',(4.798562157602,-32.32143539121));
#6547 = CARTESIAN_POINT('',(4.82728632112,-32.33552925721));
#6548 = CARTESIAN_POINT('',(4.856024960775,-32.3539461901));
#6549 = CARTESIAN_POINT('',(4.884778146717,-32.37628604135));
#6550 = CARTESIAN_POINT('',(4.939820728763,-32.42559053091));
#6551 = CARTESIAN_POINT('',(4.966117834958,-32.45200032335));
#6552 = CARTESIAN_POINT('',(4.992450959452,-32.4809213841));
#6553 = CARTESIAN_POINT('',(5.018842199526,-32.51195475958));
#6554 = CARTESIAN_POINT('',(5.045311820455,-32.54466149159));
#6555 = CARTESIAN_POINT('',(5.071878551363,-32.57856815747));
#6556 = CARTESIAN_POINT('',(5.1572052987,-32.68923236976));
#6557 = CARTESIAN_POINT('',(5.217596857681,-32.77020769481));
#6558 = CARTESIAN_POINT('',(5.279623558069,-32.85056022779));
#6559 = CARTESIAN_POINT('',(5.343186332383,-32.92295693481));
#6560 = CARTESIAN_POINT('',(5.408150908898,-32.97867472244));
#6561 = CARTESIAN_POINT('',(5.474337266918,-33.00783997082));
#6562 = CARTESIAN_POINT('',(5.565173870201,-32.9954636613));
#6563 = CARTESIAN_POINT('',(5.58917316427,-32.98740190767));
#6564 = CARTESIAN_POINT('',(5.613334931862,-32.97390932353));
#6565 = CARTESIAN_POINT('',(5.637590229727,-32.95439946368));
#6566 = CARTESIAN_POINT('',(5.661873693975,-32.92830898902));
#6567 = CARTESIAN_POINT('',(5.686121210845,-32.89510061922));
#6568 = CARTESIAN_POINT('',(5.748274264949,-32.7899920545));
#6569 = CARTESIAN_POINT('',(5.785923051148,-32.70700569143));
#6570 = CARTESIAN_POINT('',(5.822639159133,-32.60405860122));
#6571 = CARTESIAN_POINT('',(5.857927715047,-32.48098356143));
#6572 = CARTESIAN_POINT('',(5.891337601602,-32.33885194994));
#6573 = CARTESIAN_POINT('',(5.922463058592,-32.18014401045));
#6574 = CARTESIAN_POINT('',(5.960813475236,-31.9499175795));
#6575 = CARTESIAN_POINT('',(5.970349911347,-31.88932425096));
#6576 = CARTESIAN_POINT('',(5.979589516326,-31.82723781947));
#6577 = CARTESIAN_POINT('',(5.988529615785,-31.76374931224));
#6578 = CARTESIAN_POINT('',(5.997167784313,-31.6989550033));
#6579 = CARTESIAN_POINT('',(6.005501936388,-31.6329564825));
#6580 = CARTESIAN_POINT('',(6.05221356689,-31.24257724425));
#6581 = CARTESIAN_POINT('',(6.083646476865,-30.89510864204));
#6582 = CARTESIAN_POINT('',(6.108326908405,-30.53092720616));
#6583 = CARTESIAN_POINT('',(6.126580602416,-30.15584158739));
#6584 = CARTESIAN_POINT('',(6.13866273333,-29.77433922156));
#6585 = CARTESIAN_POINT('',(6.14473037906,-29.39001912555));
#6586 = CARTESIAN_POINT('',(6.14481266065,-29.00526500834));
#6587 = CARTESIAN_POINT('',(6.144812817031,-29.0043875072));
#6588 = CARTESIAN_POINT('',(6.144812942137,-29.00351000591));
#6589 = CARTESIAN_POINT('',(6.144813035966,-29.0026325045));
#6590 = CARTESIAN_POINT('',(6.144813098518,-29.00175500303));
#6591 = CARTESIAN_POINT('',(6.144813129794,-29.00087750151));
#6592 = CARTESIAN_POINT('',(6.144813129794,-29.));
#6593 = ( GEOMETRIC_REPRESENTATION_CONTEXT(2) 
PARAMETRIC_REPRESENTATION_CONTEXT() REPRESENTATION_CONTEXT('2D SPACE',''
  ) );
#6594 = FACE_BOUND('',#6595,.T.);
#6595 = EDGE_LOOP('',(#6596));
#6596 = ORIENTED_EDGE('',*,*,#6597,.T.);
#6597 = EDGE_CURVE('',#6598,#6598,#6600,.T.);
#6598 = VERTEX_POINT('',#6599);
#6599 = CARTESIAN_POINT('',(3.,-9.,62.));
#6600 = SURFACE_CURVE('',#6601,(#6714,#6830),.PCURVE_S1.);
#6601 = B_SPLINE_CURVE_WITH_KNOTS('',6,(#6602,#6603,#6604,#6605,#6606,
    #6607,#6608,#6609,#6610,#6611,#6612,#6613,#6614,#6615,#6616,#6617,
    #6618,#6619,#6620,#6621,#6622,#6623,#6624,#6625,#6626,#6627,#6628,
    #6629,#6630,#6631,#6632,#6633,#6634,#6635,#6636,#6637,#6638,#6639,
    #6640,#6641,#6642,#6643,#6644,#6645,#6646,#6647,#6648,#6649,#6650,
    #6651,#6652,#6653,#6654,#6655,#6656,#6657,#6658,#6659,#6660,#6661,
    #6662,#6663,#6664,#6665,#6666,#6667,#6668,#6669,#6670,#6671,#6672,
    #6673,#6674,#6675,#6676,#6677,#6678,#6679,#6680,#6681,#6682,#6683,
    #6684,#6685,#6686,#6687,#6688,#6689,#6690,#6691,#6692,#6693,#6694,
    #6695,#6696,#6697,#6698,#6699,#6700,#6701,#6702,#6703,#6704,#6705,
    #6706,#6707,#6708,#6709,#6710,#6711,#6712,#6713),.UNSPECIFIED.,.T.,
  .F.,(7,5,5,5,5,5,5,5,5,5,5,5,5,5,5,5,5,5,5,5,5,5,7),(0.,
    5.444243605223E-02,7.855082606447E-02,0.142904644039,0.203253310968,
    0.251016534197,0.282101914738,0.299081546988,0.358992535231,
    0.423191673682,0.468736766682,0.523719283662,0.555862099542,
    0.579812487482,0.643744552332,0.703697714543,0.751147913792,
    0.782029571282,0.798897922167,0.85841625577,0.922194635185,
    0.947691271664,1.),.UNSPECIFIED.);
#6602 = CARTESIAN_POINT('',(3.,-9.,62.));
#6603 = CARTESIAN_POINT('',(3.,-9.,62.214450991977));
#6604 = CARTESIAN_POINT('',(2.981604055115,-8.98620273363,
    62.426724198976));
#6605 = CARTESIAN_POINT('',(2.945514363411,-8.959136947517,
    62.63355791245));
#6606 = CARTESIAN_POINT('',(2.893433725543,-8.920350256124,
    62.831805612728));
#6607 = CARTESIAN_POINT('',(2.828061600843,-8.872369614791,
    63.018596330603));
#6608 = CARTESIAN_POINT('',(2.720141687306,-8.794554532113,
    63.267984536326));
#6609 = CARTESIAN_POINT('',(2.684993272963,-8.769376428745,
    63.342202248973));
#6610 = CARTESIAN_POINT('',(2.647991498473,-8.74307024682,
    63.414115121451));
#6611 = CARTESIAN_POINT('',(2.60929343946,-8.715792813468,
    63.483748368555));
#6612 = CARTESIAN_POINT('',(2.56904038272,-8.68769033781,63.551134108273
    ));
#6613 = CARTESIAN_POINT('',(2.416092343447,-8.582042577024,
    63.790292498915));
#6614 = CARTESIAN_POINT('',(2.294530596449,-8.500197712558,
    63.948708987869));
#6615 = CARTESIAN_POINT('',(2.164826052998,-8.41578843627,
    64.092544441303));
#6616 = CARTESIAN_POINT('',(2.028239037429,-8.330673200712,
    64.222898186401));
#6617 = CARTESIAN_POINT('',(1.885347210997,-8.246379238001,
    64.340710852675));
#6618 = CARTESIAN_POINT('',(1.596272661772,-8.087783428404,
    64.545847513904));
#6619 = CARTESIAN_POINT('',(1.45081835272,-8.013169454148,
    64.634634038628));
#6620 = CARTESIAN_POINT('',(1.300158255274,-7.942228453387,
    64.713164248783));
#6621 = CARTESIAN_POINT('',(1.144535981521,-7.876658685435,
    64.781413931371));
#6622 = CARTESIAN_POINT('',(0.984058257012,-7.818405878707,
    64.839221491745));
#6623 = CARTESIAN_POINT('',(0.687797227326,-7.730829678087,
    64.923259256711));
#6624 = CARTESIAN_POINT('',(0.553547236334,-7.697919106838,
    64.953644658815));
#6625 = CARTESIAN_POINT('',(0.416947449662,-7.672165410265,
    64.976705200923));
#6626 = CARTESIAN_POINT('',(0.278762405651,-7.654589726621,
    64.992205181416));
#6627 = CARTESIAN_POINT('',(0.139596922712,-7.645751311065,65.));
#6628 = CARTESIAN_POINT('',(-9.08528187916E-02,-7.645751311065,65.));
#6629 = CARTESIAN_POINT('',(-0.181640683752,-7.649494599565,
    64.996698232049));
#6630 = CARTESIAN_POINT('',(-0.272161476183,-7.656973469547,
    64.99010389506));
#6631 = CARTESIAN_POINT('',(-0.362190456221,-7.668077985026,
    64.980246906937));
#6632 = CARTESIAN_POINT('',(-0.451479762851,-7.682601783526,
    64.967190550492));
#6633 = CARTESIAN_POINT('',(-0.587977704534,-7.709886628315,
    64.942224524477));
#6634 = CARTESIAN_POINT('',(-0.635911813802,-7.720460369555,
    64.93248021587));
#6635 = CARTESIAN_POINT('',(-0.683544032804,-7.731927650911,
    64.921822269678));
#6636 = CARTESIAN_POINT('',(-0.730855642115,-7.744243560113,
    64.910262988738));
#6637 = CARTESIAN_POINT('',(-0.777825411806,-7.757359723986,
    64.897815902579));
#6638 = CARTESIAN_POINT('',(-0.988867971852,-7.820144152203,
    64.837496960312));
#6639 = CARTESIAN_POINT('',(-1.148451978947,-7.87829283471,
    64.779717378246));
#6640 = CARTESIAN_POINT('',(-1.303221627443,-7.943650286202,
    64.711601649436));
#6641 = CARTESIAN_POINT('',(-1.453073098221,-8.014302731541,
    64.633306971048));
#6642 = CARTESIAN_POINT('',(-1.597768684026,-8.088579848666,
    64.544853664808));
#6643 = CARTESIAN_POINT('',(-1.886118208457,-8.246828466307,
    64.340090698318));
#6644 = CARTESIAN_POINT('',(-2.028983484841,-8.331128642005,
    64.222220890962));
#6645 = CARTESIAN_POINT('',(-2.165541450141,-8.416243877826,
    64.091807701283));
#6646 = CARTESIAN_POINT('',(-2.29521406635,-8.50064737683,
    63.947908833837));
#6647 = CARTESIAN_POINT('',(-2.416739639694,-8.582480115279,
    63.789423338894));
#6648 = CARTESIAN_POINT('',(-2.606867193448,-8.713825774771,
    63.491883814067));
#6649 = CARTESIAN_POINT('',(-2.68082248583,-8.765983408617,
    63.360195482761));
#6650 = CARTESIAN_POINT('',(-2.748753574797,-8.814724511028,
    63.220247995192));
#6651 = CARTESIAN_POINT('',(-2.80950301355,-8.858906542654,
    63.072077170761));
#6652 = CARTESIAN_POINT('',(-2.861804323691,-8.897320447746,
    62.915842587732));
#6653 = CARTESIAN_POINT('',(-2.955504094915,-8.966587114324,
    62.553903877785));
#6654 = CARTESIAN_POINT('',(-2.992582519138,-8.994360932429,
    62.343944483672));
#6655 = CARTESIAN_POINT('',(-3.011680611938,-9.008812971177,
    62.126816490775));
#6656 = CARTESIAN_POINT('',(-3.011202927724,-9.008412449115,
    61.90769314548));
#6657 = CARTESIAN_POINT('',(-2.99156141577,-8.99360183486,
    61.691820933895));
#6658 = CARTESIAN_POINT('',(-2.934145886992,-8.950824277177,
    61.362844787491));
#6659 = CARTESIAN_POINT('',(-2.907326513194,-8.930902924485,
    61.244491241171));
#6660 = CARTESIAN_POINT('',(-2.875314248266,-8.907234021715,
    61.129546679158));
#6661 = CARTESIAN_POINT('',(-2.838597699419,-8.880264844235,
    61.018369102134));
#6662 = CARTESIAN_POINT('',(-2.797715792906,-8.85048893053,
    60.911278644788));
#6663 = CARTESIAN_POINT('',(-2.720141681617,-8.794554528011,
    60.732015450529));
#6664 = CARTESIAN_POINT('',(-2.68499327517,-8.769376430223,
    60.657797753276));
#6665 = CARTESIAN_POINT('',(-2.647991504893,-8.743070251341,
    60.585884890611));
#6666 = CARTESIAN_POINT('',(-2.609293440858,-8.715792814525,
    60.516251635829));
#6667 = CARTESIAN_POINT('',(-2.56904037602,-8.687690333182,
    60.44886588125));
#6668 = CARTESIAN_POINT('',(-2.416092343447,-8.582042577024,
    60.209707501085));
#6669 = CARTESIAN_POINT('',(-2.294530596449,-8.500197712557,
    60.051291012131));
#6670 = CARTESIAN_POINT('',(-2.164826052998,-8.41578843627,
    59.907455558697));
#6671 = CARTESIAN_POINT('',(-2.028239037429,-8.330673200712,
    59.777101813599));
#6672 = CARTESIAN_POINT('',(-1.885347210997,-8.246379238001,
    59.659289147325));
#6673 = CARTESIAN_POINT('',(-1.596272661763,-8.087783428399,
    59.454152486089));
#6674 = CARTESIAN_POINT('',(-1.450818352722,-8.013169454151,
    59.365365961376));
#6675 = CARTESIAN_POINT('',(-1.300158255282,-7.942228453391,
    59.286835751221));
#6676 = CARTESIAN_POINT('',(-1.144535981524,-7.876658685435,
    59.218586068628));
#6677 = CARTESIAN_POINT('',(-0.984058257003,-7.818405878704,
    59.160778508252));
#6678 = CARTESIAN_POINT('',(-0.687797227326,-7.730829678087,
    59.076740743289));
#6679 = CARTESIAN_POINT('',(-0.553547236335,-7.697919106839,
    59.046355341185));
#6680 = CARTESIAN_POINT('',(-0.416947449662,-7.672165410264,
    59.023294799077));
#6681 = CARTESIAN_POINT('',(-0.278762405651,-7.654589726621,
    59.007794818584));
#6682 = CARTESIAN_POINT('',(-0.139596922711,-7.645751311065,59.));
#6683 = CARTESIAN_POINT('',(9.085281879161E-02,-7.645751311065,59.));
#6684 = CARTESIAN_POINT('',(0.181640683752,-7.649494599565,
    59.003301767951));
#6685 = CARTESIAN_POINT('',(0.272161476183,-7.656973469547,
    59.00989610494));
#6686 = CARTESIAN_POINT('',(0.362190456221,-7.668077985026,
    59.019753093063));
#6687 = CARTESIAN_POINT('',(0.451479762851,-7.682601783526,
    59.032809449508));
#6688 = CARTESIAN_POINT('',(0.587977697076,-7.709886626824,
    59.057775474159));
#6689 = CARTESIAN_POINT('',(0.635911815626,-7.720460370292,
    59.067519784856));
#6690 = CARTESIAN_POINT('',(0.683544040111,-7.731927652722,
    59.078177732026));
#6691 = CARTESIAN_POINT('',(0.730855644193,-7.744243560344,
    59.089737011446));
#6692 = CARTESIAN_POINT('',(0.777825404665,-7.757359721862,
    59.10218409538));
#6693 = CARTESIAN_POINT('',(0.988867971852,-7.820144152203,
    59.162503039688));
#6694 = CARTESIAN_POINT('',(1.148451978947,-7.87829283471,
    59.220282621754));
#6695 = CARTESIAN_POINT('',(1.303221627443,-7.943650286202,
    59.288398350563));
#6696 = CARTESIAN_POINT('',(1.453073098221,-8.014302731541,
    59.366693028953));
#6697 = CARTESIAN_POINT('',(1.597768684026,-8.088579848666,
    59.455146335192));
#6698 = CARTESIAN_POINT('',(1.886118208457,-8.246828466307,
    59.659909301682));
#6699 = CARTESIAN_POINT('',(2.028983484841,-8.331128642005,
    59.777779109037));
#6700 = CARTESIAN_POINT('',(2.165541450142,-8.416243877826,
    59.908192298718));
#6701 = CARTESIAN_POINT('',(2.29521406635,-8.50064737683,60.052091166162
    ));
#6702 = CARTESIAN_POINT('',(2.416739639694,-8.582480115279,
    60.210576661106));
#6703 = CARTESIAN_POINT('',(2.572425444228,-8.690032409863,
    60.454216677446));
#6704 = CARTESIAN_POINT('',(2.615261640083,-8.719963794033,
    60.526318386164));
#6705 = CARTESIAN_POINT('',(2.656316116941,-8.748943984091,
    60.600984224764));
#6706 = CARTESIAN_POINT('',(2.6954145501,-8.776793358222,60.678250731855
    ));
#6707 = CARTESIAN_POINT('',(2.732362628174,-8.803318853272,
    60.758145215564));
#6708 = CARTESIAN_POINT('',(2.837896417991,-8.879594275559,
    61.010023536536));
#6709 = CARTESIAN_POINT('',(2.899690538502,-8.925010397273,
    61.192399546563));
#6710 = CARTESIAN_POINT('',(2.948789225396,-8.961592822439,
    61.385421764791));
#6711 = CARTESIAN_POINT('',(2.982734017917,-8.987050280212,
    61.586358453614));
#6712 = CARTESIAN_POINT('',(3.,-9.,61.792239615004));
#6713 = CARTESIAN_POINT('',(3.,-9.,62.));
#6714 = PCURVE('',#3202,#6715);
#6715 = DEFINITIONAL_REPRESENTATION('',(#6716),#6829);
#6716 = B_SPLINE_CURVE_WITH_KNOTS('',6,(#6717,#6718,#6719,#6720,#6721,
    #6722,#6723,#6724,#6725,#6726,#6727,#6728,#6729,#6730,#6731,#6732,
    #6733,#6734,#6735,#6736,#6737,#6738,#6739,#6740,#6741,#6742,#6743,
    #6744,#6745,#6746,#6747,#6748,#6749,#6750,#6751,#6752,#6753,#6754,
    #6755,#6756,#6757,#6758,#6759,#6760,#6761,#6762,#6763,#6764,#6765,
    #6766,#6767,#6768,#6769,#6770,#6771,#6772,#6773,#6774,#6775,#6776,
    #6777,#6778,#6779,#6780,#6781,#6782,#6783,#6784,#6785,#6786,#6787,
    #6788,#6789,#6790,#6791,#6792,#6793,#6794,#6795,#6796,#6797,#6798,
    #6799,#6800,#6801,#6802,#6803,#6804,#6805,#6806,#6807,#6808,#6809,
    #6810,#6811,#6812,#6813,#6814,#6815,#6816,#6817,#6818,#6819,#6820,
    #6821,#6822,#6823,#6824,#6825,#6826,#6827,#6828),.UNSPECIFIED.,.T.,
  .F.,(7,5,5,5,5,5,5,5,5,5,5,5,5,5,5,5,5,5,5,5,5,5,7),(0.,
    5.444243605223E-02,7.855082606447E-02,0.142904644039,0.203253310968,
    0.251016534197,0.282101914738,0.299081546988,0.358992535231,
    0.423191673682,0.468736766682,0.523719283662,0.555862099542,
    0.579812487482,0.643744552332,0.703697714543,0.751147913792,
    0.782029571282,0.798897922167,0.85841625577,0.922194635185,
    0.947691271664,1.),.UNSPECIFIED.);
#6717 = CARTESIAN_POINT('',(-3.14159265359,-59.));
#6718 = CARTESIAN_POINT('',(-3.087979905596,-59.));
#6719 = CARTESIAN_POINT('',(-3.034911501275,-58.98160405511));
#6720 = CARTESIAN_POINT('',(-2.982926170957,-58.94551436341));
#6721 = CARTESIAN_POINT('',(-2.932559102673,-58.89343372554));
#6722 = CARTESIAN_POINT('',(-2.88440809374,-58.82806160084));
#6723 = CARTESIAN_POINT('',(-2.819096502002,-58.7201416873));
#6724 = CARTESIAN_POINT('',(-2.799509271528,-58.68499327296));
#6725 = CARTESIAN_POINT('',(-2.780373812642,-58.64799149847));
#6726 = CARTESIAN_POINT('',(-2.761684374515,-58.60929343946));
#6727 = CARTESIAN_POINT('',(-2.743435530033,-58.56904038272));
#6728 = CARTESIAN_POINT('',(-2.678072034309,-58.41609234344));
#6729 = CARTESIAN_POINT('',(-2.633577227871,-58.29453059644));
#6730 = CARTESIAN_POINT('',(-2.59196435168,-58.16482605299));
#6731 = CARTESIAN_POINT('',(-2.553100184027,-58.02823903742));
#6732 = CARTESIAN_POINT('',(-2.516909320006,-57.88534721099));
#6733 = CARTESIAN_POINT('',(-2.452085674338,-57.59627266177));
#6734 = CARTESIAN_POINT('',(-2.423115834088,-57.45081835272));
#6735 = CARTESIAN_POINT('',(-2.396680910285,-57.30015825527));
#6736 = CARTESIAN_POINT('',(-2.373030985314,-57.14453598152));
#6737 = CARTESIAN_POINT('',(-2.352516913905,-56.98405825701));
#6738 = CARTESIAN_POINT('',(-2.322173116294,-56.68779722732));
#6739 = CARTESIAN_POINT('',(-2.310977076463,-56.55354723633));
#6740 = CARTESIAN_POINT('',(-2.302335352038,-56.41694744966));
#6741 = CARTESIAN_POINT('',(-2.296476692603,-56.27876240565));
#6742 = CARTESIAN_POINT('',(-2.293530574608,-56.13959692271));
#6743 = CARTESIAN_POINT('',(-2.293530574608,-55.9091471812));
#6744 = CARTESIAN_POINT('',(-2.294778408994,-55.81835931624));
#6745 = CARTESIAN_POINT('',(-2.2972711658,-55.72783852381));
#6746 = CARTESIAN_POINT('',(-2.30098316688,-55.63780954377));
#6747 = CARTESIAN_POINT('',(-2.305865411957,-55.54852023714));
#6748 = CARTESIAN_POINT('',(-2.315111239429,-55.41202229546));
#6749 = CARTESIAN_POINT('',(-2.318705972241,-55.36408818619));
#6750 = CARTESIAN_POINT('',(-2.322619750366,-55.31645596719));
#6751 = CARTESIAN_POINT('',(-2.326842352959,-55.26914435788));
#6752 = CARTESIAN_POINT('',(-2.331362809076,-55.22217458819));
#6753 = CARTESIAN_POINT('',(-2.353128980109,-55.01113202814));
#6754 = CARTESIAN_POINT('',(-2.373619632916,-54.85154802105));
#6755 = CARTESIAN_POINT('',(-2.397208680852,-54.69677837255));
#6756 = CARTESIAN_POINT('',(-2.423551805397,-54.54692690177));
#6757 = CARTESIAN_POINT('',(-2.452404021992,-54.40223131597));
#6758 = CARTESIAN_POINT('',(-2.517100668655,-54.11388179154));
#6759 = CARTESIAN_POINT('',(-2.553304024721,-53.97101651515));
#6760 = CARTESIAN_POINT('',(-2.59218058072,-53.83445854985));
#6761 = CARTESIAN_POINT('',(-2.633806331926,-53.70478593365));
#6762 = CARTESIAN_POINT('',(-2.678314993116,-53.5832603603));
#6763 = CARTESIAN_POINT('',(-2.759625144351,-53.39313280655));
#6764 = CARTESIAN_POINT('',(-2.795009074114,-53.31917751417));
#6765 = CARTESIAN_POINT('',(-2.832006160946,-53.2512464252));
#6766 = CARTESIAN_POINT('',(-2.870595636537,-53.19049698645));
#6767 = CARTESIAN_POINT('',(-2.910763219768,-53.1381956763));
#6768 = CARTESIAN_POINT('',(-3.002890000911,-53.04449590508));
#6769 = CARTESIAN_POINT('',(-3.055749652824,-53.00741748086));
#6770 = CARTESIAN_POINT('',(-3.109972159736,-52.98831938806));
#6771 = CARTESIAN_POINT('',(-3.164565280344,-52.98879707227));
#6772 = CARTESIAN_POINT('',(-3.218560508102,-53.00843858423));
#6773 = CARTESIAN_POINT('',(-3.301496938708,-53.065854113));
#6774 = CARTESIAN_POINT('',(-3.331480479504,-53.0926734868));
#6775 = CARTESIAN_POINT('',(-3.360791357772,-53.12468575173));
#6776 = CARTESIAN_POINT('',(-3.389367381892,-53.16140230058));
#6777 = CARTESIAN_POINT('',(-3.417142063391,-53.20228420709));
#6778 = CARTESIAN_POINT('',(-3.46408880862,-53.27985831838));
#6779 = CARTESIAN_POINT('',(-3.483676034995,-53.31500672483));
#6780 = CARTESIAN_POINT('',(-3.502811491313,-53.3520084951));
#6781 = CARTESIAN_POINT('',(-3.521500931544,-53.39070655914));
#6782 = CARTESIAN_POINT('',(-3.53974978001,-53.43095962398));
#6783 = CARTESIAN_POINT('',(-3.605113272871,-53.58390765655));
#6784 = CARTESIAN_POINT('',(-3.649608079309,-53.70546940355));
#6785 = CARTESIAN_POINT('',(-3.691220955499,-53.835173947));
#6786 = CARTESIAN_POINT('',(-3.730085123152,-53.97176096257));
#6787 = CARTESIAN_POINT('',(-3.766275987174,-54.114652789));
#6788 = CARTESIAN_POINT('',(-3.831099632843,-54.40372733823));
#6789 = CARTESIAN_POINT('',(-3.86006947309,-54.54918164727));
#6790 = CARTESIAN_POINT('',(-3.886504396893,-54.69984174471));
#6791 = CARTESIAN_POINT('',(-3.910154321866,-54.85546401847));
#6792 = CARTESIAN_POINT('',(-3.930668393275,-55.01594174299));
#6793 = CARTESIAN_POINT('',(-3.961012190886,-55.31220277267));
#6794 = CARTESIAN_POINT('',(-3.972208230717,-55.44645276366));
#6795 = CARTESIAN_POINT('',(-3.980849955142,-55.58305255033));
#6796 = CARTESIAN_POINT('',(-3.986708614576,-55.72123759434));
#6797 = CARTESIAN_POINT('',(-3.989654732571,-55.86040307728));
#6798 = CARTESIAN_POINT('',(-3.989654732571,-56.09085281879));
#6799 = CARTESIAN_POINT('',(-3.988406898185,-56.18164068375));
#6800 = CARTESIAN_POINT('',(-3.98591414138,-56.27216147618));
#6801 = CARTESIAN_POINT('',(-3.9822021403,-56.36219045622));
#6802 = CARTESIAN_POINT('',(-3.977319895223,-56.45147976285));
#6803 = CARTESIAN_POINT('',(-3.968074068256,-56.58797769707));
#6804 = CARTESIAN_POINT('',(-3.96447933468,-56.63591181562));
#6805 = CARTESIAN_POINT('',(-3.960565556192,-56.68354404011));
#6806 = CARTESIAN_POINT('',(-3.956342954147,-56.73085564419));
#6807 = CARTESIAN_POINT('',(-3.95182249884,-56.77782540466));
#6808 = CARTESIAN_POINT('',(-3.930056327071,-56.98886797185));
#6809 = CARTESIAN_POINT('',(-3.909565674263,-57.14845197894));
#6810 = CARTESIAN_POINT('',(-3.885976626327,-57.30322162744));
#6811 = CARTESIAN_POINT('',(-3.859633501783,-57.45307309822));
#6812 = CARTESIAN_POINT('',(-3.830781285187,-57.59776868402));
#6813 = CARTESIAN_POINT('',(-3.766084638524,-57.88611820845));
#6814 = CARTESIAN_POINT('',(-3.729881282459,-58.02898348484));
#6815 = CARTESIAN_POINT('',(-3.69100472646,-58.16554145014));
#6816 = CARTESIAN_POINT('',(-3.649378975253,-58.29521406635));
#6817 = CARTESIAN_POINT('',(-3.604870314063,-58.41673963969));
#6818 = CARTESIAN_POINT('',(-3.538289557819,-58.57242544422));
#6819 = CARTESIAN_POINT('',(-3.518777493665,-58.61526164008));
#6820 = CARTESIAN_POINT('',(-3.498762641977,-58.65631611694));
#6821 = CARTESIAN_POINT('',(-3.478239193302,-58.6954145501));
#6822 = CARTESIAN_POINT('',(-3.457200904426,-58.73236262817));
#6823 = CARTESIAN_POINT('',(-3.391407369114,-58.83789641799));
#6824 = CARTESIAN_POINT('',(-3.344479527834,-58.8996905385));
#6825 = CARTESIAN_POINT('',(-3.295489113019,-58.94878922539));
#6826 = CARTESIAN_POINT('',(-3.245003125646,-58.98273401791));
#6827 = CARTESIAN_POINT('',(-3.193532749839,-59.));
#6828 = CARTESIAN_POINT('',(-3.14159265359,-59.));
#6829 = ( GEOMETRIC_REPRESENTATION_CONTEXT(2) 
PARAMETRIC_REPRESENTATION_CONTEXT() REPRESENTATION_CONTEXT('2D SPACE',''
  ) );
#6830 = PCURVE('',#4470,#6831);
#6831 = DEFINITIONAL_REPRESENTATION('',(#6832),#6945);
#6832 = B_SPLINE_CURVE_WITH_KNOTS('',6,(#6833,#6834,#6835,#6836,#6837,
    #6838,#6839,#6840,#6841,#6842,#6843,#6844,#6845,#6846,#6847,#6848,
    #6849,#6850,#6851,#6852,#6853,#6854,#6855,#6856,#6857,#6858,#6859,
    #6860,#6861,#6862,#6863,#6864,#6865,#6866,#6867,#6868,#6869,#6870,
    #6871,#6872,#6873,#6874,#6875,#6876,#6877,#6878,#6879,#6880,#6881,
    #6882,#6883,#6884,#6885,#6886,#6887,#6888,#6889,#6890,#6891,#6892,
    #6893,#6894,#6895,#6896,#6897,#6898,#6899,#6900,#6901,#6902,#6903,
    #6904,#6905,#6906,#6907,#6908,#6909,#6910,#6911,#6912,#6913,#6914,
    #6915,#6916,#6917,#6918,#6919,#6920,#6921,#6922,#6923,#6924,#6925,
    #6926,#6927,#6928,#6929,#6930,#6931,#6932,#6933,#6934,#6935,#6936,
    #6937,#6938,#6939,#6940,#6941,#6942,#6943,#6944),.UNSPECIFIED.,.F.,
  .F.,(7,5,5,5,5,5,5,5,5,5,5,5,5,5,5,5,5,5,5,5,5,5,7),(0.,
    5.444243605223E-02,7.855082606447E-02,0.142904644039,0.203253310968,
    0.251016534197,0.282101914738,0.299081546988,0.358992535231,
    0.423191673682,0.468736766682,0.523719283662,0.555862099542,
    0.579812487482,0.643744552332,0.703697714543,0.751147913792,
    0.782029571282,0.798897922167,0.85841625577,0.922194635185,
    0.947691271664,1.),.UNSPECIFIED.);
#6833 = CARTESIAN_POINT('',(0.,-22.));
#6834 = CARTESIAN_POINT('',(7.148366399227E-02,-22.));
#6835 = CARTESIAN_POINT('',(0.142241375121,-22.01379726637));
#6836 = CARTESIAN_POINT('',(0.21184361096,-22.04086305248));
#6837 = CARTESIAN_POINT('',(0.27983118352,-22.07964974387));
#6838 = CARTESIAN_POINT('',(0.345627976552,-22.1276303852));
#6839 = CARTESIAN_POINT('',(0.436207091689,-22.20544546788));
#6840 = CARTESIAN_POINT('',(0.463564927815,-22.23062357125));
#6841 = CARTESIAN_POINT('',(0.490501199113,-22.25692975318));
#6842 = CARTESIAN_POINT('',(0.517035875447,-22.28420718653));
#6843 = CARTESIAN_POINT('',(0.543188250777,-22.31230966219));
#6844 = CARTESIAN_POINT('',(0.637816082326,-22.41795742297));
#6845 = CARTESIAN_POINT('',(0.704133653488,-22.49980228744));
#6846 = CARTESIAN_POINT('',(0.768405300403,-22.58421156373));
#6847 = CARTESIAN_POINT('',(0.83108903774,-22.66932679928));
#6848 = CARTESIAN_POINT('',(0.892660027522,-22.75362076199));
#6849 = CARTESIAN_POINT('',(1.010814890492,-22.91221657159));
#6850 = CARTESIAN_POINT('',(1.067483109293,-22.98683054585));
#6851 = CARTESIAN_POINT('',(1.123923794722,-23.05777154661));
#6852 = CARTESIAN_POINT('',(1.180375291894,-23.12334131456));
#6853 = CARTESIAN_POINT('',(1.237096082456,-23.18159412129));
#6854 = CARTESIAN_POINT('',(1.339745942363,-23.26917032191));
#6855 = CARTESIAN_POINT('',(1.385561349232,-23.30208089316));
#6856 = CARTESIAN_POINT('',(1.43163223071,-23.32783458973));
#6857 = CARTESIAN_POINT('',(1.477875591288,-23.34541027337));
#6858 = CARTESIAN_POINT('',(1.524264019224,-23.35424868893));
#6859 = CARTESIAN_POINT('',(1.601080599725,-23.35424868893));
#6860 = CARTESIAN_POINT('',(1.631343256852,-23.35050540043));
#6861 = CARTESIAN_POINT('',(1.661566751728,-23.34302653045));
#6862 = CARTESIAN_POINT('',(1.691726127681,-23.33192201497));
#6863 = CARTESIAN_POINT('',(1.721786534209,-23.31739821647));
#6864 = CARTESIAN_POINT('',(1.768040651789,-23.29011337168));
#6865 = CARTESIAN_POINT('',(1.784342342564,-23.27953963044));
#6866 = CARTESIAN_POINT('',(1.800607694643,-23.26807234908));
#6867 = CARTESIAN_POINT('',(1.816837504905,-23.25575643988));
#6868 = CARTESIAN_POINT('',(1.833031488178,-23.24264027601));
#6869 = CARTESIAN_POINT('',(1.906195942926,-23.17985584779));
#6870 = CARTESIAN_POINT('',(1.962635464237,-23.12170716529));
#6871 = CARTESIAN_POINT('',(2.018811576126,-23.05634971379));
#6872 = CARTESIAN_POINT('',(2.07497973864,-22.98569726845));
#6873 = CARTESIAN_POINT('',(2.131376161998,-22.91142015133));
#6874 = CARTESIAN_POINT('',(2.249261850832,-22.75317153369));
#6875 = CARTESIAN_POINT('',(2.310838102015,-22.66887135799));
#6876 = CARTESIAN_POINT('',(2.373528441306,-22.58375612217));
#6877 = CARTESIAN_POINT('',(2.437808565909,-22.49935262317));
#6878 = CARTESIAN_POINT('',(2.504136889865,-22.41751988472));
#6879 = CARTESIAN_POINT('',(2.62183625054,-22.28617422522));
#6880 = CARTESIAN_POINT('',(2.672099109271,-22.23401659138));
#6881 = CARTESIAN_POINT('',(2.723811320476,-22.18527548897));
#6882 = CARTESIAN_POINT('',(2.777023423362,-22.14109345734));
#6883 = CARTESIAN_POINT('',(2.831809156267,-22.10267955225));
#6884 = CARTESIAN_POINT('',(2.956432712488,-22.03341288567));
#6885 = CARTESIAN_POINT('',(3.027283081181,-22.00563906757));
#6886 = CARTESIAN_POINT('',(3.099514853672,-21.99118702882));
#6887 = CARTESIAN_POINT('',(3.172119933274,-21.99158755088));
#6888 = CARTESIAN_POINT('',(3.244131452704,-22.00639816514));
#6889 = CARTESIAN_POINT('',(3.355447742741,-22.04917572282));
#6890 = CARTESIAN_POINT('',(3.39584851089,-22.06909707551));
#6891 = CARTESIAN_POINT('',(3.43555202995,-22.09276597828));
#6892 = CARTESIAN_POINT('',(3.474517460233,-22.11973515576));
#6893 = CARTESIAN_POINT('',(3.512690409916,-22.14951106947));
#6894 = CARTESIAN_POINT('',(3.577799750054,-22.20544547198));
#6895 = CARTESIAN_POINT('',(3.605157580396,-22.23062356977));
#6896 = CARTESIAN_POINT('',(3.632093848136,-22.25692974865));
#6897 = CARTESIAN_POINT('',(3.658628527525,-22.28420718547));
#6898 = CARTESIAN_POINT('',(3.684780908513,-22.31230966681));
#6899 = CARTESIAN_POINT('',(3.779408735916,-22.41795742297));
#6900 = CARTESIAN_POINT('',(3.845726307078,-22.49980228744));
#6901 = CARTESIAN_POINT('',(3.909997953993,-22.58421156373));
#6902 = CARTESIAN_POINT('',(3.97268169133,-22.66932679928));
#6903 = CARTESIAN_POINT('',(4.034252681112,-22.75362076199));
#6904 = CARTESIAN_POINT('',(4.152407544085,-22.9122165716));
#6905 = CARTESIAN_POINT('',(4.209075762881,-22.98683054584));
#6906 = CARTESIAN_POINT('',(4.265516448309,-23.0577715466));
#6907 = CARTESIAN_POINT('',(4.321967945483,-23.12334131456));
#6908 = CARTESIAN_POINT('',(4.378688736049,-23.18159412129));
#6909 = CARTESIAN_POINT('',(4.481338595953,-23.26917032191));
#6910 = CARTESIAN_POINT('',(4.527154002822,-23.30208089316));
#6911 = CARTESIAN_POINT('',(4.5732248843,-23.32783458973));
#6912 = CARTESIAN_POINT('',(4.619468244878,-23.34541027337));
#6913 = CARTESIAN_POINT('',(4.665856672814,-23.35424868893));
#6914 = CARTESIAN_POINT('',(4.742673253315,-23.35424868893));
#6915 = CARTESIAN_POINT('',(4.772935910442,-23.35050540043));
#6916 = CARTESIAN_POINT('',(4.803159405318,-23.34302653045));
#6917 = CARTESIAN_POINT('',(4.833318781271,-23.33192201497));
#6918 = CARTESIAN_POINT('',(4.863379187799,-23.31739821647));
#6919 = CARTESIAN_POINT('',(4.909633302852,-23.29011337317));
#6920 = CARTESIAN_POINT('',(4.925934996802,-23.2795396297));
#6921 = CARTESIAN_POINT('',(4.942200350736,-23.26807234727));
#6922 = CARTESIAN_POINT('',(4.958430159184,-23.25575643965));
#6923 = CARTESIAN_POINT('',(4.974624139292,-23.24264027813));
#6924 = CARTESIAN_POINT('',(5.047788596515,-23.17985584779));
#6925 = CARTESIAN_POINT('',(5.104228117827,-23.12170716529));
#6926 = CARTESIAN_POINT('',(5.160404229716,-23.05634971379));
#6927 = CARTESIAN_POINT('',(5.21657239223,-22.98569726845));
#6928 = CARTESIAN_POINT('',(5.272968815588,-22.91142015133));
#6929 = CARTESIAN_POINT('',(5.390854504421,-22.75317153369));
#6930 = CARTESIAN_POINT('',(5.452430755605,-22.66887135799));
#6931 = CARTESIAN_POINT('',(5.515121094896,-22.58375612217));
#6932 = CARTESIAN_POINT('',(5.579401219498,-22.49935262317));
#6933 = CARTESIAN_POINT('',(5.645729543454,-22.41751988472));
#6934 = CARTESIAN_POINT('',(5.742107576507,-22.30996759013));
#6935 = CARTESIAN_POINT('',(5.770048292644,-22.28003620596));
#6936 = CARTESIAN_POINT('',(5.798427011295,-22.2510560159));
#6937 = CARTESIAN_POINT('',(5.827265838171,-22.22320664177));
#6938 = CARTESIAN_POINT('',(5.856587864585,-22.19668114672));
#6939 = CARTESIAN_POINT('',(5.947619037127,-22.12040572444));
#6940 = CARTESIAN_POINT('',(6.011648279723,-22.07498960272));
#6941 = CARTESIAN_POINT('',(6.077727921389,-22.03840717756));
#6942 = CARTESIAN_POINT('',(6.145304811113,-22.01294971978));
#6943 = CARTESIAN_POINT('',(6.213931845514,-22.));
#6944 = CARTESIAN_POINT('',(6.28318530718,-22.));
#6945 = ( GEOMETRIC_REPRESENTATION_CONTEXT(2) 
PARAMETRIC_REPRESENTATION_CONTEXT() REPRESENTATION_CONTEXT('2D SPACE',''
  ) );
#6946 = ADVANCED_FACE('',(#6947),#2561,.T.);
#6947 = FACE_BOUND('',#6948,.T.);
#6948 = EDGE_LOOP('',(#6949,#6980,#6999,#7000,#7001));
#6949 = ORIENTED_EDGE('',*,*,#6950,.T.);
#6950 = EDGE_CURVE('',#6951,#6953,#6955,.T.);
#6951 = VERTEX_POINT('',#6952);
#6952 = CARTESIAN_POINT('',(-47.34105007143,1.535898384862,68.));
#6953 = VERTEX_POINT('',#6954);
#6954 = CARTESIAN_POINT('',(-32.65894992856,1.535898384862,68.));
#6955 = SURFACE_CURVE('',#6956,(#6961,#6968),.PCURVE_S1.);
#6956 = CIRCLE('',#6957,7.5);
#6957 = AXIS2_PLACEMENT_3D('',#6958,#6959,#6960);
#6958 = CARTESIAN_POINT('',(-40.,0.,68.));
#6959 = DIRECTION('',(0.,0.,1.));
#6960 = DIRECTION('',(-0.978806676192,0.204786451315,0.));
#6961 = PCURVE('',#2561,#6962);
#6962 = DEFINITIONAL_REPRESENTATION('',(#6963),#6967);
#6963 = CIRCLE('',#6964,7.5);
#6964 = AXIS2_PLACEMENT_2D('',#6965,#6966);
#6965 = CARTESIAN_POINT('',(0.,-4.231397042342E-16));
#6966 = DIRECTION('',(-0.978806676192,0.204786451315));
#6967 = ( GEOMETRIC_REPRESENTATION_CONTEXT(2) 
PARAMETRIC_REPRESENTATION_CONTEXT() REPRESENTATION_CONTEXT('2D SPACE',''
  ) );
#6968 = PCURVE('',#6969,#6974);
#6969 = CYLINDRICAL_SURFACE('',#6970,7.5);
#6970 = AXIS2_PLACEMENT_3D('',#6971,#6972,#6973);
#6971 = CARTESIAN_POINT('',(-40.,0.,91.));
#6972 = DIRECTION('',(0.,0.,1.));
#6973 = DIRECTION('',(1.,0.,0.));
#6974 = DEFINITIONAL_REPRESENTATION('',(#6975),#6979);
#6975 = LINE('',#6976,#6977);
#6976 = CARTESIAN_POINT('',(2.935347123795,-23.));
#6977 = VECTOR('',#6978,1.);
#6978 = DIRECTION('',(1.,0.));
#6979 = ( GEOMETRIC_REPRESENTATION_CONTEXT(2) 
PARAMETRIC_REPRESENTATION_CONTEXT() REPRESENTATION_CONTEXT('2D SPACE',''
  ) );
#6980 = ORIENTED_EDGE('',*,*,#6981,.T.);
#6981 = EDGE_CURVE('',#6953,#2574,#6982,.T.);
#6982 = SURFACE_CURVE('',#6983,(#6987,#6993),.PCURVE_S1.);
#6983 = LINE('',#6984,#6985);
#6984 = CARTESIAN_POINT('',(-49.25,1.535898384862,68.));
#6985 = VECTOR('',#6986,1.);
#6986 = DIRECTION('',(-1.,-0.,-0.));
#6987 = PCURVE('',#2561,#6988);
#6988 = DEFINITIONAL_REPRESENTATION('',(#6989),#6992);
#6989 = B_SPLINE_CURVE_WITH_KNOTS('',1,(#6990,#6991),.UNSPECIFIED.,.F.,
  .F.,(2,2),(-18.25,-0.25),.PIECEWISE_BEZIER_KNOTS.);
#6990 = CARTESIAN_POINT('',(9.,1.535898384862));
#6991 = CARTESIAN_POINT('',(-9.,1.535898384862));
#6992 = ( GEOMETRIC_REPRESENTATION_CONTEXT(2) 
PARAMETRIC_REPRESENTATION_CONTEXT() REPRESENTATION_CONTEXT('2D SPACE',''
  ) );
#6993 = PCURVE('',#2815,#6994);
#6994 = DEFINITIONAL_REPRESENTATION('',(#6995),#6998);
#6995 = B_SPLINE_CURVE_WITH_KNOTS('',1,(#6996,#6997),.UNSPECIFIED.,.F.,
  .F.,(2,2),(-18.25,-0.25),.PIECEWISE_BEZIER_KNOTS.);
#6996 = CARTESIAN_POINT('',(-3.665191429188,-18.25));
#6997 = CARTESIAN_POINT('',(-3.665191429188,-0.25));
#6998 = ( GEOMETRIC_REPRESENTATION_CONTEXT(2) 
PARAMETRIC_REPRESENTATION_CONTEXT() REPRESENTATION_CONTEXT('2D SPACE',''
  ) );
#6999 = ORIENTED_EDGE('',*,*,#2940,.F.);
#7000 = ORIENTED_EDGE('',*,*,#2544,.F.);
#7001 = ORIENTED_EDGE('',*,*,#7002,.T.);
#7002 = EDGE_CURVE('',#2545,#6951,#7003,.T.);
#7003 = SURFACE_CURVE('',#7004,(#7008,#7014),.PCURVE_S1.);
#7004 = LINE('',#7005,#7006);
#7005 = CARTESIAN_POINT('',(-49.25,1.535898384862,68.));
#7006 = VECTOR('',#7007,1.);
#7007 = DIRECTION('',(-1.,-0.,-0.));
#7008 = PCURVE('',#2561,#7009);
#7009 = DEFINITIONAL_REPRESENTATION('',(#7010),#7013);
#7010 = B_SPLINE_CURVE_WITH_KNOTS('',1,(#7011,#7012),.UNSPECIFIED.,.F.,
  .F.,(2,2),(-18.25,-0.25),.PIECEWISE_BEZIER_KNOTS.);
#7011 = CARTESIAN_POINT('',(9.,1.535898384862));
#7012 = CARTESIAN_POINT('',(-9.,1.535898384862));
#7013 = ( GEOMETRIC_REPRESENTATION_CONTEXT(2) 
PARAMETRIC_REPRESENTATION_CONTEXT() REPRESENTATION_CONTEXT('2D SPACE',''
  ) );
#7014 = PCURVE('',#2815,#7015);
#7015 = DEFINITIONAL_REPRESENTATION('',(#7016),#7019);
#7016 = B_SPLINE_CURVE_WITH_KNOTS('',1,(#7017,#7018),.UNSPECIFIED.,.F.,
  .F.,(2,2),(-18.25,-0.25),.PIECEWISE_BEZIER_KNOTS.);
#7017 = CARTESIAN_POINT('',(-3.665191429188,-18.25));
#7018 = CARTESIAN_POINT('',(-3.665191429188,-0.25));
#7019 = ( GEOMETRIC_REPRESENTATION_CONTEXT(2) 
PARAMETRIC_REPRESENTATION_CONTEXT() REPRESENTATION_CONTEXT('2D SPACE',''
  ) );
#7020 = ADVANCED_FACE('',(#7021,#8303),#2815,.F.);
#7021 = FACE_BOUND('',#7022,.T.);
#7022 = EDGE_LOOP('',(#7023,#7210,#7233,#7261,#7389,#7415,#7543,#7564,
    #7659,#7680,#8042,#8068,#8069,#8252,#8275,#8302));
#7023 = ORIENTED_EDGE('',*,*,#7024,.F.);
#7024 = EDGE_CURVE('',#7025,#7027,#7029,.T.);
#7025 = VERTEX_POINT('',#7026);
#7026 = CARTESIAN_POINT('',(3.,9.,70.));
#7027 = VERTEX_POINT('',#7028);
#7028 = CARTESIAN_POINT('',(-3.,9.,70.));
#7029 = SURFACE_CURVE('',#7030,(#7088,#7149),.PCURVE_S1.);
#7030 = B_SPLINE_CURVE_WITH_KNOTS('',6,(#7031,#7032,#7033,#7034,#7035,
    #7036,#7037,#7038,#7039,#7040,#7041,#7042,#7043,#7044,#7045,#7046,
    #7047,#7048,#7049,#7050,#7051,#7052,#7053,#7054,#7055,#7056,#7057,
    #7058,#7059,#7060,#7061,#7062,#7063,#7064,#7065,#7066,#7067,#7068,
    #7069,#7070,#7071,#7072,#7073,#7074,#7075,#7076,#7077,#7078,#7079,
    #7080,#7081,#7082,#7083,#7084,#7085,#7086,#7087),.UNSPECIFIED.,.F.,
  .F.,(7,5,5,5,5,5,5,5,5,5,5,7),(0.,0.108556940615,0.156628512905,
    0.284948558137,0.405282423535,0.50052120125,0.562504741041,
    0.596361735233,0.71582284253,0.8438344209,0.895009516734,1.),
  .UNSPECIFIED.);
#7031 = CARTESIAN_POINT('',(3.,9.,70.));
#7032 = CARTESIAN_POINT('',(3.,9.,70.214450991977));
#7033 = CARTESIAN_POINT('',(2.981604055115,8.98620273363,70.426724198975
    ));
#7034 = CARTESIAN_POINT('',(2.945514363411,8.959136947517,70.63355791245
    ));
#7035 = CARTESIAN_POINT('',(2.893433725543,8.920350256124,
    70.831805612728));
#7036 = CARTESIAN_POINT('',(2.828061600843,8.872369614791,
    71.018596330603));
#7037 = CARTESIAN_POINT('',(2.72014168177,8.794554528121,71.267984549119
    ));
#7038 = CARTESIAN_POINT('',(2.684993275111,8.769376430184,
    71.342202246785));
#7039 = CARTESIAN_POINT('',(2.647991504721,8.74307025122,71.414115109712
    ));
#7040 = CARTESIAN_POINT('',(2.60929344082,8.715792814497,71.483748364288
    ));
#7041 = CARTESIAN_POINT('',(2.569040376199,8.687690333306,
    71.551134118469));
#7042 = CARTESIAN_POINT('',(2.416092343447,8.582042577024,
    71.790292498915));
#7043 = CARTESIAN_POINT('',(2.294530596449,8.500197712557,
    71.948708987869));
#7044 = CARTESIAN_POINT('',(2.164826052998,8.41578843627,72.092544441303
    ));
#7045 = CARTESIAN_POINT('',(2.028239037429,8.330673200712,
    72.222898186401));
#7046 = CARTESIAN_POINT('',(1.885347210997,8.246379238001,
    72.340710852675));
#7047 = CARTESIAN_POINT('',(1.596272661772,8.087783428404,
    72.545847513904));
#7048 = CARTESIAN_POINT('',(1.450818352719,8.013169454148,
    72.634634038628));
#7049 = CARTESIAN_POINT('',(1.300158255274,7.942228453388,
    72.713164248783));
#7050 = CARTESIAN_POINT('',(1.144535981521,7.876658685435,
    72.781413931371));
#7051 = CARTESIAN_POINT('',(0.984058257012,7.818405878707,
    72.839221491745));
#7052 = CARTESIAN_POINT('',(0.687797227326,7.730829678087,
    72.923259256711));
#7053 = CARTESIAN_POINT('',(0.553547236335,7.697919106839,
    72.953644658815));
#7054 = CARTESIAN_POINT('',(0.416947449662,7.672165410264,
    72.976705200923));
#7055 = CARTESIAN_POINT('',(0.278762405651,7.654589726621,
    72.992205181416));
#7056 = CARTESIAN_POINT('',(0.139596922711,7.645751311065,73.));
#7057 = CARTESIAN_POINT('',(-9.085281879165E-02,7.645751311065,73.));
#7058 = CARTESIAN_POINT('',(-0.181640683752,7.649494599565,
    72.996698232049));
#7059 = CARTESIAN_POINT('',(-0.272161476183,7.656973469547,
    72.99010389506));
#7060 = CARTESIAN_POINT('',(-0.362190456221,7.668077985026,
    72.980246906937));
#7061 = CARTESIAN_POINT('',(-0.451479762851,7.682601783526,
    72.967190550492));
#7062 = CARTESIAN_POINT('',(-0.587977697076,7.709886626824,
    72.942224525841));
#7063 = CARTESIAN_POINT('',(-0.635911815626,7.720460370292,
    72.932480215144));
#7064 = CARTESIAN_POINT('',(-0.683544040111,7.731927652722,
    72.921822267974));
#7065 = CARTESIAN_POINT('',(-0.730855644193,7.744243560344,
    72.910262988554));
#7066 = CARTESIAN_POINT('',(-0.777825404665,7.757359721862,
    72.89781590462));
#7067 = CARTESIAN_POINT('',(-0.988867971846,7.820144152201,
    72.837496960313));
#7068 = CARTESIAN_POINT('',(-1.148451978949,7.87829283471,
    72.779717378246));
#7069 = CARTESIAN_POINT('',(-1.303221627448,7.943650286204,
    72.711601649434));
#7070 = CARTESIAN_POINT('',(-1.453073098223,8.014302731542,
    72.633306971045));
#7071 = CARTESIAN_POINT('',(-1.597768684021,8.088579848663,
    72.544853664812));
#7072 = CARTESIAN_POINT('',(-1.886118208457,8.246828466307,
    72.340090698318));
#7073 = CARTESIAN_POINT('',(-2.028983484841,8.331128642005,
    72.222220890962));
#7074 = CARTESIAN_POINT('',(-2.165541450141,8.416243877826,
    72.091807701283));
#7075 = CARTESIAN_POINT('',(-2.29521406635,8.50064737683,71.947908833838
    ));
#7076 = CARTESIAN_POINT('',(-2.416739639694,8.582480115279,
    71.789423338894));
#7077 = CARTESIAN_POINT('',(-2.572425444228,8.690032409863,
    71.545783322554));
#7078 = CARTESIAN_POINT('',(-2.615261640083,8.719963794033,
    71.473681613836));
#7079 = CARTESIAN_POINT('',(-2.656316116941,8.748943984091,
    71.399015775236));
#7080 = CARTESIAN_POINT('',(-2.6954145501,8.776793358222,71.321749268145
    ));
#7081 = CARTESIAN_POINT('',(-2.732362628174,8.803318853272,
    71.241854784436));
#7082 = CARTESIAN_POINT('',(-2.837896417991,8.879594275559,
    70.989976463465));
#7083 = CARTESIAN_POINT('',(-2.899690538502,8.925010397273,
    70.807600453437));
#7084 = CARTESIAN_POINT('',(-2.948789225396,8.961592822439,
    70.614578235208));
#7085 = CARTESIAN_POINT('',(-2.982734017917,8.987050280212,
    70.413641546385));
#7086 = CARTESIAN_POINT('',(-3.,9.,70.207760384997));
#7087 = CARTESIAN_POINT('',(-3.,9.,70.));
#7088 = PCURVE('',#2815,#7089);
#7089 = DEFINITIONAL_REPRESENTATION('',(#7090),#7148);
#7090 = B_SPLINE_CURVE_WITH_KNOTS('',6,(#7091,#7092,#7093,#7094,#7095,
    #7096,#7097,#7098,#7099,#7100,#7101,#7102,#7103,#7104,#7105,#7106,
    #7107,#7108,#7109,#7110,#7111,#7112,#7113,#7114,#7115,#7116,#7117,
    #7118,#7119,#7120,#7121,#7122,#7123,#7124,#7125,#7126,#7127,#7128,
    #7129,#7130,#7131,#7132,#7133,#7134,#7135,#7136,#7137,#7138,#7139,
    #7140,#7141,#7142,#7143,#7144,#7145,#7146,#7147),.UNSPECIFIED.,.F.,
  .F.,(7,5,5,5,5,5,5,5,5,5,5,7),(0.,0.108556940615,0.156628512905,
    0.284948558137,0.405282423535,0.50052120125,0.562504741041,
    0.596361735233,0.71582284253,0.8438344209,0.895009516734,1.),
  .UNSPECIFIED.);
#7091 = CARTESIAN_POINT('',(0.,-52.25));
#7092 = CARTESIAN_POINT('',(-5.361274799421E-02,-52.25));
#7093 = CARTESIAN_POINT('',(-0.106681152315,-52.23160405511));
#7094 = CARTESIAN_POINT('',(-0.158666482633,-52.19551436341));
#7095 = CARTESIAN_POINT('',(-0.209033550917,-52.14343372554));
#7096 = CARTESIAN_POINT('',(-0.25718455985,-52.07806160084));
#7097 = CARTESIAN_POINT('',(-0.322496154938,-51.97014168177));
#7098 = CARTESIAN_POINT('',(-0.342083381423,-51.93499327511));
#7099 = CARTESIAN_POINT('',(-0.36121883781,-51.89799150472));
#7100 = CARTESIAN_POINT('',(-0.379908277985,-51.85929344082));
#7101 = CARTESIAN_POINT('',(-0.398157126343,-51.81904037619));
#7102 = CARTESIAN_POINT('',(-0.463520619281,-51.66609234344));
#7103 = CARTESIAN_POINT('',(-0.508015425719,-51.54453059644));
#7104 = CARTESIAN_POINT('',(-0.54962830191,-51.41482605299));
#7105 = CARTESIAN_POINT('',(-0.588492469563,-51.27823903742));
#7106 = CARTESIAN_POINT('',(-0.624683333584,-51.13534721099));
#7107 = CARTESIAN_POINT('',(-0.689506979252,-50.84627266177));
#7108 = CARTESIAN_POINT('',(-0.718476819502,-50.70081835271));
#7109 = CARTESIAN_POINT('',(-0.744911743304,-50.55015825527));
#7110 = CARTESIAN_POINT('',(-0.768561668276,-50.39453598152));
#7111 = CARTESIAN_POINT('',(-0.789075739685,-50.23405825701));
#7112 = CARTESIAN_POINT('',(-0.819419537296,-49.93779722732));
#7113 = CARTESIAN_POINT('',(-0.830615577127,-49.80354723633));
#7114 = CARTESIAN_POINT('',(-0.839257301552,-49.66694744966));
#7115 = CARTESIAN_POINT('',(-0.845115960987,-49.52876240565));
#7116 = CARTESIAN_POINT('',(-0.848062078981,-49.38959692271));
#7117 = CARTESIAN_POINT('',(-0.848062078981,-49.1591471812));
#7118 = CARTESIAN_POINT('',(-0.846814244595,-49.06835931624));
#7119 = CARTESIAN_POINT('',(-0.84432148779,-48.97783852381));
#7120 = CARTESIAN_POINT('',(-0.84060948671,-48.88780954377));
#7121 = CARTESIAN_POINT('',(-0.835727241633,-48.79852023714));
#7122 = CARTESIAN_POINT('',(-0.826481414666,-48.66202230292));
#7123 = CARTESIAN_POINT('',(-0.82288668109,-48.61408818437));
#7124 = CARTESIAN_POINT('',(-0.818972902602,-48.56645595988));
#7125 = CARTESIAN_POINT('',(-0.814750300557,-48.5191443558));
#7126 = CARTESIAN_POINT('',(-0.81022984525,-48.47217459533));
#7127 = CARTESIAN_POINT('',(-0.788463673482,-48.26113202815));
#7128 = CARTESIAN_POINT('',(-0.767973020674,-48.10154802105));
#7129 = CARTESIAN_POINT('',(-0.744383972737,-47.94677837255));
#7130 = CARTESIAN_POINT('',(-0.718040848193,-47.79692690177));
#7131 = CARTESIAN_POINT('',(-0.689188631599,-47.65223131597));
#7132 = CARTESIAN_POINT('',(-0.624491984935,-47.36388179154));
#7133 = CARTESIAN_POINT('',(-0.588288628869,-47.22101651515));
#7134 = CARTESIAN_POINT('',(-0.54941207287,-47.08445854985));
#7135 = CARTESIAN_POINT('',(-0.507786321664,-46.95478593365));
#7136 = CARTESIAN_POINT('',(-0.463277660474,-46.8332603603));
#7137 = CARTESIAN_POINT('',(-0.39669690423,-46.67757455577));
#7138 = CARTESIAN_POINT('',(-0.377184840075,-46.63473835991));
#7139 = CARTESIAN_POINT('',(-0.357169988387,-46.59368388305));
#7140 = CARTESIAN_POINT('',(-0.336646539713,-46.5545854499));
#7141 = CARTESIAN_POINT('',(-0.315608250836,-46.51763737182));
#7142 = CARTESIAN_POINT('',(-0.249814715525,-46.412103582));
#7143 = CARTESIAN_POINT('',(-0.202886874244,-46.35030946149));
#7144 = CARTESIAN_POINT('',(-0.153896459429,-46.3012107746));
#7145 = CARTESIAN_POINT('',(-0.103410472056,-46.26726598208));
#7146 = CARTESIAN_POINT('',(-5.194009624919E-02,-46.25));
#7147 = CARTESIAN_POINT('',(0.,-46.25));
#7148 = ( GEOMETRIC_REPRESENTATION_CONTEXT(2) 
PARAMETRIC_REPRESENTATION_CONTEXT() REPRESENTATION_CONTEXT('2D SPACE',''
  ) );
#7149 = PCURVE('',#4590,#7150);
#7150 = DEFINITIONAL_REPRESENTATION('',(#7151),#7209);
#7151 = B_SPLINE_CURVE_WITH_KNOTS('',6,(#7152,#7153,#7154,#7155,#7156,
    #7157,#7158,#7159,#7160,#7161,#7162,#7163,#7164,#7165,#7166,#7167,
    #7168,#7169,#7170,#7171,#7172,#7173,#7174,#7175,#7176,#7177,#7178,
    #7179,#7180,#7181,#7182,#7183,#7184,#7185,#7186,#7187,#7188,#7189,
    #7190,#7191,#7192,#7193,#7194,#7195,#7196,#7197,#7198,#7199,#7200,
    #7201,#7202,#7203,#7204,#7205,#7206,#7207,#7208),.UNSPECIFIED.,.F.,
  .F.,(7,5,5,5,5,5,5,5,5,5,5,7),(0.,0.108556940615,0.156628512905,
    0.284948558137,0.405282423535,0.50052120125,0.562504741041,
    0.596361735233,0.71582284253,0.8438344209,0.895009516734,1.),
  .UNSPECIFIED.);
#7152 = CARTESIAN_POINT('',(0.,-22.));
#7153 = CARTESIAN_POINT('',(-7.148366399228E-02,-22.));
#7154 = CARTESIAN_POINT('',(-0.142241375121,-22.01379726637));
#7155 = CARTESIAN_POINT('',(-0.21184361096,-22.04086305248));
#7156 = CARTESIAN_POINT('',(-0.27983118352,-22.07964974387));
#7157 = CARTESIAN_POINT('',(-0.345627976552,-22.1276303852));
#7158 = CARTESIAN_POINT('',(-0.436207096336,-22.20544547187));
#7159 = CARTESIAN_POINT('',(-0.463564926833,-22.23062356981));
#7160 = CARTESIAN_POINT('',(-0.490501194668,-22.25692974878));
#7161 = CARTESIAN_POINT('',(-0.517035873975,-22.2842071855));
#7162 = CARTESIAN_POINT('',(-0.543188254812,-22.31230966669));
#7163 = CARTESIAN_POINT('',(-0.637816082326,-22.41795742297));
#7164 = CARTESIAN_POINT('',(-0.704133653488,-22.49980228744));
#7165 = CARTESIAN_POINT('',(-0.768405300403,-22.58421156373));
#7166 = CARTESIAN_POINT('',(-0.83108903774,-22.66932679928));
#7167 = CARTESIAN_POINT('',(-0.892660027522,-22.75362076199));
#7168 = CARTESIAN_POINT('',(-1.010814890492,-22.91221657159));
#7169 = CARTESIAN_POINT('',(-1.067483109293,-22.98683054585));
#7170 = CARTESIAN_POINT('',(-1.123923794722,-23.05777154661));
#7171 = CARTESIAN_POINT('',(-1.180375291894,-23.12334131456));
#7172 = CARTESIAN_POINT('',(-1.237096082456,-23.18159412129));
#7173 = CARTESIAN_POINT('',(-1.339745942363,-23.26917032191));
#7174 = CARTESIAN_POINT('',(-1.385561349232,-23.30208089316));
#7175 = CARTESIAN_POINT('',(-1.43163223071,-23.32783458973));
#7176 = CARTESIAN_POINT('',(-1.477875591288,-23.34541027337));
#7177 = CARTESIAN_POINT('',(-1.524264019224,-23.35424868893));
#7178 = CARTESIAN_POINT('',(-1.601080599725,-23.35424868893));
#7179 = CARTESIAN_POINT('',(-1.631343256852,-23.35050540043));
#7180 = CARTESIAN_POINT('',(-1.661566751728,-23.34302653045));
#7181 = CARTESIAN_POINT('',(-1.691726127681,-23.33192201497));
#7182 = CARTESIAN_POINT('',(-1.721786534209,-23.31739821647));
#7183 = CARTESIAN_POINT('',(-1.768040649262,-23.29011337317));
#7184 = CARTESIAN_POINT('',(-1.784342343212,-23.2795396297));
#7185 = CARTESIAN_POINT('',(-1.800607697146,-23.26807234727));
#7186 = CARTESIAN_POINT('',(-1.816837505594,-23.25575643965));
#7187 = CARTESIAN_POINT('',(-1.833031485702,-23.24264027813));
#7188 = CARTESIAN_POINT('',(-1.906195942924,-23.17985584779));
#7189 = CARTESIAN_POINT('',(-1.962635464238,-23.12170716529));
#7190 = CARTESIAN_POINT('',(-2.018811576128,-23.05634971379));
#7191 = CARTESIAN_POINT('',(-2.074979738641,-22.98569726845));
#7192 = CARTESIAN_POINT('',(-2.131376161996,-22.91142015133));
#7193 = CARTESIAN_POINT('',(-2.249261850832,-22.75317153369));
#7194 = CARTESIAN_POINT('',(-2.310838102015,-22.66887135799));
#7195 = CARTESIAN_POINT('',(-2.373528441306,-22.58375612217));
#7196 = CARTESIAN_POINT('',(-2.437808565909,-22.49935262317));
#7197 = CARTESIAN_POINT('',(-2.504136889865,-22.41751988472));
#7198 = CARTESIAN_POINT('',(-2.600514922917,-22.30996759013));
#7199 = CARTESIAN_POINT('',(-2.628455639055,-22.28003620596));
#7200 = CARTESIAN_POINT('',(-2.656834357706,-22.2510560159));
#7201 = CARTESIAN_POINT('',(-2.685673184581,-22.22320664177));
#7202 = CARTESIAN_POINT('',(-2.714995210995,-22.19668114672));
#7203 = CARTESIAN_POINT('',(-2.806026383537,-22.12040572444));
#7204 = CARTESIAN_POINT('',(-2.870055626134,-22.07498960272));
#7205 = CARTESIAN_POINT('',(-2.936135267799,-22.03840717756));
#7206 = CARTESIAN_POINT('',(-3.003712157523,-22.01294971978));
#7207 = CARTESIAN_POINT('',(-3.072339191924,-22.));
#7208 = CARTESIAN_POINT('',(-3.14159265359,-22.));
#7209 = ( GEOMETRIC_REPRESENTATION_CONTEXT(2) 
PARAMETRIC_REPRESENTATION_CONTEXT() REPRESENTATION_CONTEXT('2D SPACE',''
  ) );
#7210 = ORIENTED_EDGE('',*,*,#7211,.T.);
#7211 = EDGE_CURVE('',#7025,#7212,#7214,.T.);
#7212 = VERTEX_POINT('',#7213);
#7213 = CARTESIAN_POINT('',(46.,9.,70.));
#7214 = SEAM_CURVE('',#7215,(#7219,#7226),.PCURVE_S1.);
#7215 = LINE('',#7216,#7217);
#7216 = CARTESIAN_POINT('',(-49.25,9.,70.));
#7217 = VECTOR('',#7218,1.);
#7218 = DIRECTION('',(1.,0.,0.));
#7219 = PCURVE('',#2815,#7220);
#7220 = DEFINITIONAL_REPRESENTATION('',(#7221),#7225);
#7221 = LINE('',#7222,#7223);
#7222 = CARTESIAN_POINT('',(-6.28318530718,0.));
#7223 = VECTOR('',#7224,1.);
#7224 = DIRECTION('',(-0.,-1.));
#7225 = ( GEOMETRIC_REPRESENTATION_CONTEXT(2) 
PARAMETRIC_REPRESENTATION_CONTEXT() REPRESENTATION_CONTEXT('2D SPACE',''
  ) );
#7226 = PCURVE('',#2815,#7227);
#7227 = DEFINITIONAL_REPRESENTATION('',(#7228),#7232);
#7228 = LINE('',#7229,#7230);
#7229 = CARTESIAN_POINT('',(-0.,0.));
#7230 = VECTOR('',#7231,1.);
#7231 = DIRECTION('',(-0.,-1.));
#7232 = ( GEOMETRIC_REPRESENTATION_CONTEXT(2) 
PARAMETRIC_REPRESENTATION_CONTEXT() REPRESENTATION_CONTEXT('2D SPACE',''
  ) );
#7233 = ORIENTED_EDGE('',*,*,#7234,.F.);
#7234 = EDGE_CURVE('',#7235,#7212,#7237,.T.);
#7235 = VERTEX_POINT('',#7236);
#7236 = CARTESIAN_POINT('',(46.,6.368869618564,73.758483217201));
#7237 = SURFACE_CURVE('',#7238,(#7243,#7250),.PCURVE_S1.);
#7238 = CIRCLE('',#7239,4.);
#7239 = AXIS2_PLACEMENT_3D('',#7240,#7241,#7242);
#7240 = CARTESIAN_POINT('',(46.,5.,70.));
#7241 = DIRECTION('',(-1.,0.,0.));
#7242 = DIRECTION('',(0.,1.,0.));
#7243 = PCURVE('',#2815,#7244);
#7244 = DEFINITIONAL_REPRESENTATION('',(#7245),#7249);
#7245 = LINE('',#7246,#7247);
#7246 = CARTESIAN_POINT('',(-6.28318530718,-95.25));
#7247 = VECTOR('',#7248,1.);
#7248 = DIRECTION('',(1.,-0.));
#7249 = ( GEOMETRIC_REPRESENTATION_CONTEXT(2) 
PARAMETRIC_REPRESENTATION_CONTEXT() REPRESENTATION_CONTEXT('2D SPACE',''
  ) );
#7250 = PCURVE('',#3940,#7251);
#7251 = DEFINITIONAL_REPRESENTATION('',(#7252),#7260);
#7252 = ( BOUNDED_CURVE() B_SPLINE_CURVE(2,(#7253,#7254,#7255,#7256,
#7257,#7258,#7259),.UNSPECIFIED.,.T.,.F.) B_SPLINE_CURVE_WITH_KNOTS((1,2
    ,2,2,2,1),(-2.094395102393,0.,2.094395102393,4.188790204786,
6.28318530718,8.377580409573),.UNSPECIFIED.) CURVE() 
GEOMETRIC_REPRESENTATION_ITEM() RATIONAL_B_SPLINE_CURVE((1.,0.5,1.,0.5,
1.,0.5,1.)) REPRESENTATION_ITEM('') );
#7253 = CARTESIAN_POINT('',(0.,-4.));
#7254 = CARTESIAN_POINT('',(-6.928203230276,-4.));
#7255 = CARTESIAN_POINT('',(-3.464101615138,2.));
#7256 = CARTESIAN_POINT('',(-9.797174393179E-16,8.));
#7257 = CARTESIAN_POINT('',(3.464101615138,2.));
#7258 = CARTESIAN_POINT('',(6.928203230276,-4.));
#7259 = CARTESIAN_POINT('',(0.,-4.));
#7260 = ( GEOMETRIC_REPRESENTATION_CONTEXT(2) 
PARAMETRIC_REPRESENTATION_CONTEXT() REPRESENTATION_CONTEXT('2D SPACE',''
  ) );
#7261 = ORIENTED_EDGE('',*,*,#7262,.F.);
#7262 = EDGE_CURVE('',#7263,#7235,#7265,.T.);
#7263 = VERTEX_POINT('',#7264);
#7264 = CARTESIAN_POINT('',(44.254995521661,7.645751311065,73.));
#7265 = SURFACE_CURVE('',#7266,(#7305,#7347),.PCURVE_S1.);
#7266 = B_SPLINE_CURVE_WITH_KNOTS('',7,(#7267,#7268,#7269,#7270,#7271,
    #7272,#7273,#7274,#7275,#7276,#7277,#7278,#7279,#7280,#7281,#7282,
    #7283,#7284,#7285,#7286,#7287,#7288,#7289,#7290,#7291,#7292,#7293,
    #7294,#7295,#7296,#7297,#7298,#7299,#7300,#7301,#7302,#7303,#7304),
  .UNSPECIFIED.,.F.,.F.,(8,6,6,6,6,6,8),(0.,0.501439501154,
    0.620397409786,0.683017536429,0.809504660392,0.934227871912,1.),
  .UNSPECIFIED.);
#7267 = CARTESIAN_POINT('',(44.254994299173,7.6457519914,72.9999994));
#7268 = CARTESIAN_POINT('',(44.636476428859,7.433450534477,
    73.187231771591));
#7269 = CARTESIAN_POINT('',(45.011708896075,7.195543139208,
    73.365884711533));
#7270 = CARTESIAN_POINT('',(45.383458424646,6.928814735399,
    73.53343933293));
#7271 = CARTESIAN_POINT('',(45.751389605407,6.629609972553,
    73.685702543177));
#7272 = CARTESIAN_POINT('',(46.113022041588,6.294660657299,
    73.815889677265));
#7273 = CARTESIAN_POINT('',(46.463639630138,5.921479931361,
    73.914417176109));
#7274 = CARTESIAN_POINT('',(46.875977430654,5.41287318245,
    73.979849722271));
#7275 = CARTESIAN_POINT('',(46.954095479238,5.313179721216,
    73.989832265362));
#7276 = CARTESIAN_POINT('',(47.031125421688,5.211387003987,
    73.997051662253));
#7277 = CARTESIAN_POINT('',(47.10693004136,5.107576573765,
    74.001306240296));
#7278 = CARTESIAN_POINT('',(47.181378071981,5.001840799325,
    74.002391497295));
#7279 = CARTESIAN_POINT('',(47.254344793422,4.894283720131,
    74.000099598553));
#7280 = CARTESIAN_POINT('',(47.36328106539,4.72750583671,73.991123226679
    ));
#7281 = CARTESIAN_POINT('',(47.40039912268,4.669528579067,
    73.987033708555));
#7282 = CARTESIAN_POINT('',(47.437039103805,4.611124165417,73.9819210024
    ));
#7283 = CARTESIAN_POINT('',(47.473175295124,4.55232735408,
    73.975757233837));
#7284 = CARTESIAN_POINT('',(47.508783964882,4.493173614605,
    73.968515971258));
#7285 = CARTESIAN_POINT('',(47.543843363215,4.433699127771,
    73.960172225825));
#7286 = CARTESIAN_POINT('',(47.648001200306,4.253234213418,
    73.931574343829));
#7287 = CARTESIAN_POINT('',(47.71538946684,4.131296012706,
    73.907840401399));
#7288 = CARTESIAN_POINT('',(47.780233423651,4.008594168602,
    73.879322986078));
#7289 = CARTESIAN_POINT('',(47.842328638876,3.885604165542,
    73.845903741565));
#7290 = CARTESIAN_POINT('',(47.901527183641,3.762803448198,
    73.807525944981));
#7291 = CARTESIAN_POINT('',(47.957733468812,3.640665882418,
    73.764196858495));
#7292 = CARTESIAN_POINT('',(48.063325265484,3.400334077082,
    73.668455565775));
#7293 = CARTESIAN_POINT('',(48.112742029045,3.282229056352,
    73.616226421571));
#7294 = CARTESIAN_POINT('',(48.159116733203,3.165778256012,
    73.559388788404));
#7295 = CARTESIAN_POINT('',(48.202459256815,3.051410286837,
    73.498091347954));
#7296 = CARTESIAN_POINT('',(48.242817036854,2.939538142754,
    73.432547560958));
#7297 = CARTESIAN_POINT('',(48.280269108439,2.830552075257,
    73.363037904665));
#7298 = CARTESIAN_POINT('',(48.33319318623,2.669051243265,
    73.251349608119));
#7299 = CARTESIAN_POINT('',(48.350692065049,2.614177861739,
    73.211771208861));
#7300 = CARTESIAN_POINT('',(48.367438134663,2.560225987789,
    73.171213227476));
#7301 = CARTESIAN_POINT('',(48.38345320703,2.50722760453,73.129714482356
    ));
#7302 = CARTESIAN_POINT('',(48.398759552705,2.455213013649,
    73.087316295327));
#7303 = CARTESIAN_POINT('',(48.413379900842,2.404210835399,
    73.044062491646));
#7304 = CARTESIAN_POINT('',(48.427337439192,2.3542480086,72.9999994));
#7305 = PCURVE('',#2815,#7306);
#7306 = DEFINITIONAL_REPRESENTATION('',(#7307),#7346);
#7307 = B_SPLINE_CURVE_WITH_KNOTS('',7,(#7308,#7309,#7310,#7311,#7312,
    #7313,#7314,#7315,#7316,#7317,#7318,#7319,#7320,#7321,#7322,#7323,
    #7324,#7325,#7326,#7327,#7328,#7329,#7330,#7331,#7332,#7333,#7334,
    #7335,#7336,#7337,#7338,#7339,#7340,#7341,#7342,#7343,#7344,#7345),
  .UNSPECIFIED.,.F.,.F.,(8,6,6,6,6,6,8),(0.,0.501439501154,
    0.620397409786,0.683017536429,0.809504660392,0.934227871912,1.),
  .UNSPECIFIED.);
#7308 = CARTESIAN_POINT('',(-0.848061852203,-93.50499429917));
#7309 = CARTESIAN_POINT('',(-0.918829018664,-93.88647642885));
#7310 = CARTESIAN_POINT('',(-0.992978152419,-94.26170889607));
#7311 = CARTESIAN_POINT('',(-1.07127777755,-94.63345842464));
#7312 = CARTESIAN_POINT('',(-1.154535589328,-95.0013896054));
#7313 = CARTESIAN_POINT('',(-1.243554176474,-95.36302204158));
#7314 = CARTESIAN_POINT('',(-1.339230542214,-95.71363963013));
#7315 = CARTESIAN_POINT('',(-1.467430152962,-96.12597743065));
#7316 = CARTESIAN_POINT('',(-1.492468222586,-96.20409547923));
#7317 = CARTESIAN_POINT('',(-1.517962959027,-96.28112542168));
#7318 = CARTESIAN_POINT('',(-1.54391598441,-96.35693004136));
#7319 = CARTESIAN_POINT('',(-1.57033055552,-96.43137807198));
#7320 = CARTESIAN_POINT('',(-1.597211768065,-96.50434479342));
#7321 = CARTESIAN_POINT('',(-1.638966586387,-96.61328106539));
#7322 = CARTESIAN_POINT('',(-1.653494892113,-96.65039912268));
#7323 = CARTESIAN_POINT('',(-1.668148467268,-96.6870391038));
#7324 = CARTESIAN_POINT('',(-1.682924273992,-96.72317529512));
#7325 = CARTESIAN_POINT('',(-1.697819447427,-96.75878396488));
#7326 = CARTESIAN_POINT('',(-1.712831295713,-96.79384336321));
#7327 = CARTESIAN_POINT('',(-1.758510492405,-96.8980012003));
#7328 = CARTESIAN_POINT('',(-1.789548052224,-96.96538946684));
#7329 = CARTESIAN_POINT('',(-1.821007830394,-97.03023342365));
#7330 = CARTESIAN_POINT('',(-1.852830438531,-97.09232863887));
#7331 = CARTESIAN_POINT('',(-1.88495806281,-97.15152718364));
#7332 = CARTESIAN_POINT('',(-1.917333277834,-97.20773346881));
#7333 = CARTESIAN_POINT('',(-1.982008317353,-97.31332526548));
#7334 = CARTESIAN_POINT('',(-2.014270489309,-97.36274202904));
#7335 = CARTESIAN_POINT('',(-2.046628831028,-97.4091167332));
#7336 = CARTESIAN_POINT('',(-2.079026578808,-97.45245925681));
#7337 = CARTESIAN_POINT('',(-2.111404241045,-97.49281703685));
#7338 = CARTESIAN_POINT('',(-2.143698088669,-97.53026910843));
#7339 = CARTESIAN_POINT('',(-2.192787798843,-97.58319318623));
#7340 = CARTESIAN_POINT('',(-2.209698823965,-97.60069206504));
#7341 = CARTESIAN_POINT('',(-2.226567659066,-97.61743813466));
#7342 = CARTESIAN_POINT('',(-2.243389983397,-97.63345320703));
#7343 = CARTESIAN_POINT('',(-2.26016121735,-97.6487595527));
#7344 = CARTESIAN_POINT('',(-2.276876522456,-97.66337990084));
#7345 = CARTESIAN_POINT('',(-2.293530801387,-97.67733743919));
#7346 = ( GEOMETRIC_REPRESENTATION_CONTEXT(2) 
PARAMETRIC_REPRESENTATION_CONTEXT() REPRESENTATION_CONTEXT('2D SPACE',''
  ) );
#7347 = PCURVE('',#4296,#7348);
#7348 = DEFINITIONAL_REPRESENTATION('',(#7349),#7388);
#7349 = B_SPLINE_CURVE_WITH_KNOTS('',7,(#7350,#7351,#7352,#7353,#7354,
    #7355,#7356,#7357,#7358,#7359,#7360,#7361,#7362,#7363,#7364,#7365,
    #7366,#7367,#7368,#7369,#7370,#7371,#7372,#7373,#7374,#7375,#7376,
    #7377,#7378,#7379,#7380,#7381,#7382,#7383,#7384,#7385,#7386,#7387),
  .UNSPECIFIED.,.F.,.F.,(8,6,6,6,6,6,8),(0.,0.501439501154,
    0.620397409786,0.683017536429,0.809504660392,0.934227871912,1.),
  .UNSPECIFIED.);
#7350 = CARTESIAN_POINT('',(1.062963100244,-18.0000006));
#7351 = CARTESIAN_POINT('',(1.013068448924,-17.8127682284));
#7352 = CARTESIAN_POINT('',(0.962374718304,-17.63411528846));
#7353 = CARTESIAN_POINT('',(0.910225016752,-17.46656066707));
#7354 = CARTESIAN_POINT('',(0.856213999266,-17.31429745682));
#7355 = CARTESIAN_POINT('',(0.800088762513,-17.18411032273));
#7356 = CARTESIAN_POINT('',(0.741724588809,-17.08558282389));
#7357 = CARTESIAN_POINT('',(0.6668955178,-17.02015027772));
#7358 = CARTESIAN_POINT('',(0.652422775229,-17.01016773463));
#7359 = CARTESIAN_POINT('',(0.637837162843,-17.00294833774));
#7360 = CARTESIAN_POINT('',(0.62315058605,-16.9986937597));
#7361 = CARTESIAN_POINT('',(0.608375200001,-16.9976085027));
#7362 = CARTESIAN_POINT('',(0.593523549694,-16.99990040144));
#7363 = CARTESIAN_POINT('',(0.57075745281,-17.00887677332));
#7364 = CARTESIAN_POINT('',(0.562890219844,-17.01296629144));
#7365 = CARTESIAN_POINT('',(0.555011196451,-17.0180789976));
#7366 = CARTESIAN_POINT('',(0.547124513532,-17.02424276616));
#7367 = CARTESIAN_POINT('',(0.539234247626,-17.03148402874));
#7368 = CARTESIAN_POINT('',(0.531344420907,-17.03982777417));
#7369 = CARTESIAN_POINT('',(0.507531149947,-17.06842565617));
#7370 = CARTESIAN_POINT('',(0.49161161104,-17.0921595986));
#7371 = CARTESIAN_POINT('',(0.475755205221,-17.12067701392));
#7372 = CARTESIAN_POINT('',(0.460014157299,-17.15409625843));
#7373 = CARTESIAN_POINT('',(0.444438226684,-17.19247405501));
#7374 = CARTESIAN_POINT('',(0.429074837917,-17.2358031415));
#7375 = CARTESIAN_POINT('',(0.399074238373,-17.33154443422));
#7376 = CARTESIAN_POINT('',(0.384444930752,-17.38377357842));
#7377 = CARTESIAN_POINT('',(0.370123114227,-17.44061121159));
#7378 = CARTESIAN_POINT('',(0.35614871855,-17.50190865204));
#7379 = CARTESIAN_POINT('',(0.342559421614,-17.56745243904));
#7380 = CARTESIAN_POINT('',(0.329390293729,-17.63696209533));
#7381 = CARTESIAN_POINT('',(0.30996727713,-17.74865039188));
#7382 = CARTESIAN_POINT('',(0.303385084543,-17.78822879113));
#7383 = CARTESIAN_POINT('',(0.29692927284,-17.82878677252));
#7384 = CARTESIAN_POINT('',(0.290602127729,-17.87028551764));
#7385 = CARTESIAN_POINT('',(0.284405811927,-17.91268370467));
#7386 = CARTESIAN_POINT('',(0.278342365159,-17.95593750835));
#7387 = CARTESIAN_POINT('',(0.272413704161,-18.0000006));
#7388 = ( GEOMETRIC_REPRESENTATION_CONTEXT(2) 
PARAMETRIC_REPRESENTATION_CONTEXT() REPRESENTATION_CONTEXT('2D SPACE',''
  ) );
#7389 = ORIENTED_EDGE('',*,*,#7390,.T.);
#7390 = EDGE_CURVE('',#7263,#7391,#7393,.T.);
#7391 = VERTEX_POINT('',#7392);
#7392 = CARTESIAN_POINT('',(35.745004478339,7.645751311065,73.));
#7393 = SURFACE_CURVE('',#7394,(#7398,#7404),.PCURVE_S1.);
#7394 = LINE('',#7395,#7396);
#7395 = CARTESIAN_POINT('',(-49.25,7.645751311065,73.));
#7396 = VECTOR('',#7397,1.);
#7397 = DIRECTION('',(-1.,-0.,-0.));
#7398 = PCURVE('',#2815,#7399);
#7399 = DEFINITIONAL_REPRESENTATION('',(#7400),#7403);
#7400 = B_SPLINE_CURVE_WITH_KNOTS('',1,(#7401,#7402),.UNSPECIFIED.,.F.,
  .F.,(2,2),(-99.75,-78.75),.PIECEWISE_BEZIER_KNOTS.);
#7401 = CARTESIAN_POINT('',(-0.848062078981,-99.75));
#7402 = CARTESIAN_POINT('',(-0.848062078981,-78.75));
#7403 = ( GEOMETRIC_REPRESENTATION_CONTEXT(2) 
PARAMETRIC_REPRESENTATION_CONTEXT() REPRESENTATION_CONTEXT('2D SPACE',''
  ) );
#7404 = PCURVE('',#7405,#7410);
#7405 = PLANE('',#7406);
#7406 = AXIS2_PLACEMENT_3D('',#7407,#7408,#7409);
#7407 = CARTESIAN_POINT('',(40.,5.8048458399E-16,73.));
#7408 = DIRECTION('',(0.,0.,1.));
#7409 = DIRECTION('',(1.,0.,-0.));
#7410 = DEFINITIONAL_REPRESENTATION('',(#7411),#7414);
#7411 = B_SPLINE_CURVE_WITH_KNOTS('',1,(#7412,#7413),.UNSPECIFIED.,.F.,
  .F.,(2,2),(-99.75,-78.75),.PIECEWISE_BEZIER_KNOTS.);
#7412 = CARTESIAN_POINT('',(10.5,7.645751311065));
#7413 = CARTESIAN_POINT('',(-10.5,7.645751311065));
#7414 = ( GEOMETRIC_REPRESENTATION_CONTEXT(2) 
PARAMETRIC_REPRESENTATION_CONTEXT() REPRESENTATION_CONTEXT('2D SPACE',''
  ) );
#7415 = ORIENTED_EDGE('',*,*,#7416,.T.);
#7416 = EDGE_CURVE('',#7391,#7417,#7419,.T.);
#7417 = VERTEX_POINT('',#7418);
#7418 = CARTESIAN_POINT('',(31.572662750866,2.354248688935,73.));
#7419 = SURFACE_CURVE('',#7420,(#7459,#7501),.PCURVE_S1.);
#7420 = B_SPLINE_CURVE_WITH_KNOTS('',7,(#7421,#7422,#7423,#7424,#7425,
    #7426,#7427,#7428,#7429,#7430,#7431,#7432,#7433,#7434,#7435,#7436,
    #7437,#7438,#7439,#7440,#7441,#7442,#7443,#7444,#7445,#7446,#7447,
    #7448,#7449,#7450,#7451,#7452,#7453,#7454,#7455,#7456,#7457,#7458),
  .UNSPECIFIED.,.F.,.F.,(8,6,6,6,6,6,8),(0.,0.501439453553,
    0.620397350885,0.68301748124,0.809504627225,0.93422786046,1.),
  .UNSPECIFIED.);
#7421 = CARTESIAN_POINT('',(35.745005700827,7.6457519914,72.9999994));
#7422 = CARTESIAN_POINT('',(35.363523571141,7.433450534477,
    73.187231771591));
#7423 = CARTESIAN_POINT('',(34.988291103926,7.195543139208,
    73.365884711533));
#7424 = CARTESIAN_POINT('',(34.616541575354,6.928814735398,
    73.53343933293));
#7425 = CARTESIAN_POINT('',(34.248610394593,6.629609972553,
    73.685702543177));
#7426 = CARTESIAN_POINT('',(33.886977958412,6.294660657299,
    73.815889677265));
#7427 = CARTESIAN_POINT('',(33.536360369862,5.921479931361,
    73.914417176109));
#7428 = CARTESIAN_POINT('',(33.12402256935,5.412873182455,73.97984972227
    ));
#7429 = CARTESIAN_POINT('',(33.045904520761,5.313179721216,
    73.989832265362));
#7430 = CARTESIAN_POINT('',(32.968874578308,5.211387003982,
    73.997051662253));
#7431 = CARTESIAN_POINT('',(32.893069958637,5.10757657376,
    74.001306240296));
#7432 = CARTESIAN_POINT('',(32.81862192802,5.001840799327,
    74.002391497295));
#7433 = CARTESIAN_POINT('',(32.745655206583,4.894283720139,
    74.000099598553));
#7434 = CARTESIAN_POINT('',(32.636718928812,4.727505827834,
    73.991123226201));
#7435 = CARTESIAN_POINT('',(32.599600875731,4.669528577032,
    73.987033708803));
#7436 = CARTESIAN_POINT('',(32.562960899499,4.611124171033,
    73.981921003202));
#7437 = CARTESIAN_POINT('',(32.526824708915,4.552327360502,
    73.975757234395));
#7438 = CARTESIAN_POINT('',(32.491216035365,4.493173614584,
    73.968515970896));
#7439 = CARTESIAN_POINT('',(32.456156632824,4.433699120908,
    73.960172224738));
#7440 = CARTESIAN_POINT('',(32.351998799694,4.253234213418,
    73.931574343829));
#7441 = CARTESIAN_POINT('',(32.28461053316,4.131296012706,
    73.907840401399));
#7442 = CARTESIAN_POINT('',(32.219766576349,4.008594168602,
    73.879322986078));
#7443 = CARTESIAN_POINT('',(32.157671361124,3.885604165542,
    73.845903741565));
#7444 = CARTESIAN_POINT('',(32.09847281636,3.762803448198,
    73.807525944981));
#7445 = CARTESIAN_POINT('',(32.042266531188,3.640665882418,
    73.764196858495));
#7446 = CARTESIAN_POINT('',(31.936674734516,3.400334077083,
    73.668455565775));
#7447 = CARTESIAN_POINT('',(31.887257970955,3.282229056352,
    73.616226421571));
#7448 = CARTESIAN_POINT('',(31.840883266797,3.165778256012,
    73.559388788404));
#7449 = CARTESIAN_POINT('',(31.797540743185,3.051410286837,
    73.498091347954));
#7450 = CARTESIAN_POINT('',(31.757182963146,2.939538142754,
    73.432547560958));
#7451 = CARTESIAN_POINT('',(31.719730891561,2.830552075257,
    73.363037904665));
#7452 = CARTESIAN_POINT('',(31.66680681377,2.669051243265,
    73.251349608119));
#7453 = CARTESIAN_POINT('',(31.649307934951,2.614177861739,
    73.211771208861));
#7454 = CARTESIAN_POINT('',(31.632561865337,2.560225987789,
    73.171213227476));
#7455 = CARTESIAN_POINT('',(31.61654679297,2.50722760453,73.129714482356
    ));
#7456 = CARTESIAN_POINT('',(31.601240447295,2.455213013649,
    73.087316295327));
#7457 = CARTESIAN_POINT('',(31.586620099158,2.404210835399,
    73.044062491646));
#7458 = CARTESIAN_POINT('',(31.572662560808,2.3542480086,72.9999994));
#7459 = PCURVE('',#2815,#7460);
#7460 = DEFINITIONAL_REPRESENTATION('',(#7461),#7500);
#7461 = B_SPLINE_CURVE_WITH_KNOTS('',7,(#7462,#7463,#7464,#7465,#7466,
    #7467,#7468,#7469,#7470,#7471,#7472,#7473,#7474,#7475,#7476,#7477,
    #7478,#7479,#7480,#7481,#7482,#7483,#7484,#7485,#7486,#7487,#7488,
    #7489,#7490,#7491,#7492,#7493,#7494,#7495,#7496,#7497,#7498,#7499),
  .UNSPECIFIED.,.F.,.F.,(8,6,6,6,6,6,8),(0.,0.501439453553,
    0.620397350885,0.68301748124,0.809504627225,0.93422786046,1.),
  .UNSPECIFIED.);
#7462 = CARTESIAN_POINT('',(-0.848061852203,-84.99500570082));
#7463 = CARTESIAN_POINT('',(-0.918829018664,-84.61352357114));
#7464 = CARTESIAN_POINT('',(-0.992978152419,-84.23829110392));
#7465 = CARTESIAN_POINT('',(-1.07127777755,-83.86654157535));
#7466 = CARTESIAN_POINT('',(-1.154535589328,-83.49861039459));
#7467 = CARTESIAN_POINT('',(-1.243554176474,-83.13697795841));
#7468 = CARTESIAN_POINT('',(-1.339230542214,-82.78636036986));
#7469 = CARTESIAN_POINT('',(-1.467430152961,-82.37402256935));
#7470 = CARTESIAN_POINT('',(-1.492468222586,-82.29590452076));
#7471 = CARTESIAN_POINT('',(-1.517962959028,-82.2188745783));
#7472 = CARTESIAN_POINT('',(-1.543915984412,-82.14306995863));
#7473 = CARTESIAN_POINT('',(-1.570330555519,-82.06862192802));
#7474 = CARTESIAN_POINT('',(-1.597211768063,-81.99565520658));
#7475 = CARTESIAN_POINT('',(-1.63896658861,-81.88671892881));
#7476 = CARTESIAN_POINT('',(-1.653494892613,-81.84960087573));
#7477 = CARTESIAN_POINT('',(-1.668148465849,-81.81296089949));
#7478 = CARTESIAN_POINT('',(-1.682924272379,-81.77682470891));
#7479 = CARTESIAN_POINT('',(-1.697819447442,-81.74121603536));
#7480 = CARTESIAN_POINT('',(-1.71283129745,-81.70615663282));
#7481 = CARTESIAN_POINT('',(-1.758510492405,-81.60199879969));
#7482 = CARTESIAN_POINT('',(-1.789548052224,-81.53461053316));
#7483 = CARTESIAN_POINT('',(-1.821007830394,-81.46976657634));
#7484 = CARTESIAN_POINT('',(-1.852830438531,-81.40767136112));
#7485 = CARTESIAN_POINT('',(-1.88495806281,-81.34847281636));
#7486 = CARTESIAN_POINT('',(-1.917333277834,-81.29226653118));
#7487 = CARTESIAN_POINT('',(-1.982008317353,-81.18667473451));
#7488 = CARTESIAN_POINT('',(-2.014270489309,-81.13725797095));
#7489 = CARTESIAN_POINT('',(-2.046628831028,-81.09088326679));
#7490 = CARTESIAN_POINT('',(-2.079026578808,-81.04754074318));
#7491 = CARTESIAN_POINT('',(-2.111404241045,-81.00718296314));
#7492 = CARTESIAN_POINT('',(-2.143698088669,-80.96973089156));
#7493 = CARTESIAN_POINT('',(-2.192787798843,-80.91680681377));
#7494 = CARTESIAN_POINT('',(-2.209698823965,-80.89930793495));
#7495 = CARTESIAN_POINT('',(-2.226567659066,-80.88256186533));
#7496 = CARTESIAN_POINT('',(-2.243389983397,-80.86654679297));
#7497 = CARTESIAN_POINT('',(-2.26016121735,-80.85124044729));
#7498 = CARTESIAN_POINT('',(-2.276876522456,-80.83662009915));
#7499 = CARTESIAN_POINT('',(-2.293530801387,-80.8226625608));
#7500 = ( GEOMETRIC_REPRESENTATION_CONTEXT(2) 
PARAMETRIC_REPRESENTATION_CONTEXT() REPRESENTATION_CONTEXT('2D SPACE',''
  ) );
#7501 = PCURVE('',#4296,#7502);
#7502 = DEFINITIONAL_REPRESENTATION('',(#7503),#7542);
#7503 = B_SPLINE_CURVE_WITH_KNOTS('',7,(#7504,#7505,#7506,#7507,#7508,
    #7509,#7510,#7511,#7512,#7513,#7514,#7515,#7516,#7517,#7518,#7519,
    #7520,#7521,#7522,#7523,#7524,#7525,#7526,#7527,#7528,#7529,#7530,
    #7531,#7532,#7533,#7534,#7535,#7536,#7537,#7538,#7539,#7540,#7541),
  .UNSPECIFIED.,.F.,.F.,(8,6,6,6,6,6,8),(0.,0.501439453553,
    0.620397350885,0.68301748124,0.809504627225,0.93422786046,1.),
  .UNSPECIFIED.);
#7504 = CARTESIAN_POINT('',(2.078629553346,-18.0000006));
#7505 = CARTESIAN_POINT('',(2.128524204665,-17.8127682284));
#7506 = CARTESIAN_POINT('',(2.179217935285,-17.63411528846));
#7507 = CARTESIAN_POINT('',(2.231367636838,-17.46656066707));
#7508 = CARTESIAN_POINT('',(2.285378654324,-17.31429745682));
#7509 = CARTESIAN_POINT('',(2.341503891077,-17.18411032273));
#7510 = CARTESIAN_POINT('',(2.399868064781,-17.08558282389));
#7511 = CARTESIAN_POINT('',(2.474697135789,-17.02015027773));
#7512 = CARTESIAN_POINT('',(2.48916987836,-17.01016773463));
#7513 = CARTESIAN_POINT('',(2.503755490748,-17.00294833774));
#7514 = CARTESIAN_POINT('',(2.51844206754,-16.9986937597));
#7515 = CARTESIAN_POINT('',(2.533217453588,-16.9976085027));
#7516 = CARTESIAN_POINT('',(2.548069103895,-16.99990040144));
#7517 = CARTESIAN_POINT('',(2.570835201992,-17.00887677379));
#7518 = CARTESIAN_POINT('',(2.578702434039,-17.01296629119));
#7519 = CARTESIAN_POINT('',(2.586581456394,-17.01807899679));
#7520 = CARTESIAN_POINT('',(2.594468139191,-17.0242427656));
#7521 = CARTESIAN_POINT('',(2.602358405951,-17.0314840291));
#7522 = CARTESIAN_POINT('',(2.610248233589,-17.03982777526));
#7523 = CARTESIAN_POINT('',(2.634061503643,-17.06842565617));
#7524 = CARTESIAN_POINT('',(2.649981042549,-17.0921595986));
#7525 = CARTESIAN_POINT('',(2.665837448369,-17.12067701392));
#7526 = CARTESIAN_POINT('',(2.681578496291,-17.15409625843));
#7527 = CARTESIAN_POINT('',(2.697154426906,-17.19247405501));
#7528 = CARTESIAN_POINT('',(2.712517815673,-17.2358031415));
#7529 = CARTESIAN_POINT('',(2.742518415216,-17.33154443422));
#7530 = CARTESIAN_POINT('',(2.757147722838,-17.38377357842));
#7531 = CARTESIAN_POINT('',(2.771469539362,-17.44061121159));
#7532 = CARTESIAN_POINT('',(2.78544393504,-17.50190865204));
#7533 = CARTESIAN_POINT('',(2.799033231976,-17.56745243904));
#7534 = CARTESIAN_POINT('',(2.812202359861,-17.63696209533));
#7535 = CARTESIAN_POINT('',(2.83162537646,-17.74865039188));
#7536 = CARTESIAN_POINT('',(2.838207569047,-17.78822879113));
#7537 = CARTESIAN_POINT('',(2.84466338075,-17.82878677252));
#7538 = CARTESIAN_POINT('',(2.850990525861,-17.87028551764));
#7539 = CARTESIAN_POINT('',(2.857186841663,-17.91268370467));
#7540 = CARTESIAN_POINT('',(2.86325028843,-17.95593750835));
#7541 = CARTESIAN_POINT('',(2.869178949429,-18.0000006));
#7542 = ( GEOMETRIC_REPRESENTATION_CONTEXT(2) 
PARAMETRIC_REPRESENTATION_CONTEXT() REPRESENTATION_CONTEXT('2D SPACE',''
  ) );
#7543 = ORIENTED_EDGE('',*,*,#7544,.F.);
#7544 = EDGE_CURVE('',#7545,#7417,#7547,.T.);
#7545 = VERTEX_POINT('',#7546);
#7546 = CARTESIAN_POINT('',(32.879079195031,2.354248688935,73.));
#7547 = SURFACE_CURVE('',#7548,(#7552,#7558),.PCURVE_S1.);
#7548 = LINE('',#7549,#7550);
#7549 = CARTESIAN_POINT('',(-49.25,2.354248688935,73.));
#7550 = VECTOR('',#7551,1.);
#7551 = DIRECTION('',(-1.,-0.,-0.));
#7552 = PCURVE('',#2815,#7553);
#7553 = DEFINITIONAL_REPRESENTATION('',(#7554),#7557);
#7554 = B_SPLINE_CURVE_WITH_KNOTS('',1,(#7555,#7556),.UNSPECIFIED.,.F.,
  .F.,(2,2),(-99.75,-78.75),.PIECEWISE_BEZIER_KNOTS.);
#7555 = CARTESIAN_POINT('',(-2.293530574608,-99.75));
#7556 = CARTESIAN_POINT('',(-2.293530574608,-78.75));
#7557 = ( GEOMETRIC_REPRESENTATION_CONTEXT(2) 
PARAMETRIC_REPRESENTATION_CONTEXT() REPRESENTATION_CONTEXT('2D SPACE',''
  ) );
#7558 = PCURVE('',#4213,#7559);
#7559 = DEFINITIONAL_REPRESENTATION('',(#7560),#7563);
#7560 = B_SPLINE_CURVE_WITH_KNOTS('',1,(#7561,#7562),.UNSPECIFIED.,.F.,
  .F.,(2,2),(-99.75,-78.75),.PIECEWISE_BEZIER_KNOTS.);
#7561 = CARTESIAN_POINT('',(10.5,2.354248688935));
#7562 = CARTESIAN_POINT('',(-10.5,2.354248688935));
#7563 = ( GEOMETRIC_REPRESENTATION_CONTEXT(2) 
PARAMETRIC_REPRESENTATION_CONTEXT() REPRESENTATION_CONTEXT('2D SPACE',''
  ) );
#7564 = ORIENTED_EDGE('',*,*,#7565,.T.);
#7565 = EDGE_CURVE('',#7545,#7566,#7568,.T.);
#7566 = VERTEX_POINT('',#7567);
#7567 = CARTESIAN_POINT('',(32.658949928561,1.535898384862,68.));
#7568 = SURFACE_CURVE('',#7569,(#7597,#7628),.PCURVE_S1.);
#7569 = B_SPLINE_CURVE_WITH_KNOTS('',6,(#7570,#7571,#7572,#7573,#7574,
    #7575,#7576,#7577,#7578,#7579,#7580,#7581,#7582,#7583,#7584,#7585,
    #7586,#7587,#7588,#7589,#7590,#7591,#7592,#7593,#7594,#7595,#7596),
  .UNSPECIFIED.,.F.,.F.,(7,5,5,5,5,7),(0.,0.168226489886,0.284320411487,
    0.612122285607,0.896756199612,1.),.UNSPECIFIED.);
#7570 = CARTESIAN_POINT('',(32.879079419957,2.354249369272,73.0000006));
#7571 = CARTESIAN_POINT('',(32.837677785851,2.229021450685,
    72.889560007226));
#7572 = CARTESIAN_POINT('',(32.801345394303,2.110259509763,
    72.77367006827));
#7573 = CARTESIAN_POINT('',(32.769536687188,1.998261809899,
    72.652906323452));
#7574 = CARTESIAN_POINT('',(32.741740279209,1.893266827704,
    72.527880033309));
#7575 = CARTESIAN_POINT('',(32.7174855359,1.795446601647,72.399238875077
    ));
#7576 = CARTESIAN_POINT('',(32.681762829704,1.642413484712,
    72.176869687214));
#7577 = CARTESIAN_POINT('',(32.668652663663,1.583352645716,
    72.084620738261));
#7578 = CARTESIAN_POINT('',(32.65687115355,1.527707388377,71.99106931252
    ));
#7579 = CARTESIAN_POINT('',(32.646286905545,1.475462677697,
    71.896356553987));
#7580 = CARTESIAN_POINT('',(32.63678348812,1.426599420389,
    71.800616163731));
#7581 = CARTESIAN_POINT('',(32.604186601475,1.252610098418,
    71.431097228709));
#7582 = CARTESIAN_POINT('',(32.587916040026,1.15091736893,71.15105726178
    ));
#7583 = CARTESIAN_POINT('',(32.577094219848,1.075286482213,
    70.866232733204));
#7584 = CARTESIAN_POINT('',(32.570341761745,1.025094770739,
    70.578449428417));
#7585 = CARTESIAN_POINT('',(32.566965626341,1.,70.289222200427));
#7586 = CARTESIAN_POINT('',(32.566965626341,1.,69.748865234083));
#7587 = CARTESIAN_POINT('',(32.569511106663,1.018920580647,
    69.497730983515));
#7588 = CARTESIAN_POINT('',(32.574602024337,1.056761747489,
    69.247548420047));
#7589 = CARTESIAN_POINT('',(32.582632121466,1.113716247322,
    68.999299053904));
#7590 = CARTESIAN_POINT('',(32.594385721714,1.190144337039,68.7541176743
    ));
#7591 = CARTESIAN_POINT('',(32.617248627126,1.321454050958,
    68.426105410617));
#7592 = CARTESIAN_POINT('',(32.623995191612,1.359027030961,
    68.33938712768));
#7593 = CARTESIAN_POINT('',(32.631463821013,1.399240271849,
    68.253334618074));
#7594 = CARTESIAN_POINT('',(32.639724729079,1.442111850467,
    68.168028063727));
#7595 = CARTESIAN_POINT('',(32.648857282527,1.487659124259,
    68.083552816863));
#7596 = CARTESIAN_POINT('',(32.658950001037,1.535898731272,67.9999994));
#7597 = PCURVE('',#2815,#7598);
#7598 = DEFINITIONAL_REPRESENTATION('',(#7599),#7627);
#7599 = B_SPLINE_CURVE_WITH_KNOTS('',6,(#7600,#7601,#7602,#7603,#7604,
    #7605,#7606,#7607,#7608,#7609,#7610,#7611,#7612,#7613,#7614,#7615,
    #7616,#7617,#7618,#7619,#7620,#7621,#7622,#7623,#7624,#7625,#7626),
  .UNSPECIFIED.,.F.,.F.,(7,5,5,5,5,7),(0.,0.168226489886,0.284320411487,
    0.612122285607,0.896756199612,1.),.UNSPECIFIED.);
#7600 = CARTESIAN_POINT('',(-2.29353034783,-82.12907941995));
#7601 = CARTESIAN_POINT('',(-2.33527297901,-82.08767778585));
#7602 = CARTESIAN_POINT('',(-2.376704364088,-82.0513453943));
#7603 = CARTESIAN_POINT('',(-2.417804216866,-82.01953668718));
#7604 = CARTESIAN_POINT('',(-2.458548107502,-81.9917402792));
#7605 = CARTESIAN_POINT('',(-2.498904914362,-81.9674855359));
#7606 = CARTESIAN_POINT('',(-2.566389723111,-81.9317628297));
#7607 = CARTESIAN_POINT('',(-2.593758464532,-81.91865266366));
#7608 = CARTESIAN_POINT('',(-2.620949015008,-81.90687115355));
#7609 = CARTESIAN_POINT('',(-2.647969551508,-81.89628690554));
#7610 = CARTESIAN_POINT('',(-2.67482811914,-81.88678348812));
#7611 = CARTESIAN_POINT('',(-2.776936066767,-81.85418660147));
#7612 = CARTESIAN_POINT('',(-2.851106097058,-81.83791604002));
#7613 = CARTESIAN_POINT('',(-2.924354185315,-81.82709421984));
#7614 = CARTESIAN_POINT('',(-2.996980258224,-81.82034176174));
#7615 = CARTESIAN_POINT('',(-3.069287103483,-81.81696562634));
#7616 = CARTESIAN_POINT('',(-3.204376345069,-81.81696562634));
#7617 = CARTESIAN_POINT('',(-3.267159922926,-81.81951110666));
#7618 = CARTESIAN_POINT('',(-3.330150953352,-81.82460202433));
#7619 = CARTESIAN_POINT('',(-3.393549885352,-81.83263212146));
#7620 = CARTESIAN_POINT('',(-3.457555985127,-81.84438572171));
#7621 = CARTESIAN_POINT('',(-3.545885724632,-81.86724862712));
#7622 = CARTESIAN_POINT('',(-3.569503489345,-81.87399519161));
#7623 = CARTESIAN_POINT('',(-3.593235354206,-81.88146382101));
#7624 = CARTESIAN_POINT('',(-3.617088924819,-81.88972472907));
#7625 = CARTESIAN_POINT('',(-3.641071806122,-81.89885728252));
#7626 = CARTESIAN_POINT('',(-3.665191602393,-81.90895000103));
#7627 = ( GEOMETRIC_REPRESENTATION_CONTEXT(2) 
PARAMETRIC_REPRESENTATION_CONTEXT() REPRESENTATION_CONTEXT('2D SPACE',''
  ) );
#7628 = PCURVE('',#4162,#7629);
#7629 = DEFINITIONAL_REPRESENTATION('',(#7630),#7658);
#7630 = B_SPLINE_CURVE_WITH_KNOTS('',6,(#7631,#7632,#7633,#7634,#7635,
    #7636,#7637,#7638,#7639,#7640,#7641,#7642,#7643,#7644,#7645,#7646,
    #7647,#7648,#7649,#7650,#7651,#7652,#7653,#7654,#7655,#7656,#7657),
  .UNSPECIFIED.,.F.,.F.,(7,5,5,5,5,7),(1.52323045605E-07,0.168226489886,
    0.284320411487,0.612122285607,0.896756199612,0.999999876434),
  .UNSPECIFIED.);
#7631 = CARTESIAN_POINT('',(2.822294963985,-18.));
#7632 = CARTESIAN_POINT('',(2.839880860437,-18.11044051744));
#7633 = CARTESIAN_POINT('',(2.856436044257,-18.22633036911));
#7634 = CARTESIAN_POINT('',(2.871955356204,-18.34709401616));
#7635 = CARTESIAN_POINT('',(2.886434107277,-18.47212019965));
#7636 = CARTESIAN_POINT('',(2.899870474385,-18.60076124405));
#7637 = CARTESIAN_POINT('',(2.92082342492,-18.82313031278));
#7638 = CARTESIAN_POINT('',(2.928889404662,-18.91537926173));
#7639 = CARTESIAN_POINT('',(2.936472746495,-19.00893068748));
#7640 = CARTESIAN_POINT('',(2.943579882926,-19.10364344601));
#7641 = CARTESIAN_POINT('',(2.950216902468,-19.19938383626));
#7642 = CARTESIAN_POINT('',(2.973819102433,-19.56890277129));
#7643 = CARTESIAN_POINT('',(2.987545777841,-19.84894273822));
#7644 = CARTESIAN_POINT('',(2.997732522254,-20.13376726679));
#7645 = CARTESIAN_POINT('',(3.004484924811,-20.42155057158));
#7646 = CARTESIAN_POINT('',(3.00786106418,-20.71077779957));
#7647 = CARTESIAN_POINT('',(3.00786106418,-21.25113476591));
#7648 = CARTESIAN_POINT('',(3.005315583935,-21.50226901648));
#7649 = CARTESIAN_POINT('',(3.000224677348,-21.75245157995));
#7650 = CARTESIAN_POINT('',(2.992555701385,-22.00070094609));
#7651 = CARTESIAN_POINT('',(2.98224750057,-22.2458823257));
#7652 = CARTESIAN_POINT('',(2.964476141792,-22.57389448488));
#7653 = CARTESIAN_POINT('',(2.959386350333,-22.66061266474));
#7654 = CARTESIAN_POINT('',(2.953933073598,-22.74666507295));
#7655 = CARTESIAN_POINT('',(2.948111963828,-22.83197152788));
#7656 = CARTESIAN_POINT('',(2.941918327192,-22.91644667762));
#7657 = CARTESIAN_POINT('',(2.935347123795,-23.));
#7658 = ( GEOMETRIC_REPRESENTATION_CONTEXT(2) 
PARAMETRIC_REPRESENTATION_CONTEXT() REPRESENTATION_CONTEXT('2D SPACE',''
  ) );
#7659 = ORIENTED_EDGE('',*,*,#7660,.F.);
#7660 = EDGE_CURVE('',#7661,#7566,#7663,.T.);
#7661 = VERTEX_POINT('',#7662);
#7662 = CARTESIAN_POINT('',(32.914556037101,1.535898384862,68.));
#7663 = SURFACE_CURVE('',#7664,(#7668,#7674),.PCURVE_S1.);
#7664 = LINE('',#7665,#7666);
#7665 = CARTESIAN_POINT('',(-49.25,1.535898384862,68.));
#7666 = VECTOR('',#7667,1.);
#7667 = DIRECTION('',(-1.,-0.,-0.));
#7668 = PCURVE('',#2815,#7669);
#7669 = DEFINITIONAL_REPRESENTATION('',(#7670),#7673);
#7670 = B_SPLINE_CURVE_WITH_KNOTS('',1,(#7671,#7672),.UNSPECIFIED.,.F.,
  .F.,(2,2),(-98.25,-80.25),.PIECEWISE_BEZIER_KNOTS.);
#7671 = CARTESIAN_POINT('',(-3.665191429188,-98.25));
#7672 = CARTESIAN_POINT('',(-3.665191429188,-80.25));
#7673 = ( GEOMETRIC_REPRESENTATION_CONTEXT(2) 
PARAMETRIC_REPRESENTATION_CONTEXT() REPRESENTATION_CONTEXT('2D SPACE',''
  ) );
#7674 = PCURVE('',#4087,#7675);
#7675 = DEFINITIONAL_REPRESENTATION('',(#7676),#7679);
#7676 = B_SPLINE_CURVE_WITH_KNOTS('',1,(#7677,#7678),.UNSPECIFIED.,.F.,
  .F.,(2,2),(-98.25,-80.25),.PIECEWISE_BEZIER_KNOTS.);
#7677 = CARTESIAN_POINT('',(9.,1.535898384862));
#7678 = CARTESIAN_POINT('',(-9.,1.535898384862));
#7679 = ( GEOMETRIC_REPRESENTATION_CONTEXT(2) 
PARAMETRIC_REPRESENTATION_CONTEXT() REPRESENTATION_CONTEXT('2D SPACE',''
  ) );
#7680 = ORIENTED_EDGE('',*,*,#7681,.F.);
#7681 = EDGE_CURVE('',#7682,#7661,#7684,.T.);
#7682 = VERTEX_POINT('',#7683);
#7683 = CARTESIAN_POINT('',(46.,4.069705167542,66.109684914554));
#7684 = SURFACE_CURVE('',#7685,(#7802,#7922),.PCURVE_S1.);
#7685 = B_SPLINE_CURVE_WITH_KNOTS('',7,(#7686,#7687,#7688,#7689,#7690,
    #7691,#7692,#7693,#7694,#7695,#7696,#7697,#7698,#7699,#7700,#7701,
    #7702,#7703,#7704,#7705,#7706,#7707,#7708,#7709,#7710,#7711,#7712,
    #7713,#7714,#7715,#7716,#7717,#7718,#7719,#7720,#7721,#7722,#7723,
    #7724,#7725,#7726,#7727,#7728,#7729,#7730,#7731,#7732,#7733,#7734,
    #7735,#7736,#7737,#7738,#7739,#7740,#7741,#7742,#7743,#7744,#7745,
    #7746,#7747,#7748,#7749,#7750,#7751,#7752,#7753,#7754,#7755,#7756,
    #7757,#7758,#7759,#7760,#7761,#7762,#7763,#7764,#7765,#7766,#7767,
    #7768,#7769,#7770,#7771,#7772,#7773,#7774,#7775,#7776,#7777,#7778,
    #7779,#7780,#7781,#7782,#7783,#7784,#7785,#7786,#7787,#7788,#7789,
    #7790,#7791,#7792,#7793,#7794,#7795,#7796,#7797,#7798,#7799,#7800,
    #7801),.UNSPECIFIED.,.F.,.F.,(8,6,6,6,6,6,6,6,6,6,6,6,6,6,6,6,6,6,6,
    8),(0.,4.946313017927E-02,7.104993261385E-02,0.111744381589,
    0.148617164113,0.167169006223,0.201734241237,0.243526616168,
    0.353109748708,0.424630086757,0.499010596811,0.645263199756,
    0.755351264276,0.797336208137,0.832060711207,0.850698035618,
    0.887740718807,0.928622677741,0.950308948484,1.),.UNSPECIFIED.);
#7686 = CARTESIAN_POINT('',(47.085444037989,1.535898038452,68.0000006));
#7687 = CARTESIAN_POINT('',(47.069910730191,1.607556690508,
    67.875884124191));
#7688 = CARTESIAN_POINT('',(47.052231258321,1.685032362492,
    67.753674015832));
#7689 = CARTESIAN_POINT('',(47.032140285865,1.76831786518,
    67.633760604565));
#7690 = CARTESIAN_POINT('',(47.009340977587,1.857377412695,
    67.516531766578));
#7691 = CARTESIAN_POINT('',(46.9835050399,1.9521467028,67.402372800407)
  );
#7692 = CARTESIAN_POINT('',(46.954272761247,2.052532997201,
    67.29166630272));
#7693 = CARTESIAN_POINT('',(46.906842522313,2.204624534421,
    67.138149757276));
#7694 = CARTESIAN_POINT('',(46.891714793103,2.251867560848,
    67.092250661182));
#7695 = CARTESIAN_POINT('',(46.875842775289,2.300117329155,
    67.047141250915));
#7696 = CARTESIAN_POINT('',(46.85919965938,2.34934508489,67.002865317879
    ));
#7697 = CARTESIAN_POINT('',(46.841758915959,2.399520271107,
    66.959463949797));
#7698 = CARTESIAN_POINT('',(46.823494295681,2.450610528372,
    66.916975530714));
#7699 = CARTESIAN_POINT('',(46.768346114684,2.600555351827,
    66.797126836358));
#7700 = CARTESIAN_POINT('',(46.729271610827,2.701716935633,
    66.722143616237));
#7701 = CARTESIAN_POINT('',(46.687028694268,2.805704104721,
    66.65084554487));
#7702 = CARTESIAN_POINT('',(46.641516782716,2.912121315695,
    66.583518666512));
#7703 = CARTESIAN_POINT('',(46.592668787906,3.020548788103,
    66.520378366575));
#7704 = CARTESIAN_POINT('',(46.540457568474,3.130551469302,
    66.46157213278));
#7705 = CARTESIAN_POINT('',(46.434564453965,3.342387559249,
    66.357900315305));
#7706 = CARTESIAN_POINT('',(46.38152814617,3.443923909561,
    66.312290193846));
#7707 = CARTESIAN_POINT('',(46.325822495265,3.545953121797,
    66.270407478192));
#7708 = CARTESIAN_POINT('',(46.267512316205,3.648123612959,
    66.232263005637));
#7709 = CARTESIAN_POINT('',(46.206701270229,3.750080982012,
    66.197825019636));
#7710 = CARTESIAN_POINT('',(46.143534932001,3.851472846363,
    66.167021264957));
#7711 = CARTESIAN_POINT('',(46.045333763696,4.002508705715,
    66.126015575901));
#7712 = CARTESIAN_POINT('',(46.011909701942,4.052842340554,
    66.113179565735));
#7713 = CARTESIAN_POINT('',(45.977947072831,4.102923298238,
    66.101216027948));
#7714 = CARTESIAN_POINT('',(45.943463102363,4.152720794389,
    66.090106801508));
#7715 = CARTESIAN_POINT('',(45.908476841199,4.202204544869,
    66.079832588729));
#7716 = CARTESIAN_POINT('',(45.873009164659,4.251344765779,
    66.070372955265));
#7717 = CARTESIAN_POINT('',(45.770145798331,4.390974142716,
    66.045558934438));
#7718 = CARTESIAN_POINT('',(45.701636333965,4.480515028366,
    66.032169203816));
#7719 = CARTESIAN_POINT('',(45.631644934756,4.568626566356,
    66.021381043704));
#7720 = CARTESIAN_POINT('',(45.560270803159,4.655208127252,66.0130386136
    ));
#7721 = CARTESIAN_POINT('',(45.487621788948,4.740166716231,
    66.006986327035));
#7722 = CARTESIAN_POINT('',(45.413814389224,4.82341697309,
    66.003068851582));
#7723 = CARTESIAN_POINT('',(45.248484905511,5.003378473152,
    65.998788209382));
#7724 = CARTESIAN_POINT('',(45.15646213849,5.099290137172,
    65.999338834808));
#7725 = CARTESIAN_POINT('',(45.063029528393,5.192580495362,
    66.002509417365));
#7726 = CARTESIAN_POINT('',(44.968306962672,5.283227484289,
    66.008044301733));
#7727 = CARTESIAN_POINT('',(44.872409228449,5.371220872543,
    66.015704278275));
#7728 = CARTESIAN_POINT('',(44.775445105784,5.456560487252,
    66.025265116266));
#7729 = CARTESIAN_POINT('',(44.420739293193,5.756084962067,
    66.066017118058));
#7730 = CARTESIAN_POINT('',(44.157109862676,5.95491199209,66.10716340425
    ));
#7731 = CARTESIAN_POINT('',(43.887957793196,6.136241096371,
    66.156254950855));
#7732 = CARTESIAN_POINT('',(43.61422619475,6.300766219894,
    66.210333951518));
#7733 = CARTESIAN_POINT('',(43.336470999106,6.44921464082,
    66.266937316139));
#7734 = CARTESIAN_POINT('',(43.054882055938,6.582223623242,
    66.323919181185));
#7735 = CARTESIAN_POINT('',(42.58295546031,6.777278856489,
    66.415516495696));
#7736 = CARTESIAN_POINT('',(42.39494636638,6.847905090959,
    66.451015511866));
#7737 = CARTESIAN_POINT('',(42.205441223106,6.912186127261,
    66.485269215854));
#7738 = CARTESIAN_POINT('',(42.014556982924,6.970173607306,
    66.51774003087));
#7739 = CARTESIAN_POINT('',(41.822385428875,7.021907206257,
    66.547930594815));
#7740 = CARTESIAN_POINT('',(41.628993568149,7.067409678915,
    66.575390306554));
#7741 = CARTESIAN_POINT('',(41.232073446671,7.147524670135,
    66.625026482204));
#7742 = CARTESIAN_POINT('',(41.028394079189,7.181639912907,
    66.64695502248));
#7743 = CARTESIAN_POINT('',(40.823725641021,7.208962701647,
    66.665022387568));
#7744 = CARTESIAN_POINT('',(40.618340715891,7.229469748665,
    66.678843378518));
#7745 = CARTESIAN_POINT('',(40.412463476429,7.243152096755,
    66.688151991387));
#7746 = CARTESIAN_POINT('',(40.206288546092,7.25,66.692810861169));
#7747 = CARTESIAN_POINT('',(39.594379807265,7.25,66.692810861169));
#7748 = CARTESIAN_POINT('',(39.190902567242,7.223524247574,
    66.674798286294));
#7749 = CARTESIAN_POINT('',(38.789900412231,7.17107651904,
    66.639117291636));
#7750 = CARTESIAN_POINT('',(38.391861356532,7.092676190873,
    66.587727974565));
#7751 = CARTESIAN_POINT('',(37.99792855767,6.988028087577,
    66.524152635703));
#7752 = CARTESIAN_POINT('',(37.610036825018,6.857045827832,
    66.452974810657));
#7753 = CARTESIAN_POINT('',(36.945117944062,6.582223623242,
    66.323919181185));
#7754 = CARTESIAN_POINT('',(36.663529000893,6.449214640819,
    66.266937316139));
#7755 = CARTESIAN_POINT('',(36.38577380525,6.300766219894,
    66.210333951518));
#7756 = CARTESIAN_POINT('',(36.112042206804,6.136241096371,
    66.156254950855));
#7757 = CARTESIAN_POINT('',(35.842890137323,5.954911992089,
    66.10716340425));
#7758 = CARTESIAN_POINT('',(35.579260706807,5.756084962067,
    66.066017118058));
#7759 = CARTESIAN_POINT('',(35.224554894216,5.456560487252,
    66.025265116266));
#7760 = CARTESIAN_POINT('',(35.127590771551,5.371220872544,
    66.015704278275));
#7761 = CARTESIAN_POINT('',(35.031693037329,5.283227484289,
    66.008044301733));
#7762 = CARTESIAN_POINT('',(34.936970471607,5.192580495362,
    66.002509417365));
#7763 = CARTESIAN_POINT('',(34.843537861509,5.099290137172,
    65.999338834808));
#7764 = CARTESIAN_POINT('',(34.751515094489,5.003378473152,
    65.998788209382));
#7765 = CARTESIAN_POINT('',(34.586185610776,4.82341697309,
    66.003068851582));
#7766 = CARTESIAN_POINT('',(34.512378211052,4.740166716231,
    66.006986327035));
#7767 = CARTESIAN_POINT('',(34.439729196841,4.655208127252,66.0130386136
    ));
#7768 = CARTESIAN_POINT('',(34.368355065244,4.568626566356,
    66.021381043704));
#7769 = CARTESIAN_POINT('',(34.298363666035,4.480515028366,
    66.032169203816));
#7770 = CARTESIAN_POINT('',(34.229854201669,4.390974142716,
    66.045558934438));
#7771 = CARTESIAN_POINT('',(34.126990835341,4.251344765779,
    66.070372955265));
#7772 = CARTESIAN_POINT('',(34.091523158801,4.202204544869,
    66.079832588729));
#7773 = CARTESIAN_POINT('',(34.056536897637,4.152720794389,
    66.090106801508));
#7774 = CARTESIAN_POINT('',(34.022052927169,4.102923298238,
    66.101216027948));
#7775 = CARTESIAN_POINT('',(33.988090298058,4.052842340554,
    66.113179565735));
#7776 = CARTESIAN_POINT('',(33.954666236304,4.002508705715,
    66.126015575901));
#7777 = CARTESIAN_POINT('',(33.856465067999,3.851472846363,
    66.167021264957));
#7778 = CARTESIAN_POINT('',(33.793298729771,3.750080982012,
    66.197825019636));
#7779 = CARTESIAN_POINT('',(33.732487683795,3.648123612959,
    66.232263005637));
#7780 = CARTESIAN_POINT('',(33.674177504735,3.545953121797,
    66.270407478192));
#7781 = CARTESIAN_POINT('',(33.61847185383,3.443923909561,
    66.312290193846));
#7782 = CARTESIAN_POINT('',(33.565435546035,3.342387559249,
    66.357900315305));
#7783 = CARTESIAN_POINT('',(33.459542431526,3.130551469302,
    66.46157213278));
#7784 = CARTESIAN_POINT('',(33.407331212094,3.020548788103,
    66.520378366575));
#7785 = CARTESIAN_POINT('',(33.358483217284,2.912121315695,
    66.583518666512));
#7786 = CARTESIAN_POINT('',(33.312971305732,2.805704104721,
    66.65084554487));
#7787 = CARTESIAN_POINT('',(33.270728389173,2.701716935633,
    66.722143616237));
#7788 = CARTESIAN_POINT('',(33.231653885316,2.600555351827,
    66.797126836358));
#7789 = CARTESIAN_POINT('',(33.176505702855,2.450610524392,
    66.916975533895));
#7790 = CARTESIAN_POINT('',(33.158241083697,2.399520270405,
    66.959463950035));
#7791 = CARTESIAN_POINT('',(33.140800341545,2.349345087724,
    67.002865315176));
#7792 = CARTESIAN_POINT('',(33.124157225797,2.300117332222,
    67.047141248312));
#7793 = CARTESIAN_POINT('',(33.108285206956,2.251867560727,
    67.092250661669));
#7794 = CARTESIAN_POINT('',(33.093157476627,2.204624531022,
    67.138149760707));
#7795 = CARTESIAN_POINT('',(33.045727238751,2.052532997196,
    67.291666302725));
#7796 = CARTESIAN_POINT('',(33.0164949601,1.9521467028,67.402372800408)
  );
#7797 = CARTESIAN_POINT('',(32.990659022414,1.857377412699,
    67.516531766574));
#7798 = CARTESIAN_POINT('',(32.967859714135,1.768317865184,
    67.63376060456));
#7799 = CARTESIAN_POINT('',(32.947768741679,1.685032362491,
    67.753674015833));
#7800 = CARTESIAN_POINT('',(32.930089269808,1.607556690505,
    67.875884124197));
#7801 = CARTESIAN_POINT('',(32.914555962011,1.535898038452,68.0000006));
#7802 = PCURVE('',#2815,#7803);
#7803 = DEFINITIONAL_REPRESENTATION('',(#7804),#7921);
#7804 = B_SPLINE_CURVE_WITH_KNOTS('',7,(#7805,#7806,#7807,#7808,#7809,
    #7810,#7811,#7812,#7813,#7814,#7815,#7816,#7817,#7818,#7819,#7820,
    #7821,#7822,#7823,#7824,#7825,#7826,#7827,#7828,#7829,#7830,#7831,
    #7832,#7833,#7834,#7835,#7836,#7837,#7838,#7839,#7840,#7841,#7842,
    #7843,#7844,#7845,#7846,#7847,#7848,#7849,#7850,#7851,#7852,#7853,
    #7854,#7855,#7856,#7857,#7858,#7859,#7860,#7861,#7862,#7863,#7864,
    #7865,#7866,#7867,#7868,#7869,#7870,#7871,#7872,#7873,#7874,#7875,
    #7876,#7877,#7878,#7879,#7880,#7881,#7882,#7883,#7884,#7885,#7886,
    #7887,#7888,#7889,#7890,#7891,#7892,#7893,#7894,#7895,#7896,#7897,
    #7898,#7899,#7900,#7901,#7902,#7903,#7904,#7905,#7906,#7907,#7908,
    #7909,#7910,#7911,#7912,#7913,#7914,#7915,#7916,#7917,#7918,#7919,
    #7920),.UNSPECIFIED.,.F.,.F.,(8,6,6,6,6,6,6,6,6,6,6,6,6,6,6,6,6,6,6,
    8),(0.,4.946313017927E-02,7.104993261385E-02,0.111744381589,
    0.148617164113,0.167169006223,0.201734241237,0.243526616168,
    0.353109748708,0.424630086757,0.499010596811,0.645263199756,
    0.755351264276,0.797336208137,0.832060711207,0.850698035618,
    0.887740718807,0.928622677741,0.950308948484,1.),.UNSPECIFIED.);
#7805 = CARTESIAN_POINT('',(-3.665191255983,-96.33544403798));
#7806 = CARTESIAN_POINT('',(-3.70102059276,-96.31991073019));
#7807 = CARTESIAN_POINT('',(-3.737164306755,-96.30223125832));
#7808 = CARTESIAN_POINT('',(-3.773612154324,-96.28214028586));
#7809 = CARTESIAN_POINT('',(-3.810356691042,-96.25934097758));
#7810 = CARTESIAN_POINT('',(-3.847392795941,-96.2335050399));
#7811 = CARTESIAN_POINT('',(-3.88471719574,-96.20427276124));
#7812 = CARTESIAN_POINT('',(-3.938742169953,-96.15684252231));
#7813 = CARTESIAN_POINT('',(-3.95520620837,-96.1417147931));
#7814 = CARTESIAN_POINT('',(-3.971714404139,-96.12584277528));
#7815 = CARTESIAN_POINT('',(-3.98826132053,-96.10919965938));
#7816 = CARTESIAN_POINT('',(-4.004841784277,-96.09175891595));
#7817 = CARTESIAN_POINT('',(-4.021450885578,-96.07349429568));
#7818 = CARTESIAN_POINT('',(-4.069439920536,-96.01834611468));
#7819 = CARTESIAN_POINT('',(-4.100899270662,-95.97927161082));
#7820 = CARTESIAN_POINT('',(-4.132385691277,-95.93702869426));
#7821 = CARTESIAN_POINT('',(-4.163828924322,-95.89151678271));
#7822 = CARTESIAN_POINT('',(-4.195163461472,-95.8426687879));
#7823 = CARTESIAN_POINT('',(-4.226327214741,-95.79045756847));
#7824 = CARTESIAN_POINT('',(-4.285288205416,-95.68456445396));
#7825 = CARTESIAN_POINT('',(-4.313100578475,-95.63152814617));
#7826 = CARTESIAN_POINT('',(-4.340650043874,-95.57582249526));
#7827 = CARTESIAN_POINT('',(-4.367889810567,-95.5175123162));
#7828 = CARTESIAN_POINT('',(-4.394773220171,-95.45670127022));
#7829 = CARTESIAN_POINT('',(-4.421253408312,-95.393534932));
#7830 = CARTESIAN_POINT('',(-4.46037924484,-95.29533376369));
#7831 = CARTESIAN_POINT('',(-4.473363840488,-95.26190970194));
#7832 = CARTESIAN_POINT('',(-4.486233999009,-95.22794707283));
#7833 = CARTESIAN_POINT('',(-4.498986866832,-95.19346310236));
#7834 = CARTESIAN_POINT('',(-4.511619490696,-95.15847684119));
#7835 = CARTESIAN_POINT('',(-4.524128817649,-95.12300916465));
#7836 = CARTESIAN_POINT('',(-4.559583100301,-95.02014579833));
#7837 = CARTESIAN_POINT('',(-4.582208821821,-94.95163633396));
#7838 = CARTESIAN_POINT('',(-4.604388799035,-94.88164493475));
#7839 = CARTESIAN_POINT('',(-4.62612174218,-94.81027080315));
#7840 = CARTESIAN_POINT('',(-4.647405132304,-94.73762178894));
#7841 = CARTESIAN_POINT('',(-4.668235221267,-94.66381438922));
#7842 = CARTESIAN_POINT('',(-4.713238322134,-94.49848490551));
#7843 = CARTESIAN_POINT('',(-4.737206203818,-94.40646213849));
#7844 = CARTESIAN_POINT('',(-4.760527719971,-94.31302952839));
#7845 = CARTESIAN_POINT('',(-4.783217468401,-94.21830696267));
#7846 = CARTESIAN_POINT('',(-4.80528802671,-94.12240922844));
#7847 = CARTESIAN_POINT('',(-4.826750377462,-94.02544510578));
#7848 = CARTESIAN_POINT('',(-4.902321385735,-93.67073929319));
#7849 = CARTESIAN_POINT('',(-4.952961438174,-93.40710986267));
#7850 = CARTESIAN_POINT('',(-4.999800720793,-93.13795779319));
#7851 = CARTESIAN_POINT('',(-5.043004475686,-92.86422619475));
#7852 = CARTESIAN_POINT('',(-5.082667602979,-92.5864709991));
#7853 = CARTESIAN_POINT('',(-5.118821854218,-92.30488205593));
#7854 = CARTESIAN_POINT('',(-5.172694743993,-91.83295546031));
#7855 = CARTESIAN_POINT('',(-5.19244915908,-91.64494636638));
#7856 = CARTESIAN_POINT('',(-5.210651080327,-91.4554412231));
#7857 = CARTESIAN_POINT('',(-5.227260732108,-91.26455698292));
#7858 = CARTESIAN_POINT('',(-5.242232694307,-91.07238542887));
#7859 = CARTESIAN_POINT('',(-5.255518295423,-90.87899356815));
#7860 = CARTESIAN_POINT('',(-5.279079600766,-90.48207344667));
#7861 = CARTESIAN_POINT('',(-5.289216949882,-90.27839407918));
#7862 = CARTESIAN_POINT('',(-5.297405277484,-90.07372564102));
#7863 = CARTESIAN_POINT('',(-5.303587608416,-89.86834071589));
#7864 = CARTESIAN_POINT('',(-5.307724795839,-89.66246347642));
#7865 = CARTESIAN_POINT('',(-5.30979539703,-89.45628854609));
#7866 = CARTESIAN_POINT('',(-5.30979539703,-88.84437980726));
#7867 = CARTESIAN_POINT('',(-5.301789847217,-88.44090256724));
#7868 = CARTESIAN_POINT('',(-5.285931387845,-88.03990041223));
#7869 = CARTESIAN_POINT('',(-5.262499058493,-87.64186135653));
#7870 = CARTESIAN_POINT('',(-5.231929696616,-87.24792855767));
#7871 = CARTESIAN_POINT('',(-5.194725823002,-86.86003682501));
#7872 = CARTESIAN_POINT('',(-5.118821854218,-86.19511794406));
#7873 = CARTESIAN_POINT('',(-5.082667602979,-85.91352900089));
#7874 = CARTESIAN_POINT('',(-5.043004475686,-85.63577380525));
#7875 = CARTESIAN_POINT('',(-4.999800720793,-85.3620422068));
#7876 = CARTESIAN_POINT('',(-4.952961438174,-85.09289013732));
#7877 = CARTESIAN_POINT('',(-4.902321385735,-84.8292607068));
#7878 = CARTESIAN_POINT('',(-4.826750377462,-84.47455489421));
#7879 = CARTESIAN_POINT('',(-4.80528802671,-84.37759077155));
#7880 = CARTESIAN_POINT('',(-4.783217468401,-84.28169303732));
#7881 = CARTESIAN_POINT('',(-4.760527719971,-84.1869704716));
#7882 = CARTESIAN_POINT('',(-4.737206203818,-84.09353786151));
#7883 = CARTESIAN_POINT('',(-4.713238322134,-84.00151509448));
#7884 = CARTESIAN_POINT('',(-4.668235221267,-83.83618561077));
#7885 = CARTESIAN_POINT('',(-4.647405132304,-83.76237821105));
#7886 = CARTESIAN_POINT('',(-4.62612174218,-83.68972919684));
#7887 = CARTESIAN_POINT('',(-4.604388799035,-83.61835506524));
#7888 = CARTESIAN_POINT('',(-4.582208821821,-83.54836366603));
#7889 = CARTESIAN_POINT('',(-4.559583100301,-83.47985420166));
#7890 = CARTESIAN_POINT('',(-4.524128817649,-83.37699083534));
#7891 = CARTESIAN_POINT('',(-4.511619490696,-83.3415231588));
#7892 = CARTESIAN_POINT('',(-4.498986866832,-83.30653689763));
#7893 = CARTESIAN_POINT('',(-4.486233999009,-83.27205292716));
#7894 = CARTESIAN_POINT('',(-4.473363840488,-83.23809029805));
#7895 = CARTESIAN_POINT('',(-4.46037924484,-83.2046662363));
#7896 = CARTESIAN_POINT('',(-4.421253408312,-83.10646506799));
#7897 = CARTESIAN_POINT('',(-4.394773220171,-83.04329872977));
#7898 = CARTESIAN_POINT('',(-4.367889810567,-82.98248768379));
#7899 = CARTESIAN_POINT('',(-4.340650043874,-82.92417750473));
#7900 = CARTESIAN_POINT('',(-4.313100578475,-82.86847185383));
#7901 = CARTESIAN_POINT('',(-4.285288205416,-82.81543554603));
#7902 = CARTESIAN_POINT('',(-4.226327214741,-82.70954243152));
#7903 = CARTESIAN_POINT('',(-4.195163461472,-82.65733121209));
#7904 = CARTESIAN_POINT('',(-4.163828924322,-82.60848321728));
#7905 = CARTESIAN_POINT('',(-4.132385691277,-82.56297130573));
#7906 = CARTESIAN_POINT('',(-4.100899270662,-82.52072838917));
#7907 = CARTESIAN_POINT('',(-4.069439920536,-82.48165388531));
#7908 = CARTESIAN_POINT('',(-4.021450884304,-82.42650570285));
#7909 = CARTESIAN_POINT('',(-4.004841784107,-82.40824108369));
#7910 = CARTESIAN_POINT('',(-3.98826132151,-82.39080034154));
#7911 = CARTESIAN_POINT('',(-3.971714405146,-82.37415722579));
#7912 = CARTESIAN_POINT('',(-3.955206208266,-82.35828520695));
#7913 = CARTESIAN_POINT('',(-3.938742168746,-82.34315747662));
#7914 = CARTESIAN_POINT('',(-3.884717195738,-82.29572723875));
#7915 = CARTESIAN_POINT('',(-3.847392795941,-82.2664949601));
#7916 = CARTESIAN_POINT('',(-3.810356691043,-82.24065902241));
#7917 = CARTESIAN_POINT('',(-3.773612154325,-82.21785971413));
#7918 = CARTESIAN_POINT('',(-3.737164306755,-82.19776874167));
#7919 = CARTESIAN_POINT('',(-3.701020592758,-82.1800892698));
#7920 = CARTESIAN_POINT('',(-3.665191255983,-82.16455596201));
#7921 = ( GEOMETRIC_REPRESENTATION_CONTEXT(2) 
PARAMETRIC_REPRESENTATION_CONTEXT() REPRESENTATION_CONTEXT('2D SPACE',''
  ) );
#7922 = PCURVE('',#4045,#7923);
#7923 = DEFINITIONAL_REPRESENTATION('',(#7924),#8041);
#7924 = B_SPLINE_CURVE_WITH_KNOTS('',7,(#7925,#7926,#7927,#7928,#7929,
    #7930,#7931,#7932,#7933,#7934,#7935,#7936,#7937,#7938,#7939,#7940,
    #7941,#7942,#7943,#7944,#7945,#7946,#7947,#7948,#7949,#7950,#7951,
    #7952,#7953,#7954,#7955,#7956,#7957,#7958,#7959,#7960,#7961,#7962,
    #7963,#7964,#7965,#7966,#7967,#7968,#7969,#7970,#7971,#7972,#7973,
    #7974,#7975,#7976,#7977,#7978,#7979,#7980,#7981,#7982,#7983,#7984,
    #7985,#7986,#7987,#7988,#7989,#7990,#7991,#7992,#7993,#7994,#7995,
    #7996,#7997,#7998,#7999,#8000,#8001,#8002,#8003,#8004,#8005,#8006,
    #8007,#8008,#8009,#8010,#8011,#8012,#8013,#8014,#8015,#8016,#8017,
    #8018,#8019,#8020,#8021,#8022,#8023,#8024,#8025,#8026,#8027,#8028,
    #8029,#8030,#8031,#8032,#8033,#8034,#8035,#8036,#8037,#8038,#8039,
    #8040),.UNSPECIFIED.,.F.,.F.,(8,6,6,6,6,6,6,6,6,6,6,6,6,6,6,6,6,6,6,
    8),(0.,4.946313017927E-02,7.104993261385E-02,0.111744381589,
    0.148617164113,0.167169006223,0.201734241237,0.243526616168,
    0.353109748708,0.424630086757,0.499010596811,0.645263199756,
    0.755351264276,0.797336208137,0.832060711207,0.850698035618,
    0.887740718807,0.928622677741,0.950308948484,1.),.UNSPECIFIED.);
#7925 = CARTESIAN_POINT('',(0.213465497826,-22.9999994));
#7926 = CARTESIAN_POINT('',(0.22357899977,-23.1241158758));
#7927 = CARTESIAN_POINT('',(0.234539336982,-23.24632598416));
#7928 = CARTESIAN_POINT('',(0.246355032745,-23.36623939543));
#7929 = CARTESIAN_POINT('',(0.259032839823,-23.48346823342));
#7930 = CARTESIAN_POINT('',(0.272578485403,-23.59762719959));
#7931 = CARTESIAN_POINT('',(0.286997416023,-23.70833369728));
#7932 = CARTESIAN_POINT('',(0.308971982777,-23.86185024272));
#7933 = CARTESIAN_POINT('',(0.315813991449,-23.90774933881));
#7934 = CARTESIAN_POINT('',(0.322819607831,-23.95285874908));
#7935 = CARTESIAN_POINT('',(0.329986744169,-23.99713468212));
#7936 = CARTESIAN_POINT('',(0.337313185647,-24.0405360502));
#7937 = CARTESIAN_POINT('',(0.344796590391,-24.08302446928));
#7938 = CARTESIAN_POINT('',(0.366833106167,-24.20287316364));
#7939 = CARTESIAN_POINT('',(0.381789207992,-24.27785638376));
#7940 = CARTESIAN_POINT('',(0.397266757759,-24.34915445513));
#7941 = CARTESIAN_POINT('',(0.413226017198,-24.41648133348));
#7942 = CARTESIAN_POINT('',(0.429624132666,-24.47962163342));
#7943 = CARTESIAN_POINT('',(0.446415720864,-24.53842786722));
#7944 = CARTESIAN_POINT('',(0.4790817623,-24.64209968469));
#7945 = CARTESIAN_POINT('',(0.49487973807,-24.68770980615));
#7946 = CARTESIAN_POINT('',(0.510909228943,-24.7295925218));
#7947 = CARTESIAN_POINT('',(0.527129990027,-24.76773699436));
#7948 = CARTESIAN_POINT('',(0.543499628037,-24.80217498036));
#7949 = CARTESIAN_POINT('',(0.559973544862,-24.83297873504));
#7950 = CARTESIAN_POINT('',(0.584822309878,-24.87398442409));
#7951 = CARTESIAN_POINT('',(0.593155782141,-24.88682043426));
#7952 = CARTESIAN_POINT('',(0.601501475918,-24.89878397205));
#7953 = CARTESIAN_POINT('',(0.609855489051,-24.90989319849));
#7954 = CARTESIAN_POINT('',(0.618213839249,-24.92016741127));
#7955 = CARTESIAN_POINT('',(0.626572464088,-24.92962704473));
#7956 = CARTESIAN_POINT('',(0.650493553162,-24.95444106556));
#7957 = CARTESIAN_POINT('',(0.666041758337,-24.96783079618));
#7958 = CARTESIAN_POINT('',(0.68155872436,-24.97861895629));
#7959 = CARTESIAN_POINT('',(0.697031214692,-24.9869613864));
#7960 = CARTESIAN_POINT('',(0.712445868433,-24.99301367296));
#7961 = CARTESIAN_POINT('',(0.727789200316,-24.99693114841));
#7962 = CARTESIAN_POINT('',(0.761496333661,-25.00121179061));
#7963 = CARTESIAN_POINT('',(0.779825568543,-25.00066116519));
#7964 = CARTESIAN_POINT('',(0.798030373326,-24.99749058263));
#7965 = CARTESIAN_POINT('',(0.816106960095,-24.99195569826));
#7966 = CARTESIAN_POINT('',(0.834052577285,-24.98429572172));
#7967 = CARTESIAN_POINT('',(0.851865401911,-24.97473488373));
#7968 = CARTESIAN_POINT('',(0.915900339536,-24.93398288194));
#7969 = CARTESIAN_POINT('',(0.961376228373,-24.89283659575));
#7970 = CARTESIAN_POINT('',(1.006039760235,-24.84374504914));
#7971 = CARTESIAN_POINT('',(1.049987937757,-24.78966604848));
#7972 = CARTESIAN_POINT('',(1.09334166904,-24.73306268386));
#7973 = CARTESIAN_POINT('',(1.136244118614,-24.67608081881));
#7974 = CARTESIAN_POINT('',(1.206678308734,-24.5844835043));
#7975 = CARTESIAN_POINT('',(1.234365236883,-24.54898448813));
#7976 = CARTESIAN_POINT('',(1.261943746998,-24.51473078414));
#7977 = CARTESIAN_POINT('',(1.289435290602,-24.48225996913));
#7978 = CARTESIAN_POINT('',(1.31686303318,-24.45206940518));
#7979 = CARTESIAN_POINT('',(1.344252234564,-24.42460969344));
#7980 = CARTESIAN_POINT('',(1.400103914254,-24.37497351779));
#7981 = CARTESIAN_POINT('',(1.428573258819,-24.35304497752));
#7982 = CARTESIAN_POINT('',(1.457028692803,-24.33497761243));
#7983 = CARTESIAN_POINT('',(1.485470312891,-24.32115662148));
#7984 = CARTESIAN_POINT('',(1.513904818125,-24.31184800861));
#7985 = CARTESIAN_POINT('',(1.54234273423,-24.30718913883));
#7986 = CARTESIAN_POINT('',(1.626743939586,-24.30718913883));
#7987 = CARTESIAN_POINT('',(1.682395958159,-24.3252017137));
#7988 = CARTESIAN_POINT('',(1.737992713955,-24.36088270836));
#7989 = CARTESIAN_POINT('',(1.79373893174,-24.41227202543));
#7990 = CARTESIAN_POINT('',(1.849764257609,-24.47584736429));
#7991 = CARTESIAN_POINT('',(1.906110595624,-24.54702518934));
#7992 = CARTESIAN_POINT('',(2.005348534975,-24.67608081881));
#7993 = CARTESIAN_POINT('',(2.04825098455,-24.73306268386));
#7994 = CARTESIAN_POINT('',(2.091604715832,-24.78966604848));
#7995 = CARTESIAN_POINT('',(2.135552893354,-24.84374504914));
#7996 = CARTESIAN_POINT('',(2.180216425217,-24.89283659575));
#7997 = CARTESIAN_POINT('',(2.225692314053,-24.93398288194));
#7998 = CARTESIAN_POINT('',(2.289727251678,-24.97473488373));
#7999 = CARTESIAN_POINT('',(2.307540076305,-24.98429572172));
#8000 = CARTESIAN_POINT('',(2.325485693495,-24.99195569826));
#8001 = CARTESIAN_POINT('',(2.343562280264,-24.99749058263));
#8002 = CARTESIAN_POINT('',(2.361767085047,-25.00066116519));
#8003 = CARTESIAN_POINT('',(2.380096319929,-25.00121179061));
#8004 = CARTESIAN_POINT('',(2.413803453273,-24.99693114841));
#8005 = CARTESIAN_POINT('',(2.429146785156,-24.99301367296));
#8006 = CARTESIAN_POINT('',(2.444561438897,-24.9869613864));
#8007 = CARTESIAN_POINT('',(2.46003392923,-24.97861895629));
#8008 = CARTESIAN_POINT('',(2.475550895253,-24.96783079618));
#8009 = CARTESIAN_POINT('',(2.491099100428,-24.95444106556));
#8010 = CARTESIAN_POINT('',(2.515020189502,-24.92962704473));
#8011 = CARTESIAN_POINT('',(2.523378814341,-24.92016741127));
#8012 = CARTESIAN_POINT('',(2.531737164539,-24.90989319849));
#8013 = CARTESIAN_POINT('',(2.540091177672,-24.89878397205));
#8014 = CARTESIAN_POINT('',(2.548436871449,-24.88682043426));
#8015 = CARTESIAN_POINT('',(2.556770343712,-24.87398442409));
#8016 = CARTESIAN_POINT('',(2.581619108727,-24.83297873504));
#8017 = CARTESIAN_POINT('',(2.598093025553,-24.80217498036));
#8018 = CARTESIAN_POINT('',(2.614462663562,-24.76773699436));
#8019 = CARTESIAN_POINT('',(2.630683424647,-24.7295925218));
#8020 = CARTESIAN_POINT('',(2.64671291552,-24.68770980615));
#8021 = CARTESIAN_POINT('',(2.66251089129,-24.64209968469));
#8022 = CARTESIAN_POINT('',(2.695176932726,-24.53842786722));
#8023 = CARTESIAN_POINT('',(2.711968520924,-24.47962163342));
#8024 = CARTESIAN_POINT('',(2.728366636392,-24.41648133348));
#8025 = CARTESIAN_POINT('',(2.744325895831,-24.34915445513));
#8026 = CARTESIAN_POINT('',(2.759803445598,-24.27785638376));
#8027 = CARTESIAN_POINT('',(2.774759547423,-24.20287316364));
#8028 = CARTESIAN_POINT('',(2.796796063784,-24.0830244661));
#8029 = CARTESIAN_POINT('',(2.804279468049,-24.04053604996));
#8030 = CARTESIAN_POINT('',(2.811605909009,-23.99713468482));
#8031 = CARTESIAN_POINT('',(2.81877304531,-23.95285875168));
#8032 = CARTESIAN_POINT('',(2.825778662154,-23.90774933833));
#8033 = CARTESIAN_POINT('',(2.832620671304,-23.86185023929));
#8034 = CARTESIAN_POINT('',(2.854595237567,-23.70833369727));
#8035 = CARTESIAN_POINT('',(2.869014168187,-23.59762719959));
#8036 = CARTESIAN_POINT('',(2.882559813766,-23.48346823342));
#8037 = CARTESIAN_POINT('',(2.895237620845,-23.36623939544));
#8038 = CARTESIAN_POINT('',(2.907053316607,-23.24632598416));
#8039 = CARTESIAN_POINT('',(2.91801365382,-23.1241158758));
#8040 = CARTESIAN_POINT('',(2.928127155764,-22.9999994));
#8041 = ( GEOMETRIC_REPRESENTATION_CONTEXT(2) 
PARAMETRIC_REPRESENTATION_CONTEXT() REPRESENTATION_CONTEXT('2D SPACE',''
  ) );
#8042 = ORIENTED_EDGE('',*,*,#8043,.F.);
#8043 = EDGE_CURVE('',#7212,#7682,#8044,.T.);
#8044 = SURFACE_CURVE('',#8045,(#8050,#8057),.PCURVE_S1.);
#8045 = CIRCLE('',#8046,4.);
#8046 = AXIS2_PLACEMENT_3D('',#8047,#8048,#8049);
#8047 = CARTESIAN_POINT('',(46.,5.,70.));
#8048 = DIRECTION('',(-1.,0.,0.));
#8049 = DIRECTION('',(0.,1.,0.));
#8050 = PCURVE('',#2815,#8051);
#8051 = DEFINITIONAL_REPRESENTATION('',(#8052),#8056);
#8052 = LINE('',#8053,#8054);
#8053 = CARTESIAN_POINT('',(-6.28318530718,-95.25));
#8054 = VECTOR('',#8055,1.);
#8055 = DIRECTION('',(1.,-0.));
#8056 = ( GEOMETRIC_REPRESENTATION_CONTEXT(2) 
PARAMETRIC_REPRESENTATION_CONTEXT() REPRESENTATION_CONTEXT('2D SPACE',''
  ) );
#8057 = PCURVE('',#3940,#8058);
#8058 = DEFINITIONAL_REPRESENTATION('',(#8059),#8067);
#8059 = ( BOUNDED_CURVE() B_SPLINE_CURVE(2,(#8060,#8061,#8062,#8063,
#8064,#8065,#8066),.UNSPECIFIED.,.T.,.F.) B_SPLINE_CURVE_WITH_KNOTS((1,2
    ,2,2,2,1),(-2.094395102393,0.,2.094395102393,4.188790204786,
6.28318530718,8.377580409573),.UNSPECIFIED.) CURVE() 
GEOMETRIC_REPRESENTATION_ITEM() RATIONAL_B_SPLINE_CURVE((1.,0.5,1.,0.5,
1.,0.5,1.)) REPRESENTATION_ITEM('') );
#8060 = CARTESIAN_POINT('',(0.,-4.));
#8061 = CARTESIAN_POINT('',(-6.928203230276,-4.));
#8062 = CARTESIAN_POINT('',(-3.464101615138,2.));
#8063 = CARTESIAN_POINT('',(-9.797174393179E-16,8.));
#8064 = CARTESIAN_POINT('',(3.464101615138,2.));
#8065 = CARTESIAN_POINT('',(6.928203230276,-4.));
#8066 = CARTESIAN_POINT('',(0.,-4.));
#8067 = ( GEOMETRIC_REPRESENTATION_CONTEXT(2) 
PARAMETRIC_REPRESENTATION_CONTEXT() REPRESENTATION_CONTEXT('2D SPACE',''
  ) );
#8068 = ORIENTED_EDGE('',*,*,#7211,.F.);
#8069 = ORIENTED_EDGE('',*,*,#8070,.F.);
#8070 = EDGE_CURVE('',#7027,#7025,#8071,.T.);
#8071 = SURFACE_CURVE('',#8072,(#8130,#8191),.PCURVE_S1.);
#8072 = B_SPLINE_CURVE_WITH_KNOTS('',6,(#8073,#8074,#8075,#8076,#8077,
    #8078,#8079,#8080,#8081,#8082,#8083,#8084,#8085,#8086,#8087,#8088,
    #8089,#8090,#8091,#8092,#8093,#8094,#8095,#8096,#8097,#8098,#8099,
    #8100,#8101,#8102,#8103,#8104,#8105,#8106,#8107,#8108,#8109,#8110,
    #8111,#8112,#8113,#8114,#8115,#8116,#8117,#8118,#8119,#8120,#8121,
    #8122,#8123,#8124,#8125,#8126,#8127,#8128,#8129),.UNSPECIFIED.,.F.,
  .F.,(7,5,5,5,5,5,5,5,5,5,5,7),(0.,0.108556941002,0.156628513361,
    0.284948558524,0.405282423856,0.500521201519,0.562504741277,
    0.59636173545,0.715822842683,0.843834420984,0.895009516791,1.),
  .UNSPECIFIED.);
#8073 = CARTESIAN_POINT('',(-3.,9.,70.));
#8074 = CARTESIAN_POINT('',(-3.,9.,69.785549008023));
#8075 = CARTESIAN_POINT('',(-2.981604055115,8.98620273363,
    69.573275801025));
#8076 = CARTESIAN_POINT('',(-2.945514363411,8.959136947517,
    69.36644208755));
#8077 = CARTESIAN_POINT('',(-2.893433725543,8.920350256124,
    69.168194387272));
#8078 = CARTESIAN_POINT('',(-2.828061600843,8.872369614791,
    68.981403669397));
#8079 = CARTESIAN_POINT('',(-2.72014168184,8.794554528171,
    68.732015451043));
#8080 = CARTESIAN_POINT('',(-2.684993275083,8.769376430165,
    68.657797753188));
#8081 = CARTESIAN_POINT('',(-2.647991504642,8.743070251164,
    68.585884890139));
#8082 = CARTESIAN_POINT('',(-2.609293440803,8.715792814484,
    68.516251635658));
#8083 = CARTESIAN_POINT('',(-2.569040376282,8.687690333363,
    68.44886588166));
#8084 = CARTESIAN_POINT('',(-2.416092343447,8.582042577024,
    68.209707501085));
#8085 = CARTESIAN_POINT('',(-2.294530596449,8.500197712557,
    68.051291012131));
#8086 = CARTESIAN_POINT('',(-2.164826052998,8.41578843627,
    67.907455558697));
#8087 = CARTESIAN_POINT('',(-2.028239037429,8.330673200712,
    67.777101813599));
#8088 = CARTESIAN_POINT('',(-1.885347210997,8.246379238001,
    67.659289147325));
#8089 = CARTESIAN_POINT('',(-1.596272661772,8.087783428404,
    67.454152486096));
#8090 = CARTESIAN_POINT('',(-1.450818352719,8.013169454148,
    67.365365961372));
#8091 = CARTESIAN_POINT('',(-1.300158255274,7.942228453387,
    67.286835751217));
#8092 = CARTESIAN_POINT('',(-1.144535981521,7.876658685435,
    67.218586068629));
#8093 = CARTESIAN_POINT('',(-0.984058257012,7.818405878707,
    67.160778508255));
#8094 = CARTESIAN_POINT('',(-0.687797227326,7.730829678087,
    67.076740743289));
#8095 = CARTESIAN_POINT('',(-0.553547236334,7.697919106839,
    67.046355341185));
#8096 = CARTESIAN_POINT('',(-0.416947449662,7.672165410264,
    67.023294799077));
#8097 = CARTESIAN_POINT('',(-0.278762405651,7.654589726621,
    67.007794818584));
#8098 = CARTESIAN_POINT('',(-0.139596922712,7.645751311065,67.));
#8099 = CARTESIAN_POINT('',(9.085281879165E-02,7.645751311065,67.));
#8100 = CARTESIAN_POINT('',(0.181640683752,7.649494599565,
    67.003301767951));
#8101 = CARTESIAN_POINT('',(0.272161476183,7.656973469547,67.00989610494
    ));
#8102 = CARTESIAN_POINT('',(0.362190456221,7.668077985026,
    67.019753093063));
#8103 = CARTESIAN_POINT('',(0.451479762851,7.682601783526,
    67.032809449508));
#8104 = CARTESIAN_POINT('',(0.587977697076,7.709886626824,
    67.057775474159));
#8105 = CARTESIAN_POINT('',(0.635911815626,7.720460370292,
    67.067519784856));
#8106 = CARTESIAN_POINT('',(0.683544040111,7.731927652722,
    67.078177732026));
#8107 = CARTESIAN_POINT('',(0.730855644193,7.744243560344,
    67.089737011446));
#8108 = CARTESIAN_POINT('',(0.777825404665,7.757359721862,67.10218409538
    ));
#8109 = CARTESIAN_POINT('',(0.988867971846,7.820144152201,
    67.162503039687));
#8110 = CARTESIAN_POINT('',(1.148451978949,7.87829283471,67.220282621754
    ));
#8111 = CARTESIAN_POINT('',(1.303221627448,7.943650286204,
    67.288398350566));
#8112 = CARTESIAN_POINT('',(1.453073098223,8.014302731542,
    67.366693028955));
#8113 = CARTESIAN_POINT('',(1.597768684021,8.088579848663,
    67.455146335188));
#8114 = CARTESIAN_POINT('',(1.886118208458,8.246828466307,
    67.659909301682));
#8115 = CARTESIAN_POINT('',(2.028983484841,8.331128642005,
    67.777779109037));
#8116 = CARTESIAN_POINT('',(2.165541450142,8.416243877826,
    67.908192298717));
#8117 = CARTESIAN_POINT('',(2.29521406635,8.50064737683,68.052091166162)
  );
#8118 = CARTESIAN_POINT('',(2.416739639694,8.582480115279,
    68.210576661106));
#8119 = CARTESIAN_POINT('',(2.572425444228,8.690032409863,
    68.454216677446));
#8120 = CARTESIAN_POINT('',(2.615261640083,8.719963794033,
    68.526318386164));
#8121 = CARTESIAN_POINT('',(2.656316116941,8.748943984091,
    68.600984224764));
#8122 = CARTESIAN_POINT('',(2.6954145501,8.776793358222,68.678250731855)
  );
#8123 = CARTESIAN_POINT('',(2.732362628174,8.803318853272,
    68.758145215564));
#8124 = CARTESIAN_POINT('',(2.837896417991,8.879594275559,
    69.010023536535));
#8125 = CARTESIAN_POINT('',(2.899690538502,8.925010397273,
    69.192399546563));
#8126 = CARTESIAN_POINT('',(2.948789225396,8.961592822439,
    69.385421764791));
#8127 = CARTESIAN_POINT('',(2.982734017917,8.987050280212,
    69.586358453615));
#8128 = CARTESIAN_POINT('',(3.,9.,69.792239615004));
#8129 = CARTESIAN_POINT('',(3.,9.,70.));
#8130 = PCURVE('',#2815,#8131);
#8131 = DEFINITIONAL_REPRESENTATION('',(#8132),#8190);
#8132 = B_SPLINE_CURVE_WITH_KNOTS('',6,(#8133,#8134,#8135,#8136,#8137,
    #8138,#8139,#8140,#8141,#8142,#8143,#8144,#8145,#8146,#8147,#8148,
    #8149,#8150,#8151,#8152,#8153,#8154,#8155,#8156,#8157,#8158,#8159,
    #8160,#8161,#8162,#8163,#8164,#8165,#8166,#8167,#8168,#8169,#8170,
    #8171,#8172,#8173,#8174,#8175,#8176,#8177,#8178,#8179,#8180,#8181,
    #8182,#8183,#8184,#8185,#8186,#8187,#8188,#8189),.UNSPECIFIED.,.F.,
  .F.,(7,5,5,5,5,5,5,5,5,5,5,7),(0.,0.108556941002,0.156628513361,
    0.284948558524,0.405282423856,0.500521201519,0.562504741277,
    0.59636173545,0.715822842683,0.843834420984,0.895009516791,1.),
  .UNSPECIFIED.);
#8133 = CARTESIAN_POINT('',(-6.28318530718,-46.25));
#8134 = CARTESIAN_POINT('',(-6.229572559185,-46.25));
#8135 = CARTESIAN_POINT('',(-6.176504154865,-46.26839594488));
#8136 = CARTESIAN_POINT('',(-6.124518824547,-46.30448563658));
#8137 = CARTESIAN_POINT('',(-6.074151756262,-46.35656627445));
#8138 = CARTESIAN_POINT('',(-6.02600074733,-46.42193839915));
#8139 = CARTESIAN_POINT('',(-5.960689152284,-46.52985831816));
#8140 = CARTESIAN_POINT('',(-5.941101925749,-46.56500672491));
#8141 = CARTESIAN_POINT('',(-5.92196646933,-46.60200849535));
#8142 = CARTESIAN_POINT('',(-5.903277029181,-46.64070655919));
#8143 = CARTESIAN_POINT('',(-5.885028180872,-46.68095962371));
#8144 = CARTESIAN_POINT('',(-5.819664687898,-46.83390765655));
#8145 = CARTESIAN_POINT('',(-5.775169881461,-46.95546940355));
#8146 = CARTESIAN_POINT('',(-5.73355700527,-47.085173947));
#8147 = CARTESIAN_POINT('',(-5.694692837617,-47.22176096257));
#8148 = CARTESIAN_POINT('',(-5.658501973596,-47.364652789));
#8149 = CARTESIAN_POINT('',(-5.593678327928,-47.65372733822));
#8150 = CARTESIAN_POINT('',(-5.564708487678,-47.79918164728));
#8151 = CARTESIAN_POINT('',(-5.538273563875,-47.94984174472));
#8152 = CARTESIAN_POINT('',(-5.514623638904,-48.10546401847));
#8153 = CARTESIAN_POINT('',(-5.494109567495,-48.26594174298));
#8154 = CARTESIAN_POINT('',(-5.463765769884,-48.56220277267));
#8155 = CARTESIAN_POINT('',(-5.452569730053,-48.69645276366));
#8156 = CARTESIAN_POINT('',(-5.443928005627,-48.83305255033));
#8157 = CARTESIAN_POINT('',(-5.438069346193,-48.97123759434));
#8158 = CARTESIAN_POINT('',(-5.435123228198,-49.11040307728));
#8159 = CARTESIAN_POINT('',(-5.435123228198,-49.34085281879));
#8160 = CARTESIAN_POINT('',(-5.436371062584,-49.43164068375));
#8161 = CARTESIAN_POINT('',(-5.43886381939,-49.52216147618));
#8162 = CARTESIAN_POINT('',(-5.44257582047,-49.61219045622));
#8163 = CARTESIAN_POINT('',(-5.447458065547,-49.70147976285));
#8164 = CARTESIAN_POINT('',(-5.456703892513,-49.83797769707));
#8165 = CARTESIAN_POINT('',(-5.46029862609,-49.88591181562));
#8166 = CARTESIAN_POINT('',(-5.464212404577,-49.93354404011));
#8167 = CARTESIAN_POINT('',(-5.468435006622,-49.98085564419));
#8168 = CARTESIAN_POINT('',(-5.472955461929,-50.02782540466));
#8169 = CARTESIAN_POINT('',(-5.494721633698,-50.23886797184));
#8170 = CARTESIAN_POINT('',(-5.515212286506,-50.39845197894));
#8171 = CARTESIAN_POINT('',(-5.538801334443,-50.55322162744));
#8172 = CARTESIAN_POINT('',(-5.565144458987,-50.70307309822));
#8173 = CARTESIAN_POINT('',(-5.593996675581,-50.84776868402));
#8174 = CARTESIAN_POINT('',(-5.658693322245,-51.13611820845));
#8175 = CARTESIAN_POINT('',(-5.694896678311,-51.27898348484));
#8176 = CARTESIAN_POINT('',(-5.73377323431,-51.41554145014));
#8177 = CARTESIAN_POINT('',(-5.775398985516,-51.54521406635));
#8178 = CARTESIAN_POINT('',(-5.819907646706,-51.66673963969));
#8179 = CARTESIAN_POINT('',(-5.88648840295,-51.82242544422));
#8180 = CARTESIAN_POINT('',(-5.906000467104,-51.86526164008));
#8181 = CARTESIAN_POINT('',(-5.926015318792,-51.90631611694));
#8182 = CARTESIAN_POINT('',(-5.946538767467,-51.9454145501));
#8183 = CARTESIAN_POINT('',(-5.967577056344,-51.98236262817));
#8184 = CARTESIAN_POINT('',(-6.033370591655,-52.08789641799));
#8185 = CARTESIAN_POINT('',(-6.080298432936,-52.1496905385));
#8186 = CARTESIAN_POINT('',(-6.12928884775,-52.19878922539));
#8187 = CARTESIAN_POINT('',(-6.179774835123,-52.23273401791));
#8188 = CARTESIAN_POINT('',(-6.231245210931,-52.25));
#8189 = CARTESIAN_POINT('',(-6.28318530718,-52.25));
#8190 = ( GEOMETRIC_REPRESENTATION_CONTEXT(2) 
PARAMETRIC_REPRESENTATION_CONTEXT() REPRESENTATION_CONTEXT('2D SPACE',''
  ) );
#8191 = PCURVE('',#4590,#8192);
#8192 = DEFINITIONAL_REPRESENTATION('',(#8193),#8251);
#8193 = B_SPLINE_CURVE_WITH_KNOTS('',6,(#8194,#8195,#8196,#8197,#8198,
    #8199,#8200,#8201,#8202,#8203,#8204,#8205,#8206,#8207,#8208,#8209,
    #8210,#8211,#8212,#8213,#8214,#8215,#8216,#8217,#8218,#8219,#8220,
    #8221,#8222,#8223,#8224,#8225,#8226,#8227,#8228,#8229,#8230,#8231,
    #8232,#8233,#8234,#8235,#8236,#8237,#8238,#8239,#8240,#8241,#8242,
    #8243,#8244,#8245,#8246,#8247,#8248,#8249,#8250),.UNSPECIFIED.,.F.,
  .F.,(7,5,5,5,5,5,5,5,5,5,5,7),(0.,0.108556941002,0.156628513361,
    0.284948558524,0.405282423856,0.500521201519,0.562504741277,
    0.59636173545,0.715822842683,0.843834420984,0.895009516791,1.),
  .UNSPECIFIED.);
#8194 = CARTESIAN_POINT('',(-3.14159265359,-22.));
#8195 = CARTESIAN_POINT('',(-3.213076317582,-22.));
#8196 = CARTESIAN_POINT('',(-3.283834028711,-22.01379726637));
#8197 = CARTESIAN_POINT('',(-3.35343626455,-22.04086305248));
#8198 = CARTESIAN_POINT('',(-3.42142383711,-22.07964974387));
#8199 = CARTESIAN_POINT('',(-3.487220630142,-22.1276303852));
#8200 = CARTESIAN_POINT('',(-3.577799749867,-22.20544547182));
#8201 = CARTESIAN_POINT('',(-3.605157580435,-22.23062356983));
#8202 = CARTESIAN_POINT('',(-3.632093848314,-22.25692974883));
#8203 = CARTESIAN_POINT('',(-3.658628527584,-22.28420718551));
#8204 = CARTESIAN_POINT('',(-3.68478090835,-22.31230966663));
#8205 = CARTESIAN_POINT('',(-3.779408735916,-22.41795742297));
#8206 = CARTESIAN_POINT('',(-3.845726307078,-22.49980228744));
#8207 = CARTESIAN_POINT('',(-3.909997953993,-22.58421156373));
#8208 = CARTESIAN_POINT('',(-3.97268169133,-22.66932679928));
#8209 = CARTESIAN_POINT('',(-4.034252681112,-22.75362076199));
#8210 = CARTESIAN_POINT('',(-4.152407544081,-22.91221657159));
#8211 = CARTESIAN_POINT('',(-4.209075762882,-22.98683054585));
#8212 = CARTESIAN_POINT('',(-4.265516448312,-23.05777154661));
#8213 = CARTESIAN_POINT('',(-4.321967945484,-23.12334131456));
#8214 = CARTESIAN_POINT('',(-4.378688736046,-23.18159412129));
#8215 = CARTESIAN_POINT('',(-4.481338595953,-23.26917032191));
#8216 = CARTESIAN_POINT('',(-4.527154002822,-23.30208089316));
#8217 = CARTESIAN_POINT('',(-4.5732248843,-23.32783458973));
#8218 = CARTESIAN_POINT('',(-4.619468244878,-23.34541027337));
#8219 = CARTESIAN_POINT('',(-4.665856672814,-23.35424868893));
#8220 = CARTESIAN_POINT('',(-4.742673253315,-23.35424868893));
#8221 = CARTESIAN_POINT('',(-4.772935910442,-23.35050540043));
#8222 = CARTESIAN_POINT('',(-4.803159405318,-23.34302653045));
#8223 = CARTESIAN_POINT('',(-4.833318781271,-23.33192201497));
#8224 = CARTESIAN_POINT('',(-4.863379187799,-23.31739821647));
#8225 = CARTESIAN_POINT('',(-4.909633302852,-23.29011337317));
#8226 = CARTESIAN_POINT('',(-4.925934996802,-23.2795396297));
#8227 = CARTESIAN_POINT('',(-4.942200350736,-23.26807234727));
#8228 = CARTESIAN_POINT('',(-4.958430159184,-23.25575643965));
#8229 = CARTESIAN_POINT('',(-4.974624139292,-23.24264027813));
#8230 = CARTESIAN_POINT('',(-5.047788596514,-23.17985584779));
#8231 = CARTESIAN_POINT('',(-5.104228117828,-23.12170716529));
#8232 = CARTESIAN_POINT('',(-5.160404229717,-23.05634971379));
#8233 = CARTESIAN_POINT('',(-5.216572392231,-22.98569726845));
#8234 = CARTESIAN_POINT('',(-5.272968815586,-22.91142015133));
#8235 = CARTESIAN_POINT('',(-5.390854504421,-22.75317153369));
#8236 = CARTESIAN_POINT('',(-5.452430755605,-22.66887135799));
#8237 = CARTESIAN_POINT('',(-5.515121094896,-22.58375612217));
#8238 = CARTESIAN_POINT('',(-5.579401219498,-22.49935262317));
#8239 = CARTESIAN_POINT('',(-5.645729543454,-22.41751988472));
#8240 = CARTESIAN_POINT('',(-5.742107576507,-22.30996759013));
#8241 = CARTESIAN_POINT('',(-5.770048292644,-22.28003620596));
#8242 = CARTESIAN_POINT('',(-5.798427011295,-22.2510560159));
#8243 = CARTESIAN_POINT('',(-5.827265838171,-22.22320664177));
#8244 = CARTESIAN_POINT('',(-5.856587864585,-22.19668114672));
#8245 = CARTESIAN_POINT('',(-5.947619037127,-22.12040572444));
#8246 = CARTESIAN_POINT('',(-6.011648279724,-22.07498960272));
#8247 = CARTESIAN_POINT('',(-6.077727921389,-22.03840717756));
#8248 = CARTESIAN_POINT('',(-6.145304811113,-22.01294971978));
#8249 = CARTESIAN_POINT('',(-6.213931845514,-22.));
#8250 = CARTESIAN_POINT('',(-6.28318530718,-22.));
#8251 = ( GEOMETRIC_REPRESENTATION_CONTEXT(2) 
PARAMETRIC_REPRESENTATION_CONTEXT() REPRESENTATION_CONTEXT('2D SPACE',''
  ) );
#8252 = ORIENTED_EDGE('',*,*,#8253,.F.);
#8253 = EDGE_CURVE('',#8254,#7027,#8256,.T.);
#8254 = VERTEX_POINT('',#8255);
#8255 = CARTESIAN_POINT('',(-49.25,9.,70.));
#8256 = SEAM_CURVE('',#8257,(#8261,#8268),.PCURVE_S1.);
#8257 = LINE('',#8258,#8259);
#8258 = CARTESIAN_POINT('',(-49.25,9.,70.));
#8259 = VECTOR('',#8260,1.);
#8260 = DIRECTION('',(1.,0.,0.));
#8261 = PCURVE('',#2815,#8262);
#8262 = DEFINITIONAL_REPRESENTATION('',(#8263),#8267);
#8263 = LINE('',#8264,#8265);
#8264 = CARTESIAN_POINT('',(-0.,0.));
#8265 = VECTOR('',#8266,1.);
#8266 = DIRECTION('',(-0.,-1.));
#8267 = ( GEOMETRIC_REPRESENTATION_CONTEXT(2) 
PARAMETRIC_REPRESENTATION_CONTEXT() REPRESENTATION_CONTEXT('2D SPACE',''
  ) );
#8268 = PCURVE('',#2815,#8269);
#8269 = DEFINITIONAL_REPRESENTATION('',(#8270),#8274);
#8270 = LINE('',#8271,#8272);
#8271 = CARTESIAN_POINT('',(-6.28318530718,0.));
#8272 = VECTOR('',#8273,1.);
#8273 = DIRECTION('',(-0.,-1.));
#8274 = ( GEOMETRIC_REPRESENTATION_CONTEXT(2) 
PARAMETRIC_REPRESENTATION_CONTEXT() REPRESENTATION_CONTEXT('2D SPACE',''
  ) );
#8275 = ORIENTED_EDGE('',*,*,#8276,.F.);
#8276 = EDGE_CURVE('',#8254,#8254,#8277,.T.);
#8277 = SURFACE_CURVE('',#8278,(#8283,#8290),.PCURVE_S1.);
#8278 = CIRCLE('',#8279,4.);
#8279 = AXIS2_PLACEMENT_3D('',#8280,#8281,#8282);
#8280 = CARTESIAN_POINT('',(-49.25,5.,70.));
#8281 = DIRECTION('',(1.,0.,0.));
#8282 = DIRECTION('',(0.,1.,0.));
#8283 = PCURVE('',#2815,#8284);
#8284 = DEFINITIONAL_REPRESENTATION('',(#8285),#8289);
#8285 = LINE('',#8286,#8287);
#8286 = CARTESIAN_POINT('',(-0.,0.));
#8287 = VECTOR('',#8288,1.);
#8288 = DIRECTION('',(-1.,0.));
#8289 = ( GEOMETRIC_REPRESENTATION_CONTEXT(2) 
PARAMETRIC_REPRESENTATION_CONTEXT() REPRESENTATION_CONTEXT('2D SPACE',''
  ) );
#8290 = PCURVE('',#8291,#8296);
#8291 = PLANE('',#8292);
#8292 = AXIS2_PLACEMENT_3D('',#8293,#8294,#8295);
#8293 = CARTESIAN_POINT('',(-49.25,5.,70.));
#8294 = DIRECTION('',(1.,0.,0.));
#8295 = DIRECTION('',(-0.,0.,1.));
#8296 = DEFINITIONAL_REPRESENTATION('',(#8297),#8301);
#8297 = CIRCLE('',#8298,4.);
#8298 = AXIS2_PLACEMENT_2D('',#8299,#8300);
#8299 = CARTESIAN_POINT('',(0.,8.881784197001E-16));
#8300 = DIRECTION('',(0.,-1.));
#8301 = ( GEOMETRIC_REPRESENTATION_CONTEXT(2) 
PARAMETRIC_REPRESENTATION_CONTEXT() REPRESENTATION_CONTEXT('2D SPACE',''
  ) );
#8302 = ORIENTED_EDGE('',*,*,#8253,.T.);
#8303 = FACE_BOUND('',#8304,.T.);
#8304 = EDGE_LOOP('',(#8305,#8306,#8307,#8402,#8428,#8556,#8582,#8710,
    #8731,#8824));
#8305 = ORIENTED_EDGE('',*,*,#2573,.F.);
#8306 = ORIENTED_EDGE('',*,*,#6981,.F.);
#8307 = ORIENTED_EDGE('',*,*,#8308,.F.);
#8308 = EDGE_CURVE('',#8309,#6953,#8311,.T.);
#8309 = VERTEX_POINT('',#8310);
#8310 = CARTESIAN_POINT('',(-32.87907919503,2.354248688935,73.));
#8311 = SURFACE_CURVE('',#8312,(#8340,#8371),.PCURVE_S1.);
#8312 = B_SPLINE_CURVE_WITH_KNOTS('',6,(#8313,#8314,#8315,#8316,#8317,
    #8318,#8319,#8320,#8321,#8322,#8323,#8324,#8325,#8326,#8327,#8328,
    #8329,#8330,#8331,#8332,#8333,#8334,#8335,#8336,#8337,#8338,#8339),
  .UNSPECIFIED.,.F.,.F.,(7,5,5,5,5,7),(0.,0.168226489872,0.284320411476,
    0.612122285601,0.89675619961,1.),.UNSPECIFIED.);
#8313 = CARTESIAN_POINT('',(-32.87907941995,2.354249369272,73.0000006));
#8314 = CARTESIAN_POINT('',(-32.83767778584,2.229021450672,
    72.889560007215));
#8315 = CARTESIAN_POINT('',(-32.8013453943,2.110259509767,
    72.773670068271));
#8316 = CARTESIAN_POINT('',(-32.76953668719,1.998261809909,
    72.652906323464));
#8317 = CARTESIAN_POINT('',(-32.7417402792,1.893266827706,
    72.527880033314));
#8318 = CARTESIAN_POINT('',(-32.71748553589,1.795446601639,
    72.399238875065));
#8319 = CARTESIAN_POINT('',(-32.6817628297,1.642413484712,
    72.176869687214));
#8320 = CARTESIAN_POINT('',(-32.66865266366,1.583352645716,
    72.084620738261));
#8321 = CARTESIAN_POINT('',(-32.65687115355,1.527707388377,
    71.99106931252));
#8322 = CARTESIAN_POINT('',(-32.64628690554,1.475462677697,
    71.896356553987));
#8323 = CARTESIAN_POINT('',(-32.63678348812,1.426599420389,
    71.800616163731));
#8324 = CARTESIAN_POINT('',(-32.60418660147,1.252610098418,
    71.431097228709));
#8325 = CARTESIAN_POINT('',(-32.58791604002,1.15091736893,71.15105726178
    ));
#8326 = CARTESIAN_POINT('',(-32.57709421984,1.075286482213,
    70.866232733204));
#8327 = CARTESIAN_POINT('',(-32.57034176174,1.025094770739,
    70.578449428418));
#8328 = CARTESIAN_POINT('',(-32.56696562634,1.,70.289222200426));
#8329 = CARTESIAN_POINT('',(-32.56696562634,1.,69.748865234083));
#8330 = CARTESIAN_POINT('',(-32.56951110666,1.018920580647,
    69.497730983515));
#8331 = CARTESIAN_POINT('',(-32.57460202433,1.056761747489,
    69.247548420048));
#8332 = CARTESIAN_POINT('',(-32.58263212146,1.113716247322,
    68.999299053903));
#8333 = CARTESIAN_POINT('',(-32.59438572171,1.190144337038,68.7541176743
    ));
#8334 = CARTESIAN_POINT('',(-32.61724862712,1.321454050958,
    68.426105410617));
#8335 = CARTESIAN_POINT('',(-32.62399519161,1.359027030961,
    68.33938712768));
#8336 = CARTESIAN_POINT('',(-32.63146382101,1.399240271849,
    68.253334618074));
#8337 = CARTESIAN_POINT('',(-32.63972472907,1.442111850467,
    68.168028063727));
#8338 = CARTESIAN_POINT('',(-32.64885728252,1.487659124259,
    68.083552816863));
#8339 = CARTESIAN_POINT('',(-32.65895000103,1.535898731272,67.9999994));
#8340 = PCURVE('',#2815,#8341);
#8341 = DEFINITIONAL_REPRESENTATION('',(#8342),#8370);
#8342 = B_SPLINE_CURVE_WITH_KNOTS('',6,(#8343,#8344,#8345,#8346,#8347,
    #8348,#8349,#8350,#8351,#8352,#8353,#8354,#8355,#8356,#8357,#8358,
    #8359,#8360,#8361,#8362,#8363,#8364,#8365,#8366,#8367,#8368,#8369),
  .UNSPECIFIED.,.F.,.F.,(7,5,5,5,5,7),(0.,0.168226489872,0.284320411476,
    0.612122285601,0.89675619961,1.),.UNSPECIFIED.);
#8343 = CARTESIAN_POINT('',(-2.29353034783,-16.37092058004));
#8344 = CARTESIAN_POINT('',(-2.335272979014,-16.41232221415));
#8345 = CARTESIAN_POINT('',(-2.376704364087,-16.44865460569));
#8346 = CARTESIAN_POINT('',(-2.417804216862,-16.4804633128));
#8347 = CARTESIAN_POINT('',(-2.458548107501,-16.50825972079));
#8348 = CARTESIAN_POINT('',(-2.498904914365,-16.5325144641));
#8349 = CARTESIAN_POINT('',(-2.566389723111,-16.56823717029));
#8350 = CARTESIAN_POINT('',(-2.593758464532,-16.58134733633));
#8351 = CARTESIAN_POINT('',(-2.620949015008,-16.59312884645));
#8352 = CARTESIAN_POINT('',(-2.647969551508,-16.60371309445));
#8353 = CARTESIAN_POINT('',(-2.67482811914,-16.61321651188));
#8354 = CARTESIAN_POINT('',(-2.776936066767,-16.64581339852));
#8355 = CARTESIAN_POINT('',(-2.851106097058,-16.66208395997));
#8356 = CARTESIAN_POINT('',(-2.924354185315,-16.67290578015));
#8357 = CARTESIAN_POINT('',(-2.996980258224,-16.67965823825));
#8358 = CARTESIAN_POINT('',(-3.069287103483,-16.68303437365));
#8359 = CARTESIAN_POINT('',(-3.204376345069,-16.68303437365));
#8360 = CARTESIAN_POINT('',(-3.267159922926,-16.68048889333));
#8361 = CARTESIAN_POINT('',(-3.330150953352,-16.67539797566));
#8362 = CARTESIAN_POINT('',(-3.393549885352,-16.66736787853));
#8363 = CARTESIAN_POINT('',(-3.457555985127,-16.65561427828));
#8364 = CARTESIAN_POINT('',(-3.545885724632,-16.63275137287));
#8365 = CARTESIAN_POINT('',(-3.569503489345,-16.62600480838));
#8366 = CARTESIAN_POINT('',(-3.593235354206,-16.61853617898));
#8367 = CARTESIAN_POINT('',(-3.617088924819,-16.61027527092));
#8368 = CARTESIAN_POINT('',(-3.641071806122,-16.60114271747));
#8369 = CARTESIAN_POINT('',(-3.665191602393,-16.59104999896));
#8370 = ( GEOMETRIC_REPRESENTATION_CONTEXT(2) 
PARAMETRIC_REPRESENTATION_CONTEXT() REPRESENTATION_CONTEXT('2D SPACE',''
  ) );
#8371 = PCURVE('',#6969,#8372);
#8372 = DEFINITIONAL_REPRESENTATION('',(#8373),#8401);
#8373 = B_SPLINE_CURVE_WITH_KNOTS('',6,(#8374,#8375,#8376,#8377,#8378,
    #8379,#8380,#8381,#8382,#8383,#8384,#8385,#8386,#8387,#8388,#8389,
    #8390,#8391,#8392,#8393,#8394,#8395,#8396,#8397,#8398,#8399,#8400),
  .UNSPECIFIED.,.F.,.F.,(7,5,5,5,5,7),(1.523230441987E-07,0.168226489872
    ,0.284320411476,0.612122285601,0.89675619961,0.999999876434),
  .UNSPECIFIED.);
#8374 = CARTESIAN_POINT('',(6.602482996785,-18.));
#8375 = CARTESIAN_POINT('',(6.58489710033,-18.11044051745));
#8376 = CARTESIAN_POINT('',(6.568341916513,-18.22633036911));
#8377 = CARTESIAN_POINT('',(6.552822604567,-18.34709401615));
#8378 = CARTESIAN_POINT('',(6.538343853492,-18.47212019964));
#8379 = CARTESIAN_POINT('',(6.524907486383,-18.60076124406));
#8380 = CARTESIAN_POINT('',(6.50395453585,-18.82313031278));
#8381 = CARTESIAN_POINT('',(6.495888556108,-18.91537926173));
#8382 = CARTESIAN_POINT('',(6.488305214274,-19.00893068748));
#8383 = CARTESIAN_POINT('',(6.481198077844,-19.10364344601));
#8384 = CARTESIAN_POINT('',(6.474561058302,-19.19938383626));
#8385 = CARTESIAN_POINT('',(6.450958858337,-19.56890277129));
#8386 = CARTESIAN_POINT('',(6.437232182929,-19.84894273822));
#8387 = CARTESIAN_POINT('',(6.427045438515,-20.13376726679));
#8388 = CARTESIAN_POINT('',(6.420293035959,-20.42155057158));
#8389 = CARTESIAN_POINT('',(6.41691689659,-20.71077779957));
#8390 = CARTESIAN_POINT('',(6.41691689659,-21.25113476591));
#8391 = CARTESIAN_POINT('',(6.419462376834,-21.50226901648));
#8392 = CARTESIAN_POINT('',(6.424553283421,-21.75245157995));
#8393 = CARTESIAN_POINT('',(6.432222259384,-22.00070094609));
#8394 = CARTESIAN_POINT('',(6.4425304602,-22.2458823257));
#8395 = CARTESIAN_POINT('',(6.460301818977,-22.57389448488));
#8396 = CARTESIAN_POINT('',(6.465391610436,-22.66061266474));
#8397 = CARTESIAN_POINT('',(6.470844887171,-22.74666507295));
#8398 = CARTESIAN_POINT('',(6.476665996942,-22.83197152788));
#8399 = CARTESIAN_POINT('',(6.482859633577,-22.91644667762));
#8400 = CARTESIAN_POINT('',(6.489430836974,-23.));
#8401 = ( GEOMETRIC_REPRESENTATION_CONTEXT(2) 
PARAMETRIC_REPRESENTATION_CONTEXT() REPRESENTATION_CONTEXT('2D SPACE',''
  ) );
#8402 = ORIENTED_EDGE('',*,*,#8403,.F.);
#8403 = EDGE_CURVE('',#8404,#8309,#8406,.T.);
#8404 = VERTEX_POINT('',#8405);
#8405 = CARTESIAN_POINT('',(-31.57266275086,2.354248688935,73.));
#8406 = SURFACE_CURVE('',#8407,(#8411,#8417),.PCURVE_S1.);
#8407 = LINE('',#8408,#8409);
#8408 = CARTESIAN_POINT('',(-49.25,2.354248688935,73.));
#8409 = VECTOR('',#8410,1.);
#8410 = DIRECTION('',(-1.,-0.,-0.));
#8411 = PCURVE('',#2815,#8412);
#8412 = DEFINITIONAL_REPRESENTATION('',(#8413),#8416);
#8413 = B_SPLINE_CURVE_WITH_KNOTS('',1,(#8414,#8415),.UNSPECIFIED.,.F.,
  .F.,(2,2),(-19.75,5.999999999062E-07),.PIECEWISE_BEZIER_KNOTS.);
#8414 = CARTESIAN_POINT('',(-2.293530574608,-19.75));
#8415 = CARTESIAN_POINT('',(-2.293530574608,5.999999999062E-07));
#8416 = ( GEOMETRIC_REPRESENTATION_CONTEXT(2) 
PARAMETRIC_REPRESENTATION_CONTEXT() REPRESENTATION_CONTEXT('2D SPACE',''
  ) );
#8417 = PCURVE('',#8418,#8423);
#8418 = PLANE('',#8419);
#8419 = AXIS2_PLACEMENT_3D('',#8420,#8421,#8422);
#8420 = CARTESIAN_POINT('',(-40.,5.8048458399E-16,73.));
#8421 = DIRECTION('',(0.,0.,1.));
#8422 = DIRECTION('',(1.,0.,-0.));
#8423 = DEFINITIONAL_REPRESENTATION('',(#8424),#8427);
#8424 = B_SPLINE_CURVE_WITH_KNOTS('',1,(#8425,#8426),.UNSPECIFIED.,.F.,
  .F.,(2,2),(-19.75,5.999999999062E-07),.PIECEWISE_BEZIER_KNOTS.);
#8425 = CARTESIAN_POINT('',(10.5,2.354248688935));
#8426 = CARTESIAN_POINT('',(-9.2500006,2.354248688935));
#8427 = ( GEOMETRIC_REPRESENTATION_CONTEXT(2) 
PARAMETRIC_REPRESENTATION_CONTEXT() REPRESENTATION_CONTEXT('2D SPACE',''
  ) );
#8428 = ORIENTED_EDGE('',*,*,#8429,.F.);
#8429 = EDGE_CURVE('',#8430,#8404,#8432,.T.);
#8430 = VERTEX_POINT('',#8431);
#8431 = CARTESIAN_POINT('',(-35.74500447833,7.645751311065,73.));
#8432 = SURFACE_CURVE('',#8433,(#8472,#8514),.PCURVE_S1.);
#8433 = B_SPLINE_CURVE_WITH_KNOTS('',7,(#8434,#8435,#8436,#8437,#8438,
    #8439,#8440,#8441,#8442,#8443,#8444,#8445,#8446,#8447,#8448,#8449,
    #8450,#8451,#8452,#8453,#8454,#8455,#8456,#8457,#8458,#8459,#8460,
    #8461,#8462,#8463,#8464,#8465,#8466,#8467,#8468,#8469,#8470,#8471),
  .UNSPECIFIED.,.F.,.F.,(8,6,6,6,6,6,8),(0.,0.50143945352,0.620397350853
    ,0.683017481213,0.809504627209,0.934227860454,1.),.UNSPECIFIED.);
#8434 = CARTESIAN_POINT('',(-35.74500570082,7.6457519914,72.9999994));
#8435 = CARTESIAN_POINT('',(-35.36352357114,7.433450534477,
    73.187231771591));
#8436 = CARTESIAN_POINT('',(-34.98829110392,7.195543139208,
    73.365884711533));
#8437 = CARTESIAN_POINT('',(-34.61654157535,6.928814735398,
    73.53343933293));
#8438 = CARTESIAN_POINT('',(-34.24861039459,6.629609972554,
    73.685702543177));
#8439 = CARTESIAN_POINT('',(-33.88697795841,6.294660657297,
    73.815889677266));
#8440 = CARTESIAN_POINT('',(-33.53636036986,5.921479931361,
    73.914417176109));
#8441 = CARTESIAN_POINT('',(-33.12402256934,5.412873182448,
    73.979849722271));
#8442 = CARTESIAN_POINT('',(-33.04590452076,5.313179721216,
    73.989832265362));
#8443 = CARTESIAN_POINT('',(-32.96887457831,5.211387003988,
    73.997051662253));
#8444 = CARTESIAN_POINT('',(-32.89306995864,5.107576573766,
    74.001306240296));
#8445 = CARTESIAN_POINT('',(-32.81862192801,5.001840799325,
    74.002391497295));
#8446 = CARTESIAN_POINT('',(-32.74565520657,4.894283720129,
    74.000099598553));
#8447 = CARTESIAN_POINT('',(-32.63671892881,4.727505827834,
    73.991123226201));
#8448 = CARTESIAN_POINT('',(-32.59960087573,4.669528577032,
    73.987033708803));
#8449 = CARTESIAN_POINT('',(-32.56296089949,4.611124171033,
    73.981921003202));
#8450 = CARTESIAN_POINT('',(-32.52682470891,4.552327360501,
    73.975757234395));
#8451 = CARTESIAN_POINT('',(-32.49121603536,4.493173614584,
    73.968515970896));
#8452 = CARTESIAN_POINT('',(-32.45615663282,4.433699120908,
    73.960172224738));
#8453 = CARTESIAN_POINT('',(-32.35199879969,4.253234213418,
    73.931574343829));
#8454 = CARTESIAN_POINT('',(-32.28461053316,4.131296012706,
    73.907840401399));
#8455 = CARTESIAN_POINT('',(-32.21976657634,4.008594168602,
    73.879322986078));
#8456 = CARTESIAN_POINT('',(-32.15767136112,3.885604165542,
    73.845903741565));
#8457 = CARTESIAN_POINT('',(-32.09847281636,3.762803448198,
    73.807525944981));
#8458 = CARTESIAN_POINT('',(-32.04226653118,3.640665882418,
    73.764196858495));
#8459 = CARTESIAN_POINT('',(-31.93667473451,3.400334077083,
    73.668455565775));
#8460 = CARTESIAN_POINT('',(-31.88725797095,3.282229056352,
    73.616226421571));
#8461 = CARTESIAN_POINT('',(-31.84088326679,3.165778256012,
    73.559388788404));
#8462 = CARTESIAN_POINT('',(-31.79754074318,3.051410286837,
    73.498091347954));
#8463 = CARTESIAN_POINT('',(-31.75718296314,2.939538142754,
    73.432547560958));
#8464 = CARTESIAN_POINT('',(-31.71973089156,2.830552075257,
    73.363037904665));
#8465 = CARTESIAN_POINT('',(-31.66680681377,2.669051243265,
    73.251349608119));
#8466 = CARTESIAN_POINT('',(-31.64930793495,2.614177861739,
    73.211771208861));
#8467 = CARTESIAN_POINT('',(-31.63256186533,2.560225987789,
    73.171213227476));
#8468 = CARTESIAN_POINT('',(-31.61654679297,2.50722760453,
    73.129714482356));
#8469 = CARTESIAN_POINT('',(-31.60124044729,2.455213013649,
    73.087316295327));
#8470 = CARTESIAN_POINT('',(-31.58662009915,2.404210835399,
    73.044062491646));
#8471 = CARTESIAN_POINT('',(-31.5726625608,2.3542480086,72.9999994));
#8472 = PCURVE('',#2815,#8473);
#8473 = DEFINITIONAL_REPRESENTATION('',(#8474),#8513);
#8474 = B_SPLINE_CURVE_WITH_KNOTS('',7,(#8475,#8476,#8477,#8478,#8479,
    #8480,#8481,#8482,#8483,#8484,#8485,#8486,#8487,#8488,#8489,#8490,
    #8491,#8492,#8493,#8494,#8495,#8496,#8497,#8498,#8499,#8500,#8501,
    #8502,#8503,#8504,#8505,#8506,#8507,#8508,#8509,#8510,#8511,#8512),
  .UNSPECIFIED.,.F.,.F.,(8,6,6,6,6,6,8),(0.,0.50143945352,0.620397350853
    ,0.683017481213,0.809504627209,0.934227860454,1.),.UNSPECIFIED.);
#8475 = CARTESIAN_POINT('',(-0.848061852203,-13.50499429917));
#8476 = CARTESIAN_POINT('',(-0.918829018664,-13.88647642886));
#8477 = CARTESIAN_POINT('',(-0.992978152418,-14.26170889607));
#8478 = CARTESIAN_POINT('',(-1.07127777755,-14.63345842464));
#8479 = CARTESIAN_POINT('',(-1.154535589328,-15.0013896054));
#8480 = CARTESIAN_POINT('',(-1.243554176474,-15.36302204158));
#8481 = CARTESIAN_POINT('',(-1.339230542214,-15.71363963013));
#8482 = CARTESIAN_POINT('',(-1.467430152962,-16.12597743065));
#8483 = CARTESIAN_POINT('',(-1.492468222586,-16.20409547923));
#8484 = CARTESIAN_POINT('',(-1.517962959026,-16.28112542168));
#8485 = CARTESIAN_POINT('',(-1.54391598441,-16.35693004135));
#8486 = CARTESIAN_POINT('',(-1.57033055552,-16.43137807198));
#8487 = CARTESIAN_POINT('',(-1.597211768065,-16.50434479342));
#8488 = CARTESIAN_POINT('',(-1.63896658861,-16.61328107118));
#8489 = CARTESIAN_POINT('',(-1.653494892613,-16.65039912426));
#8490 = CARTESIAN_POINT('',(-1.668148465849,-16.6870391005));
#8491 = CARTESIAN_POINT('',(-1.682924272379,-16.72317529108));
#8492 = CARTESIAN_POINT('',(-1.697819447442,-16.75878396463));
#8493 = CARTESIAN_POINT('',(-1.71283129745,-16.79384336717));
#8494 = CARTESIAN_POINT('',(-1.758510492405,-16.8980012003));
#8495 = CARTESIAN_POINT('',(-1.789548052224,-16.96538946684));
#8496 = CARTESIAN_POINT('',(-1.821007830394,-17.03023342365));
#8497 = CARTESIAN_POINT('',(-1.852830438531,-17.09232863887));
#8498 = CARTESIAN_POINT('',(-1.88495806281,-17.15152718364));
#8499 = CARTESIAN_POINT('',(-1.917333277834,-17.20773346881));
#8500 = CARTESIAN_POINT('',(-1.982008317353,-17.31332526548));
#8501 = CARTESIAN_POINT('',(-2.014270489309,-17.36274202904));
#8502 = CARTESIAN_POINT('',(-2.046628831028,-17.4091167332));
#8503 = CARTESIAN_POINT('',(-2.079026578808,-17.45245925681));
#8504 = CARTESIAN_POINT('',(-2.111404241045,-17.49281703685));
#8505 = CARTESIAN_POINT('',(-2.143698088669,-17.53026910843));
#8506 = CARTESIAN_POINT('',(-2.192787798843,-17.58319318623));
#8507 = CARTESIAN_POINT('',(-2.209698823965,-17.60069206504));
#8508 = CARTESIAN_POINT('',(-2.226567659066,-17.61743813466));
#8509 = CARTESIAN_POINT('',(-2.243389983397,-17.63345320703));
#8510 = CARTESIAN_POINT('',(-2.26016121735,-17.6487595527));
#8511 = CARTESIAN_POINT('',(-2.276876522456,-17.66337990084));
#8512 = CARTESIAN_POINT('',(-2.293530801387,-17.67733743919));
#8513 = ( GEOMETRIC_REPRESENTATION_CONTEXT(2) 
PARAMETRIC_REPRESENTATION_CONTEXT() REPRESENTATION_CONTEXT('2D SPACE',''
  ) );
#8514 = PCURVE('',#4505,#8515);
#8515 = DEFINITIONAL_REPRESENTATION('',(#8516),#8555);
#8516 = B_SPLINE_CURVE_WITH_KNOTS('',7,(#8517,#8518,#8519,#8520,#8521,
    #8522,#8523,#8524,#8525,#8526,#8527,#8528,#8529,#8530,#8531,#8532,
    #8533,#8534,#8535,#8536,#8537,#8538,#8539,#8540,#8541,#8542,#8543,
    #8544,#8545,#8546,#8547,#8548,#8549,#8550,#8551,#8552,#8553,#8554),
  .UNSPECIFIED.,.F.,.F.,(8,6,6,6,6,6,8),(0.,0.50143945352,0.620397350853
    ,0.683017481213,0.809504627209,0.934227860454,1.),.UNSPECIFIED.);
#8517 = CARTESIAN_POINT('',(1.062963100244,-18.0000006));
#8518 = CARTESIAN_POINT('',(1.013068448924,-17.8127682284));
#8519 = CARTESIAN_POINT('',(0.962374718304,-17.63411528846));
#8520 = CARTESIAN_POINT('',(0.910225016752,-17.46656066707));
#8521 = CARTESIAN_POINT('',(0.856213999266,-17.31429745682));
#8522 = CARTESIAN_POINT('',(0.800088762513,-17.18411032273));
#8523 = CARTESIAN_POINT('',(0.741724588809,-17.08558282389));
#8524 = CARTESIAN_POINT('',(0.6668955178,-17.02015027772));
#8525 = CARTESIAN_POINT('',(0.652422775229,-17.01016773463));
#8526 = CARTESIAN_POINT('',(0.637837162843,-17.00294833774));
#8527 = CARTESIAN_POINT('',(0.62315058605,-16.9986937597));
#8528 = CARTESIAN_POINT('',(0.608375200001,-16.9976085027));
#8529 = CARTESIAN_POINT('',(0.593523549694,-16.99990040144));
#8530 = CARTESIAN_POINT('',(0.570757451598,-17.00887677379));
#8531 = CARTESIAN_POINT('',(0.562890219551,-17.01296629119));
#8532 = CARTESIAN_POINT('',(0.555011197196,-17.01807899679));
#8533 = CARTESIAN_POINT('',(0.547124514399,-17.0242427656));
#8534 = CARTESIAN_POINT('',(0.539234247638,-17.0314840291));
#8535 = CARTESIAN_POINT('',(0.531344420001,-17.03982777526));
#8536 = CARTESIAN_POINT('',(0.507531149947,-17.06842565617));
#8537 = CARTESIAN_POINT('',(0.49161161104,-17.0921595986));
#8538 = CARTESIAN_POINT('',(0.475755205221,-17.12067701392));
#8539 = CARTESIAN_POINT('',(0.460014157299,-17.15409625843));
#8540 = CARTESIAN_POINT('',(0.444438226684,-17.19247405501));
#8541 = CARTESIAN_POINT('',(0.429074837917,-17.2358031415));
#8542 = CARTESIAN_POINT('',(0.399074238373,-17.33154443422));
#8543 = CARTESIAN_POINT('',(0.384444930752,-17.38377357842));
#8544 = CARTESIAN_POINT('',(0.370123114227,-17.44061121159));
#8545 = CARTESIAN_POINT('',(0.35614871855,-17.50190865204));
#8546 = CARTESIAN_POINT('',(0.342559421614,-17.56745243904));
#8547 = CARTESIAN_POINT('',(0.329390293729,-17.63696209533));
#8548 = CARTESIAN_POINT('',(0.30996727713,-17.74865039188));
#8549 = CARTESIAN_POINT('',(0.303385084543,-17.78822879113));
#8550 = CARTESIAN_POINT('',(0.29692927284,-17.82878677252));
#8551 = CARTESIAN_POINT('',(0.290602127729,-17.87028551764));
#8552 = CARTESIAN_POINT('',(0.284405811927,-17.91268370467));
#8553 = CARTESIAN_POINT('',(0.278342365159,-17.95593750835));
#8554 = CARTESIAN_POINT('',(0.272413704161,-18.0000006));
#8555 = ( GEOMETRIC_REPRESENTATION_CONTEXT(2) 
PARAMETRIC_REPRESENTATION_CONTEXT() REPRESENTATION_CONTEXT('2D SPACE',''
  ) );
#8556 = ORIENTED_EDGE('',*,*,#8557,.T.);
#8557 = EDGE_CURVE('',#8430,#8558,#8560,.T.);
#8558 = VERTEX_POINT('',#8559);
#8559 = CARTESIAN_POINT('',(-44.25499552166,7.645751311065,73.));
#8560 = SURFACE_CURVE('',#8561,(#8565,#8571),.PCURVE_S1.);
#8561 = LINE('',#8562,#8563);
#8562 = CARTESIAN_POINT('',(-49.25,7.645751311065,73.));
#8563 = VECTOR('',#8564,1.);
#8564 = DIRECTION('',(-1.,-0.,-0.));
#8565 = PCURVE('',#2815,#8566);
#8566 = DEFINITIONAL_REPRESENTATION('',(#8567),#8570);
#8567 = B_SPLINE_CURVE_WITH_KNOTS('',1,(#8568,#8569),.UNSPECIFIED.,.F.,
  .F.,(2,2),(-19.75,5.999999999062E-07),.PIECEWISE_BEZIER_KNOTS.);
#8568 = CARTESIAN_POINT('',(-0.848062078981,-19.75));
#8569 = CARTESIAN_POINT('',(-0.848062078981,5.999999999062E-07));
#8570 = ( GEOMETRIC_REPRESENTATION_CONTEXT(2) 
PARAMETRIC_REPRESENTATION_CONTEXT() REPRESENTATION_CONTEXT('2D SPACE',''
  ) );
#8571 = PCURVE('',#8572,#8577);
#8572 = PLANE('',#8573);
#8573 = AXIS2_PLACEMENT_3D('',#8574,#8575,#8576);
#8574 = CARTESIAN_POINT('',(-40.,5.8048458399E-16,73.));
#8575 = DIRECTION('',(0.,0.,1.));
#8576 = DIRECTION('',(1.,0.,-0.));
#8577 = DEFINITIONAL_REPRESENTATION('',(#8578),#8581);
#8578 = B_SPLINE_CURVE_WITH_KNOTS('',1,(#8579,#8580),.UNSPECIFIED.,.F.,
  .F.,(2,2),(-19.75,5.999999999062E-07),.PIECEWISE_BEZIER_KNOTS.);
#8579 = CARTESIAN_POINT('',(10.5,7.645751311065));
#8580 = CARTESIAN_POINT('',(-9.2500006,7.645751311065));
#8581 = ( GEOMETRIC_REPRESENTATION_CONTEXT(2) 
PARAMETRIC_REPRESENTATION_CONTEXT() REPRESENTATION_CONTEXT('2D SPACE',''
  ) );
#8582 = ORIENTED_EDGE('',*,*,#8583,.T.);
#8583 = EDGE_CURVE('',#8558,#8584,#8586,.T.);
#8584 = VERTEX_POINT('',#8585);
#8585 = CARTESIAN_POINT('',(-48.42733724913,2.354248688935,73.));
#8586 = SURFACE_CURVE('',#8587,(#8626,#8668),.PCURVE_S1.);
#8587 = B_SPLINE_CURVE_WITH_KNOTS('',7,(#8588,#8589,#8590,#8591,#8592,
    #8593,#8594,#8595,#8596,#8597,#8598,#8599,#8600,#8601,#8602,#8603,
    #8604,#8605,#8606,#8607,#8608,#8609,#8610,#8611,#8612,#8613,#8614,
    #8615,#8616,#8617,#8618,#8619,#8620,#8621,#8622,#8623,#8624,#8625),
  .UNSPECIFIED.,.F.,.F.,(8,6,6,6,6,6,8),(0.,0.50143945122,0.620397348006
    ,0.683017478077,0.809504623489,0.93422785616,1.),.UNSPECIFIED.);
#8588 = CARTESIAN_POINT('',(-44.25499429917,7.6457519914,72.9999994));
#8589 = CARTESIAN_POINT('',(-44.63647642886,7.433450534477,
    73.187231771591));
#8590 = CARTESIAN_POINT('',(-45.01170889607,7.195543139208,
    73.365884711533));
#8591 = CARTESIAN_POINT('',(-45.38345842464,6.928814735398,
    73.53343933293));
#8592 = CARTESIAN_POINT('',(-45.7513896054,6.629609972554,
    73.685702543177));
#8593 = CARTESIAN_POINT('',(-46.11302204158,6.294660657298,
    73.815889677265));
#8594 = CARTESIAN_POINT('',(-46.46363963013,5.921479931361,
    73.914417176109));
#8595 = CARTESIAN_POINT('',(-46.87597743065,5.41287318245,
    73.979849722271));
#8596 = CARTESIAN_POINT('',(-46.95409547923,5.313179721216,
    73.989832265362));
#8597 = CARTESIAN_POINT('',(-47.03112542168,5.211387003987,
    73.997051662253));
#8598 = CARTESIAN_POINT('',(-47.10693004136,5.107576573765,
    74.001306240296));
#8599 = CARTESIAN_POINT('',(-47.18137807198,5.001840799325,
    74.002391497295));
#8600 = CARTESIAN_POINT('',(-47.25434479342,4.894283720131,
    74.000099598553));
#8601 = CARTESIAN_POINT('',(-47.36328107118,4.727505827834,
    73.991123226201));
#8602 = CARTESIAN_POINT('',(-47.40039912426,4.669528577032,
    73.987033708803));
#8603 = CARTESIAN_POINT('',(-47.4370391005,4.611124171033,
    73.981921003202));
#8604 = CARTESIAN_POINT('',(-47.47317529108,4.552327360501,
    73.975757234395));
#8605 = CARTESIAN_POINT('',(-47.50878396463,4.493173614584,
    73.968515970896));
#8606 = CARTESIAN_POINT('',(-47.54384336717,4.433699120908,
    73.960172224738));
#8607 = CARTESIAN_POINT('',(-47.6480012003,4.253234213418,
    73.931574343829));
#8608 = CARTESIAN_POINT('',(-47.71538946684,4.131296012706,
    73.907840401399));
#8609 = CARTESIAN_POINT('',(-47.78023342365,4.008594168602,
    73.879322986078));
#8610 = CARTESIAN_POINT('',(-47.84232863887,3.885604165542,
    73.845903741565));
#8611 = CARTESIAN_POINT('',(-47.90152718364,3.762803448198,
    73.807525944981));
#8612 = CARTESIAN_POINT('',(-47.95773346881,3.640665882418,
    73.764196858495));
#8613 = CARTESIAN_POINT('',(-48.06332526548,3.400334077083,
    73.668455565775));
#8614 = CARTESIAN_POINT('',(-48.11274202904,3.282229056352,
    73.616226421571));
#8615 = CARTESIAN_POINT('',(-48.1591167332,3.165778256012,
    73.559388788404));
#8616 = CARTESIAN_POINT('',(-48.20245925681,3.051410286837,
    73.498091347954));
#8617 = CARTESIAN_POINT('',(-48.24281703685,2.939538142754,
    73.432547560958));
#8618 = CARTESIAN_POINT('',(-48.28026910843,2.830552075257,
    73.363037904665));
#8619 = CARTESIAN_POINT('',(-48.3331931875,2.669051239366,
    73.251349605422));
#8620 = CARTESIAN_POINT('',(-48.35069206534,2.614177861058,
    73.211771208679));
#8621 = CARTESIAN_POINT('',(-48.36743813385,2.560225990573,
    73.171213229793));
#8622 = CARTESIAN_POINT('',(-48.38345320608,2.507227607536,
    73.129714484571));
#8623 = CARTESIAN_POINT('',(-48.39875955265,2.455213013523,
    73.087316294891));
#8624 = CARTESIAN_POINT('',(-48.41337990177,2.404210832054,
    73.044062488696));
#8625 = CARTESIAN_POINT('',(-48.42733743919,2.3542480086,72.9999994));
#8626 = PCURVE('',#2815,#8627);
#8627 = DEFINITIONAL_REPRESENTATION('',(#8628),#8667);
#8628 = B_SPLINE_CURVE_WITH_KNOTS('',7,(#8629,#8630,#8631,#8632,#8633,
    #8634,#8635,#8636,#8637,#8638,#8639,#8640,#8641,#8642,#8643,#8644,
    #8645,#8646,#8647,#8648,#8649,#8650,#8651,#8652,#8653,#8654,#8655,
    #8656,#8657,#8658,#8659,#8660,#8661,#8662,#8663,#8664,#8665,#8666),
  .UNSPECIFIED.,.F.,.F.,(8,6,6,6,6,6,8),(0.,0.50143945122,0.620397348006
    ,0.683017478077,0.809504623489,0.93422785616,1.),.UNSPECIFIED.);
#8629 = CARTESIAN_POINT('',(-0.848061852203,-4.995005700827));
#8630 = CARTESIAN_POINT('',(-0.918829018664,-4.61352357114));
#8631 = CARTESIAN_POINT('',(-0.992978152418,-4.238291103926));
#8632 = CARTESIAN_POINT('',(-1.07127777755,-3.866541575354));
#8633 = CARTESIAN_POINT('',(-1.154535589328,-3.498610394593));
#8634 = CARTESIAN_POINT('',(-1.243554176474,-3.136977958412));
#8635 = CARTESIAN_POINT('',(-1.339230542214,-2.786360369862));
#8636 = CARTESIAN_POINT('',(-1.467430152962,-2.374022569346));
#8637 = CARTESIAN_POINT('',(-1.492468222586,-2.295904520762));
#8638 = CARTESIAN_POINT('',(-1.517962959027,-2.218874578312));
#8639 = CARTESIAN_POINT('',(-1.54391598441,-2.14306995864));
#8640 = CARTESIAN_POINT('',(-1.57033055552,-2.068621928019));
#8641 = CARTESIAN_POINT('',(-1.597211768065,-1.995655206578));
#8642 = CARTESIAN_POINT('',(-1.63896658861,-1.886718928812));
#8643 = CARTESIAN_POINT('',(-1.653494892613,-1.849600875731));
#8644 = CARTESIAN_POINT('',(-1.668148465849,-1.812960899499));
#8645 = CARTESIAN_POINT('',(-1.682924272379,-1.776824708915));
#8646 = CARTESIAN_POINT('',(-1.697819447442,-1.741216035365));
#8647 = CARTESIAN_POINT('',(-1.71283129745,-1.706156632824));
#8648 = CARTESIAN_POINT('',(-1.758510492405,-1.601998799694));
#8649 = CARTESIAN_POINT('',(-1.789548052224,-1.53461053316));
#8650 = CARTESIAN_POINT('',(-1.821007830394,-1.469766576349));
#8651 = CARTESIAN_POINT('',(-1.852830438531,-1.407671361124));
#8652 = CARTESIAN_POINT('',(-1.88495806281,-1.34847281636));
#8653 = CARTESIAN_POINT('',(-1.917333277834,-1.292266531188));
#8654 = CARTESIAN_POINT('',(-1.982008317353,-1.186674734516));
#8655 = CARTESIAN_POINT('',(-2.014270489309,-1.137257970955));
#8656 = CARTESIAN_POINT('',(-2.046628831028,-1.090883266797));
#8657 = CARTESIAN_POINT('',(-2.079026578808,-1.047540743185));
#8658 = CARTESIAN_POINT('',(-2.111404241045,-1.007182963146));
#8659 = CARTESIAN_POINT('',(-2.143698088669,-0.969730891561));
#8660 = CARTESIAN_POINT('',(-2.192787800028,-0.916806812492));
#8661 = CARTESIAN_POINT('',(-2.209698824127,-0.899307934655));
#8662 = CARTESIAN_POINT('',(-2.226567658159,-0.882561866149));
#8663 = CARTESIAN_POINT('',(-2.243389982462,-0.866546793919));
#8664 = CARTESIAN_POINT('',(-2.260161217442,-0.851240447341));
#8665 = CARTESIAN_POINT('',(-2.276876523571,-0.836620098224));
#8666 = CARTESIAN_POINT('',(-2.293530801387,-0.822662560808));
#8667 = ( GEOMETRIC_REPRESENTATION_CONTEXT(2) 
PARAMETRIC_REPRESENTATION_CONTEXT() REPRESENTATION_CONTEXT('2D SPACE',''
  ) );
#8668 = PCURVE('',#4505,#8669);
#8669 = DEFINITIONAL_REPRESENTATION('',(#8670),#8709);
#8670 = B_SPLINE_CURVE_WITH_KNOTS('',7,(#8671,#8672,#8673,#8674,#8675,
    #8676,#8677,#8678,#8679,#8680,#8681,#8682,#8683,#8684,#8685,#8686,
    #8687,#8688,#8689,#8690,#8691,#8692,#8693,#8694,#8695,#8696,#8697,
    #8698,#8699,#8700,#8701,#8702,#8703,#8704,#8705,#8706,#8707,#8708),
  .UNSPECIFIED.,.F.,.F.,(8,6,6,6,6,6,8),(0.,0.50143945122,0.620397348006
    ,0.683017478077,0.809504623489,0.93422785616,1.),.UNSPECIFIED.);
#8671 = CARTESIAN_POINT('',(2.078629553346,-18.0000006));
#8672 = CARTESIAN_POINT('',(2.128524204665,-17.8127682284));
#8673 = CARTESIAN_POINT('',(2.179217935285,-17.63411528846));
#8674 = CARTESIAN_POINT('',(2.231367636838,-17.46656066707));
#8675 = CARTESIAN_POINT('',(2.285378654324,-17.31429745682));
#8676 = CARTESIAN_POINT('',(2.341503891077,-17.18411032273));
#8677 = CARTESIAN_POINT('',(2.399868064781,-17.08558282389));
#8678 = CARTESIAN_POINT('',(2.47469713579,-17.02015027772));
#8679 = CARTESIAN_POINT('',(2.48916987836,-17.01016773463));
#8680 = CARTESIAN_POINT('',(2.503755490747,-17.00294833774));
#8681 = CARTESIAN_POINT('',(2.51844206754,-16.9986937597));
#8682 = CARTESIAN_POINT('',(2.533217453588,-16.9976085027));
#8683 = CARTESIAN_POINT('',(2.548069103896,-16.99990040144));
#8684 = CARTESIAN_POINT('',(2.570835201992,-17.00887677379));
#8685 = CARTESIAN_POINT('',(2.578702434039,-17.01296629119));
#8686 = CARTESIAN_POINT('',(2.586581456394,-17.01807899679));
#8687 = CARTESIAN_POINT('',(2.594468139191,-17.0242427656));
#8688 = CARTESIAN_POINT('',(2.602358405951,-17.0314840291));
#8689 = CARTESIAN_POINT('',(2.610248233589,-17.03982777526));
#8690 = CARTESIAN_POINT('',(2.634061503643,-17.06842565617));
#8691 = CARTESIAN_POINT('',(2.649981042549,-17.0921595986));
#8692 = CARTESIAN_POINT('',(2.665837448369,-17.12067701392));
#8693 = CARTESIAN_POINT('',(2.681578496291,-17.15409625843));
#8694 = CARTESIAN_POINT('',(2.697154426906,-17.19247405501));
#8695 = CARTESIAN_POINT('',(2.712517815673,-17.2358031415));
#8696 = CARTESIAN_POINT('',(2.742518415216,-17.33154443422));
#8697 = CARTESIAN_POINT('',(2.757147722838,-17.38377357842));
#8698 = CARTESIAN_POINT('',(2.771469539362,-17.44061121159));
#8699 = CARTESIAN_POINT('',(2.78544393504,-17.50190865204));
#8700 = CARTESIAN_POINT('',(2.799033231976,-17.56745243904));
#8701 = CARTESIAN_POINT('',(2.812202359861,-17.63696209533));
#8702 = CARTESIAN_POINT('',(2.831625376929,-17.74865039457));
#8703 = CARTESIAN_POINT('',(2.838207569131,-17.78822879132));
#8704 = CARTESIAN_POINT('',(2.844663380418,-17.8287867702));
#8705 = CARTESIAN_POINT('',(2.8509905255,-17.87028551542));
#8706 = CARTESIAN_POINT('',(2.857186841675,-17.9126837051));
#8707 = CARTESIAN_POINT('',(2.863250288827,-17.9559375113));
#8708 = CARTESIAN_POINT('',(2.869178949429,-18.0000006));
#8709 = ( GEOMETRIC_REPRESENTATION_CONTEXT(2) 
PARAMETRIC_REPRESENTATION_CONTEXT() REPRESENTATION_CONTEXT('2D SPACE',''
  ) );
#8710 = ORIENTED_EDGE('',*,*,#8711,.F.);
#8711 = EDGE_CURVE('',#8712,#8584,#8714,.T.);
#8712 = VERTEX_POINT('',#8713);
#8713 = CARTESIAN_POINT('',(-47.12092080496,2.354248688935,73.));
#8714 = SURFACE_CURVE('',#8715,(#8719,#8725),.PCURVE_S1.);
#8715 = LINE('',#8716,#8717);
#8716 = CARTESIAN_POINT('',(-49.25,2.354248688935,73.));
#8717 = VECTOR('',#8718,1.);
#8718 = DIRECTION('',(-1.,-0.,-0.));
#8719 = PCURVE('',#2815,#8720);
#8720 = DEFINITIONAL_REPRESENTATION('',(#8721),#8724);
#8721 = B_SPLINE_CURVE_WITH_KNOTS('',1,(#8722,#8723),.UNSPECIFIED.,.F.,
  .F.,(2,2),(-19.75,5.999999999062E-07),.PIECEWISE_BEZIER_KNOTS.);
#8722 = CARTESIAN_POINT('',(-2.293530574608,-19.75));
#8723 = CARTESIAN_POINT('',(-2.293530574608,5.999999999062E-07));
#8724 = ( GEOMETRIC_REPRESENTATION_CONTEXT(2) 
PARAMETRIC_REPRESENTATION_CONTEXT() REPRESENTATION_CONTEXT('2D SPACE',''
  ) );
#8725 = PCURVE('',#8418,#8726);
#8726 = DEFINITIONAL_REPRESENTATION('',(#8727),#8730);
#8727 = B_SPLINE_CURVE_WITH_KNOTS('',1,(#8728,#8729),.UNSPECIFIED.,.F.,
  .F.,(2,2),(-19.75,5.999999999062E-07),.PIECEWISE_BEZIER_KNOTS.);
#8728 = CARTESIAN_POINT('',(10.5,2.354248688935));
#8729 = CARTESIAN_POINT('',(-9.2500006,2.354248688935));
#8730 = ( GEOMETRIC_REPRESENTATION_CONTEXT(2) 
PARAMETRIC_REPRESENTATION_CONTEXT() REPRESENTATION_CONTEXT('2D SPACE',''
  ) );
#8731 = ORIENTED_EDGE('',*,*,#8732,.T.);
#8732 = EDGE_CURVE('',#8712,#6951,#8733,.T.);
#8733 = SURFACE_CURVE('',#8734,(#8762,#8793),.PCURVE_S1.);
#8734 = B_SPLINE_CURVE_WITH_KNOTS('',6,(#8735,#8736,#8737,#8738,#8739,
    #8740,#8741,#8742,#8743,#8744,#8745,#8746,#8747,#8748,#8749,#8750,
    #8751,#8752,#8753,#8754,#8755,#8756,#8757,#8758,#8759,#8760,#8761),
  .UNSPECIFIED.,.F.,.F.,(7,5,5,5,5,7),(0.,0.168226489886,0.284320411487,
    0.612122285607,0.896756199612,1.),.UNSPECIFIED.);
#8735 = CARTESIAN_POINT('',(-47.12092058004,2.354249369272,73.0000006));
#8736 = CARTESIAN_POINT('',(-47.16232221414,2.229021450685,
    72.889560007226));
#8737 = CARTESIAN_POINT('',(-47.19865460569,2.110259509763,
    72.77367006827));
#8738 = CARTESIAN_POINT('',(-47.23046331281,1.998261809899,
    72.652906323452));
#8739 = CARTESIAN_POINT('',(-47.25825972079,1.893266827704,
    72.527880033309));
#8740 = CARTESIAN_POINT('',(-47.2825144641,1.795446601647,
    72.399238875077));
#8741 = CARTESIAN_POINT('',(-47.31823717029,1.642413484712,
    72.176869687214));
#8742 = CARTESIAN_POINT('',(-47.33134733633,1.583352645716,
    72.084620738261));
#8743 = CARTESIAN_POINT('',(-47.34312884645,1.527707388377,
    71.99106931252));
#8744 = CARTESIAN_POINT('',(-47.35371309445,1.475462677697,
    71.896356553987));
#8745 = CARTESIAN_POINT('',(-47.36321651188,1.426599420389,
    71.800616163731));
#8746 = CARTESIAN_POINT('',(-47.39581339852,1.252610098417,
    71.431097228709));
#8747 = CARTESIAN_POINT('',(-47.41208395997,1.150917368931,
    71.151057261781));
#8748 = CARTESIAN_POINT('',(-47.42290578015,1.075286482213,
    70.866232733203));
#8749 = CARTESIAN_POINT('',(-47.42965823825,1.025094770739,
    70.578449428418));
#8750 = CARTESIAN_POINT('',(-47.43303437365,1.,70.289222200426));
#8751 = CARTESIAN_POINT('',(-47.43303437365,1.,69.748865234083));
#8752 = CARTESIAN_POINT('',(-47.43048889333,1.018920580647,
    69.497730983515));
#8753 = CARTESIAN_POINT('',(-47.42539797566,1.056761747489,
    69.247548420047));
#8754 = CARTESIAN_POINT('',(-47.41736787853,1.113716247322,
    68.999299053903));
#8755 = CARTESIAN_POINT('',(-47.40561427828,1.190144337038,68.7541176743
    ));
#8756 = CARTESIAN_POINT('',(-47.38275137287,1.321454050958,
    68.426105410617));
#8757 = CARTESIAN_POINT('',(-47.37600480838,1.359027030961,
    68.33938712768));
#8758 = CARTESIAN_POINT('',(-47.36853617898,1.399240271849,
    68.253334618074));
#8759 = CARTESIAN_POINT('',(-47.36027527092,1.442111850467,
    68.168028063727));
#8760 = CARTESIAN_POINT('',(-47.35114271747,1.487659124259,
    68.083552816863));
#8761 = CARTESIAN_POINT('',(-47.34104999896,1.535898731272,67.9999994));
#8762 = PCURVE('',#2815,#8763);
#8763 = DEFINITIONAL_REPRESENTATION('',(#8764),#8792);
#8764 = B_SPLINE_CURVE_WITH_KNOTS('',6,(#8765,#8766,#8767,#8768,#8769,
    #8770,#8771,#8772,#8773,#8774,#8775,#8776,#8777,#8778,#8779,#8780,
    #8781,#8782,#8783,#8784,#8785,#8786,#8787,#8788,#8789,#8790,#8791),
  .UNSPECIFIED.,.F.,.F.,(7,5,5,5,5,7),(0.,0.168226489886,0.284320411487,
    0.612122285607,0.896756199612,1.),.UNSPECIFIED.);
#8765 = CARTESIAN_POINT('',(-2.29353034783,-2.129079419957));
#8766 = CARTESIAN_POINT('',(-2.33527297901,-2.087677785851));
#8767 = CARTESIAN_POINT('',(-2.376704364088,-2.051345394303));
#8768 = CARTESIAN_POINT('',(-2.417804216866,-2.019536687188));
#8769 = CARTESIAN_POINT('',(-2.458548107502,-1.991740279209));
#8770 = CARTESIAN_POINT('',(-2.498904914362,-1.9674855359));
#8771 = CARTESIAN_POINT('',(-2.566389723111,-1.931762829704));
#8772 = CARTESIAN_POINT('',(-2.593758464532,-1.918652663663));
#8773 = CARTESIAN_POINT('',(-2.620949015008,-1.90687115355));
#8774 = CARTESIAN_POINT('',(-2.647969551508,-1.896286905545));
#8775 = CARTESIAN_POINT('',(-2.67482811914,-1.88678348812));
#8776 = CARTESIAN_POINT('',(-2.776936066767,-1.854186601475));
#8777 = CARTESIAN_POINT('',(-2.851106097058,-1.837916040026));
#8778 = CARTESIAN_POINT('',(-2.924354185315,-1.827094219848));
#8779 = CARTESIAN_POINT('',(-2.996980258224,-1.820341761745));
#8780 = CARTESIAN_POINT('',(-3.069287103483,-1.816965626341));
#8781 = CARTESIAN_POINT('',(-3.204376345069,-1.816965626341));
#8782 = CARTESIAN_POINT('',(-3.267159922926,-1.819511106663));
#8783 = CARTESIAN_POINT('',(-3.330150953352,-1.824602024337));
#8784 = CARTESIAN_POINT('',(-3.393549885352,-1.832632121467));
#8785 = CARTESIAN_POINT('',(-3.457555985127,-1.844385721714));
#8786 = CARTESIAN_POINT('',(-3.545885724632,-1.867248627126));
#8787 = CARTESIAN_POINT('',(-3.569503489345,-1.873995191612));
#8788 = CARTESIAN_POINT('',(-3.593235354206,-1.881463821013));
#8789 = CARTESIAN_POINT('',(-3.617088924819,-1.889724729079));
#8790 = CARTESIAN_POINT('',(-3.641071806122,-1.898857282527));
#8791 = CARTESIAN_POINT('',(-3.665191602393,-1.908950001037));
#8792 = ( GEOMETRIC_REPRESENTATION_CONTEXT(2) 
PARAMETRIC_REPRESENTATION_CONTEXT() REPRESENTATION_CONTEXT('2D SPACE',''
  ) );
#8793 = PCURVE('',#6969,#8794);
#8794 = DEFINITIONAL_REPRESENTATION('',(#8795),#8823);
#8795 = B_SPLINE_CURVE_WITH_KNOTS('',6,(#8796,#8797,#8798,#8799,#8800,
    #8801,#8802,#8803,#8804,#8805,#8806,#8807,#8808,#8809,#8810,#8811,
    #8812,#8813,#8814,#8815,#8816,#8817,#8818,#8819,#8820,#8821,#8822),
  .UNSPECIFIED.,.F.,.F.,(7,5,5,5,5,7),(1.523230447536E-07,0.168226489886
    ,0.284320411487,0.612122285607,0.896756199612,0.999999876434),
  .UNSPECIFIED.);
#8796 = CARTESIAN_POINT('',(2.822294963985,-18.));
#8797 = CARTESIAN_POINT('',(2.839880860437,-18.11044051744));
#8798 = CARTESIAN_POINT('',(2.856436044257,-18.22633036911));
#8799 = CARTESIAN_POINT('',(2.871955356204,-18.34709401616));
#8800 = CARTESIAN_POINT('',(2.886434107277,-18.47212019965));
#8801 = CARTESIAN_POINT('',(2.899870474385,-18.60076124405));
#8802 = CARTESIAN_POINT('',(2.92082342492,-18.82313031278));
#8803 = CARTESIAN_POINT('',(2.928889404662,-18.91537926173));
#8804 = CARTESIAN_POINT('',(2.936472746495,-19.00893068748));
#8805 = CARTESIAN_POINT('',(2.943579882926,-19.10364344601));
#8806 = CARTESIAN_POINT('',(2.950216902468,-19.19938383626));
#8807 = CARTESIAN_POINT('',(2.973819102433,-19.56890277129));
#8808 = CARTESIAN_POINT('',(2.987545777841,-19.84894273821));
#8809 = CARTESIAN_POINT('',(2.997732522254,-20.13376726679));
#8810 = CARTESIAN_POINT('',(3.004484924811,-20.42155057158));
#8811 = CARTESIAN_POINT('',(3.00786106418,-20.71077779957));
#8812 = CARTESIAN_POINT('',(3.00786106418,-21.25113476591));
#8813 = CARTESIAN_POINT('',(3.005315583935,-21.50226901648));
#8814 = CARTESIAN_POINT('',(3.000224677348,-21.75245157995));
#8815 = CARTESIAN_POINT('',(2.992555701385,-22.00070094609));
#8816 = CARTESIAN_POINT('',(2.98224750057,-22.2458823257));
#8817 = CARTESIAN_POINT('',(2.964476141792,-22.57389448488));
#8818 = CARTESIAN_POINT('',(2.959386350333,-22.66061266474));
#8819 = CARTESIAN_POINT('',(2.953933073598,-22.74666507295));
#8820 = CARTESIAN_POINT('',(2.948111963828,-22.83197152788));
#8821 = CARTESIAN_POINT('',(2.941918327192,-22.91644667762));
#8822 = CARTESIAN_POINT('',(2.935347123795,-23.));
#8823 = ( GEOMETRIC_REPRESENTATION_CONTEXT(2) 
PARAMETRIC_REPRESENTATION_CONTEXT() REPRESENTATION_CONTEXT('2D SPACE',''
  ) );
#8824 = ORIENTED_EDGE('',*,*,#7002,.F.);
#8825 = ADVANCED_FACE('',(#8826),#3653,.F.);
#8826 = FACE_BOUND('',#8827,.F.);
#8827 = EDGE_LOOP('',(#8828,#8829));
#8828 = ORIENTED_EDGE('',*,*,#6289,.F.);
#8829 = ORIENTED_EDGE('',*,*,#3636,.T.);
#8830 = ADVANCED_FACE('',(#8831),#3704,.F.);
#8831 = FACE_BOUND('',#8832,.F.);
#8832 = EDGE_LOOP('',(#8833,#8834,#8835));
#8833 = ORIENTED_EDGE('',*,*,#3757,.F.);
#8834 = ORIENTED_EDGE('',*,*,#3689,.T.);
#8835 = ORIENTED_EDGE('',*,*,#4670,.F.);
#8836 = ADVANCED_FACE('',(#8837),#3739,.F.);
#8837 = FACE_BOUND('',#8838,.F.);
#8838 = EDGE_LOOP('',(#8839,#8860,#8861,#8862));
#8839 = ORIENTED_EDGE('',*,*,#8840,.F.);
#8840 = EDGE_CURVE('',#3719,#4641,#8841,.T.);
#8841 = SEAM_CURVE('',#8842,(#8846,#8853),.PCURVE_S1.);
#8842 = LINE('',#8843,#8844);
#8843 = CARTESIAN_POINT('',(-33.65,0.,91.));
#8844 = VECTOR('',#8845,1.);
#8845 = DIRECTION('',(-0.,-0.,-1.));
#8846 = PCURVE('',#3739,#8847);
#8847 = DEFINITIONAL_REPRESENTATION('',(#8848),#8852);
#8848 = LINE('',#8849,#8850);
#8849 = CARTESIAN_POINT('',(6.28318530718,0.));
#8850 = VECTOR('',#8851,1.);
#8851 = DIRECTION('',(0.,-1.));
#8852 = ( GEOMETRIC_REPRESENTATION_CONTEXT(2) 
PARAMETRIC_REPRESENTATION_CONTEXT() REPRESENTATION_CONTEXT('2D SPACE',''
  ) );
#8853 = PCURVE('',#3739,#8854);
#8854 = DEFINITIONAL_REPRESENTATION('',(#8855),#8859);
#8855 = LINE('',#8856,#8857);
#8856 = CARTESIAN_POINT('',(0.,0.));
#8857 = VECTOR('',#8858,1.);
#8858 = DIRECTION('',(0.,-1.));
#8859 = ( GEOMETRIC_REPRESENTATION_CONTEXT(2) 
PARAMETRIC_REPRESENTATION_CONTEXT() REPRESENTATION_CONTEXT('2D SPACE',''
  ) );
#8860 = ORIENTED_EDGE('',*,*,#3718,.T.);
#8861 = ORIENTED_EDGE('',*,*,#8840,.T.);
#8862 = ORIENTED_EDGE('',*,*,#4640,.T.);
#8863 = ADVANCED_FACE('',(#8864),#3828,.T.);
#8864 = FACE_BOUND('',#8865,.T.);
#8865 = EDGE_LOOP('',(#8866));
#8866 = ORIENTED_EDGE('',*,*,#3811,.T.);
#8867 = ADVANCED_FACE('',(#8868),#3883,.T.);
#8868 = FACE_BOUND('',#8869,.T.);
#8869 = EDGE_LOOP('',(#8870));
#8870 = ORIENTED_EDGE('',*,*,#3866,.T.);
#8871 = ADVANCED_FACE('',(#8872),#3940,.T.);
#8872 = FACE_BOUND('',#8873,.T.);
#8873 = EDGE_LOOP('',(#8874,#8875,#8876,#8895,#8896,#8897));
#8874 = ORIENTED_EDGE('',*,*,#3975,.T.);
#8875 = ORIENTED_EDGE('',*,*,#3921,.T.);
#8876 = ORIENTED_EDGE('',*,*,#8877,.F.);
#8877 = EDGE_CURVE('',#7235,#3924,#8878,.T.);
#8878 = SURFACE_CURVE('',#8879,(#8883,#8889),.PCURVE_S1.);
#8879 = LINE('',#8880,#8881);
#8880 = CARTESIAN_POINT('',(46.,6.368869601428,91.));
#8881 = VECTOR('',#8882,1.);
#8882 = DIRECTION('',(0.,0.,1.));
#8883 = PCURVE('',#3940,#8884);
#8884 = DEFINITIONAL_REPRESENTATION('',(#8885),#8888);
#8885 = B_SPLINE_CURVE_WITH_KNOTS('',1,(#8886,#8887),.UNSPECIFIED.,.F.,
  .F.,(2,2),(-18.0000006,-15.84),.PIECEWISE_BEZIER_KNOTS.);
#8886 = CARTESIAN_POINT('',(2.9999994,-1.368869601428));
#8887 = CARTESIAN_POINT('',(5.16,-1.368869601428));
#8888 = ( GEOMETRIC_REPRESENTATION_CONTEXT(2) 
PARAMETRIC_REPRESENTATION_CONTEXT() REPRESENTATION_CONTEXT('2D SPACE',''
  ) );
#8889 = PCURVE('',#4296,#8890);
#8890 = DEFINITIONAL_REPRESENTATION('',(#8891),#8894);
#8891 = B_SPLINE_CURVE_WITH_KNOTS('',1,(#8892,#8893),.UNSPECIFIED.,.F.,
  .F.,(2,2),(-18.0000006,-15.84),.PIECEWISE_BEZIER_KNOTS.);
#8892 = CARTESIAN_POINT('',(0.815211745152,-18.0000006));
#8893 = CARTESIAN_POINT('',(0.815211745152,-15.84));
#8894 = ( GEOMETRIC_REPRESENTATION_CONTEXT(2) 
PARAMETRIC_REPRESENTATION_CONTEXT() REPRESENTATION_CONTEXT('2D SPACE',''
  ) );
#8895 = ORIENTED_EDGE('',*,*,#7234,.T.);
#8896 = ORIENTED_EDGE('',*,*,#8043,.T.);
#8897 = ORIENTED_EDGE('',*,*,#8898,.F.);
#8898 = EDGE_CURVE('',#3976,#7682,#8899,.T.);
#8899 = SURFACE_CURVE('',#8900,(#8904,#8910),.PCURVE_S1.);
#8900 = LINE('',#8901,#8902);
#8901 = CARTESIAN_POINT('',(46.,4.069705149025,91.));
#8902 = VECTOR('',#8903,1.);
#8903 = DIRECTION('',(0.,0.,1.));
#8904 = PCURVE('',#3940,#8905);
#8905 = DEFINITIONAL_REPRESENTATION('',(#8906),#8909);
#8906 = B_SPLINE_CURVE_WITH_KNOTS('',1,(#8907,#8908),.UNSPECIFIED.,.F.,
  .F.,(2,2),(-26.16,-22.9999994),.PIECEWISE_BEZIER_KNOTS.);
#8907 = CARTESIAN_POINT('',(-5.16,0.930294850975));
#8908 = CARTESIAN_POINT('',(-1.9999994,0.930294850975));
#8909 = ( GEOMETRIC_REPRESENTATION_CONTEXT(2) 
PARAMETRIC_REPRESENTATION_CONTEXT() REPRESENTATION_CONTEXT('2D SPACE',''
  ) );
#8910 = PCURVE('',#4045,#8911);
#8911 = DEFINITIONAL_REPRESENTATION('',(#8912),#8915);
#8912 = B_SPLINE_CURVE_WITH_KNOTS('',1,(#8913,#8914),.UNSPECIFIED.,.F.,
  .F.,(2,2),(-26.16,-22.9999994),.PIECEWISE_BEZIER_KNOTS.);
#8913 = CARTESIAN_POINT('',(0.596002439188,-26.16));
#8914 = CARTESIAN_POINT('',(0.596002439188,-22.9999994));
#8915 = ( GEOMETRIC_REPRESENTATION_CONTEXT(2) 
PARAMETRIC_REPRESENTATION_CONTEXT() REPRESENTATION_CONTEXT('2D SPACE',''
  ) );
#8916 = ADVANCED_FACE('',(#8917),#4296,.F.);
#8917 = FACE_BOUND('',#8918,.F.);
#8918 = EDGE_LOOP('',(#8919,#8920,#8943,#8965,#8966,#8967,#8968,#8990,
    #8991,#9013));
#8919 = ORIENTED_EDGE('',*,*,#4523,.F.);
#8920 = ORIENTED_EDGE('',*,*,#8921,.T.);
#8921 = EDGE_CURVE('',#4524,#8922,#8924,.T.);
#8922 = VERTEX_POINT('',#8923);
#8923 = CARTESIAN_POINT('',(48.75,0.,73.));
#8924 = SEAM_CURVE('',#8925,(#8929,#8936),.PCURVE_S1.);
#8925 = LINE('',#8926,#8927);
#8926 = CARTESIAN_POINT('',(48.75,0.,91.));
#8927 = VECTOR('',#8928,1.);
#8928 = DIRECTION('',(-0.,-0.,-1.));
#8929 = PCURVE('',#4296,#8930);
#8930 = DEFINITIONAL_REPRESENTATION('',(#8931),#8935);
#8931 = LINE('',#8932,#8933);
#8932 = CARTESIAN_POINT('',(6.28318530718,0.));
#8933 = VECTOR('',#8934,1.);
#8934 = DIRECTION('',(0.,-1.));
#8935 = ( GEOMETRIC_REPRESENTATION_CONTEXT(2) 
PARAMETRIC_REPRESENTATION_CONTEXT() REPRESENTATION_CONTEXT('2D SPACE',''
  ) );
#8936 = PCURVE('',#4296,#8937);
#8937 = DEFINITIONAL_REPRESENTATION('',(#8938),#8942);
#8938 = LINE('',#8939,#8940);
#8939 = CARTESIAN_POINT('',(0.,0.));
#8940 = VECTOR('',#8941,1.);
#8941 = DIRECTION('',(0.,-1.));
#8942 = ( GEOMETRIC_REPRESENTATION_CONTEXT(2) 
PARAMETRIC_REPRESENTATION_CONTEXT() REPRESENTATION_CONTEXT('2D SPACE',''
  ) );
#8943 = ORIENTED_EDGE('',*,*,#8944,.T.);
#8944 = EDGE_CURVE('',#8922,#4199,#8945,.T.);
#8945 = SURFACE_CURVE('',#8946,(#8951,#8958),.PCURVE_S1.);
#8946 = CIRCLE('',#8947,8.75);
#8947 = AXIS2_PLACEMENT_3D('',#8948,#8949,#8950);
#8948 = CARTESIAN_POINT('',(40.,0.,73.));
#8949 = DIRECTION('',(0.,0.,1.));
#8950 = DIRECTION('',(1.,0.,0.));
#8951 = PCURVE('',#4296,#8952);
#8952 = DEFINITIONAL_REPRESENTATION('',(#8953),#8957);
#8953 = LINE('',#8954,#8955);
#8954 = CARTESIAN_POINT('',(0.,-18.));
#8955 = VECTOR('',#8956,1.);
#8956 = DIRECTION('',(1.,0.));
#8957 = ( GEOMETRIC_REPRESENTATION_CONTEXT(2) 
PARAMETRIC_REPRESENTATION_CONTEXT() REPRESENTATION_CONTEXT('2D SPACE',''
  ) );
#8958 = PCURVE('',#4213,#8959);
#8959 = DEFINITIONAL_REPRESENTATION('',(#8960),#8964);
#8960 = CIRCLE('',#8961,8.75);
#8961 = AXIS2_PLACEMENT_2D('',#8962,#8963);
#8962 = CARTESIAN_POINT('',(0.,-5.8048458399E-16));
#8963 = DIRECTION('',(1.,0.));
#8964 = ( GEOMETRIC_REPRESENTATION_CONTEXT(2) 
PARAMETRIC_REPRESENTATION_CONTEXT() REPRESENTATION_CONTEXT('2D SPACE',''
  ) );
#8965 = ORIENTED_EDGE('',*,*,#4224,.F.);
#8966 = ORIENTED_EDGE('',*,*,#8877,.F.);
#8967 = ORIENTED_EDGE('',*,*,#7262,.F.);
#8968 = ORIENTED_EDGE('',*,*,#8969,.T.);
#8969 = EDGE_CURVE('',#7263,#7391,#8970,.T.);
#8970 = SURFACE_CURVE('',#8971,(#8976,#8983),.PCURVE_S1.);
#8971 = CIRCLE('',#8972,8.75);
#8972 = AXIS2_PLACEMENT_3D('',#8973,#8974,#8975);
#8973 = CARTESIAN_POINT('',(40.,0.,73.));
#8974 = DIRECTION('',(0.,0.,1.));
#8975 = DIRECTION('',(1.,0.,0.));
#8976 = PCURVE('',#4296,#8977);
#8977 = DEFINITIONAL_REPRESENTATION('',(#8978),#8982);
#8978 = LINE('',#8979,#8980);
#8979 = CARTESIAN_POINT('',(0.,-18.));
#8980 = VECTOR('',#8981,1.);
#8981 = DIRECTION('',(1.,0.));
#8982 = ( GEOMETRIC_REPRESENTATION_CONTEXT(2) 
PARAMETRIC_REPRESENTATION_CONTEXT() REPRESENTATION_CONTEXT('2D SPACE',''
  ) );
#8983 = PCURVE('',#7405,#8984);
#8984 = DEFINITIONAL_REPRESENTATION('',(#8985),#8989);
#8985 = CIRCLE('',#8986,8.75);
#8986 = AXIS2_PLACEMENT_2D('',#8987,#8988);
#8987 = CARTESIAN_POINT('',(0.,-5.8048458399E-16));
#8988 = DIRECTION('',(1.,0.));
#8989 = ( GEOMETRIC_REPRESENTATION_CONTEXT(2) 
PARAMETRIC_REPRESENTATION_CONTEXT() REPRESENTATION_CONTEXT('2D SPACE',''
  ) );
#8990 = ORIENTED_EDGE('',*,*,#7416,.T.);
#8991 = ORIENTED_EDGE('',*,*,#8992,.T.);
#8992 = EDGE_CURVE('',#7417,#8922,#8993,.T.);
#8993 = SURFACE_CURVE('',#8994,(#8999,#9006),.PCURVE_S1.);
#8994 = CIRCLE('',#8995,8.75);
#8995 = AXIS2_PLACEMENT_3D('',#8996,#8997,#8998);
#8996 = CARTESIAN_POINT('',(40.,0.,73.));
#8997 = DIRECTION('',(0.,0.,1.));
#8998 = DIRECTION('',(1.,0.,0.));
#8999 = PCURVE('',#4296,#9000);
#9000 = DEFINITIONAL_REPRESENTATION('',(#9001),#9005);
#9001 = LINE('',#9002,#9003);
#9002 = CARTESIAN_POINT('',(0.,-18.));
#9003 = VECTOR('',#9004,1.);
#9004 = DIRECTION('',(1.,0.));
#9005 = ( GEOMETRIC_REPRESENTATION_CONTEXT(2) 
PARAMETRIC_REPRESENTATION_CONTEXT() REPRESENTATION_CONTEXT('2D SPACE',''
  ) );
#9006 = PCURVE('',#4213,#9007);
#9007 = DEFINITIONAL_REPRESENTATION('',(#9008),#9012);
#9008 = CIRCLE('',#9009,8.75);
#9009 = AXIS2_PLACEMENT_2D('',#9010,#9011);
#9010 = CARTESIAN_POINT('',(0.,-5.8048458399E-16));
#9011 = DIRECTION('',(1.,0.));
#9012 = ( GEOMETRIC_REPRESENTATION_CONTEXT(2) 
PARAMETRIC_REPRESENTATION_CONTEXT() REPRESENTATION_CONTEXT('2D SPACE',''
  ) );
#9013 = ORIENTED_EDGE('',*,*,#8921,.F.);
#9014 = ADVANCED_FACE('',(#9015),#4213,.T.);
#9015 = FACE_BOUND('',#9016,.T.);
#9016 = EDGE_LOOP('',(#9017,#9018,#9019,#9020,#9021));
#9017 = ORIENTED_EDGE('',*,*,#7544,.T.);
#9018 = ORIENTED_EDGE('',*,*,#8992,.T.);
#9019 = ORIENTED_EDGE('',*,*,#8944,.T.);
#9020 = ORIENTED_EDGE('',*,*,#4198,.T.);
#9021 = ORIENTED_EDGE('',*,*,#9022,.T.);
#9022 = EDGE_CURVE('',#4099,#7545,#9023,.T.);
#9023 = SURFACE_CURVE('',#9024,(#9029,#9040),.PCURVE_S1.);
#9024 = CIRCLE('',#9025,7.5);
#9025 = AXIS2_PLACEMENT_3D('',#9026,#9027,#9028);
#9026 = CARTESIAN_POINT('',(40.,0.,73.));
#9027 = DIRECTION('',(0.,0.,-1.));
#9028 = DIRECTION('',(0.949456107329,0.313899825191,0.));
#9029 = PCURVE('',#4213,#9030);
#9030 = DEFINITIONAL_REPRESENTATION('',(#9031),#9039);
#9031 = ( BOUNDED_CURVE() B_SPLINE_CURVE(2,(#9032,#9033,#9034,#9035,
#9036,#9037,#9038),.UNSPECIFIED.,.T.,.F.) B_SPLINE_CURVE_WITH_KNOTS((1,2
    ,2,2,2,1),(-2.094395102393,0.,2.094395102393,4.188790204786,
6.28318530718,8.377580409573),.UNSPECIFIED.) CURVE() 
GEOMETRIC_REPRESENTATION_ITEM() RATIONAL_B_SPLINE_CURVE((1.,0.5,1.,0.5,
1.,0.5,1.)) REPRESENTATION_ITEM('') );
#9032 = CARTESIAN_POINT('',(7.120920804969,2.354248688935));
#9033 = CARTESIAN_POINT('',(11.198599147858,-9.979547941946));
#9034 = CARTESIAN_POINT('',(-1.52162123104,-7.344022659908));
#9035 = CARTESIAN_POINT('',(-14.24184160993,-4.708497377871));
#9036 = CARTESIAN_POINT('',(-5.599299573929,4.989773970973));
#9037 = CARTESIAN_POINT('',(3.043242462081,14.688045319817));
#9038 = CARTESIAN_POINT('',(7.120920804969,2.354248688935));
#9039 = ( GEOMETRIC_REPRESENTATION_CONTEXT(2) 
PARAMETRIC_REPRESENTATION_CONTEXT() REPRESENTATION_CONTEXT('2D SPACE',''
  ) );
#9040 = PCURVE('',#4162,#9041);
#9041 = DEFINITIONAL_REPRESENTATION('',(#9042),#9046);
#9042 = LINE('',#9043,#9044);
#9043 = CARTESIAN_POINT('',(6.602482996785,-18.));
#9044 = VECTOR('',#9045,1.);
#9045 = DIRECTION('',(-1.,-0.));
#9046 = ( GEOMETRIC_REPRESENTATION_CONTEXT(2) 
PARAMETRIC_REPRESENTATION_CONTEXT() REPRESENTATION_CONTEXT('2D SPACE',''
  ) );
#9047 = ADVANCED_FACE('',(#9048),#4162,.F.);
#9048 = FACE_BOUND('',#9049,.F.);
#9049 = EDGE_LOOP('',(#9050,#9051,#9052,#9053));
#9050 = ORIENTED_EDGE('',*,*,#4098,.F.);
#9051 = ORIENTED_EDGE('',*,*,#9022,.T.);
#9052 = ORIENTED_EDGE('',*,*,#7565,.T.);
#9053 = ORIENTED_EDGE('',*,*,#9054,.F.);
#9054 = EDGE_CURVE('',#4073,#7566,#9055,.T.);
#9055 = SURFACE_CURVE('',#9056,(#9061,#9068),.PCURVE_S1.);
#9056 = CIRCLE('',#9057,7.5);
#9057 = AXIS2_PLACEMENT_3D('',#9058,#9059,#9060);
#9058 = CARTESIAN_POINT('',(40.,0.,68.));
#9059 = DIRECTION('',(0.,0.,-1.));
#9060 = DIRECTION('',(0.978806676192,0.204786451315,0.));
#9061 = PCURVE('',#4162,#9062);
#9062 = DEFINITIONAL_REPRESENTATION('',(#9063),#9067);
#9063 = LINE('',#9064,#9065);
#9064 = CARTESIAN_POINT('',(6.489430836974,-23.));
#9065 = VECTOR('',#9066,1.);
#9066 = DIRECTION('',(-1.,-0.));
#9067 = ( GEOMETRIC_REPRESENTATION_CONTEXT(2) 
PARAMETRIC_REPRESENTATION_CONTEXT() REPRESENTATION_CONTEXT('2D SPACE',''
  ) );
#9068 = PCURVE('',#4087,#9069);
#9069 = DEFINITIONAL_REPRESENTATION('',(#9070),#9078);
#9070 = ( BOUNDED_CURVE() B_SPLINE_CURVE(2,(#9071,#9072,#9073,#9074,
#9075,#9076,#9077),.UNSPECIFIED.,.T.,.F.) B_SPLINE_CURVE_WITH_KNOTS((1,2
    ,2,2,2,1),(-2.094395102393,0.,2.094395102393,4.188790204786,
6.28318530718,8.377580409573),.UNSPECIFIED.) CURVE() 
GEOMETRIC_REPRESENTATION_ITEM() RATIONAL_B_SPLINE_CURVE((1.,0.5,1.,0.5,
1.,0.5,1.)) REPRESENTATION_ITEM('') );
#9071 = CARTESIAN_POINT('',(7.341050071439,1.535898384862));
#9072 = CARTESIAN_POINT('',(10.001304109284,-11.17917331977));
#9073 = CARTESIAN_POINT('',(-2.340398016797,-7.125485044751));
#9074 = CARTESIAN_POINT('',(-14.68210014287,-3.071796769724));
#9075 = CARTESIAN_POINT('',(-5.000652054642,5.589586659889));
#9076 = CARTESIAN_POINT('',(4.680796033595,14.250970089502));
#9077 = CARTESIAN_POINT('',(7.341050071439,1.535898384862));
#9078 = ( GEOMETRIC_REPRESENTATION_CONTEXT(2) 
PARAMETRIC_REPRESENTATION_CONTEXT() REPRESENTATION_CONTEXT('2D SPACE',''
  ) );
#9079 = ADVANCED_FACE('',(#9080),#4087,.T.);
#9080 = FACE_BOUND('',#9081,.T.);
#9081 = EDGE_LOOP('',(#9082,#9106,#9107,#9108,#9109));
#9082 = ORIENTED_EDGE('',*,*,#9083,.F.);
#9083 = EDGE_CURVE('',#7661,#9084,#9086,.T.);
#9084 = VERTEX_POINT('',#9085);
#9085 = CARTESIAN_POINT('',(47.25,0.,68.));
#9086 = SURFACE_CURVE('',#9087,(#9092,#9099),.PCURVE_S1.);
#9087 = CIRCLE('',#9088,7.25);
#9088 = AXIS2_PLACEMENT_3D('',#9089,#9090,#9091);
#9089 = CARTESIAN_POINT('',(40.,0.,68.));
#9090 = DIRECTION('',(0.,0.,1.));
#9091 = DIRECTION('',(1.,0.,-0.));
#9092 = PCURVE('',#4087,#9093);
#9093 = DEFINITIONAL_REPRESENTATION('',(#9094),#9098);
#9094 = CIRCLE('',#9095,7.25);
#9095 = AXIS2_PLACEMENT_2D('',#9096,#9097);
#9096 = CARTESIAN_POINT('',(0.,-4.231397042342E-16));
#9097 = DIRECTION('',(1.,0.));
#9098 = ( GEOMETRIC_REPRESENTATION_CONTEXT(2) 
PARAMETRIC_REPRESENTATION_CONTEXT() REPRESENTATION_CONTEXT('2D SPACE',''
  ) );
#9099 = PCURVE('',#4045,#9100);
#9100 = DEFINITIONAL_REPRESENTATION('',(#9101),#9105);
#9101 = LINE('',#9102,#9103);
#9102 = CARTESIAN_POINT('',(0.,-23.));
#9103 = VECTOR('',#9104,1.);
#9104 = DIRECTION('',(1.,0.));
#9105 = ( GEOMETRIC_REPRESENTATION_CONTEXT(2) 
PARAMETRIC_REPRESENTATION_CONTEXT() REPRESENTATION_CONTEXT('2D SPACE',''
  ) );
#9106 = ORIENTED_EDGE('',*,*,#7660,.T.);
#9107 = ORIENTED_EDGE('',*,*,#9054,.F.);
#9108 = ORIENTED_EDGE('',*,*,#4072,.T.);
#9109 = ORIENTED_EDGE('',*,*,#9110,.F.);
#9110 = EDGE_CURVE('',#9084,#4000,#9111,.T.);
#9111 = SURFACE_CURVE('',#9112,(#9117,#9124),.PCURVE_S1.);
#9112 = CIRCLE('',#9113,7.25);
#9113 = AXIS2_PLACEMENT_3D('',#9114,#9115,#9116);
#9114 = CARTESIAN_POINT('',(40.,0.,68.));
#9115 = DIRECTION('',(0.,0.,1.));
#9116 = DIRECTION('',(1.,0.,-0.));
#9117 = PCURVE('',#4087,#9118);
#9118 = DEFINITIONAL_REPRESENTATION('',(#9119),#9123);
#9119 = CIRCLE('',#9120,7.25);
#9120 = AXIS2_PLACEMENT_2D('',#9121,#9122);
#9121 = CARTESIAN_POINT('',(0.,-4.231397042342E-16));
#9122 = DIRECTION('',(1.,0.));
#9123 = ( GEOMETRIC_REPRESENTATION_CONTEXT(2) 
PARAMETRIC_REPRESENTATION_CONTEXT() REPRESENTATION_CONTEXT('2D SPACE',''
  ) );
#9124 = PCURVE('',#4045,#9125);
#9125 = DEFINITIONAL_REPRESENTATION('',(#9126),#9130);
#9126 = LINE('',#9127,#9128);
#9127 = CARTESIAN_POINT('',(0.,-23.));
#9128 = VECTOR('',#9129,1.);
#9129 = DIRECTION('',(1.,0.));
#9130 = ( GEOMETRIC_REPRESENTATION_CONTEXT(2) 
PARAMETRIC_REPRESENTATION_CONTEXT() REPRESENTATION_CONTEXT('2D SPACE',''
  ) );
#9131 = ADVANCED_FACE('',(#9132),#4045,.F.);
#9132 = FACE_BOUND('',#9133,.F.);
#9133 = EDGE_LOOP('',(#9134,#9157,#9158,#9159,#9160,#9161,#9162,#9163,
    #9190,#9191,#9192,#9193));
#9134 = ORIENTED_EDGE('',*,*,#9135,.F.);
#9135 = EDGE_CURVE('',#9084,#9136,#9138,.T.);
#9136 = VERTEX_POINT('',#9137);
#9137 = CARTESIAN_POINT('',(47.25,0.,58.));
#9138 = SEAM_CURVE('',#9139,(#9143,#9150),.PCURVE_S1.);
#9139 = LINE('',#9140,#9141);
#9140 = CARTESIAN_POINT('',(47.25,0.,91.));
#9141 = VECTOR('',#9142,1.);
#9142 = DIRECTION('',(-0.,-0.,-1.));
#9143 = PCURVE('',#4045,#9144);
#9144 = DEFINITIONAL_REPRESENTATION('',(#9145),#9149);
#9145 = LINE('',#9146,#9147);
#9146 = CARTESIAN_POINT('',(6.28318530718,0.));
#9147 = VECTOR('',#9148,1.);
#9148 = DIRECTION('',(0.,-1.));
#9149 = ( GEOMETRIC_REPRESENTATION_CONTEXT(2) 
PARAMETRIC_REPRESENTATION_CONTEXT() REPRESENTATION_CONTEXT('2D SPACE',''
  ) );
#9150 = PCURVE('',#4045,#9151);
#9151 = DEFINITIONAL_REPRESENTATION('',(#9152),#9156);
#9152 = LINE('',#9153,#9154);
#9153 = CARTESIAN_POINT('',(0.,0.));
#9154 = VECTOR('',#9155,1.);
#9155 = DIRECTION('',(0.,-1.));
#9156 = ( GEOMETRIC_REPRESENTATION_CONTEXT(2) 
PARAMETRIC_REPRESENTATION_CONTEXT() REPRESENTATION_CONTEXT('2D SPACE',''
  ) );
#9157 = ORIENTED_EDGE('',*,*,#9083,.F.);
#9158 = ORIENTED_EDGE('',*,*,#7681,.F.);
#9159 = ORIENTED_EDGE('',*,*,#8898,.F.);
#9160 = ORIENTED_EDGE('',*,*,#3999,.F.);
#9161 = ORIENTED_EDGE('',*,*,#9110,.F.);
#9162 = ORIENTED_EDGE('',*,*,#9135,.T.);
#9163 = ORIENTED_EDGE('',*,*,#9164,.T.);
#9164 = EDGE_CURVE('',#9136,#5669,#9165,.T.);
#9165 = SURFACE_CURVE('',#9166,(#9171,#9178),.PCURVE_S1.);
#9166 = CIRCLE('',#9167,7.25);
#9167 = AXIS2_PLACEMENT_3D('',#9168,#9169,#9170);
#9168 = CARTESIAN_POINT('',(40.,0.,58.));
#9169 = DIRECTION('',(0.,0.,1.));
#9170 = DIRECTION('',(1.,0.,0.));
#9171 = PCURVE('',#4045,#9172);
#9172 = DEFINITIONAL_REPRESENTATION('',(#9173),#9177);
#9173 = LINE('',#9174,#9175);
#9174 = CARTESIAN_POINT('',(0.,-33.));
#9175 = VECTOR('',#9176,1.);
#9176 = DIRECTION('',(1.,0.));
#9177 = ( GEOMETRIC_REPRESENTATION_CONTEXT(2) 
PARAMETRIC_REPRESENTATION_CONTEXT() REPRESENTATION_CONTEXT('2D SPACE',''
  ) );
#9178 = PCURVE('',#9179,#9184);
#9179 = PLANE('',#9180);
#9180 = AXIS2_PLACEMENT_3D('',#9181,#9182,#9183);
#9181 = CARTESIAN_POINT('',(40.,4.584934185037E-16,58.));
#9182 = DIRECTION('',(0.,0.,1.));
#9183 = DIRECTION('',(1.,0.,-0.));
#9184 = DEFINITIONAL_REPRESENTATION('',(#9185),#9189);
#9185 = CIRCLE('',#9186,7.25);
#9186 = AXIS2_PLACEMENT_2D('',#9187,#9188);
#9187 = CARTESIAN_POINT('',(7.105427357601E-15,-4.584934185037E-16));
#9188 = DIRECTION('',(1.,0.));
#9189 = ( GEOMETRIC_REPRESENTATION_CONTEXT(2) 
PARAMETRIC_REPRESENTATION_CONTEXT() REPRESENTATION_CONTEXT('2D SPACE',''
  ) );
#9190 = ORIENTED_EDGE('',*,*,#5981,.F.);
#9191 = ORIENTED_EDGE('',*,*,#5001,.F.);
#9192 = ORIENTED_EDGE('',*,*,#5360,.F.);
#9193 = ORIENTED_EDGE('',*,*,#9194,.T.);
#9194 = EDGE_CURVE('',#5361,#9136,#9195,.T.);
#9195 = SURFACE_CURVE('',#9196,(#9201,#9208),.PCURVE_S1.);
#9196 = CIRCLE('',#9197,7.25);
#9197 = AXIS2_PLACEMENT_3D('',#9198,#9199,#9200);
#9198 = CARTESIAN_POINT('',(40.,0.,58.));
#9199 = DIRECTION('',(0.,0.,1.));
#9200 = DIRECTION('',(1.,0.,0.));
#9201 = PCURVE('',#4045,#9202);
#9202 = DEFINITIONAL_REPRESENTATION('',(#9203),#9207);
#9203 = LINE('',#9204,#9205);
#9204 = CARTESIAN_POINT('',(0.,-33.));
#9205 = VECTOR('',#9206,1.);
#9206 = DIRECTION('',(1.,0.));
#9207 = ( GEOMETRIC_REPRESENTATION_CONTEXT(2) 
PARAMETRIC_REPRESENTATION_CONTEXT() REPRESENTATION_CONTEXT('2D SPACE',''
  ) );
#9208 = PCURVE('',#9179,#9209);
#9209 = DEFINITIONAL_REPRESENTATION('',(#9210),#9214);
#9210 = CIRCLE('',#9211,7.25);
#9211 = AXIS2_PLACEMENT_2D('',#9212,#9213);
#9212 = CARTESIAN_POINT('',(7.105427357601E-15,-4.584934185037E-16));
#9213 = DIRECTION('',(1.,0.));
#9214 = ( GEOMETRIC_REPRESENTATION_CONTEXT(2) 
PARAMETRIC_REPRESENTATION_CONTEXT() REPRESENTATION_CONTEXT('2D SPACE',''
  ) );
#9215 = ADVANCED_FACE('',(#9216),#4357,.T.);
#9216 = FACE_BOUND('',#9217,.T.);
#9217 = EDGE_LOOP('',(#9218));
#9218 = ORIENTED_EDGE('',*,*,#4340,.T.);
#9219 = ADVANCED_FACE('',(#9220),#4412,.T.);
#9220 = FACE_BOUND('',#9221,.T.);
#9221 = EDGE_LOOP('',(#9222));
#9222 = ORIENTED_EDGE('',*,*,#4395,.T.);
#9223 = ADVANCED_FACE('',(#9224),#4470,.F.);
#9224 = FACE_BOUND('',#9225,.F.);
#9225 = EDGE_LOOP('',(#9226,#9227,#9248,#9249));
#9226 = ORIENTED_EDGE('',*,*,#4453,.F.);
#9227 = ORIENTED_EDGE('',*,*,#9228,.T.);
#9228 = EDGE_CURVE('',#4454,#6598,#9229,.T.);
#9229 = SEAM_CURVE('',#9230,(#9234,#9241),.PCURVE_S1.);
#9230 = LINE('',#9231,#9232);
#9231 = CARTESIAN_POINT('',(3.,-31.,62.));
#9232 = VECTOR('',#9233,1.);
#9233 = DIRECTION('',(-0.,1.,-0.));
#9234 = PCURVE('',#4470,#9235);
#9235 = DEFINITIONAL_REPRESENTATION('',(#9236),#9240);
#9236 = LINE('',#9237,#9238);
#9237 = CARTESIAN_POINT('',(6.28318530718,0.));
#9238 = VECTOR('',#9239,1.);
#9239 = DIRECTION('',(0.,-1.));
#9240 = ( GEOMETRIC_REPRESENTATION_CONTEXT(2) 
PARAMETRIC_REPRESENTATION_CONTEXT() REPRESENTATION_CONTEXT('2D SPACE',''
  ) );
#9241 = PCURVE('',#4470,#9242);
#9242 = DEFINITIONAL_REPRESENTATION('',(#9243),#9247);
#9243 = LINE('',#9244,#9245);
#9244 = CARTESIAN_POINT('',(0.,0.));
#9245 = VECTOR('',#9246,1.);
#9246 = DIRECTION('',(0.,-1.));
#9247 = ( GEOMETRIC_REPRESENTATION_CONTEXT(2) 
PARAMETRIC_REPRESENTATION_CONTEXT() REPRESENTATION_CONTEXT('2D SPACE',''
  ) );
#9248 = ORIENTED_EDGE('',*,*,#6597,.T.);
#9249 = ORIENTED_EDGE('',*,*,#9228,.F.);
#9250 = ADVANCED_FACE('',(#9251),#4505,.F.);
#9251 = FACE_BOUND('',#9252,.F.);
#9252 = EDGE_LOOP('',(#9253,#9276,#9277,#9278,#9300,#9301,#9323,#9324));
#9253 = ORIENTED_EDGE('',*,*,#9254,.F.);
#9254 = EDGE_CURVE('',#4489,#9255,#9257,.T.);
#9255 = VERTEX_POINT('',#9256);
#9256 = CARTESIAN_POINT('',(-31.25,0.,73.));
#9257 = SEAM_CURVE('',#9258,(#9262,#9269),.PCURVE_S1.);
#9258 = LINE('',#9259,#9260);
#9259 = CARTESIAN_POINT('',(-31.25,0.,91.));
#9260 = VECTOR('',#9261,1.);
#9261 = DIRECTION('',(-0.,-0.,-1.));
#9262 = PCURVE('',#4505,#9263);
#9263 = DEFINITIONAL_REPRESENTATION('',(#9264),#9268);
#9264 = LINE('',#9265,#9266);
#9265 = CARTESIAN_POINT('',(6.28318530718,0.));
#9266 = VECTOR('',#9267,1.);
#9267 = DIRECTION('',(0.,-1.));
#9268 = ( GEOMETRIC_REPRESENTATION_CONTEXT(2) 
PARAMETRIC_REPRESENTATION_CONTEXT() REPRESENTATION_CONTEXT('2D SPACE',''
  ) );
#9269 = PCURVE('',#4505,#9270);
#9270 = DEFINITIONAL_REPRESENTATION('',(#9271),#9275);
#9271 = LINE('',#9272,#9273);
#9272 = CARTESIAN_POINT('',(0.,0.));
#9273 = VECTOR('',#9274,1.);
#9274 = DIRECTION('',(0.,-1.));
#9275 = ( GEOMETRIC_REPRESENTATION_CONTEXT(2) 
PARAMETRIC_REPRESENTATION_CONTEXT() REPRESENTATION_CONTEXT('2D SPACE',''
  ) );
#9276 = ORIENTED_EDGE('',*,*,#4488,.F.);
#9277 = ORIENTED_EDGE('',*,*,#9254,.T.);
#9278 = ORIENTED_EDGE('',*,*,#9279,.T.);
#9279 = EDGE_CURVE('',#9255,#8404,#9280,.T.);
#9280 = SURFACE_CURVE('',#9281,(#9286,#9293),.PCURVE_S1.);
#9281 = CIRCLE('',#9282,8.75);
#9282 = AXIS2_PLACEMENT_3D('',#9283,#9284,#9285);
#9283 = CARTESIAN_POINT('',(-40.,0.,73.));
#9284 = DIRECTION('',(0.,0.,1.));
#9285 = DIRECTION('',(1.,0.,0.));
#9286 = PCURVE('',#4505,#9287);
#9287 = DEFINITIONAL_REPRESENTATION('',(#9288),#9292);
#9288 = LINE('',#9289,#9290);
#9289 = CARTESIAN_POINT('',(0.,-18.));
#9290 = VECTOR('',#9291,1.);
#9291 = DIRECTION('',(1.,0.));
#9292 = ( GEOMETRIC_REPRESENTATION_CONTEXT(2) 
PARAMETRIC_REPRESENTATION_CONTEXT() REPRESENTATION_CONTEXT('2D SPACE',''
  ) );
#9293 = PCURVE('',#8418,#9294);
#9294 = DEFINITIONAL_REPRESENTATION('',(#9295),#9299);
#9295 = CIRCLE('',#9296,8.75);
#9296 = AXIS2_PLACEMENT_2D('',#9297,#9298);
#9297 = CARTESIAN_POINT('',(0.,-5.8048458399E-16));
#9298 = DIRECTION('',(1.,0.));
#9299 = ( GEOMETRIC_REPRESENTATION_CONTEXT(2) 
PARAMETRIC_REPRESENTATION_CONTEXT() REPRESENTATION_CONTEXT('2D SPACE',''
  ) );
#9300 = ORIENTED_EDGE('',*,*,#8429,.F.);
#9301 = ORIENTED_EDGE('',*,*,#9302,.T.);
#9302 = EDGE_CURVE('',#8430,#8558,#9303,.T.);
#9303 = SURFACE_CURVE('',#9304,(#9309,#9316),.PCURVE_S1.);
#9304 = CIRCLE('',#9305,8.75);
#9305 = AXIS2_PLACEMENT_3D('',#9306,#9307,#9308);
#9306 = CARTESIAN_POINT('',(-40.,0.,73.));
#9307 = DIRECTION('',(0.,0.,1.));
#9308 = DIRECTION('',(1.,0.,0.));
#9309 = PCURVE('',#4505,#9310);
#9310 = DEFINITIONAL_REPRESENTATION('',(#9311),#9315);
#9311 = LINE('',#9312,#9313);
#9312 = CARTESIAN_POINT('',(0.,-18.));
#9313 = VECTOR('',#9314,1.);
#9314 = DIRECTION('',(1.,0.));
#9315 = ( GEOMETRIC_REPRESENTATION_CONTEXT(2) 
PARAMETRIC_REPRESENTATION_CONTEXT() REPRESENTATION_CONTEXT('2D SPACE',''
  ) );
#9316 = PCURVE('',#8572,#9317);
#9317 = DEFINITIONAL_REPRESENTATION('',(#9318),#9322);
#9318 = CIRCLE('',#9319,8.75);
#9319 = AXIS2_PLACEMENT_2D('',#9320,#9321);
#9320 = CARTESIAN_POINT('',(0.,-5.8048458399E-16));
#9321 = DIRECTION('',(1.,0.));
#9322 = ( GEOMETRIC_REPRESENTATION_CONTEXT(2) 
PARAMETRIC_REPRESENTATION_CONTEXT() REPRESENTATION_CONTEXT('2D SPACE',''
  ) );
#9323 = ORIENTED_EDGE('',*,*,#8583,.T.);
#9324 = ORIENTED_EDGE('',*,*,#9325,.T.);
#9325 = EDGE_CURVE('',#8584,#9255,#9326,.T.);
#9326 = SURFACE_CURVE('',#9327,(#9332,#9339),.PCURVE_S1.);
#9327 = CIRCLE('',#9328,8.75);
#9328 = AXIS2_PLACEMENT_3D('',#9329,#9330,#9331);
#9329 = CARTESIAN_POINT('',(-40.,0.,73.));
#9330 = DIRECTION('',(0.,0.,1.));
#9331 = DIRECTION('',(1.,0.,0.));
#9332 = PCURVE('',#4505,#9333);
#9333 = DEFINITIONAL_REPRESENTATION('',(#9334),#9338);
#9334 = LINE('',#9335,#9336);
#9335 = CARTESIAN_POINT('',(0.,-18.));
#9336 = VECTOR('',#9337,1.);
#9337 = DIRECTION('',(1.,0.));
#9338 = ( GEOMETRIC_REPRESENTATION_CONTEXT(2) 
PARAMETRIC_REPRESENTATION_CONTEXT() REPRESENTATION_CONTEXT('2D SPACE',''
  ) );
#9339 = PCURVE('',#8418,#9340);
#9340 = DEFINITIONAL_REPRESENTATION('',(#9341),#9345);
#9341 = CIRCLE('',#9342,8.75);
#9342 = AXIS2_PLACEMENT_2D('',#9343,#9344);
#9343 = CARTESIAN_POINT('',(0.,-5.8048458399E-16));
#9344 = DIRECTION('',(1.,0.));
#9345 = ( GEOMETRIC_REPRESENTATION_CONTEXT(2) 
PARAMETRIC_REPRESENTATION_CONTEXT() REPRESENTATION_CONTEXT('2D SPACE',''
  ) );
#9346 = ADVANCED_FACE('',(#9347),#4590,.F.);
#9347 = FACE_BOUND('',#9348,.T.);
#9348 = EDGE_LOOP('',(#9349,#9350,#9351,#9372,#9373));
#9349 = ORIENTED_EDGE('',*,*,#7024,.T.);
#9350 = ORIENTED_EDGE('',*,*,#8070,.T.);
#9351 = ORIENTED_EDGE('',*,*,#9352,.F.);
#9352 = EDGE_CURVE('',#4570,#7025,#9353,.T.);
#9353 = SEAM_CURVE('',#9354,(#9358,#9365),.PCURVE_S1.);
#9354 = LINE('',#9355,#9356);
#9355 = CARTESIAN_POINT('',(3.,31.,70.));
#9356 = VECTOR('',#9357,1.);
#9357 = DIRECTION('',(0.,-1.,0.));
#9358 = PCURVE('',#4590,#9359);
#9359 = DEFINITIONAL_REPRESENTATION('',(#9360),#9364);
#9360 = LINE('',#9361,#9362);
#9361 = CARTESIAN_POINT('',(-0.,0.));
#9362 = VECTOR('',#9363,1.);
#9363 = DIRECTION('',(-0.,-1.));
#9364 = ( GEOMETRIC_REPRESENTATION_CONTEXT(2) 
PARAMETRIC_REPRESENTATION_CONTEXT() REPRESENTATION_CONTEXT('2D SPACE',''
  ) );
#9365 = PCURVE('',#4590,#9366);
#9366 = DEFINITIONAL_REPRESENTATION('',(#9367),#9371);
#9367 = LINE('',#9368,#9369);
#9368 = CARTESIAN_POINT('',(-6.28318530718,0.));
#9369 = VECTOR('',#9370,1.);
#9370 = DIRECTION('',(-0.,-1.));
#9371 = ( GEOMETRIC_REPRESENTATION_CONTEXT(2) 
PARAMETRIC_REPRESENTATION_CONTEXT() REPRESENTATION_CONTEXT('2D SPACE',''
  ) );
#9372 = ORIENTED_EDGE('',*,*,#4569,.T.);
#9373 = ORIENTED_EDGE('',*,*,#9352,.T.);
#9374 = ADVANCED_FACE('',(#9375),#4622,.F.);
#9375 = FACE_BOUND('',#9376,.F.);
#9376 = EDGE_LOOP('',(#9377,#9400,#9426,#9427));
#9377 = ORIENTED_EDGE('',*,*,#9378,.F.);
#9378 = EDGE_CURVE('',#9379,#4606,#9381,.T.);
#9379 = VERTEX_POINT('',#9380);
#9380 = CARTESIAN_POINT('',(46.35,0.,58.));
#9381 = SEAM_CURVE('',#9382,(#9386,#9393),.PCURVE_S1.);
#9382 = LINE('',#9383,#9384);
#9383 = CARTESIAN_POINT('',(46.35,0.,91.));
#9384 = VECTOR('',#9385,1.);
#9385 = DIRECTION('',(-0.,-0.,-1.));
#9386 = PCURVE('',#4622,#9387);
#9387 = DEFINITIONAL_REPRESENTATION('',(#9388),#9392);
#9388 = LINE('',#9389,#9390);
#9389 = CARTESIAN_POINT('',(6.28318530718,0.));
#9390 = VECTOR('',#9391,1.);
#9391 = DIRECTION('',(0.,-1.));
#9392 = ( GEOMETRIC_REPRESENTATION_CONTEXT(2) 
PARAMETRIC_REPRESENTATION_CONTEXT() REPRESENTATION_CONTEXT('2D SPACE',''
  ) );
#9393 = PCURVE('',#4622,#9394);
#9394 = DEFINITIONAL_REPRESENTATION('',(#9395),#9399);
#9395 = LINE('',#9396,#9397);
#9396 = CARTESIAN_POINT('',(0.,0.));
#9397 = VECTOR('',#9398,1.);
#9398 = DIRECTION('',(0.,-1.));
#9399 = ( GEOMETRIC_REPRESENTATION_CONTEXT(2) 
PARAMETRIC_REPRESENTATION_CONTEXT() REPRESENTATION_CONTEXT('2D SPACE',''
  ) );
#9400 = ORIENTED_EDGE('',*,*,#9401,.T.);
#9401 = EDGE_CURVE('',#9379,#9379,#9402,.T.);
#9402 = SURFACE_CURVE('',#9403,(#9408,#9415),.PCURVE_S1.);
#9403 = CIRCLE('',#9404,6.35);
#9404 = AXIS2_PLACEMENT_3D('',#9405,#9406,#9407);
#9405 = CARTESIAN_POINT('',(40.,4.218847493576E-15,58.));
#9406 = DIRECTION('',(0.,0.,-1.));
#9407 = DIRECTION('',(1.,-9.093147918886E-16,0.));
#9408 = PCURVE('',#4622,#9409);
#9409 = DEFINITIONAL_REPRESENTATION('',(#9410),#9414);
#9410 = LINE('',#9411,#9412);
#9411 = CARTESIAN_POINT('',(6.28318530718,-33.));
#9412 = VECTOR('',#9413,1.);
#9413 = DIRECTION('',(-1.,-0.));
#9414 = ( GEOMETRIC_REPRESENTATION_CONTEXT(2) 
PARAMETRIC_REPRESENTATION_CONTEXT() REPRESENTATION_CONTEXT('2D SPACE',''
  ) );
#9415 = PCURVE('',#9179,#9416);
#9416 = DEFINITIONAL_REPRESENTATION('',(#9417),#9425);
#9417 = ( BOUNDED_CURVE() B_SPLINE_CURVE(2,(#9418,#9419,#9420,#9421,
#9422,#9423,#9424),.UNSPECIFIED.,.T.,.F.) B_SPLINE_CURVE_WITH_KNOTS((1,2
    ,2,2,2,1),(-2.094395102393,0.,2.094395102393,4.188790204786,
6.28318530718,8.377580409573),.UNSPECIFIED.) CURVE() 
GEOMETRIC_REPRESENTATION_ITEM() RATIONAL_B_SPLINE_CURVE((1.,0.5,1.,0.5,
1.,0.5,1.)) REPRESENTATION_ITEM('') );
#9418 = CARTESIAN_POINT('',(6.35,-2.013794853421E-15));
#9419 = CARTESIAN_POINT('',(6.35,-10.99852262806));
#9420 = CARTESIAN_POINT('',(-3.175,-5.499261314031));
#9421 = CARTESIAN_POINT('',(-12.7,1.375335049714E-14));
#9422 = CARTESIAN_POINT('',(-3.175,5.499261314031));
#9423 = CARTESIAN_POINT('',(6.35,10.998522628062));
#9424 = CARTESIAN_POINT('',(6.35,-2.013794853421E-15));
#9425 = ( GEOMETRIC_REPRESENTATION_CONTEXT(2) 
PARAMETRIC_REPRESENTATION_CONTEXT() REPRESENTATION_CONTEXT('2D SPACE',''
  ) );
#9426 = ORIENTED_EDGE('',*,*,#9378,.T.);
#9427 = ORIENTED_EDGE('',*,*,#4605,.T.);
#9428 = ADVANCED_FACE('',(#9429),#5874,.F.);
#9429 = FACE_BOUND('',#9430,.F.);
#9430 = EDGE_LOOP('',(#9431,#9432));
#9431 = ORIENTED_EDGE('',*,*,#5668,.F.);
#9432 = ORIENTED_EDGE('',*,*,#9433,.T.);
#9433 = EDGE_CURVE('',#5669,#5361,#9434,.T.);
#9434 = SURFACE_CURVE('',#9435,(#9440,#9447),.PCURVE_S1.);
#9435 = CIRCLE('',#9436,7.25);
#9436 = AXIS2_PLACEMENT_3D('',#9437,#9438,#9439);
#9437 = CARTESIAN_POINT('',(40.,0.,58.));
#9438 = DIRECTION('',(0.,0.,1.));
#9439 = DIRECTION('',(1.,0.,0.));
#9440 = PCURVE('',#5874,#9441);
#9441 = DEFINITIONAL_REPRESENTATION('',(#9442),#9446);
#9442 = LINE('',#9443,#9444);
#9443 = CARTESIAN_POINT('',(0.,-33.));
#9444 = VECTOR('',#9445,1.);
#9445 = DIRECTION('',(1.,0.));
#9446 = ( GEOMETRIC_REPRESENTATION_CONTEXT(2) 
PARAMETRIC_REPRESENTATION_CONTEXT() REPRESENTATION_CONTEXT('2D SPACE',''
  ) );
#9447 = PCURVE('',#9179,#9448);
#9448 = DEFINITIONAL_REPRESENTATION('',(#9449),#9453);
#9449 = CIRCLE('',#9450,7.25);
#9450 = AXIS2_PLACEMENT_2D('',#9451,#9452);
#9451 = CARTESIAN_POINT('',(7.105427357601E-15,-4.584934185037E-16));
#9452 = DIRECTION('',(1.,0.));
#9453 = ( GEOMETRIC_REPRESENTATION_CONTEXT(2) 
PARAMETRIC_REPRESENTATION_CONTEXT() REPRESENTATION_CONTEXT('2D SPACE',''
  ) );
#9454 = ADVANCED_FACE('',(#9455),#5347,.F.);
#9455 = FACE_BOUND('',#9456,.F.);
#9456 = EDGE_LOOP('',(#9457));
#9457 = ORIENTED_EDGE('',*,*,#5332,.T.);
#9458 = ADVANCED_FACE('',(#9459),#6969,.F.);
#9459 = FACE_BOUND('',#9460,.F.);
#9460 = EDGE_LOOP('',(#9461,#9462,#9463,#9485));
#9461 = ORIENTED_EDGE('',*,*,#6950,.T.);
#9462 = ORIENTED_EDGE('',*,*,#8308,.F.);
#9463 = ORIENTED_EDGE('',*,*,#9464,.F.);
#9464 = EDGE_CURVE('',#8712,#8309,#9465,.T.);
#9465 = SURFACE_CURVE('',#9466,(#9471,#9478),.PCURVE_S1.);
#9466 = CIRCLE('',#9467,7.5);
#9467 = AXIS2_PLACEMENT_3D('',#9468,#9469,#9470);
#9468 = CARTESIAN_POINT('',(-40.,0.,73.));
#9469 = DIRECTION('',(0.,0.,1.));
#9470 = DIRECTION('',(-0.949456107329,0.313899825191,0.));
#9471 = PCURVE('',#6969,#9472);
#9472 = DEFINITIONAL_REPRESENTATION('',(#9473),#9477);
#9473 = LINE('',#9474,#9475);
#9474 = CARTESIAN_POINT('',(2.822294963985,-18.));
#9475 = VECTOR('',#9476,1.);
#9476 = DIRECTION('',(1.,0.));
#9477 = ( GEOMETRIC_REPRESENTATION_CONTEXT(2) 
PARAMETRIC_REPRESENTATION_CONTEXT() REPRESENTATION_CONTEXT('2D SPACE',''
  ) );
#9478 = PCURVE('',#8418,#9479);
#9479 = DEFINITIONAL_REPRESENTATION('',(#9480),#9484);
#9480 = CIRCLE('',#9481,7.5);
#9481 = AXIS2_PLACEMENT_2D('',#9482,#9483);
#9482 = CARTESIAN_POINT('',(0.,-5.8048458399E-16));
#9483 = DIRECTION('',(-0.949456107329,0.313899825191));
#9484 = ( GEOMETRIC_REPRESENTATION_CONTEXT(2) 
PARAMETRIC_REPRESENTATION_CONTEXT() REPRESENTATION_CONTEXT('2D SPACE',''
  ) );
#9485 = ORIENTED_EDGE('',*,*,#8732,.T.);
#9486 = ADVANCED_FACE('',(#9487),#8291,.T.);
#9487 = FACE_BOUND('',#9488,.T.);
#9488 = EDGE_LOOP('',(#9489));
#9489 = ORIENTED_EDGE('',*,*,#8276,.T.);
#9490 = ADVANCED_FACE('',(#9491),#7405,.T.);
#9491 = FACE_BOUND('',#9492,.T.);
#9492 = EDGE_LOOP('',(#9493,#9494));
#9493 = ORIENTED_EDGE('',*,*,#7390,.F.);
#9494 = ORIENTED_EDGE('',*,*,#8969,.T.);
#9495 = ADVANCED_FACE('',(#9496),#8418,.T.);
#9496 = FACE_BOUND('',#9497,.T.);
#9497 = EDGE_LOOP('',(#9498,#9499,#9500,#9501,#9502));
#9498 = ORIENTED_EDGE('',*,*,#9325,.T.);
#9499 = ORIENTED_EDGE('',*,*,#9279,.T.);
#9500 = ORIENTED_EDGE('',*,*,#8403,.T.);
#9501 = ORIENTED_EDGE('',*,*,#9464,.F.);
#9502 = ORIENTED_EDGE('',*,*,#8711,.T.);
#9503 = ADVANCED_FACE('',(#9504),#8572,.T.);
#9504 = FACE_BOUND('',#9505,.T.);
#9505 = EDGE_LOOP('',(#9506,#9507));
#9506 = ORIENTED_EDGE('',*,*,#8557,.F.);
#9507 = ORIENTED_EDGE('',*,*,#9302,.T.);
#9508 = ADVANCED_FACE('',(#9509,#9514),#9179,.T.);
#9509 = FACE_BOUND('',#9510,.T.);
#9510 = EDGE_LOOP('',(#9511,#9512,#9513));
#9511 = ORIENTED_EDGE('',*,*,#9194,.T.);
#9512 = ORIENTED_EDGE('',*,*,#9164,.T.);
#9513 = ORIENTED_EDGE('',*,*,#9433,.T.);
#9514 = FACE_BOUND('',#9515,.T.);
#9515 = EDGE_LOOP('',(#9516));
#9516 = ORIENTED_EDGE('',*,*,#9401,.T.);
#9517 = ( GEOMETRIC_REPRESENTATION_CONTEXT(3) 
GLOBAL_UNCERTAINTY_ASSIGNED_CONTEXT((#9521)) 
GLOBAL_UNIT_ASSIGNED_CONTEXT((#9518,#9519,#9520)) REPRESENTATION_CONTEXT
('Context #1','3D Context with UNIT and UNCERTAINTY') );
#9518 = ( LENGTH_UNIT() NAMED_UNIT(*) SI_UNIT(.MILLI.,.METRE.) );
#9519 = ( NAMED_UNIT(*) PLANE_ANGLE_UNIT() SI_UNIT($,.RADIAN.) );
#9520 = ( NAMED_UNIT(*) SI_UNIT($,.STERADIAN.) SOLID_ANGLE_UNIT() );
#9521 = UNCERTAINTY_MEASURE_WITH_UNIT(LENGTH_MEASURE(1.E-05),#9518,
  'distance_accuracy_value','confusion accuracy');
#9522 = PRODUCT_RELATED_PRODUCT_CATEGORY('part',$,(#7));
ENDSEC;
END-ISO-10303-21;
