ISO-10303-21;
HEADER;
FILE_DESCRIPTION(('Open CASCADE Model'),'2;1');
FILE_NAME('Open CASCADE Shape Model','2026-09-28T14:08:42',('Author'),(
    'Open CASCADE'),'Open CASCADE STEP processor 7.9','Open CASCADE 7.9'
  ,'Unknown');
FILE_SCHEMA(('AUTOMOTIVE_DESIGN { 1 0 10303 214 1 1 1 1 }'));
ENDSEC;
DATA;
#1 = APPLICATION_PROTOCOL_DEFINITION('international standard',
  'automotive_design',2000,#2);
#2 = APPLICATION_CONTEXT(
  'core data for automotive mechanical design processes');
#3 = SHAPE_DEFINITION_REPRESENTATION(#4,#10);
#4 = PRODUCT_DEFINITION_SHAPE('','',#5);
#5 = PRODUCT_DEFINITION('design','',#6,#9);
#6 = PRODUCT_DEFINITION_FORMATION('','',#7);
#7 = PRODUCT('Open CASCADE STEP translator 7.9 2',
  'Open CASCADE STEP translator 7.9 2','',(#8));
#8 = PRODUCT_CONTEXT('',#2,'mechanical');
#9 = PRODUCT_DEFINITION_CONTEXT('part definition',#2,'design');
#10 = ADVANCED_BREP_SHAPE_REPRESENTATION('',(#11,#15),#3690);
#11 = AXIS2_PLACEMENT_3D('',#12,#13,#14);
#12 = CARTESIAN_POINT('',(0.,0.,0.));
#13 = DIRECTION('',(0.,0.,1.));
#14 = DIRECTION('',(1.,0.,-0.));
#15 = MANIFOLD_SOLID_BREP('',#16);
#16 = CLOSED_SHELL('',(#17,#465,#500,#535,#611,#660,#709,#736,#812,#861,
    #910,#937,#1013,#1062,#1111,#1138,#1538,#2061,#2094,#2127,#2254,
    #2494,#2569,#2644,#2719,#2954,#3006,#3058,#3110,#3147,#3153,#3159,
    #3595,#3626,#3631,#3636,#3663));
#17 = ADVANCED_FACE('',(#18,#105,#225,#345),#31,.T.);
#18 = FACE_BOUND('',#19,.F.);
#19 = EDGE_LOOP('',(#20,#54,#77,#104));
#20 = ORIENTED_EDGE('',*,*,#21,.F.);
#21 = EDGE_CURVE('',#22,#22,#24,.T.);
#22 = VERTEX_POINT('',#23);
#23 = CARTESIAN_POINT('',(-50.,30.,0.));
#24 = SURFACE_CURVE('',#25,(#30,#42),.PCURVE_S1.);
#25 = CIRCLE('',#26,30.);
#26 = AXIS2_PLACEMENT_3D('',#27,#28,#29);
#27 = CARTESIAN_POINT('',(-50.,0.,0.));
#28 = DIRECTION('',(1.,0.,0.));
#29 = DIRECTION('',(0.,1.,0.));
#30 = PCURVE('',#31,#36);
#31 = CYLINDRICAL_SURFACE('',#32,30.);
#32 = AXIS2_PLACEMENT_3D('',#33,#34,#35);
#33 = CARTESIAN_POINT('',(-50.,0.,0.));
#34 = DIRECTION('',(-1.,-0.,-0.));
#35 = DIRECTION('',(0.,1.,0.));
#36 = DEFINITIONAL_REPRESENTATION('',(#37),#41);
#37 = LINE('',#38,#39);
#38 = CARTESIAN_POINT('',(-0.,0.));
#39 = VECTOR('',#40,1.);
#40 = DIRECTION('',(-1.,0.));
#41 = ( GEOMETRIC_REPRESENTATION_CONTEXT(2) 
PARAMETRIC_REPRESENTATION_CONTEXT() REPRESENTATION_CONTEXT('2D SPACE',''
  ) );
#42 = PCURVE('',#43,#48);
#43 = PLANE('',#44);
#44 = AXIS2_PLACEMENT_3D('',#45,#46,#47);
#45 = CARTESIAN_POINT('',(-50.,-1.458602808042E-15,2.339560088947E-16));
#46 = DIRECTION('',(1.,0.,0.));
#47 = DIRECTION('',(-0.,0.,1.));
#48 = DEFINITIONAL_REPRESENTATION('',(#49),#53);
#49 = CIRCLE('',#50,30.);
#50 = AXIS2_PLACEMENT_2D('',#51,#52);
#51 = CARTESIAN_POINT('',(-2.339560088947E-16,-1.458602808042E-15));
#52 = DIRECTION('',(0.,-1.));
#53 = ( GEOMETRIC_REPRESENTATION_CONTEXT(2) 
PARAMETRIC_REPRESENTATION_CONTEXT() REPRESENTATION_CONTEXT('2D SPACE',''
  ) );
#54 = ORIENTED_EDGE('',*,*,#55,.T.);
#55 = EDGE_CURVE('',#22,#56,#58,.T.);
#56 = VERTEX_POINT('',#57);
#57 = CARTESIAN_POINT('',(50.,30.,0.));
#58 = SEAM_CURVE('',#59,(#63,#70),.PCURVE_S1.);
#59 = LINE('',#60,#61);
#60 = CARTESIAN_POINT('',(-50.,30.,0.));
#61 = VECTOR('',#62,1.);
#62 = DIRECTION('',(1.,0.,0.));
#63 = PCURVE('',#31,#64);
#64 = DEFINITIONAL_REPRESENTATION('',(#65),#69);
#65 = LINE('',#66,#67);
#66 = CARTESIAN_POINT('',(-6.28318530718,0.));
#67 = VECTOR('',#68,1.);
#68 = DIRECTION('',(-0.,-1.));
#69 = ( GEOMETRIC_REPRESENTATION_CONTEXT(2) 
PARAMETRIC_REPRESENTATION_CONTEXT() REPRESENTATION_CONTEXT('2D SPACE',''
  ) );
#70 = PCURVE('',#31,#71);
#71 = DEFINITIONAL_REPRESENTATION('',(#72),#76);
#72 = LINE('',#73,#74);
#73 = CARTESIAN_POINT('',(-0.,0.));
#74 = VECTOR('',#75,1.);
#75 = DIRECTION('',(-0.,-1.));
#76 = ( GEOMETRIC_REPRESENTATION_CONTEXT(2) 
PARAMETRIC_REPRESENTATION_CONTEXT() REPRESENTATION_CONTEXT('2D SPACE',''
  ) );
#77 = ORIENTED_EDGE('',*,*,#78,.T.);
#78 = EDGE_CURVE('',#56,#56,#79,.T.);
#79 = SURFACE_CURVE('',#80,(#85,#92),.PCURVE_S1.);
#80 = CIRCLE('',#81,30.);
#81 = AXIS2_PLACEMENT_3D('',#82,#83,#84);
#82 = CARTESIAN_POINT('',(50.,0.,0.));
#83 = DIRECTION('',(1.,0.,0.));
#84 = DIRECTION('',(0.,1.,0.));
#85 = PCURVE('',#31,#86);
#86 = DEFINITIONAL_REPRESENTATION('',(#87),#91);
#87 = LINE('',#88,#89);
#88 = CARTESIAN_POINT('',(-0.,-100.));
#89 = VECTOR('',#90,1.);
#90 = DIRECTION('',(-1.,0.));
#91 = ( GEOMETRIC_REPRESENTATION_CONTEXT(2) 
PARAMETRIC_REPRESENTATION_CONTEXT() REPRESENTATION_CONTEXT('2D SPACE',''
  ) );
#92 = PCURVE('',#93,#98);
#93 = PLANE('',#94);
#94 = AXIS2_PLACEMENT_3D('',#95,#96,#97);
#95 = CARTESIAN_POINT('',(50.,-1.458602808042E-15,2.339560088947E-16));
#96 = DIRECTION('',(1.,0.,0.));
#97 = DIRECTION('',(-0.,0.,1.));
#98 = DEFINITIONAL_REPRESENTATION('',(#99),#103);
#99 = CIRCLE('',#100,30.);
#100 = AXIS2_PLACEMENT_2D('',#101,#102);
#101 = CARTESIAN_POINT('',(-2.339560088947E-16,-1.458602808042E-15));
#102 = DIRECTION('',(0.,-1.));
#103 = ( GEOMETRIC_REPRESENTATION_CONTEXT(2) 
PARAMETRIC_REPRESENTATION_CONTEXT() REPRESENTATION_CONTEXT('2D SPACE',''
  ) );
#104 = ORIENTED_EDGE('',*,*,#55,.F.);
#105 = FACE_BOUND('',#106,.F.);
#106 = EDGE_LOOP('',(#107,#142,#168,#201));
#107 = ORIENTED_EDGE('',*,*,#108,.F.);
#108 = EDGE_CURVE('',#109,#111,#113,.T.);
#109 = VERTEX_POINT('',#110);
#110 = CARTESIAN_POINT('',(20.,-12.,27.495454169735));
#111 = VERTEX_POINT('',#112);
#112 = CARTESIAN_POINT('',(20.,12.,27.495454169735));
#113 = SURFACE_CURVE('',#114,(#119,#126),.PCURVE_S1.);
#114 = CIRCLE('',#115,30.);
#115 = AXIS2_PLACEMENT_3D('',#116,#117,#118);
#116 = CARTESIAN_POINT('',(20.,0.,0.));
#117 = DIRECTION('',(-1.,0.,0.));
#118 = DIRECTION('',(0.,1.,0.));
#119 = PCURVE('',#31,#120);
#120 = DEFINITIONAL_REPRESENTATION('',(#121),#125);
#121 = LINE('',#122,#123);
#122 = CARTESIAN_POINT('',(-6.28318530718,-70.));
#123 = VECTOR('',#124,1.);
#124 = DIRECTION('',(1.,-0.));
#125 = ( GEOMETRIC_REPRESENTATION_CONTEXT(2) 
PARAMETRIC_REPRESENTATION_CONTEXT() REPRESENTATION_CONTEXT('2D SPACE',''
  ) );
#126 = PCURVE('',#127,#132);
#127 = PLANE('',#128);
#128 = AXIS2_PLACEMENT_3D('',#129,#130,#131);
#129 = CARTESIAN_POINT('',(20.,-12.,25.));
#130 = DIRECTION('',(1.,0.,0.));
#131 = DIRECTION('',(0.,0.,1.));
#132 = DEFINITIONAL_REPRESENTATION('',(#133),#141);
#133 = ( BOUNDED_CURVE() B_SPLINE_CURVE(2,(#134,#135,#136,#137,#138,#139
,#140),.UNSPECIFIED.,.T.,.F.) B_SPLINE_CURVE_WITH_KNOTS((1,2,2,2,2,1),(
    -2.094395102393,0.,2.094395102393,4.188790204786,6.28318530718,
8.377580409573),.UNSPECIFIED.) CURVE() GEOMETRIC_REPRESENTATION_ITEM() 
RATIONAL_B_SPLINE_CURVE((1.,0.5,1.,0.5,1.,0.5,1.)) REPRESENTATION_ITEM(
  '') );
#134 = CARTESIAN_POINT('',(-25.,-42.));
#135 = CARTESIAN_POINT('',(-76.96152422706,-42.));
#136 = CARTESIAN_POINT('',(-50.98076211353,3.));
#137 = CARTESIAN_POINT('',(-25.,48.));
#138 = CARTESIAN_POINT('',(0.980762113533,3.));
#139 = CARTESIAN_POINT('',(26.961524227066,-42.));
#140 = CARTESIAN_POINT('',(-25.,-42.));
#141 = ( GEOMETRIC_REPRESENTATION_CONTEXT(2) 
PARAMETRIC_REPRESENTATION_CONTEXT() REPRESENTATION_CONTEXT('2D SPACE',''
  ) );
#142 = ORIENTED_EDGE('',*,*,#143,.F.);
#143 = EDGE_CURVE('',#144,#109,#146,.T.);
#144 = VERTEX_POINT('',#145);
#145 = CARTESIAN_POINT('',(44.,-12.,27.495454169735));
#146 = SURFACE_CURVE('',#147,(#151,#157),.PCURVE_S1.);
#147 = LINE('',#148,#149);
#148 = CARTESIAN_POINT('',(-50.,-12.,27.495454169735));
#149 = VECTOR('',#150,1.);
#150 = DIRECTION('',(-1.,-0.,-0.));
#151 = PCURVE('',#31,#152);
#152 = DEFINITIONAL_REPRESENTATION('',(#153),#156);
#153 = B_SPLINE_CURVE_WITH_KNOTS('',1,(#154,#155),.UNSPECIFIED.,.F.,.F.,
  (2,2),(-96.4,-67.6),.PIECEWISE_BEZIER_KNOTS.);
#154 = CARTESIAN_POINT('',(-1.982313172862,-96.4));
#155 = CARTESIAN_POINT('',(-1.982313172862,-67.6));
#156 = ( GEOMETRIC_REPRESENTATION_CONTEXT(2) 
PARAMETRIC_REPRESENTATION_CONTEXT() REPRESENTATION_CONTEXT('2D SPACE',''
  ) );
#157 = PCURVE('',#158,#163);
#158 = PLANE('',#159);
#159 = AXIS2_PLACEMENT_3D('',#160,#161,#162);
#160 = CARTESIAN_POINT('',(20.,-12.,25.));
#161 = DIRECTION('',(0.,1.,0.));
#162 = DIRECTION('',(0.,0.,1.));
#163 = DEFINITIONAL_REPRESENTATION('',(#164),#167);
#164 = B_SPLINE_CURVE_WITH_KNOTS('',1,(#165,#166),.UNSPECIFIED.,.F.,.F.,
  (2,2),(-96.4,-67.6),.PIECEWISE_BEZIER_KNOTS.);
#165 = CARTESIAN_POINT('',(2.495454169735,26.4));
#166 = CARTESIAN_POINT('',(2.495454169735,-2.4));
#167 = ( GEOMETRIC_REPRESENTATION_CONTEXT(2) 
PARAMETRIC_REPRESENTATION_CONTEXT() REPRESENTATION_CONTEXT('2D SPACE',''
  ) );
#168 = ORIENTED_EDGE('',*,*,#169,.T.);
#169 = EDGE_CURVE('',#144,#170,#172,.T.);
#170 = VERTEX_POINT('',#171);
#171 = CARTESIAN_POINT('',(44.,12.,27.495454169735));
#172 = SURFACE_CURVE('',#173,(#178,#185),.PCURVE_S1.);
#173 = CIRCLE('',#174,30.);
#174 = AXIS2_PLACEMENT_3D('',#175,#176,#177);
#175 = CARTESIAN_POINT('',(44.,0.,0.));
#176 = DIRECTION('',(-1.,0.,0.));
#177 = DIRECTION('',(0.,1.,0.));
#178 = PCURVE('',#31,#179);
#179 = DEFINITIONAL_REPRESENTATION('',(#180),#184);
#180 = LINE('',#181,#182);
#181 = CARTESIAN_POINT('',(-6.28318530718,-94.));
#182 = VECTOR('',#183,1.);
#183 = DIRECTION('',(1.,-0.));
#184 = ( GEOMETRIC_REPRESENTATION_CONTEXT(2) 
PARAMETRIC_REPRESENTATION_CONTEXT() REPRESENTATION_CONTEXT('2D SPACE',''
  ) );
#185 = PCURVE('',#186,#191);
#186 = PLANE('',#187);
#187 = AXIS2_PLACEMENT_3D('',#188,#189,#190);
#188 = CARTESIAN_POINT('',(44.,-12.,25.));
#189 = DIRECTION('',(1.,0.,0.));
#190 = DIRECTION('',(0.,0.,1.));
#191 = DEFINITIONAL_REPRESENTATION('',(#192),#200);
#192 = ( BOUNDED_CURVE() B_SPLINE_CURVE(2,(#193,#194,#195,#196,#197,#198
,#199),.UNSPECIFIED.,.T.,.F.) B_SPLINE_CURVE_WITH_KNOTS((1,2,2,2,2,1),(
    -2.094395102393,0.,2.094395102393,4.188790204786,6.28318530718,
8.377580409573),.UNSPECIFIED.) CURVE() GEOMETRIC_REPRESENTATION_ITEM() 
RATIONAL_B_SPLINE_CURVE((1.,0.5,1.,0.5,1.,0.5,1.)) REPRESENTATION_ITEM(
  '') );
#193 = CARTESIAN_POINT('',(-25.,-42.));
#194 = CARTESIAN_POINT('',(-76.96152422706,-42.));
#195 = CARTESIAN_POINT('',(-50.98076211353,3.));
#196 = CARTESIAN_POINT('',(-25.,48.));
#197 = CARTESIAN_POINT('',(0.980762113533,3.));
#198 = CARTESIAN_POINT('',(26.961524227066,-42.));
#199 = CARTESIAN_POINT('',(-25.,-42.));
#200 = ( GEOMETRIC_REPRESENTATION_CONTEXT(2) 
PARAMETRIC_REPRESENTATION_CONTEXT() REPRESENTATION_CONTEXT('2D SPACE',''
  ) );
#201 = ORIENTED_EDGE('',*,*,#202,.T.);
#202 = EDGE_CURVE('',#170,#111,#203,.T.);
#203 = SURFACE_CURVE('',#204,(#208,#214),.PCURVE_S1.);
#204 = LINE('',#205,#206);
#205 = CARTESIAN_POINT('',(-50.,12.,27.495454169735));
#206 = VECTOR('',#207,1.);
#207 = DIRECTION('',(-1.,-0.,-0.));
#208 = PCURVE('',#31,#209);
#209 = DEFINITIONAL_REPRESENTATION('',(#210),#213);
#210 = B_SPLINE_CURVE_WITH_KNOTS('',1,(#211,#212),.UNSPECIFIED.,.F.,.F.,
  (2,2),(-96.4,-67.6),.PIECEWISE_BEZIER_KNOTS.);
#211 = CARTESIAN_POINT('',(-1.159279480727,-96.4));
#212 = CARTESIAN_POINT('',(-1.159279480727,-67.6));
#213 = ( GEOMETRIC_REPRESENTATION_CONTEXT(2) 
PARAMETRIC_REPRESENTATION_CONTEXT() REPRESENTATION_CONTEXT('2D SPACE',''
  ) );
#214 = PCURVE('',#215,#220);
#215 = PLANE('',#216);
#216 = AXIS2_PLACEMENT_3D('',#217,#218,#219);
#217 = CARTESIAN_POINT('',(20.,12.,25.));
#218 = DIRECTION('',(0.,1.,0.));
#219 = DIRECTION('',(0.,0.,1.));
#220 = DEFINITIONAL_REPRESENTATION('',(#221),#224);
#221 = B_SPLINE_CURVE_WITH_KNOTS('',1,(#222,#223),.UNSPECIFIED.,.F.,.F.,
  (2,2),(-96.4,-67.6),.PIECEWISE_BEZIER_KNOTS.);
#222 = CARTESIAN_POINT('',(2.495454169735,26.4));
#223 = CARTESIAN_POINT('',(2.495454169735,-2.4));
#224 = ( GEOMETRIC_REPRESENTATION_CONTEXT(2) 
PARAMETRIC_REPRESENTATION_CONTEXT() REPRESENTATION_CONTEXT('2D SPACE',''
  ) );
#225 = FACE_BOUND('',#226,.F.);
#226 = EDGE_LOOP('',(#227,#262,#288,#321));
#227 = ORIENTED_EDGE('',*,*,#228,.F.);
#228 = EDGE_CURVE('',#229,#231,#233,.T.);
#229 = VERTEX_POINT('',#230);
#230 = CARTESIAN_POINT('',(-44.,-12.,27.495454169735));
#231 = VERTEX_POINT('',#232);
#232 = CARTESIAN_POINT('',(-44.,12.,27.495454169735));
#233 = SURFACE_CURVE('',#234,(#239,#246),.PCURVE_S1.);
#234 = CIRCLE('',#235,30.);
#235 = AXIS2_PLACEMENT_3D('',#236,#237,#238);
#236 = CARTESIAN_POINT('',(-44.,0.,0.));
#237 = DIRECTION('',(-1.,0.,0.));
#238 = DIRECTION('',(0.,1.,0.));
#239 = PCURVE('',#31,#240);
#240 = DEFINITIONAL_REPRESENTATION('',(#241),#245);
#241 = LINE('',#242,#243);
#242 = CARTESIAN_POINT('',(-6.28318530718,-6.));
#243 = VECTOR('',#244,1.);
#244 = DIRECTION('',(1.,-0.));
#245 = ( GEOMETRIC_REPRESENTATION_CONTEXT(2) 
PARAMETRIC_REPRESENTATION_CONTEXT() REPRESENTATION_CONTEXT('2D SPACE',''
  ) );
#246 = PCURVE('',#247,#252);
#247 = PLANE('',#248);
#248 = AXIS2_PLACEMENT_3D('',#249,#250,#251);
#249 = CARTESIAN_POINT('',(-44.,-12.,25.));
#250 = DIRECTION('',(1.,0.,0.));
#251 = DIRECTION('',(0.,0.,1.));
#252 = DEFINITIONAL_REPRESENTATION('',(#253),#261);
#253 = ( BOUNDED_CURVE() B_SPLINE_CURVE(2,(#254,#255,#256,#257,#258,#259
,#260),.UNSPECIFIED.,.T.,.F.) B_SPLINE_CURVE_WITH_KNOTS((1,2,2,2,2,1),(
    -2.094395102393,0.,2.094395102393,4.188790204786,6.28318530718,
8.377580409573),.UNSPECIFIED.) CURVE() GEOMETRIC_REPRESENTATION_ITEM() 
RATIONAL_B_SPLINE_CURVE((1.,0.5,1.,0.5,1.,0.5,1.)) REPRESENTATION_ITEM(
  '') );
#254 = CARTESIAN_POINT('',(-25.,-42.));
#255 = CARTESIAN_POINT('',(-76.96152422706,-42.));
#256 = CARTESIAN_POINT('',(-50.98076211353,3.));
#257 = CARTESIAN_POINT('',(-25.,48.));
#258 = CARTESIAN_POINT('',(0.980762113533,3.));
#259 = CARTESIAN_POINT('',(26.961524227066,-42.));
#260 = CARTESIAN_POINT('',(-25.,-42.));
#261 = ( GEOMETRIC_REPRESENTATION_CONTEXT(2) 
PARAMETRIC_REPRESENTATION_CONTEXT() REPRESENTATION_CONTEXT('2D SPACE',''
  ) );
#262 = ORIENTED_EDGE('',*,*,#263,.F.);
#263 = EDGE_CURVE('',#264,#229,#266,.T.);
#264 = VERTEX_POINT('',#265);
#265 = CARTESIAN_POINT('',(-20.,-12.,27.495454169735));
#266 = SURFACE_CURVE('',#267,(#271,#277),.PCURVE_S1.);
#267 = LINE('',#268,#269);
#268 = CARTESIAN_POINT('',(-50.,-12.,27.495454169735));
#269 = VECTOR('',#270,1.);
#270 = DIRECTION('',(-1.,-0.,-0.));
#271 = PCURVE('',#31,#272);
#272 = DEFINITIONAL_REPRESENTATION('',(#273),#276);
#273 = B_SPLINE_CURVE_WITH_KNOTS('',1,(#274,#275),.UNSPECIFIED.,.F.,.F.,
  (2,2),(-32.4,-3.6),.PIECEWISE_BEZIER_KNOTS.);
#274 = CARTESIAN_POINT('',(-1.982313172862,-32.4));
#275 = CARTESIAN_POINT('',(-1.982313172862,-3.6));
#276 = ( GEOMETRIC_REPRESENTATION_CONTEXT(2) 
PARAMETRIC_REPRESENTATION_CONTEXT() REPRESENTATION_CONTEXT('2D SPACE',''
  ) );
#277 = PCURVE('',#278,#283);
#278 = PLANE('',#279);
#279 = AXIS2_PLACEMENT_3D('',#280,#281,#282);
#280 = CARTESIAN_POINT('',(-44.,-12.,25.));
#281 = DIRECTION('',(0.,1.,0.));
#282 = DIRECTION('',(0.,0.,1.));
#283 = DEFINITIONAL_REPRESENTATION('',(#284),#287);
#284 = B_SPLINE_CURVE_WITH_KNOTS('',1,(#285,#286),.UNSPECIFIED.,.F.,.F.,
  (2,2),(-32.4,-3.6),.PIECEWISE_BEZIER_KNOTS.);
#285 = CARTESIAN_POINT('',(2.495454169735,26.4));
#286 = CARTESIAN_POINT('',(2.495454169735,-2.4));
#287 = ( GEOMETRIC_REPRESENTATION_CONTEXT(2) 
PARAMETRIC_REPRESENTATION_CONTEXT() REPRESENTATION_CONTEXT('2D SPACE',''
  ) );
#288 = ORIENTED_EDGE('',*,*,#289,.T.);
#289 = EDGE_CURVE('',#264,#290,#292,.T.);
#290 = VERTEX_POINT('',#291);
#291 = CARTESIAN_POINT('',(-20.,12.,27.495454169735));
#292 = SURFACE_CURVE('',#293,(#298,#305),.PCURVE_S1.);
#293 = CIRCLE('',#294,30.);
#294 = AXIS2_PLACEMENT_3D('',#295,#296,#297);
#295 = CARTESIAN_POINT('',(-20.,0.,0.));
#296 = DIRECTION('',(-1.,0.,0.));
#297 = DIRECTION('',(0.,1.,0.));
#298 = PCURVE('',#31,#299);
#299 = DEFINITIONAL_REPRESENTATION('',(#300),#304);
#300 = LINE('',#301,#302);
#301 = CARTESIAN_POINT('',(-6.28318530718,-30.));
#302 = VECTOR('',#303,1.);
#303 = DIRECTION('',(1.,-0.));
#304 = ( GEOMETRIC_REPRESENTATION_CONTEXT(2) 
PARAMETRIC_REPRESENTATION_CONTEXT() REPRESENTATION_CONTEXT('2D SPACE',''
  ) );
#305 = PCURVE('',#306,#311);
#306 = PLANE('',#307);
#307 = AXIS2_PLACEMENT_3D('',#308,#309,#310);
#308 = CARTESIAN_POINT('',(-20.,-12.,25.));
#309 = DIRECTION('',(1.,0.,0.));
#310 = DIRECTION('',(0.,0.,1.));
#311 = DEFINITIONAL_REPRESENTATION('',(#312),#320);
#312 = ( BOUNDED_CURVE() B_SPLINE_CURVE(2,(#313,#314,#315,#316,#317,#318
,#319),.UNSPECIFIED.,.T.,.F.) B_SPLINE_CURVE_WITH_KNOTS((1,2,2,2,2,1),(
    -2.094395102393,0.,2.094395102393,4.188790204786,6.28318530718,
8.377580409573),.UNSPECIFIED.) CURVE() GEOMETRIC_REPRESENTATION_ITEM() 
RATIONAL_B_SPLINE_CURVE((1.,0.5,1.,0.5,1.,0.5,1.)) REPRESENTATION_ITEM(
  '') );
#313 = CARTESIAN_POINT('',(-25.,-42.));
#314 = CARTESIAN_POINT('',(-76.96152422706,-42.));
#315 = CARTESIAN_POINT('',(-50.98076211353,3.));
#316 = CARTESIAN_POINT('',(-25.,48.));
#317 = CARTESIAN_POINT('',(0.980762113533,3.));
#318 = CARTESIAN_POINT('',(26.961524227066,-42.));
#319 = CARTESIAN_POINT('',(-25.,-42.));
#320 = ( GEOMETRIC_REPRESENTATION_CONTEXT(2) 
PARAMETRIC_REPRESENTATION_CONTEXT() REPRESENTATION_CONTEXT('2D SPACE',''
  ) );
#321 = ORIENTED_EDGE('',*,*,#322,.T.);
#322 = EDGE_CURVE('',#290,#231,#323,.T.);
#323 = SURFACE_CURVE('',#324,(#328,#334),.PCURVE_S1.);
#324 = LINE('',#325,#326);
#325 = CARTESIAN_POINT('',(-50.,12.,27.495454169735));
#326 = VECTOR('',#327,1.);
#327 = DIRECTION('',(-1.,-0.,-0.));
#328 = PCURVE('',#31,#329);
#329 = DEFINITIONAL_REPRESENTATION('',(#330),#333);
#330 = B_SPLINE_CURVE_WITH_KNOTS('',1,(#331,#332),.UNSPECIFIED.,.F.,.F.,
  (2,2),(-32.4,-3.6),.PIECEWISE_BEZIER_KNOTS.);
#331 = CARTESIAN_POINT('',(-1.159279480727,-32.4));
#332 = CARTESIAN_POINT('',(-1.159279480727,-3.6));
#333 = ( GEOMETRIC_REPRESENTATION_CONTEXT(2) 
PARAMETRIC_REPRESENTATION_CONTEXT() REPRESENTATION_CONTEXT('2D SPACE',''
  ) );
#334 = PCURVE('',#335,#340);
#335 = PLANE('',#336);
#336 = AXIS2_PLACEMENT_3D('',#337,#338,#339);
#337 = CARTESIAN_POINT('',(-44.,12.,25.));
#338 = DIRECTION('',(0.,1.,0.));
#339 = DIRECTION('',(0.,0.,1.));
#340 = DEFINITIONAL_REPRESENTATION('',(#341),#344);
#341 = B_SPLINE_CURVE_WITH_KNOTS('',1,(#342,#343),.UNSPECIFIED.,.F.,.F.,
  (2,2),(-32.4,-3.6),.PIECEWISE_BEZIER_KNOTS.);
#342 = CARTESIAN_POINT('',(2.495454169735,26.4));
#343 = CARTESIAN_POINT('',(2.495454169735,-2.4));
#344 = ( GEOMETRIC_REPRESENTATION_CONTEXT(2) 
PARAMETRIC_REPRESENTATION_CONTEXT() REPRESENTATION_CONTEXT('2D SPACE',''
  ) );
#345 = FACE_BOUND('',#346,.F.);
#346 = EDGE_LOOP('',(#347,#382,#408,#441));
#347 = ORIENTED_EDGE('',*,*,#348,.F.);
#348 = EDGE_CURVE('',#349,#351,#353,.T.);
#349 = VERTEX_POINT('',#350);
#350 = CARTESIAN_POINT('',(-45.,16.,-25.37715508089));
#351 = VERTEX_POINT('',#352);
#352 = CARTESIAN_POINT('',(-45.,-16.,-25.37715508089));
#353 = SURFACE_CURVE('',#354,(#359,#366),.PCURVE_S1.);
#354 = CIRCLE('',#355,30.);
#355 = AXIS2_PLACEMENT_3D('',#356,#357,#358);
#356 = CARTESIAN_POINT('',(-45.,0.,0.));
#357 = DIRECTION('',(-1.,0.,0.));
#358 = DIRECTION('',(0.,1.,0.));
#359 = PCURVE('',#31,#360);
#360 = DEFINITIONAL_REPRESENTATION('',(#361),#365);
#361 = LINE('',#362,#363);
#362 = CARTESIAN_POINT('',(-6.28318530718,-5.));
#363 = VECTOR('',#364,1.);
#364 = DIRECTION('',(1.,-0.));
#365 = ( GEOMETRIC_REPRESENTATION_CONTEXT(2) 
PARAMETRIC_REPRESENTATION_CONTEXT() REPRESENTATION_CONTEXT('2D SPACE',''
  ) );
#366 = PCURVE('',#367,#372);
#367 = PLANE('',#368);
#368 = AXIS2_PLACEMENT_3D('',#369,#370,#371);
#369 = CARTESIAN_POINT('',(-45.,-16.,-31.));
#370 = DIRECTION('',(1.,0.,0.));
#371 = DIRECTION('',(0.,0.,1.));
#372 = DEFINITIONAL_REPRESENTATION('',(#373),#381);
#373 = ( BOUNDED_CURVE() B_SPLINE_CURVE(2,(#374,#375,#376,#377,#378,#379
,#380),.UNSPECIFIED.,.T.,.F.) B_SPLINE_CURVE_WITH_KNOTS((1,2,2,2,2,1),(
    -2.094395102393,0.,2.094395102393,4.188790204786,6.28318530718,
8.377580409573),.UNSPECIFIED.) CURVE() GEOMETRIC_REPRESENTATION_ITEM() 
RATIONAL_B_SPLINE_CURVE((1.,0.5,1.,0.5,1.,0.5,1.)) REPRESENTATION_ITEM(
  '') );
#374 = CARTESIAN_POINT('',(31.,-46.));
#375 = CARTESIAN_POINT('',(-20.96152422706,-46.));
#376 = CARTESIAN_POINT('',(5.019237886467,-1.));
#377 = CARTESIAN_POINT('',(31.,44.));
#378 = CARTESIAN_POINT('',(56.980762113533,-1.));
#379 = CARTESIAN_POINT('',(82.961524227066,-46.));
#380 = CARTESIAN_POINT('',(31.,-46.));
#381 = ( GEOMETRIC_REPRESENTATION_CONTEXT(2) 
PARAMETRIC_REPRESENTATION_CONTEXT() REPRESENTATION_CONTEXT('2D SPACE',''
  ) );
#382 = ORIENTED_EDGE('',*,*,#383,.F.);
#383 = EDGE_CURVE('',#384,#349,#386,.T.);
#384 = VERTEX_POINT('',#385);
#385 = CARTESIAN_POINT('',(45.,16.,-25.37715508089));
#386 = SURFACE_CURVE('',#387,(#391,#397),.PCURVE_S1.);
#387 = LINE('',#388,#389);
#388 = CARTESIAN_POINT('',(-50.,16.,-25.37715508089));
#389 = VECTOR('',#390,1.);
#390 = DIRECTION('',(-1.,-0.,-0.));
#391 = PCURVE('',#31,#392);
#392 = DEFINITIONAL_REPRESENTATION('',(#393),#396);
#393 = B_SPLINE_CURVE_WITH_KNOTS('',1,(#394,#395),.UNSPECIFIED.,.F.,.F.,
  (2,2),(-100.0000006,5.999999999062E-07),.PIECEWISE_BEZIER_KNOTS.);
#394 = CARTESIAN_POINT('',(-5.274925224929,-100.0000006));
#395 = CARTESIAN_POINT('',(-5.274925224929,5.999999999062E-07));
#396 = ( GEOMETRIC_REPRESENTATION_CONTEXT(2) 
PARAMETRIC_REPRESENTATION_CONTEXT() REPRESENTATION_CONTEXT('2D SPACE',''
  ) );
#397 = PCURVE('',#398,#403);
#398 = PLANE('',#399);
#399 = AXIS2_PLACEMENT_3D('',#400,#401,#402);
#400 = CARTESIAN_POINT('',(-45.,16.,-31.));
#401 = DIRECTION('',(0.,1.,0.));
#402 = DIRECTION('',(0.,0.,1.));
#403 = DEFINITIONAL_REPRESENTATION('',(#404),#407);
#404 = B_SPLINE_CURVE_WITH_KNOTS('',1,(#405,#406),.UNSPECIFIED.,.F.,.F.,
  (2,2),(-100.0000006,5.999999999062E-07),.PIECEWISE_BEZIER_KNOTS.);
#405 = CARTESIAN_POINT('',(5.622844919101,95.0000006));
#406 = CARTESIAN_POINT('',(5.622844919101,-5.0000006));
#407 = ( GEOMETRIC_REPRESENTATION_CONTEXT(2) 
PARAMETRIC_REPRESENTATION_CONTEXT() REPRESENTATION_CONTEXT('2D SPACE',''
  ) );
#408 = ORIENTED_EDGE('',*,*,#409,.T.);
#409 = EDGE_CURVE('',#384,#410,#412,.T.);
#410 = VERTEX_POINT('',#411);
#411 = CARTESIAN_POINT('',(45.,-16.,-25.37715508089));
#412 = SURFACE_CURVE('',#413,(#418,#425),.PCURVE_S1.);
#413 = CIRCLE('',#414,30.);
#414 = AXIS2_PLACEMENT_3D('',#415,#416,#417);
#415 = CARTESIAN_POINT('',(45.,0.,0.));
#416 = DIRECTION('',(-1.,0.,0.));
#417 = DIRECTION('',(0.,1.,0.));
#418 = PCURVE('',#31,#419);
#419 = DEFINITIONAL_REPRESENTATION('',(#420),#424);
#420 = LINE('',#421,#422);
#421 = CARTESIAN_POINT('',(-6.28318530718,-95.));
#422 = VECTOR('',#423,1.);
#423 = DIRECTION('',(1.,-0.));
#424 = ( GEOMETRIC_REPRESENTATION_CONTEXT(2) 
PARAMETRIC_REPRESENTATION_CONTEXT() REPRESENTATION_CONTEXT('2D SPACE',''
  ) );
#425 = PCURVE('',#426,#431);
#426 = PLANE('',#427);
#427 = AXIS2_PLACEMENT_3D('',#428,#429,#430);
#428 = CARTESIAN_POINT('',(45.,-16.,-31.));
#429 = DIRECTION('',(1.,0.,0.));
#430 = DIRECTION('',(0.,0.,1.));
#431 = DEFINITIONAL_REPRESENTATION('',(#432),#440);
#432 = ( BOUNDED_CURVE() B_SPLINE_CURVE(2,(#433,#434,#435,#436,#437,#438
,#439),.UNSPECIFIED.,.T.,.F.) B_SPLINE_CURVE_WITH_KNOTS((1,2,2,2,2,1),(
    -2.094395102393,0.,2.094395102393,4.188790204786,6.28318530718,
8.377580409573),.UNSPECIFIED.) CURVE() GEOMETRIC_REPRESENTATION_ITEM() 
RATIONAL_B_SPLINE_CURVE((1.,0.5,1.,0.5,1.,0.5,1.)) REPRESENTATION_ITEM(
  '') );
#433 = CARTESIAN_POINT('',(31.,-46.));
#434 = CARTESIAN_POINT('',(-20.96152422706,-46.));
#435 = CARTESIAN_POINT('',(5.019237886467,-1.));
#436 = CARTESIAN_POINT('',(31.,44.));
#437 = CARTESIAN_POINT('',(56.980762113533,-1.));
#438 = CARTESIAN_POINT('',(82.961524227066,-46.));
#439 = CARTESIAN_POINT('',(31.,-46.));
#440 = ( GEOMETRIC_REPRESENTATION_CONTEXT(2) 
PARAMETRIC_REPRESENTATION_CONTEXT() REPRESENTATION_CONTEXT('2D SPACE',''
  ) );
#441 = ORIENTED_EDGE('',*,*,#442,.T.);
#442 = EDGE_CURVE('',#410,#351,#443,.T.);
#443 = SURFACE_CURVE('',#444,(#448,#454),.PCURVE_S1.);
#444 = LINE('',#445,#446);
#445 = CARTESIAN_POINT('',(-50.,-16.,-25.37715508089));
#446 = VECTOR('',#447,1.);
#447 = DIRECTION('',(-1.,-0.,-0.));
#448 = PCURVE('',#31,#449);
#449 = DEFINITIONAL_REPRESENTATION('',(#450),#453);
#450 = B_SPLINE_CURVE_WITH_KNOTS('',1,(#451,#452),.UNSPECIFIED.,.F.,.F.,
  (2,2),(-100.0000006,5.999999999062E-07),.PIECEWISE_BEZIER_KNOTS.);
#451 = CARTESIAN_POINT('',(-4.149852735841,-100.0000006));
#452 = CARTESIAN_POINT('',(-4.149852735841,5.999999999062E-07));
#453 = ( GEOMETRIC_REPRESENTATION_CONTEXT(2) 
PARAMETRIC_REPRESENTATION_CONTEXT() REPRESENTATION_CONTEXT('2D SPACE',''
  ) );
#454 = PCURVE('',#455,#460);
#455 = PLANE('',#456);
#456 = AXIS2_PLACEMENT_3D('',#457,#458,#459);
#457 = CARTESIAN_POINT('',(-45.,-16.,-31.));
#458 = DIRECTION('',(0.,1.,0.));
#459 = DIRECTION('',(0.,0.,1.));
#460 = DEFINITIONAL_REPRESENTATION('',(#461),#464);
#461 = B_SPLINE_CURVE_WITH_KNOTS('',1,(#462,#463),.UNSPECIFIED.,.F.,.F.,
  (2,2),(-100.0000006,5.999999999062E-07),.PIECEWISE_BEZIER_KNOTS.);
#462 = CARTESIAN_POINT('',(5.622844919101,95.0000006));
#463 = CARTESIAN_POINT('',(5.622844919101,-5.0000006));
#464 = ( GEOMETRIC_REPRESENTATION_CONTEXT(2) 
PARAMETRIC_REPRESENTATION_CONTEXT() REPRESENTATION_CONTEXT('2D SPACE',''
  ) );
#465 = ADVANCED_FACE('',(#466,#469),#43,.F.);
#466 = FACE_BOUND('',#467,.F.);
#467 = EDGE_LOOP('',(#468));
#468 = ORIENTED_EDGE('',*,*,#21,.T.);
#469 = FACE_BOUND('',#470,.F.);
#470 = EDGE_LOOP('',(#471));
#471 = ORIENTED_EDGE('',*,*,#472,.F.);
#472 = EDGE_CURVE('',#473,#473,#475,.T.);
#473 = VERTEX_POINT('',#474);
#474 = CARTESIAN_POINT('',(-50.,24.,0.));
#475 = SURFACE_CURVE('',#476,(#481,#488),.PCURVE_S1.);
#476 = CIRCLE('',#477,24.);
#477 = AXIS2_PLACEMENT_3D('',#478,#479,#480);
#478 = CARTESIAN_POINT('',(-50.,0.,0.));
#479 = DIRECTION('',(1.,0.,0.));
#480 = DIRECTION('',(0.,1.,0.));
#481 = PCURVE('',#43,#482);
#482 = DEFINITIONAL_REPRESENTATION('',(#483),#487);
#483 = CIRCLE('',#484,24.);
#484 = AXIS2_PLACEMENT_2D('',#485,#486);
#485 = CARTESIAN_POINT('',(-2.339560088947E-16,-1.458602808042E-15));
#486 = DIRECTION('',(0.,-1.));
#487 = ( GEOMETRIC_REPRESENTATION_CONTEXT(2) 
PARAMETRIC_REPRESENTATION_CONTEXT() REPRESENTATION_CONTEXT('2D SPACE',''
  ) );
#488 = PCURVE('',#489,#494);
#489 = CYLINDRICAL_SURFACE('',#490,24.);
#490 = AXIS2_PLACEMENT_3D('',#491,#492,#493);
#491 = CARTESIAN_POINT('',(-50.,0.,0.));
#492 = DIRECTION('',(-1.,-0.,-0.));
#493 = DIRECTION('',(0.,1.,0.));
#494 = DEFINITIONAL_REPRESENTATION('',(#495),#499);
#495 = LINE('',#496,#497);
#496 = CARTESIAN_POINT('',(-0.,0.));
#497 = VECTOR('',#498,1.);
#498 = DIRECTION('',(-1.,0.));
#499 = ( GEOMETRIC_REPRESENTATION_CONTEXT(2) 
PARAMETRIC_REPRESENTATION_CONTEXT() REPRESENTATION_CONTEXT('2D SPACE',''
  ) );
#500 = ADVANCED_FACE('',(#501,#504),#93,.T.);
#501 = FACE_BOUND('',#502,.T.);
#502 = EDGE_LOOP('',(#503));
#503 = ORIENTED_EDGE('',*,*,#78,.T.);
#504 = FACE_BOUND('',#505,.T.);
#505 = EDGE_LOOP('',(#506));
#506 = ORIENTED_EDGE('',*,*,#507,.F.);
#507 = EDGE_CURVE('',#508,#508,#510,.T.);
#508 = VERTEX_POINT('',#509);
#509 = CARTESIAN_POINT('',(50.,24.,0.));
#510 = SURFACE_CURVE('',#511,(#516,#523),.PCURVE_S1.);
#511 = CIRCLE('',#512,24.);
#512 = AXIS2_PLACEMENT_3D('',#513,#514,#515);
#513 = CARTESIAN_POINT('',(50.,0.,0.));
#514 = DIRECTION('',(1.,0.,0.));
#515 = DIRECTION('',(0.,1.,0.));
#516 = PCURVE('',#93,#517);
#517 = DEFINITIONAL_REPRESENTATION('',(#518),#522);
#518 = CIRCLE('',#519,24.);
#519 = AXIS2_PLACEMENT_2D('',#520,#521);
#520 = CARTESIAN_POINT('',(-2.339560088947E-16,-1.458602808042E-15));
#521 = DIRECTION('',(0.,-1.));
#522 = ( GEOMETRIC_REPRESENTATION_CONTEXT(2) 
PARAMETRIC_REPRESENTATION_CONTEXT() REPRESENTATION_CONTEXT('2D SPACE',''
  ) );
#523 = PCURVE('',#524,#529);
#524 = CYLINDRICAL_SURFACE('',#525,24.);
#525 = AXIS2_PLACEMENT_3D('',#526,#527,#528);
#526 = CARTESIAN_POINT('',(36.,0.,0.));
#527 = DIRECTION('',(-1.,-0.,-0.));
#528 = DIRECTION('',(0.,1.,0.));
#529 = DEFINITIONAL_REPRESENTATION('',(#530),#534);
#530 = LINE('',#531,#532);
#531 = CARTESIAN_POINT('',(-0.,-14.));
#532 = VECTOR('',#533,1.);
#533 = DIRECTION('',(-1.,0.));
#534 = ( GEOMETRIC_REPRESENTATION_CONTEXT(2) 
PARAMETRIC_REPRESENTATION_CONTEXT() REPRESENTATION_CONTEXT('2D SPACE',''
  ) );
#535 = ADVANCED_FACE('',(#536),#127,.T.);
#536 = FACE_BOUND('',#537,.T.);
#537 = EDGE_LOOP('',(#538,#561,#589,#610));
#538 = ORIENTED_EDGE('',*,*,#539,.F.);
#539 = EDGE_CURVE('',#540,#109,#542,.T.);
#540 = VERTEX_POINT('',#541);
#541 = CARTESIAN_POINT('',(20.,-12.,25.));
#542 = SURFACE_CURVE('',#543,(#547,#554),.PCURVE_S1.);
#543 = LINE('',#544,#545);
#544 = CARTESIAN_POINT('',(20.,-12.,25.));
#545 = VECTOR('',#546,1.);
#546 = DIRECTION('',(0.,0.,1.));
#547 = PCURVE('',#127,#548);
#548 = DEFINITIONAL_REPRESENTATION('',(#549),#553);
#549 = LINE('',#550,#551);
#550 = CARTESIAN_POINT('',(0.,0.));
#551 = VECTOR('',#552,1.);
#552 = DIRECTION('',(1.,0.));
#553 = ( GEOMETRIC_REPRESENTATION_CONTEXT(2) 
PARAMETRIC_REPRESENTATION_CONTEXT() REPRESENTATION_CONTEXT('2D SPACE',''
  ) );
#554 = PCURVE('',#158,#555);
#555 = DEFINITIONAL_REPRESENTATION('',(#556),#560);
#556 = LINE('',#557,#558);
#557 = CARTESIAN_POINT('',(0.,0.));
#558 = VECTOR('',#559,1.);
#559 = DIRECTION('',(1.,0.));
#560 = ( GEOMETRIC_REPRESENTATION_CONTEXT(2) 
PARAMETRIC_REPRESENTATION_CONTEXT() REPRESENTATION_CONTEXT('2D SPACE',''
  ) );
#561 = ORIENTED_EDGE('',*,*,#562,.T.);
#562 = EDGE_CURVE('',#540,#563,#565,.T.);
#563 = VERTEX_POINT('',#564);
#564 = CARTESIAN_POINT('',(20.,12.,25.));
#565 = SURFACE_CURVE('',#566,(#570,#577),.PCURVE_S1.);
#566 = LINE('',#567,#568);
#567 = CARTESIAN_POINT('',(20.,-12.,25.));
#568 = VECTOR('',#569,1.);
#569 = DIRECTION('',(0.,1.,0.));
#570 = PCURVE('',#127,#571);
#571 = DEFINITIONAL_REPRESENTATION('',(#572),#576);
#572 = LINE('',#573,#574);
#573 = CARTESIAN_POINT('',(0.,0.));
#574 = VECTOR('',#575,1.);
#575 = DIRECTION('',(0.,-1.));
#576 = ( GEOMETRIC_REPRESENTATION_CONTEXT(2) 
PARAMETRIC_REPRESENTATION_CONTEXT() REPRESENTATION_CONTEXT('2D SPACE',''
  ) );
#577 = PCURVE('',#578,#583);
#578 = PLANE('',#579);
#579 = AXIS2_PLACEMENT_3D('',#580,#581,#582);
#580 = CARTESIAN_POINT('',(20.,-12.,25.));
#581 = DIRECTION('',(0.,0.,1.));
#582 = DIRECTION('',(1.,0.,0.));
#583 = DEFINITIONAL_REPRESENTATION('',(#584),#588);
#584 = LINE('',#585,#586);
#585 = CARTESIAN_POINT('',(0.,0.));
#586 = VECTOR('',#587,1.);
#587 = DIRECTION('',(0.,1.));
#588 = ( GEOMETRIC_REPRESENTATION_CONTEXT(2) 
PARAMETRIC_REPRESENTATION_CONTEXT() REPRESENTATION_CONTEXT('2D SPACE',''
  ) );
#589 = ORIENTED_EDGE('',*,*,#590,.T.);
#590 = EDGE_CURVE('',#563,#111,#591,.T.);
#591 = SURFACE_CURVE('',#592,(#596,#603),.PCURVE_S1.);
#592 = LINE('',#593,#594);
#593 = CARTESIAN_POINT('',(20.,12.,25.));
#594 = VECTOR('',#595,1.);
#595 = DIRECTION('',(0.,0.,1.));
#596 = PCURVE('',#127,#597);
#597 = DEFINITIONAL_REPRESENTATION('',(#598),#602);
#598 = LINE('',#599,#600);
#599 = CARTESIAN_POINT('',(0.,-24.));
#600 = VECTOR('',#601,1.);
#601 = DIRECTION('',(1.,0.));
#602 = ( GEOMETRIC_REPRESENTATION_CONTEXT(2) 
PARAMETRIC_REPRESENTATION_CONTEXT() REPRESENTATION_CONTEXT('2D SPACE',''
  ) );
#603 = PCURVE('',#215,#604);
#604 = DEFINITIONAL_REPRESENTATION('',(#605),#609);
#605 = LINE('',#606,#607);
#606 = CARTESIAN_POINT('',(0.,0.));
#607 = VECTOR('',#608,1.);
#608 = DIRECTION('',(1.,0.));
#609 = ( GEOMETRIC_REPRESENTATION_CONTEXT(2) 
PARAMETRIC_REPRESENTATION_CONTEXT() REPRESENTATION_CONTEXT('2D SPACE',''
  ) );
#610 = ORIENTED_EDGE('',*,*,#108,.F.);
#611 = ADVANCED_FACE('',(#612),#158,.T.);
#612 = FACE_BOUND('',#613,.T.);
#613 = EDGE_LOOP('',(#614,#637,#658,#659));
#614 = ORIENTED_EDGE('',*,*,#615,.F.);
#615 = EDGE_CURVE('',#616,#144,#618,.T.);
#616 = VERTEX_POINT('',#617);
#617 = CARTESIAN_POINT('',(44.,-12.,25.));
#618 = SURFACE_CURVE('',#619,(#623,#630),.PCURVE_S1.);
#619 = LINE('',#620,#621);
#620 = CARTESIAN_POINT('',(44.,-12.,25.));
#621 = VECTOR('',#622,1.);
#622 = DIRECTION('',(0.,0.,1.));
#623 = PCURVE('',#158,#624);
#624 = DEFINITIONAL_REPRESENTATION('',(#625),#629);
#625 = LINE('',#626,#627);
#626 = CARTESIAN_POINT('',(0.,24.));
#627 = VECTOR('',#628,1.);
#628 = DIRECTION('',(1.,0.));
#629 = ( GEOMETRIC_REPRESENTATION_CONTEXT(2) 
PARAMETRIC_REPRESENTATION_CONTEXT() REPRESENTATION_CONTEXT('2D SPACE',''
  ) );
#630 = PCURVE('',#186,#631);
#631 = DEFINITIONAL_REPRESENTATION('',(#632),#636);
#632 = LINE('',#633,#634);
#633 = CARTESIAN_POINT('',(0.,0.));
#634 = VECTOR('',#635,1.);
#635 = DIRECTION('',(1.,0.));
#636 = ( GEOMETRIC_REPRESENTATION_CONTEXT(2) 
PARAMETRIC_REPRESENTATION_CONTEXT() REPRESENTATION_CONTEXT('2D SPACE',''
  ) );
#637 = ORIENTED_EDGE('',*,*,#638,.F.);
#638 = EDGE_CURVE('',#540,#616,#639,.T.);
#639 = SURFACE_CURVE('',#640,(#644,#651),.PCURVE_S1.);
#640 = LINE('',#641,#642);
#641 = CARTESIAN_POINT('',(20.,-12.,25.));
#642 = VECTOR('',#643,1.);
#643 = DIRECTION('',(1.,0.,0.));
#644 = PCURVE('',#158,#645);
#645 = DEFINITIONAL_REPRESENTATION('',(#646),#650);
#646 = LINE('',#647,#648);
#647 = CARTESIAN_POINT('',(0.,0.));
#648 = VECTOR('',#649,1.);
#649 = DIRECTION('',(0.,1.));
#650 = ( GEOMETRIC_REPRESENTATION_CONTEXT(2) 
PARAMETRIC_REPRESENTATION_CONTEXT() REPRESENTATION_CONTEXT('2D SPACE',''
  ) );
#651 = PCURVE('',#578,#652);
#652 = DEFINITIONAL_REPRESENTATION('',(#653),#657);
#653 = LINE('',#654,#655);
#654 = CARTESIAN_POINT('',(0.,0.));
#655 = VECTOR('',#656,1.);
#656 = DIRECTION('',(1.,0.));
#657 = ( GEOMETRIC_REPRESENTATION_CONTEXT(2) 
PARAMETRIC_REPRESENTATION_CONTEXT() REPRESENTATION_CONTEXT('2D SPACE',''
  ) );
#658 = ORIENTED_EDGE('',*,*,#539,.T.);
#659 = ORIENTED_EDGE('',*,*,#143,.F.);
#660 = ADVANCED_FACE('',(#661),#215,.F.);
#661 = FACE_BOUND('',#662,.F.);
#662 = EDGE_LOOP('',(#663,#686,#707,#708));
#663 = ORIENTED_EDGE('',*,*,#664,.F.);
#664 = EDGE_CURVE('',#665,#170,#667,.T.);
#665 = VERTEX_POINT('',#666);
#666 = CARTESIAN_POINT('',(44.,12.,25.));
#667 = SURFACE_CURVE('',#668,(#672,#679),.PCURVE_S1.);
#668 = LINE('',#669,#670);
#669 = CARTESIAN_POINT('',(44.,12.,25.));
#670 = VECTOR('',#671,1.);
#671 = DIRECTION('',(0.,0.,1.));
#672 = PCURVE('',#215,#673);
#673 = DEFINITIONAL_REPRESENTATION('',(#674),#678);
#674 = LINE('',#675,#676);
#675 = CARTESIAN_POINT('',(0.,24.));
#676 = VECTOR('',#677,1.);
#677 = DIRECTION('',(1.,0.));
#678 = ( GEOMETRIC_REPRESENTATION_CONTEXT(2) 
PARAMETRIC_REPRESENTATION_CONTEXT() REPRESENTATION_CONTEXT('2D SPACE',''
  ) );
#679 = PCURVE('',#186,#680);
#680 = DEFINITIONAL_REPRESENTATION('',(#681),#685);
#681 = LINE('',#682,#683);
#682 = CARTESIAN_POINT('',(0.,-24.));
#683 = VECTOR('',#684,1.);
#684 = DIRECTION('',(1.,0.));
#685 = ( GEOMETRIC_REPRESENTATION_CONTEXT(2) 
PARAMETRIC_REPRESENTATION_CONTEXT() REPRESENTATION_CONTEXT('2D SPACE',''
  ) );
#686 = ORIENTED_EDGE('',*,*,#687,.F.);
#687 = EDGE_CURVE('',#563,#665,#688,.T.);
#688 = SURFACE_CURVE('',#689,(#693,#700),.PCURVE_S1.);
#689 = LINE('',#690,#691);
#690 = CARTESIAN_POINT('',(20.,12.,25.));
#691 = VECTOR('',#692,1.);
#692 = DIRECTION('',(1.,0.,0.));
#693 = PCURVE('',#215,#694);
#694 = DEFINITIONAL_REPRESENTATION('',(#695),#699);
#695 = LINE('',#696,#697);
#696 = CARTESIAN_POINT('',(0.,0.));
#697 = VECTOR('',#698,1.);
#698 = DIRECTION('',(0.,1.));
#699 = ( GEOMETRIC_REPRESENTATION_CONTEXT(2) 
PARAMETRIC_REPRESENTATION_CONTEXT() REPRESENTATION_CONTEXT('2D SPACE',''
  ) );
#700 = PCURVE('',#578,#701);
#701 = DEFINITIONAL_REPRESENTATION('',(#702),#706);
#702 = LINE('',#703,#704);
#703 = CARTESIAN_POINT('',(0.,24.));
#704 = VECTOR('',#705,1.);
#705 = DIRECTION('',(1.,0.));
#706 = ( GEOMETRIC_REPRESENTATION_CONTEXT(2) 
PARAMETRIC_REPRESENTATION_CONTEXT() REPRESENTATION_CONTEXT('2D SPACE',''
  ) );
#707 = ORIENTED_EDGE('',*,*,#590,.T.);
#708 = ORIENTED_EDGE('',*,*,#202,.F.);
#709 = ADVANCED_FACE('',(#710),#186,.F.);
#710 = FACE_BOUND('',#711,.F.);
#711 = EDGE_LOOP('',(#712,#713,#734,#735));
#712 = ORIENTED_EDGE('',*,*,#615,.F.);
#713 = ORIENTED_EDGE('',*,*,#714,.T.);
#714 = EDGE_CURVE('',#616,#665,#715,.T.);
#715 = SURFACE_CURVE('',#716,(#720,#727),.PCURVE_S1.);
#716 = LINE('',#717,#718);
#717 = CARTESIAN_POINT('',(44.,-12.,25.));
#718 = VECTOR('',#719,1.);
#719 = DIRECTION('',(0.,1.,0.));
#720 = PCURVE('',#186,#721);
#721 = DEFINITIONAL_REPRESENTATION('',(#722),#726);
#722 = LINE('',#723,#724);
#723 = CARTESIAN_POINT('',(0.,0.));
#724 = VECTOR('',#725,1.);
#725 = DIRECTION('',(0.,-1.));
#726 = ( GEOMETRIC_REPRESENTATION_CONTEXT(2) 
PARAMETRIC_REPRESENTATION_CONTEXT() REPRESENTATION_CONTEXT('2D SPACE',''
  ) );
#727 = PCURVE('',#578,#728);
#728 = DEFINITIONAL_REPRESENTATION('',(#729),#733);
#729 = LINE('',#730,#731);
#730 = CARTESIAN_POINT('',(24.,0.));
#731 = VECTOR('',#732,1.);
#732 = DIRECTION('',(0.,1.));
#733 = ( GEOMETRIC_REPRESENTATION_CONTEXT(2) 
PARAMETRIC_REPRESENTATION_CONTEXT() REPRESENTATION_CONTEXT('2D SPACE',''
  ) );
#734 = ORIENTED_EDGE('',*,*,#664,.T.);
#735 = ORIENTED_EDGE('',*,*,#169,.F.);
#736 = ADVANCED_FACE('',(#737),#247,.T.);
#737 = FACE_BOUND('',#738,.T.);
#738 = EDGE_LOOP('',(#739,#762,#790,#811));
#739 = ORIENTED_EDGE('',*,*,#740,.F.);
#740 = EDGE_CURVE('',#741,#229,#743,.T.);
#741 = VERTEX_POINT('',#742);
#742 = CARTESIAN_POINT('',(-44.,-12.,25.));
#743 = SURFACE_CURVE('',#744,(#748,#755),.PCURVE_S1.);
#744 = LINE('',#745,#746);
#745 = CARTESIAN_POINT('',(-44.,-12.,25.));
#746 = VECTOR('',#747,1.);
#747 = DIRECTION('',(0.,0.,1.));
#748 = PCURVE('',#247,#749);
#749 = DEFINITIONAL_REPRESENTATION('',(#750),#754);
#750 = LINE('',#751,#752);
#751 = CARTESIAN_POINT('',(0.,0.));
#752 = VECTOR('',#753,1.);
#753 = DIRECTION('',(1.,0.));
#754 = ( GEOMETRIC_REPRESENTATION_CONTEXT(2) 
PARAMETRIC_REPRESENTATION_CONTEXT() REPRESENTATION_CONTEXT('2D SPACE',''
  ) );
#755 = PCURVE('',#278,#756);
#756 = DEFINITIONAL_REPRESENTATION('',(#757),#761);
#757 = LINE('',#758,#759);
#758 = CARTESIAN_POINT('',(0.,0.));
#759 = VECTOR('',#760,1.);
#760 = DIRECTION('',(1.,0.));
#761 = ( GEOMETRIC_REPRESENTATION_CONTEXT(2) 
PARAMETRIC_REPRESENTATION_CONTEXT() REPRESENTATION_CONTEXT('2D SPACE',''
  ) );
#762 = ORIENTED_EDGE('',*,*,#763,.T.);
#763 = EDGE_CURVE('',#741,#764,#766,.T.);
#764 = VERTEX_POINT('',#765);
#765 = CARTESIAN_POINT('',(-44.,12.,25.));
#766 = SURFACE_CURVE('',#767,(#771,#778),.PCURVE_S1.);
#767 = LINE('',#768,#769);
#768 = CARTESIAN_POINT('',(-44.,-12.,25.));
#769 = VECTOR('',#770,1.);
#770 = DIRECTION('',(0.,1.,0.));
#771 = PCURVE('',#247,#772);
#772 = DEFINITIONAL_REPRESENTATION('',(#773),#777);
#773 = LINE('',#774,#775);
#774 = CARTESIAN_POINT('',(0.,0.));
#775 = VECTOR('',#776,1.);
#776 = DIRECTION('',(0.,-1.));
#777 = ( GEOMETRIC_REPRESENTATION_CONTEXT(2) 
PARAMETRIC_REPRESENTATION_CONTEXT() REPRESENTATION_CONTEXT('2D SPACE',''
  ) );
#778 = PCURVE('',#779,#784);
#779 = PLANE('',#780);
#780 = AXIS2_PLACEMENT_3D('',#781,#782,#783);
#781 = CARTESIAN_POINT('',(-44.,-12.,25.));
#782 = DIRECTION('',(0.,0.,1.));
#783 = DIRECTION('',(1.,0.,0.));
#784 = DEFINITIONAL_REPRESENTATION('',(#785),#789);
#785 = LINE('',#786,#787);
#786 = CARTESIAN_POINT('',(0.,0.));
#787 = VECTOR('',#788,1.);
#788 = DIRECTION('',(0.,1.));
#789 = ( GEOMETRIC_REPRESENTATION_CONTEXT(2) 
PARAMETRIC_REPRESENTATION_CONTEXT() REPRESENTATION_CONTEXT('2D SPACE',''
  ) );
#790 = ORIENTED_EDGE('',*,*,#791,.T.);
#791 = EDGE_CURVE('',#764,#231,#792,.T.);
#792 = SURFACE_CURVE('',#793,(#797,#804),.PCURVE_S1.);
#793 = LINE('',#794,#795);
#794 = CARTESIAN_POINT('',(-44.,12.,25.));
#795 = VECTOR('',#796,1.);
#796 = DIRECTION('',(0.,0.,1.));
#797 = PCURVE('',#247,#798);
#798 = DEFINITIONAL_REPRESENTATION('',(#799),#803);
#799 = LINE('',#800,#801);
#800 = CARTESIAN_POINT('',(0.,-24.));
#801 = VECTOR('',#802,1.);
#802 = DIRECTION('',(1.,0.));
#803 = ( GEOMETRIC_REPRESENTATION_CONTEXT(2) 
PARAMETRIC_REPRESENTATION_CONTEXT() REPRESENTATION_CONTEXT('2D SPACE',''
  ) );
#804 = PCURVE('',#335,#805);
#805 = DEFINITIONAL_REPRESENTATION('',(#806),#810);
#806 = LINE('',#807,#808);
#807 = CARTESIAN_POINT('',(0.,0.));
#808 = VECTOR('',#809,1.);
#809 = DIRECTION('',(1.,0.));
#810 = ( GEOMETRIC_REPRESENTATION_CONTEXT(2) 
PARAMETRIC_REPRESENTATION_CONTEXT() REPRESENTATION_CONTEXT('2D SPACE',''
  ) );
#811 = ORIENTED_EDGE('',*,*,#228,.F.);
#812 = ADVANCED_FACE('',(#813),#278,.T.);
#813 = FACE_BOUND('',#814,.T.);
#814 = EDGE_LOOP('',(#815,#838,#859,#860));
#815 = ORIENTED_EDGE('',*,*,#816,.F.);
#816 = EDGE_CURVE('',#817,#264,#819,.T.);
#817 = VERTEX_POINT('',#818);
#818 = CARTESIAN_POINT('',(-20.,-12.,25.));
#819 = SURFACE_CURVE('',#820,(#824,#831),.PCURVE_S1.);
#820 = LINE('',#821,#822);
#821 = CARTESIAN_POINT('',(-20.,-12.,25.));
#822 = VECTOR('',#823,1.);
#823 = DIRECTION('',(0.,0.,1.));
#824 = PCURVE('',#278,#825);
#825 = DEFINITIONAL_REPRESENTATION('',(#826),#830);
#826 = LINE('',#827,#828);
#827 = CARTESIAN_POINT('',(0.,24.));
#828 = VECTOR('',#829,1.);
#829 = DIRECTION('',(1.,0.));
#830 = ( GEOMETRIC_REPRESENTATION_CONTEXT(2) 
PARAMETRIC_REPRESENTATION_CONTEXT() REPRESENTATION_CONTEXT('2D SPACE',''
  ) );
#831 = PCURVE('',#306,#832);
#832 = DEFINITIONAL_REPRESENTATION('',(#833),#837);
#833 = LINE('',#834,#835);
#834 = CARTESIAN_POINT('',(0.,0.));
#835 = VECTOR('',#836,1.);
#836 = DIRECTION('',(1.,0.));
#837 = ( GEOMETRIC_REPRESENTATION_CONTEXT(2) 
PARAMETRIC_REPRESENTATION_CONTEXT() REPRESENTATION_CONTEXT('2D SPACE',''
  ) );
#838 = ORIENTED_EDGE('',*,*,#839,.F.);
#839 = EDGE_CURVE('',#741,#817,#840,.T.);
#840 = SURFACE_CURVE('',#841,(#845,#852),.PCURVE_S1.);
#841 = LINE('',#842,#843);
#842 = CARTESIAN_POINT('',(-44.,-12.,25.));
#843 = VECTOR('',#844,1.);
#844 = DIRECTION('',(1.,0.,0.));
#845 = PCURVE('',#278,#846);
#846 = DEFINITIONAL_REPRESENTATION('',(#847),#851);
#847 = LINE('',#848,#849);
#848 = CARTESIAN_POINT('',(0.,0.));
#849 = VECTOR('',#850,1.);
#850 = DIRECTION('',(0.,1.));
#851 = ( GEOMETRIC_REPRESENTATION_CONTEXT(2) 
PARAMETRIC_REPRESENTATION_CONTEXT() REPRESENTATION_CONTEXT('2D SPACE',''
  ) );
#852 = PCURVE('',#779,#853);
#853 = DEFINITIONAL_REPRESENTATION('',(#854),#858);
#854 = LINE('',#855,#856);
#855 = CARTESIAN_POINT('',(0.,0.));
#856 = VECTOR('',#857,1.);
#857 = DIRECTION('',(1.,0.));
#858 = ( GEOMETRIC_REPRESENTATION_CONTEXT(2) 
PARAMETRIC_REPRESENTATION_CONTEXT() REPRESENTATION_CONTEXT('2D SPACE',''
  ) );
#859 = ORIENTED_EDGE('',*,*,#740,.T.);
#860 = ORIENTED_EDGE('',*,*,#263,.F.);
#861 = ADVANCED_FACE('',(#862),#335,.F.);
#862 = FACE_BOUND('',#863,.F.);
#863 = EDGE_LOOP('',(#864,#887,#908,#909));
#864 = ORIENTED_EDGE('',*,*,#865,.F.);
#865 = EDGE_CURVE('',#866,#290,#868,.T.);
#866 = VERTEX_POINT('',#867);
#867 = CARTESIAN_POINT('',(-20.,12.,25.));
#868 = SURFACE_CURVE('',#869,(#873,#880),.PCURVE_S1.);
#869 = LINE('',#870,#871);
#870 = CARTESIAN_POINT('',(-20.,12.,25.));
#871 = VECTOR('',#872,1.);
#872 = DIRECTION('',(0.,0.,1.));
#873 = PCURVE('',#335,#874);
#874 = DEFINITIONAL_REPRESENTATION('',(#875),#879);
#875 = LINE('',#876,#877);
#876 = CARTESIAN_POINT('',(0.,24.));
#877 = VECTOR('',#878,1.);
#878 = DIRECTION('',(1.,0.));
#879 = ( GEOMETRIC_REPRESENTATION_CONTEXT(2) 
PARAMETRIC_REPRESENTATION_CONTEXT() REPRESENTATION_CONTEXT('2D SPACE',''
  ) );
#880 = PCURVE('',#306,#881);
#881 = DEFINITIONAL_REPRESENTATION('',(#882),#886);
#882 = LINE('',#883,#884);
#883 = CARTESIAN_POINT('',(0.,-24.));
#884 = VECTOR('',#885,1.);
#885 = DIRECTION('',(1.,0.));
#886 = ( GEOMETRIC_REPRESENTATION_CONTEXT(2) 
PARAMETRIC_REPRESENTATION_CONTEXT() REPRESENTATION_CONTEXT('2D SPACE',''
  ) );
#887 = ORIENTED_EDGE('',*,*,#888,.F.);
#888 = EDGE_CURVE('',#764,#866,#889,.T.);
#889 = SURFACE_CURVE('',#890,(#894,#901),.PCURVE_S1.);
#890 = LINE('',#891,#892);
#891 = CARTESIAN_POINT('',(-44.,12.,25.));
#892 = VECTOR('',#893,1.);
#893 = DIRECTION('',(1.,0.,0.));
#894 = PCURVE('',#335,#895);
#895 = DEFINITIONAL_REPRESENTATION('',(#896),#900);
#896 = LINE('',#897,#898);
#897 = CARTESIAN_POINT('',(0.,0.));
#898 = VECTOR('',#899,1.);
#899 = DIRECTION('',(0.,1.));
#900 = ( GEOMETRIC_REPRESENTATION_CONTEXT(2) 
PARAMETRIC_REPRESENTATION_CONTEXT() REPRESENTATION_CONTEXT('2D SPACE',''
  ) );
#901 = PCURVE('',#779,#902);
#902 = DEFINITIONAL_REPRESENTATION('',(#903),#907);
#903 = LINE('',#904,#905);
#904 = CARTESIAN_POINT('',(0.,24.));
#905 = VECTOR('',#906,1.);
#906 = DIRECTION('',(1.,0.));
#907 = ( GEOMETRIC_REPRESENTATION_CONTEXT(2) 
PARAMETRIC_REPRESENTATION_CONTEXT() REPRESENTATION_CONTEXT('2D SPACE',''
  ) );
#908 = ORIENTED_EDGE('',*,*,#791,.T.);
#909 = ORIENTED_EDGE('',*,*,#322,.F.);
#910 = ADVANCED_FACE('',(#911),#306,.F.);
#911 = FACE_BOUND('',#912,.F.);
#912 = EDGE_LOOP('',(#913,#914,#935,#936));
#913 = ORIENTED_EDGE('',*,*,#816,.F.);
#914 = ORIENTED_EDGE('',*,*,#915,.T.);
#915 = EDGE_CURVE('',#817,#866,#916,.T.);
#916 = SURFACE_CURVE('',#917,(#921,#928),.PCURVE_S1.);
#917 = LINE('',#918,#919);
#918 = CARTESIAN_POINT('',(-20.,-12.,25.));
#919 = VECTOR('',#920,1.);
#920 = DIRECTION('',(0.,1.,0.));
#921 = PCURVE('',#306,#922);
#922 = DEFINITIONAL_REPRESENTATION('',(#923),#927);
#923 = LINE('',#924,#925);
#924 = CARTESIAN_POINT('',(0.,0.));
#925 = VECTOR('',#926,1.);
#926 = DIRECTION('',(0.,-1.));
#927 = ( GEOMETRIC_REPRESENTATION_CONTEXT(2) 
PARAMETRIC_REPRESENTATION_CONTEXT() REPRESENTATION_CONTEXT('2D SPACE',''
  ) );
#928 = PCURVE('',#779,#929);
#929 = DEFINITIONAL_REPRESENTATION('',(#930),#934);
#930 = LINE('',#931,#932);
#931 = CARTESIAN_POINT('',(24.,0.));
#932 = VECTOR('',#933,1.);
#933 = DIRECTION('',(0.,1.));
#934 = ( GEOMETRIC_REPRESENTATION_CONTEXT(2) 
PARAMETRIC_REPRESENTATION_CONTEXT() REPRESENTATION_CONTEXT('2D SPACE',''
  ) );
#935 = ORIENTED_EDGE('',*,*,#865,.T.);
#936 = ORIENTED_EDGE('',*,*,#289,.F.);
#937 = ADVANCED_FACE('',(#938),#367,.T.);
#938 = FACE_BOUND('',#939,.T.);
#939 = EDGE_LOOP('',(#940,#963,#964,#987));
#940 = ORIENTED_EDGE('',*,*,#941,.F.);
#941 = EDGE_CURVE('',#351,#942,#944,.T.);
#942 = VERTEX_POINT('',#943);
#943 = CARTESIAN_POINT('',(-45.,-16.,-25.));
#944 = SURFACE_CURVE('',#945,(#949,#956),.PCURVE_S1.);
#945 = LINE('',#946,#947);
#946 = CARTESIAN_POINT('',(-45.,-16.,-31.));
#947 = VECTOR('',#948,1.);
#948 = DIRECTION('',(0.,0.,1.));
#949 = PCURVE('',#367,#950);
#950 = DEFINITIONAL_REPRESENTATION('',(#951),#955);
#951 = LINE('',#952,#953);
#952 = CARTESIAN_POINT('',(0.,0.));
#953 = VECTOR('',#954,1.);
#954 = DIRECTION('',(1.,0.));
#955 = ( GEOMETRIC_REPRESENTATION_CONTEXT(2) 
PARAMETRIC_REPRESENTATION_CONTEXT() REPRESENTATION_CONTEXT('2D SPACE',''
  ) );
#956 = PCURVE('',#455,#957);
#957 = DEFINITIONAL_REPRESENTATION('',(#958),#962);
#958 = LINE('',#959,#960);
#959 = CARTESIAN_POINT('',(0.,0.));
#960 = VECTOR('',#961,1.);
#961 = DIRECTION('',(1.,0.));
#962 = ( GEOMETRIC_REPRESENTATION_CONTEXT(2) 
PARAMETRIC_REPRESENTATION_CONTEXT() REPRESENTATION_CONTEXT('2D SPACE',''
  ) );
#963 = ORIENTED_EDGE('',*,*,#348,.F.);
#964 = ORIENTED_EDGE('',*,*,#965,.T.);
#965 = EDGE_CURVE('',#349,#966,#968,.T.);
#966 = VERTEX_POINT('',#967);
#967 = CARTESIAN_POINT('',(-45.,16.,-25.));
#968 = SURFACE_CURVE('',#969,(#973,#980),.PCURVE_S1.);
#969 = LINE('',#970,#971);
#970 = CARTESIAN_POINT('',(-45.,16.,-31.));
#971 = VECTOR('',#972,1.);
#972 = DIRECTION('',(0.,0.,1.));
#973 = PCURVE('',#367,#974);
#974 = DEFINITIONAL_REPRESENTATION('',(#975),#979);
#975 = LINE('',#976,#977);
#976 = CARTESIAN_POINT('',(0.,-32.));
#977 = VECTOR('',#978,1.);
#978 = DIRECTION('',(1.,0.));
#979 = ( GEOMETRIC_REPRESENTATION_CONTEXT(2) 
PARAMETRIC_REPRESENTATION_CONTEXT() REPRESENTATION_CONTEXT('2D SPACE',''
  ) );
#980 = PCURVE('',#398,#981);
#981 = DEFINITIONAL_REPRESENTATION('',(#982),#986);
#982 = LINE('',#983,#984);
#983 = CARTESIAN_POINT('',(0.,0.));
#984 = VECTOR('',#985,1.);
#985 = DIRECTION('',(1.,0.));
#986 = ( GEOMETRIC_REPRESENTATION_CONTEXT(2) 
PARAMETRIC_REPRESENTATION_CONTEXT() REPRESENTATION_CONTEXT('2D SPACE',''
  ) );
#987 = ORIENTED_EDGE('',*,*,#988,.F.);
#988 = EDGE_CURVE('',#942,#966,#989,.T.);
#989 = SURFACE_CURVE('',#990,(#994,#1001),.PCURVE_S1.);
#990 = LINE('',#991,#992);
#991 = CARTESIAN_POINT('',(-45.,-16.,-25.));
#992 = VECTOR('',#993,1.);
#993 = DIRECTION('',(0.,1.,0.));
#994 = PCURVE('',#367,#995);
#995 = DEFINITIONAL_REPRESENTATION('',(#996),#1000);
#996 = LINE('',#997,#998);
#997 = CARTESIAN_POINT('',(6.,0.));
#998 = VECTOR('',#999,1.);
#999 = DIRECTION('',(0.,-1.));
#1000 = ( GEOMETRIC_REPRESENTATION_CONTEXT(2) 
PARAMETRIC_REPRESENTATION_CONTEXT() REPRESENTATION_CONTEXT('2D SPACE',''
  ) );
#1001 = PCURVE('',#1002,#1007);
#1002 = PLANE('',#1003);
#1003 = AXIS2_PLACEMENT_3D('',#1004,#1005,#1006);
#1004 = CARTESIAN_POINT('',(-45.,-16.,-25.));
#1005 = DIRECTION('',(0.,0.,1.));
#1006 = DIRECTION('',(1.,0.,0.));
#1007 = DEFINITIONAL_REPRESENTATION('',(#1008),#1012);
#1008 = LINE('',#1009,#1010);
#1009 = CARTESIAN_POINT('',(0.,0.));
#1010 = VECTOR('',#1011,1.);
#1011 = DIRECTION('',(0.,1.));
#1012 = ( GEOMETRIC_REPRESENTATION_CONTEXT(2) 
PARAMETRIC_REPRESENTATION_CONTEXT() REPRESENTATION_CONTEXT('2D SPACE',''
  ) );
#1013 = ADVANCED_FACE('',(#1014),#455,.T.);
#1014 = FACE_BOUND('',#1015,.T.);
#1015 = EDGE_LOOP('',(#1016,#1039,#1040,#1041));
#1016 = ORIENTED_EDGE('',*,*,#1017,.F.);
#1017 = EDGE_CURVE('',#410,#1018,#1020,.T.);
#1018 = VERTEX_POINT('',#1019);
#1019 = CARTESIAN_POINT('',(45.,-16.,-25.));
#1020 = SURFACE_CURVE('',#1021,(#1025,#1032),.PCURVE_S1.);
#1021 = LINE('',#1022,#1023);
#1022 = CARTESIAN_POINT('',(45.,-16.,-31.));
#1023 = VECTOR('',#1024,1.);
#1024 = DIRECTION('',(0.,0.,1.));
#1025 = PCURVE('',#455,#1026);
#1026 = DEFINITIONAL_REPRESENTATION('',(#1027),#1031);
#1027 = LINE('',#1028,#1029);
#1028 = CARTESIAN_POINT('',(0.,90.));
#1029 = VECTOR('',#1030,1.);
#1030 = DIRECTION('',(1.,0.));
#1031 = ( GEOMETRIC_REPRESENTATION_CONTEXT(2) 
PARAMETRIC_REPRESENTATION_CONTEXT() REPRESENTATION_CONTEXT('2D SPACE',''
  ) );
#1032 = PCURVE('',#426,#1033);
#1033 = DEFINITIONAL_REPRESENTATION('',(#1034),#1038);
#1034 = LINE('',#1035,#1036);
#1035 = CARTESIAN_POINT('',(0.,0.));
#1036 = VECTOR('',#1037,1.);
#1037 = DIRECTION('',(1.,0.));
#1038 = ( GEOMETRIC_REPRESENTATION_CONTEXT(2) 
PARAMETRIC_REPRESENTATION_CONTEXT() REPRESENTATION_CONTEXT('2D SPACE',''
  ) );
#1039 = ORIENTED_EDGE('',*,*,#442,.T.);
#1040 = ORIENTED_EDGE('',*,*,#941,.T.);
#1041 = ORIENTED_EDGE('',*,*,#1042,.T.);
#1042 = EDGE_CURVE('',#942,#1018,#1043,.T.);
#1043 = SURFACE_CURVE('',#1044,(#1048,#1055),.PCURVE_S1.);
#1044 = LINE('',#1045,#1046);
#1045 = CARTESIAN_POINT('',(-45.,-16.,-25.));
#1046 = VECTOR('',#1047,1.);
#1047 = DIRECTION('',(1.,0.,0.));
#1048 = PCURVE('',#455,#1049);
#1049 = DEFINITIONAL_REPRESENTATION('',(#1050),#1054);
#1050 = LINE('',#1051,#1052);
#1051 = CARTESIAN_POINT('',(6.,0.));
#1052 = VECTOR('',#1053,1.);
#1053 = DIRECTION('',(0.,1.));
#1054 = ( GEOMETRIC_REPRESENTATION_CONTEXT(2) 
PARAMETRIC_REPRESENTATION_CONTEXT() REPRESENTATION_CONTEXT('2D SPACE',''
  ) );
#1055 = PCURVE('',#1002,#1056);
#1056 = DEFINITIONAL_REPRESENTATION('',(#1057),#1061);
#1057 = LINE('',#1058,#1059);
#1058 = CARTESIAN_POINT('',(0.,0.));
#1059 = VECTOR('',#1060,1.);
#1060 = DIRECTION('',(1.,0.));
#1061 = ( GEOMETRIC_REPRESENTATION_CONTEXT(2) 
PARAMETRIC_REPRESENTATION_CONTEXT() REPRESENTATION_CONTEXT('2D SPACE',''
  ) );
#1062 = ADVANCED_FACE('',(#1063),#426,.F.);
#1063 = FACE_BOUND('',#1064,.F.);
#1064 = EDGE_LOOP('',(#1065,#1066,#1067,#1090));
#1065 = ORIENTED_EDGE('',*,*,#1017,.F.);
#1066 = ORIENTED_EDGE('',*,*,#409,.F.);
#1067 = ORIENTED_EDGE('',*,*,#1068,.T.);
#1068 = EDGE_CURVE('',#384,#1069,#1071,.T.);
#1069 = VERTEX_POINT('',#1070);
#1070 = CARTESIAN_POINT('',(45.,16.,-25.));
#1071 = SURFACE_CURVE('',#1072,(#1076,#1083),.PCURVE_S1.);
#1072 = LINE('',#1073,#1074);
#1073 = CARTESIAN_POINT('',(45.,16.,-31.));
#1074 = VECTOR('',#1075,1.);
#1075 = DIRECTION('',(0.,0.,1.));
#1076 = PCURVE('',#426,#1077);
#1077 = DEFINITIONAL_REPRESENTATION('',(#1078),#1082);
#1078 = LINE('',#1079,#1080);
#1079 = CARTESIAN_POINT('',(0.,-32.));
#1080 = VECTOR('',#1081,1.);
#1081 = DIRECTION('',(1.,0.));
#1082 = ( GEOMETRIC_REPRESENTATION_CONTEXT(2) 
PARAMETRIC_REPRESENTATION_CONTEXT() REPRESENTATION_CONTEXT('2D SPACE',''
  ) );
#1083 = PCURVE('',#398,#1084);
#1084 = DEFINITIONAL_REPRESENTATION('',(#1085),#1089);
#1085 = LINE('',#1086,#1087);
#1086 = CARTESIAN_POINT('',(0.,90.));
#1087 = VECTOR('',#1088,1.);
#1088 = DIRECTION('',(1.,0.));
#1089 = ( GEOMETRIC_REPRESENTATION_CONTEXT(2) 
PARAMETRIC_REPRESENTATION_CONTEXT() REPRESENTATION_CONTEXT('2D SPACE',''
  ) );
#1090 = ORIENTED_EDGE('',*,*,#1091,.F.);
#1091 = EDGE_CURVE('',#1018,#1069,#1092,.T.);
#1092 = SURFACE_CURVE('',#1093,(#1097,#1104),.PCURVE_S1.);
#1093 = LINE('',#1094,#1095);
#1094 = CARTESIAN_POINT('',(45.,-16.,-25.));
#1095 = VECTOR('',#1096,1.);
#1096 = DIRECTION('',(0.,1.,0.));
#1097 = PCURVE('',#426,#1098);
#1098 = DEFINITIONAL_REPRESENTATION('',(#1099),#1103);
#1099 = LINE('',#1100,#1101);
#1100 = CARTESIAN_POINT('',(6.,0.));
#1101 = VECTOR('',#1102,1.);
#1102 = DIRECTION('',(0.,-1.));
#1103 = ( GEOMETRIC_REPRESENTATION_CONTEXT(2) 
PARAMETRIC_REPRESENTATION_CONTEXT() REPRESENTATION_CONTEXT('2D SPACE',''
  ) );
#1104 = PCURVE('',#1002,#1105);
#1105 = DEFINITIONAL_REPRESENTATION('',(#1106),#1110);
#1106 = LINE('',#1107,#1108);
#1107 = CARTESIAN_POINT('',(90.,0.));
#1108 = VECTOR('',#1109,1.);
#1109 = DIRECTION('',(0.,1.));
#1110 = ( GEOMETRIC_REPRESENTATION_CONTEXT(2) 
PARAMETRIC_REPRESENTATION_CONTEXT() REPRESENTATION_CONTEXT('2D SPACE',''
  ) );
#1111 = ADVANCED_FACE('',(#1112),#398,.F.);
#1112 = FACE_BOUND('',#1113,.F.);
#1113 = EDGE_LOOP('',(#1114,#1115,#1116,#1117));
#1114 = ORIENTED_EDGE('',*,*,#1068,.F.);
#1115 = ORIENTED_EDGE('',*,*,#383,.T.);
#1116 = ORIENTED_EDGE('',*,*,#965,.T.);
#1117 = ORIENTED_EDGE('',*,*,#1118,.T.);
#1118 = EDGE_CURVE('',#966,#1069,#1119,.T.);
#1119 = SURFACE_CURVE('',#1120,(#1124,#1131),.PCURVE_S1.);
#1120 = LINE('',#1121,#1122);
#1121 = CARTESIAN_POINT('',(-45.,16.,-25.));
#1122 = VECTOR('',#1123,1.);
#1123 = DIRECTION('',(1.,0.,0.));
#1124 = PCURVE('',#398,#1125);
#1125 = DEFINITIONAL_REPRESENTATION('',(#1126),#1130);
#1126 = LINE('',#1127,#1128);
#1127 = CARTESIAN_POINT('',(6.,0.));
#1128 = VECTOR('',#1129,1.);
#1129 = DIRECTION('',(0.,1.));
#1130 = ( GEOMETRIC_REPRESENTATION_CONTEXT(2) 
PARAMETRIC_REPRESENTATION_CONTEXT() REPRESENTATION_CONTEXT('2D SPACE',''
  ) );
#1131 = PCURVE('',#1002,#1132);
#1132 = DEFINITIONAL_REPRESENTATION('',(#1133),#1137);
#1133 = LINE('',#1134,#1135);
#1134 = CARTESIAN_POINT('',(0.,32.));
#1135 = VECTOR('',#1136,1.);
#1136 = DIRECTION('',(1.,0.));
#1137 = ( GEOMETRIC_REPRESENTATION_CONTEXT(2) 
PARAMETRIC_REPRESENTATION_CONTEXT() REPRESENTATION_CONTEXT('2D SPACE',''
  ) );
#1138 = ADVANCED_FACE('',(#1139),#489,.F.);
#1139 = FACE_BOUND('',#1140,.T.);
#1140 = EDGE_LOOP('',(#1141,#1142,#1165,#1194,#1279,#1303,#1403,#1427,
    #1515,#1537));
#1141 = ORIENTED_EDGE('',*,*,#472,.F.);
#1142 = ORIENTED_EDGE('',*,*,#1143,.T.);
#1143 = EDGE_CURVE('',#473,#1144,#1146,.T.);
#1144 = VERTEX_POINT('',#1145);
#1145 = CARTESIAN_POINT('',(-36.,24.,0.));
#1146 = SEAM_CURVE('',#1147,(#1151,#1158),.PCURVE_S1.);
#1147 = LINE('',#1148,#1149);
#1148 = CARTESIAN_POINT('',(-50.,24.,0.));
#1149 = VECTOR('',#1150,1.);
#1150 = DIRECTION('',(1.,0.,0.));
#1151 = PCURVE('',#489,#1152);
#1152 = DEFINITIONAL_REPRESENTATION('',(#1153),#1157);
#1153 = LINE('',#1154,#1155);
#1154 = CARTESIAN_POINT('',(-6.28318530718,0.));
#1155 = VECTOR('',#1156,1.);
#1156 = DIRECTION('',(-0.,-1.));
#1157 = ( GEOMETRIC_REPRESENTATION_CONTEXT(2) 
PARAMETRIC_REPRESENTATION_CONTEXT() REPRESENTATION_CONTEXT('2D SPACE',''
  ) );
#1158 = PCURVE('',#489,#1159);
#1159 = DEFINITIONAL_REPRESENTATION('',(#1160),#1164);
#1160 = LINE('',#1161,#1162);
#1161 = CARTESIAN_POINT('',(-0.,0.));
#1162 = VECTOR('',#1163,1.);
#1163 = DIRECTION('',(-0.,-1.));
#1164 = ( GEOMETRIC_REPRESENTATION_CONTEXT(2) 
PARAMETRIC_REPRESENTATION_CONTEXT() REPRESENTATION_CONTEXT('2D SPACE',''
  ) );
#1165 = ORIENTED_EDGE('',*,*,#1166,.T.);
#1166 = EDGE_CURVE('',#1144,#1167,#1169,.T.);
#1167 = VERTEX_POINT('',#1168);
#1168 = CARTESIAN_POINT('',(-36.,4.130677910465,23.641859063957));
#1169 = SURFACE_CURVE('',#1170,(#1175,#1182),.PCURVE_S1.);
#1170 = CIRCLE('',#1171,24.);
#1171 = AXIS2_PLACEMENT_3D('',#1172,#1173,#1174);
#1172 = CARTESIAN_POINT('',(-36.,0.,0.));
#1173 = DIRECTION('',(1.,0.,0.));
#1174 = DIRECTION('',(0.,1.,0.));
#1175 = PCURVE('',#489,#1176);
#1176 = DEFINITIONAL_REPRESENTATION('',(#1177),#1181);
#1177 = LINE('',#1178,#1179);
#1178 = CARTESIAN_POINT('',(-0.,-14.));
#1179 = VECTOR('',#1180,1.);
#1180 = DIRECTION('',(-1.,0.));
#1181 = ( GEOMETRIC_REPRESENTATION_CONTEXT(2) 
PARAMETRIC_REPRESENTATION_CONTEXT() REPRESENTATION_CONTEXT('2D SPACE',''
  ) );
#1182 = PCURVE('',#1183,#1188);
#1183 = PLANE('',#1184);
#1184 = AXIS2_PLACEMENT_3D('',#1185,#1186,#1187);
#1185 = CARTESIAN_POINT('',(-36.,-1.367440132539E-15,-6.80906842916E-17)
  );
#1186 = DIRECTION('',(1.,0.,0.));
#1187 = DIRECTION('',(-0.,0.,1.));
#1188 = DEFINITIONAL_REPRESENTATION('',(#1189),#1193);
#1189 = CIRCLE('',#1190,24.);
#1190 = AXIS2_PLACEMENT_2D('',#1191,#1192);
#1191 = CARTESIAN_POINT('',(6.80906842916E-17,-1.367440132539E-15));
#1192 = DIRECTION('',(0.,-1.));
#1193 = ( GEOMETRIC_REPRESENTATION_CONTEXT(2) 
PARAMETRIC_REPRESENTATION_CONTEXT() REPRESENTATION_CONTEXT('2D SPACE',''
  ) );
#1194 = ORIENTED_EDGE('',*,*,#1195,.T.);
#1195 = EDGE_CURVE('',#1167,#1196,#1198,.T.);
#1196 = VERTEX_POINT('',#1197);
#1197 = CARTESIAN_POINT('',(-36.,-4.130677910465,23.641859063957));
#1198 = SURFACE_CURVE('',#1199,(#1222,#1248),.PCURVE_S1.);
#1199 = B_SPLINE_CURVE_WITH_KNOTS('',6,(#1200,#1201,#1202,#1203,#1204,
    #1205,#1206,#1207,#1208,#1209,#1210,#1211,#1212,#1213,#1214,#1215,
    #1216,#1217,#1218,#1219,#1220,#1221),.UNSPECIFIED.,.F.,.F.,(7,5,5,5,
    7),(0.,0.241938331209,0.389362642788,0.608653049365,1.),
  .UNSPECIFIED.);
#1200 = CARTESIAN_POINT('',(-35.9999994,4.130678491483,23.641858962442)
  );
#1201 = CARTESIAN_POINT('',(-36.23583600416,3.902302868184,
    23.681760489502));
#1202 = CARTESIAN_POINT('',(-36.46142285748,3.652543054618,
    23.722670198321));
#1203 = CARTESIAN_POINT('',(-36.67443534098,3.380964874184,
    23.763726403513));
#1204 = CARTESIAN_POINT('',(-36.87222121038,3.087293295056,
    23.803873820372));
#1205 = CARTESIAN_POINT('',(-37.05172989627,2.771516559804,
    23.841849576673));
#1206 = CARTESIAN_POINT('',(-37.30551478447,2.228349607382,
    23.897221455399));
#1207 = CARTESIAN_POINT('',(-37.39351802889,2.014593993888,
    23.916864441474));
#1208 = CARTESIAN_POINT('',(-37.47236628547,1.793389090577,
    23.934810361786));
#1209 = CARTESIAN_POINT('',(-37.5411189573,1.565470588436,
    23.950701743551));
#1210 = CARTESIAN_POINT('',(-37.59895864547,1.331661058179,
    23.96421956405));
#1211 = CARTESIAN_POINT('',(-37.71395125539,0.737669226582,
    23.991295767722));
#1212 = CARTESIAN_POINT('',(-37.75698909306,0.371632206591,
    24.00165299746));
#1213 = CARTESIAN_POINT('',(-37.77162688588,2.57571741713E-13,
    24.005232585359));
#1214 = CARTESIAN_POINT('',(-37.75698909306,-0.371632206592,
    24.00165299746));
#1215 = CARTESIAN_POINT('',(-37.71395125539,-0.737669226582,
    23.991295767722));
#1216 = CARTESIAN_POINT('',(-37.52247057588,-1.726758522139,
    23.946209654089));
#1217 = CARTESIAN_POINT('',(-37.31943104983,-2.317817091919,
    23.899112944685));
#1218 = CARTESIAN_POINT('',(-37.0515371301,-2.857310979494,
    23.839214995602));
#1219 = CARTESIAN_POINT('',(-36.73309522799,-3.340318707213,
    23.77293982826));
#1220 = CARTESIAN_POINT('',(-36.37805534465,-3.76458281134,
    23.705822779932));
#1221 = CARTESIAN_POINT('',(-35.9999994,-4.130678491483,23.641858962442)
  );
#1222 = PCURVE('',#489,#1223);
#1223 = DEFINITIONAL_REPRESENTATION('',(#1224),#1247);
#1224 = B_SPLINE_CURVE_WITH_KNOTS('',6,(#1225,#1226,#1227,#1228,#1229,
    #1230,#1231,#1232,#1233,#1234,#1235,#1236,#1237,#1238,#1239,#1240,
    #1241,#1242,#1243,#1244,#1245,#1246),.UNSPECIFIED.,.F.,.F.,(7,5,5,5,
    7),(0.,0.241938331209,0.389362642788,0.608653049365,1.),
  .UNSPECIFIED.);
#1225 = CARTESIAN_POINT('',(-1.39782346564,-14.0000006));
#1226 = CARTESIAN_POINT('',(-1.40748326539,-13.76416399584));
#1227 = CARTESIAN_POINT('',(-1.418028005692,-13.53857714251));
#1228 = CARTESIAN_POINT('',(-1.429470958825,-13.32556465901));
#1229 = CARTESIAN_POINT('',(-1.44181892625,-13.12777878961));
#1230 = CARTESIAN_POINT('',(-1.455068924103,-12.94827010373));
#1231 = CARTESIAN_POINT('',(-1.477818175585,-12.69448521552));
#1232 = CARTESIAN_POINT('',(-1.486761746334,-12.6064819711));
#1233 = CARTESIAN_POINT('',(-1.496008071044,-12.52763371452));
#1234 = CARTESIAN_POINT('',(-1.505526763194,-12.45888104269));
#1235 = CARTESIAN_POINT('',(-1.515284366157,-12.40104135452));
#1236 = CARTESIAN_POINT('',(-1.540059725528,-12.2860487446));
#1237 = CARTESIAN_POINT('',(-1.555315106325,-12.24301090693));
#1238 = CARTESIAN_POINT('',(-1.570796326795,-12.22837311411));
#1239 = CARTESIAN_POINT('',(-1.586277547265,-12.24301090693));
#1240 = CARTESIAN_POINT('',(-1.601532928062,-12.2860487446));
#1241 = CARTESIAN_POINT('',(-1.642787776098,-12.47752942411));
#1242 = CARTESIAN_POINT('',(-1.667478974445,-12.68056895016));
#1243 = CARTESIAN_POINT('',(-1.690081756594,-12.94846286989));
#1244 = CARTESIAN_POINT('',(-1.710388987909,-13.266904772));
#1245 = CARTESIAN_POINT('',(-1.728284124753,-13.62194465534));
#1246 = CARTESIAN_POINT('',(-1.74376918795,-14.0000006));
#1247 = ( GEOMETRIC_REPRESENTATION_CONTEXT(2) 
PARAMETRIC_REPRESENTATION_CONTEXT() REPRESENTATION_CONTEXT('2D SPACE',''
  ) );
#1248 = PCURVE('',#1249,#1254);
#1249 = CYLINDRICAL_SURFACE('',#1250,5.75);
#1250 = AXIS2_PLACEMENT_3D('',#1251,#1252,#1253);
#1251 = CARTESIAN_POINT('',(-32.,0.,26.));
#1252 = DIRECTION('',(0.,0.,1.));
#1253 = DIRECTION('',(1.,0.,0.));
#1254 = DEFINITIONAL_REPRESENTATION('',(#1255),#1278);
#1255 = B_SPLINE_CURVE_WITH_KNOTS('',6,(#1256,#1257,#1258,#1259,#1260,
    #1261,#1262,#1263,#1264,#1265,#1266,#1267,#1268,#1269,#1270,#1271,
    #1272,#1273,#1274,#1275,#1276,#1277),.UNSPECIFIED.,.F.,.F.,(7,5,5,5,
    7),(0.,0.241938331209,0.389362642788,0.608653049365,1.),
  .UNSPECIFIED.);
#1256 = CARTESIAN_POINT('',(2.340123525063,-2.358141037558));
#1257 = CARTESIAN_POINT('',(2.397217439452,-2.318239510498));
#1258 = CARTESIAN_POINT('',(2.455617954856,-2.277329801679));
#1259 = CARTESIAN_POINT('',(2.515421936301,-2.236273596487));
#1260 = CARTESIAN_POINT('',(2.576743702116,-2.196126179628));
#1261 = CARTESIAN_POINT('',(2.639713585777,-2.158150423327));
#1262 = CARTESIAN_POINT('',(2.743979801354,-2.102778544601));
#1263 = CARTESIAN_POINT('',(2.784138412241,-2.083135558526));
#1264 = CARTESIAN_POINT('',(2.824907567931,-2.065189638214));
#1265 = CARTESIAN_POINT('',(2.866231825402,-2.049298256449));
#1266 = CARTESIAN_POINT('',(2.90806502906,-2.03578043595));
#1267 = CARTESIAN_POINT('',(3.013285955532,-2.008704232278));
#1268 = CARTESIAN_POINT('',(3.077206757137,-1.99834700254));
#1269 = CARTESIAN_POINT('',(3.14159265359,-1.994767414641));
#1270 = CARTESIAN_POINT('',(3.205978550042,-1.99834700254));
#1271 = CARTESIAN_POINT('',(3.269899351648,-2.008704232278));
#1272 = CARTESIAN_POINT('',(3.445108650001,-2.053790345911));
#1273 = CARTESIAN_POINT('',(3.552739894368,-2.100887055315));
#1274 = CARTESIAN_POINT('',(3.656254094535,-2.160785004398));
#1275 = CARTESIAN_POINT('',(3.755851377432,-2.22706017174));
#1276 = CARTESIAN_POINT('',(3.851537848352,-2.294177220068));
#1277 = CARTESIAN_POINT('',(3.943061782116,-2.358141037558));
#1278 = ( GEOMETRIC_REPRESENTATION_CONTEXT(2) 
PARAMETRIC_REPRESENTATION_CONTEXT() REPRESENTATION_CONTEXT('2D SPACE',''
  ) );
#1279 = ORIENTED_EDGE('',*,*,#1280,.T.);
#1280 = EDGE_CURVE('',#1196,#1281,#1283,.T.);
#1281 = VERTEX_POINT('',#1282);
#1282 = CARTESIAN_POINT('',(-36.,-13.24961536185,-20.01118918912));
#1283 = SURFACE_CURVE('',#1284,(#1289,#1296),.PCURVE_S1.);
#1284 = CIRCLE('',#1285,24.);
#1285 = AXIS2_PLACEMENT_3D('',#1286,#1287,#1288);
#1286 = CARTESIAN_POINT('',(-36.,0.,0.));
#1287 = DIRECTION('',(1.,0.,0.));
#1288 = DIRECTION('',(0.,1.,0.));
#1289 = PCURVE('',#489,#1290);
#1290 = DEFINITIONAL_REPRESENTATION('',(#1291),#1295);
#1291 = LINE('',#1292,#1293);
#1292 = CARTESIAN_POINT('',(-0.,-14.));
#1293 = VECTOR('',#1294,1.);
#1294 = DIRECTION('',(-1.,0.));
#1295 = ( GEOMETRIC_REPRESENTATION_CONTEXT(2) 
PARAMETRIC_REPRESENTATION_CONTEXT() REPRESENTATION_CONTEXT('2D SPACE',''
  ) );
#1296 = PCURVE('',#1183,#1297);
#1297 = DEFINITIONAL_REPRESENTATION('',(#1298),#1302);
#1298 = CIRCLE('',#1299,24.);
#1299 = AXIS2_PLACEMENT_2D('',#1300,#1301);
#1300 = CARTESIAN_POINT('',(6.80906842916E-17,-1.367440132539E-15));
#1301 = DIRECTION('',(0.,-1.));
#1302 = ( GEOMETRIC_REPRESENTATION_CONTEXT(2) 
PARAMETRIC_REPRESENTATION_CONTEXT() REPRESENTATION_CONTEXT('2D SPACE',''
  ) );
#1303 = ORIENTED_EDGE('',*,*,#1304,.F.);
#1304 = EDGE_CURVE('',#1305,#1281,#1307,.T.);
#1305 = VERTEX_POINT('',#1306);
#1306 = CARTESIAN_POINT('',(-36.,-6.750384638146,-23.03111606581));
#1307 = SURFACE_CURVE('',#1308,(#1336,#1367),.PCURVE_S1.);
#1308 = B_SPLINE_CURVE_WITH_KNOTS('',6,(#1309,#1310,#1311,#1312,#1313,
    #1314,#1315,#1316,#1317,#1318,#1319,#1320,#1321,#1322,#1323,#1324,
    #1325,#1326,#1327,#1328,#1329,#1330,#1331,#1332,#1333,#1334,#1335),
  .UNSPECIFIED.,.F.,.F.,(7,5,5,5,5,7),(0.,0.216219663878,0.411815894272,
    0.599043907012,0.736395164546,1.),.UNSPECIFIED.);
#1309 = CARTESIAN_POINT('',(-35.9999994,-6.750384453508,-23.03111611993)
  );
#1310 = CARTESIAN_POINT('',(-36.27632048723,-6.835416334201,
    -23.00619340743));
#1311 = CARTESIAN_POINT('',(-36.54773416609,-6.949804158346,
    -22.97225752243));
#1312 = CARTESIAN_POINT('',(-36.81099688118,-7.094123872049,
    -22.92860733543));
#1313 = CARTESIAN_POINT('',(-37.06248439957,-7.268812535559,
    -22.87425542177));
#1314 = CARTESIAN_POINT('',(-37.29801548247,-7.474013551091,
    -22.8079135727));
#1315 = CARTESIAN_POINT('',(-37.7067747926,-7.922401154646,
    -22.65581896706));
#1316 = CARTESIAN_POINT('',(-37.88451884319,-8.160884091705,
    -22.57225396884));
#1317 = CARTESIAN_POINT('',(-38.03949360347,-8.422319300654,
    -22.47699897031));
#1318 = CARTESIAN_POINT('',(-38.16680011958,-8.7025345219,
    -22.37014229762));
#1319 = CARTESIAN_POINT('',(-38.26311246206,-8.996374777167,
    -22.25247051661));
#1320 = CARTESIAN_POINT('',(-38.38773640586,-9.587156540373,
    -22.00419632573));
#1321 = CARTESIAN_POINT('',(-38.41827785482,-9.881038603485,
    -21.87536599629));
#1322 = CARTESIAN_POINT('',(-38.41791177666,-10.17480864448,
    -21.7407812689));
#1323 = CARTESIAN_POINT('',(-38.38758048486,-10.46327024969,
    -21.60272770886));
#1324 = CARTESIAN_POINT('',(-38.32963129776,-10.74162213684,
    -21.46406038668));
#1325 = CARTESIAN_POINT('',(-38.18784309454,-11.19949939654,
    -21.22778256557));
#1326 = CARTESIAN_POINT('',(-38.11483365336,-11.38618008197,
    -21.12877509653));
#1327 = CARTESIAN_POINT('',(-38.02986614734,-11.56503111469,
    -21.03144345194));
#1328 = CARTESIAN_POINT('',(-37.93395934162,-11.73543317238,
    -20.9364793489));
#1329 = CARTESIAN_POINT('',(-37.82810252933,-11.89687978763,
    -20.84454778928));
#1330 = CARTESIAN_POINT('',(-37.49284979876,-12.34082614971,
    -20.58683810649));
#1331 = CARTESIAN_POINT('',(-37.23884805759,-12.59883564929,
    -20.43047954864));
#1332 = CARTESIAN_POINT('',(-36.95737666217,-12.82032385735,
    -20.29136020416));
#1333 = CARTESIAN_POINT('',(-36.65384645084,-13.00353639354,
    -20.17321408177));
#1334 = CARTESIAN_POINT('',(-36.33317123431,-13.14708906923,
    -20.07907290937));
#1335 = CARTESIAN_POINT('',(-35.9999994,-13.24961554649,-20.01118906687)
  );
#1336 = PCURVE('',#489,#1337);
#1337 = DEFINITIONAL_REPRESENTATION('',(#1338),#1366);
#1338 = B_SPLINE_CURVE_WITH_KNOTS('',6,(#1339,#1340,#1341,#1342,#1343,
    #1344,#1345,#1346,#1347,#1348,#1349,#1350,#1351,#1352,#1353,#1354,
    #1355,#1356,#1357,#1358,#1359,#1360,#1361,#1362,#1363,#1364,#1365),
  .UNSPECIFIED.,.F.,.F.,(7,5,5,5,5,7),(0.,0.216219663878,0.411815894272,
    0.599043907012,0.736395164546,1.),.UNSPECIFIED.);
#1339 = CARTESIAN_POINT('',(-4.427275847386,-14.0000006));
#1340 = CARTESIAN_POINT('',(-4.423583803968,-13.72367951276));
#1341 = CARTESIAN_POINT('',(-4.418612346498,-13.4522658339));
#1342 = CARTESIAN_POINT('',(-4.412330138501,-13.18900311881));
#1343 = CARTESIAN_POINT('',(-4.404707726501,-12.93751560042));
#1344 = CARTESIAN_POINT('',(-4.395722867721,-12.70198451752));
#1345 = CARTESIAN_POINT('',(-4.375994494713,-12.29322520739));
#1346 = CARTESIAN_POINT('',(-4.365465862516,-12.1154811568));
#1347 = CARTESIAN_POINT('',(-4.353873615317,-11.96050639652));
#1348 = CARTESIAN_POINT('',(-4.341380302591,-11.83319988041));
#1349 = CARTESIAN_POINT('',(-4.328193609216,-11.73688753793));
#1350 = CARTESIAN_POINT('',(-4.301492356722,-11.61226359413));
#1351 = CARTESIAN_POINT('',(-4.288123919354,-11.58172214517));
#1352 = CARTESIAN_POINT('',(-4.274662926205,-11.58208822334));
#1353 = CARTESIAN_POINT('',(-4.261340750427,-11.61241951513));
#1354 = CARTESIAN_POINT('',(-4.24838456115,-11.67036870223));
#1355 = CARTESIAN_POINT('',(-4.226915963536,-11.81215690545));
#1356 = CARTESIAN_POINT('',(-4.218111917,-11.88516634663));
#1357 = CARTESIAN_POINT('',(-4.209628439114,-11.97013385265));
#1358 = CARTESIAN_POINT('',(-4.201500780345,-12.06604065837));
#1359 = CARTESIAN_POINT('',(-4.19375996349,-12.17189747066));
#1360 = CARTESIAN_POINT('',(-4.172371417871,-12.50715020123));
#1361 = CARTESIAN_POINT('',(-4.159803247257,-12.7611519424));
#1362 = CARTESIAN_POINT('',(-4.148906682603,-13.04262333782));
#1363 = CARTESIAN_POINT('',(-4.139823597002,-13.34615354915));
#1364 = CARTESIAN_POINT('',(-4.132670839077,-13.66682876568));
#1365 = CARTESIAN_POINT('',(-4.12754738155,-14.0000006));
#1366 = ( GEOMETRIC_REPRESENTATION_CONTEXT(2) 
PARAMETRIC_REPRESENTATION_CONTEXT() REPRESENTATION_CONTEXT('2D SPACE',''
  ) );
#1367 = PCURVE('',#1368,#1373);
#1368 = CYLINDRICAL_SURFACE('',#1369,3.4);
#1369 = AXIS2_PLACEMENT_3D('',#1370,#1371,#1372);
#1370 = CARTESIAN_POINT('',(-35.,-10.,-26.));
#1371 = DIRECTION('',(-0.,-0.,-1.));
#1372 = DIRECTION('',(1.,0.,0.));
#1373 = DEFINITIONAL_REPRESENTATION('',(#1374),#1402);
#1374 = B_SPLINE_CURVE_WITH_KNOTS('',6,(#1375,#1376,#1377,#1378,#1379,
    #1380,#1381,#1382,#1383,#1384,#1385,#1386,#1387,#1388,#1389,#1390,
    #1391,#1392,#1393,#1394,#1395,#1396,#1397,#1398,#1399,#1400,#1401),
  .UNSPECIFIED.,.F.,.F.,(7,5,5,5,5,7),(0.,0.216219663878,0.411815894272,
    0.599043907012,0.736395164546,1.),.UNSPECIFIED.);
#1375 = CARTESIAN_POINT('',(-1.869328343343,-2.968883880067));
#1376 = CARTESIAN_POINT('',(-1.954360275054,-2.993806592561));
#1377 = CARTESIAN_POINT('',(-2.040552380437,-3.027742477563));
#1378 = CARTESIAN_POINT('',(-2.128147765268,-3.071392664566));
#1379 = CARTESIAN_POINT('',(-2.217427966863,-3.125744578222));
#1380 = CARTESIAN_POINT('',(-2.308699237761,-3.192086427293));
#1381 = CARTESIAN_POINT('',(-2.487152709505,-3.344181032937));
#1382 = CARTESIAN_POINT('',(-2.574207402909,-3.427746031154));
#1383 = CARTESIAN_POINT('',(-2.662836027319,-3.523001029688));
#1384 = CARTESIAN_POINT('',(-2.75255123064,-3.629857702373));
#1385 = CARTESIAN_POINT('',(-2.8429605733,-3.747529483384));
#1386 = CARTESIAN_POINT('',(-3.020543883615,-3.99580367427));
#1387 = CARTESIAN_POINT('',(-3.106972473031,-4.124634003707));
#1388 = CARTESIAN_POINT('',(-3.192672551099,-4.259218731095));
#1389 = CARTESIAN_POINT('',(-3.277324649264,-4.397272291133));
#1390 = CARTESIAN_POINT('',(-3.360570696791,-4.535939613318));
#1391 = CARTESIAN_POINT('',(-3.501549565707,-4.772217434421));
#1392 = CARTESIAN_POINT('',(-3.560350560257,-4.871224903467));
#1393 = CARTESIAN_POINT('',(-3.618373873988,-4.968556548057));
#1394 = CARTESIAN_POINT('',(-3.675685372896,-5.063520651095));
#1395 = CARTESIAN_POINT('',(-3.732341202623,-5.155452210714));
#1396 = CARTESIAN_POINT('',(-3.895962306245,-5.413161893507));
#1397 = CARTESIAN_POINT('',(-4.001540948594,-5.569520451357));
#1398 = CARTESIAN_POINT('',(-4.105655166321,-5.70863979584));
#1399 = CARTESIAN_POINT('',(-4.208767554878,-5.826785918224));
#1400 = CARTESIAN_POINT('',(-4.311330425066,-5.920927090621));
#1401 = CARTESIAN_POINT('',(-4.413856963837,-5.988810933126));
#1402 = ( GEOMETRIC_REPRESENTATION_CONTEXT(2) 
PARAMETRIC_REPRESENTATION_CONTEXT() REPRESENTATION_CONTEXT('2D SPACE',''
  ) );
#1403 = ORIENTED_EDGE('',*,*,#1404,.T.);
#1404 = EDGE_CURVE('',#1305,#1405,#1407,.T.);
#1405 = VERTEX_POINT('',#1406);
#1406 = CARTESIAN_POINT('',(-36.,6.750384638146,-23.03111606581));
#1407 = SURFACE_CURVE('',#1408,(#1413,#1420),.PCURVE_S1.);
#1408 = CIRCLE('',#1409,24.);
#1409 = AXIS2_PLACEMENT_3D('',#1410,#1411,#1412);
#1410 = CARTESIAN_POINT('',(-36.,0.,0.));
#1411 = DIRECTION('',(1.,0.,0.));
#1412 = DIRECTION('',(0.,1.,0.));
#1413 = PCURVE('',#489,#1414);
#1414 = DEFINITIONAL_REPRESENTATION('',(#1415),#1419);
#1415 = LINE('',#1416,#1417);
#1416 = CARTESIAN_POINT('',(-0.,-14.));
#1417 = VECTOR('',#1418,1.);
#1418 = DIRECTION('',(-1.,0.));
#1419 = ( GEOMETRIC_REPRESENTATION_CONTEXT(2) 
PARAMETRIC_REPRESENTATION_CONTEXT() REPRESENTATION_CONTEXT('2D SPACE',''
  ) );
#1420 = PCURVE('',#1183,#1421);
#1421 = DEFINITIONAL_REPRESENTATION('',(#1422),#1426);
#1422 = CIRCLE('',#1423,24.);
#1423 = AXIS2_PLACEMENT_2D('',#1424,#1425);
#1424 = CARTESIAN_POINT('',(6.80906842916E-17,-1.367440132539E-15));
#1425 = DIRECTION('',(0.,-1.));
#1426 = ( GEOMETRIC_REPRESENTATION_CONTEXT(2) 
PARAMETRIC_REPRESENTATION_CONTEXT() REPRESENTATION_CONTEXT('2D SPACE',''
  ) );
#1427 = ORIENTED_EDGE('',*,*,#1428,.F.);
#1428 = EDGE_CURVE('',#1429,#1405,#1431,.T.);
#1429 = VERTEX_POINT('',#1430);
#1430 = CARTESIAN_POINT('',(-36.,13.249615361854,-20.01118918912));
#1431 = SURFACE_CURVE('',#1432,(#1456,#1483),.PCURVE_S1.);
#1432 = B_SPLINE_CURVE_WITH_KNOTS('',8,(#1433,#1434,#1435,#1436,#1437,
    #1438,#1439,#1440,#1441,#1442,#1443,#1444,#1445,#1446,#1447,#1448,
    #1449,#1450,#1451,#1452,#1453,#1454,#1455),.UNSPECIFIED.,.F.,.F.,(9,
    7,7,9),(0.,0.260493600789,0.498280506973,1.),.UNSPECIFIED.);
#1433 = CARTESIAN_POINT('',(-35.9999994,13.249615546492,-20.01118906687)
  );
#1434 = CARTESIAN_POINT('',(-36.24987827573,13.172720688551,
    -20.06210194875));
#1435 = CARTESIAN_POINT('',(-36.4930625348,13.073847510019,
    -20.12708125735));
#1436 = CARTESIAN_POINT('',(-36.72789203883,12.95348398873,
    -20.20532257129));
#1437 = CARTESIAN_POINT('',(-36.95264977305,12.812121927668,
    -20.29585446603));
#1438 = CARTESIAN_POINT('',(-37.16553703149,12.650294705791,
    -20.39754677109));
#1439 = CARTESIAN_POINT('',(-37.36464917935,12.468621653562,
    -20.50912562271));
#1440 = CARTESIAN_POINT('',(-37.54795199226,12.26785905321,-20.629195312
    ));
#1441 = CARTESIAN_POINT('',(-37.86415571658,11.849137652036,
    -20.87226197205));
#1442 = CARTESIAN_POINT('',(-38.0007881586,11.633235719656,
    -20.99465294494));
#1443 = CARTESIAN_POINT('',(-38.12082403674,11.402268297361,
    -21.12208864968));
#1444 = CARTESIAN_POINT('',(-38.22204451261,11.157573757439,
    -21.25305815612));
#1445 = CARTESIAN_POINT('',(-38.30235936579,10.90078785987,
    -21.38598500742));
#1446 = CARTESIAN_POINT('',(-38.35981788009,10.633831602988,
    -21.51930417451));
#1447 = CARTESIAN_POINT('',(-38.39261502141,10.358911578613,
    -21.65152175937));
#1448 = CARTESIAN_POINT('',(-38.41276095102,9.486946503113,
    -22.05499381157));
#1449 = CARTESIAN_POINT('',(-38.30853735741,8.90229115708,
    -22.30322867361));
#1450 = CARTESIAN_POINT('',(-38.0925188891,8.351124999079,
    -22.51570500443));
#1451 = CARTESIAN_POINT('',(-37.77736907858,7.857706544203,
    -22.68851223344));
#1452 = CARTESIAN_POINT('',(-37.38219085284,7.442249636136,
    -22.82279110277));
#1453 = CARTESIAN_POINT('',(-36.93285679022,7.119155050163,
    -22.92194782429));
#1454 = CARTESIAN_POINT('',(-36.46067951768,6.89214886677,
    -22.98956519003));
#1455 = CARTESIAN_POINT('',(-35.9999994,6.750384453508,-23.03111611993)
  );
#1456 = PCURVE('',#489,#1457);
#1457 = DEFINITIONAL_REPRESENTATION('',(#1458),#1482);
#1458 = B_SPLINE_CURVE_WITH_KNOTS('',8,(#1459,#1460,#1461,#1462,#1463,
    #1464,#1465,#1466,#1467,#1468,#1469,#1470,#1471,#1472,#1473,#1474,
    #1475,#1476,#1477,#1478,#1479,#1480,#1481),.UNSPECIFIED.,.F.,.F.,(9,
    7,7,9),(0.,0.260493600789,0.498280506973,1.),.UNSPECIFIED.);
#1459 = CARTESIAN_POINT('',(-5.297230579219,-14.0000006));
#1460 = CARTESIAN_POINT('',(-5.293387986074,-13.75012172426));
#1461 = CARTESIAN_POINT('',(-5.288458267716,-13.50693746519));
#1462 = CARTESIAN_POINT('',(-5.282476771545,-13.27210796116));
#1463 = CARTESIAN_POINT('',(-5.275482675512,-13.04735022694));
#1464 = CARTESIAN_POINT('',(-5.267519754038,-12.8344629685));
#1465 = CARTESIAN_POINT('',(-5.258637287892,-12.63535082064));
#1466 = CARTESIAN_POINT('',(-5.248891118051,-12.45204800773));
#1467 = CARTESIAN_POINT('',(-5.228717866155,-12.13584428341));
#1468 = CARTESIAN_POINT('',(-5.218377584622,-11.99921184139));
#1469 = CARTESIAN_POINT('',(-5.207387529791,-11.87917596325));
#1470 = CARTESIAN_POINT('',(-5.195825330843,-11.77795548738));
#1471 = CARTESIAN_POINT('',(-5.18377976191,-11.6976406342));
#1472 = CARTESIAN_POINT('',(-5.171348903362,-11.6401821199));
#1473 = CARTESIAN_POINT('',(-5.158639417718,-11.60738497858));
#1474 = CARTESIAN_POINT('',(-5.118606601539,-11.58723904897));
#1475 = CARTESIAN_POINT('',(-5.092154542857,-11.69146264258));
#1476 = CARTESIAN_POINT('',(-5.067564182495,-11.90748111089));
#1477 = CARTESIAN_POINT('',(-5.045796738719,-12.22263092141));
#1478 = CARTESIAN_POINT('',(-5.027607684345,-12.61780914715));
#1479 = CARTESIAN_POINT('',(-5.013526671452,-13.06714320977));
#1480 = CARTESIAN_POINT('',(-5.003657456117,-13.53932048231));
#1481 = CARTESIAN_POINT('',(-4.997502113383,-14.0000006));
#1482 = ( GEOMETRIC_REPRESENTATION_CONTEXT(2) 
PARAMETRIC_REPRESENTATION_CONTEXT() REPRESENTATION_CONTEXT('2D SPACE',''
  ) );
#1483 = PCURVE('',#1484,#1489);
#1484 = CYLINDRICAL_SURFACE('',#1485,3.4);
#1485 = AXIS2_PLACEMENT_3D('',#1486,#1487,#1488);
#1486 = CARTESIAN_POINT('',(-35.,10.,-26.));
#1487 = DIRECTION('',(-0.,-0.,-1.));
#1488 = DIRECTION('',(1.,0.,0.));
#1489 = DEFINITIONAL_REPRESENTATION('',(#1490),#1514);
#1490 = B_SPLINE_CURVE_WITH_KNOTS('',8,(#1491,#1492,#1493,#1494,#1495,
    #1496,#1497,#1498,#1499,#1500,#1501,#1502,#1503,#1504,#1505,#1506,
    #1507,#1508,#1509,#1510,#1511,#1512,#1513),.UNSPECIFIED.,.F.,.F.,(9,
    7,7,9),(0.,0.260493600789,0.498280506973,1.),.UNSPECIFIED.);
#1491 = CARTESIAN_POINT('',(-1.869328343343,-5.988810933126));
#1492 = CARTESIAN_POINT('',(-1.946223247421,-5.937898051247));
#1493 = CARTESIAN_POINT('',(-2.023137614758,-5.872918742641));
#1494 = CARTESIAN_POINT('',(-2.100254726409,-5.794677428701));
#1495 = CARTESIAN_POINT('',(-2.177744818538,-5.704145533962));
#1496 = CARTESIAN_POINT('',(-2.255772706792,-5.602453228903));
#1497 = CARTESIAN_POINT('',(-2.334504841289,-5.490874377282));
#1498 = CARTESIAN_POINT('',(-2.414115792223,-5.370804687995));
#1499 = CARTESIAN_POINT('',(-2.568439971045,-5.127738027941));
#1500 = CARTESIAN_POINT('',(-2.643332087023,-5.005347055058));
#1501 = CARTESIAN_POINT('',(-2.719426948345,-4.877911350319));
#1502 = CARTESIAN_POINT('',(-2.79671286662,-4.746941843871));
#1503 = CARTESIAN_POINT('',(-2.87520534642,-4.614014992579));
#1504 = CARTESIAN_POINT('',(-2.954946186071,-4.480695825482));
#1505 = CARTESIAN_POINT('',(-3.036006363569,-4.348478240622));
#1506 = CARTESIAN_POINT('',(-3.292535119684,-3.945006188426));
#1507 = CARTESIAN_POINT('',(-3.463739356326,-3.696771326384));
#1508 = CARTESIAN_POINT('',(-3.632365730655,-3.484294995565));
#1509 = CARTESIAN_POINT('',(-3.798319310453,-3.31148776656));
#1510 = CARTESIAN_POINT('',(-3.961126090214,-3.177208897228));
#1511 = CARTESIAN_POINT('',(-4.119720981414,-3.078052175702));
#1512 = CARTESIAN_POINT('',(-4.272092465517,-3.010434809964));
#1513 = CARTESIAN_POINT('',(-4.413856963837,-2.968883880067));
#1514 = ( GEOMETRIC_REPRESENTATION_CONTEXT(2) 
PARAMETRIC_REPRESENTATION_CONTEXT() REPRESENTATION_CONTEXT('2D SPACE',''
  ) );
#1515 = ORIENTED_EDGE('',*,*,#1516,.T.);
#1516 = EDGE_CURVE('',#1429,#1144,#1517,.T.);
#1517 = SURFACE_CURVE('',#1518,(#1523,#1530),.PCURVE_S1.);
#1518 = CIRCLE('',#1519,24.);
#1519 = AXIS2_PLACEMENT_3D('',#1520,#1521,#1522);
#1520 = CARTESIAN_POINT('',(-36.,0.,0.));
#1521 = DIRECTION('',(1.,0.,0.));
#1522 = DIRECTION('',(0.,1.,0.));
#1523 = PCURVE('',#489,#1524);
#1524 = DEFINITIONAL_REPRESENTATION('',(#1525),#1529);
#1525 = LINE('',#1526,#1527);
#1526 = CARTESIAN_POINT('',(-0.,-14.));
#1527 = VECTOR('',#1528,1.);
#1528 = DIRECTION('',(-1.,0.));
#1529 = ( GEOMETRIC_REPRESENTATION_CONTEXT(2) 
PARAMETRIC_REPRESENTATION_CONTEXT() REPRESENTATION_CONTEXT('2D SPACE',''
  ) );
#1530 = PCURVE('',#1183,#1531);
#1531 = DEFINITIONAL_REPRESENTATION('',(#1532),#1536);
#1532 = CIRCLE('',#1533,24.);
#1533 = AXIS2_PLACEMENT_2D('',#1534,#1535);
#1534 = CARTESIAN_POINT('',(6.80906842916E-17,-1.367440132539E-15));
#1535 = DIRECTION('',(0.,-1.));
#1536 = ( GEOMETRIC_REPRESENTATION_CONTEXT(2) 
PARAMETRIC_REPRESENTATION_CONTEXT() REPRESENTATION_CONTEXT('2D SPACE',''
  ) );
#1537 = ORIENTED_EDGE('',*,*,#1143,.F.);
#1538 = ADVANCED_FACE('',(#1539),#524,.F.);
#1539 = FACE_BOUND('',#1540,.T.);
#1540 = EDGE_LOOP('',(#1541,#1572,#1593,#1594,#1595,#1619,#1692,#1757,
    #1781,#1866,#1934,#1958,#2013));
#1541 = ORIENTED_EDGE('',*,*,#1542,.F.);
#1542 = EDGE_CURVE('',#1543,#1545,#1547,.T.);
#1543 = VERTEX_POINT('',#1544);
#1544 = CARTESIAN_POINT('',(36.,24.,0.));
#1545 = VERTEX_POINT('',#1546);
#1546 = CARTESIAN_POINT('',(36.,4.130677910465,23.641859063957));
#1547 = SURFACE_CURVE('',#1548,(#1553,#1560),.PCURVE_S1.);
#1548 = CIRCLE('',#1549,24.);
#1549 = AXIS2_PLACEMENT_3D('',#1550,#1551,#1552);
#1550 = CARTESIAN_POINT('',(36.,0.,0.));
#1551 = DIRECTION('',(1.,0.,0.));
#1552 = DIRECTION('',(0.,1.,0.));
#1553 = PCURVE('',#524,#1554);
#1554 = DEFINITIONAL_REPRESENTATION('',(#1555),#1559);
#1555 = LINE('',#1556,#1557);
#1556 = CARTESIAN_POINT('',(-0.,0.));
#1557 = VECTOR('',#1558,1.);
#1558 = DIRECTION('',(-1.,0.));
#1559 = ( GEOMETRIC_REPRESENTATION_CONTEXT(2) 
PARAMETRIC_REPRESENTATION_CONTEXT() REPRESENTATION_CONTEXT('2D SPACE',''
  ) );
#1560 = PCURVE('',#1561,#1566);
#1561 = PLANE('',#1562);
#1562 = AXIS2_PLACEMENT_3D('',#1563,#1564,#1565);
#1563 = CARTESIAN_POINT('',(36.,-1.367440132539E-15,-6.80906842916E-17)
  );
#1564 = DIRECTION('',(1.,0.,0.));
#1565 = DIRECTION('',(-0.,0.,1.));
#1566 = DEFINITIONAL_REPRESENTATION('',(#1567),#1571);
#1567 = CIRCLE('',#1568,24.);
#1568 = AXIS2_PLACEMENT_2D('',#1569,#1570);
#1569 = CARTESIAN_POINT('',(6.80906842916E-17,-1.367440132539E-15));
#1570 = DIRECTION('',(0.,-1.));
#1571 = ( GEOMETRIC_REPRESENTATION_CONTEXT(2) 
PARAMETRIC_REPRESENTATION_CONTEXT() REPRESENTATION_CONTEXT('2D SPACE',''
  ) );
#1572 = ORIENTED_EDGE('',*,*,#1573,.T.);
#1573 = EDGE_CURVE('',#1543,#508,#1574,.T.);
#1574 = SEAM_CURVE('',#1575,(#1579,#1586),.PCURVE_S1.);
#1575 = LINE('',#1576,#1577);
#1576 = CARTESIAN_POINT('',(36.,24.,0.));
#1577 = VECTOR('',#1578,1.);
#1578 = DIRECTION('',(1.,0.,0.));
#1579 = PCURVE('',#524,#1580);
#1580 = DEFINITIONAL_REPRESENTATION('',(#1581),#1585);
#1581 = LINE('',#1582,#1583);
#1582 = CARTESIAN_POINT('',(-6.28318530718,0.));
#1583 = VECTOR('',#1584,1.);
#1584 = DIRECTION('',(-0.,-1.));
#1585 = ( GEOMETRIC_REPRESENTATION_CONTEXT(2) 
PARAMETRIC_REPRESENTATION_CONTEXT() REPRESENTATION_CONTEXT('2D SPACE',''
  ) );
#1586 = PCURVE('',#524,#1587);
#1587 = DEFINITIONAL_REPRESENTATION('',(#1588),#1592);
#1588 = LINE('',#1589,#1590);
#1589 = CARTESIAN_POINT('',(-0.,0.));
#1590 = VECTOR('',#1591,1.);
#1591 = DIRECTION('',(-0.,-1.));
#1592 = ( GEOMETRIC_REPRESENTATION_CONTEXT(2) 
PARAMETRIC_REPRESENTATION_CONTEXT() REPRESENTATION_CONTEXT('2D SPACE',''
  ) );
#1593 = ORIENTED_EDGE('',*,*,#507,.T.);
#1594 = ORIENTED_EDGE('',*,*,#1573,.F.);
#1595 = ORIENTED_EDGE('',*,*,#1596,.F.);
#1596 = EDGE_CURVE('',#1597,#1543,#1599,.T.);
#1597 = VERTEX_POINT('',#1598);
#1598 = CARTESIAN_POINT('',(36.,13.249615361854,-20.01118918912));
#1599 = SURFACE_CURVE('',#1600,(#1605,#1612),.PCURVE_S1.);
#1600 = CIRCLE('',#1601,24.);
#1601 = AXIS2_PLACEMENT_3D('',#1602,#1603,#1604);
#1602 = CARTESIAN_POINT('',(36.,0.,0.));
#1603 = DIRECTION('',(1.,0.,0.));
#1604 = DIRECTION('',(0.,1.,0.));
#1605 = PCURVE('',#524,#1606);
#1606 = DEFINITIONAL_REPRESENTATION('',(#1607),#1611);
#1607 = LINE('',#1608,#1609);
#1608 = CARTESIAN_POINT('',(-0.,0.));
#1609 = VECTOR('',#1610,1.);
#1610 = DIRECTION('',(-1.,0.));
#1611 = ( GEOMETRIC_REPRESENTATION_CONTEXT(2) 
PARAMETRIC_REPRESENTATION_CONTEXT() REPRESENTATION_CONTEXT('2D SPACE',''
  ) );
#1612 = PCURVE('',#1561,#1613);
#1613 = DEFINITIONAL_REPRESENTATION('',(#1614),#1618);
#1614 = CIRCLE('',#1615,24.);
#1615 = AXIS2_PLACEMENT_2D('',#1616,#1617);
#1616 = CARTESIAN_POINT('',(6.80906842916E-17,-1.367440132539E-15));
#1617 = DIRECTION('',(0.,-1.));
#1618 = ( GEOMETRIC_REPRESENTATION_CONTEXT(2) 
PARAMETRIC_REPRESENTATION_CONTEXT() REPRESENTATION_CONTEXT('2D SPACE',''
  ) );
#1619 = ORIENTED_EDGE('',*,*,#1620,.F.);
#1620 = EDGE_CURVE('',#1621,#1597,#1623,.T.);
#1621 = VERTEX_POINT('',#1622);
#1622 = CARTESIAN_POINT('',(38.4,10.,-21.81742422927));
#1623 = SURFACE_CURVE('',#1624,(#1643,#1665),.PCURVE_S1.);
#1624 = B_SPLINE_CURVE_WITH_KNOTS('',5,(#1625,#1626,#1627,#1628,#1629,
    #1630,#1631,#1632,#1633,#1634,#1635,#1636,#1637,#1638,#1639,#1640,
    #1641,#1642),.UNSPECIFIED.,.F.,.F.,(6,4,4,4,6),(0.,0.262020369855,
    0.513849309351,0.806130458482,1.),.UNSPECIFIED.);
#1625 = CARTESIAN_POINT('',(38.4,10.,-21.81742422927));
#1626 = CARTESIAN_POINT('',(38.4,10.250470991759,-21.70262103842));
#1627 = CARTESIAN_POINT('',(38.376935382264,10.497750421148,
    -21.58493208406));
#1628 = CARTESIAN_POINT('',(38.331981739627,10.738777402821,
    -21.46586200696));
#1629 = CARTESIAN_POINT('',(38.266975411317,10.970782993441,
    -21.34722899876));
#1630 = CARTESIAN_POINT('',(38.104996644491,11.403676135828,
    -21.11903611687));
#1631 = CARTESIAN_POINT('',(38.009258694511,11.605710096605,
    -21.0091506247));
#1632 = CARTESIAN_POINT('',(37.89889594258,11.796558405966,
    -20.90233257248));
#1633 = CARTESIAN_POINT('',(37.775522176284,11.975429410397,
    -20.79966962035));
#1634 = CARTESIAN_POINT('',(37.484108334589,12.334729499468,
    -20.58894152782));
#1635 = CARTESIAN_POINT('',(37.31196800037,12.510927166831,
    -20.4825791057));
#1636 = CARTESIAN_POINT('',(37.126419932866,12.669485593797,
    -20.38451081066));
#1637 = CARTESIAN_POINT('',(36.92938587003,12.809801700925,
    -20.29605340847));
#1638 = CARTESIAN_POINT('',(36.585475697432,13.011904971489,
    -20.16679156054));
#1639 = CARTESIAN_POINT('',(36.444057687832,13.08422037783,
    -20.11997394108));
#1640 = CARTESIAN_POINT('',(36.298956132016,13.148048771943,
    -20.07824409169));
#1641 = CARTESIAN_POINT('',(36.150747991525,13.203225904726,
    -20.04190412916));
#1642 = CARTESIAN_POINT('',(35.9999994,13.249615546492,-20.01118906687)
  );
#1643 = PCURVE('',#524,#1644);
#1644 = DEFINITIONAL_REPRESENTATION('',(#1645),#1664);
#1645 = B_SPLINE_CURVE_WITH_KNOTS('',5,(#1646,#1647,#1648,#1649,#1650,
    #1651,#1652,#1653,#1654,#1655,#1656,#1657,#1658,#1659,#1660,#1661,
    #1662,#1663),.UNSPECIFIED.,.F.,.F.,(6,4,4,4,6),(0.,0.262020369855,
    0.513849309351,0.806130458482,1.),.UNSPECIFIED.);
#1646 = CARTESIAN_POINT('',(-5.142164411689,-2.4));
#1647 = CARTESIAN_POINT('',(-5.153644730774,-2.4));
#1648 = CARTESIAN_POINT('',(-5.165054254883,-2.376935382264));
#1649 = CARTESIAN_POINT('',(-5.176254117001,-2.331981739627));
#1650 = CARTESIAN_POINT('',(-5.187110658483,-2.266975411317));
#1651 = CARTESIAN_POINT('',(-5.207500456452,-2.104996644491));
#1652 = CARTESIAN_POINT('',(-5.217082298163,-2.009258694511));
#1653 = CARTESIAN_POINT('',(-5.226194342843,-1.89889594258));
#1654 = CARTESIAN_POINT('',(-5.234787258344,-1.775522176284));
#1655 = CARTESIAN_POINT('',(-5.252142957205,-1.484108334589));
#1656 = CARTESIAN_POINT('',(-5.260717766913,-1.31196800037));
#1657 = CARTESIAN_POINT('',(-5.268485466948,-1.126419932866));
#1658 = CARTESIAN_POINT('',(-5.275396629893,-0.92938587003));
#1659 = CARTESIAN_POINT('',(-5.285392667068,-0.585475697432));
#1660 = CARTESIAN_POINT('',(-5.288982095113,-0.444057687832));
#1661 = CARTESIAN_POINT('',(-5.292159528539,-0.298956132016));
#1662 = CARTESIAN_POINT('',(-5.294912394047,-0.150747991525));
#1663 = CARTESIAN_POINT('',(-5.297230579219,6.000000021267E-07));
#1664 = ( GEOMETRIC_REPRESENTATION_CONTEXT(2) 
PARAMETRIC_REPRESENTATION_CONTEXT() REPRESENTATION_CONTEXT('2D SPACE',''
  ) );
#1665 = PCURVE('',#1666,#1671);
#1666 = CYLINDRICAL_SURFACE('',#1667,3.4);
#1667 = AXIS2_PLACEMENT_3D('',#1668,#1669,#1670);
#1668 = CARTESIAN_POINT('',(35.,10.,-26.));
#1669 = DIRECTION('',(-0.,-0.,-1.));
#1670 = DIRECTION('',(1.,0.,0.));
#1671 = DEFINITIONAL_REPRESENTATION('',(#1672),#1691);
#1672 = B_SPLINE_CURVE_WITH_KNOTS('',5,(#1673,#1674,#1675,#1676,#1677,
    #1678,#1679,#1680,#1681,#1682,#1683,#1684,#1685,#1686,#1687,#1688,
    #1689,#1690),.UNSPECIFIED.,.F.,.F.,(6,4,4,4,6),(0.,0.262020369855,
    0.513849309351,0.806130458482,1.),.UNSPECIFIED.);
#1673 = CARTESIAN_POINT('',(0.,-4.182575770729));
#1674 = CARTESIAN_POINT('',(-7.366793875265E-02,-4.297378961576));
#1675 = CARTESIAN_POINT('',(-0.146397311511,-4.415067915939));
#1676 = CARTESIAN_POINT('',(-0.218119948202,-4.534137993035));
#1677 = CARTESIAN_POINT('',(-0.288729708589,-4.652771001239));
#1678 = CARTESIAN_POINT('',(-0.424672397519,-4.880963883121));
#1679 = CARTESIAN_POINT('',(-0.490193851898,-4.990849375293));
#1680 = CARTESIAN_POINT('',(-0.554756930827,-5.097667427516));
#1681 = CARTESIAN_POINT('',(-0.61847376824,-5.200330379646));
#1682 = CARTESIAN_POINT('',(-0.75453889269,-5.411058472177));
#1683 = CARTESIAN_POINT('',(-0.826680232736,-5.517420894299));
#1684 = CARTESIAN_POINT('',(-0.898089297049,-5.615489189332));
#1685 = CARTESIAN_POINT('',(-0.968961170346,-5.703946591527));
#1686 = CARTESIAN_POINT('',(-1.086284231111,-5.833208439456));
#1687 = CARTESIAN_POINT('',(-1.132920213153,-5.880026058912));
#1688 = CARTESIAN_POINT('',(-1.179438943437,-5.921755908306));
#1689 = CARTESIAN_POINT('',(-1.225874640648,-5.958095870834));
#1690 = CARTESIAN_POINT('',(-1.272264310247,-5.988810933126));
#1691 = ( GEOMETRIC_REPRESENTATION_CONTEXT(2) 
PARAMETRIC_REPRESENTATION_CONTEXT() REPRESENTATION_CONTEXT('2D SPACE',''
  ) );
#1692 = ORIENTED_EDGE('',*,*,#1693,.F.);
#1693 = EDGE_CURVE('',#1694,#1621,#1696,.T.);
#1694 = VERTEX_POINT('',#1695);
#1695 = CARTESIAN_POINT('',(36.,6.750384638146,-23.03111606581));
#1696 = SURFACE_CURVE('',#1697,(#1715,#1736),.PCURVE_S1.);
#1697 = B_SPLINE_CURVE_WITH_KNOTS('',6,(#1698,#1699,#1700,#1701,#1702,
    #1703,#1704,#1705,#1706,#1707,#1708,#1709,#1710,#1711,#1712,#1713,
    #1714),.UNSPECIFIED.,.F.,.F.,(7,5,5,7),(0.,0.434379495613,
    0.673929970776,1.),.UNSPECIFIED.);
#1698 = CARTESIAN_POINT('',(35.9999994,6.750384453508,-23.03111611993));
#1699 = CARTESIAN_POINT('',(36.270649507838,6.833671212073,
    -23.00670490003));
#1700 = CARTESIAN_POINT('',(36.536559048309,6.945111243802,
    -22.9736496151));
#1701 = CARTESIAN_POINT('',(36.794705767164,7.085240684901,
    -22.93129313498));
#1702 = CARTESIAN_POINT('',(37.041712918244,7.254480872868,
    -22.87871121634));
#1703 = CARTESIAN_POINT('',(37.273685274134,7.452997009967,
    -22.81469993114));
#1704 = CARTESIAN_POINT('',(37.60309817304,7.806067366998,
    -22.69543697775));
#1705 = CARTESIAN_POINT('',(37.714184917771,7.940374391928,
    -22.64914350536));
#1706 = CARTESIAN_POINT('',(37.818147215882,8.08306598154,
    -22.59884064715));
#1707 = CARTESIAN_POINT('',(37.91397590261,8.233577190106,
    -22.54445322381));
#1708 = CARTESIAN_POINT('',(38.000772431269,8.391218491277,
    -22.48595681763));
#1709 = CARTESIAN_POINT('',(38.182525875999,8.778392415148,
    -22.33823842694));
#1710 = CARTESIAN_POINT('',(38.269022584375,9.013143242519,
    -22.24561975782));
#1711 = CARTESIAN_POINT('',(38.334818704335,9.256360541364,
    -22.14607262479));
#1712 = CARTESIAN_POINT('',(38.378564724646,9.504431017067,
    -22.04052584171));
#1713 = CARTESIAN_POINT('',(38.4,9.753560210072,-21.93037972178));
#1714 = CARTESIAN_POINT('',(38.4,10.,-21.81742422927));
#1715 = PCURVE('',#524,#1716);
#1716 = DEFINITIONAL_REPRESENTATION('',(#1717),#1735);
#1717 = B_SPLINE_CURVE_WITH_KNOTS('',6,(#1718,#1719,#1720,#1721,#1722,
    #1723,#1724,#1725,#1726,#1727,#1728,#1729,#1730,#1731,#1732,#1733,
    #1734),.UNSPECIFIED.,.F.,.F.,(7,5,5,7),(0.,0.434379495613,
    0.673929970776,1.),.UNSPECIFIED.);
#1718 = CARTESIAN_POINT('',(-4.997502113383,6.000000021267E-07));
#1719 = CARTESIAN_POINT('',(-5.001118384437,-0.270649507838));
#1720 = CARTESIAN_POINT('',(-5.005961655627,-0.536559048309));
#1721 = CARTESIAN_POINT('',(-5.012061150093,-0.794705767164));
#1722 = CARTESIAN_POINT('',(-5.019444922863,-1.041712918244));
#1723 = CARTESIAN_POINT('',(-5.028134973264,-1.273685274134));
#1724 = CARTESIAN_POINT('',(-5.043662856399,-1.60309817304));
#1725 = CARTESIAN_POINT('',(-5.049581973545,-1.714184917771));
#1726 = CARTESIAN_POINT('',(-5.055885832634,-1.818147215882));
#1727 = CARTESIAN_POINT('',(-5.062553673145,-1.91397590261));
#1728 = CARTESIAN_POINT('',(-5.069559402557,-2.000772431269));
#1729 = CARTESIAN_POINT('',(-5.086825918919,-2.182525875999));
#1730 = CARTESIAN_POINT('',(-5.097340298412,-2.269022584375));
#1731 = CARTESIAN_POINT('',(-5.108288942515,-2.334818704335));
#1732 = CARTESIAN_POINT('',(-5.119520216887,-2.378564724646));
#1733 = CARTESIAN_POINT('',(-5.130868862437,-2.4));
#1734 = CARTESIAN_POINT('',(-5.142164411689,-2.4));
#1735 = ( GEOMETRIC_REPRESENTATION_CONTEXT(2) 
PARAMETRIC_REPRESENTATION_CONTEXT() REPRESENTATION_CONTEXT('2D SPACE',''
  ) );
#1736 = PCURVE('',#1666,#1737);
#1737 = DEFINITIONAL_REPRESENTATION('',(#1738),#1756);
#1738 = B_SPLINE_CURVE_WITH_KNOTS('',6,(#1739,#1740,#1741,#1742,#1743,
    #1744,#1745,#1746,#1747,#1748,#1749,#1750,#1751,#1752,#1753,#1754,
    #1755),.UNSPECIFIED.,.F.,.F.,(7,5,5,7),(0.,0.434379495613,
    0.673929970776,1.),.UNSPECIFIED.);
#1739 = CARTESIAN_POINT('',(-5.010920996932,-2.968883880067));
#1740 = CARTESIAN_POINT('',(-5.094207805469,-2.993295099969));
#1741 = CARTESIAN_POINT('',(-5.178597617065,-3.0263503849));
#1742 = CARTESIAN_POINT('',(-5.264325771813,-3.068706865016));
#1743 = CARTESIAN_POINT('',(-5.351661347969,-3.121288783654));
#1744 = CARTESIAN_POINT('',(-5.440896538587,-3.185300068855));
#1745 = CARTESIAN_POINT('',(-5.582919593084,-3.304563022245));
#1746 = CARTESIAN_POINT('',(-5.634091366594,-3.350856494638));
#1747 = CARTESIAN_POINT('',(-5.685868633094,-3.401159352845));
#1748 = CARTESIAN_POINT('',(-5.738189903299,-3.45554677619));
#1749 = CARTESIAN_POINT('',(-5.791008704046,-3.514043182362));
#1750 = CARTESIAN_POINT('',(-5.91680649106,-3.661761573057));
#1751 = CARTESIAN_POINT('',(-5.990117396659,-3.754380242177));
#1752 = CARTESIAN_POINT('',(-6.063782145447,-3.85392737521));
#1753 = CARTESIAN_POINT('',(-6.137429781036,-3.959474158281));
#1754 = CARTESIAN_POINT('',(-6.210703016024,-4.069620278211));
#1755 = CARTESIAN_POINT('',(-6.28318530718,-4.182575770729));
#1756 = ( GEOMETRIC_REPRESENTATION_CONTEXT(2) 
PARAMETRIC_REPRESENTATION_CONTEXT() REPRESENTATION_CONTEXT('2D SPACE',''
  ) );
#1757 = ORIENTED_EDGE('',*,*,#1758,.F.);
#1758 = EDGE_CURVE('',#1759,#1694,#1761,.T.);
#1759 = VERTEX_POINT('',#1760);
#1760 = CARTESIAN_POINT('',(36.,-6.750384638146,-23.03111606581));
#1761 = SURFACE_CURVE('',#1762,(#1767,#1774),.PCURVE_S1.);
#1762 = CIRCLE('',#1763,24.);
#1763 = AXIS2_PLACEMENT_3D('',#1764,#1765,#1766);
#1764 = CARTESIAN_POINT('',(36.,0.,0.));
#1765 = DIRECTION('',(1.,0.,0.));
#1766 = DIRECTION('',(0.,1.,0.));
#1767 = PCURVE('',#524,#1768);
#1768 = DEFINITIONAL_REPRESENTATION('',(#1769),#1773);
#1769 = LINE('',#1770,#1771);
#1770 = CARTESIAN_POINT('',(-0.,0.));
#1771 = VECTOR('',#1772,1.);
#1772 = DIRECTION('',(-1.,0.));
#1773 = ( GEOMETRIC_REPRESENTATION_CONTEXT(2) 
PARAMETRIC_REPRESENTATION_CONTEXT() REPRESENTATION_CONTEXT('2D SPACE',''
  ) );
#1774 = PCURVE('',#1561,#1775);
#1775 = DEFINITIONAL_REPRESENTATION('',(#1776),#1780);
#1776 = CIRCLE('',#1777,24.);
#1777 = AXIS2_PLACEMENT_2D('',#1778,#1779);
#1778 = CARTESIAN_POINT('',(6.80906842916E-17,-1.367440132539E-15));
#1779 = DIRECTION('',(0.,-1.));
#1780 = ( GEOMETRIC_REPRESENTATION_CONTEXT(2) 
PARAMETRIC_REPRESENTATION_CONTEXT() REPRESENTATION_CONTEXT('2D SPACE',''
  ) );
#1781 = ORIENTED_EDGE('',*,*,#1782,.F.);
#1782 = EDGE_CURVE('',#1783,#1759,#1785,.T.);
#1783 = VERTEX_POINT('',#1784);
#1784 = CARTESIAN_POINT('',(38.4,-10.,-21.81742422927));
#1785 = SURFACE_CURVE('',#1786,(#1809,#1835),.PCURVE_S1.);
#1786 = B_SPLINE_CURVE_WITH_KNOTS('',6,(#1787,#1788,#1789,#1790,#1791,
    #1792,#1793,#1794,#1795,#1796,#1797,#1798,#1799,#1800,#1801,#1802,
    #1803,#1804,#1805,#1806,#1807,#1808),.UNSPECIFIED.,.F.,.F.,(7,5,5,5,
    7),(0.,0.154528869599,0.326093757929,0.565635798651,1.),
  .UNSPECIFIED.);
#1787 = CARTESIAN_POINT('',(38.4,-10.,-21.81742422927));
#1788 = CARTESIAN_POINT('',(38.4,-9.883197348854,-21.87096063664));
#1789 = CARTESIAN_POINT('',(38.395184775599,-9.765813977005,
    -21.92385521549));
#1790 = CARTESIAN_POINT('',(38.385465018535,-9.648237889917,
    -21.97592309803));
#1791 = CARTESIAN_POINT('',(38.370804798863,-9.530857036863,
    -22.02699979753));
#1792 = CARTESIAN_POINT('',(38.35122162796,-9.41405766214,
    -22.07694058869));
#1793 = CARTESIAN_POINT('',(38.299657569409,-9.169617432596,
    -22.17966583173));
#1794 = CARTESIAN_POINT('',(38.266556330366,-9.042240968156,
    -22.23213997962));
#1795 = CARTESIAN_POINT('',(38.227589254409,-8.916620109588,
    -22.28287020052));
#1796 = CARTESIAN_POINT('',(38.182942036298,-8.793259447316,
    -22.33172066749));
#1797 = CARTESIAN_POINT('',(38.132879967814,-8.67263595422,
    -22.37858766859));
#1798 = CARTESIAN_POINT('',(38.000772431269,-8.391218491277,
    -22.48595681763));
#1799 = CARTESIAN_POINT('',(37.91397590261,-8.233577190106,
    -22.54445322381));
#1800 = CARTESIAN_POINT('',(37.818147215882,-8.08306598154,
    -22.59884064715));
#1801 = CARTESIAN_POINT('',(37.714184917771,-7.940374391928,
    -22.64914350536));
#1802 = CARTESIAN_POINT('',(37.60309817304,-7.806067366998,
    -22.69543697775));
#1803 = CARTESIAN_POINT('',(37.273685274134,-7.452997009967,
    -22.81469993114));
#1804 = CARTESIAN_POINT('',(37.041712918244,-7.254480872868,
    -22.87871121634));
#1805 = CARTESIAN_POINT('',(36.794705767164,-7.085240684901,
    -22.93129313498));
#1806 = CARTESIAN_POINT('',(36.536559048309,-6.945111243802,
    -22.9736496151));
#1807 = CARTESIAN_POINT('',(36.270649507838,-6.833671212073,
    -23.00670490003));
#1808 = CARTESIAN_POINT('',(35.9999994,-6.750384453508,-23.03111611993)
  );
#1809 = PCURVE('',#524,#1810);
#1810 = DEFINITIONAL_REPRESENTATION('',(#1811),#1834);
#1811 = B_SPLINE_CURVE_WITH_KNOTS('',6,(#1812,#1813,#1814,#1815,#1816,
    #1817,#1818,#1819,#1820,#1821,#1822,#1823,#1824,#1825,#1826,#1827,
    #1828,#1829,#1830,#1831,#1832,#1833),.UNSPECIFIED.,.F.,.F.,(7,5,5,5,
    7),(0.,0.154528869599,0.326093757929,0.565635798651,1.),
  .UNSPECIFIED.);
#1812 = CARTESIAN_POINT('',(-4.28261354908,-2.4));
#1813 = CARTESIAN_POINT('',(-4.287967189818,-2.4));
#1814 = CARTESIAN_POINT('',(-4.293331683825,-2.395184775599));
#1815 = CARTESIAN_POINT('',(-4.29868940161,-2.385465018535));
#1816 = CARTESIAN_POINT('',(-4.304023073936,-2.370804798863));
#1817 = CARTESIAN_POINT('',(-4.30931581564,-2.35122162796));
#1818 = CARTESIAN_POINT('',(-4.320363652075,-2.299657569409));
#1819 = CARTESIAN_POINT('',(-4.326103581297,-2.266556330366));
#1820 = CARTESIAN_POINT('',(-4.331748277004,-2.227589254409));
#1821 = CARTESIAN_POINT('',(-4.337276468345,-2.182942036298));
#1822 = CARTESIAN_POINT('',(-4.342668386497,-2.132879967814));
#1823 = CARTESIAN_POINT('',(-4.355218558212,-2.000772431269));
#1824 = CARTESIAN_POINT('',(-4.362224287625,-1.91397590261));
#1825 = CARTESIAN_POINT('',(-4.368892128136,-1.818147215882));
#1826 = CARTESIAN_POINT('',(-4.375195987224,-1.714184917771));
#1827 = CARTESIAN_POINT('',(-4.381115104371,-1.60309817304));
#1828 = CARTESIAN_POINT('',(-4.396642987505,-1.273685274134));
#1829 = CARTESIAN_POINT('',(-4.405333037906,-1.041712918244));
#1830 = CARTESIAN_POINT('',(-4.412716810676,-0.794705767164));
#1831 = CARTESIAN_POINT('',(-4.418816305142,-0.536559048309));
#1832 = CARTESIAN_POINT('',(-4.423659576332,-0.270649507838));
#1833 = CARTESIAN_POINT('',(-4.427275847386,5.999999999062E-07));
#1834 = ( GEOMETRIC_REPRESENTATION_CONTEXT(2) 
PARAMETRIC_REPRESENTATION_CONTEXT() REPRESENTATION_CONTEXT('2D SPACE',''
  ) );
#1835 = PCURVE('',#1836,#1841);
#1836 = CYLINDRICAL_SURFACE('',#1837,3.4);
#1837 = AXIS2_PLACEMENT_3D('',#1838,#1839,#1840);
#1838 = CARTESIAN_POINT('',(35.,-10.,-26.));
#1839 = DIRECTION('',(-0.,-0.,-1.));
#1840 = DIRECTION('',(1.,0.,0.));
#1841 = DEFINITIONAL_REPRESENTATION('',(#1842),#1865);
#1842 = B_SPLINE_CURVE_WITH_KNOTS('',6,(#1843,#1844,#1845,#1846,#1847,
    #1848,#1849,#1850,#1851,#1852,#1853,#1854,#1855,#1856,#1857,#1858,
    #1859,#1860,#1861,#1862,#1863,#1864),.UNSPECIFIED.,.F.,.F.,(7,5,5,5,
    7),(0.,0.154528869599,0.326093757929,0.565635798651,1.),
  .UNSPECIFIED.);
#1843 = CARTESIAN_POINT('',(0.,-4.182575770729));
#1844 = CARTESIAN_POINT('',(-3.435372092531E-02,-4.129039363351));
#1845 = CARTESIAN_POINT('',(-6.887824423148E-02,-4.076144784503));
#1846 = CARTESIAN_POINT('',(-0.103532421664,-4.024076901961));
#1847 = CARTESIAN_POINT('',(-0.138278755945,-3.973000202469));
#1848 = CARTESIAN_POINT('',(-0.173080626275,-3.923059411307));
#1849 = CARTESIAN_POINT('',(-0.246557005948,-3.820334168265));
#1850 = CARTESIAN_POINT('',(-0.285223450855,-3.767860020376));
#1851 = CARTESIAN_POINT('',(-0.323844718298,-3.717129799474));
#1852 = CARTESIAN_POINT('',(-0.36236859022,-3.668279332504));
#1853 = CARTESIAN_POINT('',(-0.400740450328,-3.621412331409));
#1854 = CARTESIAN_POINT('',(-0.492176603134,-3.514043182362));
#1855 = CARTESIAN_POINT('',(-0.54499540388,-3.45554677619));
#1856 = CARTESIAN_POINT('',(-0.597316674085,-3.401159352845));
#1857 = CARTESIAN_POINT('',(-0.649093940586,-3.350856494638));
#1858 = CARTESIAN_POINT('',(-0.700265714096,-3.304563022245));
#1859 = CARTESIAN_POINT('',(-0.842288768593,-3.185300068855));
#1860 = CARTESIAN_POINT('',(-0.931523959211,-3.121288783654));
#1861 = CARTESIAN_POINT('',(-1.018859535367,-3.068706865016));
#1862 = CARTESIAN_POINT('',(-1.104587690115,-3.0263503849));
#1863 = CARTESIAN_POINT('',(-1.188977501711,-2.993295099969));
#1864 = CARTESIAN_POINT('',(-1.272264310247,-2.968883880067));
#1865 = ( GEOMETRIC_REPRESENTATION_CONTEXT(2) 
PARAMETRIC_REPRESENTATION_CONTEXT() REPRESENTATION_CONTEXT('2D SPACE',''
  ) );
#1866 = ORIENTED_EDGE('',*,*,#1867,.F.);
#1867 = EDGE_CURVE('',#1868,#1783,#1870,.T.);
#1868 = VERTEX_POINT('',#1869);
#1869 = CARTESIAN_POINT('',(36.,-13.24961536185,-20.01118918912));
#1870 = SURFACE_CURVE('',#1871,(#1890,#1912),.PCURVE_S1.);
#1871 = B_SPLINE_CURVE_WITH_KNOTS('',5,(#1872,#1873,#1874,#1875,#1876,
    #1877,#1878,#1879,#1880,#1881,#1882,#1883,#1884,#1885,#1886,#1887,
    #1888,#1889),.UNSPECIFIED.,.F.,.F.,(6,4,4,4,6),(0.,0.193869540624,
    0.486150692981,0.737979631334,1.),.UNSPECIFIED.);
#1872 = CARTESIAN_POINT('',(35.9999994,-13.24961554649,-20.01118906687)
  );
#1873 = CARTESIAN_POINT('',(36.150747991525,-13.20322590472,
    -20.04190412916));
#1874 = CARTESIAN_POINT('',(36.298956132016,-13.14804877194,
    -20.07824409169));
#1875 = CARTESIAN_POINT('',(36.444057687832,-13.08422037783,
    -20.11997394108));
#1876 = CARTESIAN_POINT('',(36.585475697432,-13.01190497148,
    -20.16679156054));
#1877 = CARTESIAN_POINT('',(36.929385873265,-12.80980169902,
    -20.29605340968));
#1878 = CARTESIAN_POINT('',(37.126419925415,-12.66948559954,
    -20.38451080712));
#1879 = CARTESIAN_POINT('',(37.311968007203,-12.51092716022,
    -20.48257910967));
#1880 = CARTESIAN_POINT('',(37.484108332151,-12.33472950247,
    -20.58894152606));
#1881 = CARTESIAN_POINT('',(37.775522176284,-11.97542941039,
    -20.79966962035));
#1882 = CARTESIAN_POINT('',(37.89889594258,-11.79655840596,
    -20.90233257248));
#1883 = CARTESIAN_POINT('',(38.009258694511,-11.6057100966,
    -21.0091506247));
#1884 = CARTESIAN_POINT('',(38.104996644491,-11.40367613582,
    -21.11903611687));
#1885 = CARTESIAN_POINT('',(38.266975411317,-10.97078299344,
    -21.34722899876));
#1886 = CARTESIAN_POINT('',(38.331981739627,-10.73877740282,
    -21.46586200696));
#1887 = CARTESIAN_POINT('',(38.376935382264,-10.49775042114,
    -21.58493208406));
#1888 = CARTESIAN_POINT('',(38.4,-10.25047099175,-21.70262103842));
#1889 = CARTESIAN_POINT('',(38.4,-10.,-21.81742422927));
#1890 = PCURVE('',#524,#1891);
#1891 = DEFINITIONAL_REPRESENTATION('',(#1892),#1911);
#1892 = B_SPLINE_CURVE_WITH_KNOTS('',5,(#1893,#1894,#1895,#1896,#1897,
    #1898,#1899,#1900,#1901,#1902,#1903,#1904,#1905,#1906,#1907,#1908,
    #1909,#1910),.UNSPECIFIED.,.F.,.F.,(6,4,4,4,6),(0.,0.193869540624,
    0.486150692981,0.737979631334,1.),.UNSPECIFIED.);
#1893 = CARTESIAN_POINT('',(-4.12754738155,5.999999999062E-07));
#1894 = CARTESIAN_POINT('',(-4.129865566722,-0.150747991525));
#1895 = CARTESIAN_POINT('',(-4.132618432231,-0.298956132016));
#1896 = CARTESIAN_POINT('',(-4.135795865656,-0.444057687832));
#1897 = CARTESIAN_POINT('',(-4.139385293701,-0.585475697432));
#1898 = CARTESIAN_POINT('',(-4.149381330971,-0.929385873265));
#1899 = CARTESIAN_POINT('',(-4.15629249354,-1.126419925415));
#1900 = CARTESIAN_POINT('',(-4.164060194177,-1.311968007203));
#1901 = CARTESIAN_POINT('',(-4.172635003419,-1.484108332151));
#1902 = CARTESIAN_POINT('',(-4.189990702425,-1.775522176284));
#1903 = CARTESIAN_POINT('',(-4.198583617926,-1.89889594258));
#1904 = CARTESIAN_POINT('',(-4.207695662606,-2.009258694511));
#1905 = CARTESIAN_POINT('',(-4.217277504317,-2.104996644491));
#1906 = CARTESIAN_POINT('',(-4.237667302286,-2.266975411317));
#1907 = CARTESIAN_POINT('',(-4.248523843768,-2.331981739627));
#1908 = CARTESIAN_POINT('',(-4.259723705886,-2.376935382264));
#1909 = CARTESIAN_POINT('',(-4.271133229995,-2.4));
#1910 = CARTESIAN_POINT('',(-4.28261354908,-2.4));
#1911 = ( GEOMETRIC_REPRESENTATION_CONTEXT(2) 
PARAMETRIC_REPRESENTATION_CONTEXT() REPRESENTATION_CONTEXT('2D SPACE',''
  ) );
#1912 = PCURVE('',#1836,#1913);
#1913 = DEFINITIONAL_REPRESENTATION('',(#1914),#1933);
#1914 = B_SPLINE_CURVE_WITH_KNOTS('',5,(#1915,#1916,#1917,#1918,#1919,
    #1920,#1921,#1922,#1923,#1924,#1925,#1926,#1927,#1928,#1929,#1930,
    #1931,#1932),.UNSPECIFIED.,.F.,.F.,(6,4,4,4,6),(0.,0.193869540624,
    0.486150692981,0.737979631334,1.),.UNSPECIFIED.);
#1915 = CARTESIAN_POINT('',(-5.010920996932,-5.988810933126));
#1916 = CARTESIAN_POINT('',(-5.057310666531,-5.958095870834));
#1917 = CARTESIAN_POINT('',(-5.103746363742,-5.921755908306));
#1918 = CARTESIAN_POINT('',(-5.150265094026,-5.880026058912));
#1919 = CARTESIAN_POINT('',(-5.196901076069,-5.833208439456));
#1920 = CARTESIAN_POINT('',(-5.314224137937,-5.703946590311));
#1921 = CARTESIAN_POINT('',(-5.385096007328,-5.615489192877));
#1922 = CARTESIAN_POINT('',(-5.456505077273,-5.51742089033));
#1923 = CARTESIAN_POINT('',(-5.528646413352,-5.41105847394));
#1924 = CARTESIAN_POINT('',(-5.66471153894,-5.200330379646));
#1925 = CARTESIAN_POINT('',(-5.728428376352,-5.097667427516));
#1926 = CARTESIAN_POINT('',(-5.792991455281,-4.990849375293));
#1927 = CARTESIAN_POINT('',(-5.85851290966,-4.880963883121));
#1928 = CARTESIAN_POINT('',(-5.994455598591,-4.652771001239));
#1929 = CARTESIAN_POINT('',(-6.065065358977,-4.534137993035));
#1930 = CARTESIAN_POINT('',(-6.136787995669,-4.415067915939));
#1931 = CARTESIAN_POINT('',(-6.209517368427,-4.297378961576));
#1932 = CARTESIAN_POINT('',(-6.28318530718,-4.182575770729));
#1933 = ( GEOMETRIC_REPRESENTATION_CONTEXT(2) 
PARAMETRIC_REPRESENTATION_CONTEXT() REPRESENTATION_CONTEXT('2D SPACE',''
  ) );
#1934 = ORIENTED_EDGE('',*,*,#1935,.F.);
#1935 = EDGE_CURVE('',#1936,#1868,#1938,.T.);
#1936 = VERTEX_POINT('',#1937);
#1937 = CARTESIAN_POINT('',(36.,-4.130677910465,23.641859063957));
#1938 = SURFACE_CURVE('',#1939,(#1944,#1951),.PCURVE_S1.);
#1939 = CIRCLE('',#1940,24.);
#1940 = AXIS2_PLACEMENT_3D('',#1941,#1942,#1943);
#1941 = CARTESIAN_POINT('',(36.,0.,0.));
#1942 = DIRECTION('',(1.,0.,0.));
#1943 = DIRECTION('',(0.,1.,0.));
#1944 = PCURVE('',#524,#1945);
#1945 = DEFINITIONAL_REPRESENTATION('',(#1946),#1950);
#1946 = LINE('',#1947,#1948);
#1947 = CARTESIAN_POINT('',(-0.,0.));
#1948 = VECTOR('',#1949,1.);
#1949 = DIRECTION('',(-1.,0.));
#1950 = ( GEOMETRIC_REPRESENTATION_CONTEXT(2) 
PARAMETRIC_REPRESENTATION_CONTEXT() REPRESENTATION_CONTEXT('2D SPACE',''
  ) );
#1951 = PCURVE('',#1561,#1952);
#1952 = DEFINITIONAL_REPRESENTATION('',(#1953),#1957);
#1953 = CIRCLE('',#1954,24.);
#1954 = AXIS2_PLACEMENT_2D('',#1955,#1956);
#1955 = CARTESIAN_POINT('',(6.80906842916E-17,-1.367440132539E-15));
#1956 = DIRECTION('',(0.,-1.));
#1957 = ( GEOMETRIC_REPRESENTATION_CONTEXT(2) 
PARAMETRIC_REPRESENTATION_CONTEXT() REPRESENTATION_CONTEXT('2D SPACE',''
  ) );
#1958 = ORIENTED_EDGE('',*,*,#1959,.T.);
#1959 = EDGE_CURVE('',#1936,#1960,#1962,.T.);
#1960 = VERTEX_POINT('',#1961);
#1961 = CARTESIAN_POINT('',(37.75,0.,24.));
#1962 = SURFACE_CURVE('',#1963,(#1976,#1992),.PCURVE_S1.);
#1963 = B_SPLINE_CURVE_WITH_KNOTS('',6,(#1964,#1965,#1966,#1967,#1968,
    #1969,#1970,#1971,#1972,#1973,#1974,#1975),.UNSPECIFIED.,.F.,.F.,(7,
    5,7),(0.,0.485401349622,1.),.UNSPECIFIED.);
#1964 = CARTESIAN_POINT('',(35.9999994,-4.130678491483,23.641858962442)
  );
#1965 = CARTESIAN_POINT('',(36.235836489457,-3.90230239824,
    23.68176057161));
#1966 = CARTESIAN_POINT('',(36.461423569781,-3.652542235944,
    23.722670330119));
#1967 = CARTESIAN_POINT('',(36.674436057942,-3.380963884569,
    23.763726546364));
#1968 = CARTESIAN_POINT('',(36.872221763628,-3.087292359758,
    23.803873936753));
#1969 = CARTESIAN_POINT('',(37.05173018283,-2.77151594649,
    23.841849639196));
#1970 = CARTESIAN_POINT('',(37.376603759047,-2.076200352394,
    23.912731953705));
#1971 = CARTESIAN_POINT('',(37.520196464239,-1.69197681386,
    23.945398923864));
#1972 = CARTESIAN_POINT('',(37.63323731251,-1.286052919119,
    23.972023975824));
#1973 = CARTESIAN_POINT('',(37.710807199542,-0.864313361218,
    23.990610494577));
#1974 = CARTESIAN_POINT('',(37.75,-0.433355528822,24.));
#1975 = CARTESIAN_POINT('',(37.75,0.,24.));
#1976 = PCURVE('',#524,#1977);
#1977 = DEFINITIONAL_REPRESENTATION('',(#1978),#1991);
#1978 = B_SPLINE_CURVE_WITH_KNOTS('',6,(#1979,#1980,#1981,#1982,#1983,
    #1984,#1985,#1986,#1987,#1988,#1989,#1990),.UNSPECIFIED.,.F.,.F.,(7,
    5,7),(0.,0.485401349622,1.),.UNSPECIFIED.);
#1979 = CARTESIAN_POINT('',(-1.74376918795,5.999999999062E-07));
#1980 = CARTESIAN_POINT('',(-1.734109368322,-0.235836489457));
#1981 = CARTESIAN_POINT('',(-1.72356461335,-0.461423569781));
#1982 = CARTESIAN_POINT('',(-1.712121653112,-0.674436057942));
#1983 = CARTESIAN_POINT('',(-1.699773688078,-0.872221763628));
#1984 = CARTESIAN_POINT('',(-1.6865237038,-1.05173018283));
#1985 = CARTESIAN_POINT('',(-1.657402069579,-1.376603759046));
#1986 = CARTESIAN_POINT('',(-1.641337250547,-1.52019646424));
#1987 = CARTESIAN_POINT('',(-1.624392428978,-1.63323731251));
#1988 = CARTESIAN_POINT('',(-1.60680939134,-1.710807199542));
#1989 = CARTESIAN_POINT('',(-1.588852807162,-1.75));
#1990 = CARTESIAN_POINT('',(-1.570796326795,-1.75));
#1991 = ( GEOMETRIC_REPRESENTATION_CONTEXT(2) 
PARAMETRIC_REPRESENTATION_CONTEXT() REPRESENTATION_CONTEXT('2D SPACE',''
  ) );
#1992 = PCURVE('',#1993,#1998);
#1993 = CYLINDRICAL_SURFACE('',#1994,5.75);
#1994 = AXIS2_PLACEMENT_3D('',#1995,#1996,#1997);
#1995 = CARTESIAN_POINT('',(32.,0.,26.));
#1996 = DIRECTION('',(0.,0.,1.));
#1997 = DIRECTION('',(1.,0.,0.));
#1998 = DEFINITIONAL_REPRESENTATION('',(#1999),#2012);
#1999 = B_SPLINE_CURVE_WITH_KNOTS('',6,(#2000,#2001,#2002,#2003,#2004,
    #2005,#2006,#2007,#2008,#2009,#2010,#2011),.UNSPECIFIED.,.F.,.F.,(7,
    5,7),(0.,0.485401349622,1.),.UNSPECIFIED.);
#2000 = CARTESIAN_POINT('',(5.481716178653,-2.358141037558));
#2001 = CARTESIAN_POINT('',(5.538810210528,-2.31823942839));
#2002 = CARTESIAN_POINT('',(5.597210796481,-2.277329669881));
#2003 = CARTESIAN_POINT('',(5.657014801262,-2.236273453636));
#2004 = CARTESIAN_POINT('',(5.718336543804,-2.196126063247));
#2005 = CARTESIAN_POINT('',(5.781306357098,-2.158150360804));
#2006 = CARTESIAN_POINT('',(5.914778994387,-2.087268046295));
#2007 = CARTESIAN_POINT('',(5.985889414276,-2.054601076136));
#2008 = CARTESIAN_POINT('',(6.058753227505,-2.027976024176));
#2009 = CARTESIAN_POINT('',(6.132869969617,-2.009389505423));
#2010 = CARTESIAN_POINT('',(6.207819128254,-2.));
#2011 = CARTESIAN_POINT('',(6.28318530718,-2.));
#2012 = ( GEOMETRIC_REPRESENTATION_CONTEXT(2) 
PARAMETRIC_REPRESENTATION_CONTEXT() REPRESENTATION_CONTEXT('2D SPACE',''
  ) );
#2013 = ORIENTED_EDGE('',*,*,#2014,.T.);
#2014 = EDGE_CURVE('',#1960,#1545,#2015,.T.);
#2015 = SURFACE_CURVE('',#2016,(#2029,#2045),.PCURVE_S1.);
#2016 = B_SPLINE_CURVE_WITH_KNOTS('',6,(#2017,#2018,#2019,#2020,#2021,
    #2022,#2023,#2024,#2025,#2026,#2027,#2028),.UNSPECIFIED.,.F.,.F.,(7,
    5,7),(0.,0.514602586804,1.),.UNSPECIFIED.);
#2017 = CARTESIAN_POINT('',(37.75,3.061616997868E-17,24.));
#2018 = CARTESIAN_POINT('',(37.75,0.433369104857,24.));
#2019 = CARTESIAN_POINT('',(37.710804748034,0.864324886412,
    23.990609907373));
#2020 = CARTESIAN_POINT('',(37.633235249031,1.286055573953,
    23.972023487018));
#2021 = CARTESIAN_POINT('',(37.520197560127,1.691971219331,
    23.945399223457));
#2022 = CARTESIAN_POINT('',(37.376607269027,2.076192840105,
    23.912732719527));
#2023 = CARTESIAN_POINT('',(37.051729357154,2.771517713655,
    23.841849459047));
#2024 = CARTESIAN_POINT('',(36.872220804652,3.087293698247,
    23.803873739419));
#2025 = CARTESIAN_POINT('',(36.674435985513,3.380963493699,
    23.763726553071));
#2026 = CARTESIAN_POINT('',(36.461425089609,3.652540117694,
    23.722670643447));
#2027 = CARTESIAN_POINT('',(36.235838930464,3.902300034457,
    23.681760984608));
#2028 = CARTESIAN_POINT('',(35.9999994,4.130678491483,23.641858962442));
#2029 = PCURVE('',#524,#2030);
#2030 = DEFINITIONAL_REPRESENTATION('',(#2031),#2044);
#2031 = B_SPLINE_CURVE_WITH_KNOTS('',6,(#2032,#2033,#2034,#2035,#2036,
    #2037,#2038,#2039,#2040,#2041,#2042,#2043),.UNSPECIFIED.,.F.,.F.,(7,
    5,7),(0.,0.514602586804,1.),.UNSPECIFIED.);
#2032 = CARTESIAN_POINT('',(-1.570796326795,-1.75));
#2033 = CARTESIAN_POINT('',(-1.552739280759,-1.75));
#2034 = CARTESIAN_POINT('',(-1.534782782004,-1.710804748034));
#2035 = CARTESIAN_POINT('',(-1.517200113002,-1.633235249031));
#2036 = CARTESIAN_POINT('',(-1.500255636163,-1.520197560127));
#2037 = CARTESIAN_POINT('',(-1.484190898645,-1.376607269027));
#2038 = CARTESIAN_POINT('',(-1.455068875777,-1.051729357154));
#2039 = CARTESIAN_POINT('',(-1.441818909202,-0.872220804652));
#2040 = CARTESIAN_POINT('',(-1.429471016611,-0.674435985513));
#2041 = CARTESIAN_POINT('',(-1.418028129438,-0.461425089609));
#2042 = CARTESIAN_POINT('',(-1.40748338525,-0.235838930464));
#2043 = CARTESIAN_POINT('',(-1.39782346564,5.999999999062E-07));
#2044 = ( GEOMETRIC_REPRESENTATION_CONTEXT(2) 
PARAMETRIC_REPRESENTATION_CONTEXT() REPRESENTATION_CONTEXT('2D SPACE',''
  ) );
#2045 = PCURVE('',#1993,#2046);
#2046 = DEFINITIONAL_REPRESENTATION('',(#2047),#2060);
#2047 = B_SPLINE_CURVE_WITH_KNOTS('',6,(#2048,#2049,#2050,#2051,#2052,
    #2053,#2054,#2055,#2056,#2057,#2058,#2059),.UNSPECIFIED.,.F.,.F.,(7,
    5,7),(0.,0.514602586804,1.),.UNSPECIFIED.);
#2048 = CARTESIAN_POINT('',(0.,-2.));
#2049 = CARTESIAN_POINT('',(7.536853997521E-02,-2.));
#2050 = CARTESIAN_POINT('',(0.150317341719,-2.009390092627));
#2051 = CARTESIAN_POINT('',(0.224432614038,-2.027976512982));
#2052 = CARTESIAN_POINT('',(0.29729493033,-2.054600776543));
#2053 = CARTESIAN_POINT('',(0.368404870735,-2.087267280473));
#2054 = CARTESIAN_POINT('',(0.501879289306,-2.158150540953));
#2055 = CARTESIAN_POINT('',(0.564849045014,-2.196126260581));
#2056 = CARTESIAN_POINT('',(0.626170457,-2.236273446929));
#2057 = CARTESIAN_POINT('',(0.685974064784,-2.277329356553));
#2058 = CARTESIAN_POINT('',(0.744374505706,-2.318239015392));
#2059 = CARTESIAN_POINT('',(0.801469128526,-2.358141037558));
#2060 = ( GEOMETRIC_REPRESENTATION_CONTEXT(2) 
PARAMETRIC_REPRESENTATION_CONTEXT() REPRESENTATION_CONTEXT('2D SPACE',''
  ) );
#2061 = ADVANCED_FACE('',(#2062,#2068),#578,.T.);
#2062 = FACE_BOUND('',#2063,.T.);
#2063 = EDGE_LOOP('',(#2064,#2065,#2066,#2067));
#2064 = ORIENTED_EDGE('',*,*,#562,.F.);
#2065 = ORIENTED_EDGE('',*,*,#638,.T.);
#2066 = ORIENTED_EDGE('',*,*,#714,.T.);
#2067 = ORIENTED_EDGE('',*,*,#687,.F.);
#2068 = FACE_BOUND('',#2069,.T.);
#2069 = EDGE_LOOP('',(#2070));
#2070 = ORIENTED_EDGE('',*,*,#2071,.F.);
#2071 = EDGE_CURVE('',#2072,#2072,#2074,.T.);
#2072 = VERTEX_POINT('',#2073);
#2073 = CARTESIAN_POINT('',(37.75,0.,25.));
#2074 = SURFACE_CURVE('',#2075,(#2080,#2087),.PCURVE_S1.);
#2075 = CIRCLE('',#2076,5.75);
#2076 = AXIS2_PLACEMENT_3D('',#2077,#2078,#2079);
#2077 = CARTESIAN_POINT('',(32.,0.,25.));
#2078 = DIRECTION('',(0.,0.,1.));
#2079 = DIRECTION('',(1.,0.,-0.));
#2080 = PCURVE('',#578,#2081);
#2081 = DEFINITIONAL_REPRESENTATION('',(#2082),#2086);
#2082 = CIRCLE('',#2083,5.75);
#2083 = AXIS2_PLACEMENT_2D('',#2084,#2085);
#2084 = CARTESIAN_POINT('',(12.,12.));
#2085 = DIRECTION('',(1.,0.));
#2086 = ( GEOMETRIC_REPRESENTATION_CONTEXT(2) 
PARAMETRIC_REPRESENTATION_CONTEXT() REPRESENTATION_CONTEXT('2D SPACE',''
  ) );
#2087 = PCURVE('',#1993,#2088);
#2088 = DEFINITIONAL_REPRESENTATION('',(#2089),#2093);
#2089 = LINE('',#2090,#2091);
#2090 = CARTESIAN_POINT('',(0.,-1.));
#2091 = VECTOR('',#2092,1.);
#2092 = DIRECTION('',(1.,0.));
#2093 = ( GEOMETRIC_REPRESENTATION_CONTEXT(2) 
PARAMETRIC_REPRESENTATION_CONTEXT() REPRESENTATION_CONTEXT('2D SPACE',''
  ) );
#2094 = ADVANCED_FACE('',(#2095,#2101),#779,.T.);
#2095 = FACE_BOUND('',#2096,.T.);
#2096 = EDGE_LOOP('',(#2097,#2098,#2099,#2100));
#2097 = ORIENTED_EDGE('',*,*,#763,.F.);
#2098 = ORIENTED_EDGE('',*,*,#839,.T.);
#2099 = ORIENTED_EDGE('',*,*,#915,.T.);
#2100 = ORIENTED_EDGE('',*,*,#888,.F.);
#2101 = FACE_BOUND('',#2102,.T.);
#2102 = EDGE_LOOP('',(#2103));
#2103 = ORIENTED_EDGE('',*,*,#2104,.F.);
#2104 = EDGE_CURVE('',#2105,#2105,#2107,.T.);
#2105 = VERTEX_POINT('',#2106);
#2106 = CARTESIAN_POINT('',(-26.25,0.,25.));
#2107 = SURFACE_CURVE('',#2108,(#2113,#2120),.PCURVE_S1.);
#2108 = CIRCLE('',#2109,5.75);
#2109 = AXIS2_PLACEMENT_3D('',#2110,#2111,#2112);
#2110 = CARTESIAN_POINT('',(-32.,0.,25.));
#2111 = DIRECTION('',(0.,0.,1.));
#2112 = DIRECTION('',(1.,0.,-0.));
#2113 = PCURVE('',#779,#2114);
#2114 = DEFINITIONAL_REPRESENTATION('',(#2115),#2119);
#2115 = CIRCLE('',#2116,5.75);
#2116 = AXIS2_PLACEMENT_2D('',#2117,#2118);
#2117 = CARTESIAN_POINT('',(12.,12.));
#2118 = DIRECTION('',(1.,0.));
#2119 = ( GEOMETRIC_REPRESENTATION_CONTEXT(2) 
PARAMETRIC_REPRESENTATION_CONTEXT() REPRESENTATION_CONTEXT('2D SPACE',''
  ) );
#2120 = PCURVE('',#1249,#2121);
#2121 = DEFINITIONAL_REPRESENTATION('',(#2122),#2126);
#2122 = LINE('',#2123,#2124);
#2123 = CARTESIAN_POINT('',(0.,-1.));
#2124 = VECTOR('',#2125,1.);
#2125 = DIRECTION('',(1.,0.));
#2126 = ( GEOMETRIC_REPRESENTATION_CONTEXT(2) 
PARAMETRIC_REPRESENTATION_CONTEXT() REPRESENTATION_CONTEXT('2D SPACE',''
  ) );
#2127 = ADVANCED_FACE('',(#2128,#2134,#2164,#2194,#2224),#1002,.F.);
#2128 = FACE_BOUND('',#2129,.F.);
#2129 = EDGE_LOOP('',(#2130,#2131,#2132,#2133));
#2130 = ORIENTED_EDGE('',*,*,#988,.F.);
#2131 = ORIENTED_EDGE('',*,*,#1042,.T.);
#2132 = ORIENTED_EDGE('',*,*,#1091,.T.);
#2133 = ORIENTED_EDGE('',*,*,#1118,.F.);
#2134 = FACE_BOUND('',#2135,.F.);
#2135 = EDGE_LOOP('',(#2136));
#2136 = ORIENTED_EDGE('',*,*,#2137,.T.);
#2137 = EDGE_CURVE('',#2138,#2138,#2140,.T.);
#2138 = VERTEX_POINT('',#2139);
#2139 = CARTESIAN_POINT('',(-31.6,-10.,-25.));
#2140 = SURFACE_CURVE('',#2141,(#2146,#2157),.PCURVE_S1.);
#2141 = CIRCLE('',#2142,3.4);
#2142 = AXIS2_PLACEMENT_3D('',#2143,#2144,#2145);
#2143 = CARTESIAN_POINT('',(-35.,-10.,-25.));
#2144 = DIRECTION('',(0.,0.,-1.));
#2145 = DIRECTION('',(1.,0.,0.));
#2146 = PCURVE('',#1002,#2147);
#2147 = DEFINITIONAL_REPRESENTATION('',(#2148),#2156);
#2148 = ( BOUNDED_CURVE() B_SPLINE_CURVE(2,(#2149,#2150,#2151,#2152,
#2153,#2154,#2155),.UNSPECIFIED.,.T.,.F.) B_SPLINE_CURVE_WITH_KNOTS((1,2
    ,2,2,2,1),(-2.094395102393,0.,2.094395102393,4.188790204786,
6.28318530718,8.377580409573),.UNSPECIFIED.) CURVE() 
GEOMETRIC_REPRESENTATION_ITEM() RATIONAL_B_SPLINE_CURVE((1.,0.5,1.,0.5,
1.,0.5,1.)) REPRESENTATION_ITEM('') );
#2149 = CARTESIAN_POINT('',(13.4,6.));
#2150 = CARTESIAN_POINT('',(13.4,0.111027254266));
#2151 = CARTESIAN_POINT('',(8.3,3.055513627133));
#2152 = CARTESIAN_POINT('',(3.2,6.));
#2153 = CARTESIAN_POINT('',(8.3,8.944486372867));
#2154 = CARTESIAN_POINT('',(13.4,11.888972745734));
#2155 = CARTESIAN_POINT('',(13.4,6.));
#2156 = ( GEOMETRIC_REPRESENTATION_CONTEXT(2) 
PARAMETRIC_REPRESENTATION_CONTEXT() REPRESENTATION_CONTEXT('2D SPACE',''
  ) );
#2157 = PCURVE('',#1368,#2158);
#2158 = DEFINITIONAL_REPRESENTATION('',(#2159),#2163);
#2159 = LINE('',#2160,#2161);
#2160 = CARTESIAN_POINT('',(-6.28318530718,-1.));
#2161 = VECTOR('',#2162,1.);
#2162 = DIRECTION('',(1.,-0.));
#2163 = ( GEOMETRIC_REPRESENTATION_CONTEXT(2) 
PARAMETRIC_REPRESENTATION_CONTEXT() REPRESENTATION_CONTEXT('2D SPACE',''
  ) );
#2164 = FACE_BOUND('',#2165,.F.);
#2165 = EDGE_LOOP('',(#2166));
#2166 = ORIENTED_EDGE('',*,*,#2167,.T.);
#2167 = EDGE_CURVE('',#2168,#2168,#2170,.T.);
#2168 = VERTEX_POINT('',#2169);
#2169 = CARTESIAN_POINT('',(38.4,-10.,-25.));
#2170 = SURFACE_CURVE('',#2171,(#2176,#2187),.PCURVE_S1.);
#2171 = CIRCLE('',#2172,3.4);
#2172 = AXIS2_PLACEMENT_3D('',#2173,#2174,#2175);
#2173 = CARTESIAN_POINT('',(35.,-10.,-25.));
#2174 = DIRECTION('',(0.,0.,-1.));
#2175 = DIRECTION('',(1.,0.,0.));
#2176 = PCURVE('',#1002,#2177);
#2177 = DEFINITIONAL_REPRESENTATION('',(#2178),#2186);
#2178 = ( BOUNDED_CURVE() B_SPLINE_CURVE(2,(#2179,#2180,#2181,#2182,
#2183,#2184,#2185),.UNSPECIFIED.,.T.,.F.) B_SPLINE_CURVE_WITH_KNOTS((1,2
    ,2,2,2,1),(-2.094395102393,0.,2.094395102393,4.188790204786,
6.28318530718,8.377580409573),.UNSPECIFIED.) CURVE() 
GEOMETRIC_REPRESENTATION_ITEM() RATIONAL_B_SPLINE_CURVE((1.,0.5,1.,0.5,
1.,0.5,1.)) REPRESENTATION_ITEM('') );
#2179 = CARTESIAN_POINT('',(83.4,6.));
#2180 = CARTESIAN_POINT('',(83.4,0.111027254266));
#2181 = CARTESIAN_POINT('',(78.3,3.055513627133));
#2182 = CARTESIAN_POINT('',(73.2,6.));
#2183 = CARTESIAN_POINT('',(78.3,8.944486372867));
#2184 = CARTESIAN_POINT('',(83.4,11.888972745734));
#2185 = CARTESIAN_POINT('',(83.4,6.));
#2186 = ( GEOMETRIC_REPRESENTATION_CONTEXT(2) 
PARAMETRIC_REPRESENTATION_CONTEXT() REPRESENTATION_CONTEXT('2D SPACE',''
  ) );
#2187 = PCURVE('',#1836,#2188);
#2188 = DEFINITIONAL_REPRESENTATION('',(#2189),#2193);
#2189 = LINE('',#2190,#2191);
#2190 = CARTESIAN_POINT('',(-6.28318530718,-1.));
#2191 = VECTOR('',#2192,1.);
#2192 = DIRECTION('',(1.,-0.));
#2193 = ( GEOMETRIC_REPRESENTATION_CONTEXT(2) 
PARAMETRIC_REPRESENTATION_CONTEXT() REPRESENTATION_CONTEXT('2D SPACE',''
  ) );
#2194 = FACE_BOUND('',#2195,.F.);
#2195 = EDGE_LOOP('',(#2196));
#2196 = ORIENTED_EDGE('',*,*,#2197,.T.);
#2197 = EDGE_CURVE('',#2198,#2198,#2200,.T.);
#2198 = VERTEX_POINT('',#2199);
#2199 = CARTESIAN_POINT('',(-31.6,10.,-25.));
#2200 = SURFACE_CURVE('',#2201,(#2206,#2217),.PCURVE_S1.);
#2201 = CIRCLE('',#2202,3.4);
#2202 = AXIS2_PLACEMENT_3D('',#2203,#2204,#2205);
#2203 = CARTESIAN_POINT('',(-35.,10.,-25.));
#2204 = DIRECTION('',(0.,0.,-1.));
#2205 = DIRECTION('',(1.,0.,0.));
#2206 = PCURVE('',#1002,#2207);
#2207 = DEFINITIONAL_REPRESENTATION('',(#2208),#2216);
#2208 = ( BOUNDED_CURVE() B_SPLINE_CURVE(2,(#2209,#2210,#2211,#2212,
#2213,#2214,#2215),.UNSPECIFIED.,.T.,.F.) B_SPLINE_CURVE_WITH_KNOTS((1,2
    ,2,2,2,1),(-2.094395102393,0.,2.094395102393,4.188790204786,
6.28318530718,8.377580409573),.UNSPECIFIED.) CURVE() 
GEOMETRIC_REPRESENTATION_ITEM() RATIONAL_B_SPLINE_CURVE((1.,0.5,1.,0.5,
1.,0.5,1.)) REPRESENTATION_ITEM('') );
#2209 = CARTESIAN_POINT('',(13.4,26.));
#2210 = CARTESIAN_POINT('',(13.4,20.111027254266));
#2211 = CARTESIAN_POINT('',(8.3,23.055513627133));
#2212 = CARTESIAN_POINT('',(3.2,26.));
#2213 = CARTESIAN_POINT('',(8.3,28.944486372867));
#2214 = CARTESIAN_POINT('',(13.4,31.888972745734));
#2215 = CARTESIAN_POINT('',(13.4,26.));
#2216 = ( GEOMETRIC_REPRESENTATION_CONTEXT(2) 
PARAMETRIC_REPRESENTATION_CONTEXT() REPRESENTATION_CONTEXT('2D SPACE',''
  ) );
#2217 = PCURVE('',#1484,#2218);
#2218 = DEFINITIONAL_REPRESENTATION('',(#2219),#2223);
#2219 = LINE('',#2220,#2221);
#2220 = CARTESIAN_POINT('',(-6.28318530718,-1.));
#2221 = VECTOR('',#2222,1.);
#2222 = DIRECTION('',(1.,-0.));
#2223 = ( GEOMETRIC_REPRESENTATION_CONTEXT(2) 
PARAMETRIC_REPRESENTATION_CONTEXT() REPRESENTATION_CONTEXT('2D SPACE',''
  ) );
#2224 = FACE_BOUND('',#2225,.F.);
#2225 = EDGE_LOOP('',(#2226));
#2226 = ORIENTED_EDGE('',*,*,#2227,.T.);
#2227 = EDGE_CURVE('',#2228,#2228,#2230,.T.);
#2228 = VERTEX_POINT('',#2229);
#2229 = CARTESIAN_POINT('',(38.4,10.,-25.));
#2230 = SURFACE_CURVE('',#2231,(#2236,#2247),.PCURVE_S1.);
#2231 = CIRCLE('',#2232,3.4);
#2232 = AXIS2_PLACEMENT_3D('',#2233,#2234,#2235);
#2233 = CARTESIAN_POINT('',(35.,10.,-25.));
#2234 = DIRECTION('',(0.,0.,-1.));
#2235 = DIRECTION('',(1.,0.,0.));
#2236 = PCURVE('',#1002,#2237);
#2237 = DEFINITIONAL_REPRESENTATION('',(#2238),#2246);
#2238 = ( BOUNDED_CURVE() B_SPLINE_CURVE(2,(#2239,#2240,#2241,#2242,
#2243,#2244,#2245),.UNSPECIFIED.,.T.,.F.) B_SPLINE_CURVE_WITH_KNOTS((1,2
    ,2,2,2,1),(-2.094395102393,0.,2.094395102393,4.188790204786,
6.28318530718,8.377580409573),.UNSPECIFIED.) CURVE() 
GEOMETRIC_REPRESENTATION_ITEM() RATIONAL_B_SPLINE_CURVE((1.,0.5,1.,0.5,
1.,0.5,1.)) REPRESENTATION_ITEM('') );
#2239 = CARTESIAN_POINT('',(83.4,26.));
#2240 = CARTESIAN_POINT('',(83.4,20.111027254266));
#2241 = CARTESIAN_POINT('',(78.3,23.055513627133));
#2242 = CARTESIAN_POINT('',(73.2,26.));
#2243 = CARTESIAN_POINT('',(78.3,28.944486372867));
#2244 = CARTESIAN_POINT('',(83.4,31.888972745734));
#2245 = CARTESIAN_POINT('',(83.4,26.));
#2246 = ( GEOMETRIC_REPRESENTATION_CONTEXT(2) 
PARAMETRIC_REPRESENTATION_CONTEXT() REPRESENTATION_CONTEXT('2D SPACE',''
  ) );
#2247 = PCURVE('',#1666,#2248);
#2248 = DEFINITIONAL_REPRESENTATION('',(#2249),#2253);
#2249 = LINE('',#2250,#2251);
#2250 = CARTESIAN_POINT('',(-6.28318530718,-1.));
#2251 = VECTOR('',#2252,1.);
#2252 = DIRECTION('',(1.,-0.));
#2253 = ( GEOMETRIC_REPRESENTATION_CONTEXT(2) 
PARAMETRIC_REPRESENTATION_CONTEXT() REPRESENTATION_CONTEXT('2D SPACE',''
  ) );
#2254 = ADVANCED_FACE('',(#2255,#2459),#1183,.F.);
#2255 = FACE_BOUND('',#2256,.F.);
#2256 = EDGE_LOOP('',(#2257,#2285,#2304,#2305,#2326,#2352,#2371,#2372,
    #2393,#2419,#2438,#2439,#2440));
#2257 = ORIENTED_EDGE('',*,*,#2258,.T.);
#2258 = EDGE_CURVE('',#2259,#2261,#2263,.T.);
#2259 = VERTEX_POINT('',#2260);
#2260 = CARTESIAN_POINT('',(-36.,4.130677910465,14.));
#2261 = VERTEX_POINT('',#2262);
#2262 = CARTESIAN_POINT('',(-36.,-4.130677910465,14.));
#2263 = SURFACE_CURVE('',#2264,(#2268,#2274),.PCURVE_S1.);
#2264 = LINE('',#2265,#2266);
#2265 = CARTESIAN_POINT('',(-36.,-4.443585383516E-16,14.));
#2266 = VECTOR('',#2267,1.);
#2267 = DIRECTION('',(0.,-1.,0.));
#2268 = PCURVE('',#1183,#2269);
#2269 = DEFINITIONAL_REPRESENTATION('',(#2270),#2273);
#2270 = B_SPLINE_CURVE_WITH_KNOTS('',1,(#2271,#2272),.UNSPECIFIED.,.F.,
  .F.,(2,2),(-5.75,5.75),.PIECEWISE_BEZIER_KNOTS.);
#2271 = CARTESIAN_POINT('',(14.,-5.75));
#2272 = CARTESIAN_POINT('',(14.,5.75));
#2273 = ( GEOMETRIC_REPRESENTATION_CONTEXT(2) 
PARAMETRIC_REPRESENTATION_CONTEXT() REPRESENTATION_CONTEXT('2D SPACE',''
  ) );
#2274 = PCURVE('',#2275,#2280);
#2275 = PLANE('',#2276);
#2276 = AXIS2_PLACEMENT_3D('',#2277,#2278,#2279);
#2277 = CARTESIAN_POINT('',(-32.,4.787230558362E-16,14.));
#2278 = DIRECTION('',(0.,0.,1.));
#2279 = DIRECTION('',(1.,0.,-0.));
#2280 = DEFINITIONAL_REPRESENTATION('',(#2281),#2284);
#2281 = B_SPLINE_CURVE_WITH_KNOTS('',1,(#2282,#2283),.UNSPECIFIED.,.F.,
  .F.,(2,2),(-5.75,5.75),.PIECEWISE_BEZIER_KNOTS.);
#2282 = CARTESIAN_POINT('',(-4.,5.75));
#2283 = CARTESIAN_POINT('',(-4.,-5.75));
#2284 = ( GEOMETRIC_REPRESENTATION_CONTEXT(2) 
PARAMETRIC_REPRESENTATION_CONTEXT() REPRESENTATION_CONTEXT('2D SPACE',''
  ) );
#2285 = ORIENTED_EDGE('',*,*,#2286,.T.);
#2286 = EDGE_CURVE('',#2261,#1196,#2287,.T.);
#2287 = SURFACE_CURVE('',#2288,(#2292,#2298),.PCURVE_S1.);
#2288 = LINE('',#2289,#2290);
#2289 = CARTESIAN_POINT('',(-36.,-4.130677910465,26.));
#2290 = VECTOR('',#2291,1.);
#2291 = DIRECTION('',(0.,0.,1.));
#2292 = PCURVE('',#1183,#2293);
#2293 = DEFINITIONAL_REPRESENTATION('',(#2294),#2297);
#2294 = B_SPLINE_CURVE_WITH_KNOTS('',1,(#2295,#2296),.UNSPECIFIED.,.F.,
  .F.,(2,2),(-12.0000006,5.999999999062E-07),.PIECEWISE_BEZIER_KNOTS.);
#2295 = CARTESIAN_POINT('',(13.9999994,4.130677910465));
#2296 = CARTESIAN_POINT('',(26.0000006,4.130677910465));
#2297 = ( GEOMETRIC_REPRESENTATION_CONTEXT(2) 
PARAMETRIC_REPRESENTATION_CONTEXT() REPRESENTATION_CONTEXT('2D SPACE',''
  ) );
#2298 = PCURVE('',#1249,#2299);
#2299 = DEFINITIONAL_REPRESENTATION('',(#2300),#2303);
#2300 = B_SPLINE_CURVE_WITH_KNOTS('',1,(#2301,#2302),.UNSPECIFIED.,.F.,
  .F.,(2,2),(-12.0000006,5.999999999062E-07),.PIECEWISE_BEZIER_KNOTS.);
#2301 = CARTESIAN_POINT('',(3.943061636862,-12.0000006));
#2302 = CARTESIAN_POINT('',(3.943061636862,5.999999999062E-07));
#2303 = ( GEOMETRIC_REPRESENTATION_CONTEXT(2) 
PARAMETRIC_REPRESENTATION_CONTEXT() REPRESENTATION_CONTEXT('2D SPACE',''
  ) );
#2304 = ORIENTED_EDGE('',*,*,#1280,.T.);
#2305 = ORIENTED_EDGE('',*,*,#2306,.F.);
#2306 = EDGE_CURVE('',#2307,#1281,#2309,.T.);
#2307 = VERTEX_POINT('',#2308);
#2308 = CARTESIAN_POINT('',(-36.,-13.24961536185,-12.));
#2309 = SURFACE_CURVE('',#2310,(#2314,#2320),.PCURVE_S1.);
#2310 = LINE('',#2311,#2312);
#2311 = CARTESIAN_POINT('',(-36.,-13.24961536185,-26.));
#2312 = VECTOR('',#2313,1.);
#2313 = DIRECTION('',(-0.,-0.,-1.));
#2314 = PCURVE('',#1183,#2315);
#2315 = DEFINITIONAL_REPRESENTATION('',(#2316),#2319);
#2316 = B_SPLINE_CURVE_WITH_KNOTS('',1,(#2317,#2318),.UNSPECIFIED.,.F.,
  .F.,(2,2),(-14.0000006,5.999999999062E-07),.PIECEWISE_BEZIER_KNOTS.);
#2317 = CARTESIAN_POINT('',(-11.9999994,13.249615361854));
#2318 = CARTESIAN_POINT('',(-26.0000006,13.249615361854));
#2319 = ( GEOMETRIC_REPRESENTATION_CONTEXT(2) 
PARAMETRIC_REPRESENTATION_CONTEXT() REPRESENTATION_CONTEXT('2D SPACE',''
  ) );
#2320 = PCURVE('',#1368,#2321);
#2321 = DEFINITIONAL_REPRESENTATION('',(#2322),#2325);
#2322 = B_SPLINE_CURVE_WITH_KNOTS('',1,(#2323,#2324),.UNSPECIFIED.,.F.,
  .F.,(2,2),(-14.0000006,5.999999999062E-07),.PIECEWISE_BEZIER_KNOTS.);
#2323 = CARTESIAN_POINT('',(-4.4138567792,-14.0000006));
#2324 = CARTESIAN_POINT('',(-4.4138567792,5.999999999062E-07));
#2325 = ( GEOMETRIC_REPRESENTATION_CONTEXT(2) 
PARAMETRIC_REPRESENTATION_CONTEXT() REPRESENTATION_CONTEXT('2D SPACE',''
  ) );
#2326 = ORIENTED_EDGE('',*,*,#2327,.F.);
#2327 = EDGE_CURVE('',#2328,#2307,#2330,.T.);
#2328 = VERTEX_POINT('',#2329);
#2329 = CARTESIAN_POINT('',(-36.,-6.750384638146,-12.));
#2330 = SURFACE_CURVE('',#2331,(#2335,#2341),.PCURVE_S1.);
#2331 = LINE('',#2332,#2333);
#2332 = CARTESIAN_POINT('',(-36.,-5.,-12.));
#2333 = VECTOR('',#2334,1.);
#2334 = DIRECTION('',(0.,-1.,0.));
#2335 = PCURVE('',#1183,#2336);
#2336 = DEFINITIONAL_REPRESENTATION('',(#2337),#2340);
#2337 = B_SPLINE_CURVE_WITH_KNOTS('',1,(#2338,#2339),.UNSPECIFIED.,.F.,
  .F.,(2,2),(1.6,8.4),.PIECEWISE_BEZIER_KNOTS.);
#2338 = CARTESIAN_POINT('',(-12.,6.6));
#2339 = CARTESIAN_POINT('',(-12.,13.4));
#2340 = ( GEOMETRIC_REPRESENTATION_CONTEXT(2) 
PARAMETRIC_REPRESENTATION_CONTEXT() REPRESENTATION_CONTEXT('2D SPACE',''
  ) );
#2341 = PCURVE('',#2342,#2347);
#2342 = PLANE('',#2343);
#2343 = AXIS2_PLACEMENT_3D('',#2344,#2345,#2346);
#2344 = CARTESIAN_POINT('',(-35.,-10.,-12.));
#2345 = DIRECTION('',(0.,0.,1.));
#2346 = DIRECTION('',(1.,0.,-0.));
#2347 = DEFINITIONAL_REPRESENTATION('',(#2348),#2351);
#2348 = B_SPLINE_CURVE_WITH_KNOTS('',1,(#2349,#2350),.UNSPECIFIED.,.F.,
  .F.,(2,2),(1.6,8.4),.PIECEWISE_BEZIER_KNOTS.);
#2349 = CARTESIAN_POINT('',(-1.,3.4));
#2350 = CARTESIAN_POINT('',(-1.,-3.4));
#2351 = ( GEOMETRIC_REPRESENTATION_CONTEXT(2) 
PARAMETRIC_REPRESENTATION_CONTEXT() REPRESENTATION_CONTEXT('2D SPACE',''
  ) );
#2352 = ORIENTED_EDGE('',*,*,#2353,.T.);
#2353 = EDGE_CURVE('',#2328,#1305,#2354,.T.);
#2354 = SURFACE_CURVE('',#2355,(#2359,#2365),.PCURVE_S1.);
#2355 = LINE('',#2356,#2357);
#2356 = CARTESIAN_POINT('',(-36.,-6.750384638146,-26.));
#2357 = VECTOR('',#2358,1.);
#2358 = DIRECTION('',(-0.,-0.,-1.));
#2359 = PCURVE('',#1183,#2360);
#2360 = DEFINITIONAL_REPRESENTATION('',(#2361),#2364);
#2361 = B_SPLINE_CURVE_WITH_KNOTS('',1,(#2362,#2363),.UNSPECIFIED.,.F.,
  .F.,(2,2),(-14.0000006,5.999999999062E-07),.PIECEWISE_BEZIER_KNOTS.);
#2362 = CARTESIAN_POINT('',(-11.9999994,6.750384638146));
#2363 = CARTESIAN_POINT('',(-26.0000006,6.750384638146));
#2364 = ( GEOMETRIC_REPRESENTATION_CONTEXT(2) 
PARAMETRIC_REPRESENTATION_CONTEXT() REPRESENTATION_CONTEXT('2D SPACE',''
  ) );
#2365 = PCURVE('',#1368,#2366);
#2366 = DEFINITIONAL_REPRESENTATION('',(#2367),#2370);
#2367 = B_SPLINE_CURVE_WITH_KNOTS('',1,(#2368,#2369),.UNSPECIFIED.,.F.,
  .F.,(2,2),(-14.0000006,5.999999999062E-07),.PIECEWISE_BEZIER_KNOTS.);
#2368 = CARTESIAN_POINT('',(-1.86932852798,-14.0000006));
#2369 = CARTESIAN_POINT('',(-1.86932852798,5.999999999062E-07));
#2370 = ( GEOMETRIC_REPRESENTATION_CONTEXT(2) 
PARAMETRIC_REPRESENTATION_CONTEXT() REPRESENTATION_CONTEXT('2D SPACE',''
  ) );
#2371 = ORIENTED_EDGE('',*,*,#1404,.T.);
#2372 = ORIENTED_EDGE('',*,*,#2373,.F.);
#2373 = EDGE_CURVE('',#2374,#1405,#2376,.T.);
#2374 = VERTEX_POINT('',#2375);
#2375 = CARTESIAN_POINT('',(-36.,6.750384638146,-12.));
#2376 = SURFACE_CURVE('',#2377,(#2381,#2387),.PCURVE_S1.);
#2377 = LINE('',#2378,#2379);
#2378 = CARTESIAN_POINT('',(-36.,6.750384638146,-26.));
#2379 = VECTOR('',#2380,1.);
#2380 = DIRECTION('',(-0.,-0.,-1.));
#2381 = PCURVE('',#1183,#2382);
#2382 = DEFINITIONAL_REPRESENTATION('',(#2383),#2386);
#2383 = B_SPLINE_CURVE_WITH_KNOTS('',1,(#2384,#2385),.UNSPECIFIED.,.F.,
  .F.,(2,2),(-14.0000006,5.999999999062E-07),.PIECEWISE_BEZIER_KNOTS.);
#2384 = CARTESIAN_POINT('',(-11.9999994,-6.750384638146));
#2385 = CARTESIAN_POINT('',(-26.0000006,-6.750384638146));
#2386 = ( GEOMETRIC_REPRESENTATION_CONTEXT(2) 
PARAMETRIC_REPRESENTATION_CONTEXT() REPRESENTATION_CONTEXT('2D SPACE',''
  ) );
#2387 = PCURVE('',#1484,#2388);
#2388 = DEFINITIONAL_REPRESENTATION('',(#2389),#2392);
#2389 = B_SPLINE_CURVE_WITH_KNOTS('',1,(#2390,#2391),.UNSPECIFIED.,.F.,
  .F.,(2,2),(-14.0000006,5.999999999062E-07),.PIECEWISE_BEZIER_KNOTS.);
#2390 = CARTESIAN_POINT('',(-4.4138567792,-14.0000006));
#2391 = CARTESIAN_POINT('',(-4.4138567792,5.999999999062E-07));
#2392 = ( GEOMETRIC_REPRESENTATION_CONTEXT(2) 
PARAMETRIC_REPRESENTATION_CONTEXT() REPRESENTATION_CONTEXT('2D SPACE',''
  ) );
#2393 = ORIENTED_EDGE('',*,*,#2394,.F.);
#2394 = EDGE_CURVE('',#2395,#2374,#2397,.T.);
#2395 = VERTEX_POINT('',#2396);
#2396 = CARTESIAN_POINT('',(-36.,13.249615361854,-12.));
#2397 = SURFACE_CURVE('',#2398,(#2402,#2408),.PCURVE_S1.);
#2398 = LINE('',#2399,#2400);
#2399 = CARTESIAN_POINT('',(-36.,5.,-12.));
#2400 = VECTOR('',#2401,1.);
#2401 = DIRECTION('',(0.,-1.,0.));
#2402 = PCURVE('',#1183,#2403);
#2403 = DEFINITIONAL_REPRESENTATION('',(#2404),#2407);
#2404 = B_SPLINE_CURVE_WITH_KNOTS('',1,(#2405,#2406),.UNSPECIFIED.,.F.,
  .F.,(2,2),(-8.4,-1.6),.PIECEWISE_BEZIER_KNOTS.);
#2405 = CARTESIAN_POINT('',(-12.,-13.4));
#2406 = CARTESIAN_POINT('',(-12.,-6.6));
#2407 = ( GEOMETRIC_REPRESENTATION_CONTEXT(2) 
PARAMETRIC_REPRESENTATION_CONTEXT() REPRESENTATION_CONTEXT('2D SPACE',''
  ) );
#2408 = PCURVE('',#2409,#2414);
#2409 = PLANE('',#2410);
#2410 = AXIS2_PLACEMENT_3D('',#2411,#2412,#2413);
#2411 = CARTESIAN_POINT('',(-35.,10.,-12.));
#2412 = DIRECTION('',(0.,0.,1.));
#2413 = DIRECTION('',(1.,0.,-0.));
#2414 = DEFINITIONAL_REPRESENTATION('',(#2415),#2418);
#2415 = B_SPLINE_CURVE_WITH_KNOTS('',1,(#2416,#2417),.UNSPECIFIED.,.F.,
  .F.,(2,2),(-8.4,-1.6),.PIECEWISE_BEZIER_KNOTS.);
#2416 = CARTESIAN_POINT('',(-1.,3.4));
#2417 = CARTESIAN_POINT('',(-1.,-3.4));
#2418 = ( GEOMETRIC_REPRESENTATION_CONTEXT(2) 
PARAMETRIC_REPRESENTATION_CONTEXT() REPRESENTATION_CONTEXT('2D SPACE',''
  ) );
#2419 = ORIENTED_EDGE('',*,*,#2420,.T.);
#2420 = EDGE_CURVE('',#2395,#1429,#2421,.T.);
#2421 = SURFACE_CURVE('',#2422,(#2426,#2432),.PCURVE_S1.);
#2422 = LINE('',#2423,#2424);
#2423 = CARTESIAN_POINT('',(-36.,13.249615361854,-26.));
#2424 = VECTOR('',#2425,1.);
#2425 = DIRECTION('',(-0.,-0.,-1.));
#2426 = PCURVE('',#1183,#2427);
#2427 = DEFINITIONAL_REPRESENTATION('',(#2428),#2431);
#2428 = B_SPLINE_CURVE_WITH_KNOTS('',1,(#2429,#2430),.UNSPECIFIED.,.F.,
  .F.,(2,2),(-14.0000006,5.999999999062E-07),.PIECEWISE_BEZIER_KNOTS.);
#2429 = CARTESIAN_POINT('',(-11.9999994,-13.24961536185));
#2430 = CARTESIAN_POINT('',(-26.0000006,-13.24961536185));
#2431 = ( GEOMETRIC_REPRESENTATION_CONTEXT(2) 
PARAMETRIC_REPRESENTATION_CONTEXT() REPRESENTATION_CONTEXT('2D SPACE',''
  ) );
#2432 = PCURVE('',#1484,#2433);
#2433 = DEFINITIONAL_REPRESENTATION('',(#2434),#2437);
#2434 = B_SPLINE_CURVE_WITH_KNOTS('',1,(#2435,#2436),.UNSPECIFIED.,.F.,
  .F.,(2,2),(-14.0000006,5.999999999062E-07),.PIECEWISE_BEZIER_KNOTS.);
#2435 = CARTESIAN_POINT('',(-1.86932852798,-14.0000006));
#2436 = CARTESIAN_POINT('',(-1.86932852798,5.999999999062E-07));
#2437 = ( GEOMETRIC_REPRESENTATION_CONTEXT(2) 
PARAMETRIC_REPRESENTATION_CONTEXT() REPRESENTATION_CONTEXT('2D SPACE',''
  ) );
#2438 = ORIENTED_EDGE('',*,*,#1516,.T.);
#2439 = ORIENTED_EDGE('',*,*,#1166,.T.);
#2440 = ORIENTED_EDGE('',*,*,#2441,.F.);
#2441 = EDGE_CURVE('',#2259,#1167,#2442,.T.);
#2442 = SURFACE_CURVE('',#2443,(#2447,#2453),.PCURVE_S1.);
#2443 = LINE('',#2444,#2445);
#2444 = CARTESIAN_POINT('',(-36.,4.130677910465,26.));
#2445 = VECTOR('',#2446,1.);
#2446 = DIRECTION('',(0.,0.,1.));
#2447 = PCURVE('',#1183,#2448);
#2448 = DEFINITIONAL_REPRESENTATION('',(#2449),#2452);
#2449 = B_SPLINE_CURVE_WITH_KNOTS('',1,(#2450,#2451),.UNSPECIFIED.,.F.,
  .F.,(2,2),(-12.0000006,5.999999999062E-07),.PIECEWISE_BEZIER_KNOTS.);
#2450 = CARTESIAN_POINT('',(13.9999994,-4.130677910465));
#2451 = CARTESIAN_POINT('',(26.0000006,-4.130677910465));
#2452 = ( GEOMETRIC_REPRESENTATION_CONTEXT(2) 
PARAMETRIC_REPRESENTATION_CONTEXT() REPRESENTATION_CONTEXT('2D SPACE',''
  ) );
#2453 = PCURVE('',#1249,#2454);
#2454 = DEFINITIONAL_REPRESENTATION('',(#2455),#2458);
#2455 = B_SPLINE_CURVE_WITH_KNOTS('',1,(#2456,#2457),.UNSPECIFIED.,.F.,
  .F.,(2,2),(-12.0000006,5.999999999062E-07),.PIECEWISE_BEZIER_KNOTS.);
#2456 = CARTESIAN_POINT('',(2.340123670318,-12.0000006));
#2457 = CARTESIAN_POINT('',(2.340123670318,5.999999999062E-07));
#2458 = ( GEOMETRIC_REPRESENTATION_CONTEXT(2) 
PARAMETRIC_REPRESENTATION_CONTEXT() REPRESENTATION_CONTEXT('2D SPACE',''
  ) );
#2459 = FACE_BOUND('',#2460,.F.);
#2460 = EDGE_LOOP('',(#2461));
#2461 = ORIENTED_EDGE('',*,*,#2462,.T.);
#2462 = EDGE_CURVE('',#2463,#2463,#2465,.T.);
#2463 = VERTEX_POINT('',#2464);
#2464 = CARTESIAN_POINT('',(-36.,12.5,0.));
#2465 = SURFACE_CURVE('',#2466,(#2471,#2482),.PCURVE_S1.);
#2466 = CIRCLE('',#2467,12.5);
#2467 = AXIS2_PLACEMENT_3D('',#2468,#2469,#2470);
#2468 = CARTESIAN_POINT('',(-36.,0.,0.));
#2469 = DIRECTION('',(-1.,0.,0.));
#2470 = DIRECTION('',(0.,1.,0.));
#2471 = PCURVE('',#1183,#2472);
#2472 = DEFINITIONAL_REPRESENTATION('',(#2473),#2481);
#2473 = ( BOUNDED_CURVE() B_SPLINE_CURVE(2,(#2474,#2475,#2476,#2477,
#2478,#2479,#2480),.UNSPECIFIED.,.T.,.F.) B_SPLINE_CURVE_WITH_KNOTS((1,2
    ,2,2,2,1),(-2.094395102393,0.,2.094395102393,4.188790204786,
6.28318530718,8.377580409573),.UNSPECIFIED.) CURVE() 
GEOMETRIC_REPRESENTATION_ITEM() RATIONAL_B_SPLINE_CURVE((1.,0.5,1.,0.5,
1.,0.5,1.)) REPRESENTATION_ITEM('') );
#2474 = CARTESIAN_POINT('',(6.80906842916E-17,-12.5));
#2475 = CARTESIAN_POINT('',(-21.65063509461,-12.5));
#2476 = CARTESIAN_POINT('',(-10.8253175473,6.25));
#2477 = CARTESIAN_POINT('',(-2.993526313577E-15,25.));
#2478 = CARTESIAN_POINT('',(10.825317547305,6.25));
#2479 = CARTESIAN_POINT('',(21.650635094611,-12.5));
#2480 = CARTESIAN_POINT('',(6.80906842916E-17,-12.5));
#2481 = ( GEOMETRIC_REPRESENTATION_CONTEXT(2) 
PARAMETRIC_REPRESENTATION_CONTEXT() REPRESENTATION_CONTEXT('2D SPACE',''
  ) );
#2482 = PCURVE('',#2483,#2488);
#2483 = CYLINDRICAL_SURFACE('',#2484,12.5);
#2484 = AXIS2_PLACEMENT_3D('',#2485,#2486,#2487);
#2485 = CARTESIAN_POINT('',(-51.,0.,0.));
#2486 = DIRECTION('',(-1.,-0.,-0.));
#2487 = DIRECTION('',(0.,1.,0.));
#2488 = DEFINITIONAL_REPRESENTATION('',(#2489),#2493);
#2489 = LINE('',#2490,#2491);
#2490 = CARTESIAN_POINT('',(-6.28318530718,-15.));
#2491 = VECTOR('',#2492,1.);
#2492 = DIRECTION('',(1.,-0.));
#2493 = ( GEOMETRIC_REPRESENTATION_CONTEXT(2) 
PARAMETRIC_REPRESENTATION_CONTEXT() REPRESENTATION_CONTEXT('2D SPACE',''
  ) );
#2494 = ADVANCED_FACE('',(#2495),#1484,.F.);
#2495 = FACE_BOUND('',#2496,.T.);
#2496 = EDGE_LOOP('',(#2497,#2498,#2521,#2543,#2544,#2545,#2546,#2568));
#2497 = ORIENTED_EDGE('',*,*,#2197,.T.);
#2498 = ORIENTED_EDGE('',*,*,#2499,.T.);
#2499 = EDGE_CURVE('',#2198,#2500,#2502,.T.);
#2500 = VERTEX_POINT('',#2501);
#2501 = CARTESIAN_POINT('',(-31.6,10.,-12.));
#2502 = SEAM_CURVE('',#2503,(#2507,#2514),.PCURVE_S1.);
#2503 = LINE('',#2504,#2505);
#2504 = CARTESIAN_POINT('',(-31.6,10.,-26.));
#2505 = VECTOR('',#2506,1.);
#2506 = DIRECTION('',(0.,0.,1.));
#2507 = PCURVE('',#1484,#2508);
#2508 = DEFINITIONAL_REPRESENTATION('',(#2509),#2513);
#2509 = LINE('',#2510,#2511);
#2510 = CARTESIAN_POINT('',(-6.28318530718,0.));
#2511 = VECTOR('',#2512,1.);
#2512 = DIRECTION('',(-0.,-1.));
#2513 = ( GEOMETRIC_REPRESENTATION_CONTEXT(2) 
PARAMETRIC_REPRESENTATION_CONTEXT() REPRESENTATION_CONTEXT('2D SPACE',''
  ) );
#2514 = PCURVE('',#1484,#2515);
#2515 = DEFINITIONAL_REPRESENTATION('',(#2516),#2520);
#2516 = LINE('',#2517,#2518);
#2517 = CARTESIAN_POINT('',(-0.,0.));
#2518 = VECTOR('',#2519,1.);
#2519 = DIRECTION('',(-0.,-1.));
#2520 = ( GEOMETRIC_REPRESENTATION_CONTEXT(2) 
PARAMETRIC_REPRESENTATION_CONTEXT() REPRESENTATION_CONTEXT('2D SPACE',''
  ) );
#2521 = ORIENTED_EDGE('',*,*,#2522,.T.);
#2522 = EDGE_CURVE('',#2500,#2395,#2523,.T.);
#2523 = SURFACE_CURVE('',#2524,(#2529,#2536),.PCURVE_S1.);
#2524 = CIRCLE('',#2525,3.4);
#2525 = AXIS2_PLACEMENT_3D('',#2526,#2527,#2528);
#2526 = CARTESIAN_POINT('',(-35.,10.,-12.));
#2527 = DIRECTION('',(0.,0.,1.));
#2528 = DIRECTION('',(1.,0.,0.));
#2529 = PCURVE('',#1484,#2530);
#2530 = DEFINITIONAL_REPRESENTATION('',(#2531),#2535);
#2531 = LINE('',#2532,#2533);
#2532 = CARTESIAN_POINT('',(-0.,-14.));
#2533 = VECTOR('',#2534,1.);
#2534 = DIRECTION('',(-1.,0.));
#2535 = ( GEOMETRIC_REPRESENTATION_CONTEXT(2) 
PARAMETRIC_REPRESENTATION_CONTEXT() REPRESENTATION_CONTEXT('2D SPACE',''
  ) );
#2536 = PCURVE('',#2409,#2537);
#2537 = DEFINITIONAL_REPRESENTATION('',(#2538),#2542);
#2538 = CIRCLE('',#2539,3.4);
#2539 = AXIS2_PLACEMENT_2D('',#2540,#2541);
#2540 = CARTESIAN_POINT('',(7.105427357601E-15,-1.7763568394E-15));
#2541 = DIRECTION('',(1.,0.));
#2542 = ( GEOMETRIC_REPRESENTATION_CONTEXT(2) 
PARAMETRIC_REPRESENTATION_CONTEXT() REPRESENTATION_CONTEXT('2D SPACE',''
  ) );
#2543 = ORIENTED_EDGE('',*,*,#2420,.T.);
#2544 = ORIENTED_EDGE('',*,*,#1428,.T.);
#2545 = ORIENTED_EDGE('',*,*,#2373,.F.);
#2546 = ORIENTED_EDGE('',*,*,#2547,.T.);
#2547 = EDGE_CURVE('',#2374,#2500,#2548,.T.);
#2548 = SURFACE_CURVE('',#2549,(#2554,#2561),.PCURVE_S1.);
#2549 = CIRCLE('',#2550,3.4);
#2550 = AXIS2_PLACEMENT_3D('',#2551,#2552,#2553);
#2551 = CARTESIAN_POINT('',(-35.,10.,-12.));
#2552 = DIRECTION('',(0.,0.,1.));
#2553 = DIRECTION('',(1.,0.,0.));
#2554 = PCURVE('',#1484,#2555);
#2555 = DEFINITIONAL_REPRESENTATION('',(#2556),#2560);
#2556 = LINE('',#2557,#2558);
#2557 = CARTESIAN_POINT('',(-0.,-14.));
#2558 = VECTOR('',#2559,1.);
#2559 = DIRECTION('',(-1.,0.));
#2560 = ( GEOMETRIC_REPRESENTATION_CONTEXT(2) 
PARAMETRIC_REPRESENTATION_CONTEXT() REPRESENTATION_CONTEXT('2D SPACE',''
  ) );
#2561 = PCURVE('',#2409,#2562);
#2562 = DEFINITIONAL_REPRESENTATION('',(#2563),#2567);
#2563 = CIRCLE('',#2564,3.4);
#2564 = AXIS2_PLACEMENT_2D('',#2565,#2566);
#2565 = CARTESIAN_POINT('',(7.105427357601E-15,-1.7763568394E-15));
#2566 = DIRECTION('',(1.,0.));
#2567 = ( GEOMETRIC_REPRESENTATION_CONTEXT(2) 
PARAMETRIC_REPRESENTATION_CONTEXT() REPRESENTATION_CONTEXT('2D SPACE',''
  ) );
#2568 = ORIENTED_EDGE('',*,*,#2499,.F.);
#2569 = ADVANCED_FACE('',(#2570),#1368,.F.);
#2570 = FACE_BOUND('',#2571,.T.);
#2571 = EDGE_LOOP('',(#2572,#2573,#2596,#2618,#2619,#2620,#2621,#2643));
#2572 = ORIENTED_EDGE('',*,*,#2137,.T.);
#2573 = ORIENTED_EDGE('',*,*,#2574,.T.);
#2574 = EDGE_CURVE('',#2138,#2575,#2577,.T.);
#2575 = VERTEX_POINT('',#2576);
#2576 = CARTESIAN_POINT('',(-31.6,-10.,-12.));
#2577 = SEAM_CURVE('',#2578,(#2582,#2589),.PCURVE_S1.);
#2578 = LINE('',#2579,#2580);
#2579 = CARTESIAN_POINT('',(-31.6,-10.,-26.));
#2580 = VECTOR('',#2581,1.);
#2581 = DIRECTION('',(0.,0.,1.));
#2582 = PCURVE('',#1368,#2583);
#2583 = DEFINITIONAL_REPRESENTATION('',(#2584),#2588);
#2584 = LINE('',#2585,#2586);
#2585 = CARTESIAN_POINT('',(-6.28318530718,0.));
#2586 = VECTOR('',#2587,1.);
#2587 = DIRECTION('',(-0.,-1.));
#2588 = ( GEOMETRIC_REPRESENTATION_CONTEXT(2) 
PARAMETRIC_REPRESENTATION_CONTEXT() REPRESENTATION_CONTEXT('2D SPACE',''
  ) );
#2589 = PCURVE('',#1368,#2590);
#2590 = DEFINITIONAL_REPRESENTATION('',(#2591),#2595);
#2591 = LINE('',#2592,#2593);
#2592 = CARTESIAN_POINT('',(-0.,0.));
#2593 = VECTOR('',#2594,1.);
#2594 = DIRECTION('',(-0.,-1.));
#2595 = ( GEOMETRIC_REPRESENTATION_CONTEXT(2) 
PARAMETRIC_REPRESENTATION_CONTEXT() REPRESENTATION_CONTEXT('2D SPACE',''
  ) );
#2596 = ORIENTED_EDGE('',*,*,#2597,.T.);
#2597 = EDGE_CURVE('',#2575,#2328,#2598,.T.);
#2598 = SURFACE_CURVE('',#2599,(#2604,#2611),.PCURVE_S1.);
#2599 = CIRCLE('',#2600,3.4);
#2600 = AXIS2_PLACEMENT_3D('',#2601,#2602,#2603);
#2601 = CARTESIAN_POINT('',(-35.,-10.,-12.));
#2602 = DIRECTION('',(0.,0.,1.));
#2603 = DIRECTION('',(1.,0.,0.));
#2604 = PCURVE('',#1368,#2605);
#2605 = DEFINITIONAL_REPRESENTATION('',(#2606),#2610);
#2606 = LINE('',#2607,#2608);
#2607 = CARTESIAN_POINT('',(-0.,-14.));
#2608 = VECTOR('',#2609,1.);
#2609 = DIRECTION('',(-1.,0.));
#2610 = ( GEOMETRIC_REPRESENTATION_CONTEXT(2) 
PARAMETRIC_REPRESENTATION_CONTEXT() REPRESENTATION_CONTEXT('2D SPACE',''
  ) );
#2611 = PCURVE('',#2342,#2612);
#2612 = DEFINITIONAL_REPRESENTATION('',(#2613),#2617);
#2613 = CIRCLE('',#2614,3.4);
#2614 = AXIS2_PLACEMENT_2D('',#2615,#2616);
#2615 = CARTESIAN_POINT('',(7.105427357601E-15,-1.7763568394E-15));
#2616 = DIRECTION('',(1.,0.));
#2617 = ( GEOMETRIC_REPRESENTATION_CONTEXT(2) 
PARAMETRIC_REPRESENTATION_CONTEXT() REPRESENTATION_CONTEXT('2D SPACE',''
  ) );
#2618 = ORIENTED_EDGE('',*,*,#2353,.T.);
#2619 = ORIENTED_EDGE('',*,*,#1304,.T.);
#2620 = ORIENTED_EDGE('',*,*,#2306,.F.);
#2621 = ORIENTED_EDGE('',*,*,#2622,.T.);
#2622 = EDGE_CURVE('',#2307,#2575,#2623,.T.);
#2623 = SURFACE_CURVE('',#2624,(#2629,#2636),.PCURVE_S1.);
#2624 = CIRCLE('',#2625,3.4);
#2625 = AXIS2_PLACEMENT_3D('',#2626,#2627,#2628);
#2626 = CARTESIAN_POINT('',(-35.,-10.,-12.));
#2627 = DIRECTION('',(0.,0.,1.));
#2628 = DIRECTION('',(1.,0.,0.));
#2629 = PCURVE('',#1368,#2630);
#2630 = DEFINITIONAL_REPRESENTATION('',(#2631),#2635);
#2631 = LINE('',#2632,#2633);
#2632 = CARTESIAN_POINT('',(-0.,-14.));
#2633 = VECTOR('',#2634,1.);
#2634 = DIRECTION('',(-1.,0.));
#2635 = ( GEOMETRIC_REPRESENTATION_CONTEXT(2) 
PARAMETRIC_REPRESENTATION_CONTEXT() REPRESENTATION_CONTEXT('2D SPACE',''
  ) );
#2636 = PCURVE('',#2342,#2637);
#2637 = DEFINITIONAL_REPRESENTATION('',(#2638),#2642);
#2638 = CIRCLE('',#2639,3.4);
#2639 = AXIS2_PLACEMENT_2D('',#2640,#2641);
#2640 = CARTESIAN_POINT('',(7.105427357601E-15,-1.7763568394E-15));
#2641 = DIRECTION('',(1.,0.));
#2642 = ( GEOMETRIC_REPRESENTATION_CONTEXT(2) 
PARAMETRIC_REPRESENTATION_CONTEXT() REPRESENTATION_CONTEXT('2D SPACE',''
  ) );
#2643 = ORIENTED_EDGE('',*,*,#2574,.F.);
#2644 = ADVANCED_FACE('',(#2645),#1249,.F.);
#2645 = FACE_BOUND('',#2646,.F.);
#2646 = EDGE_LOOP('',(#2647,#2648,#2671,#2693,#2694,#2695,#2696,#2718));
#2647 = ORIENTED_EDGE('',*,*,#2104,.F.);
#2648 = ORIENTED_EDGE('',*,*,#2649,.T.);
#2649 = EDGE_CURVE('',#2105,#2650,#2652,.T.);
#2650 = VERTEX_POINT('',#2651);
#2651 = CARTESIAN_POINT('',(-26.25,0.,14.));
#2652 = SEAM_CURVE('',#2653,(#2657,#2664),.PCURVE_S1.);
#2653 = LINE('',#2654,#2655);
#2654 = CARTESIAN_POINT('',(-26.25,0.,26.));
#2655 = VECTOR('',#2656,1.);
#2656 = DIRECTION('',(-0.,-0.,-1.));
#2657 = PCURVE('',#1249,#2658);
#2658 = DEFINITIONAL_REPRESENTATION('',(#2659),#2663);
#2659 = LINE('',#2660,#2661);
#2660 = CARTESIAN_POINT('',(6.28318530718,0.));
#2661 = VECTOR('',#2662,1.);
#2662 = DIRECTION('',(0.,-1.));
#2663 = ( GEOMETRIC_REPRESENTATION_CONTEXT(2) 
PARAMETRIC_REPRESENTATION_CONTEXT() REPRESENTATION_CONTEXT('2D SPACE',''
  ) );
#2664 = PCURVE('',#1249,#2665);
#2665 = DEFINITIONAL_REPRESENTATION('',(#2666),#2670);
#2666 = LINE('',#2667,#2668);
#2667 = CARTESIAN_POINT('',(0.,0.));
#2668 = VECTOR('',#2669,1.);
#2669 = DIRECTION('',(0.,-1.));
#2670 = ( GEOMETRIC_REPRESENTATION_CONTEXT(2) 
PARAMETRIC_REPRESENTATION_CONTEXT() REPRESENTATION_CONTEXT('2D SPACE',''
  ) );
#2671 = ORIENTED_EDGE('',*,*,#2672,.T.);
#2672 = EDGE_CURVE('',#2650,#2259,#2673,.T.);
#2673 = SURFACE_CURVE('',#2674,(#2679,#2686),.PCURVE_S1.);
#2674 = CIRCLE('',#2675,5.75);
#2675 = AXIS2_PLACEMENT_3D('',#2676,#2677,#2678);
#2676 = CARTESIAN_POINT('',(-32.,0.,14.));
#2677 = DIRECTION('',(0.,0.,1.));
#2678 = DIRECTION('',(1.,0.,0.));
#2679 = PCURVE('',#1249,#2680);
#2680 = DEFINITIONAL_REPRESENTATION('',(#2681),#2685);
#2681 = LINE('',#2682,#2683);
#2682 = CARTESIAN_POINT('',(0.,-12.));
#2683 = VECTOR('',#2684,1.);
#2684 = DIRECTION('',(1.,0.));
#2685 = ( GEOMETRIC_REPRESENTATION_CONTEXT(2) 
PARAMETRIC_REPRESENTATION_CONTEXT() REPRESENTATION_CONTEXT('2D SPACE',''
  ) );
#2686 = PCURVE('',#2275,#2687);
#2687 = DEFINITIONAL_REPRESENTATION('',(#2688),#2692);
#2688 = CIRCLE('',#2689,5.75);
#2689 = AXIS2_PLACEMENT_2D('',#2690,#2691);
#2690 = CARTESIAN_POINT('',(-3.552713678801E-15,-4.787230558362E-16));
#2691 = DIRECTION('',(1.,0.));
#2692 = ( GEOMETRIC_REPRESENTATION_CONTEXT(2) 
PARAMETRIC_REPRESENTATION_CONTEXT() REPRESENTATION_CONTEXT('2D SPACE',''
  ) );
#2693 = ORIENTED_EDGE('',*,*,#2441,.T.);
#2694 = ORIENTED_EDGE('',*,*,#1195,.T.);
#2695 = ORIENTED_EDGE('',*,*,#2286,.F.);
#2696 = ORIENTED_EDGE('',*,*,#2697,.T.);
#2697 = EDGE_CURVE('',#2261,#2650,#2698,.T.);
#2698 = SURFACE_CURVE('',#2699,(#2704,#2711),.PCURVE_S1.);
#2699 = CIRCLE('',#2700,5.75);
#2700 = AXIS2_PLACEMENT_3D('',#2701,#2702,#2703);
#2701 = CARTESIAN_POINT('',(-32.,0.,14.));
#2702 = DIRECTION('',(0.,0.,1.));
#2703 = DIRECTION('',(1.,0.,0.));
#2704 = PCURVE('',#1249,#2705);
#2705 = DEFINITIONAL_REPRESENTATION('',(#2706),#2710);
#2706 = LINE('',#2707,#2708);
#2707 = CARTESIAN_POINT('',(0.,-12.));
#2708 = VECTOR('',#2709,1.);
#2709 = DIRECTION('',(1.,0.));
#2710 = ( GEOMETRIC_REPRESENTATION_CONTEXT(2) 
PARAMETRIC_REPRESENTATION_CONTEXT() REPRESENTATION_CONTEXT('2D SPACE',''
  ) );
#2711 = PCURVE('',#2275,#2712);
#2712 = DEFINITIONAL_REPRESENTATION('',(#2713),#2717);
#2713 = CIRCLE('',#2714,5.75);
#2714 = AXIS2_PLACEMENT_2D('',#2715,#2716);
#2715 = CARTESIAN_POINT('',(-3.552713678801E-15,-4.787230558362E-16));
#2716 = DIRECTION('',(1.,0.));
#2717 = ( GEOMETRIC_REPRESENTATION_CONTEXT(2) 
PARAMETRIC_REPRESENTATION_CONTEXT() REPRESENTATION_CONTEXT('2D SPACE',''
  ) );
#2718 = ORIENTED_EDGE('',*,*,#2649,.F.);
#2719 = ADVANCED_FACE('',(#2720,#2924),#1561,.T.);
#2720 = FACE_BOUND('',#2721,.T.);
#2721 = EDGE_LOOP('',(#2722,#2750,#2769,#2770,#2791,#2817,#2836,#2837,
    #2858,#2884,#2903,#2904,#2905));
#2722 = ORIENTED_EDGE('',*,*,#2723,.T.);
#2723 = EDGE_CURVE('',#2724,#2726,#2728,.T.);
#2724 = VERTEX_POINT('',#2725);
#2725 = CARTESIAN_POINT('',(36.,4.130677910465,14.));
#2726 = VERTEX_POINT('',#2727);
#2727 = CARTESIAN_POINT('',(36.,-4.130677910465,14.));
#2728 = SURFACE_CURVE('',#2729,(#2733,#2739),.PCURVE_S1.);
#2729 = LINE('',#2730,#2731);
#2730 = CARTESIAN_POINT('',(36.,-4.443585383516E-16,14.));
#2731 = VECTOR('',#2732,1.);
#2732 = DIRECTION('',(0.,-1.,0.));
#2733 = PCURVE('',#1561,#2734);
#2734 = DEFINITIONAL_REPRESENTATION('',(#2735),#2738);
#2735 = B_SPLINE_CURVE_WITH_KNOTS('',1,(#2736,#2737),.UNSPECIFIED.,.F.,
  .F.,(2,2),(-5.75,5.75),.PIECEWISE_BEZIER_KNOTS.);
#2736 = CARTESIAN_POINT('',(14.,-5.75));
#2737 = CARTESIAN_POINT('',(14.,5.75));
#2738 = ( GEOMETRIC_REPRESENTATION_CONTEXT(2) 
PARAMETRIC_REPRESENTATION_CONTEXT() REPRESENTATION_CONTEXT('2D SPACE',''
  ) );
#2739 = PCURVE('',#2740,#2745);
#2740 = PLANE('',#2741);
#2741 = AXIS2_PLACEMENT_3D('',#2742,#2743,#2744);
#2742 = CARTESIAN_POINT('',(32.,4.787230558362E-16,14.));
#2743 = DIRECTION('',(0.,0.,1.));
#2744 = DIRECTION('',(1.,0.,-0.));
#2745 = DEFINITIONAL_REPRESENTATION('',(#2746),#2749);
#2746 = B_SPLINE_CURVE_WITH_KNOTS('',1,(#2747,#2748),.UNSPECIFIED.,.F.,
  .F.,(2,2),(-5.75,5.75),.PIECEWISE_BEZIER_KNOTS.);
#2747 = CARTESIAN_POINT('',(4.,5.75));
#2748 = CARTESIAN_POINT('',(4.,-5.75));
#2749 = ( GEOMETRIC_REPRESENTATION_CONTEXT(2) 
PARAMETRIC_REPRESENTATION_CONTEXT() REPRESENTATION_CONTEXT('2D SPACE',''
  ) );
#2750 = ORIENTED_EDGE('',*,*,#2751,.T.);
#2751 = EDGE_CURVE('',#2726,#1936,#2752,.T.);
#2752 = SURFACE_CURVE('',#2753,(#2757,#2763),.PCURVE_S1.);
#2753 = LINE('',#2754,#2755);
#2754 = CARTESIAN_POINT('',(36.,-4.130677910465,26.));
#2755 = VECTOR('',#2756,1.);
#2756 = DIRECTION('',(0.,0.,1.));
#2757 = PCURVE('',#1561,#2758);
#2758 = DEFINITIONAL_REPRESENTATION('',(#2759),#2762);
#2759 = B_SPLINE_CURVE_WITH_KNOTS('',1,(#2760,#2761),.UNSPECIFIED.,.F.,
  .F.,(2,2),(-12.0000006,5.999999999062E-07),.PIECEWISE_BEZIER_KNOTS.);
#2760 = CARTESIAN_POINT('',(13.9999994,4.130677910465));
#2761 = CARTESIAN_POINT('',(26.0000006,4.130677910465));
#2762 = ( GEOMETRIC_REPRESENTATION_CONTEXT(2) 
PARAMETRIC_REPRESENTATION_CONTEXT() REPRESENTATION_CONTEXT('2D SPACE',''
  ) );
#2763 = PCURVE('',#1993,#2764);
#2764 = DEFINITIONAL_REPRESENTATION('',(#2765),#2768);
#2765 = B_SPLINE_CURVE_WITH_KNOTS('',1,(#2766,#2767),.UNSPECIFIED.,.F.,
  .F.,(2,2),(-12.0000006,5.999999999062E-07),.PIECEWISE_BEZIER_KNOTS.);
#2766 = CARTESIAN_POINT('',(5.481716323908,-12.0000006));
#2767 = CARTESIAN_POINT('',(5.481716323908,5.999999999062E-07));
#2768 = ( GEOMETRIC_REPRESENTATION_CONTEXT(2) 
PARAMETRIC_REPRESENTATION_CONTEXT() REPRESENTATION_CONTEXT('2D SPACE',''
  ) );
#2769 = ORIENTED_EDGE('',*,*,#1935,.T.);
#2770 = ORIENTED_EDGE('',*,*,#2771,.F.);
#2771 = EDGE_CURVE('',#2772,#1868,#2774,.T.);
#2772 = VERTEX_POINT('',#2773);
#2773 = CARTESIAN_POINT('',(36.,-13.24961536185,-12.));
#2774 = SURFACE_CURVE('',#2775,(#2779,#2785),.PCURVE_S1.);
#2775 = LINE('',#2776,#2777);
#2776 = CARTESIAN_POINT('',(36.,-13.24961536185,-26.));
#2777 = VECTOR('',#2778,1.);
#2778 = DIRECTION('',(-0.,-0.,-1.));
#2779 = PCURVE('',#1561,#2780);
#2780 = DEFINITIONAL_REPRESENTATION('',(#2781),#2784);
#2781 = B_SPLINE_CURVE_WITH_KNOTS('',1,(#2782,#2783),.UNSPECIFIED.,.F.,
  .F.,(2,2),(-14.0000006,5.999999999062E-07),.PIECEWISE_BEZIER_KNOTS.);
#2782 = CARTESIAN_POINT('',(-11.9999994,13.249615361854));
#2783 = CARTESIAN_POINT('',(-26.0000006,13.249615361854));
#2784 = ( GEOMETRIC_REPRESENTATION_CONTEXT(2) 
PARAMETRIC_REPRESENTATION_CONTEXT() REPRESENTATION_CONTEXT('2D SPACE',''
  ) );
#2785 = PCURVE('',#1836,#2786);
#2786 = DEFINITIONAL_REPRESENTATION('',(#2787),#2790);
#2787 = B_SPLINE_CURVE_WITH_KNOTS('',1,(#2788,#2789),.UNSPECIFIED.,.F.,
  .F.,(2,2),(-14.0000006,5.999999999062E-07),.PIECEWISE_BEZIER_KNOTS.);
#2788 = CARTESIAN_POINT('',(-5.01092118157,-14.0000006));
#2789 = CARTESIAN_POINT('',(-5.01092118157,5.999999999062E-07));
#2790 = ( GEOMETRIC_REPRESENTATION_CONTEXT(2) 
PARAMETRIC_REPRESENTATION_CONTEXT() REPRESENTATION_CONTEXT('2D SPACE',''
  ) );
#2791 = ORIENTED_EDGE('',*,*,#2792,.F.);
#2792 = EDGE_CURVE('',#2793,#2772,#2795,.T.);
#2793 = VERTEX_POINT('',#2794);
#2794 = CARTESIAN_POINT('',(36.,-6.750384638146,-12.));
#2795 = SURFACE_CURVE('',#2796,(#2800,#2806),.PCURVE_S1.);
#2796 = LINE('',#2797,#2798);
#2797 = CARTESIAN_POINT('',(36.,-5.,-12.));
#2798 = VECTOR('',#2799,1.);
#2799 = DIRECTION('',(0.,-1.,0.));
#2800 = PCURVE('',#1561,#2801);
#2801 = DEFINITIONAL_REPRESENTATION('',(#2802),#2805);
#2802 = B_SPLINE_CURVE_WITH_KNOTS('',1,(#2803,#2804),.UNSPECIFIED.,.F.,
  .F.,(2,2),(1.6,8.4),.PIECEWISE_BEZIER_KNOTS.);
#2803 = CARTESIAN_POINT('',(-12.,6.6));
#2804 = CARTESIAN_POINT('',(-12.,13.4));
#2805 = ( GEOMETRIC_REPRESENTATION_CONTEXT(2) 
PARAMETRIC_REPRESENTATION_CONTEXT() REPRESENTATION_CONTEXT('2D SPACE',''
  ) );
#2806 = PCURVE('',#2807,#2812);
#2807 = PLANE('',#2808);
#2808 = AXIS2_PLACEMENT_3D('',#2809,#2810,#2811);
#2809 = CARTESIAN_POINT('',(35.,-10.,-12.));
#2810 = DIRECTION('',(0.,0.,1.));
#2811 = DIRECTION('',(1.,0.,-0.));
#2812 = DEFINITIONAL_REPRESENTATION('',(#2813),#2816);
#2813 = B_SPLINE_CURVE_WITH_KNOTS('',1,(#2814,#2815),.UNSPECIFIED.,.F.,
  .F.,(2,2),(1.6,8.4),.PIECEWISE_BEZIER_KNOTS.);
#2814 = CARTESIAN_POINT('',(1.,3.4));
#2815 = CARTESIAN_POINT('',(1.,-3.4));
#2816 = ( GEOMETRIC_REPRESENTATION_CONTEXT(2) 
PARAMETRIC_REPRESENTATION_CONTEXT() REPRESENTATION_CONTEXT('2D SPACE',''
  ) );
#2817 = ORIENTED_EDGE('',*,*,#2818,.T.);
#2818 = EDGE_CURVE('',#2793,#1759,#2819,.T.);
#2819 = SURFACE_CURVE('',#2820,(#2824,#2830),.PCURVE_S1.);
#2820 = LINE('',#2821,#2822);
#2821 = CARTESIAN_POINT('',(36.,-6.750384638146,-26.));
#2822 = VECTOR('',#2823,1.);
#2823 = DIRECTION('',(-0.,-0.,-1.));
#2824 = PCURVE('',#1561,#2825);
#2825 = DEFINITIONAL_REPRESENTATION('',(#2826),#2829);
#2826 = B_SPLINE_CURVE_WITH_KNOTS('',1,(#2827,#2828),.UNSPECIFIED.,.F.,
  .F.,(2,2),(-14.0000006,5.999999999062E-07),.PIECEWISE_BEZIER_KNOTS.);
#2827 = CARTESIAN_POINT('',(-11.9999994,6.750384638146));
#2828 = CARTESIAN_POINT('',(-26.0000006,6.750384638146));
#2829 = ( GEOMETRIC_REPRESENTATION_CONTEXT(2) 
PARAMETRIC_REPRESENTATION_CONTEXT() REPRESENTATION_CONTEXT('2D SPACE',''
  ) );
#2830 = PCURVE('',#1836,#2831);
#2831 = DEFINITIONAL_REPRESENTATION('',(#2832),#2835);
#2832 = B_SPLINE_CURVE_WITH_KNOTS('',1,(#2833,#2834),.UNSPECIFIED.,.F.,
  .F.,(2,2),(-14.0000006,5.999999999062E-07),.PIECEWISE_BEZIER_KNOTS.);
#2833 = CARTESIAN_POINT('',(-1.27226412561,-14.0000006));
#2834 = CARTESIAN_POINT('',(-1.27226412561,5.999999999062E-07));
#2835 = ( GEOMETRIC_REPRESENTATION_CONTEXT(2) 
PARAMETRIC_REPRESENTATION_CONTEXT() REPRESENTATION_CONTEXT('2D SPACE',''
  ) );
#2836 = ORIENTED_EDGE('',*,*,#1758,.T.);
#2837 = ORIENTED_EDGE('',*,*,#2838,.F.);
#2838 = EDGE_CURVE('',#2839,#1694,#2841,.T.);
#2839 = VERTEX_POINT('',#2840);
#2840 = CARTESIAN_POINT('',(36.,6.750384638146,-12.));
#2841 = SURFACE_CURVE('',#2842,(#2846,#2852),.PCURVE_S1.);
#2842 = LINE('',#2843,#2844);
#2843 = CARTESIAN_POINT('',(36.,6.750384638146,-26.));
#2844 = VECTOR('',#2845,1.);
#2845 = DIRECTION('',(-0.,-0.,-1.));
#2846 = PCURVE('',#1561,#2847);
#2847 = DEFINITIONAL_REPRESENTATION('',(#2848),#2851);
#2848 = B_SPLINE_CURVE_WITH_KNOTS('',1,(#2849,#2850),.UNSPECIFIED.,.F.,
  .F.,(2,2),(-14.0000006,5.999999999062E-07),.PIECEWISE_BEZIER_KNOTS.);
#2849 = CARTESIAN_POINT('',(-11.9999994,-6.750384638146));
#2850 = CARTESIAN_POINT('',(-26.0000006,-6.750384638146));
#2851 = ( GEOMETRIC_REPRESENTATION_CONTEXT(2) 
PARAMETRIC_REPRESENTATION_CONTEXT() REPRESENTATION_CONTEXT('2D SPACE',''
  ) );
#2852 = PCURVE('',#1666,#2853);
#2853 = DEFINITIONAL_REPRESENTATION('',(#2854),#2857);
#2854 = B_SPLINE_CURVE_WITH_KNOTS('',1,(#2855,#2856),.UNSPECIFIED.,.F.,
  .F.,(2,2),(-14.0000006,5.999999999062E-07),.PIECEWISE_BEZIER_KNOTS.);
#2855 = CARTESIAN_POINT('',(-5.01092118157,-14.0000006));
#2856 = CARTESIAN_POINT('',(-5.01092118157,5.999999999062E-07));
#2857 = ( GEOMETRIC_REPRESENTATION_CONTEXT(2) 
PARAMETRIC_REPRESENTATION_CONTEXT() REPRESENTATION_CONTEXT('2D SPACE',''
  ) );
#2858 = ORIENTED_EDGE('',*,*,#2859,.F.);
#2859 = EDGE_CURVE('',#2860,#2839,#2862,.T.);
#2860 = VERTEX_POINT('',#2861);
#2861 = CARTESIAN_POINT('',(36.,13.249615361854,-12.));
#2862 = SURFACE_CURVE('',#2863,(#2867,#2873),.PCURVE_S1.);
#2863 = LINE('',#2864,#2865);
#2864 = CARTESIAN_POINT('',(36.,5.,-12.));
#2865 = VECTOR('',#2866,1.);
#2866 = DIRECTION('',(0.,-1.,0.));
#2867 = PCURVE('',#1561,#2868);
#2868 = DEFINITIONAL_REPRESENTATION('',(#2869),#2872);
#2869 = B_SPLINE_CURVE_WITH_KNOTS('',1,(#2870,#2871),.UNSPECIFIED.,.F.,
  .F.,(2,2),(-8.4,-1.6),.PIECEWISE_BEZIER_KNOTS.);
#2870 = CARTESIAN_POINT('',(-12.,-13.4));
#2871 = CARTESIAN_POINT('',(-12.,-6.6));
#2872 = ( GEOMETRIC_REPRESENTATION_CONTEXT(2) 
PARAMETRIC_REPRESENTATION_CONTEXT() REPRESENTATION_CONTEXT('2D SPACE',''
  ) );
#2873 = PCURVE('',#2874,#2879);
#2874 = PLANE('',#2875);
#2875 = AXIS2_PLACEMENT_3D('',#2876,#2877,#2878);
#2876 = CARTESIAN_POINT('',(35.,10.,-12.));
#2877 = DIRECTION('',(0.,0.,1.));
#2878 = DIRECTION('',(1.,0.,-0.));
#2879 = DEFINITIONAL_REPRESENTATION('',(#2880),#2883);
#2880 = B_SPLINE_CURVE_WITH_KNOTS('',1,(#2881,#2882),.UNSPECIFIED.,.F.,
  .F.,(2,2),(-8.4,-1.6),.PIECEWISE_BEZIER_KNOTS.);
#2881 = CARTESIAN_POINT('',(1.,3.4));
#2882 = CARTESIAN_POINT('',(1.,-3.4));
#2883 = ( GEOMETRIC_REPRESENTATION_CONTEXT(2) 
PARAMETRIC_REPRESENTATION_CONTEXT() REPRESENTATION_CONTEXT('2D SPACE',''
  ) );
#2884 = ORIENTED_EDGE('',*,*,#2885,.T.);
#2885 = EDGE_CURVE('',#2860,#1597,#2886,.T.);
#2886 = SURFACE_CURVE('',#2887,(#2891,#2897),.PCURVE_S1.);
#2887 = LINE('',#2888,#2889);
#2888 = CARTESIAN_POINT('',(36.,13.249615361854,-26.));
#2889 = VECTOR('',#2890,1.);
#2890 = DIRECTION('',(-0.,-0.,-1.));
#2891 = PCURVE('',#1561,#2892);
#2892 = DEFINITIONAL_REPRESENTATION('',(#2893),#2896);
#2893 = B_SPLINE_CURVE_WITH_KNOTS('',1,(#2894,#2895),.UNSPECIFIED.,.F.,
  .F.,(2,2),(-14.0000006,5.999999999062E-07),.PIECEWISE_BEZIER_KNOTS.);
#2894 = CARTESIAN_POINT('',(-11.9999994,-13.24961536185));
#2895 = CARTESIAN_POINT('',(-26.0000006,-13.24961536185));
#2896 = ( GEOMETRIC_REPRESENTATION_CONTEXT(2) 
PARAMETRIC_REPRESENTATION_CONTEXT() REPRESENTATION_CONTEXT('2D SPACE',''
  ) );
#2897 = PCURVE('',#1666,#2898);
#2898 = DEFINITIONAL_REPRESENTATION('',(#2899),#2902);
#2899 = B_SPLINE_CURVE_WITH_KNOTS('',1,(#2900,#2901),.UNSPECIFIED.,.F.,
  .F.,(2,2),(-14.0000006,5.999999999062E-07),.PIECEWISE_BEZIER_KNOTS.);
#2900 = CARTESIAN_POINT('',(-1.27226412561,-14.0000006));
#2901 = CARTESIAN_POINT('',(-1.27226412561,5.999999999062E-07));
#2902 = ( GEOMETRIC_REPRESENTATION_CONTEXT(2) 
PARAMETRIC_REPRESENTATION_CONTEXT() REPRESENTATION_CONTEXT('2D SPACE',''
  ) );
#2903 = ORIENTED_EDGE('',*,*,#1596,.T.);
#2904 = ORIENTED_EDGE('',*,*,#1542,.T.);
#2905 = ORIENTED_EDGE('',*,*,#2906,.F.);
#2906 = EDGE_CURVE('',#2724,#1545,#2907,.T.);
#2907 = SURFACE_CURVE('',#2908,(#2912,#2918),.PCURVE_S1.);
#2908 = LINE('',#2909,#2910);
#2909 = CARTESIAN_POINT('',(36.,4.130677910465,26.));
#2910 = VECTOR('',#2911,1.);
#2911 = DIRECTION('',(0.,0.,1.));
#2912 = PCURVE('',#1561,#2913);
#2913 = DEFINITIONAL_REPRESENTATION('',(#2914),#2917);
#2914 = B_SPLINE_CURVE_WITH_KNOTS('',1,(#2915,#2916),.UNSPECIFIED.,.F.,
  .F.,(2,2),(-12.0000006,5.999999999062E-07),.PIECEWISE_BEZIER_KNOTS.);
#2915 = CARTESIAN_POINT('',(13.9999994,-4.130677910465));
#2916 = CARTESIAN_POINT('',(26.0000006,-4.130677910465));
#2917 = ( GEOMETRIC_REPRESENTATION_CONTEXT(2) 
PARAMETRIC_REPRESENTATION_CONTEXT() REPRESENTATION_CONTEXT('2D SPACE',''
  ) );
#2918 = PCURVE('',#1993,#2919);
#2919 = DEFINITIONAL_REPRESENTATION('',(#2920),#2923);
#2920 = B_SPLINE_CURVE_WITH_KNOTS('',1,(#2921,#2922),.UNSPECIFIED.,.F.,
  .F.,(2,2),(-12.0000006,5.999999999062E-07),.PIECEWISE_BEZIER_KNOTS.);
#2921 = CARTESIAN_POINT('',(0.801468983272,-12.0000006));
#2922 = CARTESIAN_POINT('',(0.801468983272,5.999999999062E-07));
#2923 = ( GEOMETRIC_REPRESENTATION_CONTEXT(2) 
PARAMETRIC_REPRESENTATION_CONTEXT() REPRESENTATION_CONTEXT('2D SPACE',''
  ) );
#2924 = FACE_BOUND('',#2925,.T.);
#2925 = EDGE_LOOP('',(#2926));
#2926 = ORIENTED_EDGE('',*,*,#2927,.T.);
#2927 = EDGE_CURVE('',#2928,#2928,#2930,.T.);
#2928 = VERTEX_POINT('',#2929);
#2929 = CARTESIAN_POINT('',(36.,12.5,0.));
#2930 = SURFACE_CURVE('',#2931,(#2936,#2947),.PCURVE_S1.);
#2931 = CIRCLE('',#2932,12.5);
#2932 = AXIS2_PLACEMENT_3D('',#2933,#2934,#2935);
#2933 = CARTESIAN_POINT('',(36.,0.,0.));
#2934 = DIRECTION('',(-1.,0.,0.));
#2935 = DIRECTION('',(0.,1.,0.));
#2936 = PCURVE('',#1561,#2937);
#2937 = DEFINITIONAL_REPRESENTATION('',(#2938),#2946);
#2938 = ( BOUNDED_CURVE() B_SPLINE_CURVE(2,(#2939,#2940,#2941,#2942,
#2943,#2944,#2945),.UNSPECIFIED.,.T.,.F.) B_SPLINE_CURVE_WITH_KNOTS((1,2
    ,2,2,2,1),(-2.094395102393,0.,2.094395102393,4.188790204786,
6.28318530718,8.377580409573),.UNSPECIFIED.) CURVE() 
GEOMETRIC_REPRESENTATION_ITEM() RATIONAL_B_SPLINE_CURVE((1.,0.5,1.,0.5,
1.,0.5,1.)) REPRESENTATION_ITEM('') );
#2939 = CARTESIAN_POINT('',(6.80906842916E-17,-12.5));
#2940 = CARTESIAN_POINT('',(-21.65063509461,-12.5));
#2941 = CARTESIAN_POINT('',(-10.8253175473,6.25));
#2942 = CARTESIAN_POINT('',(-2.993526313577E-15,25.));
#2943 = CARTESIAN_POINT('',(10.825317547305,6.25));
#2944 = CARTESIAN_POINT('',(21.650635094611,-12.5));
#2945 = CARTESIAN_POINT('',(6.80906842916E-17,-12.5));
#2946 = ( GEOMETRIC_REPRESENTATION_CONTEXT(2) 
PARAMETRIC_REPRESENTATION_CONTEXT() REPRESENTATION_CONTEXT('2D SPACE',''
  ) );
#2947 = PCURVE('',#2483,#2948);
#2948 = DEFINITIONAL_REPRESENTATION('',(#2949),#2953);
#2949 = LINE('',#2950,#2951);
#2950 = CARTESIAN_POINT('',(-6.28318530718,-87.));
#2951 = VECTOR('',#2952,1.);
#2952 = DIRECTION('',(1.,-0.));
#2953 = ( GEOMETRIC_REPRESENTATION_CONTEXT(2) 
PARAMETRIC_REPRESENTATION_CONTEXT() REPRESENTATION_CONTEXT('2D SPACE',''
  ) );
#2954 = ADVANCED_FACE('',(#2955),#1993,.F.);
#2955 = FACE_BOUND('',#2956,.F.);
#2956 = EDGE_LOOP('',(#2957,#2958,#2979,#2980,#2981,#3003,#3004,#3005));
#2957 = ORIENTED_EDGE('',*,*,#2071,.F.);
#2958 = ORIENTED_EDGE('',*,*,#2959,.T.);
#2959 = EDGE_CURVE('',#2072,#1960,#2960,.T.);
#2960 = SEAM_CURVE('',#2961,(#2965,#2972),.PCURVE_S1.);
#2961 = LINE('',#2962,#2963);
#2962 = CARTESIAN_POINT('',(37.75,0.,26.));
#2963 = VECTOR('',#2964,1.);
#2964 = DIRECTION('',(-0.,-0.,-1.));
#2965 = PCURVE('',#1993,#2966);
#2966 = DEFINITIONAL_REPRESENTATION('',(#2967),#2971);
#2967 = LINE('',#2968,#2969);
#2968 = CARTESIAN_POINT('',(6.28318530718,0.));
#2969 = VECTOR('',#2970,1.);
#2970 = DIRECTION('',(0.,-1.));
#2971 = ( GEOMETRIC_REPRESENTATION_CONTEXT(2) 
PARAMETRIC_REPRESENTATION_CONTEXT() REPRESENTATION_CONTEXT('2D SPACE',''
  ) );
#2972 = PCURVE('',#1993,#2973);
#2973 = DEFINITIONAL_REPRESENTATION('',(#2974),#2978);
#2974 = LINE('',#2975,#2976);
#2975 = CARTESIAN_POINT('',(0.,0.));
#2976 = VECTOR('',#2977,1.);
#2977 = DIRECTION('',(0.,-1.));
#2978 = ( GEOMETRIC_REPRESENTATION_CONTEXT(2) 
PARAMETRIC_REPRESENTATION_CONTEXT() REPRESENTATION_CONTEXT('2D SPACE',''
  ) );
#2979 = ORIENTED_EDGE('',*,*,#2014,.T.);
#2980 = ORIENTED_EDGE('',*,*,#2906,.F.);
#2981 = ORIENTED_EDGE('',*,*,#2982,.T.);
#2982 = EDGE_CURVE('',#2724,#2726,#2983,.T.);
#2983 = SURFACE_CURVE('',#2984,(#2989,#2996),.PCURVE_S1.);
#2984 = CIRCLE('',#2985,5.75);
#2985 = AXIS2_PLACEMENT_3D('',#2986,#2987,#2988);
#2986 = CARTESIAN_POINT('',(32.,0.,14.));
#2987 = DIRECTION('',(0.,0.,1.));
#2988 = DIRECTION('',(1.,0.,0.));
#2989 = PCURVE('',#1993,#2990);
#2990 = DEFINITIONAL_REPRESENTATION('',(#2991),#2995);
#2991 = LINE('',#2992,#2993);
#2992 = CARTESIAN_POINT('',(0.,-12.));
#2993 = VECTOR('',#2994,1.);
#2994 = DIRECTION('',(1.,0.));
#2995 = ( GEOMETRIC_REPRESENTATION_CONTEXT(2) 
PARAMETRIC_REPRESENTATION_CONTEXT() REPRESENTATION_CONTEXT('2D SPACE',''
  ) );
#2996 = PCURVE('',#2740,#2997);
#2997 = DEFINITIONAL_REPRESENTATION('',(#2998),#3002);
#2998 = CIRCLE('',#2999,5.75);
#2999 = AXIS2_PLACEMENT_2D('',#3000,#3001);
#3000 = CARTESIAN_POINT('',(0.,-4.787230558362E-16));
#3001 = DIRECTION('',(1.,0.));
#3002 = ( GEOMETRIC_REPRESENTATION_CONTEXT(2) 
PARAMETRIC_REPRESENTATION_CONTEXT() REPRESENTATION_CONTEXT('2D SPACE',''
  ) );
#3003 = ORIENTED_EDGE('',*,*,#2751,.T.);
#3004 = ORIENTED_EDGE('',*,*,#1959,.T.);
#3005 = ORIENTED_EDGE('',*,*,#2959,.F.);
#3006 = ADVANCED_FACE('',(#3007),#1836,.F.);
#3007 = FACE_BOUND('',#3008,.T.);
#3008 = EDGE_LOOP('',(#3009,#3010,#3031,#3032,#3033,#3055,#3056,#3057));
#3009 = ORIENTED_EDGE('',*,*,#2167,.T.);
#3010 = ORIENTED_EDGE('',*,*,#3011,.T.);
#3011 = EDGE_CURVE('',#2168,#1783,#3012,.T.);
#3012 = SEAM_CURVE('',#3013,(#3017,#3024),.PCURVE_S1.);
#3013 = LINE('',#3014,#3015);
#3014 = CARTESIAN_POINT('',(38.4,-10.,-26.));
#3015 = VECTOR('',#3016,1.);
#3016 = DIRECTION('',(0.,0.,1.));
#3017 = PCURVE('',#1836,#3018);
#3018 = DEFINITIONAL_REPRESENTATION('',(#3019),#3023);
#3019 = LINE('',#3020,#3021);
#3020 = CARTESIAN_POINT('',(-6.28318530718,0.));
#3021 = VECTOR('',#3022,1.);
#3022 = DIRECTION('',(-0.,-1.));
#3023 = ( GEOMETRIC_REPRESENTATION_CONTEXT(2) 
PARAMETRIC_REPRESENTATION_CONTEXT() REPRESENTATION_CONTEXT('2D SPACE',''
  ) );
#3024 = PCURVE('',#1836,#3025);
#3025 = DEFINITIONAL_REPRESENTATION('',(#3026),#3030);
#3026 = LINE('',#3027,#3028);
#3027 = CARTESIAN_POINT('',(-0.,0.));
#3028 = VECTOR('',#3029,1.);
#3029 = DIRECTION('',(-0.,-1.));
#3030 = ( GEOMETRIC_REPRESENTATION_CONTEXT(2) 
PARAMETRIC_REPRESENTATION_CONTEXT() REPRESENTATION_CONTEXT('2D SPACE',''
  ) );
#3031 = ORIENTED_EDGE('',*,*,#1782,.T.);
#3032 = ORIENTED_EDGE('',*,*,#2818,.F.);
#3033 = ORIENTED_EDGE('',*,*,#3034,.T.);
#3034 = EDGE_CURVE('',#2793,#2772,#3035,.T.);
#3035 = SURFACE_CURVE('',#3036,(#3041,#3048),.PCURVE_S1.);
#3036 = CIRCLE('',#3037,3.4);
#3037 = AXIS2_PLACEMENT_3D('',#3038,#3039,#3040);
#3038 = CARTESIAN_POINT('',(35.,-10.,-12.));
#3039 = DIRECTION('',(0.,0.,1.));
#3040 = DIRECTION('',(1.,0.,0.));
#3041 = PCURVE('',#1836,#3042);
#3042 = DEFINITIONAL_REPRESENTATION('',(#3043),#3047);
#3043 = LINE('',#3044,#3045);
#3044 = CARTESIAN_POINT('',(-0.,-14.));
#3045 = VECTOR('',#3046,1.);
#3046 = DIRECTION('',(-1.,0.));
#3047 = ( GEOMETRIC_REPRESENTATION_CONTEXT(2) 
PARAMETRIC_REPRESENTATION_CONTEXT() REPRESENTATION_CONTEXT('2D SPACE',''
  ) );
#3048 = PCURVE('',#2807,#3049);
#3049 = DEFINITIONAL_REPRESENTATION('',(#3050),#3054);
#3050 = CIRCLE('',#3051,3.4);
#3051 = AXIS2_PLACEMENT_2D('',#3052,#3053);
#3052 = CARTESIAN_POINT('',(0.,-1.7763568394E-15));
#3053 = DIRECTION('',(1.,0.));
#3054 = ( GEOMETRIC_REPRESENTATION_CONTEXT(2) 
PARAMETRIC_REPRESENTATION_CONTEXT() REPRESENTATION_CONTEXT('2D SPACE',''
  ) );
#3055 = ORIENTED_EDGE('',*,*,#2771,.T.);
#3056 = ORIENTED_EDGE('',*,*,#1867,.T.);
#3057 = ORIENTED_EDGE('',*,*,#3011,.F.);
#3058 = ADVANCED_FACE('',(#3059),#1666,.F.);
#3059 = FACE_BOUND('',#3060,.T.);
#3060 = EDGE_LOOP('',(#3061,#3062,#3083,#3084,#3085,#3107,#3108,#3109));
#3061 = ORIENTED_EDGE('',*,*,#2227,.T.);
#3062 = ORIENTED_EDGE('',*,*,#3063,.T.);
#3063 = EDGE_CURVE('',#2228,#1621,#3064,.T.);
#3064 = SEAM_CURVE('',#3065,(#3069,#3076),.PCURVE_S1.);
#3065 = LINE('',#3066,#3067);
#3066 = CARTESIAN_POINT('',(38.4,10.,-26.));
#3067 = VECTOR('',#3068,1.);
#3068 = DIRECTION('',(0.,0.,1.));
#3069 = PCURVE('',#1666,#3070);
#3070 = DEFINITIONAL_REPRESENTATION('',(#3071),#3075);
#3071 = LINE('',#3072,#3073);
#3072 = CARTESIAN_POINT('',(-6.28318530718,0.));
#3073 = VECTOR('',#3074,1.);
#3074 = DIRECTION('',(-0.,-1.));
#3075 = ( GEOMETRIC_REPRESENTATION_CONTEXT(2) 
PARAMETRIC_REPRESENTATION_CONTEXT() REPRESENTATION_CONTEXT('2D SPACE',''
  ) );
#3076 = PCURVE('',#1666,#3077);
#3077 = DEFINITIONAL_REPRESENTATION('',(#3078),#3082);
#3078 = LINE('',#3079,#3080);
#3079 = CARTESIAN_POINT('',(-0.,0.));
#3080 = VECTOR('',#3081,1.);
#3081 = DIRECTION('',(-0.,-1.));
#3082 = ( GEOMETRIC_REPRESENTATION_CONTEXT(2) 
PARAMETRIC_REPRESENTATION_CONTEXT() REPRESENTATION_CONTEXT('2D SPACE',''
  ) );
#3083 = ORIENTED_EDGE('',*,*,#1620,.T.);
#3084 = ORIENTED_EDGE('',*,*,#2885,.F.);
#3085 = ORIENTED_EDGE('',*,*,#3086,.T.);
#3086 = EDGE_CURVE('',#2860,#2839,#3087,.T.);
#3087 = SURFACE_CURVE('',#3088,(#3093,#3100),.PCURVE_S1.);
#3088 = CIRCLE('',#3089,3.4);
#3089 = AXIS2_PLACEMENT_3D('',#3090,#3091,#3092);
#3090 = CARTESIAN_POINT('',(35.,10.,-12.));
#3091 = DIRECTION('',(0.,0.,1.));
#3092 = DIRECTION('',(1.,0.,0.));
#3093 = PCURVE('',#1666,#3094);
#3094 = DEFINITIONAL_REPRESENTATION('',(#3095),#3099);
#3095 = LINE('',#3096,#3097);
#3096 = CARTESIAN_POINT('',(-0.,-14.));
#3097 = VECTOR('',#3098,1.);
#3098 = DIRECTION('',(-1.,0.));
#3099 = ( GEOMETRIC_REPRESENTATION_CONTEXT(2) 
PARAMETRIC_REPRESENTATION_CONTEXT() REPRESENTATION_CONTEXT('2D SPACE',''
  ) );
#3100 = PCURVE('',#2874,#3101);
#3101 = DEFINITIONAL_REPRESENTATION('',(#3102),#3106);
#3102 = CIRCLE('',#3103,3.4);
#3103 = AXIS2_PLACEMENT_2D('',#3104,#3105);
#3104 = CARTESIAN_POINT('',(0.,-1.7763568394E-15));
#3105 = DIRECTION('',(1.,0.));
#3106 = ( GEOMETRIC_REPRESENTATION_CONTEXT(2) 
PARAMETRIC_REPRESENTATION_CONTEXT() REPRESENTATION_CONTEXT('2D SPACE',''
  ) );
#3107 = ORIENTED_EDGE('',*,*,#2838,.T.);
#3108 = ORIENTED_EDGE('',*,*,#1693,.T.);
#3109 = ORIENTED_EDGE('',*,*,#3063,.F.);
#3110 = ADVANCED_FACE('',(#3111,#3116),#2275,.T.);
#3111 = FACE_BOUND('',#3112,.T.);
#3112 = EDGE_LOOP('',(#3113,#3114,#3115));
#3113 = ORIENTED_EDGE('',*,*,#2697,.T.);
#3114 = ORIENTED_EDGE('',*,*,#2672,.T.);
#3115 = ORIENTED_EDGE('',*,*,#2258,.T.);
#3116 = FACE_BOUND('',#3117,.T.);
#3117 = EDGE_LOOP('',(#3118));
#3118 = ORIENTED_EDGE('',*,*,#3119,.F.);
#3119 = EDGE_CURVE('',#3120,#3120,#3122,.T.);
#3120 = VERTEX_POINT('',#3121);
#3121 = CARTESIAN_POINT('',(-28.5,0.,14.));
#3122 = SURFACE_CURVE('',#3123,(#3128,#3135),.PCURVE_S1.);
#3123 = CIRCLE('',#3124,3.5);
#3124 = AXIS2_PLACEMENT_3D('',#3125,#3126,#3127);
#3125 = CARTESIAN_POINT('',(-32.,0.,14.));
#3126 = DIRECTION('',(0.,0.,1.));
#3127 = DIRECTION('',(1.,0.,-0.));
#3128 = PCURVE('',#2275,#3129);
#3129 = DEFINITIONAL_REPRESENTATION('',(#3130),#3134);
#3130 = CIRCLE('',#3131,3.5);
#3131 = AXIS2_PLACEMENT_2D('',#3132,#3133);
#3132 = CARTESIAN_POINT('',(-3.552713678801E-15,-4.787230558362E-16));
#3133 = DIRECTION('',(1.,0.));
#3134 = ( GEOMETRIC_REPRESENTATION_CONTEXT(2) 
PARAMETRIC_REPRESENTATION_CONTEXT() REPRESENTATION_CONTEXT('2D SPACE',''
  ) );
#3135 = PCURVE('',#3136,#3141);
#3136 = CYLINDRICAL_SURFACE('',#3137,3.5);
#3137 = AXIS2_PLACEMENT_3D('',#3138,#3139,#3140);
#3138 = CARTESIAN_POINT('',(-32.,0.,26.));
#3139 = DIRECTION('',(0.,0.,1.));
#3140 = DIRECTION('',(1.,0.,0.));
#3141 = DEFINITIONAL_REPRESENTATION('',(#3142),#3146);
#3142 = LINE('',#3143,#3144);
#3143 = CARTESIAN_POINT('',(0.,-12.));
#3144 = VECTOR('',#3145,1.);
#3145 = DIRECTION('',(1.,0.));
#3146 = ( GEOMETRIC_REPRESENTATION_CONTEXT(2) 
PARAMETRIC_REPRESENTATION_CONTEXT() REPRESENTATION_CONTEXT('2D SPACE',''
  ) );
#3147 = ADVANCED_FACE('',(#3148),#2409,.F.);
#3148 = FACE_BOUND('',#3149,.F.);
#3149 = EDGE_LOOP('',(#3150,#3151,#3152));
#3150 = ORIENTED_EDGE('',*,*,#2547,.T.);
#3151 = ORIENTED_EDGE('',*,*,#2522,.T.);
#3152 = ORIENTED_EDGE('',*,*,#2394,.T.);
#3153 = ADVANCED_FACE('',(#3154),#2342,.F.);
#3154 = FACE_BOUND('',#3155,.F.);
#3155 = EDGE_LOOP('',(#3156,#3157,#3158));
#3156 = ORIENTED_EDGE('',*,*,#2622,.T.);
#3157 = ORIENTED_EDGE('',*,*,#2597,.T.);
#3158 = ORIENTED_EDGE('',*,*,#2327,.T.);
#3159 = ADVANCED_FACE('',(#3160,#3186,#3393),#2483,.F.);
#3160 = FACE_BOUND('',#3161,.T.);
#3161 = EDGE_LOOP('',(#3162,#3183,#3184,#3185));
#3162 = ORIENTED_EDGE('',*,*,#3163,.F.);
#3163 = EDGE_CURVE('',#2463,#2928,#3164,.T.);
#3164 = SEAM_CURVE('',#3165,(#3169,#3176),.PCURVE_S1.);
#3165 = LINE('',#3166,#3167);
#3166 = CARTESIAN_POINT('',(-51.,12.5,0.));
#3167 = VECTOR('',#3168,1.);
#3168 = DIRECTION('',(1.,0.,0.));
#3169 = PCURVE('',#2483,#3170);
#3170 = DEFINITIONAL_REPRESENTATION('',(#3171),#3175);
#3171 = LINE('',#3172,#3173);
#3172 = CARTESIAN_POINT('',(-6.28318530718,0.));
#3173 = VECTOR('',#3174,1.);
#3174 = DIRECTION('',(-0.,-1.));
#3175 = ( GEOMETRIC_REPRESENTATION_CONTEXT(2) 
PARAMETRIC_REPRESENTATION_CONTEXT() REPRESENTATION_CONTEXT('2D SPACE',''
  ) );
#3176 = PCURVE('',#2483,#3177);
#3177 = DEFINITIONAL_REPRESENTATION('',(#3178),#3182);
#3178 = LINE('',#3179,#3180);
#3179 = CARTESIAN_POINT('',(-0.,0.));
#3180 = VECTOR('',#3181,1.);
#3181 = DIRECTION('',(-0.,-1.));
#3182 = ( GEOMETRIC_REPRESENTATION_CONTEXT(2) 
PARAMETRIC_REPRESENTATION_CONTEXT() REPRESENTATION_CONTEXT('2D SPACE',''
  ) );
#3183 = ORIENTED_EDGE('',*,*,#2462,.T.);
#3184 = ORIENTED_EDGE('',*,*,#3163,.T.);
#3185 = ORIENTED_EDGE('',*,*,#2927,.F.);
#3186 = FACE_BOUND('',#3187,.T.);
#3187 = EDGE_LOOP('',(#3188));
#3188 = ORIENTED_EDGE('',*,*,#3189,.T.);
#3189 = EDGE_CURVE('',#3190,#3190,#3192,.T.);
#3190 = VERTEX_POINT('',#3191);
#3191 = CARTESIAN_POINT('',(35.5,0.,12.5));
#3192 = SURFACE_CURVE('',#3193,(#3256,#3322),.PCURVE_S1.);
#3193 = B_SPLINE_CURVE_WITH_KNOTS('',7,(#3194,#3195,#3196,#3197,#3198,
    #3199,#3200,#3201,#3202,#3203,#3204,#3205,#3206,#3207,#3208,#3209,
    #3210,#3211,#3212,#3213,#3214,#3215,#3216,#3217,#3218,#3219,#3220,
    #3221,#3222,#3223,#3224,#3225,#3226,#3227,#3228,#3229,#3230,#3231,
    #3232,#3233,#3234,#3235,#3236,#3237,#3238,#3239,#3240,#3241,#3242,
    #3243,#3244,#3245,#3246,#3247,#3248,#3249,#3250,#3251,#3252,#3253,
    #3254,#3255),.UNSPECIFIED.,.T.,.F.,(8,6,6,6,6,6,6,6,6,6,8),(0.,
    7.075105668256E-02,0.165526276745,0.315706391462,0.413399475746,
    0.500711239381,0.581097751069,0.68529214413,0.834997259104,
    0.92947271879,1.),.UNSPECIFIED.);
#3194 = CARTESIAN_POINT('',(35.5,0.,12.5));
#3195 = CARTESIAN_POINT('',(35.5,0.270192033371,12.5));
#3196 = CARTESIAN_POINT('',(35.475665134717,0.538180353701,
    12.493186749287));
#3197 = CARTESIAN_POINT('',(35.427711424322,0.800364405683,
    12.479757989452));
#3198 = CARTESIAN_POINT('',(35.357721150997,1.053284042119,
    12.460437924801));
#3199 = CARTESIAN_POINT('',(35.268122559961,1.293778747942,
    12.436404998914));
#3200 = CARTESIAN_POINT('',(35.162194208939,1.519143142945,
    12.409124377852));
#3201 = CARTESIAN_POINT('',(34.885891713887,2.006088722256,
    12.34118536544));
#3202 = CARTESIAN_POINT('',(34.704048188742,2.257153899668,
    12.29868835541));
#3203 = CARTESIAN_POINT('',(34.503919348952,2.480746293356,
    12.255133506327));
#3204 = CARTESIAN_POINT('',(34.28957958119,2.677697118293,
    12.212594436713));
#3205 = CARTESIAN_POINT('',(34.064153261213,2.849021141933,
    12.172624194061));
#3206 = CARTESIAN_POINT('',(33.830022108455,2.995698994325,
    12.136386385701));
#3207 = CARTESIAN_POINT('',(33.206992204491,3.31314858619,
    12.054602430457));
#3208 = CARTESIAN_POINT('',(32.807330886027,3.448031370188,
    12.015959999309));
#3209 = CARTESIAN_POINT('',(32.397793718911,3.525749902981,
    11.992383899716));
#3210 = CARTESIAN_POINT('',(31.984004822332,3.547740221714,
    11.985634658556));
#3211 = CARTESIAN_POINT('',(31.571110837703,3.514329417852,
    11.996064309995));
#3212 = CARTESIAN_POINT('',(31.16428042967,3.424727366545,
    12.022675771524));
#3213 = CARTESIAN_POINT('',(30.513828652175,3.180608731299,
    12.088989543691));
#3214 = CARTESIAN_POINT('',(30.263080575589,3.059807032388,
    12.120843391429));
#3215 = CARTESIAN_POINT('',(30.019458608573,2.913795569359,
    12.157708593057));
#3216 = CARTESIAN_POINT('',(29.784986050185,2.741629135759,
    12.198608054723));
#3217 = CARTESIAN_POINT('',(29.562363639977,2.542178566265,
    12.242206613673));
#3218 = CARTESIAN_POINT('',(29.355211807048,2.31431700621,
    12.286653771486));
#3219 = CARTESIAN_POINT('',(29.001516416357,1.827497065109,
    12.36788218459));
#3220 = CARTESIAN_POINT('',(28.848093681967,1.570593053432,
    12.405613952883));
#3221 = CARTESIAN_POINT('',(28.715750575122,1.288827726085,
    12.440243964005));
#3222 = CARTESIAN_POINT('',(28.610648195512,0.985843133944,
    12.469019317992));
#3223 = CARTESIAN_POINT('',(28.537578332441,0.666340019271,
    12.489477872755));
#3224 = CARTESIAN_POINT('',(28.5,0.335761093321,12.5));
#3225 = CARTESIAN_POINT('',(28.5,-0.309129742988,12.5));
#3226 = CARTESIAN_POINT('',(28.53185362821,-0.614483504402,
    12.491080866615));
#3227 = CARTESIAN_POINT('',(28.594160866208,-0.911158526925,
    12.47363544903));
#3228 = CARTESIAN_POINT('',(28.684339762958,-1.194536194726,
    12.448855074779));
#3229 = CARTESIAN_POINT('',(28.798666281768,-1.46052950039,
    12.418616639872));
#3230 = CARTESIAN_POINT('',(28.932249899,-1.705832212272,12.385102401989
    ));
#3231 = CARTESIAN_POINT('',(29.269198060312,-2.216286857676,
    12.305410403334));
#3232 = CARTESIAN_POINT('',(29.484855695131,-2.47086612025,
    12.257631075168));
#3233 = CARTESIAN_POINT('',(29.719491288727,-2.692585596549,
    12.21019466619));
#3234 = CARTESIAN_POINT('',(29.968373613318,-2.882757083013,
    12.165525659332));
#3235 = CARTESIAN_POINT('',(30.228022928736,-3.042785632816,
    12.125327982919));
#3236 = CARTESIAN_POINT('',(30.495900835193,-3.173880309045,
    12.090817290515));
#3237 = CARTESIAN_POINT('',(31.164280423945,-3.424727364397,
    12.022675772108));
#3238 = CARTESIAN_POINT('',(31.571110859207,-3.514329421436,
    11.996064308995));
#3239 = CARTESIAN_POINT('',(31.984004785757,-3.547740221604,
    11.98563465866));
#3240 = CARTESIAN_POINT('',(32.397793753098,-3.525749898102,
    11.992383900941));
#3241 = CARTESIAN_POINT('',(32.807330868282,-3.448031375532,
    12.015959997935));
#3242 = CARTESIAN_POINT('',(33.206992208731,-3.31314858403,
    12.054602431013));
#3243 = CARTESIAN_POINT('',(33.830022108454,-2.995698994325,
    12.136386385701));
#3244 = CARTESIAN_POINT('',(34.064153261214,-2.849021141933,
    12.172624194061));
#3245 = CARTESIAN_POINT('',(34.289579581189,-2.677697118294,
    12.212594436713));
#3246 = CARTESIAN_POINT('',(34.503919348953,-2.480746293355,
    12.255133506327));
#3247 = CARTESIAN_POINT('',(34.704048188742,-2.257153899669,
    12.29868835541));
#3248 = CARTESIAN_POINT('',(34.885891713887,-2.006088722255,
    12.34118536544));
#3249 = CARTESIAN_POINT('',(35.162194208827,-1.519143143142,
    12.409124377825));
#3250 = CARTESIAN_POINT('',(35.26812255999,-1.293778747963,
    12.43640499892));
#3251 = CARTESIAN_POINT('',(35.357721151074,-1.05328404195,
    12.460437924822));
#3252 = CARTESIAN_POINT('',(35.427711424336,-0.800364405511,
    12.479757989457));
#3253 = CARTESIAN_POINT('',(35.475665134677,-0.538180353728,
    12.493186749276));
#3254 = CARTESIAN_POINT('',(35.5,-0.270192033595,12.5));
#3255 = CARTESIAN_POINT('',(35.5,0.,12.5));
#3256 = PCURVE('',#2483,#3257);
#3257 = DEFINITIONAL_REPRESENTATION('',(#3258),#3321);
#3258 = B_SPLINE_CURVE_WITH_KNOTS('',7,(#3259,#3260,#3261,#3262,#3263,
    #3264,#3265,#3266,#3267,#3268,#3269,#3270,#3271,#3272,#3273,#3274,
    #3275,#3276,#3277,#3278,#3279,#3280,#3281,#3282,#3283,#3284,#3285,
    #3286,#3287,#3288,#3289,#3290,#3291,#3292,#3293,#3294,#3295,#3296,
    #3297,#3298,#3299,#3300,#3301,#3302,#3303,#3304,#3305,#3306,#3307,
    #3308,#3309,#3310,#3311,#3312,#3313,#3314,#3315,#3316,#3317,#3318,
    #3319,#3320),.UNSPECIFIED.,.T.,.F.,(8,6,6,6,6,6,6,6,6,6,8),(0.,
    7.075105668256E-02,0.165526276745,0.315706391462,0.413399475746,
    0.500711239381,0.581097751069,0.68529214413,0.834997259104,
    0.92947271879,1.),.UNSPECIFIED.);
#3259 = CARTESIAN_POINT('',(-1.570796326795,-86.5));
#3260 = CARTESIAN_POINT('',(-1.549180964125,-86.5));
#3261 = CARTESIAN_POINT('',(-1.527741880648,-86.47566513471));
#3262 = CARTESIAN_POINT('',(-1.506750730062,-86.42771142432));
#3263 = CARTESIAN_POINT('',(-1.486468761884,-86.35772115099));
#3264 = CARTESIAN_POINT('',(-1.467140372737,-86.26812255996));
#3265 = CARTESIAN_POINT('',(-1.448982585101,-86.16219420893));
#3266 = CARTESIAN_POINT('',(-1.409649610101,-85.88589171388));
#3267 = CARTESIAN_POINT('',(-1.389287294205,-85.70404818874));
#3268 = CARTESIAN_POINT('',(-1.371071340774,-85.50391934895));
#3269 = CARTESIAN_POINT('',(-1.354956366476,-85.28957958119));
#3270 = CARTESIAN_POINT('',(-1.340884398032,-85.06415326121));
#3271 = CARTESIAN_POINT('',(-1.32879795454,-84.83002210845));
#3272 = CARTESIAN_POINT('',(-1.302572732029,-84.20699220449));
#3273 = CARTESIAN_POINT('',(-1.291352051802,-83.80733088602));
#3274 = CARTESIAN_POINT('',(-1.284853925826,-83.39779371891));
#3275 = CARTESIAN_POINT('',(-1.283013439254,-82.98400482233));
#3276 = CARTESIAN_POINT('',(-1.285814459406,-82.5711108377));
#3277 = CARTESIAN_POINT('',(-1.293290047505,-82.16428042967));
#3278 = CARTESIAN_POINT('',(-1.313527268571,-81.51382865217));
#3279 = CARTESIAN_POINT('',(-1.323521463331,-81.26308057558));
#3280 = CARTESIAN_POINT('',(-1.335567821182,-81.01945860857));
#3281 = CARTESIAN_POINT('',(-1.349721590234,-80.78498605018));
#3282 = CARTESIAN_POINT('',(-1.366048908282,-80.56236363997));
#3283 = CARTESIAN_POINT('',(-1.384614465401,-80.35521180704));
#3284 = CARTESIAN_POINT('',(-1.424098474126,-80.00151641635));
#3285 = CARTESIAN_POINT('',(-1.444867318031,-79.84809368196));
#3286 = CARTESIAN_POINT('',(-1.467567751345,-79.71575057512));
#3287 = CARTESIAN_POINT('',(-1.491897277516,-79.61064819551));
#3288 = CARTESIAN_POINT('',(-1.517489112507,-79.53757833244));
#3289 = CARTESIAN_POINT('',(-1.543935439329,-79.5));
#3290 = CARTESIAN_POINT('',(-1.595526706234,-79.5));
#3291 = CARTESIAN_POINT('',(-1.619955015005,-79.53185362821));
#3292 = CARTESIAN_POINT('',(-1.643713678537,-79.5941608662));
#3293 = CARTESIAN_POINT('',(-1.666455405897,-79.68433976295));
#3294 = CARTESIAN_POINT('',(-1.687862901979,-79.79866628176));
#3295 = CARTESIAN_POINT('',(-1.70766581118,-79.932249899));
#3296 = CARTESIAN_POINT('',(-1.748996846273,-80.26919806031));
#3297 = CARTESIAN_POINT('',(-1.769709032351,-80.48485569513));
#3298 = CARTESIAN_POINT('',(-1.787840444342,-80.71949128872));
#3299 = CARTESIAN_POINT('',(-1.803464478979,-80.96837361331));
#3300 = CARTESIAN_POINT('',(-1.816663047673,-81.22802292873));
#3301 = CARTESIAN_POINT('',(-1.827507604706,-81.49590083519));
#3302 = CARTESIAN_POINT('',(-1.848302605907,-82.16428042394));
#3303 = CARTESIAN_POINT('',(-1.855778194481,-82.5711108592));
#3304 = CARTESIAN_POINT('',(-1.858579214325,-82.98400478575));
#3305 = CARTESIAN_POINT('',(-1.856738727361,-83.39779375309));
#3306 = CARTESIAN_POINT('',(-1.850240602229,-83.80733086828));
#3307 = CARTESIAN_POINT('',(-1.839019921383,-84.20699220873));
#3308 = CARTESIAN_POINT('',(-1.81279469905,-84.83002210845));
#3309 = CARTESIAN_POINT('',(-1.800708255558,-85.06415326121));
#3310 = CARTESIAN_POINT('',(-1.786636287114,-85.28957958118));
#3311 = CARTESIAN_POINT('',(-1.770521312816,-85.50391934895));
#3312 = CARTESIAN_POINT('',(-1.752305359385,-85.70404818874));
#3313 = CARTESIAN_POINT('',(-1.731943043489,-85.88589171388));
#3314 = CARTESIAN_POINT('',(-1.692610068505,-86.16219420882));
#3315 = CARTESIAN_POINT('',(-1.674452280855,-86.26812255999));
#3316 = CARTESIAN_POINT('',(-1.655123891693,-86.35772115107));
#3317 = CARTESIAN_POINT('',(-1.634841923514,-86.42771142433));
#3318 = CARTESIAN_POINT('',(-1.613850772944,-86.47566513467));
#3319 = CARTESIAN_POINT('',(-1.592411689483,-86.5));
#3320 = CARTESIAN_POINT('',(-1.570796326795,-86.5));
#3321 = ( GEOMETRIC_REPRESENTATION_CONTEXT(2) 
PARAMETRIC_REPRESENTATION_CONTEXT() REPRESENTATION_CONTEXT('2D SPACE',''
  ) );
#3322 = PCURVE('',#3323,#3328);
#3323 = CYLINDRICAL_SURFACE('',#3324,3.5);
#3324 = AXIS2_PLACEMENT_3D('',#3325,#3326,#3327);
#3325 = CARTESIAN_POINT('',(32.,0.,26.));
#3326 = DIRECTION('',(0.,0.,1.));
#3327 = DIRECTION('',(1.,0.,0.));
#3328 = DEFINITIONAL_REPRESENTATION('',(#3329),#3392);
#3329 = B_SPLINE_CURVE_WITH_KNOTS('',7,(#3330,#3331,#3332,#3333,#3334,
    #3335,#3336,#3337,#3338,#3339,#3340,#3341,#3342,#3343,#3344,#3345,
    #3346,#3347,#3348,#3349,#3350,#3351,#3352,#3353,#3354,#3355,#3356,
    #3357,#3358,#3359,#3360,#3361,#3362,#3363,#3364,#3365,#3366,#3367,
    #3368,#3369,#3370,#3371,#3372,#3373,#3374,#3375,#3376,#3377,#3378,
    #3379,#3380,#3381,#3382,#3383,#3384,#3385,#3386,#3387,#3388,#3389,
    #3390,#3391),.UNSPECIFIED.,.F.,.F.,(8,6,6,6,6,6,6,6,6,6,8),(0.,
    7.075105668256E-02,0.165526276745,0.315706391462,0.413399475746,
    0.500711239381,0.581097751069,0.68529214413,0.834997259104,
    0.92947271879,1.),.UNSPECIFIED.);
#3330 = CARTESIAN_POINT('',(0.,-13.5));
#3331 = CARTESIAN_POINT('',(7.719772382026E-02,-13.5));
#3332 = CARTESIAN_POINT('',(0.153765750277,-13.50681325071));
#3333 = CARTESIAN_POINT('',(0.229427190387,-13.52024201054));
#3334 = CARTESIAN_POINT('',(0.303888477401,-13.53956207519));
#3335 = CARTESIAN_POINT('',(0.376806637704,-13.56359500108));
#3336 = CARTESIAN_POINT('',(0.447745207188,-13.59087562214));
#3337 = CARTESIAN_POINT('',(0.607709250592,-13.65881463456));
#3338 = CARTESIAN_POINT('',(0.695738735824,-13.70131164459));
#3339 = CARTESIAN_POINT('',(0.78077409355,-13.74486649367));
#3340 = CARTESIAN_POINT('',(0.863265287779,-13.78740556328));
#3341 = CARTESIAN_POINT('',(0.943630213952,-13.82737580593));
#3342 = CARTESIAN_POINT('',(1.022259498888,-13.86361361429));
#3343 = CARTESIAN_POINT('',(1.222043158331,-13.94539756954));
#3344 = CARTESIAN_POINT('',(1.341282260526,-13.98404000069));
#3345 = CARTESIAN_POINT('',(1.458620905183,-14.00761610028));
#3346 = CARTESIAN_POINT('',(1.575105469938,-14.01436534144));
#3347 = CARTESIAN_POINT('',(1.691748098853,-14.00393569));
#3348 = CARTESIAN_POINT('',(1.809568866597,-13.97732422847));
#3349 = CARTESIAN_POINT('',(2.00806966039,-13.9110104563));
#3350 = CARTESIAN_POINT('',(2.087271249531,-13.87915660857));
#3351 = CARTESIAN_POINT('',(2.167879966785,-13.84229140694));
#3352 = CARTESIAN_POINT('',(2.250317315019,-13.80139194527));
#3353 = CARTESIAN_POINT('',(2.335028654293,-13.75779338632));
#3354 = CARTESIAN_POINT('',(2.422487181975,-13.71334622851));
#3355 = CARTESIAN_POINT('',(2.594413621976,-13.63211781541));
#3356 = CARTESIAN_POINT('',(2.679562067283,-13.59438604711));
#3357 = CARTESIAN_POINT('',(2.767789127474,-13.55975603599));
#3358 = CARTESIAN_POINT('',(2.858480900585,-13.530980682));
#3359 = CARTESIAN_POINT('',(2.951209864586,-13.51052212724));
#3360 = CARTESIAN_POINT('',(3.045660912641,-13.5));
#3361 = CARTESIAN_POINT('',(3.229915437301,-13.5));
#3362 = CARTESIAN_POINT('',(3.317159318421,-13.50891913338));
#3363 = CARTESIAN_POINT('',(3.403049233649,-13.52636455097));
#3364 = CARTESIAN_POINT('',(3.487266000961,-13.55114492522));
#3365 = CARTESIAN_POINT('',(3.569406607741,-13.58138336012));
#3366 = CARTESIAN_POINT('',(3.64892490903,-13.61489759801));
#3367 = CARTESIAN_POINT('',(3.823677914534,-13.69458959666));
#3368 = CARTESIAN_POINT('',(3.91832662683,-13.74236892483));
#3369 = CARTESIAN_POINT('',(4.009694327158,-13.78980533381));
#3370 = CARTESIAN_POINT('',(4.098348298333,-13.83447434066));
#3371 = CARTESIAN_POINT('',(4.184827504732,-13.87467201708));
#3372 = CARTESIAN_POINT('',(4.269644548047,-13.90918270948));
#3373 = CARTESIAN_POINT('',(4.473616438835,-13.97732422789));
#3374 = CARTESIAN_POINT('',(4.591437214876,-14.003935691));
#3375 = CARTESIAN_POINT('',(4.708079826067,-14.01436534134));
#3376 = CARTESIAN_POINT('',(4.824564412531,-14.00761609905));
#3377 = CARTESIAN_POINT('',(4.941903041103,-13.98404000206));
#3378 = CARTESIAN_POINT('',(5.061142150208,-13.94539756898));
#3379 = CARTESIAN_POINT('',(5.260925808291,-13.86361361429));
#3380 = CARTESIAN_POINT('',(5.339555093228,-13.82737580593));
#3381 = CARTESIAN_POINT('',(5.4199200194,-13.78740556328));
#3382 = CARTESIAN_POINT('',(5.50241121363,-13.74486649367));
#3383 = CARTESIAN_POINT('',(5.587446571355,-13.70131164459));
#3384 = CARTESIAN_POINT('',(5.675476056588,-13.65881463456));
#3385 = CARTESIAN_POINT('',(5.835440099927,-13.59087562217));
#3386 = CARTESIAN_POINT('',(5.906378669474,-13.56359500108));
#3387 = CARTESIAN_POINT('',(5.979296829829,-13.53956207517));
#3388 = CARTESIAN_POINT('',(6.053758116839,-13.52024201054));
#3389 = CARTESIAN_POINT('',(6.129419556895,-13.50681325072));
#3390 = CARTESIAN_POINT('',(6.205987583295,-13.5));
#3391 = CARTESIAN_POINT('',(6.28318530718,-13.5));
#3392 = ( GEOMETRIC_REPRESENTATION_CONTEXT(2) 
PARAMETRIC_REPRESENTATION_CONTEXT() REPRESENTATION_CONTEXT('2D SPACE',''
  ) );
#3393 = FACE_BOUND('',#3394,.T.);
#3394 = EDGE_LOOP('',(#3395));
#3395 = ORIENTED_EDGE('',*,*,#3396,.T.);
#3396 = EDGE_CURVE('',#3397,#3397,#3399,.T.);
#3397 = VERTEX_POINT('',#3398);
#3398 = CARTESIAN_POINT('',(-28.5,0.,12.5));
#3399 = SURFACE_CURVE('',#3400,(#3463,#3529),.PCURVE_S1.);
#3400 = B_SPLINE_CURVE_WITH_KNOTS('',7,(#3401,#3402,#3403,#3404,#3405,
    #3406,#3407,#3408,#3409,#3410,#3411,#3412,#3413,#3414,#3415,#3416,
    #3417,#3418,#3419,#3420,#3421,#3422,#3423,#3424,#3425,#3426,#3427,
    #3428,#3429,#3430,#3431,#3432,#3433,#3434,#3435,#3436,#3437,#3438,
    #3439,#3440,#3441,#3442,#3443,#3444,#3445,#3446,#3447,#3448,#3449,
    #3450,#3451,#3452,#3453,#3454,#3455,#3456,#3457,#3458,#3459,#3460,
    #3461,#3462),.UNSPECIFIED.,.T.,.F.,(8,6,6,6,6,6,6,6,6,6,8),(0.,
    7.075105812463E-02,0.165526280209,0.315706398128,0.413399484496,
    0.500711249994,0.581097763395,0.685292155707,0.834997265171,
    0.929472721381,1.),.UNSPECIFIED.);
#3401 = CARTESIAN_POINT('',(-28.5,0.,12.5));
#3402 = CARTESIAN_POINT('',(-28.5,0.270192033595,12.5));
#3403 = CARTESIAN_POINT('',(-28.52433486532,0.538180353728,
    12.493186749276));
#3404 = CARTESIAN_POINT('',(-28.57228857566,0.800364405511,
    12.479757989457));
#3405 = CARTESIAN_POINT('',(-28.64227884892,1.05328404195,
    12.460437924822));
#3406 = CARTESIAN_POINT('',(-28.73187744001,1.293778747963,
    12.43640499892));
#3407 = CARTESIAN_POINT('',(-28.83780579117,1.519143143142,
    12.409124377825));
#3408 = CARTESIAN_POINT('',(-29.11410828611,2.006088722255,
    12.34118536544));
#3409 = CARTESIAN_POINT('',(-29.29595181125,2.257153899668,
    12.29868835541));
#3410 = CARTESIAN_POINT('',(-29.49608065104,2.480746293355,
    12.255133506327));
#3411 = CARTESIAN_POINT('',(-29.71042041881,2.677697118294,
    12.212594436713));
#3412 = CARTESIAN_POINT('',(-29.93584673878,2.849021141933,
    12.172624194061));
#3413 = CARTESIAN_POINT('',(-30.16997789154,2.995698994325,
    12.136386385701));
#3414 = CARTESIAN_POINT('',(-30.7930077955,3.31314858619,12.054602430457
    ));
#3415 = CARTESIAN_POINT('',(-31.19266911397,3.448031370188,
    12.015959999308));
#3416 = CARTESIAN_POINT('',(-31.60220628108,3.525749902981,
    11.992383899716));
#3417 = CARTESIAN_POINT('',(-32.01599517766,3.547740221714,
    11.985634658556));
#3418 = CARTESIAN_POINT('',(-32.42888916229,3.514329417852,
    11.996064309995));
#3419 = CARTESIAN_POINT('',(-32.83571957033,3.424727366546,
    12.022675771524));
#3420 = CARTESIAN_POINT('',(-33.48617134782,3.180608731299,
    12.088989543691));
#3421 = CARTESIAN_POINT('',(-33.73691942441,3.059807032388,
    12.120843391429));
#3422 = CARTESIAN_POINT('',(-33.98054139142,2.913795569358,
    12.157708593057));
#3423 = CARTESIAN_POINT('',(-34.21501394981,2.74162913576,
    12.198608054723));
#3424 = CARTESIAN_POINT('',(-34.43763636002,2.542178566265,
    12.242206613673));
#3425 = CARTESIAN_POINT('',(-34.64478819295,2.31431700621,
    12.286653771486));
#3426 = CARTESIAN_POINT('',(-34.99848358364,1.827497065108,
    12.36788218459));
#3427 = CARTESIAN_POINT('',(-35.15190631803,1.570593053432,
    12.405613952883));
#3428 = CARTESIAN_POINT('',(-35.28424942487,1.288827726085,
    12.440243964006));
#3429 = CARTESIAN_POINT('',(-35.38935180448,0.985843133944,
    12.469019317991));
#3430 = CARTESIAN_POINT('',(-35.46242166755,0.666340019271,
    12.489477872755));
#3431 = CARTESIAN_POINT('',(-35.5,0.33576109332,12.5));
#3432 = CARTESIAN_POINT('',(-35.5,-0.309129742988,12.5));
#3433 = CARTESIAN_POINT('',(-35.46814637179,-0.614483504402,
    12.491080866615));
#3434 = CARTESIAN_POINT('',(-35.40583913379,-0.911158526924,
    12.47363544903));
#3435 = CARTESIAN_POINT('',(-35.31566023704,-1.194536194726,
    12.448855074779));
#3436 = CARTESIAN_POINT('',(-35.20133371823,-1.46052950039,
    12.418616639872));
#3437 = CARTESIAN_POINT('',(-35.067750101,-1.705832212272,
    12.385102401989));
#3438 = CARTESIAN_POINT('',(-34.73080194511,-2.216286849456,
    12.305410404617));
#3439 = CARTESIAN_POINT('',(-34.515144293,-2.470866141107,
    12.257631071962));
#3440 = CARTESIAN_POINT('',(-34.28050871478,-2.692585576655,
    12.210194668779));
#3441 = CARTESIAN_POINT('',(-34.03162640214,-2.882757087344,
    12.165525659788));
#3442 = CARTESIAN_POINT('',(-33.77197705151,-3.042785638002,
    12.125327981097));
#3443 = CARTESIAN_POINT('',(-33.50409917292,-3.173880305998,
    12.090817291343));
#3444 = CARTESIAN_POINT('',(-32.83571957605,-3.424727364397,
    12.022675772108));
#3445 = CARTESIAN_POINT('',(-32.42888914079,-3.514329421436,
    11.996064308995));
#3446 = CARTESIAN_POINT('',(-32.01599521424,-3.547740221604,
    11.98563465866));
#3447 = CARTESIAN_POINT('',(-31.6022062469,-3.525749898102,
    11.992383900941));
#3448 = CARTESIAN_POINT('',(-31.19266913171,-3.448031375531,
    12.015959997935));
#3449 = CARTESIAN_POINT('',(-30.79300779126,-3.313148584031,
    12.054602431013));
#3450 = CARTESIAN_POINT('',(-30.16997789154,-2.995698994325,
    12.136386385701));
#3451 = CARTESIAN_POINT('',(-29.93584673878,-2.849021141934,
    12.172624194061));
#3452 = CARTESIAN_POINT('',(-29.7104204188,-2.677697118293,
    12.212594436713));
#3453 = CARTESIAN_POINT('',(-29.49608065104,-2.480746293356,
    12.255133506327));
#3454 = CARTESIAN_POINT('',(-29.29595181125,-2.257153899668,
    12.29868835541));
#3455 = CARTESIAN_POINT('',(-29.11410828611,-2.006088722256,
    12.34118536544));
#3456 = CARTESIAN_POINT('',(-28.83780579116,-1.519143143127,
    12.409124377827));
#3457 = CARTESIAN_POINT('',(-28.73187744001,-1.293778747962,
    12.436404998919));
#3458 = CARTESIAN_POINT('',(-28.64227884893,-1.053284041962,
    12.46043792482));
#3459 = CARTESIAN_POINT('',(-28.57228857566,-0.800364405524,
    12.479757989456));
#3460 = CARTESIAN_POINT('',(-28.52433486532,-0.538180353726,
    12.493186749276));
#3461 = CARTESIAN_POINT('',(-28.5,-0.270192033578,12.5));
#3462 = CARTESIAN_POINT('',(-28.5,0.,12.5));
#3463 = PCURVE('',#2483,#3464);
#3464 = DEFINITIONAL_REPRESENTATION('',(#3465),#3528);
#3465 = B_SPLINE_CURVE_WITH_KNOTS('',7,(#3466,#3467,#3468,#3469,#3470,
    #3471,#3472,#3473,#3474,#3475,#3476,#3477,#3478,#3479,#3480,#3481,
    #3482,#3483,#3484,#3485,#3486,#3487,#3488,#3489,#3490,#3491,#3492,
    #3493,#3494,#3495,#3496,#3497,#3498,#3499,#3500,#3501,#3502,#3503,
    #3504,#3505,#3506,#3507,#3508,#3509,#3510,#3511,#3512,#3513,#3514,
    #3515,#3516,#3517,#3518,#3519,#3520,#3521,#3522,#3523,#3524,#3525,
    #3526,#3527),.UNSPECIFIED.,.T.,.F.,(8,6,6,6,6,6,6,6,6,6,8),(0.,
    7.075105812463E-02,0.165526280209,0.315706398128,0.413399484496,
    0.500711249994,0.581097763395,0.685292155707,0.834997265171,
    0.929472721381,1.),.UNSPECIFIED.);
#3466 = CARTESIAN_POINT('',(-1.570796326795,-22.5));
#3467 = CARTESIAN_POINT('',(-1.549180964107,-22.5));
#3468 = CARTESIAN_POINT('',(-1.527741880646,-22.47566513467));
#3469 = CARTESIAN_POINT('',(-1.506750730075,-22.42771142433));
#3470 = CARTESIAN_POINT('',(-1.486468761897,-22.35772115107));
#3471 = CARTESIAN_POINT('',(-1.467140372735,-22.26812255999));
#3472 = CARTESIAN_POINT('',(-1.448982585085,-22.16219420882));
#3473 = CARTESIAN_POINT('',(-1.409649610101,-21.88589171388));
#3474 = CARTESIAN_POINT('',(-1.389287294205,-21.70404818874));
#3475 = CARTESIAN_POINT('',(-1.371071340774,-21.50391934895));
#3476 = CARTESIAN_POINT('',(-1.354956366476,-21.28957958119));
#3477 = CARTESIAN_POINT('',(-1.340884398032,-21.06415326121));
#3478 = CARTESIAN_POINT('',(-1.32879795454,-20.83002210845));
#3479 = CARTESIAN_POINT('',(-1.302572732029,-20.20699220449));
#3480 = CARTESIAN_POINT('',(-1.291352051802,-19.80733088602));
#3481 = CARTESIAN_POINT('',(-1.284853925826,-19.39779371891));
#3482 = CARTESIAN_POINT('',(-1.283013439254,-18.98400482233));
#3483 = CARTESIAN_POINT('',(-1.285814459406,-18.5711108377));
#3484 = CARTESIAN_POINT('',(-1.293290047505,-18.16428042967));
#3485 = CARTESIAN_POINT('',(-1.313527268571,-17.51382865217));
#3486 = CARTESIAN_POINT('',(-1.323521463331,-17.26308057558));
#3487 = CARTESIAN_POINT('',(-1.335567821182,-17.01945860857));
#3488 = CARTESIAN_POINT('',(-1.349721590233,-16.78498605018));
#3489 = CARTESIAN_POINT('',(-1.366048908282,-16.56236363997));
#3490 = CARTESIAN_POINT('',(-1.384614465401,-16.35521180704));
#3491 = CARTESIAN_POINT('',(-1.424098474126,-16.00151641635));
#3492 = CARTESIAN_POINT('',(-1.444867318031,-15.84809368196));
#3493 = CARTESIAN_POINT('',(-1.467567751345,-15.71575057512));
#3494 = CARTESIAN_POINT('',(-1.491897277516,-15.61064819551));
#3495 = CARTESIAN_POINT('',(-1.517489112507,-15.53757833244));
#3496 = CARTESIAN_POINT('',(-1.543935439329,-15.5));
#3497 = CARTESIAN_POINT('',(-1.595526706234,-15.5));
#3498 = CARTESIAN_POINT('',(-1.619955015005,-15.53185362821));
#3499 = CARTESIAN_POINT('',(-1.643713678537,-15.5941608662));
#3500 = CARTESIAN_POINT('',(-1.666455405897,-15.68433976295));
#3501 = CARTESIAN_POINT('',(-1.687862901979,-15.79866628176));
#3502 = CARTESIAN_POINT('',(-1.70766581118,-15.932249899));
#3503 = CARTESIAN_POINT('',(-1.748996845608,-16.26919805488));
#3504 = CARTESIAN_POINT('',(-1.769709034039,-16.48485570699));
#3505 = CARTESIAN_POINT('',(-1.787840442739,-16.71949128521));
#3506 = CARTESIAN_POINT('',(-1.803464479311,-16.96837359785));
#3507 = CARTESIAN_POINT('',(-1.816663048109,-17.22802294848));
#3508 = CARTESIAN_POINT('',(-1.827507604454,-17.49590082707));
#3509 = CARTESIAN_POINT('',(-1.848302605907,-18.16428042394));
#3510 = CARTESIAN_POINT('',(-1.855778194481,-18.5711108592));
#3511 = CARTESIAN_POINT('',(-1.858579214325,-18.98400478575));
#3512 = CARTESIAN_POINT('',(-1.856738727361,-19.39779375309));
#3513 = CARTESIAN_POINT('',(-1.850240602229,-19.80733086828));
#3514 = CARTESIAN_POINT('',(-1.839019921383,-20.20699220873));
#3515 = CARTESIAN_POINT('',(-1.81279469905,-20.83002210845));
#3516 = CARTESIAN_POINT('',(-1.800708255558,-21.06415326121));
#3517 = CARTESIAN_POINT('',(-1.786636287114,-21.28957958119));
#3518 = CARTESIAN_POINT('',(-1.770521312816,-21.50391934895));
#3519 = CARTESIAN_POINT('',(-1.752305359385,-21.70404818874));
#3520 = CARTESIAN_POINT('',(-1.731943043489,-21.88589171388));
#3521 = CARTESIAN_POINT('',(-1.692610068504,-22.16219420883));
#3522 = CARTESIAN_POINT('',(-1.674452280855,-22.26812255998));
#3523 = CARTESIAN_POINT('',(-1.655123891694,-22.35772115106));
#3524 = CARTESIAN_POINT('',(-1.634841923515,-22.42771142433));
#3525 = CARTESIAN_POINT('',(-1.613850772944,-22.47566513468));
#3526 = CARTESIAN_POINT('',(-1.592411689481,-22.5));
#3527 = CARTESIAN_POINT('',(-1.570796326795,-22.5));
#3528 = ( GEOMETRIC_REPRESENTATION_CONTEXT(2) 
PARAMETRIC_REPRESENTATION_CONTEXT() REPRESENTATION_CONTEXT('2D SPACE',''
  ) );
#3529 = PCURVE('',#3136,#3530);
#3530 = DEFINITIONAL_REPRESENTATION('',(#3531),#3594);
#3531 = B_SPLINE_CURVE_WITH_KNOTS('',7,(#3532,#3533,#3534,#3535,#3536,
    #3537,#3538,#3539,#3540,#3541,#3542,#3543,#3544,#3545,#3546,#3547,
    #3548,#3549,#3550,#3551,#3552,#3553,#3554,#3555,#3556,#3557,#3558,
    #3559,#3560,#3561,#3562,#3563,#3564,#3565,#3566,#3567,#3568,#3569,
    #3570,#3571,#3572,#3573,#3574,#3575,#3576,#3577,#3578,#3579,#3580,
    #3581,#3582,#3583,#3584,#3585,#3586,#3587,#3588,#3589,#3590,#3591,
    #3592,#3593),.UNSPECIFIED.,.F.,.F.,(8,6,6,6,6,6,6,6,6,6,8),(0.,
    7.075105812463E-02,0.165526280209,0.315706398128,0.413399484496,
    0.500711249994,0.581097763395,0.685292155707,0.834997265171,
    0.929472721381,1.),.UNSPECIFIED.);
#3532 = CARTESIAN_POINT('',(0.,-13.5));
#3533 = CARTESIAN_POINT('',(7.719772388435E-02,-13.5));
#3534 = CARTESIAN_POINT('',(0.153765750285,-13.50681325072));
#3535 = CARTESIAN_POINT('',(0.22942719034,-13.52024201054));
#3536 = CARTESIAN_POINT('',(0.30388847735,-13.53956207517));
#3537 = CARTESIAN_POINT('',(0.376806637705,-13.56359500108));
#3538 = CARTESIAN_POINT('',(0.447745207253,-13.59087562217));
#3539 = CARTESIAN_POINT('',(0.607709250592,-13.65881463456));
#3540 = CARTESIAN_POINT('',(0.695738735824,-13.70131164459));
#3541 = CARTESIAN_POINT('',(0.78077409355,-13.74486649367));
#3542 = CARTESIAN_POINT('',(0.86326528778,-13.78740556328));
#3543 = CARTESIAN_POINT('',(0.943630213952,-13.82737580593));
#3544 = CARTESIAN_POINT('',(1.022259498888,-13.86361361429));
#3545 = CARTESIAN_POINT('',(1.22204315833,-13.94539756954));
#3546 = CARTESIAN_POINT('',(1.341282260527,-13.98404000069));
#3547 = CARTESIAN_POINT('',(1.458620905183,-14.00761610028));
#3548 = CARTESIAN_POINT('',(1.575105469937,-14.01436534144));
#3549 = CARTESIAN_POINT('',(1.691748098853,-14.00393569));
#3550 = CARTESIAN_POINT('',(1.809568866597,-13.97732422847));
#3551 = CARTESIAN_POINT('',(2.00806966039,-13.9110104563));
#3552 = CARTESIAN_POINT('',(2.087271249531,-13.87915660857));
#3553 = CARTESIAN_POINT('',(2.167879966785,-13.84229140694));
#3554 = CARTESIAN_POINT('',(2.250317315019,-13.80139194527));
#3555 = CARTESIAN_POINT('',(2.335028654294,-13.75779338632));
#3556 = CARTESIAN_POINT('',(2.422487181975,-13.71334622851));
#3557 = CARTESIAN_POINT('',(2.594413621976,-13.63211781541));
#3558 = CARTESIAN_POINT('',(2.679562067283,-13.59438604711));
#3559 = CARTESIAN_POINT('',(2.767789127474,-13.55975603599));
#3560 = CARTESIAN_POINT('',(2.858480900585,-13.530980682));
#3561 = CARTESIAN_POINT('',(2.951209864586,-13.51052212724));
#3562 = CARTESIAN_POINT('',(3.045660912641,-13.5));
#3563 = CARTESIAN_POINT('',(3.229915437301,-13.5));
#3564 = CARTESIAN_POINT('',(3.317159318422,-13.50891913338));
#3565 = CARTESIAN_POINT('',(3.403049233648,-13.52636455097));
#3566 = CARTESIAN_POINT('',(3.487266000961,-13.55114492522));
#3567 = CARTESIAN_POINT('',(3.569406607741,-13.58138336012));
#3568 = CARTESIAN_POINT('',(3.64892490903,-13.61489759801));
#3569 = CARTESIAN_POINT('',(3.82367791172,-13.69458959538));
#3570 = CARTESIAN_POINT('',(3.91832663348,-13.74236892803));
#3571 = CARTESIAN_POINT('',(4.009694322635,-13.78980533122));
#3572 = CARTESIAN_POINT('',(4.098348295563,-13.83447434021));
#3573 = CARTESIAN_POINT('',(4.184827510293,-13.8746720189));
#3574 = CARTESIAN_POINT('',(4.269644545569,-13.90918270865));
#3575 = CARTESIAN_POINT('',(4.473616438835,-13.97732422789));
#3576 = CARTESIAN_POINT('',(4.591437214876,-14.003935691));
#3577 = CARTESIAN_POINT('',(4.708079826067,-14.01436534134));
#3578 = CARTESIAN_POINT('',(4.82456441253,-14.00761609905));
#3579 = CARTESIAN_POINT('',(4.941903041103,-13.98404000206));
#3580 = CARTESIAN_POINT('',(5.061142150208,-13.94539756898));
#3581 = CARTESIAN_POINT('',(5.260925808292,-13.86361361429));
#3582 = CARTESIAN_POINT('',(5.339555093227,-13.82737580593));
#3583 = CARTESIAN_POINT('',(5.419920019401,-13.78740556328));
#3584 = CARTESIAN_POINT('',(5.502411213629,-13.74486649367));
#3585 = CARTESIAN_POINT('',(5.587446571355,-13.70131164459));
#3586 = CARTESIAN_POINT('',(5.675476056587,-13.65881463456));
#3587 = CARTESIAN_POINT('',(5.835440099932,-13.59087562217));
#3588 = CARTESIAN_POINT('',(5.906378669474,-13.56359500108));
#3589 = CARTESIAN_POINT('',(5.979296829826,-13.53956207518));
#3590 = CARTESIAN_POINT('',(6.053758116836,-13.52024201054));
#3591 = CARTESIAN_POINT('',(6.129419556895,-13.50681325072));
#3592 = CARTESIAN_POINT('',(6.2059875833,-13.5));
#3593 = CARTESIAN_POINT('',(6.28318530718,-13.5));
#3594 = ( GEOMETRIC_REPRESENTATION_CONTEXT(2) 
PARAMETRIC_REPRESENTATION_CONTEXT() REPRESENTATION_CONTEXT('2D SPACE',''
  ) );
#3595 = ADVANCED_FACE('',(#3596,#3600),#2740,.T.);
#3596 = FACE_BOUND('',#3597,.T.);
#3597 = EDGE_LOOP('',(#3598,#3599));
#3598 = ORIENTED_EDGE('',*,*,#2723,.F.);
#3599 = ORIENTED_EDGE('',*,*,#2982,.T.);
#3600 = FACE_BOUND('',#3601,.T.);
#3601 = EDGE_LOOP('',(#3602));
#3602 = ORIENTED_EDGE('',*,*,#3603,.F.);
#3603 = EDGE_CURVE('',#3604,#3604,#3606,.T.);
#3604 = VERTEX_POINT('',#3605);
#3605 = CARTESIAN_POINT('',(35.5,0.,14.));
#3606 = SURFACE_CURVE('',#3607,(#3612,#3619),.PCURVE_S1.);
#3607 = CIRCLE('',#3608,3.5);
#3608 = AXIS2_PLACEMENT_3D('',#3609,#3610,#3611);
#3609 = CARTESIAN_POINT('',(32.,0.,14.));
#3610 = DIRECTION('',(0.,0.,1.));
#3611 = DIRECTION('',(1.,0.,-0.));
#3612 = PCURVE('',#2740,#3613);
#3613 = DEFINITIONAL_REPRESENTATION('',(#3614),#3618);
#3614 = CIRCLE('',#3615,3.5);
#3615 = AXIS2_PLACEMENT_2D('',#3616,#3617);
#3616 = CARTESIAN_POINT('',(0.,-4.787230558362E-16));
#3617 = DIRECTION('',(1.,0.));
#3618 = ( GEOMETRIC_REPRESENTATION_CONTEXT(2) 
PARAMETRIC_REPRESENTATION_CONTEXT() REPRESENTATION_CONTEXT('2D SPACE',''
  ) );
#3619 = PCURVE('',#3323,#3620);
#3620 = DEFINITIONAL_REPRESENTATION('',(#3621),#3625);
#3621 = LINE('',#3622,#3623);
#3622 = CARTESIAN_POINT('',(0.,-12.));
#3623 = VECTOR('',#3624,1.);
#3624 = DIRECTION('',(1.,0.));
#3625 = ( GEOMETRIC_REPRESENTATION_CONTEXT(2) 
PARAMETRIC_REPRESENTATION_CONTEXT() REPRESENTATION_CONTEXT('2D SPACE',''
  ) );
#3626 = ADVANCED_FACE('',(#3627),#2874,.F.);
#3627 = FACE_BOUND('',#3628,.F.);
#3628 = EDGE_LOOP('',(#3629,#3630));
#3629 = ORIENTED_EDGE('',*,*,#2859,.F.);
#3630 = ORIENTED_EDGE('',*,*,#3086,.T.);
#3631 = ADVANCED_FACE('',(#3632),#2807,.F.);
#3632 = FACE_BOUND('',#3633,.F.);
#3633 = EDGE_LOOP('',(#3634,#3635));
#3634 = ORIENTED_EDGE('',*,*,#2792,.F.);
#3635 = ORIENTED_EDGE('',*,*,#3034,.T.);
#3636 = ADVANCED_FACE('',(#3637),#3136,.F.);
#3637 = FACE_BOUND('',#3638,.F.);
#3638 = EDGE_LOOP('',(#3639,#3640,#3661,#3662));
#3639 = ORIENTED_EDGE('',*,*,#3119,.F.);
#3640 = ORIENTED_EDGE('',*,*,#3641,.T.);
#3641 = EDGE_CURVE('',#3120,#3397,#3642,.T.);
#3642 = SEAM_CURVE('',#3643,(#3647,#3654),.PCURVE_S1.);
#3643 = LINE('',#3644,#3645);
#3644 = CARTESIAN_POINT('',(-28.5,0.,26.));
#3645 = VECTOR('',#3646,1.);
#3646 = DIRECTION('',(-0.,-0.,-1.));
#3647 = PCURVE('',#3136,#3648);
#3648 = DEFINITIONAL_REPRESENTATION('',(#3649),#3653);
#3649 = LINE('',#3650,#3651);
#3650 = CARTESIAN_POINT('',(6.28318530718,0.));
#3651 = VECTOR('',#3652,1.);
#3652 = DIRECTION('',(0.,-1.));
#3653 = ( GEOMETRIC_REPRESENTATION_CONTEXT(2) 
PARAMETRIC_REPRESENTATION_CONTEXT() REPRESENTATION_CONTEXT('2D SPACE',''
  ) );
#3654 = PCURVE('',#3136,#3655);
#3655 = DEFINITIONAL_REPRESENTATION('',(#3656),#3660);
#3656 = LINE('',#3657,#3658);
#3657 = CARTESIAN_POINT('',(0.,0.));
#3658 = VECTOR('',#3659,1.);
#3659 = DIRECTION('',(0.,-1.));
#3660 = ( GEOMETRIC_REPRESENTATION_CONTEXT(2) 
PARAMETRIC_REPRESENTATION_CONTEXT() REPRESENTATION_CONTEXT('2D SPACE',''
  ) );
#3661 = ORIENTED_EDGE('',*,*,#3396,.T.);
#3662 = ORIENTED_EDGE('',*,*,#3641,.F.);
#3663 = ADVANCED_FACE('',(#3664),#3323,.F.);
#3664 = FACE_BOUND('',#3665,.F.);
#3665 = EDGE_LOOP('',(#3666,#3667,#3688,#3689));
#3666 = ORIENTED_EDGE('',*,*,#3603,.F.);
#3667 = ORIENTED_EDGE('',*,*,#3668,.T.);
#3668 = EDGE_CURVE('',#3604,#3190,#3669,.T.);
#3669 = SEAM_CURVE('',#3670,(#3674,#3681),.PCURVE_S1.);
#3670 = LINE('',#3671,#3672);
#3671 = CARTESIAN_POINT('',(35.5,0.,26.));
#3672 = VECTOR('',#3673,1.);
#3673 = DIRECTION('',(-0.,-0.,-1.));
#3674 = PCURVE('',#3323,#3675);
#3675 = DEFINITIONAL_REPRESENTATION('',(#3676),#3680);
#3676 = LINE('',#3677,#3678);
#3677 = CARTESIAN_POINT('',(6.28318530718,0.));
#3678 = VECTOR('',#3679,1.);
#3679 = DIRECTION('',(0.,-1.));
#3680 = ( GEOMETRIC_REPRESENTATION_CONTEXT(2) 
PARAMETRIC_REPRESENTATION_CONTEXT() REPRESENTATION_CONTEXT('2D SPACE',''
  ) );
#3681 = PCURVE('',#3323,#3682);
#3682 = DEFINITIONAL_REPRESENTATION('',(#3683),#3687);
#3683 = LINE('',#3684,#3685);
#3684 = CARTESIAN_POINT('',(0.,0.));
#3685 = VECTOR('',#3686,1.);
#3686 = DIRECTION('',(0.,-1.));
#3687 = ( GEOMETRIC_REPRESENTATION_CONTEXT(2) 
PARAMETRIC_REPRESENTATION_CONTEXT() REPRESENTATION_CONTEXT('2D SPACE',''
  ) );
#3688 = ORIENTED_EDGE('',*,*,#3189,.T.);
#3689 = ORIENTED_EDGE('',*,*,#3668,.F.);
#3690 = ( GEOMETRIC_REPRESENTATION_CONTEXT(3) 
GLOBAL_UNCERTAINTY_ASSIGNED_CONTEXT((#3694)) 
GLOBAL_UNIT_ASSIGNED_CONTEXT((#3691,#3692,#3693)) REPRESENTATION_CONTEXT
('Context #1','3D Context with UNIT and UNCERTAINTY') );
#3691 = ( LENGTH_UNIT() NAMED_UNIT(*) SI_UNIT(.MILLI.,.METRE.) );
#3692 = ( NAMED_UNIT(*) PLANE_ANGLE_UNIT() SI_UNIT($,.RADIAN.) );
#3693 = ( NAMED_UNIT(*) SI_UNIT($,.STERADIAN.) SOLID_ANGLE_UNIT() );
#3694 = UNCERTAINTY_MEASURE_WITH_UNIT(LENGTH_MEASURE(1.E-07),#3691,
  'distance_accuracy_value','confusion accuracy');
#3695 = PRODUCT_RELATED_PRODUCT_CATEGORY('part',$,(#7));
ENDSEC;
END-ISO-10303-21;
