ISO-10303-21;
HEADER;
FILE_DESCRIPTION(('Open CASCADE Model'),'2;1');
FILE_NAME('Open CASCADE Shape Model','2026-09-28T14:41:15',('Author'),(
    'Open CASCADE'),'Open CASCADE STEP processor 7.9','Open CASCADE 7.9'
  ,'Unknown');
FILE_SCHEMA(('AUTOMOTIVE_DESIGN { 1 0 10303 214 1 1 1 1 }'));
ENDSEC;
DATA;
#1 = APPLICATION_PROTOCOL_DEFINITION('international standard',
  'automotive_design',2000,#2);
#2 = APPLICATION_CONTEXT(
  'core data for automotive mechanical design processes');
#3 = SHAPE_DEFINITION_REPRESENTATION(#4,#10);
#4 = PRODUCT_DEFINITION_SHAPE('','',#5);
#5 = PRODUCT_DEFINITION('design','',#6,#9);
#6 = PRODUCT_DEFINITION_FORMATION('','',#7);
#7 = PRODUCT('Open CASCADE STEP translator 7.9 1',
  'Open CASCADE STEP translator 7.9 1','',(#8));
#8 = PRODUCT_CONTEXT('',#2,'mechanical');
#9 = PRODUCT_DEFINITION_CONTEXT('part definition',#2,'design');
#10 = ADVANCED_BREP_SHAPE_REPRESENTATION('',(#11,#15),#8745);
#11 = AXIS2_PLACEMENT_3D('',#12,#13,#14);
#12 = CARTESIAN_POINT('',(0.,0.,0.));
#13 = DIRECTION('',(0.,0.,1.));
#14 = DIRECTION('',(1.,0.,-0.));
#15 = MANIFOLD_SOLID_BREP('',#16);
#16 = CLOSED_SHELL('',(#17,#172,#318,#569,#738,#765,#820,#858,#913,#968,
    #995,#1022,#1077,#1104,#1159,#1186,#1225,#1280,#1315,#1350,#1385,
    #1420,#4753,#4788,#5099,#5410,#5774,#6138,#6142,#6668,#7194,#7223,
    #7258,#7287,#7322,#8405,#8430,#8435,#8460,#8465,#8498,#8526,#8559,
    #8587,#8620,#8653,#8657,#8662,#8670,#8696,#8701,#8706,#8714,#8740));
#17 = ADVANCED_FACE('',(#18,#137),#32,.F.);
#18 = FACE_BOUND('',#19,.F.);
#19 = EDGE_LOOP('',(#20,#55,#83,#111));
#20 = ORIENTED_EDGE('',*,*,#21,.F.);
#21 = EDGE_CURVE('',#22,#24,#26,.T.);
#22 = VERTEX_POINT('',#23);
#23 = CARTESIAN_POINT('',(-50.,-30.,0.));
#24 = VERTEX_POINT('',#25);
#25 = CARTESIAN_POINT('',(-50.,-30.,45.));
#26 = SURFACE_CURVE('',#27,(#31,#43),.PCURVE_S1.);
#27 = LINE('',#28,#29);
#28 = CARTESIAN_POINT('',(-50.,-30.,0.));
#29 = VECTOR('',#30,1.);
#30 = DIRECTION('',(0.,0.,1.));
#31 = PCURVE('',#32,#37);
#32 = PLANE('',#33);
#33 = AXIS2_PLACEMENT_3D('',#34,#35,#36);
#34 = CARTESIAN_POINT('',(-50.,-30.,0.));
#35 = DIRECTION('',(1.,0.,0.));
#36 = DIRECTION('',(0.,0.,1.));
#37 = DEFINITIONAL_REPRESENTATION('',(#38),#42);
#38 = LINE('',#39,#40);
#39 = CARTESIAN_POINT('',(0.,0.));
#40 = VECTOR('',#41,1.);
#41 = DIRECTION('',(1.,0.));
#42 = ( GEOMETRIC_REPRESENTATION_CONTEXT(2) 
PARAMETRIC_REPRESENTATION_CONTEXT() REPRESENTATION_CONTEXT('2D SPACE',''
  ) );
#43 = PCURVE('',#44,#49);
#44 = PLANE('',#45);
#45 = AXIS2_PLACEMENT_3D('',#46,#47,#48);
#46 = CARTESIAN_POINT('',(-50.,-30.,0.));
#47 = DIRECTION('',(0.,1.,0.));
#48 = DIRECTION('',(0.,0.,1.));
#49 = DEFINITIONAL_REPRESENTATION('',(#50),#54);
#50 = LINE('',#51,#52);
#51 = CARTESIAN_POINT('',(0.,0.));
#52 = VECTOR('',#53,1.);
#53 = DIRECTION('',(1.,0.));
#54 = ( GEOMETRIC_REPRESENTATION_CONTEXT(2) 
PARAMETRIC_REPRESENTATION_CONTEXT() REPRESENTATION_CONTEXT('2D SPACE',''
  ) );
#55 = ORIENTED_EDGE('',*,*,#56,.T.);
#56 = EDGE_CURVE('',#22,#57,#59,.T.);
#57 = VERTEX_POINT('',#58);
#58 = CARTESIAN_POINT('',(-50.,30.,0.));
#59 = SURFACE_CURVE('',#60,(#64,#71),.PCURVE_S1.);
#60 = LINE('',#61,#62);
#61 = CARTESIAN_POINT('',(-50.,-30.,0.));
#62 = VECTOR('',#63,1.);
#63 = DIRECTION('',(0.,1.,0.));
#64 = PCURVE('',#32,#65);
#65 = DEFINITIONAL_REPRESENTATION('',(#66),#70);
#66 = LINE('',#67,#68);
#67 = CARTESIAN_POINT('',(0.,0.));
#68 = VECTOR('',#69,1.);
#69 = DIRECTION('',(0.,-1.));
#70 = ( GEOMETRIC_REPRESENTATION_CONTEXT(2) 
PARAMETRIC_REPRESENTATION_CONTEXT() REPRESENTATION_CONTEXT('2D SPACE',''
  ) );
#71 = PCURVE('',#72,#77);
#72 = PLANE('',#73);
#73 = AXIS2_PLACEMENT_3D('',#74,#75,#76);
#74 = CARTESIAN_POINT('',(-50.,-30.,0.));
#75 = DIRECTION('',(0.,0.,1.));
#76 = DIRECTION('',(1.,0.,0.));
#77 = DEFINITIONAL_REPRESENTATION('',(#78),#82);
#78 = LINE('',#79,#80);
#79 = CARTESIAN_POINT('',(0.,0.));
#80 = VECTOR('',#81,1.);
#81 = DIRECTION('',(0.,1.));
#82 = ( GEOMETRIC_REPRESENTATION_CONTEXT(2) 
PARAMETRIC_REPRESENTATION_CONTEXT() REPRESENTATION_CONTEXT('2D SPACE',''
  ) );
#83 = ORIENTED_EDGE('',*,*,#84,.T.);
#84 = EDGE_CURVE('',#57,#85,#87,.T.);
#85 = VERTEX_POINT('',#86);
#86 = CARTESIAN_POINT('',(-50.,30.,45.));
#87 = SURFACE_CURVE('',#88,(#92,#99),.PCURVE_S1.);
#88 = LINE('',#89,#90);
#89 = CARTESIAN_POINT('',(-50.,30.,0.));
#90 = VECTOR('',#91,1.);
#91 = DIRECTION('',(0.,0.,1.));
#92 = PCURVE('',#32,#93);
#93 = DEFINITIONAL_REPRESENTATION('',(#94),#98);
#94 = LINE('',#95,#96);
#95 = CARTESIAN_POINT('',(0.,-60.));
#96 = VECTOR('',#97,1.);
#97 = DIRECTION('',(1.,0.));
#98 = ( GEOMETRIC_REPRESENTATION_CONTEXT(2) 
PARAMETRIC_REPRESENTATION_CONTEXT() REPRESENTATION_CONTEXT('2D SPACE',''
  ) );
#99 = PCURVE('',#100,#105);
#100 = PLANE('',#101);
#101 = AXIS2_PLACEMENT_3D('',#102,#103,#104);
#102 = CARTESIAN_POINT('',(-50.,30.,0.));
#103 = DIRECTION('',(0.,1.,0.));
#104 = DIRECTION('',(0.,0.,1.));
#105 = DEFINITIONAL_REPRESENTATION('',(#106),#110);
#106 = LINE('',#107,#108);
#107 = CARTESIAN_POINT('',(0.,0.));
#108 = VECTOR('',#109,1.);
#109 = DIRECTION('',(1.,0.));
#110 = ( GEOMETRIC_REPRESENTATION_CONTEXT(2) 
PARAMETRIC_REPRESENTATION_CONTEXT() REPRESENTATION_CONTEXT('2D SPACE',''
  ) );
#111 = ORIENTED_EDGE('',*,*,#112,.F.);
#112 = EDGE_CURVE('',#24,#85,#113,.T.);
#113 = SURFACE_CURVE('',#114,(#118,#125),.PCURVE_S1.);
#114 = LINE('',#115,#116);
#115 = CARTESIAN_POINT('',(-50.,-30.,45.));
#116 = VECTOR('',#117,1.);
#117 = DIRECTION('',(0.,1.,0.));
#118 = PCURVE('',#32,#119);
#119 = DEFINITIONAL_REPRESENTATION('',(#120),#124);
#120 = LINE('',#121,#122);
#121 = CARTESIAN_POINT('',(45.,0.));
#122 = VECTOR('',#123,1.);
#123 = DIRECTION('',(0.,-1.));
#124 = ( GEOMETRIC_REPRESENTATION_CONTEXT(2) 
PARAMETRIC_REPRESENTATION_CONTEXT() REPRESENTATION_CONTEXT('2D SPACE',''
  ) );
#125 = PCURVE('',#126,#131);
#126 = PLANE('',#127);
#127 = AXIS2_PLACEMENT_3D('',#128,#129,#130);
#128 = CARTESIAN_POINT('',(-50.,-30.,45.));
#129 = DIRECTION('',(0.,0.,1.));
#130 = DIRECTION('',(1.,0.,0.));
#131 = DEFINITIONAL_REPRESENTATION('',(#132),#136);
#132 = LINE('',#133,#134);
#133 = CARTESIAN_POINT('',(0.,0.));
#134 = VECTOR('',#135,1.);
#135 = DIRECTION('',(0.,1.));
#136 = ( GEOMETRIC_REPRESENTATION_CONTEXT(2) 
PARAMETRIC_REPRESENTATION_CONTEXT() REPRESENTATION_CONTEXT('2D SPACE',''
  ) );
#137 = FACE_BOUND('',#138,.F.);
#138 = EDGE_LOOP('',(#139));
#139 = ORIENTED_EDGE('',*,*,#140,.T.);
#140 = EDGE_CURVE('',#141,#141,#143,.T.);
#141 = VERTEX_POINT('',#142);
#142 = CARTESIAN_POINT('',(-50.,1.75,15.));
#143 = SURFACE_CURVE('',#144,(#149,#160),.PCURVE_S1.);
#144 = CIRCLE('',#145,5.75);
#145 = AXIS2_PLACEMENT_3D('',#146,#147,#148);
#146 = CARTESIAN_POINT('',(-50.,-4.,15.));
#147 = DIRECTION('',(-1.,0.,0.));
#148 = DIRECTION('',(0.,1.,0.));
#149 = PCURVE('',#32,#150);
#150 = DEFINITIONAL_REPRESENTATION('',(#151),#159);
#151 = ( BOUNDED_CURVE() B_SPLINE_CURVE(2,(#152,#153,#154,#155,#156,#157
,#158),.UNSPECIFIED.,.T.,.F.) B_SPLINE_CURVE_WITH_KNOTS((1,2,2,2,2,1),(
    -2.094395102393,0.,2.094395102393,4.188790204786,6.28318530718,
8.377580409573),.UNSPECIFIED.) CURVE() GEOMETRIC_REPRESENTATION_ITEM() 
RATIONAL_B_SPLINE_CURVE((1.,0.5,1.,0.5,1.,0.5,1.)) REPRESENTATION_ITEM(
  '') );
#152 = CARTESIAN_POINT('',(15.,-31.75));
#153 = CARTESIAN_POINT('',(5.040707856479,-31.75));
#154 = CARTESIAN_POINT('',(10.020353928239,-23.125));
#155 = CARTESIAN_POINT('',(15.,-14.5));
#156 = CARTESIAN_POINT('',(19.979646071761,-23.125));
#157 = CARTESIAN_POINT('',(24.959292143521,-31.75));
#158 = CARTESIAN_POINT('',(15.,-31.75));
#159 = ( GEOMETRIC_REPRESENTATION_CONTEXT(2) 
PARAMETRIC_REPRESENTATION_CONTEXT() REPRESENTATION_CONTEXT('2D SPACE',''
  ) );
#160 = PCURVE('',#161,#166);
#161 = CYLINDRICAL_SURFACE('',#162,5.75);
#162 = AXIS2_PLACEMENT_3D('',#163,#164,#165);
#163 = CARTESIAN_POINT('',(-51.,-4.,15.));
#164 = DIRECTION('',(-1.,-0.,-0.));
#165 = DIRECTION('',(0.,1.,0.));
#166 = DEFINITIONAL_REPRESENTATION('',(#167),#171);
#167 = LINE('',#168,#169);
#168 = CARTESIAN_POINT('',(-6.28318530718,-1.));
#169 = VECTOR('',#170,1.);
#170 = DIRECTION('',(1.,-0.));
#171 = ( GEOMETRIC_REPRESENTATION_CONTEXT(2) 
PARAMETRIC_REPRESENTATION_CONTEXT() REPRESENTATION_CONTEXT('2D SPACE',''
  ) );
#172 = ADVANCED_FACE('',(#173,#248,#283),#44,.F.);
#173 = FACE_BOUND('',#174,.F.);
#174 = EDGE_LOOP('',(#175,#198,#199,#222));
#175 = ORIENTED_EDGE('',*,*,#176,.F.);
#176 = EDGE_CURVE('',#22,#177,#179,.T.);
#177 = VERTEX_POINT('',#178);
#178 = CARTESIAN_POINT('',(50.,-30.,0.));
#179 = SURFACE_CURVE('',#180,(#184,#191),.PCURVE_S1.);
#180 = LINE('',#181,#182);
#181 = CARTESIAN_POINT('',(-50.,-30.,0.));
#182 = VECTOR('',#183,1.);
#183 = DIRECTION('',(1.,0.,0.));
#184 = PCURVE('',#44,#185);
#185 = DEFINITIONAL_REPRESENTATION('',(#186),#190);
#186 = LINE('',#187,#188);
#187 = CARTESIAN_POINT('',(0.,0.));
#188 = VECTOR('',#189,1.);
#189 = DIRECTION('',(0.,1.));
#190 = ( GEOMETRIC_REPRESENTATION_CONTEXT(2) 
PARAMETRIC_REPRESENTATION_CONTEXT() REPRESENTATION_CONTEXT('2D SPACE',''
  ) );
#191 = PCURVE('',#72,#192);
#192 = DEFINITIONAL_REPRESENTATION('',(#193),#197);
#193 = LINE('',#194,#195);
#194 = CARTESIAN_POINT('',(0.,0.));
#195 = VECTOR('',#196,1.);
#196 = DIRECTION('',(1.,0.));
#197 = ( GEOMETRIC_REPRESENTATION_CONTEXT(2) 
PARAMETRIC_REPRESENTATION_CONTEXT() REPRESENTATION_CONTEXT('2D SPACE',''
  ) );
#198 = ORIENTED_EDGE('',*,*,#21,.T.);
#199 = ORIENTED_EDGE('',*,*,#200,.T.);
#200 = EDGE_CURVE('',#24,#201,#203,.T.);
#201 = VERTEX_POINT('',#202);
#202 = CARTESIAN_POINT('',(50.,-30.,45.));
#203 = SURFACE_CURVE('',#204,(#208,#215),.PCURVE_S1.);
#204 = LINE('',#205,#206);
#205 = CARTESIAN_POINT('',(-50.,-30.,45.));
#206 = VECTOR('',#207,1.);
#207 = DIRECTION('',(1.,0.,0.));
#208 = PCURVE('',#44,#209);
#209 = DEFINITIONAL_REPRESENTATION('',(#210),#214);
#210 = LINE('',#211,#212);
#211 = CARTESIAN_POINT('',(45.,0.));
#212 = VECTOR('',#213,1.);
#213 = DIRECTION('',(0.,1.));
#214 = ( GEOMETRIC_REPRESENTATION_CONTEXT(2) 
PARAMETRIC_REPRESENTATION_CONTEXT() REPRESENTATION_CONTEXT('2D SPACE',''
  ) );
#215 = PCURVE('',#126,#216);
#216 = DEFINITIONAL_REPRESENTATION('',(#217),#221);
#217 = LINE('',#218,#219);
#218 = CARTESIAN_POINT('',(0.,0.));
#219 = VECTOR('',#220,1.);
#220 = DIRECTION('',(1.,0.));
#221 = ( GEOMETRIC_REPRESENTATION_CONTEXT(2) 
PARAMETRIC_REPRESENTATION_CONTEXT() REPRESENTATION_CONTEXT('2D SPACE',''
  ) );
#222 = ORIENTED_EDGE('',*,*,#223,.F.);
#223 = EDGE_CURVE('',#177,#201,#224,.T.);
#224 = SURFACE_CURVE('',#225,(#229,#236),.PCURVE_S1.);
#225 = LINE('',#226,#227);
#226 = CARTESIAN_POINT('',(50.,-30.,0.));
#227 = VECTOR('',#228,1.);
#228 = DIRECTION('',(0.,0.,1.));
#229 = PCURVE('',#44,#230);
#230 = DEFINITIONAL_REPRESENTATION('',(#231),#235);
#231 = LINE('',#232,#233);
#232 = CARTESIAN_POINT('',(0.,100.));
#233 = VECTOR('',#234,1.);
#234 = DIRECTION('',(1.,0.));
#235 = ( GEOMETRIC_REPRESENTATION_CONTEXT(2) 
PARAMETRIC_REPRESENTATION_CONTEXT() REPRESENTATION_CONTEXT('2D SPACE',''
  ) );
#236 = PCURVE('',#237,#242);
#237 = PLANE('',#238);
#238 = AXIS2_PLACEMENT_3D('',#239,#240,#241);
#239 = CARTESIAN_POINT('',(50.,-30.,0.));
#240 = DIRECTION('',(1.,0.,0.));
#241 = DIRECTION('',(0.,0.,1.));
#242 = DEFINITIONAL_REPRESENTATION('',(#243),#247);
#243 = LINE('',#244,#245);
#244 = CARTESIAN_POINT('',(0.,0.));
#245 = VECTOR('',#246,1.);
#246 = DIRECTION('',(1.,0.));
#247 = ( GEOMETRIC_REPRESENTATION_CONTEXT(2) 
PARAMETRIC_REPRESENTATION_CONTEXT() REPRESENTATION_CONTEXT('2D SPACE',''
  ) );
#248 = FACE_BOUND('',#249,.F.);
#249 = EDGE_LOOP('',(#250));
#250 = ORIENTED_EDGE('',*,*,#251,.T.);
#251 = EDGE_CURVE('',#252,#252,#254,.T.);
#252 = VERTEX_POINT('',#253);
#253 = CARTESIAN_POINT('',(-19.25,-30.,10.));
#254 = SURFACE_CURVE('',#255,(#260,#271),.PCURVE_S1.);
#255 = CIRCLE('',#256,5.75);
#256 = AXIS2_PLACEMENT_3D('',#257,#258,#259);
#257 = CARTESIAN_POINT('',(-25.,-30.,10.));
#258 = DIRECTION('',(0.,-1.,0.));
#259 = DIRECTION('',(1.,0.,0.));
#260 = PCURVE('',#44,#261);
#261 = DEFINITIONAL_REPRESENTATION('',(#262),#270);
#262 = ( BOUNDED_CURVE() B_SPLINE_CURVE(2,(#263,#264,#265,#266,#267,#268
,#269),.UNSPECIFIED.,.T.,.F.) B_SPLINE_CURVE_WITH_KNOTS((1,2,2,2,2,1),(
    -2.094395102393,0.,2.094395102393,4.188790204786,6.28318530718,
8.377580409573),.UNSPECIFIED.) CURVE() GEOMETRIC_REPRESENTATION_ITEM() 
RATIONAL_B_SPLINE_CURVE((1.,0.5,1.,0.5,1.,0.5,1.)) REPRESENTATION_ITEM(
  '') );
#263 = CARTESIAN_POINT('',(10.,30.75));
#264 = CARTESIAN_POINT('',(19.959292143521,30.75));
#265 = CARTESIAN_POINT('',(14.979646071761,22.125));
#266 = CARTESIAN_POINT('',(10.,13.5));
#267 = CARTESIAN_POINT('',(5.020353928239,22.125));
#268 = CARTESIAN_POINT('',(4.070785647895E-02,30.75));
#269 = CARTESIAN_POINT('',(10.,30.75));
#270 = ( GEOMETRIC_REPRESENTATION_CONTEXT(2) 
PARAMETRIC_REPRESENTATION_CONTEXT() REPRESENTATION_CONTEXT('2D SPACE',''
  ) );
#271 = PCURVE('',#272,#277);
#272 = CYLINDRICAL_SURFACE('',#273,5.75);
#273 = AXIS2_PLACEMENT_3D('',#274,#275,#276);
#274 = CARTESIAN_POINT('',(-25.,-31.,10.));
#275 = DIRECTION('',(0.,-1.,0.));
#276 = DIRECTION('',(1.,0.,0.));
#277 = DEFINITIONAL_REPRESENTATION('',(#278),#282);
#278 = LINE('',#279,#280);
#279 = CARTESIAN_POINT('',(0.,-1.));
#280 = VECTOR('',#281,1.);
#281 = DIRECTION('',(1.,0.));
#282 = ( GEOMETRIC_REPRESENTATION_CONTEXT(2) 
PARAMETRIC_REPRESENTATION_CONTEXT() REPRESENTATION_CONTEXT('2D SPACE',''
  ) );
#283 = FACE_BOUND('',#284,.F.);
#284 = EDGE_LOOP('',(#285));
#285 = ORIENTED_EDGE('',*,*,#286,.T.);
#286 = EDGE_CURVE('',#287,#287,#289,.T.);
#287 = VERTEX_POINT('',#288);
#288 = CARTESIAN_POINT('',(30.75,-30.,10.));
#289 = SURFACE_CURVE('',#290,(#295,#306),.PCURVE_S1.);
#290 = CIRCLE('',#291,5.75);
#291 = AXIS2_PLACEMENT_3D('',#292,#293,#294);
#292 = CARTESIAN_POINT('',(25.,-30.,10.));
#293 = DIRECTION('',(0.,-1.,0.));
#294 = DIRECTION('',(1.,0.,0.));
#295 = PCURVE('',#44,#296);
#296 = DEFINITIONAL_REPRESENTATION('',(#297),#305);
#297 = ( BOUNDED_CURVE() B_SPLINE_CURVE(2,(#298,#299,#300,#301,#302,#303
,#304),.UNSPECIFIED.,.T.,.F.) B_SPLINE_CURVE_WITH_KNOTS((1,2,2,2,2,1),(
    -2.094395102393,0.,2.094395102393,4.188790204786,6.28318530718,
8.377580409573),.UNSPECIFIED.) CURVE() GEOMETRIC_REPRESENTATION_ITEM() 
RATIONAL_B_SPLINE_CURVE((1.,0.5,1.,0.5,1.,0.5,1.)) REPRESENTATION_ITEM(
  '') );
#298 = CARTESIAN_POINT('',(10.,80.75));
#299 = CARTESIAN_POINT('',(19.959292143521,80.75));
#300 = CARTESIAN_POINT('',(14.979646071761,72.125));
#301 = CARTESIAN_POINT('',(10.,63.5));
#302 = CARTESIAN_POINT('',(5.020353928239,72.125));
#303 = CARTESIAN_POINT('',(4.070785647895E-02,80.75));
#304 = CARTESIAN_POINT('',(10.,80.75));
#305 = ( GEOMETRIC_REPRESENTATION_CONTEXT(2) 
PARAMETRIC_REPRESENTATION_CONTEXT() REPRESENTATION_CONTEXT('2D SPACE',''
  ) );
#306 = PCURVE('',#307,#312);
#307 = CYLINDRICAL_SURFACE('',#308,5.75);
#308 = AXIS2_PLACEMENT_3D('',#309,#310,#311);
#309 = CARTESIAN_POINT('',(25.,-31.,10.));
#310 = DIRECTION('',(0.,-1.,0.));
#311 = DIRECTION('',(1.,0.,0.));
#312 = DEFINITIONAL_REPRESENTATION('',(#313),#317);
#313 = LINE('',#314,#315);
#314 = CARTESIAN_POINT('',(0.,-1.));
#315 = VECTOR('',#316,1.);
#316 = DIRECTION('',(1.,0.));
#317 = ( GEOMETRIC_REPRESENTATION_CONTEXT(2) 
PARAMETRIC_REPRESENTATION_CONTEXT() REPRESENTATION_CONTEXT('2D SPACE',''
  ) );
#318 = ADVANCED_FACE('',(#319,#367,#402,#437,#468,#503,#534),#126,.T.);
#319 = FACE_BOUND('',#320,.T.);
#320 = EDGE_LOOP('',(#321,#322,#323,#346));
#321 = ORIENTED_EDGE('',*,*,#112,.F.);
#322 = ORIENTED_EDGE('',*,*,#200,.T.);
#323 = ORIENTED_EDGE('',*,*,#324,.T.);
#324 = EDGE_CURVE('',#201,#325,#327,.T.);
#325 = VERTEX_POINT('',#326);
#326 = CARTESIAN_POINT('',(50.,30.,45.));
#327 = SURFACE_CURVE('',#328,(#332,#339),.PCURVE_S1.);
#328 = LINE('',#329,#330);
#329 = CARTESIAN_POINT('',(50.,-30.,45.));
#330 = VECTOR('',#331,1.);
#331 = DIRECTION('',(0.,1.,0.));
#332 = PCURVE('',#126,#333);
#333 = DEFINITIONAL_REPRESENTATION('',(#334),#338);
#334 = LINE('',#335,#336);
#335 = CARTESIAN_POINT('',(100.,0.));
#336 = VECTOR('',#337,1.);
#337 = DIRECTION('',(0.,1.));
#338 = ( GEOMETRIC_REPRESENTATION_CONTEXT(2) 
PARAMETRIC_REPRESENTATION_CONTEXT() REPRESENTATION_CONTEXT('2D SPACE',''
  ) );
#339 = PCURVE('',#237,#340);
#340 = DEFINITIONAL_REPRESENTATION('',(#341),#345);
#341 = LINE('',#342,#343);
#342 = CARTESIAN_POINT('',(45.,0.));
#343 = VECTOR('',#344,1.);
#344 = DIRECTION('',(0.,-1.));
#345 = ( GEOMETRIC_REPRESENTATION_CONTEXT(2) 
PARAMETRIC_REPRESENTATION_CONTEXT() REPRESENTATION_CONTEXT('2D SPACE',''
  ) );
#346 = ORIENTED_EDGE('',*,*,#347,.F.);
#347 = EDGE_CURVE('',#85,#325,#348,.T.);
#348 = SURFACE_CURVE('',#349,(#353,#360),.PCURVE_S1.);
#349 = LINE('',#350,#351);
#350 = CARTESIAN_POINT('',(-50.,30.,45.));
#351 = VECTOR('',#352,1.);
#352 = DIRECTION('',(1.,0.,0.));
#353 = PCURVE('',#126,#354);
#354 = DEFINITIONAL_REPRESENTATION('',(#355),#359);
#355 = LINE('',#356,#357);
#356 = CARTESIAN_POINT('',(0.,60.));
#357 = VECTOR('',#358,1.);
#358 = DIRECTION('',(1.,0.));
#359 = ( GEOMETRIC_REPRESENTATION_CONTEXT(2) 
PARAMETRIC_REPRESENTATION_CONTEXT() REPRESENTATION_CONTEXT('2D SPACE',''
  ) );
#360 = PCURVE('',#100,#361);
#361 = DEFINITIONAL_REPRESENTATION('',(#362),#366);
#362 = LINE('',#363,#364);
#363 = CARTESIAN_POINT('',(45.,0.));
#364 = VECTOR('',#365,1.);
#365 = DIRECTION('',(0.,1.));
#366 = ( GEOMETRIC_REPRESENTATION_CONTEXT(2) 
PARAMETRIC_REPRESENTATION_CONTEXT() REPRESENTATION_CONTEXT('2D SPACE',''
  ) );
#367 = FACE_BOUND('',#368,.T.);
#368 = EDGE_LOOP('',(#369));
#369 = ORIENTED_EDGE('',*,*,#370,.T.);
#370 = EDGE_CURVE('',#371,#371,#373,.T.);
#371 = VERTEX_POINT('',#372);
#372 = CARTESIAN_POINT('',(-35.5,-22.,45.));
#373 = SURFACE_CURVE('',#374,(#379,#390),.PCURVE_S1.);
#374 = CIRCLE('',#375,4.5);
#375 = AXIS2_PLACEMENT_3D('',#376,#377,#378);
#376 = CARTESIAN_POINT('',(-40.,-22.,45.));
#377 = DIRECTION('',(0.,0.,-1.));
#378 = DIRECTION('',(1.,0.,0.));
#379 = PCURVE('',#126,#380);
#380 = DEFINITIONAL_REPRESENTATION('',(#381),#389);
#381 = ( BOUNDED_CURVE() B_SPLINE_CURVE(2,(#382,#383,#384,#385,#386,#387
,#388),.UNSPECIFIED.,.T.,.F.) B_SPLINE_CURVE_WITH_KNOTS((1,2,2,2,2,1),(
    -2.094395102393,0.,2.094395102393,4.188790204786,6.28318530718,
8.377580409573),.UNSPECIFIED.) CURVE() GEOMETRIC_REPRESENTATION_ITEM() 
RATIONAL_B_SPLINE_CURVE((1.,0.5,1.,0.5,1.,0.5,1.)) REPRESENTATION_ITEM(
  '') );
#382 = CARTESIAN_POINT('',(14.5,8.));
#383 = CARTESIAN_POINT('',(14.5,0.20577136594));
#384 = CARTESIAN_POINT('',(7.75,4.10288568297));
#385 = CARTESIAN_POINT('',(1.,8.));
#386 = CARTESIAN_POINT('',(7.75,11.89711431703));
#387 = CARTESIAN_POINT('',(14.5,15.79422863406));
#388 = CARTESIAN_POINT('',(14.5,8.));
#389 = ( GEOMETRIC_REPRESENTATION_CONTEXT(2) 
PARAMETRIC_REPRESENTATION_CONTEXT() REPRESENTATION_CONTEXT('2D SPACE',''
  ) );
#390 = PCURVE('',#391,#396);
#391 = CYLINDRICAL_SURFACE('',#392,4.5);
#392 = AXIS2_PLACEMENT_3D('',#393,#394,#395);
#393 = CARTESIAN_POINT('',(-40.,-22.,-1.));
#394 = DIRECTION('',(-0.,-0.,-1.));
#395 = DIRECTION('',(1.,0.,0.));
#396 = DEFINITIONAL_REPRESENTATION('',(#397),#401);
#397 = LINE('',#398,#399);
#398 = CARTESIAN_POINT('',(-6.28318530718,-46.));
#399 = VECTOR('',#400,1.);
#400 = DIRECTION('',(1.,-0.));
#401 = ( GEOMETRIC_REPRESENTATION_CONTEXT(2) 
PARAMETRIC_REPRESENTATION_CONTEXT() REPRESENTATION_CONTEXT('2D SPACE',''
  ) );
#402 = FACE_BOUND('',#403,.T.);
#403 = EDGE_LOOP('',(#404));
#404 = ORIENTED_EDGE('',*,*,#405,.T.);
#405 = EDGE_CURVE('',#406,#406,#408,.T.);
#406 = VERTEX_POINT('',#407);
#407 = CARTESIAN_POINT('',(44.5,-22.,45.));
#408 = SURFACE_CURVE('',#409,(#414,#425),.PCURVE_S1.);
#409 = CIRCLE('',#410,4.5);
#410 = AXIS2_PLACEMENT_3D('',#411,#412,#413);
#411 = CARTESIAN_POINT('',(40.,-22.,45.));
#412 = DIRECTION('',(0.,0.,-1.));
#413 = DIRECTION('',(1.,0.,0.));
#414 = PCURVE('',#126,#415);
#415 = DEFINITIONAL_REPRESENTATION('',(#416),#424);
#416 = ( BOUNDED_CURVE() B_SPLINE_CURVE(2,(#417,#418,#419,#420,#421,#422
,#423),.UNSPECIFIED.,.T.,.F.) B_SPLINE_CURVE_WITH_KNOTS((1,2,2,2,2,1),(
    -2.094395102393,0.,2.094395102393,4.188790204786,6.28318530718,
8.377580409573),.UNSPECIFIED.) CURVE() GEOMETRIC_REPRESENTATION_ITEM() 
RATIONAL_B_SPLINE_CURVE((1.,0.5,1.,0.5,1.,0.5,1.)) REPRESENTATION_ITEM(
  '') );
#417 = CARTESIAN_POINT('',(94.5,8.));
#418 = CARTESIAN_POINT('',(94.5,0.20577136594));
#419 = CARTESIAN_POINT('',(87.75,4.10288568297));
#420 = CARTESIAN_POINT('',(81.,8.));
#421 = CARTESIAN_POINT('',(87.75,11.89711431703));
#422 = CARTESIAN_POINT('',(94.5,15.79422863406));
#423 = CARTESIAN_POINT('',(94.5,8.));
#424 = ( GEOMETRIC_REPRESENTATION_CONTEXT(2) 
PARAMETRIC_REPRESENTATION_CONTEXT() REPRESENTATION_CONTEXT('2D SPACE',''
  ) );
#425 = PCURVE('',#426,#431);
#426 = CYLINDRICAL_SURFACE('',#427,4.5);
#427 = AXIS2_PLACEMENT_3D('',#428,#429,#430);
#428 = CARTESIAN_POINT('',(40.,-22.,-1.));
#429 = DIRECTION('',(-0.,-0.,-1.));
#430 = DIRECTION('',(1.,0.,0.));
#431 = DEFINITIONAL_REPRESENTATION('',(#432),#436);
#432 = LINE('',#433,#434);
#433 = CARTESIAN_POINT('',(-6.28318530718,-46.));
#434 = VECTOR('',#435,1.);
#435 = DIRECTION('',(1.,-0.));
#436 = ( GEOMETRIC_REPRESENTATION_CONTEXT(2) 
PARAMETRIC_REPRESENTATION_CONTEXT() REPRESENTATION_CONTEXT('2D SPACE',''
  ) );
#437 = FACE_BOUND('',#438,.T.);
#438 = EDGE_LOOP('',(#439));
#439 = ORIENTED_EDGE('',*,*,#440,.F.);
#440 = EDGE_CURVE('',#441,#441,#443,.T.);
#441 = VERTEX_POINT('',#442);
#442 = CARTESIAN_POINT('',(-15.25,0.,45.));
#443 = SURFACE_CURVE('',#444,(#449,#456),.PCURVE_S1.);
#444 = CIRCLE('',#445,9.75);
#445 = AXIS2_PLACEMENT_3D('',#446,#447,#448);
#446 = CARTESIAN_POINT('',(-25.,0.,45.));
#447 = DIRECTION('',(0.,0.,1.));
#448 = DIRECTION('',(1.,0.,-0.));
#449 = PCURVE('',#126,#450);
#450 = DEFINITIONAL_REPRESENTATION('',(#451),#455);
#451 = CIRCLE('',#452,9.75);
#452 = AXIS2_PLACEMENT_2D('',#453,#454);
#453 = CARTESIAN_POINT('',(25.,30.));
#454 = DIRECTION('',(1.,0.));
#455 = ( GEOMETRIC_REPRESENTATION_CONTEXT(2) 
PARAMETRIC_REPRESENTATION_CONTEXT() REPRESENTATION_CONTEXT('2D SPACE',''
  ) );
#456 = PCURVE('',#457,#462);
#457 = CYLINDRICAL_SURFACE('',#458,9.75);
#458 = AXIS2_PLACEMENT_3D('',#459,#460,#461);
#459 = CARTESIAN_POINT('',(-25.,0.,46.));
#460 = DIRECTION('',(0.,0.,1.));
#461 = DIRECTION('',(1.,0.,0.));
#462 = DEFINITIONAL_REPRESENTATION('',(#463),#467);
#463 = LINE('',#464,#465);
#464 = CARTESIAN_POINT('',(0.,-1.));
#465 = VECTOR('',#466,1.);
#466 = DIRECTION('',(1.,0.));
#467 = ( GEOMETRIC_REPRESENTATION_CONTEXT(2) 
PARAMETRIC_REPRESENTATION_CONTEXT() REPRESENTATION_CONTEXT('2D SPACE',''
  ) );
#468 = FACE_BOUND('',#469,.T.);
#469 = EDGE_LOOP('',(#470));
#470 = ORIENTED_EDGE('',*,*,#471,.T.);
#471 = EDGE_CURVE('',#472,#472,#474,.T.);
#472 = VERTEX_POINT('',#473);
#473 = CARTESIAN_POINT('',(-35.5,22.,45.));
#474 = SURFACE_CURVE('',#475,(#480,#491),.PCURVE_S1.);
#475 = CIRCLE('',#476,4.5);
#476 = AXIS2_PLACEMENT_3D('',#477,#478,#479);
#477 = CARTESIAN_POINT('',(-40.,22.,45.));
#478 = DIRECTION('',(0.,0.,-1.));
#479 = DIRECTION('',(1.,0.,0.));
#480 = PCURVE('',#126,#481);
#481 = DEFINITIONAL_REPRESENTATION('',(#482),#490);
#482 = ( BOUNDED_CURVE() B_SPLINE_CURVE(2,(#483,#484,#485,#486,#487,#488
,#489),.UNSPECIFIED.,.T.,.F.) B_SPLINE_CURVE_WITH_KNOTS((1,2,2,2,2,1),(
    -2.094395102393,0.,2.094395102393,4.188790204786,6.28318530718,
8.377580409573),.UNSPECIFIED.) CURVE() GEOMETRIC_REPRESENTATION_ITEM() 
RATIONAL_B_SPLINE_CURVE((1.,0.5,1.,0.5,1.,0.5,1.)) REPRESENTATION_ITEM(
  '') );
#483 = CARTESIAN_POINT('',(14.5,52.));
#484 = CARTESIAN_POINT('',(14.5,44.20577136594));
#485 = CARTESIAN_POINT('',(7.75,48.10288568297));
#486 = CARTESIAN_POINT('',(1.,52.));
#487 = CARTESIAN_POINT('',(7.75,55.89711431703));
#488 = CARTESIAN_POINT('',(14.5,59.79422863406));
#489 = CARTESIAN_POINT('',(14.5,52.));
#490 = ( GEOMETRIC_REPRESENTATION_CONTEXT(2) 
PARAMETRIC_REPRESENTATION_CONTEXT() REPRESENTATION_CONTEXT('2D SPACE',''
  ) );
#491 = PCURVE('',#492,#497);
#492 = CYLINDRICAL_SURFACE('',#493,4.5);
#493 = AXIS2_PLACEMENT_3D('',#494,#495,#496);
#494 = CARTESIAN_POINT('',(-40.,22.,-1.));
#495 = DIRECTION('',(-0.,-0.,-1.));
#496 = DIRECTION('',(1.,0.,0.));
#497 = DEFINITIONAL_REPRESENTATION('',(#498),#502);
#498 = LINE('',#499,#500);
#499 = CARTESIAN_POINT('',(-6.28318530718,-46.));
#500 = VECTOR('',#501,1.);
#501 = DIRECTION('',(1.,-0.));
#502 = ( GEOMETRIC_REPRESENTATION_CONTEXT(2) 
PARAMETRIC_REPRESENTATION_CONTEXT() REPRESENTATION_CONTEXT('2D SPACE',''
  ) );
#503 = FACE_BOUND('',#504,.T.);
#504 = EDGE_LOOP('',(#505));
#505 = ORIENTED_EDGE('',*,*,#506,.F.);
#506 = EDGE_CURVE('',#507,#507,#509,.T.);
#507 = VERTEX_POINT('',#508);
#508 = CARTESIAN_POINT('',(34.75,0.,45.));
#509 = SURFACE_CURVE('',#510,(#515,#522),.PCURVE_S1.);
#510 = CIRCLE('',#511,9.75);
#511 = AXIS2_PLACEMENT_3D('',#512,#513,#514);
#512 = CARTESIAN_POINT('',(25.,0.,45.));
#513 = DIRECTION('',(0.,0.,1.));
#514 = DIRECTION('',(1.,0.,-0.));
#515 = PCURVE('',#126,#516);
#516 = DEFINITIONAL_REPRESENTATION('',(#517),#521);
#517 = CIRCLE('',#518,9.75);
#518 = AXIS2_PLACEMENT_2D('',#519,#520);
#519 = CARTESIAN_POINT('',(75.,30.));
#520 = DIRECTION('',(1.,0.));
#521 = ( GEOMETRIC_REPRESENTATION_CONTEXT(2) 
PARAMETRIC_REPRESENTATION_CONTEXT() REPRESENTATION_CONTEXT('2D SPACE',''
  ) );
#522 = PCURVE('',#523,#528);
#523 = CYLINDRICAL_SURFACE('',#524,9.75);
#524 = AXIS2_PLACEMENT_3D('',#525,#526,#527);
#525 = CARTESIAN_POINT('',(25.,0.,46.));
#526 = DIRECTION('',(0.,0.,1.));
#527 = DIRECTION('',(1.,0.,0.));
#528 = DEFINITIONAL_REPRESENTATION('',(#529),#533);
#529 = LINE('',#530,#531);
#530 = CARTESIAN_POINT('',(0.,-1.));
#531 = VECTOR('',#532,1.);
#532 = DIRECTION('',(1.,0.));
#533 = ( GEOMETRIC_REPRESENTATION_CONTEXT(2) 
PARAMETRIC_REPRESENTATION_CONTEXT() REPRESENTATION_CONTEXT('2D SPACE',''
  ) );
#534 = FACE_BOUND('',#535,.T.);
#535 = EDGE_LOOP('',(#536));
#536 = ORIENTED_EDGE('',*,*,#537,.T.);
#537 = EDGE_CURVE('',#538,#538,#540,.T.);
#538 = VERTEX_POINT('',#539);
#539 = CARTESIAN_POINT('',(44.5,22.,45.));
#540 = SURFACE_CURVE('',#541,(#546,#557),.PCURVE_S1.);
#541 = CIRCLE('',#542,4.5);
#542 = AXIS2_PLACEMENT_3D('',#543,#544,#545);
#543 = CARTESIAN_POINT('',(40.,22.,45.));
#544 = DIRECTION('',(0.,0.,-1.));
#545 = DIRECTION('',(1.,0.,0.));
#546 = PCURVE('',#126,#547);
#547 = DEFINITIONAL_REPRESENTATION('',(#548),#556);
#548 = ( BOUNDED_CURVE() B_SPLINE_CURVE(2,(#549,#550,#551,#552,#553,#554
,#555),.UNSPECIFIED.,.T.,.F.) B_SPLINE_CURVE_WITH_KNOTS((1,2,2,2,2,1),(
    -2.094395102393,0.,2.094395102393,4.188790204786,6.28318530718,
8.377580409573),.UNSPECIFIED.) CURVE() GEOMETRIC_REPRESENTATION_ITEM() 
RATIONAL_B_SPLINE_CURVE((1.,0.5,1.,0.5,1.,0.5,1.)) REPRESENTATION_ITEM(
  '') );
#549 = CARTESIAN_POINT('',(94.5,52.));
#550 = CARTESIAN_POINT('',(94.5,44.20577136594));
#551 = CARTESIAN_POINT('',(87.75,48.10288568297));
#552 = CARTESIAN_POINT('',(81.,52.));
#553 = CARTESIAN_POINT('',(87.75,55.89711431703));
#554 = CARTESIAN_POINT('',(94.5,59.79422863406));
#555 = CARTESIAN_POINT('',(94.5,52.));
#556 = ( GEOMETRIC_REPRESENTATION_CONTEXT(2) 
PARAMETRIC_REPRESENTATION_CONTEXT() REPRESENTATION_CONTEXT('2D SPACE',''
  ) );
#557 = PCURVE('',#558,#563);
#558 = CYLINDRICAL_SURFACE('',#559,4.5);
#559 = AXIS2_PLACEMENT_3D('',#560,#561,#562);
#560 = CARTESIAN_POINT('',(40.,22.,-1.));
#561 = DIRECTION('',(-0.,-0.,-1.));
#562 = DIRECTION('',(1.,0.,0.));
#563 = DEFINITIONAL_REPRESENTATION('',(#564),#568);
#564 = LINE('',#565,#566);
#565 = CARTESIAN_POINT('',(-6.28318530718,-46.));
#566 = VECTOR('',#567,1.);
#567 = DIRECTION('',(1.,-0.));
#568 = ( GEOMETRIC_REPRESENTATION_CONTEXT(2) 
PARAMETRIC_REPRESENTATION_CONTEXT() REPRESENTATION_CONTEXT('2D SPACE',''
  ) );
#569 = ADVANCED_FACE('',(#570,#618,#648,#678,#708),#72,.F.);
#570 = FACE_BOUND('',#571,.F.);
#571 = EDGE_LOOP('',(#572,#573,#574,#597));
#572 = ORIENTED_EDGE('',*,*,#56,.F.);
#573 = ORIENTED_EDGE('',*,*,#176,.T.);
#574 = ORIENTED_EDGE('',*,*,#575,.T.);
#575 = EDGE_CURVE('',#177,#576,#578,.T.);
#576 = VERTEX_POINT('',#577);
#577 = CARTESIAN_POINT('',(50.,30.,0.));
#578 = SURFACE_CURVE('',#579,(#583,#590),.PCURVE_S1.);
#579 = LINE('',#580,#581);
#580 = CARTESIAN_POINT('',(50.,-30.,0.));
#581 = VECTOR('',#582,1.);
#582 = DIRECTION('',(0.,1.,0.));
#583 = PCURVE('',#72,#584);
#584 = DEFINITIONAL_REPRESENTATION('',(#585),#589);
#585 = LINE('',#586,#587);
#586 = CARTESIAN_POINT('',(100.,0.));
#587 = VECTOR('',#588,1.);
#588 = DIRECTION('',(0.,1.));
#589 = ( GEOMETRIC_REPRESENTATION_CONTEXT(2) 
PARAMETRIC_REPRESENTATION_CONTEXT() REPRESENTATION_CONTEXT('2D SPACE',''
  ) );
#590 = PCURVE('',#237,#591);
#591 = DEFINITIONAL_REPRESENTATION('',(#592),#596);
#592 = LINE('',#593,#594);
#593 = CARTESIAN_POINT('',(0.,0.));
#594 = VECTOR('',#595,1.);
#595 = DIRECTION('',(0.,-1.));
#596 = ( GEOMETRIC_REPRESENTATION_CONTEXT(2) 
PARAMETRIC_REPRESENTATION_CONTEXT() REPRESENTATION_CONTEXT('2D SPACE',''
  ) );
#597 = ORIENTED_EDGE('',*,*,#598,.F.);
#598 = EDGE_CURVE('',#57,#576,#599,.T.);
#599 = SURFACE_CURVE('',#600,(#604,#611),.PCURVE_S1.);
#600 = LINE('',#601,#602);
#601 = CARTESIAN_POINT('',(-50.,30.,0.));
#602 = VECTOR('',#603,1.);
#603 = DIRECTION('',(1.,0.,0.));
#604 = PCURVE('',#72,#605);
#605 = DEFINITIONAL_REPRESENTATION('',(#606),#610);
#606 = LINE('',#607,#608);
#607 = CARTESIAN_POINT('',(0.,60.));
#608 = VECTOR('',#609,1.);
#609 = DIRECTION('',(1.,0.));
#610 = ( GEOMETRIC_REPRESENTATION_CONTEXT(2) 
PARAMETRIC_REPRESENTATION_CONTEXT() REPRESENTATION_CONTEXT('2D SPACE',''
  ) );
#611 = PCURVE('',#100,#612);
#612 = DEFINITIONAL_REPRESENTATION('',(#613),#617);
#613 = LINE('',#614,#615);
#614 = CARTESIAN_POINT('',(0.,0.));
#615 = VECTOR('',#616,1.);
#616 = DIRECTION('',(0.,1.));
#617 = ( GEOMETRIC_REPRESENTATION_CONTEXT(2) 
PARAMETRIC_REPRESENTATION_CONTEXT() REPRESENTATION_CONTEXT('2D SPACE',''
  ) );
#618 = FACE_BOUND('',#619,.F.);
#619 = EDGE_LOOP('',(#620));
#620 = ORIENTED_EDGE('',*,*,#621,.T.);
#621 = EDGE_CURVE('',#622,#622,#624,.T.);
#622 = VERTEX_POINT('',#623);
#623 = CARTESIAN_POINT('',(-35.5,-22.,0.));
#624 = SURFACE_CURVE('',#625,(#630,#641),.PCURVE_S1.);
#625 = CIRCLE('',#626,4.5);
#626 = AXIS2_PLACEMENT_3D('',#627,#628,#629);
#627 = CARTESIAN_POINT('',(-40.,-22.,0.));
#628 = DIRECTION('',(0.,0.,-1.));
#629 = DIRECTION('',(1.,0.,0.));
#630 = PCURVE('',#72,#631);
#631 = DEFINITIONAL_REPRESENTATION('',(#632),#640);
#632 = ( BOUNDED_CURVE() B_SPLINE_CURVE(2,(#633,#634,#635,#636,#637,#638
,#639),.UNSPECIFIED.,.T.,.F.) B_SPLINE_CURVE_WITH_KNOTS((1,2,2,2,2,1),(
    -2.094395102393,0.,2.094395102393,4.188790204786,6.28318530718,
8.377580409573),.UNSPECIFIED.) CURVE() GEOMETRIC_REPRESENTATION_ITEM() 
RATIONAL_B_SPLINE_CURVE((1.,0.5,1.,0.5,1.,0.5,1.)) REPRESENTATION_ITEM(
  '') );
#633 = CARTESIAN_POINT('',(14.5,8.));
#634 = CARTESIAN_POINT('',(14.5,0.20577136594));
#635 = CARTESIAN_POINT('',(7.75,4.10288568297));
#636 = CARTESIAN_POINT('',(1.,8.));
#637 = CARTESIAN_POINT('',(7.75,11.89711431703));
#638 = CARTESIAN_POINT('',(14.5,15.79422863406));
#639 = CARTESIAN_POINT('',(14.5,8.));
#640 = ( GEOMETRIC_REPRESENTATION_CONTEXT(2) 
PARAMETRIC_REPRESENTATION_CONTEXT() REPRESENTATION_CONTEXT('2D SPACE',''
  ) );
#641 = PCURVE('',#391,#642);
#642 = DEFINITIONAL_REPRESENTATION('',(#643),#647);
#643 = LINE('',#644,#645);
#644 = CARTESIAN_POINT('',(-6.28318530718,-1.));
#645 = VECTOR('',#646,1.);
#646 = DIRECTION('',(1.,-0.));
#647 = ( GEOMETRIC_REPRESENTATION_CONTEXT(2) 
PARAMETRIC_REPRESENTATION_CONTEXT() REPRESENTATION_CONTEXT('2D SPACE',''
  ) );
#648 = FACE_BOUND('',#649,.F.);
#649 = EDGE_LOOP('',(#650));
#650 = ORIENTED_EDGE('',*,*,#651,.T.);
#651 = EDGE_CURVE('',#652,#652,#654,.T.);
#652 = VERTEX_POINT('',#653);
#653 = CARTESIAN_POINT('',(44.5,-22.,0.));
#654 = SURFACE_CURVE('',#655,(#660,#671),.PCURVE_S1.);
#655 = CIRCLE('',#656,4.5);
#656 = AXIS2_PLACEMENT_3D('',#657,#658,#659);
#657 = CARTESIAN_POINT('',(40.,-22.,0.));
#658 = DIRECTION('',(0.,0.,-1.));
#659 = DIRECTION('',(1.,0.,0.));
#660 = PCURVE('',#72,#661);
#661 = DEFINITIONAL_REPRESENTATION('',(#662),#670);
#662 = ( BOUNDED_CURVE() B_SPLINE_CURVE(2,(#663,#664,#665,#666,#667,#668
,#669),.UNSPECIFIED.,.T.,.F.) B_SPLINE_CURVE_WITH_KNOTS((1,2,2,2,2,1),(
    -2.094395102393,0.,2.094395102393,4.188790204786,6.28318530718,
8.377580409573),.UNSPECIFIED.) CURVE() GEOMETRIC_REPRESENTATION_ITEM() 
RATIONAL_B_SPLINE_CURVE((1.,0.5,1.,0.5,1.,0.5,1.)) REPRESENTATION_ITEM(
  '') );
#663 = CARTESIAN_POINT('',(94.5,8.));
#664 = CARTESIAN_POINT('',(94.5,0.20577136594));
#665 = CARTESIAN_POINT('',(87.75,4.10288568297));
#666 = CARTESIAN_POINT('',(81.,8.));
#667 = CARTESIAN_POINT('',(87.75,11.89711431703));
#668 = CARTESIAN_POINT('',(94.5,15.79422863406));
#669 = CARTESIAN_POINT('',(94.5,8.));
#670 = ( GEOMETRIC_REPRESENTATION_CONTEXT(2) 
PARAMETRIC_REPRESENTATION_CONTEXT() REPRESENTATION_CONTEXT('2D SPACE',''
  ) );
#671 = PCURVE('',#426,#672);
#672 = DEFINITIONAL_REPRESENTATION('',(#673),#677);
#673 = LINE('',#674,#675);
#674 = CARTESIAN_POINT('',(-6.28318530718,-1.));
#675 = VECTOR('',#676,1.);
#676 = DIRECTION('',(1.,-0.));
#677 = ( GEOMETRIC_REPRESENTATION_CONTEXT(2) 
PARAMETRIC_REPRESENTATION_CONTEXT() REPRESENTATION_CONTEXT('2D SPACE',''
  ) );
#678 = FACE_BOUND('',#679,.F.);
#679 = EDGE_LOOP('',(#680));
#680 = ORIENTED_EDGE('',*,*,#681,.T.);
#681 = EDGE_CURVE('',#682,#682,#684,.T.);
#682 = VERTEX_POINT('',#683);
#683 = CARTESIAN_POINT('',(-35.5,22.,0.));
#684 = SURFACE_CURVE('',#685,(#690,#701),.PCURVE_S1.);
#685 = CIRCLE('',#686,4.5);
#686 = AXIS2_PLACEMENT_3D('',#687,#688,#689);
#687 = CARTESIAN_POINT('',(-40.,22.,0.));
#688 = DIRECTION('',(0.,0.,-1.));
#689 = DIRECTION('',(1.,0.,0.));
#690 = PCURVE('',#72,#691);
#691 = DEFINITIONAL_REPRESENTATION('',(#692),#700);
#692 = ( BOUNDED_CURVE() B_SPLINE_CURVE(2,(#693,#694,#695,#696,#697,#698
,#699),.UNSPECIFIED.,.T.,.F.) B_SPLINE_CURVE_WITH_KNOTS((1,2,2,2,2,1),(
    -2.094395102393,0.,2.094395102393,4.188790204786,6.28318530718,
8.377580409573),.UNSPECIFIED.) CURVE() GEOMETRIC_REPRESENTATION_ITEM() 
RATIONAL_B_SPLINE_CURVE((1.,0.5,1.,0.5,1.,0.5,1.)) REPRESENTATION_ITEM(
  '') );
#693 = CARTESIAN_POINT('',(14.5,52.));
#694 = CARTESIAN_POINT('',(14.5,44.20577136594));
#695 = CARTESIAN_POINT('',(7.75,48.10288568297));
#696 = CARTESIAN_POINT('',(1.,52.));
#697 = CARTESIAN_POINT('',(7.75,55.89711431703));
#698 = CARTESIAN_POINT('',(14.5,59.79422863406));
#699 = CARTESIAN_POINT('',(14.5,52.));
#700 = ( GEOMETRIC_REPRESENTATION_CONTEXT(2) 
PARAMETRIC_REPRESENTATION_CONTEXT() REPRESENTATION_CONTEXT('2D SPACE',''
  ) );
#701 = PCURVE('',#492,#702);
#702 = DEFINITIONAL_REPRESENTATION('',(#703),#707);
#703 = LINE('',#704,#705);
#704 = CARTESIAN_POINT('',(-6.28318530718,-1.));
#705 = VECTOR('',#706,1.);
#706 = DIRECTION('',(1.,-0.));
#707 = ( GEOMETRIC_REPRESENTATION_CONTEXT(2) 
PARAMETRIC_REPRESENTATION_CONTEXT() REPRESENTATION_CONTEXT('2D SPACE',''
  ) );
#708 = FACE_BOUND('',#709,.F.);
#709 = EDGE_LOOP('',(#710));
#710 = ORIENTED_EDGE('',*,*,#711,.T.);
#711 = EDGE_CURVE('',#712,#712,#714,.T.);
#712 = VERTEX_POINT('',#713);
#713 = CARTESIAN_POINT('',(44.5,22.,0.));
#714 = SURFACE_CURVE('',#715,(#720,#731),.PCURVE_S1.);
#715 = CIRCLE('',#716,4.5);
#716 = AXIS2_PLACEMENT_3D('',#717,#718,#719);
#717 = CARTESIAN_POINT('',(40.,22.,0.));
#718 = DIRECTION('',(0.,0.,-1.));
#719 = DIRECTION('',(1.,0.,0.));
#720 = PCURVE('',#72,#721);
#721 = DEFINITIONAL_REPRESENTATION('',(#722),#730);
#722 = ( BOUNDED_CURVE() B_SPLINE_CURVE(2,(#723,#724,#725,#726,#727,#728
,#729),.UNSPECIFIED.,.T.,.F.) B_SPLINE_CURVE_WITH_KNOTS((1,2,2,2,2,1),(
    -2.094395102393,0.,2.094395102393,4.188790204786,6.28318530718,
8.377580409573),.UNSPECIFIED.) CURVE() GEOMETRIC_REPRESENTATION_ITEM() 
RATIONAL_B_SPLINE_CURVE((1.,0.5,1.,0.5,1.,0.5,1.)) REPRESENTATION_ITEM(
  '') );
#723 = CARTESIAN_POINT('',(94.5,52.));
#724 = CARTESIAN_POINT('',(94.5,44.20577136594));
#725 = CARTESIAN_POINT('',(87.75,48.10288568297));
#726 = CARTESIAN_POINT('',(81.,52.));
#727 = CARTESIAN_POINT('',(87.75,55.89711431703));
#728 = CARTESIAN_POINT('',(94.5,59.79422863406));
#729 = CARTESIAN_POINT('',(94.5,52.));
#730 = ( GEOMETRIC_REPRESENTATION_CONTEXT(2) 
PARAMETRIC_REPRESENTATION_CONTEXT() REPRESENTATION_CONTEXT('2D SPACE',''
  ) );
#731 = PCURVE('',#558,#732);
#732 = DEFINITIONAL_REPRESENTATION('',(#733),#737);
#733 = LINE('',#734,#735);
#734 = CARTESIAN_POINT('',(-6.28318530718,-1.));
#735 = VECTOR('',#736,1.);
#736 = DIRECTION('',(1.,-0.));
#737 = ( GEOMETRIC_REPRESENTATION_CONTEXT(2) 
PARAMETRIC_REPRESENTATION_CONTEXT() REPRESENTATION_CONTEXT('2D SPACE',''
  ) );
#738 = ADVANCED_FACE('',(#739),#100,.T.);
#739 = FACE_BOUND('',#740,.T.);
#740 = EDGE_LOOP('',(#741,#742,#743,#744));
#741 = ORIENTED_EDGE('',*,*,#598,.F.);
#742 = ORIENTED_EDGE('',*,*,#84,.T.);
#743 = ORIENTED_EDGE('',*,*,#347,.T.);
#744 = ORIENTED_EDGE('',*,*,#745,.F.);
#745 = EDGE_CURVE('',#576,#325,#746,.T.);
#746 = SURFACE_CURVE('',#747,(#751,#758),.PCURVE_S1.);
#747 = LINE('',#748,#749);
#748 = CARTESIAN_POINT('',(50.,30.,0.));
#749 = VECTOR('',#750,1.);
#750 = DIRECTION('',(0.,0.,1.));
#751 = PCURVE('',#100,#752);
#752 = DEFINITIONAL_REPRESENTATION('',(#753),#757);
#753 = LINE('',#754,#755);
#754 = CARTESIAN_POINT('',(0.,100.));
#755 = VECTOR('',#756,1.);
#756 = DIRECTION('',(1.,0.));
#757 = ( GEOMETRIC_REPRESENTATION_CONTEXT(2) 
PARAMETRIC_REPRESENTATION_CONTEXT() REPRESENTATION_CONTEXT('2D SPACE',''
  ) );
#758 = PCURVE('',#237,#759);
#759 = DEFINITIONAL_REPRESENTATION('',(#760),#764);
#760 = LINE('',#761,#762);
#761 = CARTESIAN_POINT('',(0.,-60.));
#762 = VECTOR('',#763,1.);
#763 = DIRECTION('',(1.,0.));
#764 = ( GEOMETRIC_REPRESENTATION_CONTEXT(2) 
PARAMETRIC_REPRESENTATION_CONTEXT() REPRESENTATION_CONTEXT('2D SPACE',''
  ) );
#765 = ADVANCED_FACE('',(#766),#161,.F.);
#766 = FACE_BOUND('',#767,.T.);
#767 = EDGE_LOOP('',(#768,#769,#792,#819));
#768 = ORIENTED_EDGE('',*,*,#140,.T.);
#769 = ORIENTED_EDGE('',*,*,#770,.T.);
#770 = EDGE_CURVE('',#141,#771,#773,.T.);
#771 = VERTEX_POINT('',#772);
#772 = CARTESIAN_POINT('',(-38.,1.75,15.));
#773 = SEAM_CURVE('',#774,(#778,#785),.PCURVE_S1.);
#774 = LINE('',#775,#776);
#775 = CARTESIAN_POINT('',(-51.,1.75,15.));
#776 = VECTOR('',#777,1.);
#777 = DIRECTION('',(1.,0.,0.));
#778 = PCURVE('',#161,#779);
#779 = DEFINITIONAL_REPRESENTATION('',(#780),#784);
#780 = LINE('',#781,#782);
#781 = CARTESIAN_POINT('',(-6.28318530718,0.));
#782 = VECTOR('',#783,1.);
#783 = DIRECTION('',(-0.,-1.));
#784 = ( GEOMETRIC_REPRESENTATION_CONTEXT(2) 
PARAMETRIC_REPRESENTATION_CONTEXT() REPRESENTATION_CONTEXT('2D SPACE',''
  ) );
#785 = PCURVE('',#161,#786);
#786 = DEFINITIONAL_REPRESENTATION('',(#787),#791);
#787 = LINE('',#788,#789);
#788 = CARTESIAN_POINT('',(-0.,0.));
#789 = VECTOR('',#790,1.);
#790 = DIRECTION('',(-0.,-1.));
#791 = ( GEOMETRIC_REPRESENTATION_CONTEXT(2) 
PARAMETRIC_REPRESENTATION_CONTEXT() REPRESENTATION_CONTEXT('2D SPACE',''
  ) );
#792 = ORIENTED_EDGE('',*,*,#793,.T.);
#793 = EDGE_CURVE('',#771,#771,#794,.T.);
#794 = SURFACE_CURVE('',#795,(#800,#807),.PCURVE_S1.);
#795 = CIRCLE('',#796,5.75);
#796 = AXIS2_PLACEMENT_3D('',#797,#798,#799);
#797 = CARTESIAN_POINT('',(-38.,-4.,15.));
#798 = DIRECTION('',(1.,0.,0.));
#799 = DIRECTION('',(0.,1.,0.));
#800 = PCURVE('',#161,#801);
#801 = DEFINITIONAL_REPRESENTATION('',(#802),#806);
#802 = LINE('',#803,#804);
#803 = CARTESIAN_POINT('',(-0.,-13.));
#804 = VECTOR('',#805,1.);
#805 = DIRECTION('',(-1.,0.));
#806 = ( GEOMETRIC_REPRESENTATION_CONTEXT(2) 
PARAMETRIC_REPRESENTATION_CONTEXT() REPRESENTATION_CONTEXT('2D SPACE',''
  ) );
#807 = PCURVE('',#808,#813);
#808 = PLANE('',#809);
#809 = AXIS2_PLACEMENT_3D('',#810,#811,#812);
#810 = CARTESIAN_POINT('',(-38.,-4.,15.));
#811 = DIRECTION('',(1.,0.,0.));
#812 = DIRECTION('',(-0.,0.,1.));
#813 = DEFINITIONAL_REPRESENTATION('',(#814),#818);
#814 = CIRCLE('',#815,5.75);
#815 = AXIS2_PLACEMENT_2D('',#816,#817);
#816 = CARTESIAN_POINT('',(0.,0.));
#817 = DIRECTION('',(0.,-1.));
#818 = ( GEOMETRIC_REPRESENTATION_CONTEXT(2) 
PARAMETRIC_REPRESENTATION_CONTEXT() REPRESENTATION_CONTEXT('2D SPACE',''
  ) );
#819 = ORIENTED_EDGE('',*,*,#770,.F.);
#820 = ADVANCED_FACE('',(#821,#827),#237,.T.);
#821 = FACE_BOUND('',#822,.T.);
#822 = EDGE_LOOP('',(#823,#824,#825,#826));
#823 = ORIENTED_EDGE('',*,*,#223,.F.);
#824 = ORIENTED_EDGE('',*,*,#575,.T.);
#825 = ORIENTED_EDGE('',*,*,#745,.T.);
#826 = ORIENTED_EDGE('',*,*,#324,.F.);
#827 = FACE_BOUND('',#828,.T.);
#828 = EDGE_LOOP('',(#829));
#829 = ORIENTED_EDGE('',*,*,#830,.F.);
#830 = EDGE_CURVE('',#831,#831,#833,.T.);
#831 = VERTEX_POINT('',#832);
#832 = CARTESIAN_POINT('',(50.,9.75,25.));
#833 = SURFACE_CURVE('',#834,(#839,#846),.PCURVE_S1.);
#834 = CIRCLE('',#835,5.75);
#835 = AXIS2_PLACEMENT_3D('',#836,#837,#838);
#836 = CARTESIAN_POINT('',(50.,4.,25.));
#837 = DIRECTION('',(1.,0.,0.));
#838 = DIRECTION('',(-0.,1.,0.));
#839 = PCURVE('',#237,#840);
#840 = DEFINITIONAL_REPRESENTATION('',(#841),#845);
#841 = CIRCLE('',#842,5.75);
#842 = AXIS2_PLACEMENT_2D('',#843,#844);
#843 = CARTESIAN_POINT('',(25.,-34.));
#844 = DIRECTION('',(0.,-1.));
#845 = ( GEOMETRIC_REPRESENTATION_CONTEXT(2) 
PARAMETRIC_REPRESENTATION_CONTEXT() REPRESENTATION_CONTEXT('2D SPACE',''
  ) );
#846 = PCURVE('',#847,#852);
#847 = CYLINDRICAL_SURFACE('',#848,5.75);
#848 = AXIS2_PLACEMENT_3D('',#849,#850,#851);
#849 = CARTESIAN_POINT('',(51.,4.,25.));
#850 = DIRECTION('',(1.,0.,0.));
#851 = DIRECTION('',(0.,1.,0.));
#852 = DEFINITIONAL_REPRESENTATION('',(#853),#857);
#853 = LINE('',#854,#855);
#854 = CARTESIAN_POINT('',(0.,-1.));
#855 = VECTOR('',#856,1.);
#856 = DIRECTION('',(1.,0.));
#857 = ( GEOMETRIC_REPRESENTATION_CONTEXT(2) 
PARAMETRIC_REPRESENTATION_CONTEXT() REPRESENTATION_CONTEXT('2D SPACE',''
  ) );
#858 = ADVANCED_FACE('',(#859),#272,.F.);
#859 = FACE_BOUND('',#860,.F.);
#860 = EDGE_LOOP('',(#861,#862,#885,#912));
#861 = ORIENTED_EDGE('',*,*,#251,.F.);
#862 = ORIENTED_EDGE('',*,*,#863,.T.);
#863 = EDGE_CURVE('',#252,#864,#866,.T.);
#864 = VERTEX_POINT('',#865);
#865 = CARTESIAN_POINT('',(-19.25,-18.,10.));
#866 = SEAM_CURVE('',#867,(#871,#878),.PCURVE_S1.);
#867 = LINE('',#868,#869);
#868 = CARTESIAN_POINT('',(-19.25,-31.,10.));
#869 = VECTOR('',#870,1.);
#870 = DIRECTION('',(-0.,1.,-0.));
#871 = PCURVE('',#272,#872);
#872 = DEFINITIONAL_REPRESENTATION('',(#873),#877);
#873 = LINE('',#874,#875);
#874 = CARTESIAN_POINT('',(6.28318530718,0.));
#875 = VECTOR('',#876,1.);
#876 = DIRECTION('',(0.,-1.));
#877 = ( GEOMETRIC_REPRESENTATION_CONTEXT(2) 
PARAMETRIC_REPRESENTATION_CONTEXT() REPRESENTATION_CONTEXT('2D SPACE',''
  ) );
#878 = PCURVE('',#272,#879);
#879 = DEFINITIONAL_REPRESENTATION('',(#880),#884);
#880 = LINE('',#881,#882);
#881 = CARTESIAN_POINT('',(0.,0.));
#882 = VECTOR('',#883,1.);
#883 = DIRECTION('',(0.,-1.));
#884 = ( GEOMETRIC_REPRESENTATION_CONTEXT(2) 
PARAMETRIC_REPRESENTATION_CONTEXT() REPRESENTATION_CONTEXT('2D SPACE',''
  ) );
#885 = ORIENTED_EDGE('',*,*,#886,.T.);
#886 = EDGE_CURVE('',#864,#864,#887,.T.);
#887 = SURFACE_CURVE('',#888,(#893,#900),.PCURVE_S1.);
#888 = CIRCLE('',#889,5.75);
#889 = AXIS2_PLACEMENT_3D('',#890,#891,#892);
#890 = CARTESIAN_POINT('',(-25.,-18.,10.));
#891 = DIRECTION('',(0.,-1.,0.));
#892 = DIRECTION('',(1.,0.,0.));
#893 = PCURVE('',#272,#894);
#894 = DEFINITIONAL_REPRESENTATION('',(#895),#899);
#895 = LINE('',#896,#897);
#896 = CARTESIAN_POINT('',(0.,-13.));
#897 = VECTOR('',#898,1.);
#898 = DIRECTION('',(1.,0.));
#899 = ( GEOMETRIC_REPRESENTATION_CONTEXT(2) 
PARAMETRIC_REPRESENTATION_CONTEXT() REPRESENTATION_CONTEXT('2D SPACE',''
  ) );
#900 = PCURVE('',#901,#906);
#901 = PLANE('',#902);
#902 = AXIS2_PLACEMENT_3D('',#903,#904,#905);
#903 = CARTESIAN_POINT('',(-25.,-18.,10.));
#904 = DIRECTION('',(-0.,-1.,-0.));
#905 = DIRECTION('',(0.,0.,-1.));
#906 = DEFINITIONAL_REPRESENTATION('',(#907),#911);
#907 = CIRCLE('',#908,5.75);
#908 = AXIS2_PLACEMENT_2D('',#909,#910);
#909 = CARTESIAN_POINT('',(1.7763568394E-15,3.552713678801E-15));
#910 = DIRECTION('',(0.,1.));
#911 = ( GEOMETRIC_REPRESENTATION_CONTEXT(2) 
PARAMETRIC_REPRESENTATION_CONTEXT() REPRESENTATION_CONTEXT('2D SPACE',''
  ) );
#912 = ORIENTED_EDGE('',*,*,#863,.F.);
#913 = ADVANCED_FACE('',(#914),#307,.F.);
#914 = FACE_BOUND('',#915,.F.);
#915 = EDGE_LOOP('',(#916,#917,#940,#967));
#916 = ORIENTED_EDGE('',*,*,#286,.F.);
#917 = ORIENTED_EDGE('',*,*,#918,.T.);
#918 = EDGE_CURVE('',#287,#919,#921,.T.);
#919 = VERTEX_POINT('',#920);
#920 = CARTESIAN_POINT('',(30.75,-18.,10.));
#921 = SEAM_CURVE('',#922,(#926,#933),.PCURVE_S1.);
#922 = LINE('',#923,#924);
#923 = CARTESIAN_POINT('',(30.75,-31.,10.));
#924 = VECTOR('',#925,1.);
#925 = DIRECTION('',(-0.,1.,-0.));
#926 = PCURVE('',#307,#927);
#927 = DEFINITIONAL_REPRESENTATION('',(#928),#932);
#928 = LINE('',#929,#930);
#929 = CARTESIAN_POINT('',(6.28318530718,0.));
#930 = VECTOR('',#931,1.);
#931 = DIRECTION('',(0.,-1.));
#932 = ( GEOMETRIC_REPRESENTATION_CONTEXT(2) 
PARAMETRIC_REPRESENTATION_CONTEXT() REPRESENTATION_CONTEXT('2D SPACE',''
  ) );
#933 = PCURVE('',#307,#934);
#934 = DEFINITIONAL_REPRESENTATION('',(#935),#939);
#935 = LINE('',#936,#937);
#936 = CARTESIAN_POINT('',(0.,0.));
#937 = VECTOR('',#938,1.);
#938 = DIRECTION('',(0.,-1.));
#939 = ( GEOMETRIC_REPRESENTATION_CONTEXT(2) 
PARAMETRIC_REPRESENTATION_CONTEXT() REPRESENTATION_CONTEXT('2D SPACE',''
  ) );
#940 = ORIENTED_EDGE('',*,*,#941,.T.);
#941 = EDGE_CURVE('',#919,#919,#942,.T.);
#942 = SURFACE_CURVE('',#943,(#948,#955),.PCURVE_S1.);
#943 = CIRCLE('',#944,5.75);
#944 = AXIS2_PLACEMENT_3D('',#945,#946,#947);
#945 = CARTESIAN_POINT('',(25.,-18.,10.));
#946 = DIRECTION('',(0.,-1.,0.));
#947 = DIRECTION('',(1.,0.,0.));
#948 = PCURVE('',#307,#949);
#949 = DEFINITIONAL_REPRESENTATION('',(#950),#954);
#950 = LINE('',#951,#952);
#951 = CARTESIAN_POINT('',(0.,-13.));
#952 = VECTOR('',#953,1.);
#953 = DIRECTION('',(1.,0.));
#954 = ( GEOMETRIC_REPRESENTATION_CONTEXT(2) 
PARAMETRIC_REPRESENTATION_CONTEXT() REPRESENTATION_CONTEXT('2D SPACE',''
  ) );
#955 = PCURVE('',#956,#961);
#956 = PLANE('',#957);
#957 = AXIS2_PLACEMENT_3D('',#958,#959,#960);
#958 = CARTESIAN_POINT('',(25.,-18.,10.));
#959 = DIRECTION('',(-0.,-1.,-0.));
#960 = DIRECTION('',(0.,0.,-1.));
#961 = DEFINITIONAL_REPRESENTATION('',(#962),#966);
#962 = CIRCLE('',#963,5.75);
#963 = AXIS2_PLACEMENT_2D('',#964,#965);
#964 = CARTESIAN_POINT('',(1.7763568394E-15,0.));
#965 = DIRECTION('',(0.,1.));
#966 = ( GEOMETRIC_REPRESENTATION_CONTEXT(2) 
PARAMETRIC_REPRESENTATION_CONTEXT() REPRESENTATION_CONTEXT('2D SPACE',''
  ) );
#967 = ORIENTED_EDGE('',*,*,#918,.F.);
#968 = ADVANCED_FACE('',(#969),#391,.F.);
#969 = FACE_BOUND('',#970,.T.);
#970 = EDGE_LOOP('',(#971,#972,#993,#994));
#971 = ORIENTED_EDGE('',*,*,#621,.T.);
#972 = ORIENTED_EDGE('',*,*,#973,.T.);
#973 = EDGE_CURVE('',#622,#371,#974,.T.);
#974 = SEAM_CURVE('',#975,(#979,#986),.PCURVE_S1.);
#975 = LINE('',#976,#977);
#976 = CARTESIAN_POINT('',(-35.5,-22.,-1.));
#977 = VECTOR('',#978,1.);
#978 = DIRECTION('',(0.,0.,1.));
#979 = PCURVE('',#391,#980);
#980 = DEFINITIONAL_REPRESENTATION('',(#981),#985);
#981 = LINE('',#982,#983);
#982 = CARTESIAN_POINT('',(-6.28318530718,0.));
#983 = VECTOR('',#984,1.);
#984 = DIRECTION('',(-0.,-1.));
#985 = ( GEOMETRIC_REPRESENTATION_CONTEXT(2) 
PARAMETRIC_REPRESENTATION_CONTEXT() REPRESENTATION_CONTEXT('2D SPACE',''
  ) );
#986 = PCURVE('',#391,#987);
#987 = DEFINITIONAL_REPRESENTATION('',(#988),#992);
#988 = LINE('',#989,#990);
#989 = CARTESIAN_POINT('',(-0.,0.));
#990 = VECTOR('',#991,1.);
#991 = DIRECTION('',(-0.,-1.));
#992 = ( GEOMETRIC_REPRESENTATION_CONTEXT(2) 
PARAMETRIC_REPRESENTATION_CONTEXT() REPRESENTATION_CONTEXT('2D SPACE',''
  ) );
#993 = ORIENTED_EDGE('',*,*,#370,.F.);
#994 = ORIENTED_EDGE('',*,*,#973,.F.);
#995 = ADVANCED_FACE('',(#996),#426,.F.);
#996 = FACE_BOUND('',#997,.T.);
#997 = EDGE_LOOP('',(#998,#999,#1020,#1021));
#998 = ORIENTED_EDGE('',*,*,#651,.T.);
#999 = ORIENTED_EDGE('',*,*,#1000,.T.);
#1000 = EDGE_CURVE('',#652,#406,#1001,.T.);
#1001 = SEAM_CURVE('',#1002,(#1006,#1013),.PCURVE_S1.);
#1002 = LINE('',#1003,#1004);
#1003 = CARTESIAN_POINT('',(44.5,-22.,-1.));
#1004 = VECTOR('',#1005,1.);
#1005 = DIRECTION('',(0.,0.,1.));
#1006 = PCURVE('',#426,#1007);
#1007 = DEFINITIONAL_REPRESENTATION('',(#1008),#1012);
#1008 = LINE('',#1009,#1010);
#1009 = CARTESIAN_POINT('',(-6.28318530718,0.));
#1010 = VECTOR('',#1011,1.);
#1011 = DIRECTION('',(-0.,-1.));
#1012 = ( GEOMETRIC_REPRESENTATION_CONTEXT(2) 
PARAMETRIC_REPRESENTATION_CONTEXT() REPRESENTATION_CONTEXT('2D SPACE',''
  ) );
#1013 = PCURVE('',#426,#1014);
#1014 = DEFINITIONAL_REPRESENTATION('',(#1015),#1019);
#1015 = LINE('',#1016,#1017);
#1016 = CARTESIAN_POINT('',(-0.,0.));
#1017 = VECTOR('',#1018,1.);
#1018 = DIRECTION('',(-0.,-1.));
#1019 = ( GEOMETRIC_REPRESENTATION_CONTEXT(2) 
PARAMETRIC_REPRESENTATION_CONTEXT() REPRESENTATION_CONTEXT('2D SPACE',''
  ) );
#1020 = ORIENTED_EDGE('',*,*,#405,.F.);
#1021 = ORIENTED_EDGE('',*,*,#1000,.F.);
#1022 = ADVANCED_FACE('',(#1023),#457,.F.);
#1023 = FACE_BOUND('',#1024,.F.);
#1024 = EDGE_LOOP('',(#1025,#1026,#1049,#1076));
#1025 = ORIENTED_EDGE('',*,*,#440,.F.);
#1026 = ORIENTED_EDGE('',*,*,#1027,.T.);
#1027 = EDGE_CURVE('',#441,#1028,#1030,.T.);
#1028 = VERTEX_POINT('',#1029);
#1029 = CARTESIAN_POINT('',(-15.25,0.,43.5));
#1030 = SEAM_CURVE('',#1031,(#1035,#1042),.PCURVE_S1.);
#1031 = LINE('',#1032,#1033);
#1032 = CARTESIAN_POINT('',(-15.25,0.,46.));
#1033 = VECTOR('',#1034,1.);
#1034 = DIRECTION('',(-0.,-0.,-1.));
#1035 = PCURVE('',#457,#1036);
#1036 = DEFINITIONAL_REPRESENTATION('',(#1037),#1041);
#1037 = LINE('',#1038,#1039);
#1038 = CARTESIAN_POINT('',(6.28318530718,0.));
#1039 = VECTOR('',#1040,1.);
#1040 = DIRECTION('',(0.,-1.));
#1041 = ( GEOMETRIC_REPRESENTATION_CONTEXT(2) 
PARAMETRIC_REPRESENTATION_CONTEXT() REPRESENTATION_CONTEXT('2D SPACE',''
  ) );
#1042 = PCURVE('',#457,#1043);
#1043 = DEFINITIONAL_REPRESENTATION('',(#1044),#1048);
#1044 = LINE('',#1045,#1046);
#1045 = CARTESIAN_POINT('',(0.,0.));
#1046 = VECTOR('',#1047,1.);
#1047 = DIRECTION('',(0.,-1.));
#1048 = ( GEOMETRIC_REPRESENTATION_CONTEXT(2) 
PARAMETRIC_REPRESENTATION_CONTEXT() REPRESENTATION_CONTEXT('2D SPACE',''
  ) );
#1049 = ORIENTED_EDGE('',*,*,#1050,.T.);
#1050 = EDGE_CURVE('',#1028,#1028,#1051,.T.);
#1051 = SURFACE_CURVE('',#1052,(#1057,#1064),.PCURVE_S1.);
#1052 = CIRCLE('',#1053,9.75);
#1053 = AXIS2_PLACEMENT_3D('',#1054,#1055,#1056);
#1054 = CARTESIAN_POINT('',(-25.,0.,43.5));
#1055 = DIRECTION('',(0.,0.,1.));
#1056 = DIRECTION('',(1.,0.,0.));
#1057 = PCURVE('',#457,#1058);
#1058 = DEFINITIONAL_REPRESENTATION('',(#1059),#1063);
#1059 = LINE('',#1060,#1061);
#1060 = CARTESIAN_POINT('',(0.,-2.5));
#1061 = VECTOR('',#1062,1.);
#1062 = DIRECTION('',(1.,0.));
#1063 = ( GEOMETRIC_REPRESENTATION_CONTEXT(2) 
PARAMETRIC_REPRESENTATION_CONTEXT() REPRESENTATION_CONTEXT('2D SPACE',''
  ) );
#1064 = PCURVE('',#1065,#1070);
#1065 = PLANE('',#1066);
#1066 = AXIS2_PLACEMENT_3D('',#1067,#1068,#1069);
#1067 = CARTESIAN_POINT('',(-25.,7.239919503095E-16,43.5));
#1068 = DIRECTION('',(0.,0.,1.));
#1069 = DIRECTION('',(1.,0.,-0.));
#1070 = DEFINITIONAL_REPRESENTATION('',(#1071),#1075);
#1071 = CIRCLE('',#1072,9.75);
#1072 = AXIS2_PLACEMENT_2D('',#1073,#1074);
#1073 = CARTESIAN_POINT('',(0.,-7.239919503095E-16));
#1074 = DIRECTION('',(1.,0.));
#1075 = ( GEOMETRIC_REPRESENTATION_CONTEXT(2) 
PARAMETRIC_REPRESENTATION_CONTEXT() REPRESENTATION_CONTEXT('2D SPACE',''
  ) );
#1076 = ORIENTED_EDGE('',*,*,#1027,.F.);
#1077 = ADVANCED_FACE('',(#1078),#492,.F.);
#1078 = FACE_BOUND('',#1079,.T.);
#1079 = EDGE_LOOP('',(#1080,#1081,#1102,#1103));
#1080 = ORIENTED_EDGE('',*,*,#681,.T.);
#1081 = ORIENTED_EDGE('',*,*,#1082,.T.);
#1082 = EDGE_CURVE('',#682,#472,#1083,.T.);
#1083 = SEAM_CURVE('',#1084,(#1088,#1095),.PCURVE_S1.);
#1084 = LINE('',#1085,#1086);
#1085 = CARTESIAN_POINT('',(-35.5,22.,-1.));
#1086 = VECTOR('',#1087,1.);
#1087 = DIRECTION('',(0.,0.,1.));
#1088 = PCURVE('',#492,#1089);
#1089 = DEFINITIONAL_REPRESENTATION('',(#1090),#1094);
#1090 = LINE('',#1091,#1092);
#1091 = CARTESIAN_POINT('',(-6.28318530718,0.));
#1092 = VECTOR('',#1093,1.);
#1093 = DIRECTION('',(-0.,-1.));
#1094 = ( GEOMETRIC_REPRESENTATION_CONTEXT(2) 
PARAMETRIC_REPRESENTATION_CONTEXT() REPRESENTATION_CONTEXT('2D SPACE',''
  ) );
#1095 = PCURVE('',#492,#1096);
#1096 = DEFINITIONAL_REPRESENTATION('',(#1097),#1101);
#1097 = LINE('',#1098,#1099);
#1098 = CARTESIAN_POINT('',(-0.,0.));
#1099 = VECTOR('',#1100,1.);
#1100 = DIRECTION('',(-0.,-1.));
#1101 = ( GEOMETRIC_REPRESENTATION_CONTEXT(2) 
PARAMETRIC_REPRESENTATION_CONTEXT() REPRESENTATION_CONTEXT('2D SPACE',''
  ) );
#1102 = ORIENTED_EDGE('',*,*,#471,.F.);
#1103 = ORIENTED_EDGE('',*,*,#1082,.F.);
#1104 = ADVANCED_FACE('',(#1105),#523,.F.);
#1105 = FACE_BOUND('',#1106,.F.);
#1106 = EDGE_LOOP('',(#1107,#1108,#1131,#1158));
#1107 = ORIENTED_EDGE('',*,*,#506,.F.);
#1108 = ORIENTED_EDGE('',*,*,#1109,.T.);
#1109 = EDGE_CURVE('',#507,#1110,#1112,.T.);
#1110 = VERTEX_POINT('',#1111);
#1111 = CARTESIAN_POINT('',(34.75,0.,43.5));
#1112 = SEAM_CURVE('',#1113,(#1117,#1124),.PCURVE_S1.);
#1113 = LINE('',#1114,#1115);
#1114 = CARTESIAN_POINT('',(34.75,0.,46.));
#1115 = VECTOR('',#1116,1.);
#1116 = DIRECTION('',(-0.,-0.,-1.));
#1117 = PCURVE('',#523,#1118);
#1118 = DEFINITIONAL_REPRESENTATION('',(#1119),#1123);
#1119 = LINE('',#1120,#1121);
#1120 = CARTESIAN_POINT('',(6.28318530718,0.));
#1121 = VECTOR('',#1122,1.);
#1122 = DIRECTION('',(0.,-1.));
#1123 = ( GEOMETRIC_REPRESENTATION_CONTEXT(2) 
PARAMETRIC_REPRESENTATION_CONTEXT() REPRESENTATION_CONTEXT('2D SPACE',''
  ) );
#1124 = PCURVE('',#523,#1125);
#1125 = DEFINITIONAL_REPRESENTATION('',(#1126),#1130);
#1126 = LINE('',#1127,#1128);
#1127 = CARTESIAN_POINT('',(0.,0.));
#1128 = VECTOR('',#1129,1.);
#1129 = DIRECTION('',(0.,-1.));
#1130 = ( GEOMETRIC_REPRESENTATION_CONTEXT(2) 
PARAMETRIC_REPRESENTATION_CONTEXT() REPRESENTATION_CONTEXT('2D SPACE',''
  ) );
#1131 = ORIENTED_EDGE('',*,*,#1132,.T.);
#1132 = EDGE_CURVE('',#1110,#1110,#1133,.T.);
#1133 = SURFACE_CURVE('',#1134,(#1139,#1146),.PCURVE_S1.);
#1134 = CIRCLE('',#1135,9.75);
#1135 = AXIS2_PLACEMENT_3D('',#1136,#1137,#1138);
#1136 = CARTESIAN_POINT('',(25.,0.,43.5));
#1137 = DIRECTION('',(0.,0.,1.));
#1138 = DIRECTION('',(1.,0.,0.));
#1139 = PCURVE('',#523,#1140);
#1140 = DEFINITIONAL_REPRESENTATION('',(#1141),#1145);
#1141 = LINE('',#1142,#1143);
#1142 = CARTESIAN_POINT('',(0.,-2.5));
#1143 = VECTOR('',#1144,1.);
#1144 = DIRECTION('',(1.,0.));
#1145 = ( GEOMETRIC_REPRESENTATION_CONTEXT(2) 
PARAMETRIC_REPRESENTATION_CONTEXT() REPRESENTATION_CONTEXT('2D SPACE',''
  ) );
#1146 = PCURVE('',#1147,#1152);
#1147 = PLANE('',#1148);
#1148 = AXIS2_PLACEMENT_3D('',#1149,#1150,#1151);
#1149 = CARTESIAN_POINT('',(25.,7.239919503095E-16,43.5));
#1150 = DIRECTION('',(0.,0.,1.));
#1151 = DIRECTION('',(1.,0.,-0.));
#1152 = DEFINITIONAL_REPRESENTATION('',(#1153),#1157);
#1153 = CIRCLE('',#1154,9.75);
#1154 = AXIS2_PLACEMENT_2D('',#1155,#1156);
#1155 = CARTESIAN_POINT('',(0.,-7.239919503095E-16));
#1156 = DIRECTION('',(1.,0.));
#1157 = ( GEOMETRIC_REPRESENTATION_CONTEXT(2) 
PARAMETRIC_REPRESENTATION_CONTEXT() REPRESENTATION_CONTEXT('2D SPACE',''
  ) );
#1158 = ORIENTED_EDGE('',*,*,#1109,.F.);
#1159 = ADVANCED_FACE('',(#1160),#558,.F.);
#1160 = FACE_BOUND('',#1161,.T.);
#1161 = EDGE_LOOP('',(#1162,#1163,#1184,#1185));
#1162 = ORIENTED_EDGE('',*,*,#711,.T.);
#1163 = ORIENTED_EDGE('',*,*,#1164,.T.);
#1164 = EDGE_CURVE('',#712,#538,#1165,.T.);
#1165 = SEAM_CURVE('',#1166,(#1170,#1177),.PCURVE_S1.);
#1166 = LINE('',#1167,#1168);
#1167 = CARTESIAN_POINT('',(44.5,22.,-1.));
#1168 = VECTOR('',#1169,1.);
#1169 = DIRECTION('',(0.,0.,1.));
#1170 = PCURVE('',#558,#1171);
#1171 = DEFINITIONAL_REPRESENTATION('',(#1172),#1176);
#1172 = LINE('',#1173,#1174);
#1173 = CARTESIAN_POINT('',(-6.28318530718,0.));
#1174 = VECTOR('',#1175,1.);
#1175 = DIRECTION('',(-0.,-1.));
#1176 = ( GEOMETRIC_REPRESENTATION_CONTEXT(2) 
PARAMETRIC_REPRESENTATION_CONTEXT() REPRESENTATION_CONTEXT('2D SPACE',''
  ) );
#1177 = PCURVE('',#558,#1178);
#1178 = DEFINITIONAL_REPRESENTATION('',(#1179),#1183);
#1179 = LINE('',#1180,#1181);
#1180 = CARTESIAN_POINT('',(-0.,0.));
#1181 = VECTOR('',#1182,1.);
#1182 = DIRECTION('',(-0.,-1.));
#1183 = ( GEOMETRIC_REPRESENTATION_CONTEXT(2) 
PARAMETRIC_REPRESENTATION_CONTEXT() REPRESENTATION_CONTEXT('2D SPACE',''
  ) );
#1184 = ORIENTED_EDGE('',*,*,#537,.F.);
#1185 = ORIENTED_EDGE('',*,*,#1164,.F.);
#1186 = ADVANCED_FACE('',(#1187,#1190),#808,.F.);
#1187 = FACE_BOUND('',#1188,.F.);
#1188 = EDGE_LOOP('',(#1189));
#1189 = ORIENTED_EDGE('',*,*,#793,.T.);
#1190 = FACE_BOUND('',#1191,.F.);
#1191 = EDGE_LOOP('',(#1192));
#1192 = ORIENTED_EDGE('',*,*,#1193,.T.);
#1193 = EDGE_CURVE('',#1194,#1194,#1196,.T.);
#1194 = VERTEX_POINT('',#1195);
#1195 = CARTESIAN_POINT('',(-38.,0.,15.));
#1196 = SURFACE_CURVE('',#1197,(#1202,#1213),.PCURVE_S1.);
#1197 = CIRCLE('',#1198,4.);
#1198 = AXIS2_PLACEMENT_3D('',#1199,#1200,#1201);
#1199 = CARTESIAN_POINT('',(-38.,-4.,15.));
#1200 = DIRECTION('',(-1.,0.,0.));
#1201 = DIRECTION('',(0.,1.,0.));
#1202 = PCURVE('',#808,#1203);
#1203 = DEFINITIONAL_REPRESENTATION('',(#1204),#1212);
#1204 = ( BOUNDED_CURVE() B_SPLINE_CURVE(2,(#1205,#1206,#1207,#1208,
#1209,#1210,#1211),.UNSPECIFIED.,.T.,.F.) B_SPLINE_CURVE_WITH_KNOTS((1,2
    ,2,2,2,1),(-2.094395102393,0.,2.094395102393,4.188790204786,
6.28318530718,8.377580409573),.UNSPECIFIED.) CURVE() 
GEOMETRIC_REPRESENTATION_ITEM() RATIONAL_B_SPLINE_CURVE((1.,0.5,1.,0.5,
1.,0.5,1.)) REPRESENTATION_ITEM('') );
#1205 = CARTESIAN_POINT('',(0.,-4.));
#1206 = CARTESIAN_POINT('',(-6.928203230276,-4.));
#1207 = CARTESIAN_POINT('',(-3.464101615138,2.));
#1208 = CARTESIAN_POINT('',(-9.797174393179E-16,8.));
#1209 = CARTESIAN_POINT('',(3.464101615138,2.));
#1210 = CARTESIAN_POINT('',(6.928203230276,-4.));
#1211 = CARTESIAN_POINT('',(0.,-4.));
#1212 = ( GEOMETRIC_REPRESENTATION_CONTEXT(2) 
PARAMETRIC_REPRESENTATION_CONTEXT() REPRESENTATION_CONTEXT('2D SPACE',''
  ) );
#1213 = PCURVE('',#1214,#1219);
#1214 = CYLINDRICAL_SURFACE('',#1215,4.);
#1215 = AXIS2_PLACEMENT_3D('',#1216,#1217,#1218);
#1216 = CARTESIAN_POINT('',(-51.,-4.,15.));
#1217 = DIRECTION('',(-1.,-0.,-0.));
#1218 = DIRECTION('',(0.,1.,0.));
#1219 = DEFINITIONAL_REPRESENTATION('',(#1220),#1224);
#1220 = LINE('',#1221,#1222);
#1221 = CARTESIAN_POINT('',(-6.28318530718,-13.));
#1222 = VECTOR('',#1223,1.);
#1223 = DIRECTION('',(1.,-0.));
#1224 = ( GEOMETRIC_REPRESENTATION_CONTEXT(2) 
PARAMETRIC_REPRESENTATION_CONTEXT() REPRESENTATION_CONTEXT('2D SPACE',''
  ) );
#1225 = ADVANCED_FACE('',(#1226),#847,.F.);
#1226 = FACE_BOUND('',#1227,.F.);
#1227 = EDGE_LOOP('',(#1228,#1229,#1252,#1279));
#1228 = ORIENTED_EDGE('',*,*,#830,.F.);
#1229 = ORIENTED_EDGE('',*,*,#1230,.T.);
#1230 = EDGE_CURVE('',#831,#1231,#1233,.T.);
#1231 = VERTEX_POINT('',#1232);
#1232 = CARTESIAN_POINT('',(38.,9.75,25.));
#1233 = SEAM_CURVE('',#1234,(#1238,#1245),.PCURVE_S1.);
#1234 = LINE('',#1235,#1236);
#1235 = CARTESIAN_POINT('',(51.,9.75,25.));
#1236 = VECTOR('',#1237,1.);
#1237 = DIRECTION('',(-1.,-0.,-0.));
#1238 = PCURVE('',#847,#1239);
#1239 = DEFINITIONAL_REPRESENTATION('',(#1240),#1244);
#1240 = LINE('',#1241,#1242);
#1241 = CARTESIAN_POINT('',(6.28318530718,0.));
#1242 = VECTOR('',#1243,1.);
#1243 = DIRECTION('',(0.,-1.));
#1244 = ( GEOMETRIC_REPRESENTATION_CONTEXT(2) 
PARAMETRIC_REPRESENTATION_CONTEXT() REPRESENTATION_CONTEXT('2D SPACE',''
  ) );
#1245 = PCURVE('',#847,#1246);
#1246 = DEFINITIONAL_REPRESENTATION('',(#1247),#1251);
#1247 = LINE('',#1248,#1249);
#1248 = CARTESIAN_POINT('',(0.,0.));
#1249 = VECTOR('',#1250,1.);
#1250 = DIRECTION('',(0.,-1.));
#1251 = ( GEOMETRIC_REPRESENTATION_CONTEXT(2) 
PARAMETRIC_REPRESENTATION_CONTEXT() REPRESENTATION_CONTEXT('2D SPACE',''
  ) );
#1252 = ORIENTED_EDGE('',*,*,#1253,.T.);
#1253 = EDGE_CURVE('',#1231,#1231,#1254,.T.);
#1254 = SURFACE_CURVE('',#1255,(#1260,#1267),.PCURVE_S1.);
#1255 = CIRCLE('',#1256,5.75);
#1256 = AXIS2_PLACEMENT_3D('',#1257,#1258,#1259);
#1257 = CARTESIAN_POINT('',(38.,4.,25.));
#1258 = DIRECTION('',(1.,0.,0.));
#1259 = DIRECTION('',(0.,1.,0.));
#1260 = PCURVE('',#847,#1261);
#1261 = DEFINITIONAL_REPRESENTATION('',(#1262),#1266);
#1262 = LINE('',#1263,#1264);
#1263 = CARTESIAN_POINT('',(0.,-13.));
#1264 = VECTOR('',#1265,1.);
#1265 = DIRECTION('',(1.,0.));
#1266 = ( GEOMETRIC_REPRESENTATION_CONTEXT(2) 
PARAMETRIC_REPRESENTATION_CONTEXT() REPRESENTATION_CONTEXT('2D SPACE',''
  ) );
#1267 = PCURVE('',#1268,#1273);
#1268 = PLANE('',#1269);
#1269 = AXIS2_PLACEMENT_3D('',#1270,#1271,#1272);
#1270 = CARTESIAN_POINT('',(38.,4.,25.));
#1271 = DIRECTION('',(1.,0.,0.));
#1272 = DIRECTION('',(-0.,0.,1.));
#1273 = DEFINITIONAL_REPRESENTATION('',(#1274),#1278);
#1274 = CIRCLE('',#1275,5.75);
#1275 = AXIS2_PLACEMENT_2D('',#1276,#1277);
#1276 = CARTESIAN_POINT('',(-3.552713678801E-15,-4.440892098501E-16));
#1277 = DIRECTION('',(0.,-1.));
#1278 = ( GEOMETRIC_REPRESENTATION_CONTEXT(2) 
PARAMETRIC_REPRESENTATION_CONTEXT() REPRESENTATION_CONTEXT('2D SPACE',''
  ) );
#1279 = ORIENTED_EDGE('',*,*,#1230,.F.);
#1280 = ADVANCED_FACE('',(#1281,#1284),#901,.T.);
#1281 = FACE_BOUND('',#1282,.T.);
#1282 = EDGE_LOOP('',(#1283));
#1283 = ORIENTED_EDGE('',*,*,#886,.T.);
#1284 = FACE_BOUND('',#1285,.T.);
#1285 = EDGE_LOOP('',(#1286));
#1286 = ORIENTED_EDGE('',*,*,#1287,.F.);
#1287 = EDGE_CURVE('',#1288,#1288,#1290,.T.);
#1288 = VERTEX_POINT('',#1289);
#1289 = CARTESIAN_POINT('',(-21.5,-18.,10.));
#1290 = SURFACE_CURVE('',#1291,(#1296,#1303),.PCURVE_S1.);
#1291 = CIRCLE('',#1292,3.5);
#1292 = AXIS2_PLACEMENT_3D('',#1293,#1294,#1295);
#1293 = CARTESIAN_POINT('',(-25.,-18.,10.));
#1294 = DIRECTION('',(0.,-1.,0.));
#1295 = DIRECTION('',(1.,0.,0.));
#1296 = PCURVE('',#901,#1297);
#1297 = DEFINITIONAL_REPRESENTATION('',(#1298),#1302);
#1298 = CIRCLE('',#1299,3.5);
#1299 = AXIS2_PLACEMENT_2D('',#1300,#1301);
#1300 = CARTESIAN_POINT('',(1.7763568394E-15,3.552713678801E-15));
#1301 = DIRECTION('',(0.,1.));
#1302 = ( GEOMETRIC_REPRESENTATION_CONTEXT(2) 
PARAMETRIC_REPRESENTATION_CONTEXT() REPRESENTATION_CONTEXT('2D SPACE',''
  ) );
#1303 = PCURVE('',#1304,#1309);
#1304 = CYLINDRICAL_SURFACE('',#1305,3.5);
#1305 = AXIS2_PLACEMENT_3D('',#1306,#1307,#1308);
#1306 = CARTESIAN_POINT('',(-25.,-31.,10.));
#1307 = DIRECTION('',(0.,-1.,0.));
#1308 = DIRECTION('',(1.,0.,0.));
#1309 = DEFINITIONAL_REPRESENTATION('',(#1310),#1314);
#1310 = LINE('',#1311,#1312);
#1311 = CARTESIAN_POINT('',(0.,-13.));
#1312 = VECTOR('',#1313,1.);
#1313 = DIRECTION('',(1.,0.));
#1314 = ( GEOMETRIC_REPRESENTATION_CONTEXT(2) 
PARAMETRIC_REPRESENTATION_CONTEXT() REPRESENTATION_CONTEXT('2D SPACE',''
  ) );
#1315 = ADVANCED_FACE('',(#1316,#1319),#956,.T.);
#1316 = FACE_BOUND('',#1317,.T.);
#1317 = EDGE_LOOP('',(#1318));
#1318 = ORIENTED_EDGE('',*,*,#941,.T.);
#1319 = FACE_BOUND('',#1320,.T.);
#1320 = EDGE_LOOP('',(#1321));
#1321 = ORIENTED_EDGE('',*,*,#1322,.F.);
#1322 = EDGE_CURVE('',#1323,#1323,#1325,.T.);
#1323 = VERTEX_POINT('',#1324);
#1324 = CARTESIAN_POINT('',(28.5,-18.,10.));
#1325 = SURFACE_CURVE('',#1326,(#1331,#1338),.PCURVE_S1.);
#1326 = CIRCLE('',#1327,3.5);
#1327 = AXIS2_PLACEMENT_3D('',#1328,#1329,#1330);
#1328 = CARTESIAN_POINT('',(25.,-18.,10.));
#1329 = DIRECTION('',(0.,-1.,0.));
#1330 = DIRECTION('',(1.,0.,0.));
#1331 = PCURVE('',#956,#1332);
#1332 = DEFINITIONAL_REPRESENTATION('',(#1333),#1337);
#1333 = CIRCLE('',#1334,3.5);
#1334 = AXIS2_PLACEMENT_2D('',#1335,#1336);
#1335 = CARTESIAN_POINT('',(1.7763568394E-15,0.));
#1336 = DIRECTION('',(0.,1.));
#1337 = ( GEOMETRIC_REPRESENTATION_CONTEXT(2) 
PARAMETRIC_REPRESENTATION_CONTEXT() REPRESENTATION_CONTEXT('2D SPACE',''
  ) );
#1338 = PCURVE('',#1339,#1344);
#1339 = CYLINDRICAL_SURFACE('',#1340,3.5);
#1340 = AXIS2_PLACEMENT_3D('',#1341,#1342,#1343);
#1341 = CARTESIAN_POINT('',(25.,-31.,10.));
#1342 = DIRECTION('',(0.,-1.,0.));
#1343 = DIRECTION('',(1.,0.,0.));
#1344 = DEFINITIONAL_REPRESENTATION('',(#1345),#1349);
#1345 = LINE('',#1346,#1347);
#1346 = CARTESIAN_POINT('',(0.,-13.));
#1347 = VECTOR('',#1348,1.);
#1348 = DIRECTION('',(1.,0.));
#1349 = ( GEOMETRIC_REPRESENTATION_CONTEXT(2) 
PARAMETRIC_REPRESENTATION_CONTEXT() REPRESENTATION_CONTEXT('2D SPACE',''
  ) );
#1350 = ADVANCED_FACE('',(#1351,#1354),#1065,.T.);
#1351 = FACE_BOUND('',#1352,.T.);
#1352 = EDGE_LOOP('',(#1353));
#1353 = ORIENTED_EDGE('',*,*,#1050,.T.);
#1354 = FACE_BOUND('',#1355,.T.);
#1355 = EDGE_LOOP('',(#1356));
#1356 = ORIENTED_EDGE('',*,*,#1357,.F.);
#1357 = EDGE_CURVE('',#1358,#1358,#1360,.T.);
#1358 = VERTEX_POINT('',#1359);
#1359 = CARTESIAN_POINT('',(-16.25,0.,43.5));
#1360 = SURFACE_CURVE('',#1361,(#1366,#1373),.PCURVE_S1.);
#1361 = CIRCLE('',#1362,8.75);
#1362 = AXIS2_PLACEMENT_3D('',#1363,#1364,#1365);
#1363 = CARTESIAN_POINT('',(-25.,0.,43.5));
#1364 = DIRECTION('',(0.,0.,1.));
#1365 = DIRECTION('',(1.,0.,-0.));
#1366 = PCURVE('',#1065,#1367);
#1367 = DEFINITIONAL_REPRESENTATION('',(#1368),#1372);
#1368 = CIRCLE('',#1369,8.75);
#1369 = AXIS2_PLACEMENT_2D('',#1370,#1371);
#1370 = CARTESIAN_POINT('',(0.,-7.239919503095E-16));
#1371 = DIRECTION('',(1.,0.));
#1372 = ( GEOMETRIC_REPRESENTATION_CONTEXT(2) 
PARAMETRIC_REPRESENTATION_CONTEXT() REPRESENTATION_CONTEXT('2D SPACE',''
  ) );
#1373 = PCURVE('',#1374,#1379);
#1374 = CYLINDRICAL_SURFACE('',#1375,8.75);
#1375 = AXIS2_PLACEMENT_3D('',#1376,#1377,#1378);
#1376 = CARTESIAN_POINT('',(-25.,0.,46.));
#1377 = DIRECTION('',(0.,0.,1.));
#1378 = DIRECTION('',(1.,0.,0.));
#1379 = DEFINITIONAL_REPRESENTATION('',(#1380),#1384);
#1380 = LINE('',#1381,#1382);
#1381 = CARTESIAN_POINT('',(0.,-2.5));
#1382 = VECTOR('',#1383,1.);
#1383 = DIRECTION('',(1.,0.));
#1384 = ( GEOMETRIC_REPRESENTATION_CONTEXT(2) 
PARAMETRIC_REPRESENTATION_CONTEXT() REPRESENTATION_CONTEXT('2D SPACE',''
  ) );
#1385 = ADVANCED_FACE('',(#1386,#1389),#1147,.T.);
#1386 = FACE_BOUND('',#1387,.T.);
#1387 = EDGE_LOOP('',(#1388));
#1388 = ORIENTED_EDGE('',*,*,#1132,.T.);
#1389 = FACE_BOUND('',#1390,.T.);
#1390 = EDGE_LOOP('',(#1391));
#1391 = ORIENTED_EDGE('',*,*,#1392,.F.);
#1392 = EDGE_CURVE('',#1393,#1393,#1395,.T.);
#1393 = VERTEX_POINT('',#1394);
#1394 = CARTESIAN_POINT('',(33.75,0.,43.5));
#1395 = SURFACE_CURVE('',#1396,(#1401,#1408),.PCURVE_S1.);
#1396 = CIRCLE('',#1397,8.75);
#1397 = AXIS2_PLACEMENT_3D('',#1398,#1399,#1400);
#1398 = CARTESIAN_POINT('',(25.,0.,43.5));
#1399 = DIRECTION('',(0.,0.,1.));
#1400 = DIRECTION('',(1.,0.,-0.));
#1401 = PCURVE('',#1147,#1402);
#1402 = DEFINITIONAL_REPRESENTATION('',(#1403),#1407);
#1403 = CIRCLE('',#1404,8.75);
#1404 = AXIS2_PLACEMENT_2D('',#1405,#1406);
#1405 = CARTESIAN_POINT('',(0.,-7.239919503095E-16));
#1406 = DIRECTION('',(1.,0.));
#1407 = ( GEOMETRIC_REPRESENTATION_CONTEXT(2) 
PARAMETRIC_REPRESENTATION_CONTEXT() REPRESENTATION_CONTEXT('2D SPACE',''
  ) );
#1408 = PCURVE('',#1409,#1414);
#1409 = CYLINDRICAL_SURFACE('',#1410,8.75);
#1410 = AXIS2_PLACEMENT_3D('',#1411,#1412,#1413);
#1411 = CARTESIAN_POINT('',(25.,0.,46.));
#1412 = DIRECTION('',(0.,0.,1.));
#1413 = DIRECTION('',(1.,0.,0.));
#1414 = DEFINITIONAL_REPRESENTATION('',(#1415),#1419);
#1415 = LINE('',#1416,#1417);
#1416 = CARTESIAN_POINT('',(0.,-2.5));
#1417 = VECTOR('',#1418,1.);
#1418 = DIRECTION('',(1.,0.));
#1419 = ( GEOMETRIC_REPRESENTATION_CONTEXT(2) 
PARAMETRIC_REPRESENTATION_CONTEXT() REPRESENTATION_CONTEXT('2D SPACE',''
  ) );
#1420 = ADVANCED_FACE('',(#1421),#1214,.F.);
#1421 = FACE_BOUND('',#1422,.T.);
#1422 = EDGE_LOOP('',(#1423,#1448,#1488,#1514,#1785,#2345,#2611,#2632,
    #2667,#2690,#2730,#2756,#3027,#3587,#3853,#3874,#3909,#3930,#3931,
    #3932,#4328,#4329,#4725,#4726));
#1423 = ORIENTED_EDGE('',*,*,#1424,.F.);
#1424 = EDGE_CURVE('',#1425,#1427,#1429,.T.);
#1425 = VERTEX_POINT('',#1426);
#1426 = CARTESIAN_POINT('',(32.25,0.,15.));
#1427 = VERTEX_POINT('',#1428);
#1428 = CARTESIAN_POINT('',(34.25,0.,15.));
#1429 = SEAM_CURVE('',#1430,(#1434,#1441),.PCURVE_S1.);
#1430 = LINE('',#1431,#1432);
#1431 = CARTESIAN_POINT('',(-51.,0.,15.));
#1432 = VECTOR('',#1433,1.);
#1433 = DIRECTION('',(1.,0.,0.));
#1434 = PCURVE('',#1214,#1435);
#1435 = DEFINITIONAL_REPRESENTATION('',(#1436),#1440);
#1436 = LINE('',#1437,#1438);
#1437 = CARTESIAN_POINT('',(-6.28318530718,0.));
#1438 = VECTOR('',#1439,1.);
#1439 = DIRECTION('',(-0.,-1.));
#1440 = ( GEOMETRIC_REPRESENTATION_CONTEXT(2) 
PARAMETRIC_REPRESENTATION_CONTEXT() REPRESENTATION_CONTEXT('2D SPACE',''
  ) );
#1441 = PCURVE('',#1214,#1442);
#1442 = DEFINITIONAL_REPRESENTATION('',(#1443),#1447);
#1443 = LINE('',#1444,#1445);
#1444 = CARTESIAN_POINT('',(-0.,0.));
#1445 = VECTOR('',#1446,1.);
#1446 = DIRECTION('',(-0.,-1.));
#1447 = ( GEOMETRIC_REPRESENTATION_CONTEXT(2) 
PARAMETRIC_REPRESENTATION_CONTEXT() REPRESENTATION_CONTEXT('2D SPACE',''
  ) );
#1448 = ORIENTED_EDGE('',*,*,#1449,.F.);
#1449 = EDGE_CURVE('',#1450,#1425,#1452,.T.);
#1450 = VERTEX_POINT('',#1451);
#1451 = CARTESIAN_POINT('',(32.230166866754,-0.535898384862,13.));
#1452 = SURFACE_CURVE('',#1453,(#1461,#1472),.PCURVE_S1.);
#1453 = B_SPLINE_CURVE_WITH_KNOTS('',6,(#1454,#1455,#1456,#1457,#1458,
    #1459,#1460),.UNSPECIFIED.,.F.,.F.,(7,7),(0.,1.),
  .PIECEWISE_BEZIER_KNOTS.);
#1454 = CARTESIAN_POINT('',(32.230166841078,-0.535898731272,12.9999994)
  );
#1455 = CARTESIAN_POINT('',(32.243650606471,-0.353980268416,
    13.315091294465));
#1456 = CARTESIAN_POINT('',(32.248729050342,-0.210955607939,
    13.64224261338));
#1457 = CARTESIAN_POINT('',(32.25000033598,-0.105115145401,
    13.97705093966));
#1458 = CARTESIAN_POINT('',(32.24999985699,-3.505417886338E-02,
    14.316464044817));
#1459 = CARTESIAN_POINT('',(32.25,-3.601749121174E-09,14.65817151062));
#1460 = CARTESIAN_POINT('',(32.25,-1.110223024625E-15,14.999999957853));
#1461 = PCURVE('',#1214,#1462);
#1462 = DEFINITIONAL_REPRESENTATION('',(#1463),#1471);
#1463 = B_SPLINE_CURVE_WITH_KNOTS('',6,(#1464,#1465,#1466,#1467,#1468,
    #1469,#1470),.UNSPECIFIED.,.F.,.F.,(7,7),(0.,1.),
  .PIECEWISE_BEZIER_KNOTS.);
#1464 = CARTESIAN_POINT('',(-5.759586358376,-83.23016684107));
#1465 = CARTESIAN_POINT('',(-5.850545562516,-83.24365060647));
#1466 = CARTESIAN_POINT('',(-5.939254248478,-83.24872905034));
#1467 = CARTESIAN_POINT('',(-6.02632567854,-83.25000033598));
#1468 = CARTESIAN_POINT('',(-6.112301055317,-83.24999985699));
#1469 = CARTESIAN_POINT('',(-6.197728184834,-83.25));
#1470 = CARTESIAN_POINT('',(-6.283185296643,-83.25));
#1471 = ( GEOMETRIC_REPRESENTATION_CONTEXT(2) 
PARAMETRIC_REPRESENTATION_CONTEXT() REPRESENTATION_CONTEXT('2D SPACE',''
  ) );
#1472 = PCURVE('',#1473,#1478);
#1473 = CYLINDRICAL_SURFACE('',#1474,7.25);
#1474 = AXIS2_PLACEMENT_3D('',#1475,#1476,#1477);
#1475 = CARTESIAN_POINT('',(25.,0.,46.));
#1476 = DIRECTION('',(0.,0.,1.));
#1477 = DIRECTION('',(1.,0.,0.));
#1478 = DEFINITIONAL_REPRESENTATION('',(#1479),#1487);
#1479 = B_SPLINE_CURVE_WITH_KNOTS('',6,(#1480,#1481,#1482,#1483,#1484,
    #1485,#1486),.UNSPECIFIED.,.F.,.F.,(7,7),(0.,1.),
  .PIECEWISE_BEZIER_KNOTS.);
#1480 = CARTESIAN_POINT('',(6.209200764246,-33.0000006));
#1481 = CARTESIAN_POINT('',(6.234361796745,-32.68490870553));
#1482 = CARTESIAN_POINT('',(6.254087268748,-32.35775738662));
#1483 = CARTESIAN_POINT('',(6.268687018367,-32.02294906034));
#1484 = CARTESIAN_POINT('',(6.278350150781,-31.68353595518));
#1485 = CARTESIAN_POINT('',(6.283185306683,-31.34182848938));
#1486 = CARTESIAN_POINT('',(6.28318530718,-31.00000004214));
#1487 = ( GEOMETRIC_REPRESENTATION_CONTEXT(2) 
PARAMETRIC_REPRESENTATION_CONTEXT() REPRESENTATION_CONTEXT('2D SPACE',''
  ) );
#1488 = ORIENTED_EDGE('',*,*,#1489,.T.);
#1489 = EDGE_CURVE('',#1450,#1490,#1492,.T.);
#1490 = VERTEX_POINT('',#1491);
#1491 = CARTESIAN_POINT('',(31.327346435995,-0.535898384862,13.));
#1492 = SURFACE_CURVE('',#1493,(#1497,#1503),.PCURVE_S1.);
#1493 = LINE('',#1494,#1495);
#1494 = CARTESIAN_POINT('',(-51.,-0.535898384862,13.));
#1495 = VECTOR('',#1496,1.);
#1496 = DIRECTION('',(-1.,-0.,-0.));
#1497 = PCURVE('',#1214,#1498);
#1498 = DEFINITIONAL_REPRESENTATION('',(#1499),#1502);
#1499 = B_SPLINE_CURVE_WITH_KNOTS('',1,(#1500,#1501),.UNSPECIFIED.,.F.,
  .F.,(2,2),(-84.7,-67.3),.PIECEWISE_BEZIER_KNOTS.);
#1500 = CARTESIAN_POINT('',(-5.759586531581,-84.7));
#1501 = CARTESIAN_POINT('',(-5.759586531581,-67.3));
#1502 = ( GEOMETRIC_REPRESENTATION_CONTEXT(2) 
PARAMETRIC_REPRESENTATION_CONTEXT() REPRESENTATION_CONTEXT('2D SPACE',''
  ) );
#1503 = PCURVE('',#1504,#1509);
#1504 = PLANE('',#1505);
#1505 = AXIS2_PLACEMENT_3D('',#1506,#1507,#1508);
#1506 = CARTESIAN_POINT('',(25.,4.584934185037E-16,13.));
#1507 = DIRECTION('',(0.,0.,1.));
#1508 = DIRECTION('',(1.,0.,-0.));
#1509 = DEFINITIONAL_REPRESENTATION('',(#1510),#1513);
#1510 = B_SPLINE_CURVE_WITH_KNOTS('',1,(#1511,#1512),.UNSPECIFIED.,.F.,
  .F.,(2,2),(-84.7,-67.3),.PIECEWISE_BEZIER_KNOTS.);
#1511 = CARTESIAN_POINT('',(8.7,-0.535898384862));
#1512 = CARTESIAN_POINT('',(-8.7,-0.535898384862));
#1513 = ( GEOMETRIC_REPRESENTATION_CONTEXT(2) 
PARAMETRIC_REPRESENTATION_CONTEXT() REPRESENTATION_CONTEXT('2D SPACE',''
  ) );
#1514 = ORIENTED_EDGE('',*,*,#1515,.F.);
#1515 = EDGE_CURVE('',#1516,#1490,#1518,.T.);
#1516 = VERTEX_POINT('',#1517);
#1517 = CARTESIAN_POINT('',(28.260833258966,-5.448804109964,
    11.271599959587));
#1518 = SURFACE_CURVE('',#1519,(#1624,#1732),.PCURVE_S1.);
#1519 = B_SPLINE_CURVE_WITH_KNOTS('',7,(#1520,#1521,#1522,#1523,#1524,
    #1525,#1526,#1527,#1528,#1529,#1530,#1531,#1532,#1533,#1534,#1535,
    #1536,#1537,#1538,#1539,#1540,#1541,#1542,#1543,#1544,#1545,#1546,
    #1547,#1548,#1549,#1550,#1551,#1552,#1553,#1554,#1555,#1556,#1557,
    #1558,#1559,#1560,#1561,#1562,#1563,#1564,#1565,#1566,#1567,#1568,
    #1569,#1570,#1571,#1572,#1573,#1574,#1575,#1576,#1577,#1578,#1579,
    #1580,#1581,#1582,#1583,#1584,#1585,#1586,#1587,#1588,#1589,#1590,
    #1591,#1592,#1593,#1594,#1595,#1596,#1597,#1598,#1599,#1600,#1601,
    #1602,#1603,#1604,#1605,#1606,#1607,#1608,#1609,#1610,#1611,#1612,
    #1613,#1614,#1615,#1616,#1617,#1618,#1619,#1620,#1621,#1622,#1623),
  .UNSPECIFIED.,.F.,.F.,(8,6,6,6,6,6,6,6,6,6,6,6,6,6,6,6,6,8),(0.,
    6.088273041867E-02,8.42710003497E-02,0.127340727955,0.162236116494,
    0.211997319708,0.250499822122,0.355466125323,0.426298178005,
    0.498792414618,0.642532688256,0.74808993046,0.786809194157,
    0.836850542855,0.871942385356,0.915254586795,0.938774525348,1.),
  .UNSPECIFIED.);
#1520 = CARTESIAN_POINT('',(18.672653534665,-0.535898038452,13.0000006)
  );
#1521 = CARTESIAN_POINT('',(18.679834509607,-0.620683787151,
    12.853147316755));
#1522 = CARTESIAN_POINT('',(18.689051557598,-0.71374974366,
    12.70872577753));
#1523 = CARTESIAN_POINT('',(18.700787849378,-0.81517544379,
    12.56732248854));
#1524 = CARTESIAN_POINT('',(18.715605452122,-0.924999926156,
    12.429551106655));
#1525 = CARTESIAN_POINT('',(18.73415020919,-1.043217956086,
    12.296051616134));
#1526 = CARTESIAN_POINT('',(18.757156619877,-1.169776249533,
    12.16748950536));
#1527 = CARTESIAN_POINT('',(18.796322744272,-1.356350974071,
    11.997329290334));
#1528 = CARTESIAN_POINT('',(18.807968925797,-1.409326696296,
    11.950953257195));
#1529 = CARTESIAN_POINT('',(18.820432412476,-1.463465103322,
    11.905486357113));
#1530 = CARTESIAN_POINT('',(18.833754193742,-1.518732166886,
    11.860984632897));
#1531 = CARTESIAN_POINT('',(18.847975099732,-1.575091590794,
    11.817500657203));
#1532 = CARTESIAN_POINT('',(18.863135801284,-1.632504810924,
    11.775083532538));
#1533 = CARTESIAN_POINT('',(18.909000635083,-1.798523384499,
    11.657715990754));
#1534 = CARTESIAN_POINT('',(18.942073350446,-1.909642124483,
    11.58536154397));
#1535 = CARTESIAN_POINT('',(18.978696156919,-2.023822639443,
    11.517169239592));
#1536 = CARTESIAN_POINT('',(19.019031298673,-2.140560512886,
    11.453490165712));
#1537 = CARTESIAN_POINT('',(19.063192400829,-2.259323405217,
    11.394577697631));
#1538 = CARTESIAN_POINT('',(19.111234807132,-2.379562971395,
    11.340592385659));
#1539 = CARTESIAN_POINT('',(19.205204655202,-2.598894525733,
    11.251918420386));
#1540 = CARTESIAN_POINT('',(19.249755965347,-2.697559075723,
    11.215556434683));
#1541 = CARTESIAN_POINT('',(19.296777914097,-2.796410650814,
    11.182552011182));
#1542 = CARTESIAN_POINT('',(19.346215432516,-2.895134873871,
    11.152897272885));
#1543 = CARTESIAN_POINT('',(19.397977779831,-2.993416391824,
    11.126547279531));
#1544 = CARTESIAN_POINT('',(19.451936006563,-3.09094249912,
    11.103421966724));
#1545 = CARTESIAN_POINT('',(19.587754796174,-3.324965847006,
    11.054868072331));
#1546 = CARTESIAN_POINT('',(19.671622838193,-3.460216071977,
    11.032686015054));
#1547 = CARTESIAN_POINT('',(19.759276877644,-3.592725430372,
    11.016417563424));
#1548 = CARTESIAN_POINT('',(19.850411216159,-3.722091853959,
    11.005599503984));
#1549 = CARTESIAN_POINT('',(19.944660798658,-3.847944972052,
    10.999751240889));
#1550 = CARTESIAN_POINT('',(20.041599888957,-3.969947871573,
    10.998376277171));
#1551 = CARTESIAN_POINT('',(20.217450527607,-4.178985515832,
    11.002965699438));
#1552 = CARTESIAN_POINT('',(20.295571979567,-4.267797693305,
    11.007342500563));
#1553 = CARTESIAN_POINT('',(20.374997520564,-4.354218811173,
    11.013871464761));
#1554 = CARTESIAN_POINT('',(20.455623555684,-4.438241755013,
    11.022344178269));
#1555 = CARTESIAN_POINT('',(20.537351172715,-4.519867713969,
    11.032565320444));
#1556 = CARTESIAN_POINT('',(20.620086839083,-4.599105020396,
    11.044351536022));
#1557 = CARTESIAN_POINT('',(20.931808491172,-4.885513375212,
    11.093458541243));
#1558 = CARTESIAN_POINT('',(21.166903306101,-5.077583944439,
    11.139765760241));
#1559 = CARTESIAN_POINT('',(21.407694272503,-5.252805701657,
    11.193059044816));
#1560 = CARTESIAN_POINT('',(21.653241961723,-5.411940567618,
    11.250631798411));
#1561 = CARTESIAN_POINT('',(21.902993164931,-5.555754642596,
    11.310233382579));
#1562 = CARTESIAN_POINT('',(22.156754637184,-5.684908127767,
    11.36989598438));
#1563 = CARTESIAN_POINT('',(22.588676733926,-5.877441953993,
    11.466905412041));
#1564 = CARTESIAN_POINT('',(22.764539630558,-5.948532037966,
    11.505188982658));
#1565 = CARTESIAN_POINT('',(22.942085316131,-6.013202691003,
    11.542074212253));
#1566 = CARTESIAN_POINT('',(23.121186005962,-6.071506514841,
    11.576998500699));
#1567 = CARTESIAN_POINT('',(23.301741013013,-6.123482281296,
    11.609434277404));
#1568 = CARTESIAN_POINT('',(23.483679623839,-6.169150199561,
    11.638896727133));
#1569 = CARTESIAN_POINT('',(23.854548517754,-6.24877997924,
    11.691628468803));
#1570 = CARTESIAN_POINT('',(24.043604440553,-6.28245521805,
    11.714744921766));
#1571 = CARTESIAN_POINT('',(24.233758018137,-6.309442316328,
    11.733794523911));
#1572 = CARTESIAN_POINT('',(24.424708521304,-6.329705889019,
    11.748369721402));
#1573 = CARTESIAN_POINT('',(24.616207721354,-6.343229910315,
    11.758188230653));
#1574 = CARTESIAN_POINT('',(24.808039622886,-6.35,11.763103338072));
#1575 = CARTESIAN_POINT('',(25.380615596815,-6.35,11.763103338072));
#1576 = CARTESIAN_POINT('',(25.758776301649,-6.323383751332,
    11.743779697772));
#1577 = CARTESIAN_POINT('',(26.134126718264,-6.270769598513,
    11.705582580912));
#1578 = CARTESIAN_POINT('',(26.506131583065,-6.19221424275,
    11.650652641743));
#1579 = CARTESIAN_POINT('',(26.873524623549,-6.087434038981,
    11.582746668998));
#1580 = CARTESIAN_POINT('',(27.234170843182,-5.956409513332,
    11.506693733322));
#1581 = CARTESIAN_POINT('',(27.843245362816,-5.684908127767,
    11.36989598438));
#1582 = CARTESIAN_POINT('',(28.097006835068,-5.555754642596,
    11.310233382579));
#1583 = CARTESIAN_POINT('',(28.346758038277,-5.411940567618,
    11.250631798411));
#1584 = CARTESIAN_POINT('',(28.592305727497,-5.252805701657,
    11.193059044816));
#1585 = CARTESIAN_POINT('',(28.833096693899,-5.077583944439,
    11.139765760241));
#1586 = CARTESIAN_POINT('',(29.068191508828,-4.885513375212,
    11.093458541243));
#1587 = CARTESIAN_POINT('',(29.379913160917,-4.599105020396,
    11.044351536022));
#1588 = CARTESIAN_POINT('',(29.462648827285,-4.519867713969,
    11.032565320444));
#1589 = CARTESIAN_POINT('',(29.544376444316,-4.438241755013,
    11.022344178269));
#1590 = CARTESIAN_POINT('',(29.625002479436,-4.354218811173,
    11.013871464761));
#1591 = CARTESIAN_POINT('',(29.704428020433,-4.267797693305,
    11.007342500563));
#1592 = CARTESIAN_POINT('',(29.782549472393,-4.178985515832,
    11.002965699438));
#1593 = CARTESIAN_POINT('',(29.958400111043,-3.969947871573,
    10.998376277171));
#1594 = CARTESIAN_POINT('',(30.055339201342,-3.847944972052,
    10.999751240889));
#1595 = CARTESIAN_POINT('',(30.149588783841,-3.722091853959,
    11.005599503984));
#1596 = CARTESIAN_POINT('',(30.240723122356,-3.592725430372,
    11.016417563424));
#1597 = CARTESIAN_POINT('',(30.328377161807,-3.460216071977,
    11.032686015054));
#1598 = CARTESIAN_POINT('',(30.412245203826,-3.324965847005,
    11.054868072331));
#1599 = CARTESIAN_POINT('',(30.548063993437,-3.09094249912,
    11.103421966724));
#1600 = CARTESIAN_POINT('',(30.602022220169,-2.993416391824,
    11.126547279531));
#1601 = CARTESIAN_POINT('',(30.653784567484,-2.895134873871,
    11.152897272885));
#1602 = CARTESIAN_POINT('',(30.703222085903,-2.796410650814,
    11.182552011182));
#1603 = CARTESIAN_POINT('',(30.750244034653,-2.697559075723,
    11.215556434683));
#1604 = CARTESIAN_POINT('',(30.794795344798,-2.598894525733,
    11.251918420386));
#1605 = CARTESIAN_POINT('',(30.888765192868,-2.379562971395,
    11.340592385659));
#1606 = CARTESIAN_POINT('',(30.936807599171,-2.259323405216,
    11.394577697631));
#1607 = CARTESIAN_POINT('',(30.980968701327,-2.140560512886,
    11.453490165712));
#1608 = CARTESIAN_POINT('',(31.021303843081,-2.023822639443,
    11.517169239592));
#1609 = CARTESIAN_POINT('',(31.057926649554,-1.909642124483,
    11.58536154397));
#1610 = CARTESIAN_POINT('',(31.090999364917,-1.798523384499,
    11.657715990754));
#1611 = CARTESIAN_POINT('',(31.136864196935,-1.63250481737,
    11.775083527981));
#1612 = CARTESIAN_POINT('',(31.152024899781,-1.575091591957,
    11.817500656887));
#1613 = CARTESIAN_POINT('',(31.166245807291,-1.518732162332,
    11.860984636803));
#1614 = CARTESIAN_POINT('',(31.179567588812,-1.463465098369,
    11.905486360855));
#1615 = CARTESIAN_POINT('',(31.192031074354,-1.409326696459,
    11.950953256469));
#1616 = CARTESIAN_POINT('',(31.203677254585,-1.356350979517,
    11.997329285367));
#1617 = CARTESIAN_POINT('',(31.242843380123,-1.169776249533,
    12.16748950536));
#1618 = CARTESIAN_POINT('',(31.26584979081,-1.043217956086,
    12.296051616134));
#1619 = CARTESIAN_POINT('',(31.284394547878,-0.924999926156,
    12.429551106655));
#1620 = CARTESIAN_POINT('',(31.299212150622,-0.81517544379,
    12.56732248854));
#1621 = CARTESIAN_POINT('',(31.310948442402,-0.71374974366,
    12.70872577753));
#1622 = CARTESIAN_POINT('',(31.320165490393,-0.620683787151,
    12.853147316755));
#1623 = CARTESIAN_POINT('',(31.327346465335,-0.535898038452,13.0000006)
  );
#1624 = PCURVE('',#1214,#1625);
#1625 = DEFINITIONAL_REPRESENTATION('',(#1626),#1731);
#1626 = B_SPLINE_CURVE_WITH_KNOTS('',7,(#1627,#1628,#1629,#1630,#1631,
    #1632,#1633,#1634,#1635,#1636,#1637,#1638,#1639,#1640,#1641,#1642,
    #1643,#1644,#1645,#1646,#1647,#1648,#1649,#1650,#1651,#1652,#1653,
    #1654,#1655,#1656,#1657,#1658,#1659,#1660,#1661,#1662,#1663,#1664,
    #1665,#1666,#1667,#1668,#1669,#1670,#1671,#1672,#1673,#1674,#1675,
    #1676,#1677,#1678,#1679,#1680,#1681,#1682,#1683,#1684,#1685,#1686,
    #1687,#1688,#1689,#1690,#1691,#1692,#1693,#1694,#1695,#1696,#1697,
    #1698,#1699,#1700,#1701,#1702,#1703,#1704,#1705,#1706,#1707,#1708,
    #1709,#1710,#1711,#1712,#1713,#1714,#1715,#1716,#1717,#1718,#1719,
    #1720,#1721,#1722,#1723,#1724,#1725,#1726,#1727,#1728,#1729,#1730),
  .UNSPECIFIED.,.F.,.F.,(8,6,6,6,6,6,6,6,6,6,6,6,6,6,6,6,6,8),(0.,
    6.088273041867E-02,8.42710003497E-02,0.127340727955,0.162236116494,
    0.211997319708,0.250499822122,0.355466125323,0.426298178005,
    0.498792414618,0.642532688256,0.74808993046,0.786809194157,
    0.836850542855,0.871942385356,0.915254586795,0.938774525348,1.),
  .UNSPECIFIED.);
#1627 = CARTESIAN_POINT('',(-5.759586704786,-69.67265353466));
#1628 = CARTESIAN_POINT('',(-5.717193817719,-69.6798345096));
#1629 = CARTESIAN_POINT('',(-5.674292416886,-69.68905155759));
#1630 = CARTESIAN_POINT('',(-5.63087501517,-69.70078784937));
#1631 = CARTESIAN_POINT('',(-5.586931820481,-69.71560545212));
#1632 = CARTESIAN_POINT('',(-5.54245032677,-69.73415020919));
#1633 = CARTESIAN_POINT('',(-5.49741490504,-69.75715661987));
#1634 = CARTESIAN_POINT('',(-5.434285758338,-69.79632274427));
#1635 = CARTESIAN_POINT('',(-5.416687662974,-69.80796892579));
#1636 = CARTESIAN_POINT('',(-5.399019113523,-69.82043241247));
#1637 = CARTESIAN_POINT('',(-5.381286730583,-69.83375419374));
#1638 = CARTESIAN_POINT('',(-5.363496750088,-69.84797509973));
#1639 = CARTESIAN_POINT('',(-5.345655023307,-69.86313580128));
#1640 = CARTESIAN_POINT('',(-5.29482607816,-69.90900063508));
#1641 = CARTESIAN_POINT('',(-5.261700532251,-69.94207335044));
#1642 = CARTESIAN_POINT('',(-5.228492056172,-69.97869615691));
#1643 = CARTESIAN_POINT('',(-5.195293266958,-70.01903129867));
#1644 = CARTESIAN_POINT('',(-5.162189839457,-70.06319240082));
#1645 = CARTESIAN_POINT('',(-5.129262624161,-70.11123480713));
#1646 = CARTESIAN_POINT('',(-5.070117990611,-70.2052046552));
#1647 = CARTESIAN_POINT('',(-5.043842795036,-70.24975596534));
#1648 = CARTESIAN_POINT('',(-5.017808510521,-70.29677791409));
#1649 = CARTESIAN_POINT('',(-4.992059086321,-70.34621543251));
#1650 = CARTESIAN_POINT('',(-4.966638444331,-70.39797777983));
#1651 = CARTESIAN_POINT('',(-4.941590834679,-70.45193600656));
#1652 = CARTESIAN_POINT('',(-4.88183905227,-70.58775479617));
#1653 = CARTESIAN_POINT('',(-4.847604992645,-70.67162283819));
#1654 = CARTESIAN_POINT('',(-4.814271445839,-70.75927687764));
#1655 = CARTESIAN_POINT('',(-4.781858589134,-70.85041121615));
#1656 = CARTESIAN_POINT('',(-4.750393172864,-70.94466079865));
#1657 = CARTESIAN_POINT('',(-4.719907349577,-71.04159988895));
#1658 = CARTESIAN_POINT('',(-4.667635344932,-71.2174505276));
#1659 = CARTESIAN_POINT('',(-4.645413619235,-71.29557197956));
#1660 = CARTESIAN_POINT('',(-4.623758378819,-71.37499752056));
#1661 = CARTESIAN_POINT('',(-4.602657549781,-71.45562355568));
#1662 = CARTESIAN_POINT('',(-4.582100608755,-71.53735117271));
#1663 = CARTESIAN_POINT('',(-4.562078260084,-71.62008683908));
#1664 = CARTESIAN_POINT('',(-4.489431321199,-71.93180849117));
#1665 = CARTESIAN_POINT('',(-4.440147655896,-72.1669033061));
#1666 = CARTESIAN_POINT('',(-4.394476438156,-72.4076942725));
#1667 = CARTESIAN_POINT('',(-4.352255748223,-72.65324196172));
#1668 = CARTESIAN_POINT('',(-4.313389362786,-72.90299316493));
#1669 = CARTESIAN_POINT('',(-4.277842575466,-73.15675463718));
#1670 = CARTESIAN_POINT('',(-4.223944463662,-73.58867673392));
#1671 = CARTESIAN_POINT('',(-4.2037662127,-73.76453963055));
#1672 = CARTESIAN_POINT('',(-4.185161752166,-73.94208531613));
#1673 = CARTESIAN_POINT('',(-4.168176538711,-74.12118600596));
#1674 = CARTESIAN_POINT('',(-4.152862859316,-74.30174101301));
#1675 = CARTESIAN_POINT('',(-4.139277083867,-74.48367962383));
#1676 = CARTESIAN_POINT('',(-4.115400397551,-74.85454851775));
#1677 = CARTESIAN_POINT('',(-4.105190339848,-75.04360444055));
#1678 = CARTESIAN_POINT('',(-4.096932773434,-75.23375801813));
#1679 = CARTESIAN_POINT('',(-4.090692642789,-75.4247085213));
#1680 = CARTESIAN_POINT('',(-4.086514521331,-75.61620772135));
#1681 = CARTESIAN_POINT('',(-4.084422995748,-75.80803962288));
#1682 = CARTESIAN_POINT('',(-4.084422995748,-76.38061559681));
#1683 = CARTESIAN_POINT('',(-4.092645796627,-76.75877630164));
#1684 = CARTESIAN_POINT('',(-4.108900056815,-77.13412671826));
#1685 = CARTESIAN_POINT('',(-4.132860571397,-77.50613158306));
#1686 = CARTESIAN_POINT('',(-4.164030161402,-77.87352462354));
#1687 = CARTESIAN_POINT('',(-4.201838206151,-78.23417084318));
#1688 = CARTESIAN_POINT('',(-4.277842575466,-78.84324536281));
#1689 = CARTESIAN_POINT('',(-4.313389362786,-79.09700683506));
#1690 = CARTESIAN_POINT('',(-4.352255748223,-79.34675803827));
#1691 = CARTESIAN_POINT('',(-4.394476438156,-79.59230572749));
#1692 = CARTESIAN_POINT('',(-4.440147655896,-79.83309669389));
#1693 = CARTESIAN_POINT('',(-4.489431321199,-80.06819150882));
#1694 = CARTESIAN_POINT('',(-4.562078260084,-80.37991316091));
#1695 = CARTESIAN_POINT('',(-4.582100608755,-80.46264882728));
#1696 = CARTESIAN_POINT('',(-4.602657549781,-80.54437644431));
#1697 = CARTESIAN_POINT('',(-4.623758378819,-80.62500247943));
#1698 = CARTESIAN_POINT('',(-4.645413619235,-80.70442802043));
#1699 = CARTESIAN_POINT('',(-4.667635344932,-80.78254947239));
#1700 = CARTESIAN_POINT('',(-4.719907349577,-80.95840011104));
#1701 = CARTESIAN_POINT('',(-4.750393172864,-81.05533920134));
#1702 = CARTESIAN_POINT('',(-4.781858589134,-81.14958878384));
#1703 = CARTESIAN_POINT('',(-4.814271445839,-81.24072312235));
#1704 = CARTESIAN_POINT('',(-4.847604992645,-81.3283771618));
#1705 = CARTESIAN_POINT('',(-4.88183905227,-81.41224520382));
#1706 = CARTESIAN_POINT('',(-4.941590834679,-81.54806399343));
#1707 = CARTESIAN_POINT('',(-4.966638444331,-81.60202222016));
#1708 = CARTESIAN_POINT('',(-4.992059086321,-81.65378456748));
#1709 = CARTESIAN_POINT('',(-5.017808510521,-81.7032220859));
#1710 = CARTESIAN_POINT('',(-5.043842795036,-81.75024403465));
#1711 = CARTESIAN_POINT('',(-5.070117990611,-81.79479534479));
#1712 = CARTESIAN_POINT('',(-5.129262624161,-81.88876519286));
#1713 = CARTESIAN_POINT('',(-5.162189839457,-81.93680759917));
#1714 = CARTESIAN_POINT('',(-5.195293266958,-81.98096870132));
#1715 = CARTESIAN_POINT('',(-5.228492056172,-82.02130384308));
#1716 = CARTESIAN_POINT('',(-5.261700532251,-82.05792664955));
#1717 = CARTESIAN_POINT('',(-5.29482607816,-82.09099936491));
#1718 = CARTESIAN_POINT('',(-5.345655021334,-82.13686419693));
#1719 = CARTESIAN_POINT('',(-5.363496749812,-82.15202489978));
#1720 = CARTESIAN_POINT('',(-5.381286732085,-82.16624580729));
#1721 = CARTESIAN_POINT('',(-5.399019115077,-82.17956758881));
#1722 = CARTESIAN_POINT('',(-5.416687662828,-82.19203107435));
#1723 = CARTESIAN_POINT('',(-5.434285756495,-82.20367725458));
#1724 = CARTESIAN_POINT('',(-5.49741490504,-82.24284338012));
#1725 = CARTESIAN_POINT('',(-5.54245032677,-82.26584979081));
#1726 = CARTESIAN_POINT('',(-5.586931820481,-82.28439454787));
#1727 = CARTESIAN_POINT('',(-5.63087501517,-82.29921215062));
#1728 = CARTESIAN_POINT('',(-5.674292416886,-82.3109484424));
#1729 = CARTESIAN_POINT('',(-5.717193817719,-82.32016549039));
#1730 = CARTESIAN_POINT('',(-5.759586704786,-82.32734646533));
#1731 = ( GEOMETRIC_REPRESENTATION_CONTEXT(2) 
PARAMETRIC_REPRESENTATION_CONTEXT() REPRESENTATION_CONTEXT('2D SPACE',''
  ) );
#1732 = PCURVE('',#1733,#1738);
#1733 = CYLINDRICAL_SURFACE('',#1734,6.35);
#1734 = AXIS2_PLACEMENT_3D('',#1735,#1736,#1737);
#1735 = CARTESIAN_POINT('',(25.,0.,46.));
#1736 = DIRECTION('',(0.,0.,1.));
#1737 = DIRECTION('',(1.,0.,0.));
#1738 = DEFINITIONAL_REPRESENTATION('',(#1739),#1784);
#1739 = B_SPLINE_CURVE_WITH_KNOTS('',7,(#1740,#1741,#1742,#1743,#1744,
    #1745,#1746,#1747,#1748,#1749,#1750,#1751,#1752,#1753,#1754,#1755,
    #1756,#1757,#1758,#1759,#1760,#1761,#1762,#1763,#1764,#1765,#1766,
    #1767,#1768,#1769,#1770,#1771,#1772,#1773,#1774,#1775,#1776,#1777,
    #1778,#1779,#1780,#1781,#1782,#1783),.UNSPECIFIED.,.F.,.F.,(8,6,6,6,
    6,6,6,8),(0.682766952587,0.74808993046,0.786809194157,0.836850542855
    ,0.871942385356,0.915254586795,0.938774525348,0.999999964264),
  .UNSPECIFIED.);
#1740 = CARTESIAN_POINT('',(5.251667514861,-34.72840004041));
#1741 = CARTESIAN_POINT('',(5.279873117925,-34.76413976735));
#1742 = CARTESIAN_POINT('',(5.308326285811,-34.79911165383));
#1743 = CARTESIAN_POINT('',(5.337064103094,-34.83280164114));
#1744 = CARTESIAN_POINT('',(5.366120445001,-34.8646480941));
#1745 = CARTESIAN_POINT('',(5.395526044559,-34.89402732228));
#1746 = CARTESIAN_POINT('',(5.425308418922,-34.9202358868));
#1747 = CARTESIAN_POINT('',(5.473382337577,-34.95564846397));
#1748 = CARTESIAN_POINT('',(5.491419246495,-34.96743467955));
#1749 = CARTESIAN_POINT('',(5.509603108054,-34.97765582173));
#1750 = CARTESIAN_POINT('',(5.527934016559,-34.98612853523));
#1751 = CARTESIAN_POINT('',(5.546411384402,-34.99265749943));
#1752 = CARTESIAN_POINT('',(5.565033892285,-34.99703430056));
#1753 = CARTESIAN_POINT('',(5.608052309971,-35.00162372282));
#1754 = CARTESIAN_POINT('',(5.632582315681,-35.00024875911));
#1755 = CARTESIAN_POINT('',(5.657326959684,-34.99440049601));
#1756 = CARTESIAN_POINT('',(5.682228171137,-34.98358243657));
#1757 = CARTESIAN_POINT('',(5.707230976117,-34.96731398494));
#1758 = CARTESIAN_POINT('',(5.732282168466,-34.94513192766));
#1759 = CARTESIAN_POINT('',(5.774893231248,-34.89657803327));
#1760 = CARTESIAN_POINT('',(5.792441933201,-34.87345272046));
#1761 = CARTESIAN_POINT('',(5.809928825299,-34.84710272711));
#1762 = CARTESIAN_POINT('',(5.827309855998,-34.81744798881));
#1763 = CARTESIAN_POINT('',(5.844543008203,-34.78444356531));
#1764 = CARTESIAN_POINT('',(5.861588124057,-34.74808157961));
#1765 = CARTESIAN_POINT('',(5.899165139217,-34.65940761434));
#1766 = CARTESIAN_POINT('',(5.919549782894,-34.60542230236));
#1767 = CARTESIAN_POINT('',(5.939494703478,-34.54650983428));
#1768 = CARTESIAN_POINT('',(5.958935989901,-34.4828307604));
#1769 = CARTESIAN_POINT('',(5.977812510565,-34.41463845603));
#1770 = CARTESIAN_POINT('',(5.996066646608,-34.34228400924));
#1771 = CARTESIAN_POINT('',(6.02319065826,-34.22491647201));
#1772 = CARTESIAN_POINT('',(6.032541430793,-34.18249934311));
#1773 = CARTESIAN_POINT('',(6.041694241242,-34.13901536319));
#1774 = CARTESIAN_POINT('',(6.050646104216,-34.09451363914));
#1775 = CARTESIAN_POINT('',(6.059394150448,-34.04904674353));
#1776 = CARTESIAN_POINT('',(6.067935626802,-34.00267071463));
#1777 = CARTESIAN_POINT('',(6.097957870238,-33.83251056639));
#1778 = CARTESIAN_POINT('',(6.118207571052,-33.70394853394));
#1779 = CARTESIAN_POINT('',(6.137043961585,-33.5704491271));
#1780 = CARTESIAN_POINT('',(6.154489680243,-33.43267783311));
#1781 = CARTESIAN_POINT('',(6.170565280854,-33.29127463513));
#1782 = CARTESIAN_POINT('',(6.185291472561,-33.14685318901));
#1783 = CARTESIAN_POINT('',(6.198691359712,-33.));
#1784 = ( GEOMETRIC_REPRESENTATION_CONTEXT(2) 
PARAMETRIC_REPRESENTATION_CONTEXT() REPRESENTATION_CONTEXT('2D SPACE',''
  ) );
#1785 = ORIENTED_EDGE('',*,*,#1786,.F.);
#1786 = EDGE_CURVE('',#1787,#1516,#1789,.T.);
#1787 = VERTEX_POINT('',#1788);
#1788 = CARTESIAN_POINT('',(21.739166741034,-5.448804109964,
    11.271599959587));
#1789 = SURFACE_CURVE('',#1790,(#1973,#2159),.PCURVE_S1.);
#1790 = B_SPLINE_CURVE_WITH_KNOTS('',7,(#1791,#1792,#1793,#1794,#1795,
    #1796,#1797,#1798,#1799,#1800,#1801,#1802,#1803,#1804,#1805,#1806,
    #1807,#1808,#1809,#1810,#1811,#1812,#1813,#1814,#1815,#1816,#1817,
    #1818,#1819,#1820,#1821,#1822,#1823,#1824,#1825,#1826,#1827,#1828,
    #1829,#1830,#1831,#1832,#1833,#1834,#1835,#1836,#1837,#1838,#1839,
    #1840,#1841,#1842,#1843,#1844,#1845,#1846,#1847,#1848,#1849,#1850,
    #1851,#1852,#1853,#1854,#1855,#1856,#1857,#1858,#1859,#1860,#1861,
    #1862,#1863,#1864,#1865,#1866,#1867,#1868,#1869,#1870,#1871,#1872,
    #1873,#1874,#1875,#1876,#1877,#1878,#1879,#1880,#1881,#1882,#1883,
    #1884,#1885,#1886,#1887,#1888,#1889,#1890,#1891,#1892,#1893,#1894,
    #1895,#1896,#1897,#1898,#1899,#1900,#1901,#1902,#1903,#1904,#1905,
    #1906,#1907,#1908,#1909,#1910,#1911,#1912,#1913,#1914,#1915,#1916,
    #1917,#1918,#1919,#1920,#1921,#1922,#1923,#1924,#1925,#1926,#1927,
    #1928,#1929,#1930,#1931,#1932,#1933,#1934,#1935,#1936,#1937,#1938,
    #1939,#1940,#1941,#1942,#1943,#1944,#1945,#1946,#1947,#1948,#1949,
    #1950,#1951,#1952,#1953,#1954,#1955,#1956,#1957,#1958,#1959,#1960,
    #1961,#1962,#1963,#1964,#1965,#1966,#1967,#1968,#1969,#1970,#1971,
    #1972),.UNSPECIFIED.,.T.,.F.,(8,6,6,6,6,6,6,6,6,6,6,6,6,6,6,6,6,6,6,
    6,6,6,6,6,6,6,6,6,6,6,8),(0.,8.50768644017E-02,0.103236064278,
    0.134550380959,0.16320384858,0.180258259786,0.199854382792,
    0.250112826793,0.3001120674,0.319795569488,0.336969946651,
    0.36601318608,0.396583197584,0.415138841737,0.437362932519,
    0.500035293244,0.546429012929,0.584939008484,0.603491172917,
    0.634055450385,0.663093243467,0.680264399997,0.699944210938,
    0.749934075471,0.800183094792,0.819775543049,0.836826756138,
    0.865474850537,0.896783295022,0.914939089604,1.),.UNSPECIFIED.);
#1791 = CARTESIAN_POINT('',(21.64589803375,-4.,11.));
#1792 = CARTESIAN_POINT('',(21.64589803375,-4.305378635976,11.));
#1793 = CARTESIAN_POINT('',(21.654006736522,-4.611511553328,
    11.027200366406));
#1794 = CARTESIAN_POINT('',(21.670301160594,-4.916089955785,
    11.081838217722));
#1795 = CARTESIAN_POINT('',(21.696329081848,-5.216636502321,
    11.164103899354));
#1796 = CARTESIAN_POINT('',(21.735233218764,-5.510323608226,
    11.273958451347));
#1797 = CARTESIAN_POINT('',(21.791852119926,-5.793862832685,
    11.410969458207));
#1798 = CARTESIAN_POINT('',(21.891015003449,-6.121076100127,
    11.608016758441));
#1799 = CARTESIAN_POINT('',(21.909582372344,-6.17793779076,
    11.643795702678));
#1800 = CARTESIAN_POINT('',(21.929329428134,-6.234029730992,
    11.680646498528));
#1801 = CARTESIAN_POINT('',(21.95031205126,-6.289282984612,
    11.718517235312));
#1802 = CARTESIAN_POINT('',(21.972586715833,-6.343634322056,
    11.757351027317));
#1803 = CARTESIAN_POINT('',(21.996210249184,-6.397026160457,
    11.797086431443));
#1804 = CARTESIAN_POINT('',(22.064401005701,-6.539732876354,
    11.907620568199));
#1805 = CARTESIAN_POINT('',(22.111787468618,-6.627144891881,
    11.980141887865));
#1806 = CARTESIAN_POINT('',(22.163590662755,-6.711121363683,
    12.054705713743));
#1807 = CARTESIAN_POINT('',(22.219954871209,-6.791270843412,
    12.130743559639));
#1808 = CARTESIAN_POINT('',(22.28096186429,-6.867316906525,
    12.207652834626));
#1809 = CARTESIAN_POINT('',(22.346615786207,-6.939083437863,
    12.284815114412));
#1810 = CARTESIAN_POINT('',(22.481074201516,-7.068149563704,
    12.431887899074));
#1811 = CARTESIAN_POINT('',(22.549020541012,-7.126049066666,
    12.501730307753));
#1812 = CARTESIAN_POINT('',(22.620581987606,-7.180137992605,
    12.570678568354));
#1813 = CARTESIAN_POINT('',(22.695601926052,-7.230429896369,
    12.63826952431));
#1814 = CARTESIAN_POINT('',(22.773848588386,-7.276985466641,
    12.70405630962));
#1815 = CARTESIAN_POINT('',(22.855011443806,-7.319905671414,
    12.767624725585));
#1816 = CARTESIAN_POINT('',(22.988507194266,-7.382787047793,
    12.86490754278));
#1817 = CARTESIAN_POINT('',(23.039232143344,-7.405018918898,
    12.900305790589));
#1818 = CARTESIAN_POINT('',(23.090825726419,-7.426063012419,
    12.934751127299));
#1819 = CARTESIAN_POINT('',(23.143236678961,-7.445961723009,
    12.96819384154));
#1820 = CARTESIAN_POINT('',(23.19640915141,-7.464757135387,
    13.000588108517));
#1821 = CARTESIAN_POINT('',(23.250282679323,-7.482490815404,
    13.031892354267));
#1822 = CARTESIAN_POINT('',(23.367425471568,-7.518407184285,
    13.096744367847));
#1823 = CARTESIAN_POINT('',(23.43090186663,-7.536263967097,
    13.129933038651));
#1824 = CARTESIAN_POINT('',(23.495157807553,-7.5528463678,
    13.161598868265));
#1825 = CARTESIAN_POINT('',(23.560128053862,-7.568222166592,
    13.191709913301));
#1826 = CARTESIAN_POINT('',(23.625745655757,-7.582454505607,
    13.220239051048));
#1827 = CARTESIAN_POINT('',(23.691941954105,-7.595601888913,
    13.247163979473));
#1828 = CARTESIAN_POINT('',(23.929724845595,-7.638793005986,
    13.337362776243));
#1829 = CARTESIAN_POINT('',(24.104077806491,-7.663073183041,
    13.391564730514));
#1830 = CARTESIAN_POINT('',(24.280935978751,-7.681554711129,
    13.434953617586));
#1831 = CARTESIAN_POINT('',(24.459595858101,-7.694948268769,
    13.467489632051));
#1832 = CARTESIAN_POINT('',(24.639404066204,-7.70371780777,
    13.48916893479));
#1833 = CARTESIAN_POINT('',(24.819740430776,-7.708099243548,13.5));
#1834 = CARTESIAN_POINT('',(25.179329896745,-7.708099243548,13.5));
#1835 = CARTESIAN_POINT('',(25.358734340087,-7.703762885591,
    13.489280364122));
#1836 = CARTESIAN_POINT('',(25.537618369419,-7.695083728945,
    13.467824511546));
#1837 = CARTESIAN_POINT('',(25.715372239086,-7.681830686756,
    13.435624105528));
#1838 = CARTESIAN_POINT('',(25.89135376988,-7.663549210994,
    13.392682581685));
#1839 = CARTESIAN_POINT('',(26.064871723588,-7.639543135832,
    13.33903811654));
#1840 = CARTESIAN_POINT('',(26.302212627409,-7.596748980705,
    13.249519406566));
#1841 = CARTESIAN_POINT('',(26.368746004689,-7.58362422471,
    13.222595762171));
#1842 = CARTESIAN_POINT('',(26.434699321787,-7.569408556051,
    13.194052497349));
#1843 = CARTESIAN_POINT('',(26.500003268225,-7.554042870345,
    13.163911874413));
#1844 = CARTESIAN_POINT('',(26.564590233717,-7.537463314223,
    13.132201023776));
#1845 = CARTESIAN_POINT('',(26.62839430817,-7.519601285329,
    13.098951943945));
#1846 = CARTESIAN_POINT('',(26.746282909366,-7.483615346328,
    13.033880819664));
#1847 = CARTESIAN_POINT('',(26.800572413243,-7.465814209308,
    13.002415656982));
#1848 = CARTESIAN_POINT('',(26.85415335005,-7.4469383154,12.969843486035
    ));
#1849 = CARTESIAN_POINT('',(26.90696402358,-7.426945189181,
    12.936206518919));
#1850 = CARTESIAN_POINT('',(26.958947454377,-7.405791800267,
    12.901551333835));
#1851 = CARTESIAN_POINT('',(27.010051349434,-7.383434777906,
    12.865928501645));
#1852 = CARTESIAN_POINT('',(27.145080905281,-7.319914124322,
    12.767606437894));
#1853 = CARTESIAN_POINT('',(27.227349488213,-7.276399535901,
    12.703159367486));
#1854 = CARTESIAN_POINT('',(27.306617560381,-7.229150137393,
    12.636435908082));
#1855 = CARTESIAN_POINT('',(27.382562324569,-7.178060533243,
    12.567867539965));
#1856 = CARTESIAN_POINT('',(27.454946410465,-7.123066856879,
    12.497918443728));
#1857 = CARTESIAN_POINT('',(27.523609838465,-7.06415697234,
    12.427071627166));
#1858 = CARTESIAN_POINT('',(27.656723336507,-6.93530429661,
    12.280812595137));
#1859 = CARTESIAN_POINT('',(27.720634975598,-6.865067406655,
    12.205496122989));
#1860 = CARTESIAN_POINT('',(27.780117971646,-6.790758000325,
    12.130439252695));
#1861 = CARTESIAN_POINT('',(27.83517730186,-6.712542373278,
    12.05621727207));
#1862 = CARTESIAN_POINT('',(27.885888425939,-6.630678193377,
    11.983390917125));
#1863 = CARTESIAN_POINT('',(27.932383862248,-6.545527571519,
    11.91249014943));
#1864 = CARTESIAN_POINT('',(28.000610006328,-6.404180982141,
    11.802423948883));
#1865 = CARTESIAN_POINT('',(28.024906070385,-6.349728414238,
    11.761714512626));
#1866 = CARTESIAN_POINT('',(28.047788464807,-6.294267641897,
    11.721940331764));
#1867 = CARTESIAN_POINT('',(28.069317645976,-6.23786003575,
    11.68316762214));
#1868 = CARTESIAN_POINT('',(28.089553745618,-6.180573192901,
    11.645457632965));
#1869 = CARTESIAN_POINT('',(28.108556298408,-6.122481005913,
    11.608866171421));
#1870 = CARTESIAN_POINT('',(28.147736167294,-5.993218295951,
    11.531016955334));
#1871 = CARTESIAN_POINT('',(28.167404845505,-5.921726677785,
    11.490263228073));
#1872 = CARTESIAN_POINT('',(28.185506888589,-5.849271398166,
    11.451234930474));
#1873 = CARTESIAN_POINT('',(28.202151362101,-5.775937182578,
    11.413977235934));
#1874 = CARTESIAN_POINT('',(28.217439676248,-5.701810903795,
    11.378527819443));
#1875 = CARTESIAN_POINT('',(28.231465749368,-5.626981524543,
    11.344917170765));
#1876 = CARTESIAN_POINT('',(28.28055460714,-5.338793612509,
    11.22363819882));
#1877 = CARTESIAN_POINT('',(28.307429633439,-5.121262879061,
    11.148953595484));
#1878 = CARTESIAN_POINT('',(28.327031897086,-4.90018974903,
    11.089280183776));
#1879 = CARTESIAN_POINT('',(28.340804171651,-4.676637461088,
    11.044603986883));
#1880 = CARTESIAN_POINT('',(28.349671315758,-4.451534314786,
    11.014860006179));
#1881 = CARTESIAN_POINT('',(28.35410196625,-4.225720782229,11.));
#1882 = CARTESIAN_POINT('',(28.35410196625,-3.832908373378,11.));
#1883 = CARTESIAN_POINT('',(28.351674114804,-3.66580104591,
    11.008143187597));
#1884 = CARTESIAN_POINT('',(28.346817652672,-3.498992787033,
    11.024432491329));
#1885 = CARTESIAN_POINT('',(28.339392320688,-3.332804992826,
    11.048882684084));
#1886 = CARTESIAN_POINT('',(28.329119347041,-3.167578840241,
    11.08151862938));
#1887 = CARTESIAN_POINT('',(28.315570614146,-3.003688160297,
    11.122364427686));
#1888 = CARTESIAN_POINT('',(28.283682374611,-2.706967830212,
    11.212145854449));
#1889 = CARTESIAN_POINT('',(28.266536844418,-2.573487292389,
    11.258559078826));
#1890 = CARTESIAN_POINT('',(28.24637458124,-2.441500176641,
    11.310636622758));
#1891 = CARTESIAN_POINT('',(28.222791915607,-2.311399083241,
    11.368308079082));
#1892 = CARTESIAN_POINT('',(28.195314116363,-2.183577473671,
    11.431456792246));
#1893 = CARTESIAN_POINT('',(28.163390084968,-2.058427303627,
    11.499913093727));
#1894 = CARTESIAN_POINT('',(28.108556298409,-1.87751899409,
    11.608866171419));
#1895 = CARTESIAN_POINT('',(28.089553745618,-1.819426807099,
    11.645457632965));
#1896 = CARTESIAN_POINT('',(28.069317645976,-1.762139964248,
    11.683167622142));
#1897 = CARTESIAN_POINT('',(28.047788464806,-1.705732358101,
    11.721940331766));
#1898 = CARTESIAN_POINT('',(28.024906070385,-1.650271585763,
    11.761714512626));
#1899 = CARTESIAN_POINT('',(28.00061000633,-1.595819017862,
    11.802423948881));
#1900 = CARTESIAN_POINT('',(27.932383864018,-1.454472432148,
    11.912490146574));
#1901 = CARTESIAN_POINT('',(27.885888423423,-1.369321803282,
    11.983390920328));
#1902 = CARTESIAN_POINT('',(27.83517730041,-1.287457623784,
    12.056217274387));
#1903 = CARTESIAN_POINT('',(27.780117974075,-1.209242002148,
    12.130439249959));
#1904 = CARTESIAN_POINT('',(27.720634977929,-1.134932596806,
    12.205496119849));
#1905 = CARTESIAN_POINT('',(27.656723333425,-1.064695700406,
    12.280812598524));
#1906 = CARTESIAN_POINT('',(27.523609838465,-0.93584302766,
    12.427071627166));
#1907 = CARTESIAN_POINT('',(27.454946410465,-0.876933143121,
    12.497918443728));
#1908 = CARTESIAN_POINT('',(27.382562324569,-0.821939466757,
    12.567867539965));
#1909 = CARTESIAN_POINT('',(27.306617560381,-0.770849862607,
    12.636435908082));
#1910 = CARTESIAN_POINT('',(27.227349488213,-0.723600464099,
    12.703159367486));
#1911 = CARTESIAN_POINT('',(27.145080905281,-0.680085875678,
    12.767606437894));
#1912 = CARTESIAN_POINT('',(27.010051349436,-0.616565222094,
    12.865928501644));
#1913 = CARTESIAN_POINT('',(26.958947454377,-0.594208199733,
    12.901551333835));
#1914 = CARTESIAN_POINT('',(26.906964023579,-0.573054810819,
    12.93620651892));
#1915 = CARTESIAN_POINT('',(26.854153350049,-0.5530616846,
    12.969843486036));
#1916 = CARTESIAN_POINT('',(26.800572413243,-0.534185790692,
    13.002415656982));
#1917 = CARTESIAN_POINT('',(26.746282909367,-0.516384653673,
    13.033880819663));
#1918 = CARTESIAN_POINT('',(26.628394308132,-0.480398714659,
    13.098951943966));
#1919 = CARTESIAN_POINT('',(26.564590233713,-0.462536685774,
    13.132201023781));
#1920 = CARTESIAN_POINT('',(26.500003268256,-0.445957129662,
    13.1639118744));
#1921 = CARTESIAN_POINT('',(26.434699321818,-0.430591443957,
    13.194052497333));
#1922 = CARTESIAN_POINT('',(26.368746004684,-0.416375775291,
    13.22259576217));
#1923 = CARTESIAN_POINT('',(26.302212627369,-0.403251019287,
    13.249519406581));
#1924 = CARTESIAN_POINT('',(26.064871723588,-0.360456864168,
    13.33903811654));
#1925 = CARTESIAN_POINT('',(25.89135376988,-0.336450789006,
    13.392682581685));
#1926 = CARTESIAN_POINT('',(25.715372239086,-0.318169313244,
    13.435624105528));
#1927 = CARTESIAN_POINT('',(25.537618369419,-0.304916271055,
    13.467824511546));
#1928 = CARTESIAN_POINT('',(25.358734340087,-0.296237114409,
    13.489280364122));
#1929 = CARTESIAN_POINT('',(25.179329896745,-0.291900756452,13.5));
#1930 = CARTESIAN_POINT('',(24.819740430776,-0.291900756452,13.5));
#1931 = CARTESIAN_POINT('',(24.639404066204,-0.29628219223,
    13.48916893479));
#1932 = CARTESIAN_POINT('',(24.459595858101,-0.305051731231,
    13.467489632051));
#1933 = CARTESIAN_POINT('',(24.280935978751,-0.318445288871,
    13.434953617586));
#1934 = CARTESIAN_POINT('',(24.104077806491,-0.336926816959,
    13.391564730514));
#1935 = CARTESIAN_POINT('',(23.929724845595,-0.361206994014,
    13.337362776243));
#1936 = CARTESIAN_POINT('',(23.691941954105,-0.404398111087,
    13.247163979473));
#1937 = CARTESIAN_POINT('',(23.625745655757,-0.417545494393,
    13.220239051048));
#1938 = CARTESIAN_POINT('',(23.560128053863,-0.431777833408,
    13.191709913301));
#1939 = CARTESIAN_POINT('',(23.495157807552,-0.4471536322,
    13.161598868265));
#1940 = CARTESIAN_POINT('',(23.43090186663,-0.463736032903,
    13.129933038651));
#1941 = CARTESIAN_POINT('',(23.367425471568,-0.481592815715,
    13.096744367847));
#1942 = CARTESIAN_POINT('',(23.250282679323,-0.517509184596,
    13.031892354267));
#1943 = CARTESIAN_POINT('',(23.19640915141,-0.535242864613,
    13.000588108517));
#1944 = CARTESIAN_POINT('',(23.143236678961,-0.554038276991,
    12.96819384154));
#1945 = CARTESIAN_POINT('',(23.090825726419,-0.573936987581,
    12.934751127299));
#1946 = CARTESIAN_POINT('',(23.039232143344,-0.594981081102,
    12.900305790589));
#1947 = CARTESIAN_POINT('',(22.988507194266,-0.617212952207,
    12.86490754278));
#1948 = CARTESIAN_POINT('',(22.855011443806,-0.680094328586,
    12.767624725585));
#1949 = CARTESIAN_POINT('',(22.773848588386,-0.723014533359,
    12.70405630962));
#1950 = CARTESIAN_POINT('',(22.695601926052,-0.769570103631,
    12.63826952431));
#1951 = CARTESIAN_POINT('',(22.620581987606,-0.819862007395,
    12.570678568354));
#1952 = CARTESIAN_POINT('',(22.549020541012,-0.873950933334,
    12.501730307753));
#1953 = CARTESIAN_POINT('',(22.481074201516,-0.931850436296,
    12.431887899074));
#1954 = CARTESIAN_POINT('',(22.346615786207,-1.060916562137,
    12.284815114412));
#1955 = CARTESIAN_POINT('',(22.28096186429,-1.132683093475,
    12.207652834626));
#1956 = CARTESIAN_POINT('',(22.219954871209,-1.208729156588,
    12.130743559639));
#1957 = CARTESIAN_POINT('',(22.163590662755,-1.288878636317,
    12.054705713743));
#1958 = CARTESIAN_POINT('',(22.111787468618,-1.372855108119,
    11.980141887865));
#1959 = CARTESIAN_POINT('',(22.064401005701,-1.460267123646,
    11.907620568199));
#1960 = CARTESIAN_POINT('',(21.996210249188,-1.602973839535,
    11.797086431449));
#1961 = CARTESIAN_POINT('',(21.972586715834,-1.656365677942,
    11.757351027317));
#1962 = CARTESIAN_POINT('',(21.950312051257,-1.710717015395,
    11.718517235307));
#1963 = CARTESIAN_POINT('',(21.929329428132,-1.765970269015,
    11.680646498523));
#1964 = CARTESIAN_POINT('',(21.909582372344,-1.82206220924,
    11.643795702678));
#1965 = CARTESIAN_POINT('',(21.891015003452,-1.878923899865,
    11.608016758446));
#1966 = CARTESIAN_POINT('',(21.791852119926,-2.206137167315,
    11.410969458207));
#1967 = CARTESIAN_POINT('',(21.735233218764,-2.489676391774,
    11.273958451347));
#1968 = CARTESIAN_POINT('',(21.696329081848,-2.783363497679,
    11.164103899354));
#1969 = CARTESIAN_POINT('',(21.670301160594,-3.083910044215,
    11.081838217722));
#1970 = CARTESIAN_POINT('',(21.654006736522,-3.388488446673,
    11.027200366406));
#1971 = CARTESIAN_POINT('',(21.64589803375,-3.694621364023,11.));
#1972 = CARTESIAN_POINT('',(21.64589803375,-4.,11.));
#1973 = PCURVE('',#1214,#1974);
#1974 = DEFINITIONAL_REPRESENTATION('',(#1975),#2158);
#1975 = B_SPLINE_CURVE_WITH_KNOTS('',7,(#1976,#1977,#1978,#1979,#1980,
    #1981,#1982,#1983,#1984,#1985,#1986,#1987,#1988,#1989,#1990,#1991,
    #1992,#1993,#1994,#1995,#1996,#1997,#1998,#1999,#2000,#2001,#2002,
    #2003,#2004,#2005,#2006,#2007,#2008,#2009,#2010,#2011,#2012,#2013,
    #2014,#2015,#2016,#2017,#2018,#2019,#2020,#2021,#2022,#2023,#2024,
    #2025,#2026,#2027,#2028,#2029,#2030,#2031,#2032,#2033,#2034,#2035,
    #2036,#2037,#2038,#2039,#2040,#2041,#2042,#2043,#2044,#2045,#2046,
    #2047,#2048,#2049,#2050,#2051,#2052,#2053,#2054,#2055,#2056,#2057,
    #2058,#2059,#2060,#2061,#2062,#2063,#2064,#2065,#2066,#2067,#2068,
    #2069,#2070,#2071,#2072,#2073,#2074,#2075,#2076,#2077,#2078,#2079,
    #2080,#2081,#2082,#2083,#2084,#2085,#2086,#2087,#2088,#2089,#2090,
    #2091,#2092,#2093,#2094,#2095,#2096,#2097,#2098,#2099,#2100,#2101,
    #2102,#2103,#2104,#2105,#2106,#2107,#2108,#2109,#2110,#2111,#2112,
    #2113,#2114,#2115,#2116,#2117,#2118,#2119,#2120,#2121,#2122,#2123,
    #2124,#2125,#2126,#2127,#2128,#2129,#2130,#2131,#2132,#2133,#2134,
    #2135,#2136,#2137,#2138,#2139,#2140,#2141,#2142,#2143,#2144,#2145,
    #2146,#2147,#2148,#2149,#2150,#2151,#2152,#2153,#2154,#2155,#2156,
    #2157),.UNSPECIFIED.,.T.,.F.,(8,6,6,6,6,6,6,6,6,6,6,6,6,6,6,6,6,6,6,
    6,6,6,6,6,6,6,6,6,6,6,8),(0.,8.50768644017E-02,0.103236064278,
    0.134550380959,0.16320384858,0.180258259786,0.199854382792,
    0.250112826793,0.3001120674,0.319795569488,0.336969946651,
    0.36601318608,0.396583197584,0.415138841737,0.437362932519,
    0.500035293244,0.546429012929,0.584939008484,0.603491172917,
    0.634055450385,0.663093243467,0.680264399997,0.699944210938,
    0.749934075471,0.800183094792,0.819775543049,0.836826756138,
    0.865474850537,0.896783295022,0.914939089604,1.),.UNSPECIFIED.);
#1976 = CARTESIAN_POINT('',(-4.712388980385,-72.64589803375));
#1977 = CARTESIAN_POINT('',(-4.636044321391,-72.64589803375));
#1978 = CARTESIAN_POINT('',(-4.559510933247,-72.65400673652));
#1979 = CARTESIAN_POINT('',(-4.482640341613,-72.67030116059));
#1980 = CARTESIAN_POINT('',(-4.405305156202,-72.69632908184));
#1981 = CARTESIAN_POINT('',(-4.327443114412,-72.73523321876));
#1982 = CARTESIAN_POINT('',(-4.249048654806,-72.79185211992));
#1983 = CARTESIAN_POINT('',(-4.153557764887,-72.89101500344));
#1984 = CARTESIAN_POINT('',(-4.136765559731,-72.90958237234));
#1985 = CARTESIAN_POINT('',(-4.119992227442,-72.92932942813));
#1986 = CARTESIAN_POINT('',(-4.103251512151,-72.95031205126));
#1987 = CARTESIAN_POINT('',(-4.086556763076,-72.97258671583));
#1988 = CARTESIAN_POINT('',(-4.069921048011,-72.99621024918));
#1989 = CARTESIAN_POINT('',(-4.02479414213,-73.0644010057));
#1990 = CARTESIAN_POINT('',(-3.996415496706,-73.11178746861));
#1991 = CARTESIAN_POINT('',(-3.968364669251,-73.16359066275));
#1992 = CARTESIAN_POINT('',(-3.940770968137,-73.2199548712));
#1993 = CARTESIAN_POINT('',(-3.913752483714,-73.28096186429));
#1994 = CARTESIAN_POINT('',(-3.887418900629,-73.3466157862));
#1995 = CARTESIAN_POINT('',(-3.838500301899,-73.48107420151));
#1996 = CARTESIAN_POINT('',(-3.815829075895,-73.54902054101));
#1997 = CARTESIAN_POINT('',(-3.793933121714,-73.6205819876));
#1998 = CARTESIAN_POINT('',(-3.772882420627,-73.69560192605));
#1999 = CARTESIAN_POINT('',(-3.752742193884,-73.77384858838));
#2000 = CARTESIAN_POINT('',(-3.733570650995,-73.8550114438));
#2001 = CARTESIAN_POINT('',(-3.704611613096,-73.98850719426));
#2002 = CARTESIAN_POINT('',(-3.69416234534,-74.03923214334));
#2003 = CARTESIAN_POINT('',(-3.684072283351,-74.09082572641));
#2004 = CARTESIAN_POINT('',(-3.674344662037,-74.14323667896));
#2005 = CARTESIAN_POINT('',(-3.664982468515,-74.1964091514));
#2006 = CARTESIAN_POINT('',(-3.655988308013,-74.25028267932));
#2007 = CARTESIAN_POINT('',(-3.637454944147,-74.36742547156));
#2008 = CARTESIAN_POINT('',(-3.628033671558,-74.43090186663));
#2009 = CARTESIAN_POINT('',(-3.619098321258,-74.49515780755));
#2010 = CARTESIAN_POINT('',(-3.610646728912,-74.56012805386));
#2011 = CARTESIAN_POINT('',(-3.602676696603,-74.62574565575));
#2012 = CARTESIAN_POINT('',(-3.595185992826,-74.6919419541));
#2013 = CARTESIAN_POINT('',(-3.570184373462,-74.92972484559));
#2014 = CARTESIAN_POINT('',(-3.555341207214,-75.10407780649));
#2015 = CARTESIAN_POINT('',(-3.543552918178,-75.28093597875));
#2016 = CARTESIAN_POINT('',(-3.534756755161,-75.4595958581));
#2017 = CARTESIAN_POINT('',(-3.528910378698,-75.6394040662));
#2018 = CARTESIAN_POINT('',(-3.525989428085,-75.81974043077));
#2019 = CARTESIAN_POINT('',(-3.525989428085,-76.17932989674));
#2020 = CARTESIAN_POINT('',(-3.528880327242,-76.35873434008));
#2021 = CARTESIAN_POINT('',(-3.534666447585,-76.53761836941));
#2022 = CARTESIAN_POINT('',(-3.543371654262,-76.71537223908));
#2023 = CARTESIAN_POINT('',(-3.555037509103,-76.89135376988));
#2024 = CARTESIAN_POINT('',(-3.569725617831,-77.06487172358));
#2025 = CARTESIAN_POINT('',(-3.594531034513,-77.3022126274));
#2026 = CARTESIAN_POINT('',(-3.602018971473,-77.36874600468));
#2027 = CARTESIAN_POINT('',(-3.609990305438,-77.43469932178));
#2028 = CARTESIAN_POINT('',(-3.618447332626,-77.50000326822));
#2029 = CARTESIAN_POINT('',(-3.627392321864,-77.56459023371));
#2030 = CARTESIAN_POINT('',(-3.636827514585,-77.62839430817));
#2031 = CARTESIAN_POINT('',(-3.655417227837,-77.74628290936));
#2032 = CARTESIAN_POINT('',(-3.664454699689,-77.80057241324));
#2033 = CARTESIAN_POINT('',(-3.673865449557,-77.85415335005));
#2034 = CARTESIAN_POINT('',(-3.683646857299,-77.90696402358));
#2035 = CARTESIAN_POINT('',(-3.693795911888,-77.95894745437));
#2036 = CARTESIAN_POINT('',(-3.704309349832,-78.01005134943));
#2037 = CARTESIAN_POINT('',(-3.733573343975,-78.14508090528));
#2038 = CARTESIAN_POINT('',(-3.753009949318,-78.22734948821));
#2039 = CARTESIAN_POINT('',(-3.773441168248,-78.30661756038));
#2040 = CARTESIAN_POINT('',(-3.794806436532,-78.38256232456));
#2041 = CARTESIAN_POINT('',(-3.817038297942,-78.45494641046));
#2042 = CARTESIAN_POINT('',(-3.840063635121,-78.52360983846));
#2043 = CARTESIAN_POINT('',(-3.88879421875,-78.6567233365));
#2044 = CARTESIAN_POINT('',(-3.914530161505,-78.72063497559));
#2045 = CARTESIAN_POINT('',(-3.940915513352,-78.78011797164));
#2046 = CARTESIAN_POINT('',(-3.967847884441,-78.83517730186));
#2047 = CARTESIAN_POINT('',(-3.995217213627,-78.88588842593));
#2048 = CARTESIAN_POINT('',(-4.022903271663,-78.93238386224));
#2049 = CARTESIAN_POINT('',(-4.067689867615,-79.00061000632));
#2050 = CARTESIAN_POINT('',(-4.084683538793,-79.02490607038));
#2051 = CARTESIAN_POINT('',(-4.101740327302,-79.0477884648));
#2052 = CARTESIAN_POINT('',(-4.118846196022,-79.06931764597));
#2053 = CARTESIAN_POINT('',(-4.135986794837,-79.08955374561));
#2054 = CARTESIAN_POINT('',(-4.153147334131,-79.1085562984));
#2055 = CARTESIAN_POINT('',(-4.190871123568,-79.14773616729));
#2056 = CARTESIAN_POINT('',(-4.211438127825,-79.1674048455));
#2057 = CARTESIAN_POINT('',(-4.232003161228,-79.18550688858));
#2058 = CARTESIAN_POINT('',(-4.252556490623,-79.2021513621));
#2059 = CARTESIAN_POINT('',(-4.273088748481,-79.21743967624));
#2060 = CARTESIAN_POINT('',(-4.293590721854,-79.23146574936));
#2061 = CARTESIAN_POINT('',(-4.371757555325,-79.28055460714));
#2062 = CARTESIAN_POINT('',(-4.429124678702,-79.30742963343));
#2063 = CARTESIAN_POINT('',(-4.486166619018,-79.32703189708));
#2064 = CARTESIAN_POINT('',(-4.542935888577,-79.34080417165));
#2065 = CARTESIAN_POINT('',(-4.599505497846,-79.34967131575));
#2066 = CARTESIAN_POINT('',(-4.655958784827,-79.35410196625));
#2067 = CARTESIAN_POINT('',(-4.75416188704,-79.35410196625));
#2068 = CARTESIAN_POINT('',(-4.795938709448,-79.3516741148));
#2069 = CARTESIAN_POINT('',(-4.83775986463,-79.34681765267));
#2070 = CARTESIAN_POINT('',(-4.879664046132,-79.33939232068));
#2071 = CARTESIAN_POINT('',(-4.921687379517,-79.32911934704));
#2072 = CARTESIAN_POINT('',(-4.96386148008,-79.31557061414));
#2073 = CARTESIAN_POINT('',(-5.041362955419,-79.28368237461));
#2074 = CARTESIAN_POINT('',(-5.076663434872,-79.26653684441));
#2075 = CARTESIAN_POINT('',(-5.11208764602,-79.24637458124));
#2076 = CARTESIAN_POINT('',(-5.147610117548,-79.2227919156));
#2077 = CARTESIAN_POINT('',(-5.183203125087,-79.19531411636));
#2078 = CARTESIAN_POINT('',(-5.218834681245,-79.16339008496));
#2079 = CARTESIAN_POINT('',(-5.271630626638,-79.1085562984));
#2080 = CARTESIAN_POINT('',(-5.288791165932,-79.08955374561));
#2081 = CARTESIAN_POINT('',(-5.305931764749,-79.06931764597));
#2082 = CARTESIAN_POINT('',(-5.323037633468,-79.0477884648));
#2083 = CARTESIAN_POINT('',(-5.340094421976,-79.02490607038));
#2084 = CARTESIAN_POINT('',(-5.357088093153,-79.00061000633));
#2085 = CARTESIAN_POINT('',(-5.401874687944,-78.93238386401));
#2086 = CARTESIAN_POINT('',(-5.429560748303,-78.88588842342));
#2087 = CARTESIAN_POINT('',(-5.456930077264,-78.83517730041));
#2088 = CARTESIAN_POINT('',(-5.483862446495,-78.78011797407));
#2089 = CARTESIAN_POINT('',(-5.510247798092,-78.72063497792));
#2090 = CARTESIAN_POINT('',(-5.535983743147,-78.65672333342));
#2091 = CARTESIAN_POINT('',(-5.584714325648,-78.52360983846));
#2092 = CARTESIAN_POINT('',(-5.607739662828,-78.45494641046));
#2093 = CARTESIAN_POINT('',(-5.629971524237,-78.38256232456));
#2094 = CARTESIAN_POINT('',(-5.651336792521,-78.30661756038));
#2095 = CARTESIAN_POINT('',(-5.671768011452,-78.22734948821));
#2096 = CARTESIAN_POINT('',(-5.691204616794,-78.14508090528));
#2097 = CARTESIAN_POINT('',(-5.720468610938,-78.01005134943));
#2098 = CARTESIAN_POINT('',(-5.730982048881,-77.95894745437));
#2099 = CARTESIAN_POINT('',(-5.74113110347,-77.90696402357));
#2100 = CARTESIAN_POINT('',(-5.750912511213,-77.85415335004));
#2101 = CARTESIAN_POINT('',(-5.76032326108,-77.80057241324));
#2102 = CARTESIAN_POINT('',(-5.769360732932,-77.74628290936));
#2103 = CARTESIAN_POINT('',(-5.787950446191,-77.62839430813));
#2104 = CARTESIAN_POINT('',(-5.797385638907,-77.56459023371));
#2105 = CARTESIAN_POINT('',(-5.80633062814,-77.50000326825));
#2106 = CARTESIAN_POINT('',(-5.814787655327,-77.43469932181));
#2107 = CARTESIAN_POINT('',(-5.822758989296,-77.36874600468));
#2108 = CARTESIAN_POINT('',(-5.830246926261,-77.30221262736));
#2109 = CARTESIAN_POINT('',(-5.855052342939,-77.06487172358));
#2110 = CARTESIAN_POINT('',(-5.869740451667,-76.89135376988));
#2111 = CARTESIAN_POINT('',(-5.881406306507,-76.71537223908));
#2112 = CARTESIAN_POINT('',(-5.890111513185,-76.53761836941));
#2113 = CARTESIAN_POINT('',(-5.895897633527,-76.35873434008));
#2114 = CARTESIAN_POINT('',(-5.898788532684,-76.17932989674));
#2115 = CARTESIAN_POINT('',(-5.898788532684,-75.81974043077));
#2116 = CARTESIAN_POINT('',(-5.895867582071,-75.6394040662));
#2117 = CARTESIAN_POINT('',(-5.890021205609,-75.4595958581));
#2118 = CARTESIAN_POINT('',(-5.881225042591,-75.28093597875));
#2119 = CARTESIAN_POINT('',(-5.869436753555,-75.10407780649));
#2120 = CARTESIAN_POINT('',(-5.854593587307,-74.92972484559));
#2121 = CARTESIAN_POINT('',(-5.829591967944,-74.6919419541));
#2122 = CARTESIAN_POINT('',(-5.822101264167,-74.62574565575));
#2123 = CARTESIAN_POINT('',(-5.814131231857,-74.56012805386));
#2124 = CARTESIAN_POINT('',(-5.805679639512,-74.49515780755));
#2125 = CARTESIAN_POINT('',(-5.796744289212,-74.43090186663));
#2126 = CARTESIAN_POINT('',(-5.787323016622,-74.36742547156));
#2127 = CARTESIAN_POINT('',(-5.768789652757,-74.25028267932));
#2128 = CARTESIAN_POINT('',(-5.759795492255,-74.19640915141));
#2129 = CARTESIAN_POINT('',(-5.750433298733,-74.14323667896));
#2130 = CARTESIAN_POINT('',(-5.740705677418,-74.09082572641));
#2131 = CARTESIAN_POINT('',(-5.730615615429,-74.03923214334));
#2132 = CARTESIAN_POINT('',(-5.720166347673,-73.98850719426));
#2133 = CARTESIAN_POINT('',(-5.691207309774,-73.8550114438));
#2134 = CARTESIAN_POINT('',(-5.672035766885,-73.77384858838));
#2135 = CARTESIAN_POINT('',(-5.651895540143,-73.69560192605));
#2136 = CARTESIAN_POINT('',(-5.630844839056,-73.6205819876));
#2137 = CARTESIAN_POINT('',(-5.608948884874,-73.54902054101));
#2138 = CARTESIAN_POINT('',(-5.586277658871,-73.48107420151));
#2139 = CARTESIAN_POINT('',(-5.53735906014,-73.3466157862));
#2140 = CARTESIAN_POINT('',(-5.511025477056,-73.28096186429));
#2141 = CARTESIAN_POINT('',(-5.484006992633,-73.2199548712));
#2142 = CARTESIAN_POINT('',(-5.456413291519,-73.16359066275));
#2143 = CARTESIAN_POINT('',(-5.428362464063,-73.11178746861));
#2144 = CARTESIAN_POINT('',(-5.39998381864,-73.0644010057));
#2145 = CARTESIAN_POINT('',(-5.354856912761,-72.99621024918));
#2146 = CARTESIAN_POINT('',(-5.338221197694,-72.97258671583));
#2147 = CARTESIAN_POINT('',(-5.321526448617,-72.95031205125));
#2148 = CARTESIAN_POINT('',(-5.304785733325,-72.92932942813));
#2149 = CARTESIAN_POINT('',(-5.288012401038,-72.90958237234));
#2150 = CARTESIAN_POINT('',(-5.271220195885,-72.89101500345));
#2151 = CARTESIAN_POINT('',(-5.175729305964,-72.79185211992));
#2152 = CARTESIAN_POINT('',(-5.097334846357,-72.73523321876));
#2153 = CARTESIAN_POINT('',(-5.019472804567,-72.69632908184));
#2154 = CARTESIAN_POINT('',(-4.942137619157,-72.67030116059));
#2155 = CARTESIAN_POINT('',(-4.865267027522,-72.65400673652));
#2156 = CARTESIAN_POINT('',(-4.788733639379,-72.64589803375));
#2157 = CARTESIAN_POINT('',(-4.712388980385,-72.64589803375));
#2158 = ( GEOMETRIC_REPRESENTATION_CONTEXT(2) 
PARAMETRIC_REPRESENTATION_CONTEXT() REPRESENTATION_CONTEXT('2D SPACE',''
  ) );
#2159 = PCURVE('',#1339,#2160);
#2160 = DEFINITIONAL_REPRESENTATION('',(#2161),#2344);
#2161 = B_SPLINE_CURVE_WITH_KNOTS('',7,(#2162,#2163,#2164,#2165,#2166,
    #2167,#2168,#2169,#2170,#2171,#2172,#2173,#2174,#2175,#2176,#2177,
    #2178,#2179,#2180,#2181,#2182,#2183,#2184,#2185,#2186,#2187,#2188,
    #2189,#2190,#2191,#2192,#2193,#2194,#2195,#2196,#2197,#2198,#2199,
    #2200,#2201,#2202,#2203,#2204,#2205,#2206,#2207,#2208,#2209,#2210,
    #2211,#2212,#2213,#2214,#2215,#2216,#2217,#2218,#2219,#2220,#2221,
    #2222,#2223,#2224,#2225,#2226,#2227,#2228,#2229,#2230,#2231,#2232,
    #2233,#2234,#2235,#2236,#2237,#2238,#2239,#2240,#2241,#2242,#2243,
    #2244,#2245,#2246,#2247,#2248,#2249,#2250,#2251,#2252,#2253,#2254,
    #2255,#2256,#2257,#2258,#2259,#2260,#2261,#2262,#2263,#2264,#2265,
    #2266,#2267,#2268,#2269,#2270,#2271,#2272,#2273,#2274,#2275,#2276,
    #2277,#2278,#2279,#2280,#2281,#2282,#2283,#2284,#2285,#2286,#2287,
    #2288,#2289,#2290,#2291,#2292,#2293,#2294,#2295,#2296,#2297,#2298,
    #2299,#2300,#2301,#2302,#2303,#2304,#2305,#2306,#2307,#2308,#2309,
    #2310,#2311,#2312,#2313,#2314,#2315,#2316,#2317,#2318,#2319,#2320,
    #2321,#2322,#2323,#2324,#2325,#2326,#2327,#2328,#2329,#2330,#2331,
    #2332,#2333,#2334,#2335,#2336,#2337,#2338,#2339,#2340,#2341,#2342,
    #2343),.UNSPECIFIED.,.T.,.F.,(8,6,6,6,6,6,6,6,6,6,6,6,6,6,6,6,6,6,6,
    6,6,6,6,6,6,6,6,6,6,6,8),(0.,8.50768644017E-02,0.103236064278,
    0.134550380959,0.16320384858,0.180258259786,0.199854382792,
    0.250112826793,0.3001120674,0.319795569488,0.336969946651,
    0.36601318608,0.396583197584,0.415138841737,0.437362932519,
    0.500035293244,0.546429012929,0.584939008484,0.603491172917,
    0.634055450385,0.663093243467,0.680264399997,0.699944210938,
    0.749934075471,0.800183094792,0.819775543049,0.836826756138,
    0.865474850537,0.896783295022,0.914939089604,1.),.UNSPECIFIED.);
#2162 = CARTESIAN_POINT('',(2.851840952154,-27.));
#2163 = CARTESIAN_POINT('',(2.851840952154,-26.69462136402));
#2164 = CARTESIAN_POINT('',(2.843731702441,-26.38848844667));
#2165 = CARTESIAN_POINT('',(2.827440142008,-26.08391004421));
#2166 = CARTESIAN_POINT('',(2.802794115975,-25.78336349767));
#2167 = CARTESIAN_POINT('',(2.769533176667,-25.48967639177));
#2168 = CARTESIAN_POINT('',(2.727293187364,-25.20613716731));
#2169 = CARTESIAN_POINT('',(2.664266846258,-24.87892389987));
#2170 = CARTESIAN_POINT('',(2.652750652892,-24.82206220924));
#2171 = CARTESIAN_POINT('',(2.64080716201,-24.765970269));
#2172 = CARTESIAN_POINT('',(2.628439442427,-24.71071701538));
#2173 = CARTESIAN_POINT('',(2.61565084371,-24.65636567794));
#2174 = CARTESIAN_POINT('',(2.602444785116,-24.60297383954));
#2175 = CARTESIAN_POINT('',(2.565337357329,-24.46026712364));
#2176 = CARTESIAN_POINT('',(2.540594023108,-24.37285510811));
#2177 = CARTESIAN_POINT('',(2.514670782476,-24.28887863631));
#2178 = CARTESIAN_POINT('',(2.487652088502,-24.20872915658));
#2179 = CARTESIAN_POINT('',(2.459629646262,-24.13268309347));
#2180 = CARTESIAN_POINT('',(2.430701452372,-24.06091656213));
#2181 = CARTESIAN_POINT('',(2.373766495258,-23.93185043629));
#2182 = CARTESIAN_POINT('',(2.345939601861,-23.87395093333));
#2183 = CARTESIAN_POINT('',(2.317571769633,-23.81986200739));
#2184 = CARTESIAN_POINT('',(2.288750645647,-23.76957010363));
#2185 = CARTESIAN_POINT('',(2.259570521271,-23.72301453335));
#2186 = CARTESIAN_POINT('',(2.230132944678,-23.68009432858));
#2187 = CARTESIAN_POINT('',(2.182938114528,-23.6172129522));
#2188 = CARTESIAN_POINT('',(2.165268923495,-23.5949810811));
#2189 = CARTESIAN_POINT('',(2.147550590328,-23.57393698758));
#2190 = CARTESIAN_POINT('',(2.129794118777,-23.55403827699));
#2191 = CARTESIAN_POINT('',(2.112010793853,-23.53524286461));
#2192 = CARTESIAN_POINT('',(2.094212289412,-23.51750918459));
#2193 = CARTESIAN_POINT('',(2.055956205525,-23.48159281571));
#2194 = CARTESIAN_POINT('',(2.035496613957,-23.4637360329));
#2195 = CARTESIAN_POINT('',(2.015038826354,-23.4471536322));
#2196 = CARTESIAN_POINT('',(1.994589604516,-23.4317778334));
#2197 = CARTESIAN_POINT('',(1.974155646731,-23.41754549439));
#2198 = CARTESIAN_POINT('',(1.953743587774,-23.40439811108));
#2199 = CARTESIAN_POINT('',(1.881081930466,-23.36120699401));
#2200 = CARTESIAN_POINT('',(1.829012722573,-23.33692681695));
#2201 = CARTESIAN_POINT('',(1.777136521568,-23.31844528887));
#2202 = CARTESIAN_POINT('',(1.725420721931,-23.30505173123));
#2203 = CARTESIAN_POINT('',(1.67382370341,-23.29628219223));
#2204 = CARTESIAN_POINT('',(1.622299060859,-23.29190075645));
#2205 = CARTESIAN_POINT('',(1.519559213439,-23.29190075645));
#2206 = CARTESIAN_POINT('',(1.468300832859,-23.2962371144));
#2207 = CARTESIAN_POINT('',(1.416971304112,-23.30491627105));
#2208 = CARTESIAN_POINT('',(1.365524696896,-23.31816931324));
#2209 = CARTESIAN_POINT('',(1.313919764353,-23.336450789));
#2210 = CARTESIAN_POINT('',(1.262124061058,-23.36045686416));
#2211 = CARTESIAN_POINT('',(1.189649263715,-23.40325101929));
#2212 = CARTESIAN_POINT('',(1.169148175185,-23.41637577529));
#2213 = CARTESIAN_POINT('',(1.148624736617,-23.43059144394));
#2214 = CARTESIAN_POINT('',(1.128085569752,-23.44595712965));
#2215 = CARTESIAN_POINT('',(1.107537362069,-23.46253668577));
#2216 = CARTESIAN_POINT('',(1.086986866786,-23.48039871467));
#2217 = CARTESIAN_POINT('',(1.048514004888,-23.51638465367));
#2218 = CARTESIAN_POINT('',(1.030589710583,-23.53418579069));
#2219 = CARTESIAN_POINT('',(1.012680398322,-23.5530616846));
#2220 = CARTESIAN_POINT('',(0.994797938042,-23.57305481081));
#2221 = CARTESIAN_POINT('',(0.976953802557,-23.59420819973));
#2222 = CARTESIAN_POINT('',(0.95915917889,-23.61656522209));
#2223 = CARTESIAN_POINT('',(0.911435305454,-23.68008587567));
#2224 = CARTESIAN_POINT('',(0.881594960521,-23.72360046409));
#2225 = CARTESIAN_POINT('',(0.852020385524,-23.7708498626));
#2226 = CARTESIAN_POINT('',(0.822817220266,-23.82193946675));
#2227 = CARTESIAN_POINT('',(0.794082641499,-23.87693314312));
#2228 = CARTESIAN_POINT('',(0.765907600799,-23.93584302766));
#2229 = CARTESIAN_POINT('',(0.709403378229,-24.06469570339));
#2230 = CARTESIAN_POINT('',(0.681198005548,-24.13493259334));
#2231 = CARTESIAN_POINT('',(0.653858966789,-24.20924199967));
#2232 = CARTESIAN_POINT('',(0.627477403284,-24.28745762672));
#2233 = CARTESIAN_POINT('',(0.60213872642,-24.36932180662));
#2234 = CARTESIAN_POINT('',(0.577921768741,-24.45447242848));
#2235 = CARTESIAN_POINT('',(0.540922733742,-24.59581901785));
#2236 = CARTESIAN_POINT('',(0.527379391867,-24.65027158576));
#2237 = CARTESIAN_POINT('',(0.514271512629,-24.7057323581));
#2238 = CARTESIAN_POINT('',(0.501602858544,-24.76213996425));
#2239 = CARTESIAN_POINT('',(0.489377115052,-24.81942680709));
#2240 = CARTESIAN_POINT('',(0.477597654126,-24.87751899408));
#2241 = CARTESIAN_POINT('',(0.452696932767,-25.00678170404));
#2242 = CARTESIAN_POINT('',(0.439769633461,-25.07827332221));
#2243 = CARTESIAN_POINT('',(0.427479850575,-25.15072860183));
#2244 = CARTESIAN_POINT('',(0.415822732987,-25.22406281742));
#2245 = CARTESIAN_POINT('',(0.404793823529,-25.2981890962));
#2246 = CARTESIAN_POINT('',(0.394388754669,-25.37301847545));
#2247 = CARTESIAN_POINT('',(0.357006771676,-25.66120638749));
#2248 = CARTESIAN_POINT('',(0.334346041588,-25.87873712094));
#2249 = CARTESIAN_POINT('',(0.316406991949,-26.09981025097));
#2250 = CARTESIAN_POINT('',(0.303049695816,-26.32336253891));
#2251 = CARTESIAN_POINT('',(0.294182250465,-26.54846568521));
#2252 = CARTESIAN_POINT('',(0.289751701436,-26.77427921777));
#2253 = CARTESIAN_POINT('',(0.289751701436,-27.16709162662));
#2254 = CARTESIAN_POINT('',(0.292179544407,-27.33419895409));
#2255 = CARTESIAN_POINT('',(0.297036031862,-27.50100721296));
#2256 = CARTESIAN_POINT('',(0.304336793231,-27.66719500717));
#2257 = CARTESIAN_POINT('',(0.314111265724,-27.83242115975));
#2258 = CARTESIAN_POINT('',(0.32640407325,-27.9963118397));
#2259 = CARTESIAN_POINT('',(0.353625859861,-28.29303216978));
#2260 = CARTESIAN_POINT('',(0.367761564114,-28.42651270761));
#2261 = CARTESIAN_POINT('',(0.383713824815,-28.55849982335));
#2262 = CARTESIAN_POINT('',(0.401509472357,-28.68860091675));
#2263 = CARTESIAN_POINT('',(0.421176558072,-28.81642252632));
#2264 = CARTESIAN_POINT('',(0.442748103094,-28.94157269637));
#2265 = CARTESIAN_POINT('',(0.477597654125,-29.12248100591));
#2266 = CARTESIAN_POINT('',(0.489377115052,-29.1805731929));
#2267 = CARTESIAN_POINT('',(0.501602858545,-29.23786003575));
#2268 = CARTESIAN_POINT('',(0.51427151263,-29.29426764189));
#2269 = CARTESIAN_POINT('',(0.527379391867,-29.34972841423));
#2270 = CARTESIAN_POINT('',(0.540922733741,-29.40418098213));
#2271 = CARTESIAN_POINT('',(0.577921767782,-29.54552756785));
#2272 = CARTESIAN_POINT('',(0.602138727587,-29.63067819671));
#2273 = CARTESIAN_POINT('',(0.627477404065,-29.71254237621));
#2274 = CARTESIAN_POINT('',(0.653858965743,-29.79075799785));
#2275 = CARTESIAN_POINT('',(0.681198004427,-29.86506740319));
#2276 = CARTESIAN_POINT('',(0.709403379537,-29.93530429959));
#2277 = CARTESIAN_POINT('',(0.765907600799,-30.06415697234));
#2278 = CARTESIAN_POINT('',(0.794082641499,-30.12306685687));
#2279 = CARTESIAN_POINT('',(0.822817220266,-30.17806053324));
#2280 = CARTESIAN_POINT('',(0.852020385524,-30.22915013739));
#2281 = CARTESIAN_POINT('',(0.881594960521,-30.2763995359));
#2282 = CARTESIAN_POINT('',(0.911435305454,-30.31991412432));
#2283 = CARTESIAN_POINT('',(0.959159178889,-30.3834347779));
#2284 = CARTESIAN_POINT('',(0.976953802557,-30.40579180026));
#2285 = CARTESIAN_POINT('',(0.994797938042,-30.42694518918));
#2286 = CARTESIAN_POINT('',(1.012680398322,-30.4469383154));
#2287 = CARTESIAN_POINT('',(1.030589710583,-30.4658142093));
#2288 = CARTESIAN_POINT('',(1.048514004888,-30.48361534632));
#2289 = CARTESIAN_POINT('',(1.086986866799,-30.51960128534));
#2290 = CARTESIAN_POINT('',(1.107537362071,-30.53746331422));
#2291 = CARTESIAN_POINT('',(1.128085569742,-30.55404287033));
#2292 = CARTESIAN_POINT('',(1.148624736607,-30.56940855604));
#2293 = CARTESIAN_POINT('',(1.169148175186,-30.5836242247));
#2294 = CARTESIAN_POINT('',(1.189649263727,-30.59674898071));
#2295 = CARTESIAN_POINT('',(1.262124061058,-30.63954313583));
#2296 = CARTESIAN_POINT('',(1.313919764353,-30.66354921099));
#2297 = CARTESIAN_POINT('',(1.365524696896,-30.68183068675));
#2298 = CARTESIAN_POINT('',(1.416971304112,-30.69508372894));
#2299 = CARTESIAN_POINT('',(1.468300832859,-30.70376288559));
#2300 = CARTESIAN_POINT('',(1.519559213439,-30.70809924354));
#2301 = CARTESIAN_POINT('',(1.622299060859,-30.70809924354));
#2302 = CARTESIAN_POINT('',(1.67382370341,-30.70371780777));
#2303 = CARTESIAN_POINT('',(1.725420721931,-30.69494826876));
#2304 = CARTESIAN_POINT('',(1.777136521568,-30.68155471112));
#2305 = CARTESIAN_POINT('',(1.829012722573,-30.66307318304));
#2306 = CARTESIAN_POINT('',(1.881081930466,-30.63879300598));
#2307 = CARTESIAN_POINT('',(1.953743587774,-30.59560188891));
#2308 = CARTESIAN_POINT('',(1.974155646731,-30.5824545056));
#2309 = CARTESIAN_POINT('',(1.994589604516,-30.56822216659));
#2310 = CARTESIAN_POINT('',(2.015038826354,-30.5528463678));
#2311 = CARTESIAN_POINT('',(2.035496613958,-30.53626396709));
#2312 = CARTESIAN_POINT('',(2.055956205525,-30.51840718428));
#2313 = CARTESIAN_POINT('',(2.094212289412,-30.4824908154));
#2314 = CARTESIAN_POINT('',(2.112010793853,-30.46475713538));
#2315 = CARTESIAN_POINT('',(2.129794118777,-30.445961723));
#2316 = CARTESIAN_POINT('',(2.147550590328,-30.42606301241));
#2317 = CARTESIAN_POINT('',(2.165268923496,-30.40501891889));
#2318 = CARTESIAN_POINT('',(2.182938114528,-30.38278704779));
#2319 = CARTESIAN_POINT('',(2.230132944678,-30.31990567141));
#2320 = CARTESIAN_POINT('',(2.259570521271,-30.27698546664));
#2321 = CARTESIAN_POINT('',(2.288750645647,-30.23042989636));
#2322 = CARTESIAN_POINT('',(2.317571769633,-30.1801379926));
#2323 = CARTESIAN_POINT('',(2.345939601861,-30.12604906666));
#2324 = CARTESIAN_POINT('',(2.373766495258,-30.0681495637));
#2325 = CARTESIAN_POINT('',(2.430701452372,-29.93908343786));
#2326 = CARTESIAN_POINT('',(2.459629646262,-29.86731690652));
#2327 = CARTESIAN_POINT('',(2.487652088502,-29.79127084341));
#2328 = CARTESIAN_POINT('',(2.514670782476,-29.71112136368));
#2329 = CARTESIAN_POINT('',(2.540594023108,-29.62714489188));
#2330 = CARTESIAN_POINT('',(2.565337357329,-29.53973287635));
#2331 = CARTESIAN_POINT('',(2.602444785114,-29.39702616046));
#2332 = CARTESIAN_POINT('',(2.61565084371,-29.34363432205));
#2333 = CARTESIAN_POINT('',(2.628439442429,-29.2892829846));
#2334 = CARTESIAN_POINT('',(2.640807162012,-29.23402973098));
#2335 = CARTESIAN_POINT('',(2.652750652891,-29.17793779076));
#2336 = CARTESIAN_POINT('',(2.664266846256,-29.12107610013));
#2337 = CARTESIAN_POINT('',(2.727293187364,-28.79386283268));
#2338 = CARTESIAN_POINT('',(2.769533176667,-28.51032360822));
#2339 = CARTESIAN_POINT('',(2.802794115975,-28.21663650232));
#2340 = CARTESIAN_POINT('',(2.827440142007,-27.91608995578));
#2341 = CARTESIAN_POINT('',(2.843731702441,-27.61151155332));
#2342 = CARTESIAN_POINT('',(2.851840952154,-27.30537863597));
#2343 = CARTESIAN_POINT('',(2.851840952154,-27.));
#2344 = ( GEOMETRIC_REPRESENTATION_CONTEXT(2) 
PARAMETRIC_REPRESENTATION_CONTEXT() REPRESENTATION_CONTEXT('2D SPACE',''
  ) );
#2345 = ORIENTED_EDGE('',*,*,#2346,.F.);
#2346 = EDGE_CURVE('',#2347,#1787,#2349,.T.);
#2347 = VERTEX_POINT('',#2348);
#2348 = CARTESIAN_POINT('',(18.672653564005,-0.535898384862,13.));
#2349 = SURFACE_CURVE('',#2350,(#2455,#2563),.PCURVE_S1.);
#2350 = B_SPLINE_CURVE_WITH_KNOTS('',7,(#2351,#2352,#2353,#2354,#2355,
    #2356,#2357,#2358,#2359,#2360,#2361,#2362,#2363,#2364,#2365,#2366,
    #2367,#2368,#2369,#2370,#2371,#2372,#2373,#2374,#2375,#2376,#2377,
    #2378,#2379,#2380,#2381,#2382,#2383,#2384,#2385,#2386,#2387,#2388,
    #2389,#2390,#2391,#2392,#2393,#2394,#2395,#2396,#2397,#2398,#2399,
    #2400,#2401,#2402,#2403,#2404,#2405,#2406,#2407,#2408,#2409,#2410,
    #2411,#2412,#2413,#2414,#2415,#2416,#2417,#2418,#2419,#2420,#2421,
    #2422,#2423,#2424,#2425,#2426,#2427,#2428,#2429,#2430,#2431,#2432,
    #2433,#2434,#2435,#2436,#2437,#2438,#2439,#2440,#2441,#2442,#2443,
    #2444,#2445,#2446,#2447,#2448,#2449,#2450,#2451,#2452,#2453,#2454),
  .UNSPECIFIED.,.F.,.F.,(8,6,6,6,6,6,6,6,6,6,6,6,6,6,6,6,6,8),(0.,
    6.088273041867E-02,8.42710003497E-02,0.127340727955,0.162236116494,
    0.211997319708,0.250499822122,0.355466125323,0.426298178005,
    0.498792414618,0.642532688256,0.74808993046,0.786809194157,
    0.836850542855,0.871942385356,0.915254586795,0.938774525348,1.),
  .UNSPECIFIED.);
#2351 = CARTESIAN_POINT('',(18.672653534665,-0.535898038452,13.0000006)
  );
#2352 = CARTESIAN_POINT('',(18.679834509607,-0.620683787151,
    12.853147316755));
#2353 = CARTESIAN_POINT('',(18.689051557598,-0.71374974366,
    12.70872577753));
#2354 = CARTESIAN_POINT('',(18.700787849378,-0.81517544379,
    12.56732248854));
#2355 = CARTESIAN_POINT('',(18.715605452122,-0.924999926156,
    12.429551106655));
#2356 = CARTESIAN_POINT('',(18.73415020919,-1.043217956086,
    12.296051616134));
#2357 = CARTESIAN_POINT('',(18.757156619877,-1.169776249533,
    12.16748950536));
#2358 = CARTESIAN_POINT('',(18.796322744272,-1.356350974071,
    11.997329290334));
#2359 = CARTESIAN_POINT('',(18.807968925797,-1.409326696296,
    11.950953257195));
#2360 = CARTESIAN_POINT('',(18.820432412476,-1.463465103322,
    11.905486357113));
#2361 = CARTESIAN_POINT('',(18.833754193742,-1.518732166886,
    11.860984632897));
#2362 = CARTESIAN_POINT('',(18.847975099732,-1.575091590794,
    11.817500657203));
#2363 = CARTESIAN_POINT('',(18.863135801284,-1.632504810924,
    11.775083532538));
#2364 = CARTESIAN_POINT('',(18.909000635083,-1.798523384499,
    11.657715990754));
#2365 = CARTESIAN_POINT('',(18.942073350446,-1.909642124483,
    11.58536154397));
#2366 = CARTESIAN_POINT('',(18.978696156919,-2.023822639443,
    11.517169239592));
#2367 = CARTESIAN_POINT('',(19.019031298673,-2.140560512886,
    11.453490165712));
#2368 = CARTESIAN_POINT('',(19.063192400829,-2.259323405217,
    11.394577697631));
#2369 = CARTESIAN_POINT('',(19.111234807132,-2.379562971395,
    11.340592385659));
#2370 = CARTESIAN_POINT('',(19.205204655202,-2.598894525733,
    11.251918420386));
#2371 = CARTESIAN_POINT('',(19.249755965347,-2.697559075723,
    11.215556434683));
#2372 = CARTESIAN_POINT('',(19.296777914097,-2.796410650814,
    11.182552011182));
#2373 = CARTESIAN_POINT('',(19.346215432516,-2.895134873871,
    11.152897272885));
#2374 = CARTESIAN_POINT('',(19.397977779831,-2.993416391824,
    11.126547279531));
#2375 = CARTESIAN_POINT('',(19.451936006563,-3.09094249912,
    11.103421966724));
#2376 = CARTESIAN_POINT('',(19.587754796174,-3.324965847006,
    11.054868072331));
#2377 = CARTESIAN_POINT('',(19.671622838193,-3.460216071977,
    11.032686015054));
#2378 = CARTESIAN_POINT('',(19.759276877644,-3.592725430372,
    11.016417563424));
#2379 = CARTESIAN_POINT('',(19.850411216159,-3.722091853959,
    11.005599503984));
#2380 = CARTESIAN_POINT('',(19.944660798658,-3.847944972052,
    10.999751240889));
#2381 = CARTESIAN_POINT('',(20.041599888957,-3.969947871573,
    10.998376277171));
#2382 = CARTESIAN_POINT('',(20.217450527607,-4.178985515832,
    11.002965699438));
#2383 = CARTESIAN_POINT('',(20.295571979567,-4.267797693305,
    11.007342500563));
#2384 = CARTESIAN_POINT('',(20.374997520564,-4.354218811173,
    11.013871464761));
#2385 = CARTESIAN_POINT('',(20.455623555684,-4.438241755013,
    11.022344178269));
#2386 = CARTESIAN_POINT('',(20.537351172715,-4.519867713969,
    11.032565320444));
#2387 = CARTESIAN_POINT('',(20.620086839083,-4.599105020396,
    11.044351536022));
#2388 = CARTESIAN_POINT('',(20.931808491172,-4.885513375212,
    11.093458541243));
#2389 = CARTESIAN_POINT('',(21.166903306101,-5.077583944439,
    11.139765760241));
#2390 = CARTESIAN_POINT('',(21.407694272503,-5.252805701657,
    11.193059044816));
#2391 = CARTESIAN_POINT('',(21.653241961723,-5.411940567618,
    11.250631798411));
#2392 = CARTESIAN_POINT('',(21.902993164931,-5.555754642596,
    11.310233382579));
#2393 = CARTESIAN_POINT('',(22.156754637184,-5.684908127767,
    11.36989598438));
#2394 = CARTESIAN_POINT('',(22.588676733926,-5.877441953993,
    11.466905412041));
#2395 = CARTESIAN_POINT('',(22.764539630558,-5.948532037966,
    11.505188982658));
#2396 = CARTESIAN_POINT('',(22.942085316131,-6.013202691003,
    11.542074212253));
#2397 = CARTESIAN_POINT('',(23.121186005962,-6.071506514841,
    11.576998500699));
#2398 = CARTESIAN_POINT('',(23.301741013013,-6.123482281296,
    11.609434277404));
#2399 = CARTESIAN_POINT('',(23.483679623839,-6.169150199561,
    11.638896727133));
#2400 = CARTESIAN_POINT('',(23.854548517754,-6.24877997924,
    11.691628468803));
#2401 = CARTESIAN_POINT('',(24.043604440553,-6.28245521805,
    11.714744921766));
#2402 = CARTESIAN_POINT('',(24.233758018137,-6.309442316328,
    11.733794523911));
#2403 = CARTESIAN_POINT('',(24.424708521304,-6.329705889019,
    11.748369721402));
#2404 = CARTESIAN_POINT('',(24.616207721354,-6.343229910315,
    11.758188230653));
#2405 = CARTESIAN_POINT('',(24.808039622886,-6.35,11.763103338072));
#2406 = CARTESIAN_POINT('',(25.380615596815,-6.35,11.763103338072));
#2407 = CARTESIAN_POINT('',(25.758776301649,-6.323383751332,
    11.743779697772));
#2408 = CARTESIAN_POINT('',(26.134126718264,-6.270769598513,
    11.705582580912));
#2409 = CARTESIAN_POINT('',(26.506131583065,-6.19221424275,
    11.650652641743));
#2410 = CARTESIAN_POINT('',(26.873524623549,-6.087434038981,
    11.582746668998));
#2411 = CARTESIAN_POINT('',(27.234170843182,-5.956409513332,
    11.506693733322));
#2412 = CARTESIAN_POINT('',(27.843245362816,-5.684908127767,
    11.36989598438));
#2413 = CARTESIAN_POINT('',(28.097006835068,-5.555754642596,
    11.310233382579));
#2414 = CARTESIAN_POINT('',(28.346758038277,-5.411940567618,
    11.250631798411));
#2415 = CARTESIAN_POINT('',(28.592305727497,-5.252805701657,
    11.193059044816));
#2416 = CARTESIAN_POINT('',(28.833096693899,-5.077583944439,
    11.139765760241));
#2417 = CARTESIAN_POINT('',(29.068191508828,-4.885513375212,
    11.093458541243));
#2418 = CARTESIAN_POINT('',(29.379913160917,-4.599105020396,
    11.044351536022));
#2419 = CARTESIAN_POINT('',(29.462648827285,-4.519867713969,
    11.032565320444));
#2420 = CARTESIAN_POINT('',(29.544376444316,-4.438241755013,
    11.022344178269));
#2421 = CARTESIAN_POINT('',(29.625002479436,-4.354218811173,
    11.013871464761));
#2422 = CARTESIAN_POINT('',(29.704428020433,-4.267797693305,
    11.007342500563));
#2423 = CARTESIAN_POINT('',(29.782549472393,-4.178985515832,
    11.002965699438));
#2424 = CARTESIAN_POINT('',(29.958400111043,-3.969947871573,
    10.998376277171));
#2425 = CARTESIAN_POINT('',(30.055339201342,-3.847944972052,
    10.999751240889));
#2426 = CARTESIAN_POINT('',(30.149588783841,-3.722091853959,
    11.005599503984));
#2427 = CARTESIAN_POINT('',(30.240723122356,-3.592725430372,
    11.016417563424));
#2428 = CARTESIAN_POINT('',(30.328377161807,-3.460216071977,
    11.032686015054));
#2429 = CARTESIAN_POINT('',(30.412245203826,-3.324965847005,
    11.054868072331));
#2430 = CARTESIAN_POINT('',(30.548063993437,-3.09094249912,
    11.103421966724));
#2431 = CARTESIAN_POINT('',(30.602022220169,-2.993416391824,
    11.126547279531));
#2432 = CARTESIAN_POINT('',(30.653784567484,-2.895134873871,
    11.152897272885));
#2433 = CARTESIAN_POINT('',(30.703222085903,-2.796410650814,
    11.182552011182));
#2434 = CARTESIAN_POINT('',(30.750244034653,-2.697559075723,
    11.215556434683));
#2435 = CARTESIAN_POINT('',(30.794795344798,-2.598894525733,
    11.251918420386));
#2436 = CARTESIAN_POINT('',(30.888765192868,-2.379562971395,
    11.340592385659));
#2437 = CARTESIAN_POINT('',(30.936807599171,-2.259323405216,
    11.394577697631));
#2438 = CARTESIAN_POINT('',(30.980968701327,-2.140560512886,
    11.453490165712));
#2439 = CARTESIAN_POINT('',(31.021303843081,-2.023822639443,
    11.517169239592));
#2440 = CARTESIAN_POINT('',(31.057926649554,-1.909642124483,
    11.58536154397));
#2441 = CARTESIAN_POINT('',(31.090999364917,-1.798523384499,
    11.657715990754));
#2442 = CARTESIAN_POINT('',(31.136864196935,-1.63250481737,
    11.775083527981));
#2443 = CARTESIAN_POINT('',(31.152024899781,-1.575091591957,
    11.817500656887));
#2444 = CARTESIAN_POINT('',(31.166245807291,-1.518732162332,
    11.860984636803));
#2445 = CARTESIAN_POINT('',(31.179567588812,-1.463465098369,
    11.905486360855));
#2446 = CARTESIAN_POINT('',(31.192031074354,-1.409326696459,
    11.950953256469));
#2447 = CARTESIAN_POINT('',(31.203677254585,-1.356350979517,
    11.997329285367));
#2448 = CARTESIAN_POINT('',(31.242843380123,-1.169776249533,
    12.16748950536));
#2449 = CARTESIAN_POINT('',(31.26584979081,-1.043217956086,
    12.296051616134));
#2450 = CARTESIAN_POINT('',(31.284394547878,-0.924999926156,
    12.429551106655));
#2451 = CARTESIAN_POINT('',(31.299212150622,-0.81517544379,
    12.56732248854));
#2452 = CARTESIAN_POINT('',(31.310948442402,-0.71374974366,
    12.70872577753));
#2453 = CARTESIAN_POINT('',(31.320165490393,-0.620683787151,
    12.853147316755));
#2454 = CARTESIAN_POINT('',(31.327346465335,-0.535898038452,13.0000006)
  );
#2455 = PCURVE('',#1214,#2456);
#2456 = DEFINITIONAL_REPRESENTATION('',(#2457),#2562);
#2457 = B_SPLINE_CURVE_WITH_KNOTS('',7,(#2458,#2459,#2460,#2461,#2462,
    #2463,#2464,#2465,#2466,#2467,#2468,#2469,#2470,#2471,#2472,#2473,
    #2474,#2475,#2476,#2477,#2478,#2479,#2480,#2481,#2482,#2483,#2484,
    #2485,#2486,#2487,#2488,#2489,#2490,#2491,#2492,#2493,#2494,#2495,
    #2496,#2497,#2498,#2499,#2500,#2501,#2502,#2503,#2504,#2505,#2506,
    #2507,#2508,#2509,#2510,#2511,#2512,#2513,#2514,#2515,#2516,#2517,
    #2518,#2519,#2520,#2521,#2522,#2523,#2524,#2525,#2526,#2527,#2528,
    #2529,#2530,#2531,#2532,#2533,#2534,#2535,#2536,#2537,#2538,#2539,
    #2540,#2541,#2542,#2543,#2544,#2545,#2546,#2547,#2548,#2549,#2550,
    #2551,#2552,#2553,#2554,#2555,#2556,#2557,#2558,#2559,#2560,#2561),
  .UNSPECIFIED.,.F.,.F.,(8,6,6,6,6,6,6,6,6,6,6,6,6,6,6,6,6,8),(0.,
    6.088273041867E-02,8.42710003497E-02,0.127340727955,0.162236116494,
    0.211997319708,0.250499822122,0.355466125323,0.426298178005,
    0.498792414618,0.642532688256,0.74808993046,0.786809194157,
    0.836850542855,0.871942385356,0.915254586795,0.938774525348,1.),
  .UNSPECIFIED.);
#2458 = CARTESIAN_POINT('',(-5.759586704786,-69.67265353466));
#2459 = CARTESIAN_POINT('',(-5.717193817719,-69.6798345096));
#2460 = CARTESIAN_POINT('',(-5.674292416886,-69.68905155759));
#2461 = CARTESIAN_POINT('',(-5.63087501517,-69.70078784937));
#2462 = CARTESIAN_POINT('',(-5.586931820481,-69.71560545212));
#2463 = CARTESIAN_POINT('',(-5.54245032677,-69.73415020919));
#2464 = CARTESIAN_POINT('',(-5.49741490504,-69.75715661987));
#2465 = CARTESIAN_POINT('',(-5.434285758338,-69.79632274427));
#2466 = CARTESIAN_POINT('',(-5.416687662974,-69.80796892579));
#2467 = CARTESIAN_POINT('',(-5.399019113523,-69.82043241247));
#2468 = CARTESIAN_POINT('',(-5.381286730583,-69.83375419374));
#2469 = CARTESIAN_POINT('',(-5.363496750088,-69.84797509973));
#2470 = CARTESIAN_POINT('',(-5.345655023307,-69.86313580128));
#2471 = CARTESIAN_POINT('',(-5.29482607816,-69.90900063508));
#2472 = CARTESIAN_POINT('',(-5.261700532251,-69.94207335044));
#2473 = CARTESIAN_POINT('',(-5.228492056172,-69.97869615691));
#2474 = CARTESIAN_POINT('',(-5.195293266958,-70.01903129867));
#2475 = CARTESIAN_POINT('',(-5.162189839457,-70.06319240082));
#2476 = CARTESIAN_POINT('',(-5.129262624161,-70.11123480713));
#2477 = CARTESIAN_POINT('',(-5.070117990611,-70.2052046552));
#2478 = CARTESIAN_POINT('',(-5.043842795036,-70.24975596534));
#2479 = CARTESIAN_POINT('',(-5.017808510521,-70.29677791409));
#2480 = CARTESIAN_POINT('',(-4.992059086321,-70.34621543251));
#2481 = CARTESIAN_POINT('',(-4.966638444331,-70.39797777983));
#2482 = CARTESIAN_POINT('',(-4.941590834679,-70.45193600656));
#2483 = CARTESIAN_POINT('',(-4.88183905227,-70.58775479617));
#2484 = CARTESIAN_POINT('',(-4.847604992645,-70.67162283819));
#2485 = CARTESIAN_POINT('',(-4.814271445839,-70.75927687764));
#2486 = CARTESIAN_POINT('',(-4.781858589134,-70.85041121615));
#2487 = CARTESIAN_POINT('',(-4.750393172864,-70.94466079865));
#2488 = CARTESIAN_POINT('',(-4.719907349577,-71.04159988895));
#2489 = CARTESIAN_POINT('',(-4.667635344932,-71.2174505276));
#2490 = CARTESIAN_POINT('',(-4.645413619235,-71.29557197956));
#2491 = CARTESIAN_POINT('',(-4.623758378819,-71.37499752056));
#2492 = CARTESIAN_POINT('',(-4.602657549781,-71.45562355568));
#2493 = CARTESIAN_POINT('',(-4.582100608755,-71.53735117271));
#2494 = CARTESIAN_POINT('',(-4.562078260084,-71.62008683908));
#2495 = CARTESIAN_POINT('',(-4.489431321199,-71.93180849117));
#2496 = CARTESIAN_POINT('',(-4.440147655896,-72.1669033061));
#2497 = CARTESIAN_POINT('',(-4.394476438156,-72.4076942725));
#2498 = CARTESIAN_POINT('',(-4.352255748223,-72.65324196172));
#2499 = CARTESIAN_POINT('',(-4.313389362786,-72.90299316493));
#2500 = CARTESIAN_POINT('',(-4.277842575466,-73.15675463718));
#2501 = CARTESIAN_POINT('',(-4.223944463662,-73.58867673392));
#2502 = CARTESIAN_POINT('',(-4.2037662127,-73.76453963055));
#2503 = CARTESIAN_POINT('',(-4.185161752166,-73.94208531613));
#2504 = CARTESIAN_POINT('',(-4.168176538711,-74.12118600596));
#2505 = CARTESIAN_POINT('',(-4.152862859316,-74.30174101301));
#2506 = CARTESIAN_POINT('',(-4.139277083867,-74.48367962383));
#2507 = CARTESIAN_POINT('',(-4.115400397551,-74.85454851775));
#2508 = CARTESIAN_POINT('',(-4.105190339848,-75.04360444055));
#2509 = CARTESIAN_POINT('',(-4.096932773434,-75.23375801813));
#2510 = CARTESIAN_POINT('',(-4.090692642789,-75.4247085213));
#2511 = CARTESIAN_POINT('',(-4.086514521331,-75.61620772135));
#2512 = CARTESIAN_POINT('',(-4.084422995748,-75.80803962288));
#2513 = CARTESIAN_POINT('',(-4.084422995748,-76.38061559681));
#2514 = CARTESIAN_POINT('',(-4.092645796627,-76.75877630164));
#2515 = CARTESIAN_POINT('',(-4.108900056815,-77.13412671826));
#2516 = CARTESIAN_POINT('',(-4.132860571397,-77.50613158306));
#2517 = CARTESIAN_POINT('',(-4.164030161402,-77.87352462354));
#2518 = CARTESIAN_POINT('',(-4.201838206151,-78.23417084318));
#2519 = CARTESIAN_POINT('',(-4.277842575466,-78.84324536281));
#2520 = CARTESIAN_POINT('',(-4.313389362786,-79.09700683506));
#2521 = CARTESIAN_POINT('',(-4.352255748223,-79.34675803827));
#2522 = CARTESIAN_POINT('',(-4.394476438156,-79.59230572749));
#2523 = CARTESIAN_POINT('',(-4.440147655896,-79.83309669389));
#2524 = CARTESIAN_POINT('',(-4.489431321199,-80.06819150882));
#2525 = CARTESIAN_POINT('',(-4.562078260084,-80.37991316091));
#2526 = CARTESIAN_POINT('',(-4.582100608755,-80.46264882728));
#2527 = CARTESIAN_POINT('',(-4.602657549781,-80.54437644431));
#2528 = CARTESIAN_POINT('',(-4.623758378819,-80.62500247943));
#2529 = CARTESIAN_POINT('',(-4.645413619235,-80.70442802043));
#2530 = CARTESIAN_POINT('',(-4.667635344932,-80.78254947239));
#2531 = CARTESIAN_POINT('',(-4.719907349577,-80.95840011104));
#2532 = CARTESIAN_POINT('',(-4.750393172864,-81.05533920134));
#2533 = CARTESIAN_POINT('',(-4.781858589134,-81.14958878384));
#2534 = CARTESIAN_POINT('',(-4.814271445839,-81.24072312235));
#2535 = CARTESIAN_POINT('',(-4.847604992645,-81.3283771618));
#2536 = CARTESIAN_POINT('',(-4.88183905227,-81.41224520382));
#2537 = CARTESIAN_POINT('',(-4.941590834679,-81.54806399343));
#2538 = CARTESIAN_POINT('',(-4.966638444331,-81.60202222016));
#2539 = CARTESIAN_POINT('',(-4.992059086321,-81.65378456748));
#2540 = CARTESIAN_POINT('',(-5.017808510521,-81.7032220859));
#2541 = CARTESIAN_POINT('',(-5.043842795036,-81.75024403465));
#2542 = CARTESIAN_POINT('',(-5.070117990611,-81.79479534479));
#2543 = CARTESIAN_POINT('',(-5.129262624161,-81.88876519286));
#2544 = CARTESIAN_POINT('',(-5.162189839457,-81.93680759917));
#2545 = CARTESIAN_POINT('',(-5.195293266958,-81.98096870132));
#2546 = CARTESIAN_POINT('',(-5.228492056172,-82.02130384308));
#2547 = CARTESIAN_POINT('',(-5.261700532251,-82.05792664955));
#2548 = CARTESIAN_POINT('',(-5.29482607816,-82.09099936491));
#2549 = CARTESIAN_POINT('',(-5.345655021334,-82.13686419693));
#2550 = CARTESIAN_POINT('',(-5.363496749812,-82.15202489978));
#2551 = CARTESIAN_POINT('',(-5.381286732085,-82.16624580729));
#2552 = CARTESIAN_POINT('',(-5.399019115077,-82.17956758881));
#2553 = CARTESIAN_POINT('',(-5.416687662828,-82.19203107435));
#2554 = CARTESIAN_POINT('',(-5.434285756495,-82.20367725458));
#2555 = CARTESIAN_POINT('',(-5.49741490504,-82.24284338012));
#2556 = CARTESIAN_POINT('',(-5.54245032677,-82.26584979081));
#2557 = CARTESIAN_POINT('',(-5.586931820481,-82.28439454787));
#2558 = CARTESIAN_POINT('',(-5.63087501517,-82.29921215062));
#2559 = CARTESIAN_POINT('',(-5.674292416886,-82.3109484424));
#2560 = CARTESIAN_POINT('',(-5.717193817719,-82.32016549039));
#2561 = CARTESIAN_POINT('',(-5.759586704786,-82.32734646533));
#2562 = ( GEOMETRIC_REPRESENTATION_CONTEXT(2) 
PARAMETRIC_REPRESENTATION_CONTEXT() REPRESENTATION_CONTEXT('2D SPACE',''
  ) );
#2563 = PCURVE('',#1733,#2564);
#2564 = DEFINITIONAL_REPRESENTATION('',(#2565),#2610);
#2565 = B_SPLINE_CURVE_WITH_KNOTS('',7,(#2566,#2567,#2568,#2569,#2570,
    #2571,#2572,#2573,#2574,#2575,#2576,#2577,#2578,#2579,#2580,#2581,
    #2582,#2583,#2584,#2585,#2586,#2587,#2588,#2589,#2590,#2591,#2592,
    #2593,#2594,#2595,#2596,#2597,#2598,#2599,#2600,#2601,#2602,#2603,
    #2604,#2605,#2606,#2607,#2608,#2609),.UNSPECIFIED.,.F.,.F.,(8,6,6,6,
    6,6,6,8),(3.553560274618E-08,6.088273041867E-02,8.42710003497E-02,
    0.127340727955,0.162236116494,0.211997319708,0.250499822122,
    0.315457103672),.UNSPECIFIED.);
#2566 = CARTESIAN_POINT('',(9.509271908237,-33.));
#2567 = CARTESIAN_POINT('',(9.522671795388,-33.14685318901));
#2568 = CARTESIAN_POINT('',(9.537397987095,-33.29127463513));
#2569 = CARTESIAN_POINT('',(9.553473587706,-33.43267783311));
#2570 = CARTESIAN_POINT('',(9.570919306364,-33.5704491271));
#2571 = CARTESIAN_POINT('',(9.589755696897,-33.70394853394));
#2572 = CARTESIAN_POINT('',(9.610005397711,-33.83251056639));
#2573 = CARTESIAN_POINT('',(9.640027640271,-34.00267070966));
#2574 = CARTESIAN_POINT('',(9.648569117481,-34.0490467428));
#2575 = CARTESIAN_POINT('',(9.657317164539,-34.09451364288));
#2576 = CARTESIAN_POINT('',(9.666269027442,-34.1390153671));
#2577 = CARTESIAN_POINT('',(9.67542183696,-34.18249934279));
#2578 = CARTESIAN_POINT('',(9.684772608636,-34.22491646746));
#2579 = CARTESIAN_POINT('',(9.711896621341,-34.34228400924));
#2580 = CARTESIAN_POINT('',(9.730150757384,-34.41463845603));
#2581 = CARTESIAN_POINT('',(9.749027278048,-34.4828307604));
#2582 = CARTESIAN_POINT('',(9.768468564471,-34.54650983428));
#2583 = CARTESIAN_POINT('',(9.788413485055,-34.60542230236));
#2584 = CARTESIAN_POINT('',(9.808798128732,-34.65940761434));
#2585 = CARTESIAN_POINT('',(9.846375143892,-34.74808157961));
#2586 = CARTESIAN_POINT('',(9.863420259746,-34.78444356531));
#2587 = CARTESIAN_POINT('',(9.880653411951,-34.81744798881));
#2588 = CARTESIAN_POINT('',(9.898034442649,-34.84710272711));
#2589 = CARTESIAN_POINT('',(9.915521334748,-34.87345272046));
#2590 = CARTESIAN_POINT('',(9.933070036701,-34.89657803327));
#2591 = CARTESIAN_POINT('',(9.975681099483,-34.94513192766));
#2592 = CARTESIAN_POINT('',(10.000732291832,-34.96731398494));
#2593 = CARTESIAN_POINT('',(10.025735096812,-34.98358243657));
#2594 = CARTESIAN_POINT('',(10.050636308265,-34.99440049601));
#2595 = CARTESIAN_POINT('',(10.075380952267,-35.00024875911));
#2596 = CARTESIAN_POINT('',(10.099910957978,-35.00162372282));
#2597 = CARTESIAN_POINT('',(10.142929375664,-34.99703430056));
#2598 = CARTESIAN_POINT('',(10.161551883547,-34.99265749943));
#2599 = CARTESIAN_POINT('',(10.18002925139,-34.98612853523));
#2600 = CARTESIAN_POINT('',(10.198360159895,-34.97765582173));
#2601 = CARTESIAN_POINT('',(10.216544021454,-34.96743467955));
#2602 = CARTESIAN_POINT('',(10.234580930372,-34.95564846397));
#2603 = CARTESIAN_POINT('',(10.282654849027,-34.9202358868));
#2604 = CARTESIAN_POINT('',(10.31243722339,-34.89402732228));
#2605 = CARTESIAN_POINT('',(10.341842822948,-34.8646480941));
#2606 = CARTESIAN_POINT('',(10.370899164855,-34.83280164114));
#2607 = CARTESIAN_POINT('',(10.399636982138,-34.79911165383));
#2608 = CARTESIAN_POINT('',(10.428090150024,-34.76413976735));
#2609 = CARTESIAN_POINT('',(10.456295753088,-34.72840004041));
#2610 = ( GEOMETRIC_REPRESENTATION_CONTEXT(2) 
PARAMETRIC_REPRESENTATION_CONTEXT() REPRESENTATION_CONTEXT('2D SPACE',''
  ) );
#2611 = ORIENTED_EDGE('',*,*,#2612,.T.);
#2612 = EDGE_CURVE('',#2347,#2613,#2615,.T.);
#2613 = VERTEX_POINT('',#2614);
#2614 = CARTESIAN_POINT('',(17.769833133246,-0.535898384862,13.));
#2615 = SURFACE_CURVE('',#2616,(#2620,#2626),.PCURVE_S1.);
#2616 = LINE('',#2617,#2618);
#2617 = CARTESIAN_POINT('',(-51.,-0.535898384862,13.));
#2618 = VECTOR('',#2619,1.);
#2619 = DIRECTION('',(-1.,-0.,-0.));
#2620 = PCURVE('',#1214,#2621);
#2621 = DEFINITIONAL_REPRESENTATION('',(#2622),#2625);
#2622 = B_SPLINE_CURVE_WITH_KNOTS('',1,(#2623,#2624),.UNSPECIFIED.,.F.,
  .F.,(2,2),(-84.7,-67.3),.PIECEWISE_BEZIER_KNOTS.);
#2623 = CARTESIAN_POINT('',(-5.759586531581,-84.7));
#2624 = CARTESIAN_POINT('',(-5.759586531581,-67.3));
#2625 = ( GEOMETRIC_REPRESENTATION_CONTEXT(2) 
PARAMETRIC_REPRESENTATION_CONTEXT() REPRESENTATION_CONTEXT('2D SPACE',''
  ) );
#2626 = PCURVE('',#1504,#2627);
#2627 = DEFINITIONAL_REPRESENTATION('',(#2628),#2631);
#2628 = B_SPLINE_CURVE_WITH_KNOTS('',1,(#2629,#2630),.UNSPECIFIED.,.F.,
  .F.,(2,2),(-84.7,-67.3),.PIECEWISE_BEZIER_KNOTS.);
#2629 = CARTESIAN_POINT('',(8.7,-0.535898384862));
#2630 = CARTESIAN_POINT('',(-8.7,-0.535898384862));
#2631 = ( GEOMETRIC_REPRESENTATION_CONTEXT(2) 
PARAMETRIC_REPRESENTATION_CONTEXT() REPRESENTATION_CONTEXT('2D SPACE',''
  ) );
#2632 = ORIENTED_EDGE('',*,*,#2633,.T.);
#2633 = EDGE_CURVE('',#2613,#2634,#2636,.T.);
#2634 = VERTEX_POINT('',#2635);
#2635 = CARTESIAN_POINT('',(17.75,0.,15.));
#2636 = SURFACE_CURVE('',#2637,(#2645,#2656),.PCURVE_S1.);
#2637 = B_SPLINE_CURVE_WITH_KNOTS('',6,(#2638,#2639,#2640,#2641,#2642,
    #2643,#2644),.UNSPECIFIED.,.F.,.F.,(7,7),(0.,1.),
  .PIECEWISE_BEZIER_KNOTS.);
#2638 = CARTESIAN_POINT('',(17.769833158922,-0.535898731272,12.9999994)
  );
#2639 = CARTESIAN_POINT('',(17.756349393529,-0.353980268416,
    13.315091294465));
#2640 = CARTESIAN_POINT('',(17.751270949658,-0.210955607939,
    13.64224261338));
#2641 = CARTESIAN_POINT('',(17.74999966402,-0.105115145401,
    13.97705093966));
#2642 = CARTESIAN_POINT('',(17.75000014301,-3.505417886341E-02,
    14.316464044817));
#2643 = CARTESIAN_POINT('',(17.75,-3.601747788906E-09,14.65817151062));
#2644 = CARTESIAN_POINT('',(17.75,2.22044604925E-16,14.999999957853));
#2645 = PCURVE('',#1214,#2646);
#2646 = DEFINITIONAL_REPRESENTATION('',(#2647),#2655);
#2647 = B_SPLINE_CURVE_WITH_KNOTS('',6,(#2648,#2649,#2650,#2651,#2652,
    #2653,#2654),.UNSPECIFIED.,.F.,.F.,(7,7),(0.,1.),
  .PIECEWISE_BEZIER_KNOTS.);
#2648 = CARTESIAN_POINT('',(-5.759586358376,-68.76983315892));
#2649 = CARTESIAN_POINT('',(-5.850545562516,-68.75634939352));
#2650 = CARTESIAN_POINT('',(-5.939254248477,-68.75127094965));
#2651 = CARTESIAN_POINT('',(-6.02632567854,-68.74999966402));
#2652 = CARTESIAN_POINT('',(-6.112301055317,-68.75000014301));
#2653 = CARTESIAN_POINT('',(-6.197728184834,-68.75));
#2654 = CARTESIAN_POINT('',(-6.283185296643,-68.75));
#2655 = ( GEOMETRIC_REPRESENTATION_CONTEXT(2) 
PARAMETRIC_REPRESENTATION_CONTEXT() REPRESENTATION_CONTEXT('2D SPACE',''
  ) );
#2656 = PCURVE('',#1473,#2657);
#2657 = DEFINITIONAL_REPRESENTATION('',(#2658),#2666);
#2658 = B_SPLINE_CURVE_WITH_KNOTS('',6,(#2659,#2660,#2661,#2662,#2663,
    #2664,#2665),.UNSPECIFIED.,.F.,.F.,(7,7),(0.,1.),
  .PIECEWISE_BEZIER_KNOTS.);
#2659 = CARTESIAN_POINT('',(3.215577196523,-33.0000006));
#2660 = CARTESIAN_POINT('',(3.190416164025,-32.68490870553));
#2661 = CARTESIAN_POINT('',(3.170690692022,-32.35775738662));
#2662 = CARTESIAN_POINT('',(3.156090942403,-32.02294906034));
#2663 = CARTESIAN_POINT('',(3.146427809989,-31.68353595518));
#2664 = CARTESIAN_POINT('',(3.141592654087,-31.34182848938));
#2665 = CARTESIAN_POINT('',(3.14159265359,-31.00000004214));
#2666 = ( GEOMETRIC_REPRESENTATION_CONTEXT(2) 
PARAMETRIC_REPRESENTATION_CONTEXT() REPRESENTATION_CONTEXT('2D SPACE',''
  ) );
#2667 = ORIENTED_EDGE('',*,*,#2668,.F.);
#2668 = EDGE_CURVE('',#2669,#2634,#2671,.T.);
#2669 = VERTEX_POINT('',#2670);
#2670 = CARTESIAN_POINT('',(-17.75,0.,15.));
#2671 = SEAM_CURVE('',#2672,(#2676,#2683),.PCURVE_S1.);
#2672 = LINE('',#2673,#2674);
#2673 = CARTESIAN_POINT('',(-51.,0.,15.));
#2674 = VECTOR('',#2675,1.);
#2675 = DIRECTION('',(1.,0.,0.));
#2676 = PCURVE('',#1214,#2677);
#2677 = DEFINITIONAL_REPRESENTATION('',(#2678),#2682);
#2678 = LINE('',#2679,#2680);
#2679 = CARTESIAN_POINT('',(-0.,0.));
#2680 = VECTOR('',#2681,1.);
#2681 = DIRECTION('',(-0.,-1.));
#2682 = ( GEOMETRIC_REPRESENTATION_CONTEXT(2) 
PARAMETRIC_REPRESENTATION_CONTEXT() REPRESENTATION_CONTEXT('2D SPACE',''
  ) );
#2683 = PCURVE('',#1214,#2684);
#2684 = DEFINITIONAL_REPRESENTATION('',(#2685),#2689);
#2685 = LINE('',#2686,#2687);
#2686 = CARTESIAN_POINT('',(-6.28318530718,0.));
#2687 = VECTOR('',#2688,1.);
#2688 = DIRECTION('',(-0.,-1.));
#2689 = ( GEOMETRIC_REPRESENTATION_CONTEXT(2) 
PARAMETRIC_REPRESENTATION_CONTEXT() REPRESENTATION_CONTEXT('2D SPACE',''
  ) );
#2690 = ORIENTED_EDGE('',*,*,#2691,.F.);
#2691 = EDGE_CURVE('',#2692,#2669,#2694,.T.);
#2692 = VERTEX_POINT('',#2693);
#2693 = CARTESIAN_POINT('',(-17.76983313324,-0.535898384862,13.));
#2694 = SURFACE_CURVE('',#2695,(#2703,#2714),.PCURVE_S1.);
#2695 = B_SPLINE_CURVE_WITH_KNOTS('',6,(#2696,#2697,#2698,#2699,#2700,
    #2701,#2702),.UNSPECIFIED.,.F.,.F.,(7,7),(0.,1.),
  .PIECEWISE_BEZIER_KNOTS.);
#2696 = CARTESIAN_POINT('',(-17.76983315892,-0.535898731272,12.9999994)
  );
#2697 = CARTESIAN_POINT('',(-17.75634939352,-0.353980268416,
    13.315091294465));
#2698 = CARTESIAN_POINT('',(-17.75127094965,-0.210955607939,
    13.64224261338));
#2699 = CARTESIAN_POINT('',(-17.74999966402,-0.105115145401,
    13.97705093966));
#2700 = CARTESIAN_POINT('',(-17.75000014301,-3.505417886336E-02,
    14.316464044817));
#2701 = CARTESIAN_POINT('',(-17.75,-3.601749121174E-09,14.65817151062));
#2702 = CARTESIAN_POINT('',(-17.75,-1.110223024625E-15,14.999999957853)
  );
#2703 = PCURVE('',#1214,#2704);
#2704 = DEFINITIONAL_REPRESENTATION('',(#2705),#2713);
#2705 = B_SPLINE_CURVE_WITH_KNOTS('',6,(#2706,#2707,#2708,#2709,#2710,
    #2711,#2712),.UNSPECIFIED.,.F.,.F.,(7,7),(0.,1.),
  .PIECEWISE_BEZIER_KNOTS.);
#2706 = CARTESIAN_POINT('',(-5.759586358376,-33.23016684107));
#2707 = CARTESIAN_POINT('',(-5.850545562516,-33.24365060647));
#2708 = CARTESIAN_POINT('',(-5.939254248478,-33.24872905034));
#2709 = CARTESIAN_POINT('',(-6.02632567854,-33.25000033598));
#2710 = CARTESIAN_POINT('',(-6.112301055317,-33.24999985699));
#2711 = CARTESIAN_POINT('',(-6.197728184835,-33.25));
#2712 = CARTESIAN_POINT('',(-6.283185296643,-33.25));
#2713 = ( GEOMETRIC_REPRESENTATION_CONTEXT(2) 
PARAMETRIC_REPRESENTATION_CONTEXT() REPRESENTATION_CONTEXT('2D SPACE',''
  ) );
#2714 = PCURVE('',#2715,#2720);
#2715 = CYLINDRICAL_SURFACE('',#2716,7.25);
#2716 = AXIS2_PLACEMENT_3D('',#2717,#2718,#2719);
#2717 = CARTESIAN_POINT('',(-25.,0.,46.));
#2718 = DIRECTION('',(0.,0.,1.));
#2719 = DIRECTION('',(1.,0.,0.));
#2720 = DEFINITIONAL_REPRESENTATION('',(#2721),#2729);
#2721 = B_SPLINE_CURVE_WITH_KNOTS('',6,(#2722,#2723,#2724,#2725,#2726,
    #2727,#2728),.UNSPECIFIED.,.F.,.F.,(7,7),(0.,1.),
  .PIECEWISE_BEZIER_KNOTS.);
#2722 = CARTESIAN_POINT('',(6.209200764246,-33.0000006));
#2723 = CARTESIAN_POINT('',(6.234361796745,-32.68490870553));
#2724 = CARTESIAN_POINT('',(6.254087268748,-32.35775738662));
#2725 = CARTESIAN_POINT('',(6.268687018366,-32.02294906034));
#2726 = CARTESIAN_POINT('',(6.278350150781,-31.68353595518));
#2727 = CARTESIAN_POINT('',(6.283185306683,-31.34182848938));
#2728 = CARTESIAN_POINT('',(6.28318530718,-31.00000004214));
#2729 = ( GEOMETRIC_REPRESENTATION_CONTEXT(2) 
PARAMETRIC_REPRESENTATION_CONTEXT() REPRESENTATION_CONTEXT('2D SPACE',''
  ) );
#2730 = ORIENTED_EDGE('',*,*,#2731,.T.);
#2731 = EDGE_CURVE('',#2692,#2732,#2734,.T.);
#2732 = VERTEX_POINT('',#2733);
#2733 = CARTESIAN_POINT('',(-18.672653564,-0.535898384862,13.));
#2734 = SURFACE_CURVE('',#2735,(#2739,#2745),.PCURVE_S1.);
#2735 = LINE('',#2736,#2737);
#2736 = CARTESIAN_POINT('',(-51.,-0.535898384862,13.));
#2737 = VECTOR('',#2738,1.);
#2738 = DIRECTION('',(-1.,-0.,-0.));
#2739 = PCURVE('',#1214,#2740);
#2740 = DEFINITIONAL_REPRESENTATION('',(#2741),#2744);
#2741 = B_SPLINE_CURVE_WITH_KNOTS('',1,(#2742,#2743),.UNSPECIFIED.,.F.,
  .F.,(2,2),(-34.7,-17.3),.PIECEWISE_BEZIER_KNOTS.);
#2742 = CARTESIAN_POINT('',(-5.759586531581,-34.7));
#2743 = CARTESIAN_POINT('',(-5.759586531581,-17.3));
#2744 = ( GEOMETRIC_REPRESENTATION_CONTEXT(2) 
PARAMETRIC_REPRESENTATION_CONTEXT() REPRESENTATION_CONTEXT('2D SPACE',''
  ) );
#2745 = PCURVE('',#2746,#2751);
#2746 = PLANE('',#2747);
#2747 = AXIS2_PLACEMENT_3D('',#2748,#2749,#2750);
#2748 = CARTESIAN_POINT('',(-25.,4.584934185037E-16,13.));
#2749 = DIRECTION('',(0.,0.,1.));
#2750 = DIRECTION('',(1.,0.,-0.));
#2751 = DEFINITIONAL_REPRESENTATION('',(#2752),#2755);
#2752 = B_SPLINE_CURVE_WITH_KNOTS('',1,(#2753,#2754),.UNSPECIFIED.,.F.,
  .F.,(2,2),(-34.7,-17.3),.PIECEWISE_BEZIER_KNOTS.);
#2753 = CARTESIAN_POINT('',(8.7,-0.535898384862));
#2754 = CARTESIAN_POINT('',(-8.7,-0.535898384862));
#2755 = ( GEOMETRIC_REPRESENTATION_CONTEXT(2) 
PARAMETRIC_REPRESENTATION_CONTEXT() REPRESENTATION_CONTEXT('2D SPACE',''
  ) );
#2756 = ORIENTED_EDGE('',*,*,#2757,.F.);
#2757 = EDGE_CURVE('',#2758,#2732,#2760,.T.);
#2758 = VERTEX_POINT('',#2759);
#2759 = CARTESIAN_POINT('',(-21.73916674103,-5.448804109964,
    11.271599959587));
#2760 = SURFACE_CURVE('',#2761,(#2866,#2974),.PCURVE_S1.);
#2761 = B_SPLINE_CURVE_WITH_KNOTS('',7,(#2762,#2763,#2764,#2765,#2766,
    #2767,#2768,#2769,#2770,#2771,#2772,#2773,#2774,#2775,#2776,#2777,
    #2778,#2779,#2780,#2781,#2782,#2783,#2784,#2785,#2786,#2787,#2788,
    #2789,#2790,#2791,#2792,#2793,#2794,#2795,#2796,#2797,#2798,#2799,
    #2800,#2801,#2802,#2803,#2804,#2805,#2806,#2807,#2808,#2809,#2810,
    #2811,#2812,#2813,#2814,#2815,#2816,#2817,#2818,#2819,#2820,#2821,
    #2822,#2823,#2824,#2825,#2826,#2827,#2828,#2829,#2830,#2831,#2832,
    #2833,#2834,#2835,#2836,#2837,#2838,#2839,#2840,#2841,#2842,#2843,
    #2844,#2845,#2846,#2847,#2848,#2849,#2850,#2851,#2852,#2853,#2854,
    #2855,#2856,#2857,#2858,#2859,#2860,#2861,#2862,#2863,#2864,#2865),
  .UNSPECIFIED.,.F.,.F.,(8,6,6,6,6,6,6,6,6,6,6,6,6,6,6,6,6,8),(0.,
    6.088271638221E-02,8.427098375757E-02,0.127340712143,0.162236101315,
    0.211997305431,0.250499808543,0.355466113646,0.426298167612,
    0.498792405539,0.642532681782,0.7480899259,0.786809190298,
    0.836850539903,0.871942383041,0.915254585264,0.938774524244,1.),
  .UNSPECIFIED.);
#2762 = CARTESIAN_POINT('',(-31.32734646533,-0.535898038452,13.0000006)
  );
#2763 = CARTESIAN_POINT('',(-31.32016549039,-0.620683787138,
    12.853147316777));
#2764 = CARTESIAN_POINT('',(-31.3109484424,-0.713749743657,
    12.708725777531));
#2765 = CARTESIAN_POINT('',(-31.29921215062,-0.815175443802,
    12.567322488522));
#2766 = CARTESIAN_POINT('',(-31.28439454787,-0.924999926171,
    12.429551106639));
#2767 = CARTESIAN_POINT('',(-31.26584979081,-1.043217956085,
    12.296051616138));
#2768 = CARTESIAN_POINT('',(-31.24284338012,-1.169776249511,
    12.16748950538));
#2769 = CARTESIAN_POINT('',(-31.2036772544,-1.356350980359,
    11.997329284599));
#2770 = CARTESIAN_POINT('',(-31.19203107437,-1.409326696484,
    11.950953256357));
#2771 = CARTESIAN_POINT('',(-31.17956758901,-1.463465097603,
    11.905486361434));
#2772 = CARTESIAN_POINT('',(-31.16624580745,-1.518732161628,
    11.860984637407));
#2773 = CARTESIAN_POINT('',(-31.1520248997,-1.575091592136,
    11.817500656838));
#2774 = CARTESIAN_POINT('',(-31.13686419666,-1.632504818367,
    11.775083527276));
#2775 = CARTESIAN_POINT('',(-31.09099936491,-1.798523384499,
    11.657715990754));
#2776 = CARTESIAN_POINT('',(-31.05792664955,-1.909642124483,
    11.58536154397));
#2777 = CARTESIAN_POINT('',(-31.02130384308,-2.023822639443,
    11.517169239592));
#2778 = CARTESIAN_POINT('',(-30.98096870132,-2.140560512886,
    11.453490165712));
#2779 = CARTESIAN_POINT('',(-30.93680759917,-2.259323405216,
    11.394577697632));
#2780 = CARTESIAN_POINT('',(-30.88876519286,-2.379562971395,
    11.340592385659));
#2781 = CARTESIAN_POINT('',(-30.79479534479,-2.598894525733,
    11.251918420386));
#2782 = CARTESIAN_POINT('',(-30.75024403465,-2.697559075723,
    11.215556434683));
#2783 = CARTESIAN_POINT('',(-30.7032220859,-2.796410650813,
    11.182552011182));
#2784 = CARTESIAN_POINT('',(-30.65378456748,-2.89513487387,
    11.152897272885));
#2785 = CARTESIAN_POINT('',(-30.60202222016,-2.993416391824,
    11.126547279531));
#2786 = CARTESIAN_POINT('',(-30.54806399343,-3.09094249912,
    11.103421966724));
#2787 = CARTESIAN_POINT('',(-30.41224520382,-3.324965847005,
    11.054868072331));
#2788 = CARTESIAN_POINT('',(-30.3283771618,-3.460216071977,
    11.032686015054));
#2789 = CARTESIAN_POINT('',(-30.24072312235,-3.592725430372,
    11.016417563424));
#2790 = CARTESIAN_POINT('',(-30.14958878384,-3.722091853959,
    11.005599503984));
#2791 = CARTESIAN_POINT('',(-30.05533920134,-3.847944972052,
    10.999751240889));
#2792 = CARTESIAN_POINT('',(-29.95840011104,-3.969947871573,
    10.998376277171));
#2793 = CARTESIAN_POINT('',(-29.78254947239,-4.178985515832,
    11.002965699438));
#2794 = CARTESIAN_POINT('',(-29.70442802043,-4.267797693305,
    11.007342500563));
#2795 = CARTESIAN_POINT('',(-29.62500247943,-4.354218811173,
    11.013871464761));
#2796 = CARTESIAN_POINT('',(-29.54437644431,-4.438241755013,
    11.022344178269));
#2797 = CARTESIAN_POINT('',(-29.46264882728,-4.519867713969,
    11.032565320444));
#2798 = CARTESIAN_POINT('',(-29.37991316091,-4.599105020396,
    11.044351536022));
#2799 = CARTESIAN_POINT('',(-29.06819150882,-4.885513375212,
    11.093458541243));
#2800 = CARTESIAN_POINT('',(-28.8330966939,-5.077583944438,
    11.13976576024));
#2801 = CARTESIAN_POINT('',(-28.59230572749,-5.252805701657,
    11.193059044816));
#2802 = CARTESIAN_POINT('',(-28.34675803827,-5.411940567618,
    11.250631798411));
#2803 = CARTESIAN_POINT('',(-28.09700683506,-5.555754642596,
    11.310233382578));
#2804 = CARTESIAN_POINT('',(-27.84324536281,-5.684908127768,
    11.36989598438));
#2805 = CARTESIAN_POINT('',(-27.41132326607,-5.877441953993,
    11.466905412041));
#2806 = CARTESIAN_POINT('',(-27.23546036944,-5.948532037966,
    11.505188982658));
#2807 = CARTESIAN_POINT('',(-27.05791468386,-6.013202691003,
    11.542074212253));
#2808 = CARTESIAN_POINT('',(-26.87881399403,-6.071506514841,
    11.576998500699));
#2809 = CARTESIAN_POINT('',(-26.69825898698,-6.123482281296,
    11.609434277404));
#2810 = CARTESIAN_POINT('',(-26.51632037616,-6.169150199561,
    11.638896727133));
#2811 = CARTESIAN_POINT('',(-26.14545148224,-6.248779979239,
    11.691628468803));
#2812 = CARTESIAN_POINT('',(-25.95639555944,-6.28245521805,
    11.714744921766));
#2813 = CARTESIAN_POINT('',(-25.76624198186,-6.309442316328,
    11.733794523911));
#2814 = CARTESIAN_POINT('',(-25.57529147869,-6.329705889019,
    11.748369721402));
#2815 = CARTESIAN_POINT('',(-25.38379227864,-6.343229910315,
    11.758188230653));
#2816 = CARTESIAN_POINT('',(-25.19196037711,-6.35,11.763103338072));
#2817 = CARTESIAN_POINT('',(-24.61938440318,-6.35,11.763103338072));
#2818 = CARTESIAN_POINT('',(-24.24122369835,-6.323383751332,
    11.743779697772));
#2819 = CARTESIAN_POINT('',(-23.86587328173,-6.270769598513,
    11.705582580912));
#2820 = CARTESIAN_POINT('',(-23.49386841693,-6.192214242749,
    11.650652641743));
#2821 = CARTESIAN_POINT('',(-23.12647537645,-6.087434038981,
    11.582746668998));
#2822 = CARTESIAN_POINT('',(-22.76582915681,-5.956409513332,
    11.506693733322));
#2823 = CARTESIAN_POINT('',(-22.15675463718,-5.684908127767,
    11.36989598438));
#2824 = CARTESIAN_POINT('',(-21.90299316493,-5.555754642596,
    11.310233382579));
#2825 = CARTESIAN_POINT('',(-21.65324196172,-5.411940567618,
    11.250631798411));
#2826 = CARTESIAN_POINT('',(-21.4076942725,-5.252805701657,
    11.193059044816));
#2827 = CARTESIAN_POINT('',(-21.1669033061,-5.077583944439,
    11.139765760241));
#2828 = CARTESIAN_POINT('',(-20.93180849117,-4.885513375212,
    11.093458541243));
#2829 = CARTESIAN_POINT('',(-20.62008683908,-4.599105020396,
    11.044351536022));
#2830 = CARTESIAN_POINT('',(-20.53735117271,-4.519867713969,
    11.032565320444));
#2831 = CARTESIAN_POINT('',(-20.45562355568,-4.438241755012,
    11.022344178269));
#2832 = CARTESIAN_POINT('',(-20.37499752056,-4.354218811173,
    11.013871464761));
#2833 = CARTESIAN_POINT('',(-20.29557197956,-4.267797693305,
    11.007342500563));
#2834 = CARTESIAN_POINT('',(-20.2174505276,-4.178985515832,
    11.002965699438));
#2835 = CARTESIAN_POINT('',(-20.04159988895,-3.969947871573,
    10.998376277171));
#2836 = CARTESIAN_POINT('',(-19.94466079865,-3.847944972052,
    10.999751240889));
#2837 = CARTESIAN_POINT('',(-19.85041121615,-3.722091853959,
    11.005599503984));
#2838 = CARTESIAN_POINT('',(-19.75927687764,-3.592725430372,
    11.016417563424));
#2839 = CARTESIAN_POINT('',(-19.67162283819,-3.460216071977,
    11.032686015054));
#2840 = CARTESIAN_POINT('',(-19.58775479617,-3.324965847005,
    11.054868072331));
#2841 = CARTESIAN_POINT('',(-19.45193600656,-3.09094249912,
    11.103421966724));
#2842 = CARTESIAN_POINT('',(-19.39797777983,-2.993416391824,
    11.126547279531));
#2843 = CARTESIAN_POINT('',(-19.34621543251,-2.89513487387,
    11.152897272885));
#2844 = CARTESIAN_POINT('',(-19.29677791409,-2.796410650813,
    11.182552011182));
#2845 = CARTESIAN_POINT('',(-19.24975596534,-2.697559075723,
    11.215556434683));
#2846 = CARTESIAN_POINT('',(-19.2052046552,-2.598894525733,
    11.251918420386));
#2847 = CARTESIAN_POINT('',(-19.11123480713,-2.379562971395,
    11.340592385659));
#2848 = CARTESIAN_POINT('',(-19.06319240082,-2.259323405216,
    11.394577697632));
#2849 = CARTESIAN_POINT('',(-19.01903129867,-2.140560512886,
    11.453490165712));
#2850 = CARTESIAN_POINT('',(-18.97869615691,-2.023822639443,
    11.517169239592));
#2851 = CARTESIAN_POINT('',(-18.94207335044,-1.909642124483,
    11.58536154397));
#2852 = CARTESIAN_POINT('',(-18.90900063508,-1.798523384499,
    11.657715990754));
#2853 = CARTESIAN_POINT('',(-18.86313580306,-1.63250481737,
    11.775083527981));
#2854 = CARTESIAN_POINT('',(-18.84797510021,-1.575091591957,
    11.817500656887));
#2855 = CARTESIAN_POINT('',(-18.8337541927,-1.518732162332,
    11.860984636803));
#2856 = CARTESIAN_POINT('',(-18.82043241118,-1.463465098369,
    11.905486360855));
#2857 = CARTESIAN_POINT('',(-18.80796892564,-1.409326696459,
    11.950953256469));
#2858 = CARTESIAN_POINT('',(-18.79632274541,-1.356350979517,
    11.997329285367));
#2859 = CARTESIAN_POINT('',(-18.75715661988,-1.169776249544,
    12.167489505349));
#2860 = CARTESIAN_POINT('',(-18.73415020918,-1.043217956086,
    12.296051616132));
#2861 = CARTESIAN_POINT('',(-18.71560545212,-0.924999926147,
    12.429551106663));
#2862 = CARTESIAN_POINT('',(-18.70078784937,-0.815175443784,
    12.56732248855));
#2863 = CARTESIAN_POINT('',(-18.68905155759,-0.713749743662,
    12.70872577753));
#2864 = CARTESIAN_POINT('',(-18.6798345096,-0.620683787158,
    12.853147316743));
#2865 = CARTESIAN_POINT('',(-18.67265353466,-0.535898038452,13.0000006)
  );
#2866 = PCURVE('',#1214,#2867);
#2867 = DEFINITIONAL_REPRESENTATION('',(#2868),#2973);
#2868 = B_SPLINE_CURVE_WITH_KNOTS('',7,(#2869,#2870,#2871,#2872,#2873,
    #2874,#2875,#2876,#2877,#2878,#2879,#2880,#2881,#2882,#2883,#2884,
    #2885,#2886,#2887,#2888,#2889,#2890,#2891,#2892,#2893,#2894,#2895,
    #2896,#2897,#2898,#2899,#2900,#2901,#2902,#2903,#2904,#2905,#2906,
    #2907,#2908,#2909,#2910,#2911,#2912,#2913,#2914,#2915,#2916,#2917,
    #2918,#2919,#2920,#2921,#2922,#2923,#2924,#2925,#2926,#2927,#2928,
    #2929,#2930,#2931,#2932,#2933,#2934,#2935,#2936,#2937,#2938,#2939,
    #2940,#2941,#2942,#2943,#2944,#2945,#2946,#2947,#2948,#2949,#2950,
    #2951,#2952,#2953,#2954,#2955,#2956,#2957,#2958,#2959,#2960,#2961,
    #2962,#2963,#2964,#2965,#2966,#2967,#2968,#2969,#2970,#2971,#2972),
  .UNSPECIFIED.,.F.,.F.,(8,6,6,6,6,6,6,6,6,6,6,6,6,6,6,6,6,8),(0.,
    6.088271638221E-02,8.427098375757E-02,0.127340712143,0.162236101315,
    0.211997305431,0.250499808543,0.355466113646,0.426298167612,
    0.498792405539,0.642532681782,0.7480899259,0.786809190298,
    0.836850539903,0.871942383041,0.915254585264,0.938774524244,1.),
  .UNSPECIFIED.);
#2869 = CARTESIAN_POINT('',(-5.759586704786,-19.67265353466));
#2870 = CARTESIAN_POINT('',(-5.717193817726,-19.6798345096));
#2871 = CARTESIAN_POINT('',(-5.674292416887,-19.68905155759));
#2872 = CARTESIAN_POINT('',(-5.630875015164,-19.70078784937));
#2873 = CARTESIAN_POINT('',(-5.586931820475,-19.71560545212));
#2874 = CARTESIAN_POINT('',(-5.542450326771,-19.73415020919));
#2875 = CARTESIAN_POINT('',(-5.497414905048,-19.75715661987));
#2876 = CARTESIAN_POINT('',(-5.43428575621,-19.79632274559));
#2877 = CARTESIAN_POINT('',(-5.416687662806,-19.80796892562));
#2878 = CARTESIAN_POINT('',(-5.399019115317,-19.82043241098));
#2879 = CARTESIAN_POINT('',(-5.381286732317,-19.83375419254));
#2880 = CARTESIAN_POINT('',(-5.363496749769,-19.84797510029));
#2881 = CARTESIAN_POINT('',(-5.345655021029,-19.86313580334));
#2882 = CARTESIAN_POINT('',(-5.29482607816,-19.90900063508));
#2883 = CARTESIAN_POINT('',(-5.261700532251,-19.94207335044));
#2884 = CARTESIAN_POINT('',(-5.228492056172,-19.97869615691));
#2885 = CARTESIAN_POINT('',(-5.195293266958,-20.01903129867));
#2886 = CARTESIAN_POINT('',(-5.162189839457,-20.06319240082));
#2887 = CARTESIAN_POINT('',(-5.129262624161,-20.11123480713));
#2888 = CARTESIAN_POINT('',(-5.070117990611,-20.2052046552));
#2889 = CARTESIAN_POINT('',(-5.043842795036,-20.24975596534));
#2890 = CARTESIAN_POINT('',(-5.017808510521,-20.29677791409));
#2891 = CARTESIAN_POINT('',(-4.992059086321,-20.34621543251));
#2892 = CARTESIAN_POINT('',(-4.966638444331,-20.39797777983));
#2893 = CARTESIAN_POINT('',(-4.941590834679,-20.45193600656));
#2894 = CARTESIAN_POINT('',(-4.88183905227,-20.58775479617));
#2895 = CARTESIAN_POINT('',(-4.847604992646,-20.67162283819));
#2896 = CARTESIAN_POINT('',(-4.814271445839,-20.75927687764));
#2897 = CARTESIAN_POINT('',(-4.781858589134,-20.85041121615));
#2898 = CARTESIAN_POINT('',(-4.750393172864,-20.94466079865));
#2899 = CARTESIAN_POINT('',(-4.719907349577,-21.04159988895));
#2900 = CARTESIAN_POINT('',(-4.667635344932,-21.2174505276));
#2901 = CARTESIAN_POINT('',(-4.645413619235,-21.29557197956));
#2902 = CARTESIAN_POINT('',(-4.62375837882,-21.37499752056));
#2903 = CARTESIAN_POINT('',(-4.602657549781,-21.45562355568));
#2904 = CARTESIAN_POINT('',(-4.582100608755,-21.53735117271));
#2905 = CARTESIAN_POINT('',(-4.562078260084,-21.62008683908));
#2906 = CARTESIAN_POINT('',(-4.489431321199,-21.93180849117));
#2907 = CARTESIAN_POINT('',(-4.440147655897,-22.1669033061));
#2908 = CARTESIAN_POINT('',(-4.394476438156,-22.4076942725));
#2909 = CARTESIAN_POINT('',(-4.352255748223,-22.65324196172));
#2910 = CARTESIAN_POINT('',(-4.313389362786,-22.90299316493));
#2911 = CARTESIAN_POINT('',(-4.277842575466,-23.15675463718));
#2912 = CARTESIAN_POINT('',(-4.223944463662,-23.58867673392));
#2913 = CARTESIAN_POINT('',(-4.2037662127,-23.76453963055));
#2914 = CARTESIAN_POINT('',(-4.185161752166,-23.94208531613));
#2915 = CARTESIAN_POINT('',(-4.168176538711,-24.12118600596));
#2916 = CARTESIAN_POINT('',(-4.152862859317,-24.30174101301));
#2917 = CARTESIAN_POINT('',(-4.139277083867,-24.48367962383));
#2918 = CARTESIAN_POINT('',(-4.115400397551,-24.85454851775));
#2919 = CARTESIAN_POINT('',(-4.105190339848,-25.04360444055));
#2920 = CARTESIAN_POINT('',(-4.096932773434,-25.23375801813));
#2921 = CARTESIAN_POINT('',(-4.090692642789,-25.4247085213));
#2922 = CARTESIAN_POINT('',(-4.086514521331,-25.61620772135));
#2923 = CARTESIAN_POINT('',(-4.084422995748,-25.80803962288));
#2924 = CARTESIAN_POINT('',(-4.084422995748,-26.38061559681));
#2925 = CARTESIAN_POINT('',(-4.092645796627,-26.75877630165));
#2926 = CARTESIAN_POINT('',(-4.108900056815,-27.13412671826));
#2927 = CARTESIAN_POINT('',(-4.132860571397,-27.50613158306));
#2928 = CARTESIAN_POINT('',(-4.164030161402,-27.87352462354));
#2929 = CARTESIAN_POINT('',(-4.201838206151,-28.23417084318));
#2930 = CARTESIAN_POINT('',(-4.277842575466,-28.84324536281));
#2931 = CARTESIAN_POINT('',(-4.313389362786,-29.09700683506));
#2932 = CARTESIAN_POINT('',(-4.352255748223,-29.34675803827));
#2933 = CARTESIAN_POINT('',(-4.394476438156,-29.59230572749));
#2934 = CARTESIAN_POINT('',(-4.440147655896,-29.8330966939));
#2935 = CARTESIAN_POINT('',(-4.489431321199,-30.06819150882));
#2936 = CARTESIAN_POINT('',(-4.562078260084,-30.37991316091));
#2937 = CARTESIAN_POINT('',(-4.582100608755,-30.46264882728));
#2938 = CARTESIAN_POINT('',(-4.602657549781,-30.54437644431));
#2939 = CARTESIAN_POINT('',(-4.62375837882,-30.62500247943));
#2940 = CARTESIAN_POINT('',(-4.645413619235,-30.70442802043));
#2941 = CARTESIAN_POINT('',(-4.667635344932,-30.78254947239));
#2942 = CARTESIAN_POINT('',(-4.719907349577,-30.95840011104));
#2943 = CARTESIAN_POINT('',(-4.750393172864,-31.05533920134));
#2944 = CARTESIAN_POINT('',(-4.781858589134,-31.14958878384));
#2945 = CARTESIAN_POINT('',(-4.814271445839,-31.24072312235));
#2946 = CARTESIAN_POINT('',(-4.847604992646,-31.3283771618));
#2947 = CARTESIAN_POINT('',(-4.88183905227,-31.41224520382));
#2948 = CARTESIAN_POINT('',(-4.941590834679,-31.54806399343));
#2949 = CARTESIAN_POINT('',(-4.966638444331,-31.60202222016));
#2950 = CARTESIAN_POINT('',(-4.992059086321,-31.65378456748));
#2951 = CARTESIAN_POINT('',(-5.017808510521,-31.7032220859));
#2952 = CARTESIAN_POINT('',(-5.043842795036,-31.75024403465));
#2953 = CARTESIAN_POINT('',(-5.070117990611,-31.79479534479));
#2954 = CARTESIAN_POINT('',(-5.129262624161,-31.88876519286));
#2955 = CARTESIAN_POINT('',(-5.162189839457,-31.93680759917));
#2956 = CARTESIAN_POINT('',(-5.195293266958,-31.98096870132));
#2957 = CARTESIAN_POINT('',(-5.228492056172,-32.02130384308));
#2958 = CARTESIAN_POINT('',(-5.261700532251,-32.05792664955));
#2959 = CARTESIAN_POINT('',(-5.29482607816,-32.09099936491));
#2960 = CARTESIAN_POINT('',(-5.345655021334,-32.13686419693));
#2961 = CARTESIAN_POINT('',(-5.363496749812,-32.15202489978));
#2962 = CARTESIAN_POINT('',(-5.381286732085,-32.16624580729));
#2963 = CARTESIAN_POINT('',(-5.399019115077,-32.17956758881));
#2964 = CARTESIAN_POINT('',(-5.416687662828,-32.19203107435));
#2965 = CARTESIAN_POINT('',(-5.434285756495,-32.20367725458));
#2966 = CARTESIAN_POINT('',(-5.497414905036,-32.24284338012));
#2967 = CARTESIAN_POINT('',(-5.54245032677,-32.26584979081));
#2968 = CARTESIAN_POINT('',(-5.586931820483,-32.28439454788));
#2969 = CARTESIAN_POINT('',(-5.630875015173,-32.29921215062));
#2970 = CARTESIAN_POINT('',(-5.674292416886,-32.3109484424));
#2971 = CARTESIAN_POINT('',(-5.717193817716,-32.32016549039));
#2972 = CARTESIAN_POINT('',(-5.759586704786,-32.32734646533));
#2973 = ( GEOMETRIC_REPRESENTATION_CONTEXT(2) 
PARAMETRIC_REPRESENTATION_CONTEXT() REPRESENTATION_CONTEXT('2D SPACE',''
  ) );
#2974 = PCURVE('',#2975,#2980);
#2975 = CYLINDRICAL_SURFACE('',#2976,6.35);
#2976 = AXIS2_PLACEMENT_3D('',#2977,#2978,#2979);
#2977 = CARTESIAN_POINT('',(-25.,0.,46.));
#2978 = DIRECTION('',(0.,0.,1.));
#2979 = DIRECTION('',(1.,0.,0.));
#2980 = DEFINITIONAL_REPRESENTATION('',(#2981),#3026);
#2981 = B_SPLINE_CURVE_WITH_KNOTS('',7,(#2982,#2983,#2984,#2985,#2986,
    #2987,#2988,#2989,#2990,#2991,#2992,#2993,#2994,#2995,#2996,#2997,
    #2998,#2999,#3000,#3001,#3002,#3003,#3004,#3005,#3006,#3007,#3008,
    #3009,#3010,#3011,#3012,#3013,#3014,#3015,#3016,#3017,#3018,#3019,
    #3020,#3021,#3022,#3023,#3024,#3025),.UNSPECIFIED.,.F.,.F.,(8,6,6,6,
    6,6,6,8),(0.682766946842,0.7480899259,0.786809190298,0.836850539903,
    0.871942383041,0.915254585264,0.938774524244,0.999999964264),
  .UNSPECIFIED.);
#2982 = CARTESIAN_POINT('',(5.251667514861,-34.72840004041));
#2983 = CARTESIAN_POINT('',(5.279873117925,-34.76413976735));
#2984 = CARTESIAN_POINT('',(5.308326285811,-34.79911165383));
#2985 = CARTESIAN_POINT('',(5.337064103094,-34.83280164114));
#2986 = CARTESIAN_POINT('',(5.366120445001,-34.8646480941));
#2987 = CARTESIAN_POINT('',(5.395526044559,-34.89402732228));
#2988 = CARTESIAN_POINT('',(5.425308418922,-34.9202358868));
#2989 = CARTESIAN_POINT('',(5.473382337577,-34.95564846397));
#2990 = CARTESIAN_POINT('',(5.491419246495,-34.96743467955));
#2991 = CARTESIAN_POINT('',(5.509603108054,-34.97765582173));
#2992 = CARTESIAN_POINT('',(5.527934016559,-34.98612853523));
#2993 = CARTESIAN_POINT('',(5.546411384402,-34.99265749943));
#2994 = CARTESIAN_POINT('',(5.565033892285,-34.99703430056));
#2995 = CARTESIAN_POINT('',(5.608052309971,-35.00162372282));
#2996 = CARTESIAN_POINT('',(5.632582315682,-35.00024875911));
#2997 = CARTESIAN_POINT('',(5.657326959684,-34.99440049601));
#2998 = CARTESIAN_POINT('',(5.682228171137,-34.98358243657));
#2999 = CARTESIAN_POINT('',(5.707230976117,-34.96731398494));
#3000 = CARTESIAN_POINT('',(5.732282168466,-34.94513192766));
#3001 = CARTESIAN_POINT('',(5.774893231248,-34.89657803327));
#3002 = CARTESIAN_POINT('',(5.792441933201,-34.87345272046));
#3003 = CARTESIAN_POINT('',(5.8099288253,-34.84710272711));
#3004 = CARTESIAN_POINT('',(5.827309855998,-34.81744798881));
#3005 = CARTESIAN_POINT('',(5.844543008203,-34.78444356531));
#3006 = CARTESIAN_POINT('',(5.861588124057,-34.74808157961));
#3007 = CARTESIAN_POINT('',(5.899165139217,-34.65940761434));
#3008 = CARTESIAN_POINT('',(5.919549782894,-34.60542230236));
#3009 = CARTESIAN_POINT('',(5.939494703478,-34.54650983428));
#3010 = CARTESIAN_POINT('',(5.958935989901,-34.4828307604));
#3011 = CARTESIAN_POINT('',(5.977812510565,-34.41463845603));
#3012 = CARTESIAN_POINT('',(5.996066646608,-34.34228400924));
#3013 = CARTESIAN_POINT('',(6.02319065826,-34.22491647201));
#3014 = CARTESIAN_POINT('',(6.032541430793,-34.18249934311));
#3015 = CARTESIAN_POINT('',(6.041694241242,-34.13901536319));
#3016 = CARTESIAN_POINT('',(6.050646104216,-34.09451363914));
#3017 = CARTESIAN_POINT('',(6.059394150449,-34.04904674353));
#3018 = CARTESIAN_POINT('',(6.067935626802,-34.00267071463));
#3019 = CARTESIAN_POINT('',(6.097957870236,-33.8325105664));
#3020 = CARTESIAN_POINT('',(6.118207571052,-33.70394853394));
#3021 = CARTESIAN_POINT('',(6.137043961587,-33.57044912709));
#3022 = CARTESIAN_POINT('',(6.154489680244,-33.4326778331));
#3023 = CARTESIAN_POINT('',(6.170565280854,-33.29127463513));
#3024 = CARTESIAN_POINT('',(6.18529147256,-33.14685318902));
#3025 = CARTESIAN_POINT('',(6.198691359712,-33.));
#3026 = ( GEOMETRIC_REPRESENTATION_CONTEXT(2) 
PARAMETRIC_REPRESENTATION_CONTEXT() REPRESENTATION_CONTEXT('2D SPACE',''
  ) );
#3027 = ORIENTED_EDGE('',*,*,#3028,.F.);
#3028 = EDGE_CURVE('',#3029,#2758,#3031,.T.);
#3029 = VERTEX_POINT('',#3030);
#3030 = CARTESIAN_POINT('',(-28.26083325896,-5.448804109964,
    11.271599959587));
#3031 = SURFACE_CURVE('',#3032,(#3215,#3401),.PCURVE_S1.);
#3032 = B_SPLINE_CURVE_WITH_KNOTS('',7,(#3033,#3034,#3035,#3036,#3037,
    #3038,#3039,#3040,#3041,#3042,#3043,#3044,#3045,#3046,#3047,#3048,
    #3049,#3050,#3051,#3052,#3053,#3054,#3055,#3056,#3057,#3058,#3059,
    #3060,#3061,#3062,#3063,#3064,#3065,#3066,#3067,#3068,#3069,#3070,
    #3071,#3072,#3073,#3074,#3075,#3076,#3077,#3078,#3079,#3080,#3081,
    #3082,#3083,#3084,#3085,#3086,#3087,#3088,#3089,#3090,#3091,#3092,
    #3093,#3094,#3095,#3096,#3097,#3098,#3099,#3100,#3101,#3102,#3103,
    #3104,#3105,#3106,#3107,#3108,#3109,#3110,#3111,#3112,#3113,#3114,
    #3115,#3116,#3117,#3118,#3119,#3120,#3121,#3122,#3123,#3124,#3125,
    #3126,#3127,#3128,#3129,#3130,#3131,#3132,#3133,#3134,#3135,#3136,
    #3137,#3138,#3139,#3140,#3141,#3142,#3143,#3144,#3145,#3146,#3147,
    #3148,#3149,#3150,#3151,#3152,#3153,#3154,#3155,#3156,#3157,#3158,
    #3159,#3160,#3161,#3162,#3163,#3164,#3165,#3166,#3167,#3168,#3169,
    #3170,#3171,#3172,#3173,#3174,#3175,#3176,#3177,#3178,#3179,#3180,
    #3181,#3182,#3183,#3184,#3185,#3186,#3187,#3188,#3189,#3190,#3191,
    #3192,#3193,#3194,#3195,#3196,#3197,#3198,#3199,#3200,#3201,#3202,
    #3203,#3204,#3205,#3206,#3207,#3208,#3209,#3210,#3211,#3212,#3213,
    #3214),.UNSPECIFIED.,.T.,.F.,(8,6,6,6,6,6,6,6,6,6,6,6,6,6,6,6,6,6,6,
    6,6,6,6,6,6,6,6,6,6,6,8),(0.,8.50768582456E-02,0.103236056811,
    0.134550369802,0.163203835445,0.180258245473,0.199854367127,
    0.250112807658,0.300112044813,0.319795549157,0.336969931542,
    0.366013179803,0.396583200602,0.415138850398,0.437362947939,
    0.500035327726,0.546429061523,0.584939068787,0.603491238859,
    0.634055526893,0.663093328701,0.680264490391,0.699944303506,
    0.749934164353,0.800183179969,0.819775623202,0.836826828707,
    0.865474910365,0.896783340927,0.914939127434,1.),.UNSPECIFIED.);
#3033 = CARTESIAN_POINT('',(-28.35410196625,-4.,11.));
#3034 = CARTESIAN_POINT('',(-28.35410196625,-4.305378635976,11.));
#3035 = CARTESIAN_POINT('',(-28.34599326347,-4.611511553328,
    11.027200366406));
#3036 = CARTESIAN_POINT('',(-28.3296988394,-4.916089955784,
    11.081838217722));
#3037 = CARTESIAN_POINT('',(-28.30367091815,-5.216636502322,
    11.164103899354));
#3038 = CARTESIAN_POINT('',(-28.26476678123,-5.510323608225,
    11.273958451347));
#3039 = CARTESIAN_POINT('',(-28.20814788007,-5.793862832685,
    11.410969458207));
#3040 = CARTESIAN_POINT('',(-28.10898499654,-6.121076100138,
    11.608016758447));
#3041 = CARTESIAN_POINT('',(-28.09041762765,-6.17793779076,
    11.643795702679));
#3042 = CARTESIAN_POINT('',(-28.07067057186,-6.234029730983,
    11.680646498522));
#3043 = CARTESIAN_POINT('',(-28.04968794874,-6.289282984603,
    11.718517235306));
#3044 = CARTESIAN_POINT('',(-28.02741328416,-6.343634322058,
    11.757351027317));
#3045 = CARTESIAN_POINT('',(-28.00378975081,-6.397026160468,
    11.797086431451));
#3046 = CARTESIAN_POINT('',(-27.93559899627,-6.53973287221,
    11.907620564989));
#3047 = CARTESIAN_POINT('',(-27.88821252855,-6.627144895635,
    11.980141891462));
#3048 = CARTESIAN_POINT('',(-27.83640933561,-6.711121367014,
    12.05470571636));
#3049 = CARTESIAN_POINT('',(-27.78004513151,-6.791270840659,
    12.13074355658));
#3050 = CARTESIAN_POINT('',(-27.71903813834,-6.867316902617,
    12.207652831083));
#3051 = CARTESIAN_POINT('',(-27.65338421036,-6.939083441153,
    12.284815118161));
#3052 = CARTESIAN_POINT('',(-27.51892579848,-7.068149563704,
    12.431887899074));
#3053 = CARTESIAN_POINT('',(-27.45097945898,-7.126049066666,
    12.501730307753));
#3054 = CARTESIAN_POINT('',(-27.37941801239,-7.180137992605,
    12.570678568354));
#3055 = CARTESIAN_POINT('',(-27.30439807394,-7.230429896369,
    12.63826952431));
#3056 = CARTESIAN_POINT('',(-27.22615141161,-7.276985466641,
    12.70405630962));
#3057 = CARTESIAN_POINT('',(-27.14498855619,-7.319905671414,
    12.767624725585));
#3058 = CARTESIAN_POINT('',(-27.01149280573,-7.382787047793,
    12.86490754278));
#3059 = CARTESIAN_POINT('',(-26.96076785665,-7.405018918898,
    12.900305790589));
#3060 = CARTESIAN_POINT('',(-26.90917427358,-7.426063012419,
    12.934751127299));
#3061 = CARTESIAN_POINT('',(-26.85676332103,-7.445961723009,
    12.96819384154));
#3062 = CARTESIAN_POINT('',(-26.80359084859,-7.464757135387,
    13.000588108517));
#3063 = CARTESIAN_POINT('',(-26.74971732067,-7.482490815404,
    13.031892354267));
#3064 = CARTESIAN_POINT('',(-26.63257452843,-7.518407184285,
    13.096744367847));
#3065 = CARTESIAN_POINT('',(-26.56909813337,-7.536263967097,
    13.129933038651));
#3066 = CARTESIAN_POINT('',(-26.50484219244,-7.5528463678,
    13.161598868265));
#3067 = CARTESIAN_POINT('',(-26.43987194613,-7.568222166592,
    13.191709913301));
#3068 = CARTESIAN_POINT('',(-26.37425434424,-7.582454505607,
    13.220239051048));
#3069 = CARTESIAN_POINT('',(-26.30805804589,-7.595601888913,
    13.247163979473));
#3070 = CARTESIAN_POINT('',(-26.0702751544,-7.638793005986,
    13.337362776243));
#3071 = CARTESIAN_POINT('',(-25.8959221935,-7.663073183041,
    13.391564730514));
#3072 = CARTESIAN_POINT('',(-25.71906402124,-7.681554711129,
    13.434953617586));
#3073 = CARTESIAN_POINT('',(-25.54040414189,-7.694948268769,
    13.467489632051));
#3074 = CARTESIAN_POINT('',(-25.36059593379,-7.70371780777,
    13.48916893479));
#3075 = CARTESIAN_POINT('',(-25.18025956922,-7.708099243548,13.5));
#3076 = CARTESIAN_POINT('',(-24.82067010325,-7.708099243548,13.5));
#3077 = CARTESIAN_POINT('',(-24.64126565991,-7.703762885591,
    13.489280364122));
#3078 = CARTESIAN_POINT('',(-24.46238163058,-7.695083728945,
    13.467824511546));
#3079 = CARTESIAN_POINT('',(-24.28462776091,-7.681830686756,
    13.435624105528));
#3080 = CARTESIAN_POINT('',(-24.10864623012,-7.663549210994,
    13.392682581685));
#3081 = CARTESIAN_POINT('',(-23.93512827641,-7.639543135832,
    13.33903811654));
#3082 = CARTESIAN_POINT('',(-23.69778736027,-7.596748978485,
    13.249519401923));
#3083 = CARTESIAN_POINT('',(-23.63125399378,-7.583624225087,
    13.222595762515));
#3084 = CARTESIAN_POINT('',(-23.56530068785,-7.569408558666,
    13.194052502223));
#3085 = CARTESIAN_POINT('',(-23.49999674157,-7.554042872392,
    13.163911878512));
#3086 = CARTESIAN_POINT('',(-23.43540976514,-7.537463313179,
    13.13220102218));
#3087 = CARTESIAN_POINT('',(-23.3716056799,-7.519601281689,
    13.098951937362));
#3088 = CARTESIAN_POINT('',(-23.25371709063,-7.483615346328,
    13.033880819664));
#3089 = CARTESIAN_POINT('',(-23.19942758675,-7.465814209308,
    13.002415656982));
#3090 = CARTESIAN_POINT('',(-23.14584664995,-7.4469383154,
    12.969843486035));
#3091 = CARTESIAN_POINT('',(-23.09303597642,-7.426945189181,
    12.936206518919));
#3092 = CARTESIAN_POINT('',(-23.04105254562,-7.405791800267,
    12.901551333835));
#3093 = CARTESIAN_POINT('',(-22.98994865056,-7.383434777906,
    12.865928501645));
#3094 = CARTESIAN_POINT('',(-22.85491909471,-7.319914124322,
    12.767606437894));
#3095 = CARTESIAN_POINT('',(-22.77265051178,-7.276399535901,
    12.703159367486));
#3096 = CARTESIAN_POINT('',(-22.69338243961,-7.229150137393,
    12.636435908082));
#3097 = CARTESIAN_POINT('',(-22.61743767543,-7.178060533243,
    12.567867539965));
#3098 = CARTESIAN_POINT('',(-22.54505358953,-7.123066856879,
    12.497918443728));
#3099 = CARTESIAN_POINT('',(-22.47639016153,-7.06415697234,
    12.427071627166));
#3100 = CARTESIAN_POINT('',(-22.34327666349,-6.935304296609,
    12.280812595137));
#3101 = CARTESIAN_POINT('',(-22.2793650244,-6.865067406655,
    12.205496122989));
#3102 = CARTESIAN_POINT('',(-22.21988202835,-6.790758000325,
    12.130439252695));
#3103 = CARTESIAN_POINT('',(-22.16482269814,-6.712542373278,
    12.05621727207));
#3104 = CARTESIAN_POINT('',(-22.11411157406,-6.630678193377,
    11.983390917125));
#3105 = CARTESIAN_POINT('',(-22.06761613775,-6.545527571519,
    11.91249014943));
#3106 = CARTESIAN_POINT('',(-21.99938999367,-6.404180982138,
    11.802423948881));
#3107 = CARTESIAN_POINT('',(-21.97509392961,-6.349728414237,
    11.761714512626));
#3108 = CARTESIAN_POINT('',(-21.95221153519,-6.294267641899,
    11.721940331766));
#3109 = CARTESIAN_POINT('',(-21.93068235402,-6.237860035752,
    11.683167622142));
#3110 = CARTESIAN_POINT('',(-21.91044625438,-6.180573192901,
    11.645457632965));
#3111 = CARTESIAN_POINT('',(-21.89144370159,-6.12248100591,
    11.608866171419));
#3112 = CARTESIAN_POINT('',(-21.8522638327,-5.993218295951,
    11.531016955334));
#3113 = CARTESIAN_POINT('',(-21.83259515449,-5.921726677785,
    11.490263228073));
#3114 = CARTESIAN_POINT('',(-21.81449311141,-5.849271398166,
    11.451234930474));
#3115 = CARTESIAN_POINT('',(-21.79784863789,-5.775937182578,
    11.413977235934));
#3116 = CARTESIAN_POINT('',(-21.78256032375,-5.701810903795,
    11.378527819443));
#3117 = CARTESIAN_POINT('',(-21.76853425063,-5.626981524543,
    11.344917170765));
#3118 = CARTESIAN_POINT('',(-21.71944539286,-5.338793612509,
    11.22363819882));
#3119 = CARTESIAN_POINT('',(-21.69257036656,-5.121262879061,
    11.148953595484));
#3120 = CARTESIAN_POINT('',(-21.67296810291,-4.90018974903,
    11.089280183776));
#3121 = CARTESIAN_POINT('',(-21.65919582834,-4.676637461088,
    11.044603986883));
#3122 = CARTESIAN_POINT('',(-21.65032868424,-4.451534314787,
    11.014860006179));
#3123 = CARTESIAN_POINT('',(-21.64589803375,-4.225720782229,11.));
#3124 = CARTESIAN_POINT('',(-21.64589803375,-3.832908373377,11.));
#3125 = CARTESIAN_POINT('',(-21.64832588519,-3.66580104591,
    11.008143187597));
#3126 = CARTESIAN_POINT('',(-21.65318234732,-3.498992787033,
    11.024432491329));
#3127 = CARTESIAN_POINT('',(-21.66060767931,-3.332804992826,
    11.048882684084));
#3128 = CARTESIAN_POINT('',(-21.67088065295,-3.167578840241,
    11.08151862938));
#3129 = CARTESIAN_POINT('',(-21.68442938585,-3.003688160297,
    11.122364427686));
#3130 = CARTESIAN_POINT('',(-21.71631762538,-2.706967830226,
    11.212145854445));
#3131 = CARTESIAN_POINT('',(-21.73346315558,-2.57348729239,
    11.258559078825));
#3132 = CARTESIAN_POINT('',(-21.75362541876,-2.44150017663,
    11.310636622762));
#3133 = CARTESIAN_POINT('',(-21.77720808439,-2.311399083231,
    11.368308079087));
#3134 = CARTESIAN_POINT('',(-21.80468588363,-2.183577473672,
    11.431456792246));
#3135 = CARTESIAN_POINT('',(-21.83660991502,-2.058427303637,
    11.499913093722));
#3136 = CARTESIAN_POINT('',(-21.89144370159,-1.87751899409,
    11.608866171419));
#3137 = CARTESIAN_POINT('',(-21.91044625438,-1.819426807099,
    11.645457632965));
#3138 = CARTESIAN_POINT('',(-21.93068235402,-1.762139964248,
    11.683167622142));
#3139 = CARTESIAN_POINT('',(-21.95221153519,-1.705732358101,
    11.721940331766));
#3140 = CARTESIAN_POINT('',(-21.97509392961,-1.650271585763,
    11.761714512626));
#3141 = CARTESIAN_POINT('',(-21.99938999367,-1.595819017862,
    11.802423948881));
#3142 = CARTESIAN_POINT('',(-22.06761613775,-1.454472428481,
    11.91249014943));
#3143 = CARTESIAN_POINT('',(-22.11411157406,-1.369321806623,
    11.983390917125));
#3144 = CARTESIAN_POINT('',(-22.16482269814,-1.287457626722,
    12.05621727207));
#3145 = CARTESIAN_POINT('',(-22.21988202835,-1.209241999675,
    12.130439252695));
#3146 = CARTESIAN_POINT('',(-22.2793650244,-1.134932593345,
    12.205496122989));
#3147 = CARTESIAN_POINT('',(-22.34327666349,-1.064695703391,
    12.280812595137));
#3148 = CARTESIAN_POINT('',(-22.47639016153,-0.93584302766,
    12.427071627166));
#3149 = CARTESIAN_POINT('',(-22.54505358953,-0.876933143121,
    12.497918443728));
#3150 = CARTESIAN_POINT('',(-22.61743767543,-0.821939466757,
    12.567867539965));
#3151 = CARTESIAN_POINT('',(-22.69338243961,-0.770849862607,
    12.636435908082));
#3152 = CARTESIAN_POINT('',(-22.77265051178,-0.723600464099,
    12.703159367486));
#3153 = CARTESIAN_POINT('',(-22.85491909471,-0.680085875678,
    12.767606437894));
#3154 = CARTESIAN_POINT('',(-22.98994865056,-0.616565222094,
    12.865928501645));
#3155 = CARTESIAN_POINT('',(-23.04105254562,-0.594208199733,
    12.901551333835));
#3156 = CARTESIAN_POINT('',(-23.09303597642,-0.573054810819,
    12.936206518919));
#3157 = CARTESIAN_POINT('',(-23.14584664995,-0.5530616846,
    12.969843486035));
#3158 = CARTESIAN_POINT('',(-23.19942758675,-0.534185790692,
    13.002415656982));
#3159 = CARTESIAN_POINT('',(-23.25371709063,-0.516384653672,
    13.033880819664));
#3160 = CARTESIAN_POINT('',(-23.3716056799,-0.480398718311,
    13.098951937362));
#3161 = CARTESIAN_POINT('',(-23.43540976514,-0.462536686821,
    13.13220102218));
#3162 = CARTESIAN_POINT('',(-23.49999674157,-0.445957127608,
    13.163911878512));
#3163 = CARTESIAN_POINT('',(-23.56530068785,-0.430591441334,
    13.194052502223));
#3164 = CARTESIAN_POINT('',(-23.63125399378,-0.416375774913,
    13.222595762515));
#3165 = CARTESIAN_POINT('',(-23.69778736027,-0.403251021515,
    13.249519401923));
#3166 = CARTESIAN_POINT('',(-23.93512827641,-0.360456864168,
    13.33903811654));
#3167 = CARTESIAN_POINT('',(-24.10864623012,-0.336450789006,
    13.392682581685));
#3168 = CARTESIAN_POINT('',(-24.28462776091,-0.318169313244,
    13.435624105528));
#3169 = CARTESIAN_POINT('',(-24.46238163058,-0.304916271055,
    13.467824511546));
#3170 = CARTESIAN_POINT('',(-24.64126565991,-0.296237114409,
    13.489280364122));
#3171 = CARTESIAN_POINT('',(-24.82067010325,-0.291900756452,13.5));
#3172 = CARTESIAN_POINT('',(-25.18025956922,-0.291900756452,13.5));
#3173 = CARTESIAN_POINT('',(-25.36059593379,-0.29628219223,
    13.48916893479));
#3174 = CARTESIAN_POINT('',(-25.54040414189,-0.305051731231,
    13.467489632051));
#3175 = CARTESIAN_POINT('',(-25.71906402124,-0.318445288871,
    13.434953617586));
#3176 = CARTESIAN_POINT('',(-25.8959221935,-0.336926816959,
    13.391564730514));
#3177 = CARTESIAN_POINT('',(-26.0702751544,-0.361206994014,
    13.337362776243));
#3178 = CARTESIAN_POINT('',(-26.30805803371,-0.404398108874,
    13.247163984095));
#3179 = CARTESIAN_POINT('',(-26.37425434273,-0.417545494764,
    13.220239050715));
#3180 = CARTESIAN_POINT('',(-26.43987195567,-0.431777836008,
    13.191709908462));
#3181 = CARTESIAN_POINT('',(-26.50484220214,-0.447153634239,
    13.161598864189));
#3182 = CARTESIAN_POINT('',(-26.56909813224,-0.46373603187,
    13.129933040228));
#3183 = CARTESIAN_POINT('',(-26.63257451663,-0.481592812098,
    13.096744374378));
#3184 = CARTESIAN_POINT('',(-26.74971732067,-0.517509184596,
    13.031892354266));
#3185 = CARTESIAN_POINT('',(-26.80359084859,-0.535242864613,
    13.000588108516));
#3186 = CARTESIAN_POINT('',(-26.85676332103,-0.554038276991,
    12.96819384154));
#3187 = CARTESIAN_POINT('',(-26.90917427358,-0.57393698758,12.9347511273
    ));
#3188 = CARTESIAN_POINT('',(-26.96076785665,-0.594981081102,
    12.900305790589));
#3189 = CARTESIAN_POINT('',(-27.01149280573,-0.617212952208,
    12.864907542779));
#3190 = CARTESIAN_POINT('',(-27.14498855619,-0.680094328586,
    12.767624725585));
#3191 = CARTESIAN_POINT('',(-27.22615141161,-0.723014533359,
    12.70405630962));
#3192 = CARTESIAN_POINT('',(-27.30439807394,-0.769570103631,
    12.63826952431));
#3193 = CARTESIAN_POINT('',(-27.37941801239,-0.819862007395,
    12.570678568354));
#3194 = CARTESIAN_POINT('',(-27.45097945898,-0.873950933334,
    12.501730307753));
#3195 = CARTESIAN_POINT('',(-27.51892579848,-0.931850436296,
    12.431887899074));
#3196 = CARTESIAN_POINT('',(-27.65338421379,-1.060916562137,
    12.284815114412));
#3197 = CARTESIAN_POINT('',(-27.71903813571,-1.132683093475,
    12.207652834626));
#3198 = CARTESIAN_POINT('',(-27.78004512879,-1.208729156588,
    12.130743559639));
#3199 = CARTESIAN_POINT('',(-27.83640933724,-1.288878636317,
    12.054705713743));
#3200 = CARTESIAN_POINT('',(-27.88821253138,-1.372855108119,
    11.980141887865));
#3201 = CARTESIAN_POINT('',(-27.93559899429,-1.460267123646,
    11.907620568199));
#3202 = CARTESIAN_POINT('',(-28.00378975081,-1.602973839535,
    11.797086431449));
#3203 = CARTESIAN_POINT('',(-28.02741328416,-1.656365677942,
    11.757351027317));
#3204 = CARTESIAN_POINT('',(-28.04968794874,-1.710717015395,
    11.718517235307));
#3205 = CARTESIAN_POINT('',(-28.07067057186,-1.765970269015,
    11.680646498523));
#3206 = CARTESIAN_POINT('',(-28.09041762765,-1.82206220924,
    11.643795702679));
#3207 = CARTESIAN_POINT('',(-28.10898499654,-1.878923899865,
    11.608016758446));
#3208 = CARTESIAN_POINT('',(-28.20814788007,-2.206137167315,
    11.410969458207));
#3209 = CARTESIAN_POINT('',(-28.26476678123,-2.489676391774,
    11.273958451347));
#3210 = CARTESIAN_POINT('',(-28.30367091815,-2.78336349768,
    11.164103899354));
#3211 = CARTESIAN_POINT('',(-28.3296988394,-3.083910044214,
    11.081838217722));
#3212 = CARTESIAN_POINT('',(-28.34599326347,-3.388488446673,
    11.027200366406));
#3213 = CARTESIAN_POINT('',(-28.35410196625,-3.694621364024,11.));
#3214 = CARTESIAN_POINT('',(-28.35410196625,-4.,11.));
#3215 = PCURVE('',#1214,#3216);
#3216 = DEFINITIONAL_REPRESENTATION('',(#3217),#3400);
#3217 = B_SPLINE_CURVE_WITH_KNOTS('',7,(#3218,#3219,#3220,#3221,#3222,
    #3223,#3224,#3225,#3226,#3227,#3228,#3229,#3230,#3231,#3232,#3233,
    #3234,#3235,#3236,#3237,#3238,#3239,#3240,#3241,#3242,#3243,#3244,
    #3245,#3246,#3247,#3248,#3249,#3250,#3251,#3252,#3253,#3254,#3255,
    #3256,#3257,#3258,#3259,#3260,#3261,#3262,#3263,#3264,#3265,#3266,
    #3267,#3268,#3269,#3270,#3271,#3272,#3273,#3274,#3275,#3276,#3277,
    #3278,#3279,#3280,#3281,#3282,#3283,#3284,#3285,#3286,#3287,#3288,
    #3289,#3290,#3291,#3292,#3293,#3294,#3295,#3296,#3297,#3298,#3299,
    #3300,#3301,#3302,#3303,#3304,#3305,#3306,#3307,#3308,#3309,#3310,
    #3311,#3312,#3313,#3314,#3315,#3316,#3317,#3318,#3319,#3320,#3321,
    #3322,#3323,#3324,#3325,#3326,#3327,#3328,#3329,#3330,#3331,#3332,
    #3333,#3334,#3335,#3336,#3337,#3338,#3339,#3340,#3341,#3342,#3343,
    #3344,#3345,#3346,#3347,#3348,#3349,#3350,#3351,#3352,#3353,#3354,
    #3355,#3356,#3357,#3358,#3359,#3360,#3361,#3362,#3363,#3364,#3365,
    #3366,#3367,#3368,#3369,#3370,#3371,#3372,#3373,#3374,#3375,#3376,
    #3377,#3378,#3379,#3380,#3381,#3382,#3383,#3384,#3385,#3386,#3387,
    #3388,#3389,#3390,#3391,#3392,#3393,#3394,#3395,#3396,#3397,#3398,
    #3399),.UNSPECIFIED.,.T.,.F.,(8,6,6,6,6,6,6,6,6,6,6,6,6,6,6,6,6,6,6,
    6,6,6,6,6,6,6,6,6,6,6,8),(0.,8.50768582456E-02,0.103236056811,
    0.134550369802,0.163203835445,0.180258245473,0.199854367127,
    0.250112807658,0.300112044813,0.319795549157,0.336969931542,
    0.366013179803,0.396583200602,0.415138850398,0.437362947939,
    0.500035327726,0.546429061523,0.584939068787,0.603491238859,
    0.634055526893,0.663093328701,0.680264490391,0.699944303506,
    0.749934164353,0.800183179969,0.819775623202,0.836826828707,
    0.865474910365,0.896783340927,0.914939127434,1.),.UNSPECIFIED.);
#3218 = CARTESIAN_POINT('',(-4.712388980385,-22.64589803375));
#3219 = CARTESIAN_POINT('',(-4.636044321391,-22.64589803375));
#3220 = CARTESIAN_POINT('',(-4.559510933247,-22.65400673652));
#3221 = CARTESIAN_POINT('',(-4.482640341613,-22.67030116059));
#3222 = CARTESIAN_POINT('',(-4.405305156202,-22.69632908184));
#3223 = CARTESIAN_POINT('',(-4.327443114412,-22.73523321876));
#3224 = CARTESIAN_POINT('',(-4.249048654806,-22.79185211992));
#3225 = CARTESIAN_POINT('',(-4.153557764884,-22.89101500345));
#3226 = CARTESIAN_POINT('',(-4.136765559731,-22.90958237234));
#3227 = CARTESIAN_POINT('',(-4.119992227445,-22.92932942813));
#3228 = CARTESIAN_POINT('',(-4.103251512153,-22.95031205125));
#3229 = CARTESIAN_POINT('',(-4.086556763075,-22.97258671583));
#3230 = CARTESIAN_POINT('',(-4.069921048008,-22.99621024918));
#3231 = CARTESIAN_POINT('',(-4.02479414344,-23.06440100372));
#3232 = CARTESIAN_POINT('',(-3.996415495402,-23.11178747144));
#3233 = CARTESIAN_POINT('',(-3.968364668192,-23.16359066438));
#3234 = CARTESIAN_POINT('',(-3.940770969166,-23.21995486848));
#3235 = CARTESIAN_POINT('',(-3.913752485037,-23.28096186165));
#3236 = CARTESIAN_POINT('',(-3.887418899382,-23.34661578963));
#3237 = CARTESIAN_POINT('',(-3.838500301899,-23.48107420151));
#3238 = CARTESIAN_POINT('',(-3.815829075895,-23.54902054101));
#3239 = CARTESIAN_POINT('',(-3.793933121714,-23.6205819876));
#3240 = CARTESIAN_POINT('',(-3.772882420627,-23.69560192605));
#3241 = CARTESIAN_POINT('',(-3.752742193884,-23.77384858838));
#3242 = CARTESIAN_POINT('',(-3.733570650995,-23.8550114438));
#3243 = CARTESIAN_POINT('',(-3.704611613096,-23.98850719426));
#3244 = CARTESIAN_POINT('',(-3.69416234534,-24.03923214334));
#3245 = CARTESIAN_POINT('',(-3.684072283351,-24.09082572641));
#3246 = CARTESIAN_POINT('',(-3.674344662037,-24.14323667896));
#3247 = CARTESIAN_POINT('',(-3.664982468515,-24.19640915141));
#3248 = CARTESIAN_POINT('',(-3.655988308013,-24.25028267932));
#3249 = CARTESIAN_POINT('',(-3.637454944147,-24.36742547156));
#3250 = CARTESIAN_POINT('',(-3.628033671558,-24.43090186663));
#3251 = CARTESIAN_POINT('',(-3.619098321258,-24.49515780755));
#3252 = CARTESIAN_POINT('',(-3.610646728912,-24.56012805386));
#3253 = CARTESIAN_POINT('',(-3.602676696603,-24.62574565575));
#3254 = CARTESIAN_POINT('',(-3.595185992826,-24.6919419541));
#3255 = CARTESIAN_POINT('',(-3.570184373462,-24.92972484559));
#3256 = CARTESIAN_POINT('',(-3.555341207214,-25.10407780649));
#3257 = CARTESIAN_POINT('',(-3.543552918178,-25.28093597875));
#3258 = CARTESIAN_POINT('',(-3.534756755161,-25.4595958581));
#3259 = CARTESIAN_POINT('',(-3.528910378698,-25.6394040662));
#3260 = CARTESIAN_POINT('',(-3.525989428085,-25.81974043077));
#3261 = CARTESIAN_POINT('',(-3.525989428085,-26.17932989674));
#3262 = CARTESIAN_POINT('',(-3.528880327242,-26.35873434008));
#3263 = CARTESIAN_POINT('',(-3.534666447585,-26.53761836941));
#3264 = CARTESIAN_POINT('',(-3.543371654262,-26.71537223908));
#3265 = CARTESIAN_POINT('',(-3.555037509103,-26.89135376988));
#3266 = CARTESIAN_POINT('',(-3.569725617831,-27.06487172358));
#3267 = CARTESIAN_POINT('',(-3.5945310358,-27.30221263972));
#3268 = CARTESIAN_POINT('',(-3.602018971353,-27.36874600621));
#3269 = CARTESIAN_POINT('',(-3.609990304054,-27.43469931214));
#3270 = CARTESIAN_POINT('',(-3.61844733148,-27.50000325842));
#3271 = CARTESIAN_POINT('',(-3.627392322338,-27.56459023485));
#3272 = CARTESIAN_POINT('',(-3.636827516465,-27.62839432009));
#3273 = CARTESIAN_POINT('',(-3.655417227837,-27.74628290936));
#3274 = CARTESIAN_POINT('',(-3.664454699689,-27.80057241324));
#3275 = CARTESIAN_POINT('',(-3.673865449557,-27.85415335005));
#3276 = CARTESIAN_POINT('',(-3.683646857299,-27.90696402358));
#3277 = CARTESIAN_POINT('',(-3.693795911888,-27.95894745437));
#3278 = CARTESIAN_POINT('',(-3.704309349832,-28.01005134943));
#3279 = CARTESIAN_POINT('',(-3.733573343975,-28.14508090528));
#3280 = CARTESIAN_POINT('',(-3.753009949318,-28.22734948821));
#3281 = CARTESIAN_POINT('',(-3.773441168248,-28.30661756038));
#3282 = CARTESIAN_POINT('',(-3.794806436532,-28.38256232456));
#3283 = CARTESIAN_POINT('',(-3.817038297942,-28.45494641046));
#3284 = CARTESIAN_POINT('',(-3.840063635121,-28.52360983846));
#3285 = CARTESIAN_POINT('',(-3.88879421875,-28.6567233365));
#3286 = CARTESIAN_POINT('',(-3.914530161505,-28.72063497559));
#3287 = CARTESIAN_POINT('',(-3.940915513352,-28.78011797164));
#3288 = CARTESIAN_POINT('',(-3.967847884441,-28.83517730186));
#3289 = CARTESIAN_POINT('',(-3.995217213627,-28.88588842593));
#3290 = CARTESIAN_POINT('',(-4.022903271663,-28.93238386224));
#3291 = CARTESIAN_POINT('',(-4.067689867616,-29.00061000632));
#3292 = CARTESIAN_POINT('',(-4.084683538794,-29.02490607038));
#3293 = CARTESIAN_POINT('',(-4.101740327301,-29.0477884648));
#3294 = CARTESIAN_POINT('',(-4.118846196021,-29.06931764597));
#3295 = CARTESIAN_POINT('',(-4.135986794837,-29.08955374561));
#3296 = CARTESIAN_POINT('',(-4.153147334132,-29.1085562984));
#3297 = CARTESIAN_POINT('',(-4.190871123568,-29.14773616729));
#3298 = CARTESIAN_POINT('',(-4.211438127825,-29.1674048455));
#3299 = CARTESIAN_POINT('',(-4.232003161228,-29.18550688858));
#3300 = CARTESIAN_POINT('',(-4.252556490623,-29.2021513621));
#3301 = CARTESIAN_POINT('',(-4.273088748481,-29.21743967624));
#3302 = CARTESIAN_POINT('',(-4.293590721854,-29.23146574936));
#3303 = CARTESIAN_POINT('',(-4.371757555325,-29.28055460714));
#3304 = CARTESIAN_POINT('',(-4.429124678702,-29.30742963343));
#3305 = CARTESIAN_POINT('',(-4.486166619018,-29.32703189708));
#3306 = CARTESIAN_POINT('',(-4.542935888577,-29.34080417165));
#3307 = CARTESIAN_POINT('',(-4.599505497846,-29.34967131575));
#3308 = CARTESIAN_POINT('',(-4.655958784827,-29.35410196625));
#3309 = CARTESIAN_POINT('',(-4.75416188704,-29.35410196625));
#3310 = CARTESIAN_POINT('',(-4.795938709448,-29.3516741148));
#3311 = CARTESIAN_POINT('',(-4.83775986463,-29.34681765267));
#3312 = CARTESIAN_POINT('',(-4.879664046132,-29.33939232068));
#3313 = CARTESIAN_POINT('',(-4.921687379517,-29.32911934704));
#3314 = CARTESIAN_POINT('',(-4.96386148008,-29.31557061414));
#3315 = CARTESIAN_POINT('',(-5.041362955416,-29.28368237461));
#3316 = CARTESIAN_POINT('',(-5.076663434871,-29.26653684441));
#3317 = CARTESIAN_POINT('',(-5.112087646023,-29.24637458123));
#3318 = CARTESIAN_POINT('',(-5.147610117551,-29.2227919156));
#3319 = CARTESIAN_POINT('',(-5.183203125087,-29.19531411636));
#3320 = CARTESIAN_POINT('',(-5.218834681243,-29.16339008497));
#3321 = CARTESIAN_POINT('',(-5.271630626638,-29.1085562984));
#3322 = CARTESIAN_POINT('',(-5.288791165932,-29.08955374561));
#3323 = CARTESIAN_POINT('',(-5.305931764749,-29.06931764597));
#3324 = CARTESIAN_POINT('',(-5.323037633468,-29.0477884648));
#3325 = CARTESIAN_POINT('',(-5.340094421976,-29.02490607038));
#3326 = CARTESIAN_POINT('',(-5.357088093153,-29.00061000632));
#3327 = CARTESIAN_POINT('',(-5.401874689106,-28.93238386224));
#3328 = CARTESIAN_POINT('',(-5.429560747143,-28.88588842593));
#3329 = CARTESIAN_POINT('',(-5.456930076328,-28.83517730186));
#3330 = CARTESIAN_POINT('',(-5.483862447417,-28.78011797164));
#3331 = CARTESIAN_POINT('',(-5.510247799264,-28.72063497559));
#3332 = CARTESIAN_POINT('',(-5.535983742019,-28.6567233365));
#3333 = CARTESIAN_POINT('',(-5.584714325648,-28.52360983846));
#3334 = CARTESIAN_POINT('',(-5.607739662828,-28.45494641046));
#3335 = CARTESIAN_POINT('',(-5.629971524237,-28.38256232456));
#3336 = CARTESIAN_POINT('',(-5.651336792521,-28.30661756038));
#3337 = CARTESIAN_POINT('',(-5.671768011452,-28.22734948821));
#3338 = CARTESIAN_POINT('',(-5.691204616794,-28.14508090528));
#3339 = CARTESIAN_POINT('',(-5.720468610938,-28.01005134943));
#3340 = CARTESIAN_POINT('',(-5.730982048881,-27.95894745437));
#3341 = CARTESIAN_POINT('',(-5.74113110347,-27.90696402358));
#3342 = CARTESIAN_POINT('',(-5.750912511213,-27.85415335005));
#3343 = CARTESIAN_POINT('',(-5.76032326108,-27.80057241324));
#3344 = CARTESIAN_POINT('',(-5.769360732932,-27.74628290936));
#3345 = CARTESIAN_POINT('',(-5.787950444304,-27.62839432009));
#3346 = CARTESIAN_POINT('',(-5.797385638431,-27.56459023485));
#3347 = CARTESIAN_POINT('',(-5.806330629289,-27.50000325842));
#3348 = CARTESIAN_POINT('',(-5.814787656715,-27.43469931214));
#3349 = CARTESIAN_POINT('',(-5.822758989416,-27.36874600621));
#3350 = CARTESIAN_POINT('',(-5.83024692497,-27.30221263972));
#3351 = CARTESIAN_POINT('',(-5.855052342939,-27.06487172358));
#3352 = CARTESIAN_POINT('',(-5.869740451667,-26.89135376988));
#3353 = CARTESIAN_POINT('',(-5.881406306507,-26.71537223908));
#3354 = CARTESIAN_POINT('',(-5.890111513185,-26.53761836941));
#3355 = CARTESIAN_POINT('',(-5.895897633527,-26.35873434008));
#3356 = CARTESIAN_POINT('',(-5.898788532684,-26.17932989674));
#3357 = CARTESIAN_POINT('',(-5.898788532684,-25.81974043077));
#3358 = CARTESIAN_POINT('',(-5.895867582071,-25.6394040662));
#3359 = CARTESIAN_POINT('',(-5.890021205609,-25.4595958581));
#3360 = CARTESIAN_POINT('',(-5.881225042591,-25.28093597875));
#3361 = CARTESIAN_POINT('',(-5.869436753555,-25.10407780649));
#3362 = CARTESIAN_POINT('',(-5.854593587307,-24.92972484559));
#3363 = CARTESIAN_POINT('',(-5.829591969225,-24.69194196629));
#3364 = CARTESIAN_POINT('',(-5.82210126405,-24.62574565727));
#3365 = CARTESIAN_POINT('',(-5.814131230483,-24.56012804432));
#3366 = CARTESIAN_POINT('',(-5.805679638372,-24.49515779785));
#3367 = CARTESIAN_POINT('',(-5.796744289681,-24.43090186775));
#3368 = CARTESIAN_POINT('',(-5.787323018489,-24.36742548336));
#3369 = CARTESIAN_POINT('',(-5.768789652756,-24.25028267932));
#3370 = CARTESIAN_POINT('',(-5.759795492255,-24.1964091514));
#3371 = CARTESIAN_POINT('',(-5.750433298733,-24.14323667896));
#3372 = CARTESIAN_POINT('',(-5.740705677419,-24.09082572642));
#3373 = CARTESIAN_POINT('',(-5.730615615429,-24.03923214334));
#3374 = CARTESIAN_POINT('',(-5.720166347673,-23.98850719426));
#3375 = CARTESIAN_POINT('',(-5.691207309774,-23.8550114438));
#3376 = CARTESIAN_POINT('',(-5.672035766885,-23.77384858838));
#3377 = CARTESIAN_POINT('',(-5.651895540143,-23.69560192605));
#3378 = CARTESIAN_POINT('',(-5.630844839056,-23.6205819876));
#3379 = CARTESIAN_POINT('',(-5.608948884874,-23.54902054101));
#3380 = CARTESIAN_POINT('',(-5.58627765887,-23.48107420151));
#3381 = CARTESIAN_POINT('',(-5.53735906014,-23.3466157862));
#3382 = CARTESIAN_POINT('',(-5.511025477056,-23.28096186429));
#3383 = CARTESIAN_POINT('',(-5.484006992633,-23.2199548712));
#3384 = CARTESIAN_POINT('',(-5.456413291519,-23.16359066275));
#3385 = CARTESIAN_POINT('',(-5.428362464063,-23.11178746861));
#3386 = CARTESIAN_POINT('',(-5.39998381864,-23.0644010057));
#3387 = CARTESIAN_POINT('',(-5.354856912761,-22.99621024918));
#3388 = CARTESIAN_POINT('',(-5.338221197694,-22.97258671583));
#3389 = CARTESIAN_POINT('',(-5.321526448617,-22.95031205125));
#3390 = CARTESIAN_POINT('',(-5.304785733325,-22.92932942813));
#3391 = CARTESIAN_POINT('',(-5.288012401038,-22.90958237234));
#3392 = CARTESIAN_POINT('',(-5.271220195885,-22.89101500345));
#3393 = CARTESIAN_POINT('',(-5.175729305964,-22.79185211992));
#3394 = CARTESIAN_POINT('',(-5.097334846357,-22.73523321876));
#3395 = CARTESIAN_POINT('',(-5.019472804567,-22.69632908184));
#3396 = CARTESIAN_POINT('',(-4.942137619157,-22.67030116059));
#3397 = CARTESIAN_POINT('',(-4.865267027523,-22.65400673652));
#3398 = CARTESIAN_POINT('',(-4.788733639379,-22.64589803375));
#3399 = CARTESIAN_POINT('',(-4.712388980385,-22.64589803375));
#3400 = ( GEOMETRIC_REPRESENTATION_CONTEXT(2) 
PARAMETRIC_REPRESENTATION_CONTEXT() REPRESENTATION_CONTEXT('2D SPACE',''
  ) );
#3401 = PCURVE('',#1304,#3402);
#3402 = DEFINITIONAL_REPRESENTATION('',(#3403),#3586);
#3403 = B_SPLINE_CURVE_WITH_KNOTS('',7,(#3404,#3405,#3406,#3407,#3408,
    #3409,#3410,#3411,#3412,#3413,#3414,#3415,#3416,#3417,#3418,#3419,
    #3420,#3421,#3422,#3423,#3424,#3425,#3426,#3427,#3428,#3429,#3430,
    #3431,#3432,#3433,#3434,#3435,#3436,#3437,#3438,#3439,#3440,#3441,
    #3442,#3443,#3444,#3445,#3446,#3447,#3448,#3449,#3450,#3451,#3452,
    #3453,#3454,#3455,#3456,#3457,#3458,#3459,#3460,#3461,#3462,#3463,
    #3464,#3465,#3466,#3467,#3468,#3469,#3470,#3471,#3472,#3473,#3474,
    #3475,#3476,#3477,#3478,#3479,#3480,#3481,#3482,#3483,#3484,#3485,
    #3486,#3487,#3488,#3489,#3490,#3491,#3492,#3493,#3494,#3495,#3496,
    #3497,#3498,#3499,#3500,#3501,#3502,#3503,#3504,#3505,#3506,#3507,
    #3508,#3509,#3510,#3511,#3512,#3513,#3514,#3515,#3516,#3517,#3518,
    #3519,#3520,#3521,#3522,#3523,#3524,#3525,#3526,#3527,#3528,#3529,
    #3530,#3531,#3532,#3533,#3534,#3535,#3536,#3537,#3538,#3539,#3540,
    #3541,#3542,#3543,#3544,#3545,#3546,#3547,#3548,#3549,#3550,#3551,
    #3552,#3553,#3554,#3555,#3556,#3557,#3558,#3559,#3560,#3561,#3562,
    #3563,#3564,#3565,#3566,#3567,#3568,#3569,#3570,#3571,#3572,#3573,
    #3574,#3575,#3576,#3577,#3578,#3579,#3580,#3581,#3582,#3583,#3584,
    #3585),.UNSPECIFIED.,.T.,.F.,(8,6,6,6,6,6,6,6,6,6,6,6,6,6,6,6,6,6,6,
    6,6,6,6,6,6,6,6,6,6,6,8),(0.,8.50768582456E-02,0.103236056811,
    0.134550369802,0.163203835445,0.180258245473,0.199854367127,
    0.250112807658,0.300112044813,0.319795549157,0.336969931542,
    0.366013179803,0.396583200602,0.415138850398,0.437362947939,
    0.500035327726,0.546429061523,0.584939068787,0.603491238859,
    0.634055526893,0.663093328701,0.680264490391,0.699944303506,
    0.749934164353,0.800183179969,0.819775623202,0.836826828707,
    0.865474910365,0.896783340927,0.914939127434,1.),.UNSPECIFIED.);
#3404 = CARTESIAN_POINT('',(2.851840952154,-27.));
#3405 = CARTESIAN_POINT('',(2.851840952154,-26.69462136402));
#3406 = CARTESIAN_POINT('',(2.843731702441,-26.38848844667));
#3407 = CARTESIAN_POINT('',(2.827440142007,-26.08391004421));
#3408 = CARTESIAN_POINT('',(2.802794115975,-25.78336349767));
#3409 = CARTESIAN_POINT('',(2.769533176667,-25.48967639177));
#3410 = CARTESIAN_POINT('',(2.727293187364,-25.20613716731));
#3411 = CARTESIAN_POINT('',(2.664266846255,-24.87892389986));
#3412 = CARTESIAN_POINT('',(2.652750652891,-24.82206220924));
#3413 = CARTESIAN_POINT('',(2.640807162012,-24.76597026901));
#3414 = CARTESIAN_POINT('',(2.62843944243,-24.71071701539));
#3415 = CARTESIAN_POINT('',(2.61565084371,-24.65636567794));
#3416 = CARTESIAN_POINT('',(2.602444785114,-24.60297383953));
#3417 = CARTESIAN_POINT('',(2.565337358407,-24.46026712779));
#3418 = CARTESIAN_POINT('',(2.540594021796,-24.37285510436));
#3419 = CARTESIAN_POINT('',(2.514670781595,-24.28887863298));
#3420 = CARTESIAN_POINT('',(2.487652089674,-24.20872915934));
#3421 = CARTESIAN_POINT('',(2.459629647527,-24.13268309738));
#3422 = CARTESIAN_POINT('',(2.430701450921,-24.06091655884));
#3423 = CARTESIAN_POINT('',(2.373766495258,-23.93185043629));
#3424 = CARTESIAN_POINT('',(2.345939601861,-23.87395093333));
#3425 = CARTESIAN_POINT('',(2.317571769633,-23.81986200739));
#3426 = CARTESIAN_POINT('',(2.288750645647,-23.76957010363));
#3427 = CARTESIAN_POINT('',(2.259570521271,-23.72301453335));
#3428 = CARTESIAN_POINT('',(2.230132944678,-23.68009432858));
#3429 = CARTESIAN_POINT('',(2.182938114528,-23.6172129522));
#3430 = CARTESIAN_POINT('',(2.165268923496,-23.5949810811));
#3431 = CARTESIAN_POINT('',(2.147550590328,-23.57393698758));
#3432 = CARTESIAN_POINT('',(2.129794118777,-23.55403827699));
#3433 = CARTESIAN_POINT('',(2.112010793853,-23.53524286461));
#3434 = CARTESIAN_POINT('',(2.094212289412,-23.51750918459));
#3435 = CARTESIAN_POINT('',(2.055956205525,-23.48159281571));
#3436 = CARTESIAN_POINT('',(2.035496613957,-23.4637360329));
#3437 = CARTESIAN_POINT('',(2.015038826354,-23.4471536322));
#3438 = CARTESIAN_POINT('',(1.994589604516,-23.4317778334));
#3439 = CARTESIAN_POINT('',(1.974155646731,-23.41754549439));
#3440 = CARTESIAN_POINT('',(1.953743587774,-23.40439811108));
#3441 = CARTESIAN_POINT('',(1.881081930466,-23.36120699401));
#3442 = CARTESIAN_POINT('',(1.829012722573,-23.33692681695));
#3443 = CARTESIAN_POINT('',(1.777136521568,-23.31844528887));
#3444 = CARTESIAN_POINT('',(1.725420721931,-23.30505173123));
#3445 = CARTESIAN_POINT('',(1.67382370341,-23.29628219223));
#3446 = CARTESIAN_POINT('',(1.622299060859,-23.29190075645));
#3447 = CARTESIAN_POINT('',(1.519559213439,-23.29190075645));
#3448 = CARTESIAN_POINT('',(1.468300832859,-23.2962371144));
#3449 = CARTESIAN_POINT('',(1.416971304112,-23.30491627105));
#3450 = CARTESIAN_POINT('',(1.365524696896,-23.31816931324));
#3451 = CARTESIAN_POINT('',(1.313919764353,-23.336450789));
#3452 = CARTESIAN_POINT('',(1.262124061058,-23.36045686416));
#3453 = CARTESIAN_POINT('',(1.189649259955,-23.40325102151));
#3454 = CARTESIAN_POINT('',(1.169148174829,-23.41637577491));
#3455 = CARTESIAN_POINT('',(1.148624739709,-23.43059144133));
#3456 = CARTESIAN_POINT('',(1.128085572791,-23.4459571276));
#3457 = CARTESIAN_POINT('',(1.10753736158,-23.46253668682));
#3458 = CARTESIAN_POINT('',(1.086986862894,-23.48039871831));
#3459 = CARTESIAN_POINT('',(1.048514004889,-23.51638465367));
#3460 = CARTESIAN_POINT('',(1.030589710583,-23.53418579069));
#3461 = CARTESIAN_POINT('',(1.012680398322,-23.5530616846));
#3462 = CARTESIAN_POINT('',(0.994797938042,-23.57305481081));
#3463 = CARTESIAN_POINT('',(0.976953802557,-23.59420819973));
#3464 = CARTESIAN_POINT('',(0.95915917889,-23.61656522209));
#3465 = CARTESIAN_POINT('',(0.911435305454,-23.68008587567));
#3466 = CARTESIAN_POINT('',(0.881594960521,-23.72360046409));
#3467 = CARTESIAN_POINT('',(0.852020385524,-23.7708498626));
#3468 = CARTESIAN_POINT('',(0.822817220266,-23.82193946675));
#3469 = CARTESIAN_POINT('',(0.794082641499,-23.87693314312));
#3470 = CARTESIAN_POINT('',(0.765907600799,-23.93584302766));
#3471 = CARTESIAN_POINT('',(0.709403378229,-24.06469570339));
#3472 = CARTESIAN_POINT('',(0.681198005548,-24.13493259334));
#3473 = CARTESIAN_POINT('',(0.653858966789,-24.20924199967));
#3474 = CARTESIAN_POINT('',(0.627477403284,-24.28745762672));
#3475 = CARTESIAN_POINT('',(0.60213872642,-24.36932180662));
#3476 = CARTESIAN_POINT('',(0.577921768741,-24.45447242848));
#3477 = CARTESIAN_POINT('',(0.540922733741,-24.59581901786));
#3478 = CARTESIAN_POINT('',(0.527379391867,-24.65027158576));
#3479 = CARTESIAN_POINT('',(0.51427151263,-24.7057323581));
#3480 = CARTESIAN_POINT('',(0.501602858544,-24.76213996424));
#3481 = CARTESIAN_POINT('',(0.489377115052,-24.81942680709));
#3482 = CARTESIAN_POINT('',(0.477597654125,-24.87751899409));
#3483 = CARTESIAN_POINT('',(0.452696932767,-25.00678170404));
#3484 = CARTESIAN_POINT('',(0.439769633461,-25.07827332221));
#3485 = CARTESIAN_POINT('',(0.427479850575,-25.15072860183));
#3486 = CARTESIAN_POINT('',(0.415822732987,-25.22406281742));
#3487 = CARTESIAN_POINT('',(0.404793823529,-25.2981890962));
#3488 = CARTESIAN_POINT('',(0.394388754669,-25.37301847545));
#3489 = CARTESIAN_POINT('',(0.357006771676,-25.66120638749));
#3490 = CARTESIAN_POINT('',(0.334346041588,-25.87873712094));
#3491 = CARTESIAN_POINT('',(0.316406991949,-26.09981025097));
#3492 = CARTESIAN_POINT('',(0.303049695816,-26.32336253891));
#3493 = CARTESIAN_POINT('',(0.294182250465,-26.54846568521));
#3494 = CARTESIAN_POINT('',(0.289751701436,-26.77427921777));
#3495 = CARTESIAN_POINT('',(0.289751701436,-27.16709162662));
#3496 = CARTESIAN_POINT('',(0.292179544407,-27.33419895409));
#3497 = CARTESIAN_POINT('',(0.297036031862,-27.50100721296));
#3498 = CARTESIAN_POINT('',(0.304336793231,-27.66719500717));
#3499 = CARTESIAN_POINT('',(0.314111265724,-27.83242115975));
#3500 = CARTESIAN_POINT('',(0.32640407325,-27.9963118397));
#3501 = CARTESIAN_POINT('',(0.35362585986,-28.29303216977));
#3502 = CARTESIAN_POINT('',(0.367761564113,-28.42651270761));
#3503 = CARTESIAN_POINT('',(0.383713824816,-28.55849982337));
#3504 = CARTESIAN_POINT('',(0.401509472359,-28.68860091676));
#3505 = CARTESIAN_POINT('',(0.421176558072,-28.81642252632));
#3506 = CARTESIAN_POINT('',(0.442748103092,-28.94157269636));
#3507 = CARTESIAN_POINT('',(0.477597654125,-29.12248100591));
#3508 = CARTESIAN_POINT('',(0.489377115052,-29.1805731929));
#3509 = CARTESIAN_POINT('',(0.501602858544,-29.23786003575));
#3510 = CARTESIAN_POINT('',(0.51427151263,-29.29426764189));
#3511 = CARTESIAN_POINT('',(0.527379391867,-29.34972841423));
#3512 = CARTESIAN_POINT('',(0.540922733741,-29.40418098213));
#3513 = CARTESIAN_POINT('',(0.577921768741,-29.54552757151));
#3514 = CARTESIAN_POINT('',(0.60213872642,-29.63067819337));
#3515 = CARTESIAN_POINT('',(0.627477403284,-29.71254237327));
#3516 = CARTESIAN_POINT('',(0.653858966789,-29.79075800032));
#3517 = CARTESIAN_POINT('',(0.681198005548,-29.86506740665));
#3518 = CARTESIAN_POINT('',(0.709403378229,-29.9353042966));
#3519 = CARTESIAN_POINT('',(0.765907600799,-30.06415697234));
#3520 = CARTESIAN_POINT('',(0.794082641499,-30.12306685687));
#3521 = CARTESIAN_POINT('',(0.822817220266,-30.17806053324));
#3522 = CARTESIAN_POINT('',(0.852020385524,-30.22915013739));
#3523 = CARTESIAN_POINT('',(0.881594960521,-30.2763995359));
#3524 = CARTESIAN_POINT('',(0.911435305454,-30.31991412432));
#3525 = CARTESIAN_POINT('',(0.95915917889,-30.3834347779));
#3526 = CARTESIAN_POINT('',(0.976953802557,-30.40579180026));
#3527 = CARTESIAN_POINT('',(0.994797938042,-30.42694518918));
#3528 = CARTESIAN_POINT('',(1.012680398322,-30.4469383154));
#3529 = CARTESIAN_POINT('',(1.030589710583,-30.4658142093));
#3530 = CARTESIAN_POINT('',(1.048514004888,-30.48361534632));
#3531 = CARTESIAN_POINT('',(1.086986862894,-30.51960128168));
#3532 = CARTESIAN_POINT('',(1.10753736158,-30.53746331317));
#3533 = CARTESIAN_POINT('',(1.128085572791,-30.55404287239));
#3534 = CARTESIAN_POINT('',(1.148624739709,-30.56940855866));
#3535 = CARTESIAN_POINT('',(1.169148174829,-30.58362422508));
#3536 = CARTESIAN_POINT('',(1.189649259955,-30.59674897848));
#3537 = CARTESIAN_POINT('',(1.262124061058,-30.63954313583));
#3538 = CARTESIAN_POINT('',(1.313919764353,-30.66354921099));
#3539 = CARTESIAN_POINT('',(1.365524696896,-30.68183068675));
#3540 = CARTESIAN_POINT('',(1.416971304112,-30.69508372894));
#3541 = CARTESIAN_POINT('',(1.468300832859,-30.70376288559));
#3542 = CARTESIAN_POINT('',(1.519559213439,-30.70809924354));
#3543 = CARTESIAN_POINT('',(1.622299060859,-30.70809924354));
#3544 = CARTESIAN_POINT('',(1.67382370341,-30.70371780777));
#3545 = CARTESIAN_POINT('',(1.725420721931,-30.69494826876));
#3546 = CARTESIAN_POINT('',(1.777136521568,-30.68155471112));
#3547 = CARTESIAN_POINT('',(1.829012722573,-30.66307318304));
#3548 = CARTESIAN_POINT('',(1.881081930466,-30.63879300598));
#3549 = CARTESIAN_POINT('',(1.953743584051,-30.59560189112));
#3550 = CARTESIAN_POINT('',(1.974155646378,-30.58245450523));
#3551 = CARTESIAN_POINT('',(1.994589607577,-30.56822216399));
#3552 = CARTESIAN_POINT('',(2.015038829363,-30.55284636576));
#3553 = CARTESIAN_POINT('',(2.035496613474,-30.53626396813));
#3554 = CARTESIAN_POINT('',(2.055956201673,-30.5184071879));
#3555 = CARTESIAN_POINT('',(2.094212289412,-30.4824908154));
#3556 = CARTESIAN_POINT('',(2.112010793853,-30.46475713538));
#3557 = CARTESIAN_POINT('',(2.129794118777,-30.445961723));
#3558 = CARTESIAN_POINT('',(2.147550590328,-30.42606301242));
#3559 = CARTESIAN_POINT('',(2.165268923496,-30.40501891889));
#3560 = CARTESIAN_POINT('',(2.182938114529,-30.38278704779));
#3561 = CARTESIAN_POINT('',(2.230132944678,-30.31990567141));
#3562 = CARTESIAN_POINT('',(2.259570521271,-30.27698546664));
#3563 = CARTESIAN_POINT('',(2.288750645647,-30.23042989636));
#3564 = CARTESIAN_POINT('',(2.317571769633,-30.1801379926));
#3565 = CARTESIAN_POINT('',(2.345939601861,-30.12604906666));
#3566 = CARTESIAN_POINT('',(2.373766495258,-30.0681495637));
#3567 = CARTESIAN_POINT('',(2.430701452372,-29.93908343786));
#3568 = CARTESIAN_POINT('',(2.459629646262,-29.86731690652));
#3569 = CARTESIAN_POINT('',(2.487652088502,-29.79127084341));
#3570 = CARTESIAN_POINT('',(2.514670782476,-29.71112136368));
#3571 = CARTESIAN_POINT('',(2.540594023108,-29.62714489188));
#3572 = CARTESIAN_POINT('',(2.565337357329,-29.53973287635));
#3573 = CARTESIAN_POINT('',(2.602444785114,-29.39702616046));
#3574 = CARTESIAN_POINT('',(2.61565084371,-29.34363432205));
#3575 = CARTESIAN_POINT('',(2.628439442429,-29.2892829846));
#3576 = CARTESIAN_POINT('',(2.640807162012,-29.23402973098));
#3577 = CARTESIAN_POINT('',(2.652750652891,-29.17793779076));
#3578 = CARTESIAN_POINT('',(2.664266846256,-29.12107610013));
#3579 = CARTESIAN_POINT('',(2.727293187364,-28.79386283268));
#3580 = CARTESIAN_POINT('',(2.769533176667,-28.51032360822));
#3581 = CARTESIAN_POINT('',(2.802794115975,-28.21663650232));
#3582 = CARTESIAN_POINT('',(2.827440142007,-27.91608995578));
#3583 = CARTESIAN_POINT('',(2.843731702441,-27.61151155332));
#3584 = CARTESIAN_POINT('',(2.851840952154,-27.30537863597));
#3585 = CARTESIAN_POINT('',(2.851840952154,-27.));
#3586 = ( GEOMETRIC_REPRESENTATION_CONTEXT(2) 
PARAMETRIC_REPRESENTATION_CONTEXT() REPRESENTATION_CONTEXT('2D SPACE',''
  ) );
#3587 = ORIENTED_EDGE('',*,*,#3588,.F.);
#3588 = EDGE_CURVE('',#3589,#3029,#3591,.T.);
#3589 = VERTEX_POINT('',#3590);
#3590 = CARTESIAN_POINT('',(-31.32734643599,-0.535898384862,13.));
#3591 = SURFACE_CURVE('',#3592,(#3697,#3805),.PCURVE_S1.);
#3592 = B_SPLINE_CURVE_WITH_KNOTS('',7,(#3593,#3594,#3595,#3596,#3597,
    #3598,#3599,#3600,#3601,#3602,#3603,#3604,#3605,#3606,#3607,#3608,
    #3609,#3610,#3611,#3612,#3613,#3614,#3615,#3616,#3617,#3618,#3619,
    #3620,#3621,#3622,#3623,#3624,#3625,#3626,#3627,#3628,#3629,#3630,
    #3631,#3632,#3633,#3634,#3635,#3636,#3637,#3638,#3639,#3640,#3641,
    #3642,#3643,#3644,#3645,#3646,#3647,#3648,#3649,#3650,#3651,#3652,
    #3653,#3654,#3655,#3656,#3657,#3658,#3659,#3660,#3661,#3662,#3663,
    #3664,#3665,#3666,#3667,#3668,#3669,#3670,#3671,#3672,#3673,#3674,
    #3675,#3676,#3677,#3678,#3679,#3680,#3681,#3682,#3683,#3684,#3685,
    #3686,#3687,#3688,#3689,#3690,#3691,#3692,#3693,#3694,#3695,#3696),
  .UNSPECIFIED.,.F.,.F.,(8,6,6,6,6,6,6,6,6,6,6,6,6,6,6,6,6,8),(0.,
    6.088271638221E-02,8.427098375757E-02,0.127340712143,0.162236101315,
    0.211997305431,0.250499808543,0.355466113646,0.426298167612,
    0.498792405539,0.642532681782,0.7480899259,0.786809190298,
    0.836850539903,0.871942383041,0.915254585264,0.938774524244,1.),
  .UNSPECIFIED.);
#3593 = CARTESIAN_POINT('',(-31.32734646533,-0.535898038452,13.0000006)
  );
#3594 = CARTESIAN_POINT('',(-31.32016549039,-0.620683787138,
    12.853147316777));
#3595 = CARTESIAN_POINT('',(-31.3109484424,-0.713749743657,
    12.708725777531));
#3596 = CARTESIAN_POINT('',(-31.29921215062,-0.815175443802,
    12.567322488522));
#3597 = CARTESIAN_POINT('',(-31.28439454787,-0.924999926171,
    12.429551106639));
#3598 = CARTESIAN_POINT('',(-31.26584979081,-1.043217956085,
    12.296051616138));
#3599 = CARTESIAN_POINT('',(-31.24284338012,-1.169776249511,
    12.16748950538));
#3600 = CARTESIAN_POINT('',(-31.2036772544,-1.356350980359,
    11.997329284599));
#3601 = CARTESIAN_POINT('',(-31.19203107437,-1.409326696484,
    11.950953256357));
#3602 = CARTESIAN_POINT('',(-31.17956758901,-1.463465097603,
    11.905486361434));
#3603 = CARTESIAN_POINT('',(-31.16624580745,-1.518732161628,
    11.860984637407));
#3604 = CARTESIAN_POINT('',(-31.1520248997,-1.575091592136,
    11.817500656838));
#3605 = CARTESIAN_POINT('',(-31.13686419666,-1.632504818367,
    11.775083527276));
#3606 = CARTESIAN_POINT('',(-31.09099936491,-1.798523384499,
    11.657715990754));
#3607 = CARTESIAN_POINT('',(-31.05792664955,-1.909642124483,
    11.58536154397));
#3608 = CARTESIAN_POINT('',(-31.02130384308,-2.023822639443,
    11.517169239592));
#3609 = CARTESIAN_POINT('',(-30.98096870132,-2.140560512886,
    11.453490165712));
#3610 = CARTESIAN_POINT('',(-30.93680759917,-2.259323405216,
    11.394577697632));
#3611 = CARTESIAN_POINT('',(-30.88876519286,-2.379562971395,
    11.340592385659));
#3612 = CARTESIAN_POINT('',(-30.79479534479,-2.598894525733,
    11.251918420386));
#3613 = CARTESIAN_POINT('',(-30.75024403465,-2.697559075723,
    11.215556434683));
#3614 = CARTESIAN_POINT('',(-30.7032220859,-2.796410650813,
    11.182552011182));
#3615 = CARTESIAN_POINT('',(-30.65378456748,-2.89513487387,
    11.152897272885));
#3616 = CARTESIAN_POINT('',(-30.60202222016,-2.993416391824,
    11.126547279531));
#3617 = CARTESIAN_POINT('',(-30.54806399343,-3.09094249912,
    11.103421966724));
#3618 = CARTESIAN_POINT('',(-30.41224520382,-3.324965847005,
    11.054868072331));
#3619 = CARTESIAN_POINT('',(-30.3283771618,-3.460216071977,
    11.032686015054));
#3620 = CARTESIAN_POINT('',(-30.24072312235,-3.592725430372,
    11.016417563424));
#3621 = CARTESIAN_POINT('',(-30.14958878384,-3.722091853959,
    11.005599503984));
#3622 = CARTESIAN_POINT('',(-30.05533920134,-3.847944972052,
    10.999751240889));
#3623 = CARTESIAN_POINT('',(-29.95840011104,-3.969947871573,
    10.998376277171));
#3624 = CARTESIAN_POINT('',(-29.78254947239,-4.178985515832,
    11.002965699438));
#3625 = CARTESIAN_POINT('',(-29.70442802043,-4.267797693305,
    11.007342500563));
#3626 = CARTESIAN_POINT('',(-29.62500247943,-4.354218811173,
    11.013871464761));
#3627 = CARTESIAN_POINT('',(-29.54437644431,-4.438241755013,
    11.022344178269));
#3628 = CARTESIAN_POINT('',(-29.46264882728,-4.519867713969,
    11.032565320444));
#3629 = CARTESIAN_POINT('',(-29.37991316091,-4.599105020396,
    11.044351536022));
#3630 = CARTESIAN_POINT('',(-29.06819150882,-4.885513375212,
    11.093458541243));
#3631 = CARTESIAN_POINT('',(-28.8330966939,-5.077583944438,
    11.13976576024));
#3632 = CARTESIAN_POINT('',(-28.59230572749,-5.252805701657,
    11.193059044816));
#3633 = CARTESIAN_POINT('',(-28.34675803827,-5.411940567618,
    11.250631798411));
#3634 = CARTESIAN_POINT('',(-28.09700683506,-5.555754642596,
    11.310233382578));
#3635 = CARTESIAN_POINT('',(-27.84324536281,-5.684908127768,
    11.36989598438));
#3636 = CARTESIAN_POINT('',(-27.41132326607,-5.877441953993,
    11.466905412041));
#3637 = CARTESIAN_POINT('',(-27.23546036944,-5.948532037966,
    11.505188982658));
#3638 = CARTESIAN_POINT('',(-27.05791468386,-6.013202691003,
    11.542074212253));
#3639 = CARTESIAN_POINT('',(-26.87881399403,-6.071506514841,
    11.576998500699));
#3640 = CARTESIAN_POINT('',(-26.69825898698,-6.123482281296,
    11.609434277404));
#3641 = CARTESIAN_POINT('',(-26.51632037616,-6.169150199561,
    11.638896727133));
#3642 = CARTESIAN_POINT('',(-26.14545148224,-6.248779979239,
    11.691628468803));
#3643 = CARTESIAN_POINT('',(-25.95639555944,-6.28245521805,
    11.714744921766));
#3644 = CARTESIAN_POINT('',(-25.76624198186,-6.309442316328,
    11.733794523911));
#3645 = CARTESIAN_POINT('',(-25.57529147869,-6.329705889019,
    11.748369721402));
#3646 = CARTESIAN_POINT('',(-25.38379227864,-6.343229910315,
    11.758188230653));
#3647 = CARTESIAN_POINT('',(-25.19196037711,-6.35,11.763103338072));
#3648 = CARTESIAN_POINT('',(-24.61938440318,-6.35,11.763103338072));
#3649 = CARTESIAN_POINT('',(-24.24122369835,-6.323383751332,
    11.743779697772));
#3650 = CARTESIAN_POINT('',(-23.86587328173,-6.270769598513,
    11.705582580912));
#3651 = CARTESIAN_POINT('',(-23.49386841693,-6.192214242749,
    11.650652641743));
#3652 = CARTESIAN_POINT('',(-23.12647537645,-6.087434038981,
    11.582746668998));
#3653 = CARTESIAN_POINT('',(-22.76582915681,-5.956409513332,
    11.506693733322));
#3654 = CARTESIAN_POINT('',(-22.15675463718,-5.684908127767,
    11.36989598438));
#3655 = CARTESIAN_POINT('',(-21.90299316493,-5.555754642596,
    11.310233382579));
#3656 = CARTESIAN_POINT('',(-21.65324196172,-5.411940567618,
    11.250631798411));
#3657 = CARTESIAN_POINT('',(-21.4076942725,-5.252805701657,
    11.193059044816));
#3658 = CARTESIAN_POINT('',(-21.1669033061,-5.077583944439,
    11.139765760241));
#3659 = CARTESIAN_POINT('',(-20.93180849117,-4.885513375212,
    11.093458541243));
#3660 = CARTESIAN_POINT('',(-20.62008683908,-4.599105020396,
    11.044351536022));
#3661 = CARTESIAN_POINT('',(-20.53735117271,-4.519867713969,
    11.032565320444));
#3662 = CARTESIAN_POINT('',(-20.45562355568,-4.438241755012,
    11.022344178269));
#3663 = CARTESIAN_POINT('',(-20.37499752056,-4.354218811173,
    11.013871464761));
#3664 = CARTESIAN_POINT('',(-20.29557197956,-4.267797693305,
    11.007342500563));
#3665 = CARTESIAN_POINT('',(-20.2174505276,-4.178985515832,
    11.002965699438));
#3666 = CARTESIAN_POINT('',(-20.04159988895,-3.969947871573,
    10.998376277171));
#3667 = CARTESIAN_POINT('',(-19.94466079865,-3.847944972052,
    10.999751240889));
#3668 = CARTESIAN_POINT('',(-19.85041121615,-3.722091853959,
    11.005599503984));
#3669 = CARTESIAN_POINT('',(-19.75927687764,-3.592725430372,
    11.016417563424));
#3670 = CARTESIAN_POINT('',(-19.67162283819,-3.460216071977,
    11.032686015054));
#3671 = CARTESIAN_POINT('',(-19.58775479617,-3.324965847005,
    11.054868072331));
#3672 = CARTESIAN_POINT('',(-19.45193600656,-3.09094249912,
    11.103421966724));
#3673 = CARTESIAN_POINT('',(-19.39797777983,-2.993416391824,
    11.126547279531));
#3674 = CARTESIAN_POINT('',(-19.34621543251,-2.89513487387,
    11.152897272885));
#3675 = CARTESIAN_POINT('',(-19.29677791409,-2.796410650813,
    11.182552011182));
#3676 = CARTESIAN_POINT('',(-19.24975596534,-2.697559075723,
    11.215556434683));
#3677 = CARTESIAN_POINT('',(-19.2052046552,-2.598894525733,
    11.251918420386));
#3678 = CARTESIAN_POINT('',(-19.11123480713,-2.379562971395,
    11.340592385659));
#3679 = CARTESIAN_POINT('',(-19.06319240082,-2.259323405216,
    11.394577697632));
#3680 = CARTESIAN_POINT('',(-19.01903129867,-2.140560512886,
    11.453490165712));
#3681 = CARTESIAN_POINT('',(-18.97869615691,-2.023822639443,
    11.517169239592));
#3682 = CARTESIAN_POINT('',(-18.94207335044,-1.909642124483,
    11.58536154397));
#3683 = CARTESIAN_POINT('',(-18.90900063508,-1.798523384499,
    11.657715990754));
#3684 = CARTESIAN_POINT('',(-18.86313580306,-1.63250481737,
    11.775083527981));
#3685 = CARTESIAN_POINT('',(-18.84797510021,-1.575091591957,
    11.817500656887));
#3686 = CARTESIAN_POINT('',(-18.8337541927,-1.518732162332,
    11.860984636803));
#3687 = CARTESIAN_POINT('',(-18.82043241118,-1.463465098369,
    11.905486360855));
#3688 = CARTESIAN_POINT('',(-18.80796892564,-1.409326696459,
    11.950953256469));
#3689 = CARTESIAN_POINT('',(-18.79632274541,-1.356350979517,
    11.997329285367));
#3690 = CARTESIAN_POINT('',(-18.75715661988,-1.169776249544,
    12.167489505349));
#3691 = CARTESIAN_POINT('',(-18.73415020918,-1.043217956086,
    12.296051616132));
#3692 = CARTESIAN_POINT('',(-18.71560545212,-0.924999926147,
    12.429551106663));
#3693 = CARTESIAN_POINT('',(-18.70078784937,-0.815175443784,
    12.56732248855));
#3694 = CARTESIAN_POINT('',(-18.68905155759,-0.713749743662,
    12.70872577753));
#3695 = CARTESIAN_POINT('',(-18.6798345096,-0.620683787158,
    12.853147316743));
#3696 = CARTESIAN_POINT('',(-18.67265353466,-0.535898038452,13.0000006)
  );
#3697 = PCURVE('',#1214,#3698);
#3698 = DEFINITIONAL_REPRESENTATION('',(#3699),#3804);
#3699 = B_SPLINE_CURVE_WITH_KNOTS('',7,(#3700,#3701,#3702,#3703,#3704,
    #3705,#3706,#3707,#3708,#3709,#3710,#3711,#3712,#3713,#3714,#3715,
    #3716,#3717,#3718,#3719,#3720,#3721,#3722,#3723,#3724,#3725,#3726,
    #3727,#3728,#3729,#3730,#3731,#3732,#3733,#3734,#3735,#3736,#3737,
    #3738,#3739,#3740,#3741,#3742,#3743,#3744,#3745,#3746,#3747,#3748,
    #3749,#3750,#3751,#3752,#3753,#3754,#3755,#3756,#3757,#3758,#3759,
    #3760,#3761,#3762,#3763,#3764,#3765,#3766,#3767,#3768,#3769,#3770,
    #3771,#3772,#3773,#3774,#3775,#3776,#3777,#3778,#3779,#3780,#3781,
    #3782,#3783,#3784,#3785,#3786,#3787,#3788,#3789,#3790,#3791,#3792,
    #3793,#3794,#3795,#3796,#3797,#3798,#3799,#3800,#3801,#3802,#3803),
  .UNSPECIFIED.,.F.,.F.,(8,6,6,6,6,6,6,6,6,6,6,6,6,6,6,6,6,8),(0.,
    6.088271638221E-02,8.427098375757E-02,0.127340712143,0.162236101315,
    0.211997305431,0.250499808543,0.355466113646,0.426298167612,
    0.498792405539,0.642532681782,0.7480899259,0.786809190298,
    0.836850539903,0.871942383041,0.915254585264,0.938774524244,1.),
  .UNSPECIFIED.);
#3700 = CARTESIAN_POINT('',(-5.759586704786,-19.67265353466));
#3701 = CARTESIAN_POINT('',(-5.717193817726,-19.6798345096));
#3702 = CARTESIAN_POINT('',(-5.674292416887,-19.68905155759));
#3703 = CARTESIAN_POINT('',(-5.630875015164,-19.70078784937));
#3704 = CARTESIAN_POINT('',(-5.586931820475,-19.71560545212));
#3705 = CARTESIAN_POINT('',(-5.542450326771,-19.73415020919));
#3706 = CARTESIAN_POINT('',(-5.497414905048,-19.75715661987));
#3707 = CARTESIAN_POINT('',(-5.43428575621,-19.79632274559));
#3708 = CARTESIAN_POINT('',(-5.416687662806,-19.80796892562));
#3709 = CARTESIAN_POINT('',(-5.399019115317,-19.82043241098));
#3710 = CARTESIAN_POINT('',(-5.381286732317,-19.83375419254));
#3711 = CARTESIAN_POINT('',(-5.363496749769,-19.84797510029));
#3712 = CARTESIAN_POINT('',(-5.345655021029,-19.86313580334));
#3713 = CARTESIAN_POINT('',(-5.29482607816,-19.90900063508));
#3714 = CARTESIAN_POINT('',(-5.261700532251,-19.94207335044));
#3715 = CARTESIAN_POINT('',(-5.228492056172,-19.97869615691));
#3716 = CARTESIAN_POINT('',(-5.195293266958,-20.01903129867));
#3717 = CARTESIAN_POINT('',(-5.162189839457,-20.06319240082));
#3718 = CARTESIAN_POINT('',(-5.129262624161,-20.11123480713));
#3719 = CARTESIAN_POINT('',(-5.070117990611,-20.2052046552));
#3720 = CARTESIAN_POINT('',(-5.043842795036,-20.24975596534));
#3721 = CARTESIAN_POINT('',(-5.017808510521,-20.29677791409));
#3722 = CARTESIAN_POINT('',(-4.992059086321,-20.34621543251));
#3723 = CARTESIAN_POINT('',(-4.966638444331,-20.39797777983));
#3724 = CARTESIAN_POINT('',(-4.941590834679,-20.45193600656));
#3725 = CARTESIAN_POINT('',(-4.88183905227,-20.58775479617));
#3726 = CARTESIAN_POINT('',(-4.847604992646,-20.67162283819));
#3727 = CARTESIAN_POINT('',(-4.814271445839,-20.75927687764));
#3728 = CARTESIAN_POINT('',(-4.781858589134,-20.85041121615));
#3729 = CARTESIAN_POINT('',(-4.750393172864,-20.94466079865));
#3730 = CARTESIAN_POINT('',(-4.719907349577,-21.04159988895));
#3731 = CARTESIAN_POINT('',(-4.667635344932,-21.2174505276));
#3732 = CARTESIAN_POINT('',(-4.645413619235,-21.29557197956));
#3733 = CARTESIAN_POINT('',(-4.62375837882,-21.37499752056));
#3734 = CARTESIAN_POINT('',(-4.602657549781,-21.45562355568));
#3735 = CARTESIAN_POINT('',(-4.582100608755,-21.53735117271));
#3736 = CARTESIAN_POINT('',(-4.562078260084,-21.62008683908));
#3737 = CARTESIAN_POINT('',(-4.489431321199,-21.93180849117));
#3738 = CARTESIAN_POINT('',(-4.440147655897,-22.1669033061));
#3739 = CARTESIAN_POINT('',(-4.394476438156,-22.4076942725));
#3740 = CARTESIAN_POINT('',(-4.352255748223,-22.65324196172));
#3741 = CARTESIAN_POINT('',(-4.313389362786,-22.90299316493));
#3742 = CARTESIAN_POINT('',(-4.277842575466,-23.15675463718));
#3743 = CARTESIAN_POINT('',(-4.223944463662,-23.58867673392));
#3744 = CARTESIAN_POINT('',(-4.2037662127,-23.76453963055));
#3745 = CARTESIAN_POINT('',(-4.185161752166,-23.94208531613));
#3746 = CARTESIAN_POINT('',(-4.168176538711,-24.12118600596));
#3747 = CARTESIAN_POINT('',(-4.152862859317,-24.30174101301));
#3748 = CARTESIAN_POINT('',(-4.139277083867,-24.48367962383));
#3749 = CARTESIAN_POINT('',(-4.115400397551,-24.85454851775));
#3750 = CARTESIAN_POINT('',(-4.105190339848,-25.04360444055));
#3751 = CARTESIAN_POINT('',(-4.096932773434,-25.23375801813));
#3752 = CARTESIAN_POINT('',(-4.090692642789,-25.4247085213));
#3753 = CARTESIAN_POINT('',(-4.086514521331,-25.61620772135));
#3754 = CARTESIAN_POINT('',(-4.084422995748,-25.80803962288));
#3755 = CARTESIAN_POINT('',(-4.084422995748,-26.38061559681));
#3756 = CARTESIAN_POINT('',(-4.092645796627,-26.75877630165));
#3757 = CARTESIAN_POINT('',(-4.108900056815,-27.13412671826));
#3758 = CARTESIAN_POINT('',(-4.132860571397,-27.50613158306));
#3759 = CARTESIAN_POINT('',(-4.164030161402,-27.87352462354));
#3760 = CARTESIAN_POINT('',(-4.201838206151,-28.23417084318));
#3761 = CARTESIAN_POINT('',(-4.277842575466,-28.84324536281));
#3762 = CARTESIAN_POINT('',(-4.313389362786,-29.09700683506));
#3763 = CARTESIAN_POINT('',(-4.352255748223,-29.34675803827));
#3764 = CARTESIAN_POINT('',(-4.394476438156,-29.59230572749));
#3765 = CARTESIAN_POINT('',(-4.440147655896,-29.8330966939));
#3766 = CARTESIAN_POINT('',(-4.489431321199,-30.06819150882));
#3767 = CARTESIAN_POINT('',(-4.562078260084,-30.37991316091));
#3768 = CARTESIAN_POINT('',(-4.582100608755,-30.46264882728));
#3769 = CARTESIAN_POINT('',(-4.602657549781,-30.54437644431));
#3770 = CARTESIAN_POINT('',(-4.62375837882,-30.62500247943));
#3771 = CARTESIAN_POINT('',(-4.645413619235,-30.70442802043));
#3772 = CARTESIAN_POINT('',(-4.667635344932,-30.78254947239));
#3773 = CARTESIAN_POINT('',(-4.719907349577,-30.95840011104));
#3774 = CARTESIAN_POINT('',(-4.750393172864,-31.05533920134));
#3775 = CARTESIAN_POINT('',(-4.781858589134,-31.14958878384));
#3776 = CARTESIAN_POINT('',(-4.814271445839,-31.24072312235));
#3777 = CARTESIAN_POINT('',(-4.847604992646,-31.3283771618));
#3778 = CARTESIAN_POINT('',(-4.88183905227,-31.41224520382));
#3779 = CARTESIAN_POINT('',(-4.941590834679,-31.54806399343));
#3780 = CARTESIAN_POINT('',(-4.966638444331,-31.60202222016));
#3781 = CARTESIAN_POINT('',(-4.992059086321,-31.65378456748));
#3782 = CARTESIAN_POINT('',(-5.017808510521,-31.7032220859));
#3783 = CARTESIAN_POINT('',(-5.043842795036,-31.75024403465));
#3784 = CARTESIAN_POINT('',(-5.070117990611,-31.79479534479));
#3785 = CARTESIAN_POINT('',(-5.129262624161,-31.88876519286));
#3786 = CARTESIAN_POINT('',(-5.162189839457,-31.93680759917));
#3787 = CARTESIAN_POINT('',(-5.195293266958,-31.98096870132));
#3788 = CARTESIAN_POINT('',(-5.228492056172,-32.02130384308));
#3789 = CARTESIAN_POINT('',(-5.261700532251,-32.05792664955));
#3790 = CARTESIAN_POINT('',(-5.29482607816,-32.09099936491));
#3791 = CARTESIAN_POINT('',(-5.345655021334,-32.13686419693));
#3792 = CARTESIAN_POINT('',(-5.363496749812,-32.15202489978));
#3793 = CARTESIAN_POINT('',(-5.381286732085,-32.16624580729));
#3794 = CARTESIAN_POINT('',(-5.399019115077,-32.17956758881));
#3795 = CARTESIAN_POINT('',(-5.416687662828,-32.19203107435));
#3796 = CARTESIAN_POINT('',(-5.434285756495,-32.20367725458));
#3797 = CARTESIAN_POINT('',(-5.497414905036,-32.24284338012));
#3798 = CARTESIAN_POINT('',(-5.54245032677,-32.26584979081));
#3799 = CARTESIAN_POINT('',(-5.586931820483,-32.28439454788));
#3800 = CARTESIAN_POINT('',(-5.630875015173,-32.29921215062));
#3801 = CARTESIAN_POINT('',(-5.674292416886,-32.3109484424));
#3802 = CARTESIAN_POINT('',(-5.717193817716,-32.32016549039));
#3803 = CARTESIAN_POINT('',(-5.759586704786,-32.32734646533));
#3804 = ( GEOMETRIC_REPRESENTATION_CONTEXT(2) 
PARAMETRIC_REPRESENTATION_CONTEXT() REPRESENTATION_CONTEXT('2D SPACE',''
  ) );
#3805 = PCURVE('',#2975,#3806);
#3806 = DEFINITIONAL_REPRESENTATION('',(#3807),#3852);
#3807 = B_SPLINE_CURVE_WITH_KNOTS('',7,(#3808,#3809,#3810,#3811,#3812,
    #3813,#3814,#3815,#3816,#3817,#3818,#3819,#3820,#3821,#3822,#3823,
    #3824,#3825,#3826,#3827,#3828,#3829,#3830,#3831,#3832,#3833,#3834,
    #3835,#3836,#3837,#3838,#3839,#3840,#3841,#3842,#3843,#3844,#3845,
    #3846,#3847,#3848,#3849,#3850,#3851),.UNSPECIFIED.,.F.,.F.,(8,6,6,6,
    6,6,6,8),(3.553559455887E-08,6.088271638221E-02,8.427098375757E-02,
    0.127340712143,0.162236101315,0.211997305431,0.250499808543,
    0.31545709127),.UNSPECIFIED.);
#3808 = CARTESIAN_POINT('',(9.509271908237,-33.));
#3809 = CARTESIAN_POINT('',(9.522671795386,-33.14685318899));
#3810 = CARTESIAN_POINT('',(9.537397987094,-33.29127463513));
#3811 = CARTESIAN_POINT('',(9.553473587708,-33.43267783313));
#3812 = CARTESIAN_POINT('',(9.570919306366,-33.57044912712));
#3813 = CARTESIAN_POINT('',(9.589755696897,-33.70394853393));
#3814 = CARTESIAN_POINT('',(9.610005397708,-33.83251056637));
#3815 = CARTESIAN_POINT('',(9.640027641283,-34.0026707154));
#3816 = CARTESIAN_POINT('',(9.648569117503,-34.04904674364));
#3817 = CARTESIAN_POINT('',(9.657317163608,-34.09451363856));
#3818 = CARTESIAN_POINT('',(9.666269026593,-34.13901536259));
#3819 = CARTESIAN_POINT('',(9.675421837186,-34.18249934316));
#3820 = CARTESIAN_POINT('',(9.684772609852,-34.22491647272));
#3821 = CARTESIAN_POINT('',(9.711896621341,-34.34228400924));
#3822 = CARTESIAN_POINT('',(9.730150757384,-34.41463845603));
#3823 = CARTESIAN_POINT('',(9.749027278048,-34.4828307604));
#3824 = CARTESIAN_POINT('',(9.768468564471,-34.54650983428));
#3825 = CARTESIAN_POINT('',(9.788413485055,-34.60542230236));
#3826 = CARTESIAN_POINT('',(9.808798128732,-34.65940761434));
#3827 = CARTESIAN_POINT('',(9.846375143892,-34.74808157961));
#3828 = CARTESIAN_POINT('',(9.863420259746,-34.78444356531));
#3829 = CARTESIAN_POINT('',(9.880653411951,-34.81744798881));
#3830 = CARTESIAN_POINT('',(9.898034442649,-34.84710272711));
#3831 = CARTESIAN_POINT('',(9.915521334748,-34.87345272046));
#3832 = CARTESIAN_POINT('',(9.933070036701,-34.89657803327));
#3833 = CARTESIAN_POINT('',(9.975681099483,-34.94513192766));
#3834 = CARTESIAN_POINT('',(10.000732291832,-34.96731398494));
#3835 = CARTESIAN_POINT('',(10.025735096812,-34.98358243657));
#3836 = CARTESIAN_POINT('',(10.050636308265,-34.99440049601));
#3837 = CARTESIAN_POINT('',(10.075380952267,-35.00024875911));
#3838 = CARTESIAN_POINT('',(10.099910957978,-35.00162372282));
#3839 = CARTESIAN_POINT('',(10.142929375664,-34.99703430056));
#3840 = CARTESIAN_POINT('',(10.161551883547,-34.99265749943));
#3841 = CARTESIAN_POINT('',(10.18002925139,-34.98612853523));
#3842 = CARTESIAN_POINT('',(10.198360159895,-34.97765582173));
#3843 = CARTESIAN_POINT('',(10.216544021454,-34.96743467955));
#3844 = CARTESIAN_POINT('',(10.234580930372,-34.95564846397));
#3845 = CARTESIAN_POINT('',(10.282654849027,-34.9202358868));
#3846 = CARTESIAN_POINT('',(10.31243722339,-34.89402732228));
#3847 = CARTESIAN_POINT('',(10.341842822948,-34.8646480941));
#3848 = CARTESIAN_POINT('',(10.370899164855,-34.83280164114));
#3849 = CARTESIAN_POINT('',(10.399636982138,-34.79911165383));
#3850 = CARTESIAN_POINT('',(10.428090150024,-34.76413976735));
#3851 = CARTESIAN_POINT('',(10.456295753088,-34.72840004041));
#3852 = ( GEOMETRIC_REPRESENTATION_CONTEXT(2) 
PARAMETRIC_REPRESENTATION_CONTEXT() REPRESENTATION_CONTEXT('2D SPACE',''
  ) );
#3853 = ORIENTED_EDGE('',*,*,#3854,.T.);
#3854 = EDGE_CURVE('',#3589,#3855,#3857,.T.);
#3855 = VERTEX_POINT('',#3856);
#3856 = CARTESIAN_POINT('',(-32.23016686675,-0.535898384862,13.));
#3857 = SURFACE_CURVE('',#3858,(#3862,#3868),.PCURVE_S1.);
#3858 = LINE('',#3859,#3860);
#3859 = CARTESIAN_POINT('',(-51.,-0.535898384862,13.));
#3860 = VECTOR('',#3861,1.);
#3861 = DIRECTION('',(-1.,-0.,-0.));
#3862 = PCURVE('',#1214,#3863);
#3863 = DEFINITIONAL_REPRESENTATION('',(#3864),#3867);
#3864 = B_SPLINE_CURVE_WITH_KNOTS('',1,(#3865,#3866),.UNSPECIFIED.,.F.,
  .F.,(2,2),(-34.7,-17.3),.PIECEWISE_BEZIER_KNOTS.);
#3865 = CARTESIAN_POINT('',(-5.759586531581,-34.7));
#3866 = CARTESIAN_POINT('',(-5.759586531581,-17.3));
#3867 = ( GEOMETRIC_REPRESENTATION_CONTEXT(2) 
PARAMETRIC_REPRESENTATION_CONTEXT() REPRESENTATION_CONTEXT('2D SPACE',''
  ) );
#3868 = PCURVE('',#2746,#3869);
#3869 = DEFINITIONAL_REPRESENTATION('',(#3870),#3873);
#3870 = B_SPLINE_CURVE_WITH_KNOTS('',1,(#3871,#3872),.UNSPECIFIED.,.F.,
  .F.,(2,2),(-34.7,-17.3),.PIECEWISE_BEZIER_KNOTS.);
#3871 = CARTESIAN_POINT('',(8.7,-0.535898384862));
#3872 = CARTESIAN_POINT('',(-8.7,-0.535898384862));
#3873 = ( GEOMETRIC_REPRESENTATION_CONTEXT(2) 
PARAMETRIC_REPRESENTATION_CONTEXT() REPRESENTATION_CONTEXT('2D SPACE',''
  ) );
#3874 = ORIENTED_EDGE('',*,*,#3875,.T.);
#3875 = EDGE_CURVE('',#3855,#3876,#3878,.T.);
#3876 = VERTEX_POINT('',#3877);
#3877 = CARTESIAN_POINT('',(-32.25,0.,15.));
#3878 = SURFACE_CURVE('',#3879,(#3887,#3898),.PCURVE_S1.);
#3879 = B_SPLINE_CURVE_WITH_KNOTS('',6,(#3880,#3881,#3882,#3883,#3884,
    #3885,#3886),.UNSPECIFIED.,.F.,.F.,(7,7),(0.,1.),
  .PIECEWISE_BEZIER_KNOTS.);
#3880 = CARTESIAN_POINT('',(-32.23016684107,-0.535898731272,12.9999994)
  );
#3881 = CARTESIAN_POINT('',(-32.24365060647,-0.353980268416,
    13.315091294465));
#3882 = CARTESIAN_POINT('',(-32.24872905034,-0.210955607939,
    13.64224261338));
#3883 = CARTESIAN_POINT('',(-32.25000033598,-0.105115145401,
    13.97705093966));
#3884 = CARTESIAN_POINT('',(-32.24999985699,-3.505417886346E-02,
    14.316464044816));
#3885 = CARTESIAN_POINT('',(-32.25,-3.601747788906E-09,14.65817151062));
#3886 = CARTESIAN_POINT('',(-32.25,2.22044604925E-16,14.999999957853));
#3887 = PCURVE('',#1214,#3888);
#3888 = DEFINITIONAL_REPRESENTATION('',(#3889),#3897);
#3889 = B_SPLINE_CURVE_WITH_KNOTS('',6,(#3890,#3891,#3892,#3893,#3894,
    #3895,#3896),.UNSPECIFIED.,.F.,.F.,(7,7),(0.,1.),
  .PIECEWISE_BEZIER_KNOTS.);
#3890 = CARTESIAN_POINT('',(-5.759586358376,-18.76983315892));
#3891 = CARTESIAN_POINT('',(-5.850545562516,-18.75634939352));
#3892 = CARTESIAN_POINT('',(-5.939254248477,-18.75127094965));
#3893 = CARTESIAN_POINT('',(-6.02632567854,-18.74999966402));
#3894 = CARTESIAN_POINT('',(-6.112301055317,-18.75000014301));
#3895 = CARTESIAN_POINT('',(-6.197728184835,-18.75));
#3896 = CARTESIAN_POINT('',(-6.283185296643,-18.75));
#3897 = ( GEOMETRIC_REPRESENTATION_CONTEXT(2) 
PARAMETRIC_REPRESENTATION_CONTEXT() REPRESENTATION_CONTEXT('2D SPACE',''
  ) );
#3898 = PCURVE('',#2715,#3899);
#3899 = DEFINITIONAL_REPRESENTATION('',(#3900),#3908);
#3900 = B_SPLINE_CURVE_WITH_KNOTS('',6,(#3901,#3902,#3903,#3904,#3905,
    #3906,#3907),.UNSPECIFIED.,.F.,.F.,(7,7),(0.,1.),
  .PIECEWISE_BEZIER_KNOTS.);
#3901 = CARTESIAN_POINT('',(3.215577196523,-33.0000006));
#3902 = CARTESIAN_POINT('',(3.190416164025,-32.68490870553));
#3903 = CARTESIAN_POINT('',(3.170690692022,-32.35775738662));
#3904 = CARTESIAN_POINT('',(3.156090942403,-32.02294906034));
#3905 = CARTESIAN_POINT('',(3.146427809989,-31.68353595518));
#3906 = CARTESIAN_POINT('',(3.141592654087,-31.34182848938));
#3907 = CARTESIAN_POINT('',(3.14159265359,-31.00000004214));
#3908 = ( GEOMETRIC_REPRESENTATION_CONTEXT(2) 
PARAMETRIC_REPRESENTATION_CONTEXT() REPRESENTATION_CONTEXT('2D SPACE',''
  ) );
#3909 = ORIENTED_EDGE('',*,*,#3910,.F.);
#3910 = EDGE_CURVE('',#1194,#3876,#3911,.T.);
#3911 = SEAM_CURVE('',#3912,(#3916,#3923),.PCURVE_S1.);
#3912 = LINE('',#3913,#3914);
#3913 = CARTESIAN_POINT('',(-51.,0.,15.));
#3914 = VECTOR('',#3915,1.);
#3915 = DIRECTION('',(1.,0.,0.));
#3916 = PCURVE('',#1214,#3917);
#3917 = DEFINITIONAL_REPRESENTATION('',(#3918),#3922);
#3918 = LINE('',#3919,#3920);
#3919 = CARTESIAN_POINT('',(-0.,0.));
#3920 = VECTOR('',#3921,1.);
#3921 = DIRECTION('',(-0.,-1.));
#3922 = ( GEOMETRIC_REPRESENTATION_CONTEXT(2) 
PARAMETRIC_REPRESENTATION_CONTEXT() REPRESENTATION_CONTEXT('2D SPACE',''
  ) );
#3923 = PCURVE('',#1214,#3924);
#3924 = DEFINITIONAL_REPRESENTATION('',(#3925),#3929);
#3925 = LINE('',#3926,#3927);
#3926 = CARTESIAN_POINT('',(-6.28318530718,0.));
#3927 = VECTOR('',#3928,1.);
#3928 = DIRECTION('',(-0.,-1.));
#3929 = ( GEOMETRIC_REPRESENTATION_CONTEXT(2) 
PARAMETRIC_REPRESENTATION_CONTEXT() REPRESENTATION_CONTEXT('2D SPACE',''
  ) );
#3930 = ORIENTED_EDGE('',*,*,#1193,.T.);
#3931 = ORIENTED_EDGE('',*,*,#3910,.T.);
#3932 = ORIENTED_EDGE('',*,*,#3933,.F.);
#3933 = EDGE_CURVE('',#2669,#3876,#3934,.T.);
#3934 = SURFACE_CURVE('',#3935,(#4064,#4196),.PCURVE_S1.);
#3935 = B_SPLINE_CURVE_WITH_KNOTS('',8,(#3936,#3937,#3938,#3939,#3940,
    #3941,#3942,#3943,#3944,#3945,#3946,#3947,#3948,#3949,#3950,#3951,
    #3952,#3953,#3954,#3955,#3956,#3957,#3958,#3959,#3960,#3961,#3962,
    #3963,#3964,#3965,#3966,#3967,#3968,#3969,#3970,#3971,#3972,#3973,
    #3974,#3975,#3976,#3977,#3978,#3979,#3980,#3981,#3982,#3983,#3984,
    #3985,#3986,#3987,#3988,#3989,#3990,#3991,#3992,#3993,#3994,#3995,
    #3996,#3997,#3998,#3999,#4000,#4001,#4002,#4003,#4004,#4005,#4006,
    #4007,#4008,#4009,#4010,#4011,#4012,#4013,#4014,#4015,#4016,#4017,
    #4018,#4019,#4020,#4021,#4022,#4023,#4024,#4025,#4026,#4027,#4028,
    #4029,#4030,#4031,#4032,#4033,#4034,#4035,#4036,#4037,#4038,#4039,
    #4040,#4041,#4042,#4043,#4044,#4045,#4046,#4047,#4048,#4049,#4050,
    #4051,#4052,#4053,#4054,#4055,#4056,#4057,#4058,#4059,#4060,#4061,
    #4062,#4063),.UNSPECIFIED.,.F.,.F.,(9,7,7,7,7,7,7,7,7,7,7,7,7,7,7,7,
    7,7,9),(0.,9.200804560255E-02,0.119799083465,0.153873880986,
    0.178123894012,0.220418271529,0.279890050461,0.370600820328,
    0.442701939057,0.499204744086,0.555707549115,0.627808667844,
    0.752962800945,0.792101134028,0.820852200632,0.845241609432,
    0.879512278301,0.907463066727,1.),.UNSPECIFIED.);
#3936 = CARTESIAN_POINT('',(-17.75,-8.881784197001E-16,14.999999957853)
  );
#3937 = CARTESIAN_POINT('',(-17.75,3.059520414794E-09,15.290367702712));
#3938 = CARTESIAN_POINT('',(-17.75000003425,-2.408951248309E-02,
    15.580610383534));
#3939 = CARTESIAN_POINT('',(-17.75000016279,-7.223264194105E-02,
    15.869648058773));
#3940 = CARTESIAN_POINT('',(-17.75044766878,-0.144702034799,
    16.156326917023));
#3941 = CARTESIAN_POINT('',(-17.75223835434,-0.242027855456,
    16.439300850317));
#3942 = CARTESIAN_POINT('',(-17.7567753989,-0.364934349007,
    16.716913472553));
#3943 = CARTESIAN_POINT('',(-17.76608578022,-0.514264012067,
    16.987080583027));
#3944 = CARTESIAN_POINT('',(-17.7881014651,-0.744239072349,
    17.325734034051));
#3945 = CARTESIAN_POINT('',(-17.79390239687,-0.800084199705,
    17.403383341627));
#3946 = CARTESIAN_POINT('',(-17.80047391547,-0.858436160395,
    17.480028266716));
#3947 = CARTESIAN_POINT('',(-17.8078986656,-0.919303440034,
    17.555573272564));
#3948 = CARTESIAN_POINT('',(-17.8162652336,-0.982691487515,
    17.629920037892));
#3949 = CARTESIAN_POINT('',(-17.82566830653,-1.048602602368,
    17.702967478022));
#3950 = CARTESIAN_POINT('',(-17.83620883127,-1.117035822109,
    17.774611765999));
#3951 = CARTESIAN_POINT('',(-17.86244426927,-1.274980341275,
    17.930738891591));
#3952 = CARTESIAN_POINT('',(-17.87877978994,-1.365843728135,
    18.014545548445));
#3953 = CARTESIAN_POINT('',(-17.89718444087,-1.460456668958,18.095838628
    ));
#3954 = CARTESIAN_POINT('',(-17.91784552516,-1.558676812426,
    18.174316198648));
#3955 = CARTESIAN_POINT('',(-17.94095146831,-1.660342052421,
    18.249701402283));
#3956 = CARTESIAN_POINT('',(-17.96668934283,-1.765272823323,
    18.321741763126));
#3957 = CARTESIAN_POINT('',(-17.9952423928,-1.87327439531,
    18.390208496552));
#3958 = CARTESIAN_POINT('',(-18.04923730816,-2.063038309709,
    18.500931847475));
#3959 = CARTESIAN_POINT('',(-18.0731913724,-2.143348530662,
    18.54503093958));
#3960 = CARTESIAN_POINT('',(-18.09869125349,-2.224922778577,
    18.587081643568));
#3961 = CARTESIAN_POINT('',(-18.12577020611,-2.307608104713,
    18.62699073198));
#3962 = CARTESIAN_POINT('',(-18.15445225886,-2.391246780538,
    18.664682735166));
#3963 = CARTESIAN_POINT('',(-18.18475123587,-2.475677412738,
    18.700099475879));
#3964 = CARTESIAN_POINT('',(-18.21666977836,-2.560736058238,
    18.733199603879));
#3965 = CARTESIAN_POINT('',(-18.30867547937,-2.795414757769,
    18.817603987806));
#3966 = CARTESIAN_POINT('',(-18.37191312024,-2.945629646439,
    18.864001114136));
#3967 = CARTESIAN_POINT('',(-18.43986309883,-3.096119827093,
    18.903114124793));
#3968 = CARTESIAN_POINT('',(-18.51238202809,-3.246099164438,
    18.935027163796));
#3969 = CARTESIAN_POINT('',(-18.58922139458,-3.39478602788,
    18.95993727815));
#3970 = CARTESIAN_POINT('',(-18.67001842766,-3.541410393698,
    18.978148370735));
#3971 = CARTESIAN_POINT('',(-18.75428776746,-3.685219587521,
    18.990065731808));
#3972 = CARTESIAN_POINT('',(-18.96392543932,-4.022712070893,
    19.004804338114));
#3973 = CARTESIAN_POINT('',(-19.09217929049,-4.213080599268,
    19.001972127516));
#3974 = CARTESIAN_POINT('',(-19.22551279887,-4.396202107222,
    18.989130014385));
#3975 = CARTESIAN_POINT('',(-19.36326356351,-4.571833112713,
    18.9675747001));
#3976 = CARTESIAN_POINT('',(-19.50478545776,-4.739841205694,
    18.938486267233));
#3977 = CARTESIAN_POINT('',(-19.64945970589,-4.900180246341,
    18.902944882446));
#3978 = CARTESIAN_POINT('',(-19.79670104726,-5.052872352504,
    18.861942025449));
#3979 = CARTESIAN_POINT('',(-20.17361827333,-5.419351062925,
    18.746901186034));
#3980 = CARTESIAN_POINT('',(-20.4069774937,-5.62407938582,
    18.666516436123));
#3981 = CARTESIAN_POINT('',(-20.64485803018,-5.812868727499,
    18.578079867884));
#3982 = CARTESIAN_POINT('',(-20.88642642967,-5.986553536502,
    18.483889975585));
#3983 = CARTESIAN_POINT('',(-21.13120969448,-6.146010692088,
    18.385853875678));
#3984 = CARTESIAN_POINT('',(-21.37909434267,-6.29209216948,
    18.285593151252));
#3985 = CARTESIAN_POINT('',(-21.63034572998,-6.425564600126,
    18.184564308582));
#3986 = CARTESIAN_POINT('',(-22.08863890028,-6.643567386287,
    18.004534596312));
#3987 = CARTESIAN_POINT('',(-22.2938133215,-6.732348699162,
    17.925408697541));
#3988 = CARTESIAN_POINT('',(-22.50135035947,-6.813617732738,
    17.847711850185));
#3989 = CARTESIAN_POINT('',(-22.7113254503,-6.887488610342,
    17.772360389066));
#3990 = CARTESIAN_POINT('',(-22.92379103317,-6.953998854436,
    17.700388189408));
#3991 = CARTESIAN_POINT('',(-23.13881775855,-7.013138779869,
    17.632950909855));
#3992 = CARTESIAN_POINT('',(-23.35653236685,-7.064852231783,
    17.571304341329));
#3993 = CARTESIAN_POINT('',(-23.75004333457,-7.143612327056,
    17.474010151878));
#3994 = CARTESIAN_POINT('',(-23.92529272858,-7.173690055197,
    17.435481056788));
#3995 = CARTESIAN_POINT('',(-24.10220165837,-7.19896093509,
    17.402051401519));
#3996 = CARTESIAN_POINT('',(-24.2802887833,-7.219284016246,
    17.374467383442));
#3997 = CARTESIAN_POINT('',(-24.45924753648,-7.234592326578,
    17.353319290393));
#3998 = CARTESIAN_POINT('',(-24.63890298086,-7.244845354246,
    17.339028929009));
#3999 = CARTESIAN_POINT('',(-24.81916816806,-7.25,17.331844763272));
#4000 = CARTESIAN_POINT('',(-25.18083183193,-7.25,17.331844763272));
#4001 = CARTESIAN_POINT('',(-25.36109701913,-7.244845354246,
    17.339028929009));
#4002 = CARTESIAN_POINT('',(-25.54075246351,-7.234592326578,
    17.353319290393));
#4003 = CARTESIAN_POINT('',(-25.71971121669,-7.219284016246,
    17.374467383442));
#4004 = CARTESIAN_POINT('',(-25.89779834162,-7.19896093509,
    17.402051401519));
#4005 = CARTESIAN_POINT('',(-26.07470727141,-7.173690055197,
    17.435481056788));
#4006 = CARTESIAN_POINT('',(-26.24995666542,-7.143612327056,
    17.474010151878));
#4007 = CARTESIAN_POINT('',(-26.64346763314,-7.064852231783,
    17.571304341329));
#4008 = CARTESIAN_POINT('',(-26.86118224144,-7.013138779869,
    17.632950909855));
#4009 = CARTESIAN_POINT('',(-27.07620896682,-6.953998854436,
    17.700388189408));
#4010 = CARTESIAN_POINT('',(-27.28867454969,-6.887488610341,
    17.772360389066));
#4011 = CARTESIAN_POINT('',(-27.49864964052,-6.813617732738,
    17.847711850185));
#4012 = CARTESIAN_POINT('',(-27.70618667849,-6.732348699162,
    17.925408697541));
#4013 = CARTESIAN_POINT('',(-27.91136109971,-6.643567386287,
    18.004534596312));
#4014 = CARTESIAN_POINT('',(-28.4666076207,-6.379445430239,
    18.222650156158));
#4015 = CARTESIAN_POINT('',(-28.80982736697,-6.189614854147,
    18.361911795711));
#4016 = CARTESIAN_POINT('',(-29.14714493981,-5.975695945125,
    18.498574328592));
#4017 = CARTESIAN_POINT('',(-29.47925444081,-5.735162114464,
    18.62917572762));
#4018 = CARTESIAN_POINT('',(-29.80523825085,-5.465411626288,
    18.749094028082));
#4019 = CARTESIAN_POINT('',(-30.1226691349,-5.164025704391,
    18.852249670979));
#4020 = CARTESIAN_POINT('',(-30.42767682084,-4.829211978797,
    18.930648064891));
#4021 = CARTESIAN_POINT('',(-30.80519049219,-4.34552964772,
    18.986736068672));
#4022 = CARTESIAN_POINT('',(-30.8935579336,-4.226836737583,
    18.996629805273));
#4023 = CARTESIAN_POINT('',(-30.98003554867,-4.104859577196,
    19.00267823788));
#4024 = CARTESIAN_POINT('',(-31.06432525097,-3.97980186083,
    19.004510853686));
#4025 = CARTESIAN_POINT('',(-31.14615589088,-3.851887406291,
    19.001763819901));
#4026 = CARTESIAN_POINT('',(-31.22528365461,-3.721360726349,
    18.994079618851));
#4027 = CARTESIAN_POINT('',(-31.3014924633,-3.588487600166,
    18.981106683086));
#4028 = CARTESIAN_POINT('',(-31.4282951223,-3.354434467819,
    18.948829826482));
#4029 = CARTESIAN_POINT('',(-31.48028546707,-3.254264928599,
    18.932128474403));
#4030 = CARTESIAN_POINT('',(-31.53041391151,-3.153312130029,
    18.91228469972));
#4031 = CARTESIAN_POINT('',(-31.5785583414,-3.051845178634,
    18.889214439515));
#4032 = CARTESIAN_POINT('',(-31.62462458886,-2.950135385203,
    18.86286079675));
#4033 = CARTESIAN_POINT('',(-31.66854499811,-2.848454465488,
    18.833194994533));
#4034 = CARTESIAN_POINT('',(-31.71027699121,-2.7470727409,18.80021733039
    ));
#4035 = CARTESIAN_POINT('',(-31.78333022163,-2.560736058238,
    18.733199603879));
#4036 = CARTESIAN_POINT('',(-31.81524876412,-2.475677412738,
    18.700099475879));
#4037 = CARTESIAN_POINT('',(-31.84554774113,-2.391246780538,
    18.664682735166));
#4038 = CARTESIAN_POINT('',(-31.87422979388,-2.307608104713,
    18.62699073198));
#4039 = CARTESIAN_POINT('',(-31.9013087465,-2.224922778577,
    18.587081643568));
#4040 = CARTESIAN_POINT('',(-31.92680862759,-2.143348530662,
    18.54503093958));
#4041 = CARTESIAN_POINT('',(-31.95076269183,-2.063038309709,
    18.500931847475));
#4042 = CARTESIAN_POINT('',(-32.00475760719,-1.87327439531,
    18.390208496552));
#4043 = CARTESIAN_POINT('',(-32.03331065716,-1.765272823323,
    18.321741763126));
#4044 = CARTESIAN_POINT('',(-32.05904853168,-1.660342052421,
    18.249701402283));
#4045 = CARTESIAN_POINT('',(-32.08215447483,-1.558676812426,
    18.174316198648));
#4046 = CARTESIAN_POINT('',(-32.10281555912,-1.460456668958,18.095838628
    ));
#4047 = CARTESIAN_POINT('',(-32.12122021005,-1.365843728135,
    18.014545548445));
#4048 = CARTESIAN_POINT('',(-32.13755573072,-1.274980341275,
    17.930738891591));
#4049 = CARTESIAN_POINT('',(-32.16379116872,-1.117035822105,
    17.774611765995));
#4050 = CARTESIAN_POINT('',(-32.17433169346,-1.048602602367,
    17.70296747802));
#4051 = CARTESIAN_POINT('',(-32.18373476639,-0.982691487517,
    17.629920037894));
#4052 = CARTESIAN_POINT('',(-32.19210133439,-0.919303440037,
    17.555573272567));
#4053 = CARTESIAN_POINT('',(-32.19952608453,-0.858436160397,
    17.480028266718));
#4054 = CARTESIAN_POINT('',(-32.20609760312,-0.800084199704,
    17.403383341626));
#4055 = CARTESIAN_POINT('',(-32.21189853489,-0.744239072347,
    17.325734034047));
#4056 = CARTESIAN_POINT('',(-32.23391421977,-0.514264012067,
    16.987080583027));
#4057 = CARTESIAN_POINT('',(-32.24322460109,-0.364934349007,
    16.716913472552));
#4058 = CARTESIAN_POINT('',(-32.24776164565,-0.242027855456,
    16.439300850317));
#4059 = CARTESIAN_POINT('',(-32.24955233121,-0.144702034799,
    16.156326917023));
#4060 = CARTESIAN_POINT('',(-32.2499998372,-7.223264194109E-02,
    15.869648058773));
#4061 = CARTESIAN_POINT('',(-32.24999996574,-2.408951248299E-02,
    15.580610383534));
#4062 = CARTESIAN_POINT('',(-32.25,3.059521302973E-09,15.290367702712));
#4063 = CARTESIAN_POINT('',(-32.25,0.,14.999999957853));
#4064 = PCURVE('',#1214,#4065);
#4065 = DEFINITIONAL_REPRESENTATION('',(#4066),#4195);
#4066 = B_SPLINE_CURVE_WITH_KNOTS('',8,(#4067,#4068,#4069,#4070,#4071,
    #4072,#4073,#4074,#4075,#4076,#4077,#4078,#4079,#4080,#4081,#4082,
    #4083,#4084,#4085,#4086,#4087,#4088,#4089,#4090,#4091,#4092,#4093,
    #4094,#4095,#4096,#4097,#4098,#4099,#4100,#4101,#4102,#4103,#4104,
    #4105,#4106,#4107,#4108,#4109,#4110,#4111,#4112,#4113,#4114,#4115,
    #4116,#4117,#4118,#4119,#4120,#4121,#4122,#4123,#4124,#4125,#4126,
    #4127,#4128,#4129,#4130,#4131,#4132,#4133,#4134,#4135,#4136,#4137,
    #4138,#4139,#4140,#4141,#4142,#4143,#4144,#4145,#4146,#4147,#4148,
    #4149,#4150,#4151,#4152,#4153,#4154,#4155,#4156,#4157,#4158,#4159,
    #4160,#4161,#4162,#4163,#4164,#4165,#4166,#4167,#4168,#4169,#4170,
    #4171,#4172,#4173,#4174,#4175,#4176,#4177,#4178,#4179,#4180,#4181,
    #4182,#4183,#4184,#4185,#4186,#4187,#4188,#4189,#4190,#4191,#4192,
    #4193,#4194),.UNSPECIFIED.,.F.,.F.,(9,7,7,7,7,7,7,7,7,7,7,7,7,7,7,7,
    7,7,9),(0.,9.200804560255E-02,0.119799083465,0.153873880986,
    0.178123894012,0.220418271529,0.279890050461,0.370600820328,
    0.442701939057,0.499204744086,0.555707549115,0.627808667844,
    0.752962800945,0.792101134028,0.820852200632,0.845241609432,
    0.879512278301,0.907463066727,1.),.UNSPECIFIED.);
#4067 = CARTESIAN_POINT('',(1.05367119474E-08,-33.25));
#4068 = CARTESIAN_POINT('',(-7.259192567804E-02,-33.25));
#4069 = CARTESIAN_POINT('',(-0.14515291719,-33.24999996574));
#4070 = CARTESIAN_POINT('',(-0.2179944216,-33.2499998372));
#4071 = CARTESIAN_POINT('',(-0.291411202569,-33.24955233121));
#4072 = CARTESIAN_POINT('',(-0.36568705673,-33.24776164565));
#4073 = CARTESIAN_POINT('',(-0.441103722695,-33.24322460109));
#4074 = CARTESIAN_POINT('',(-0.517952972176,-33.23391421977));
#4075 = CARTESIAN_POINT('',(-0.620292690835,-33.21189853489));
#4076 = CARTESIAN_POINT('',(-0.644195427224,-33.20609760312));
#4077 = CARTESIAN_POINT('',(-0.668262912736,-33.19952608453));
#4078 = CARTESIAN_POINT('',(-0.692498134161,-33.19210133439));
#4079 = CARTESIAN_POINT('',(-0.716904293215,-33.18373476639));
#4080 = CARTESIAN_POINT('',(-0.741484855063,-33.17433169346));
#4081 = CARTESIAN_POINT('',(-0.766243596832,-33.16379116872));
#4082 = CARTESIAN_POINT('',(-0.821765073803,-33.13755573072));
#4083 = CARTESIAN_POINT('',(-0.85264934112,-33.12122021005));
#4084 = CARTESIAN_POINT('',(-0.88380214016,-33.10281555912));
#4085 = CARTESIAN_POINT('',(-0.915192243708,-33.08215447483));
#4086 = CARTESIAN_POINT('',(-0.946791952875,-33.05904853168));
#4087 = CARTESIAN_POINT('',(-0.97857653471,-33.03331065716));
#4088 = CARTESIAN_POINT('',(-1.010523659819,-33.00475760719));
#4089 = CARTESIAN_POINT('',(-1.065449748593,-32.95076269183));
#4090 = CARTESIAN_POINT('',(-1.088347306813,-32.92680862759));
#4091 = CARTESIAN_POINT('',(-1.111277897644,-32.9013087465));
#4092 = CARTESIAN_POINT('',(-1.134215279118,-32.87422979388));
#4093 = CARTESIAN_POINT('',(-1.157134340817,-32.84554774113));
#4094 = CARTESIAN_POINT('',(-1.180010860395,-32.81524876412));
#4095 = CARTESIAN_POINT('',(-1.20282126009,-32.78333022163));
#4096 = CARTESIAN_POINT('',(-1.265170173492,-32.69132452062));
#4097 = CARTESIAN_POINT('',(-1.304433443019,-32.62808687975));
#4098 = CARTESIAN_POINT('',(-1.343240004364,-32.56013690117));
#4099 = CARTESIAN_POINT('',(-1.381499520779,-32.4876179719));
#4100 = CARTESIAN_POINT('',(-1.419120184651,-32.41077860541));
#4101 = CARTESIAN_POINT('',(-1.456005899902,-32.32998157233));
#4102 = CARTESIAN_POINT('',(-1.492053948367,-32.24571223254));
#4103 = CARTESIAN_POINT('',(-1.576507486943,-32.03607456067));
#4104 = CARTESIAN_POINT('',(-1.624023490546,-31.9078207095));
#4105 = CARTESIAN_POINT('',(-1.669803170954,-31.77448720112));
#4106 = CARTESIAN_POINT('',(-1.713926442767,-31.63673643648));
#4107 = CARTESIAN_POINT('',(-1.756456974313,-31.49521454224));
#4108 = CARTESIAN_POINT('',(-1.797446470074,-31.3505402941));
#4109 = CARTESIAN_POINT('',(-1.836937376423,-31.20329895273));
#4110 = CARTESIAN_POINT('',(-1.9329650547,-30.82638172666));
#4111 = CARTESIAN_POINT('',(-1.987816541582,-30.5930225063));
#4112 = CARTESIAN_POINT('',(-2.03976614273,-30.35514196981));
#4113 = CARTESIAN_POINT('',(-2.089003413008,-30.11357357032));
#4114 = CARTESIAN_POINT('',(-2.135674826014,-29.86879030551));
#4115 = CARTESIAN_POINT('',(-2.179888059757,-29.62090565732));
#4116 = CARTESIAN_POINT('',(-2.221699685304,-29.36965427001));
#4117 = CARTESIAN_POINT('',(-2.292382034618,-28.91136109971));
#4118 = CARTESIAN_POINT('',(-2.322092189205,-28.70618667849));
#4119 = CARTESIAN_POINT('',(-2.350172989243,-28.49864964052));
#4120 = CARTESIAN_POINT('',(-2.376528417387,-28.28867454969));
#4121 = CARTESIAN_POINT('',(-2.40101037258,-28.07620896682));
#4122 = CARTESIAN_POINT('',(-2.423424821051,-27.86118224144));
#4123 = CARTESIAN_POINT('',(-2.443538050182,-27.64346763314));
#4124 = CARTESIAN_POINT('',(-2.474832330718,-27.24995666542));
#4125 = CARTESIAN_POINT('',(-2.487050117944,-27.07470727141));
#4126 = CARTESIAN_POINT('',(-2.497525107397,-26.89779834162));
#4127 = CARTESIAN_POINT('',(-2.506089869978,-26.71971121669));
#4128 = CARTESIAN_POINT('',(-2.512616551373,-26.54075246351));
#4129 = CARTESIAN_POINT('',(-2.517013695214,-26.36109701913));
#4130 = CARTESIAN_POINT('',(-2.519224165035,-26.18083183193));
#4131 = CARTESIAN_POINT('',(-2.519224165035,-25.81916816806));
#4132 = CARTESIAN_POINT('',(-2.517013695214,-25.63890298086));
#4133 = CARTESIAN_POINT('',(-2.512616551373,-25.45924753648));
#4134 = CARTESIAN_POINT('',(-2.506089869978,-25.2802887833));
#4135 = CARTESIAN_POINT('',(-2.497525107397,-25.10220165837));
#4136 = CARTESIAN_POINT('',(-2.487050117944,-24.92529272858));
#4137 = CARTESIAN_POINT('',(-2.474832330718,-24.75004333457));
#4138 = CARTESIAN_POINT('',(-2.443538050182,-24.35653236685));
#4139 = CARTESIAN_POINT('',(-2.423424821051,-24.13881775855));
#4140 = CARTESIAN_POINT('',(-2.40101037258,-23.92379103317));
#4141 = CARTESIAN_POINT('',(-2.376528417387,-23.7113254503));
#4142 = CARTESIAN_POINT('',(-2.350172989243,-23.50135035947));
#4143 = CARTESIAN_POINT('',(-2.322092189205,-23.2938133215));
#4144 = CARTESIAN_POINT('',(-2.292382034618,-23.08863890028));
#4145 = CARTESIAN_POINT('',(-2.206746613678,-22.53339237929));
#4146 = CARTESIAN_POINT('',(-2.147984628784,-22.19017263303));
#4147 = CARTESIAN_POINT('',(-2.084749303843,-21.85285506018));
#4148 = CARTESIAN_POINT('',(-2.016689908302,-21.52074555918));
#4149 = CARTESIAN_POINT('',(-1.943406920499,-21.19476174914));
#4150 = CARTESIAN_POINT('',(-1.864376840733,-20.87733086509));
#4151 = CARTESIAN_POINT('',(-1.778972837518,-20.57232317915));
#4152 = CARTESIAN_POINT('',(-1.657241971064,-20.1948095078));
#4153 = CARTESIAN_POINT('',(-1.627481380312,-20.10644206639));
#4154 = CARTESIAN_POINT('',(-1.59697869935,-20.01996445132));
#4155 = CARTESIAN_POINT('',(-1.565749882719,-19.93567474902));
#4156 = CARTESIAN_POINT('',(-1.533807192333,-19.85384410911));
#4157 = CARTESIAN_POINT('',(-1.501158892789,-19.77471634538));
#4158 = CARTESIAN_POINT('',(-1.467808946667,-19.69850753669));
#4159 = CARTESIAN_POINT('',(-1.40874189566,-19.57170487769));
#4160 = CARTESIAN_POINT('',(-1.383363867978,-19.51971453292));
#4161 = CARTESIAN_POINT('',(-1.35766073898,-19.46958608848));
#4162 = CARTESIAN_POINT('',(-1.331669463402,-19.42144165859));
#4163 = CARTESIAN_POINT('',(-1.305426211456,-19.37537541113));
#4164 = CARTESIAN_POINT('',(-1.278966741764,-19.33145500188));
#4165 = CARTESIAN_POINT('',(-1.252326774285,-19.28972300878));
#4166 = CARTESIAN_POINT('',(-1.20282126009,-19.21666977836));
#4167 = CARTESIAN_POINT('',(-1.180010860395,-19.18475123587));
#4168 = CARTESIAN_POINT('',(-1.157134340817,-19.15445225886));
#4169 = CARTESIAN_POINT('',(-1.134215279118,-19.12577020611));
#4170 = CARTESIAN_POINT('',(-1.111277897644,-19.09869125349));
#4171 = CARTESIAN_POINT('',(-1.088347306813,-19.0731913724));
#4172 = CARTESIAN_POINT('',(-1.065449748593,-19.04923730816));
#4173 = CARTESIAN_POINT('',(-1.010523659819,-18.9952423928));
#4174 = CARTESIAN_POINT('',(-0.97857653471,-18.96668934283));
#4175 = CARTESIAN_POINT('',(-0.946791952875,-18.94095146831));
#4176 = CARTESIAN_POINT('',(-0.915192243708,-18.91784552516));
#4177 = CARTESIAN_POINT('',(-0.88380214016,-18.89718444087));
#4178 = CARTESIAN_POINT('',(-0.85264934112,-18.87877978994));
#4179 = CARTESIAN_POINT('',(-0.821765073803,-18.86244426927));
#4180 = CARTESIAN_POINT('',(-0.766243596831,-18.83620883127));
#4181 = CARTESIAN_POINT('',(-0.741484855062,-18.82566830653));
#4182 = CARTESIAN_POINT('',(-0.716904293215,-18.8162652336));
#4183 = CARTESIAN_POINT('',(-0.692498134162,-18.8078986656));
#4184 = CARTESIAN_POINT('',(-0.668262912737,-18.80047391547));
#4185 = CARTESIAN_POINT('',(-0.644195427223,-18.79390239687));
#4186 = CARTESIAN_POINT('',(-0.620292690834,-18.7881014651));
#4187 = CARTESIAN_POINT('',(-0.517952972176,-18.76608578022));
#4188 = CARTESIAN_POINT('',(-0.441103722695,-18.7567753989));
#4189 = CARTESIAN_POINT('',(-0.36568705673,-18.75223835434));
#4190 = CARTESIAN_POINT('',(-0.291411202569,-18.75044766878));
#4191 = CARTESIAN_POINT('',(-0.2179944216,-18.75000016279));
#4192 = CARTESIAN_POINT('',(-0.14515291719,-18.75000003425));
#4193 = CARTESIAN_POINT('',(-7.259192567805E-02,-18.75));
#4194 = CARTESIAN_POINT('',(1.05367119474E-08,-18.75));
#4195 = ( GEOMETRIC_REPRESENTATION_CONTEXT(2) 
PARAMETRIC_REPRESENTATION_CONTEXT() REPRESENTATION_CONTEXT('2D SPACE',''
  ) );
#4196 = PCURVE('',#2715,#4197);
#4197 = DEFINITIONAL_REPRESENTATION('',(#4198),#4327);
#4198 = B_SPLINE_CURVE_WITH_KNOTS('',8,(#4199,#4200,#4201,#4202,#4203,
    #4204,#4205,#4206,#4207,#4208,#4209,#4210,#4211,#4212,#4213,#4214,
    #4215,#4216,#4217,#4218,#4219,#4220,#4221,#4222,#4223,#4224,#4225,
    #4226,#4227,#4228,#4229,#4230,#4231,#4232,#4233,#4234,#4235,#4236,
    #4237,#4238,#4239,#4240,#4241,#4242,#4243,#4244,#4245,#4246,#4247,
    #4248,#4249,#4250,#4251,#4252,#4253,#4254,#4255,#4256,#4257,#4258,
    #4259,#4260,#4261,#4262,#4263,#4264,#4265,#4266,#4267,#4268,#4269,
    #4270,#4271,#4272,#4273,#4274,#4275,#4276,#4277,#4278,#4279,#4280,
    #4281,#4282,#4283,#4284,#4285,#4286,#4287,#4288,#4289,#4290,#4291,
    #4292,#4293,#4294,#4295,#4296,#4297,#4298,#4299,#4300,#4301,#4302,
    #4303,#4304,#4305,#4306,#4307,#4308,#4309,#4310,#4311,#4312,#4313,
    #4314,#4315,#4316,#4317,#4318,#4319,#4320,#4321,#4322,#4323,#4324,
    #4325,#4326),.UNSPECIFIED.,.F.,.F.,(9,7,7,7,7,7,7,7,7,7,7,7,7,7,7,7,
    7,7,9),(0.,9.200804560255E-02,0.119799083465,0.153873880986,
    0.178123894012,0.220418271529,0.279890050461,0.370600820328,
    0.442701939057,0.499204744086,0.555707549115,0.627808667844,
    0.752962800945,0.792101134028,0.820852200632,0.845241609432,
    0.879512278301,0.907463066727,1.),.UNSPECIFIED.);
#4199 = CARTESIAN_POINT('',(6.28318530718,-31.00000004214));
#4200 = CARTESIAN_POINT('',(6.283185307602,-30.70963229728));
#4201 = CARTESIAN_POINT('',(6.279862475622,-30.41938961646));
#4202 = CARTESIAN_POINT('',(6.273222382728,-30.13035194122));
#4203 = CARTESIAN_POINT('',(6.263226478692,-29.84367308297));
#4204 = CARTESIAN_POINT('',(6.249801854936,-29.56069914968));
#4205 = CARTESIAN_POINT('',(6.232844906561,-29.28308652744));
#4206 = CARTESIAN_POINT('',(6.212218893057,-29.01291941697));
#4207 = CARTESIAN_POINT('',(6.180353176373,-28.67426596594));
#4208 = CARTESIAN_POINT('',(6.172609208991,-28.59661665837));
#4209 = CARTESIAN_POINT('',(6.164510295792,-28.51997173328));
#4210 = CARTESIAN_POINT('',(6.156053329318,-28.44442672743));
#4211 = CARTESIAN_POINT('',(6.147235236588,-28.3700799621));
#4212 = CARTESIAN_POINT('',(6.138052921271,-28.29703252197));
#4213 = CARTESIAN_POINT('',(6.128503205861,-28.225388234));
#4214 = CARTESIAN_POINT('',(6.106419258644,-28.0692611084));
#4215 = CARTESIAN_POINT('',(6.093686561998,-27.98545445155));
#4216 = CARTESIAN_POINT('',(6.080394188983,-27.904161372));
#4217 = CARTESIAN_POINT('',(6.066553433885,-27.82568380135));
#4218 = CARTESIAN_POINT('',(6.052177005647,-27.75029859771));
#4219 = CARTESIAN_POINT('',(6.037278653309,-27.67825823687));
#4220 = CARTESIAN_POINT('',(6.021872791449,-27.60979150344));
#4221 = CARTESIAN_POINT('',(5.99465952124,-27.49906815252));
#4222 = CARTESIAN_POINT('',(5.983100925183,-27.45496906042));
#4223 = CARTESIAN_POINT('',(5.971314089603,-27.41291835643));
#4224 = CARTESIAN_POINT('',(5.959315429362,-27.37300926802));
#4225 = CARTESIAN_POINT('',(5.947121975298,-27.33531726483));
#4226 = CARTESIAN_POINT('',(5.934751327492,-27.29990052412));
#4227 = CARTESIAN_POINT('',(5.922221608532,-27.26680039612));
#4228 = CARTESIAN_POINT('',(5.887453372032,-27.18239601219));
#4229 = CARTESIAN_POINT('',(5.864979859428,-27.13599888586));
#4230 = CARTESIAN_POINT('',(5.842217325416,-27.0968858752));
#4231 = CARTESIAN_POINT('',(5.81925511578,-27.0649728362));
#4232 = CARTESIAN_POINT('',(5.796186195255,-27.04006272185));
#4233 = CARTESIAN_POINT('',(5.773108299187,-27.02185162926));
#4234 = CARTESIAN_POINT('',(5.75012551723,-27.00993426819));
#4235 = CARTESIAN_POINT('',(5.695325197869,-26.99519566188));
#4236 = CARTESIAN_POINT('',(5.663686043273,-26.99802787248));
#4237 = CARTESIAN_POINT('',(5.632476198326,-27.01086998561));
#4238 = CARTESIAN_POINT('',(5.601727545085,-27.0324252999));
#4239 = CARTESIAN_POINT('',(5.57146393388,-27.06151373276));
#4240 = CARTESIAN_POINT('',(5.541703651091,-27.09705511755));
#4241 = CARTESIAN_POINT('',(5.51246091546,-27.13805797455));
#4242 = CARTESIAN_POINT('',(5.43994889794,-27.25309881396));
#4243 = CARTESIAN_POINT('',(5.397186375908,-27.33348356387));
#4244 = CARTESIAN_POINT('',(5.355381221457,-27.42192013211));
#4245 = CARTESIAN_POINT('',(5.314433248205,-27.51611002441));
#4246 = CARTESIAN_POINT('',(5.274220749724,-27.61414612432));
#4247 = CARTESIAN_POINT('',(5.234599362361,-27.71440684874));
#4248 = CARTESIAN_POINT('',(5.195396029171,-27.81543569141));
#4249 = CARTESIAN_POINT('',(5.125395812462,-27.99546540368));
#4250 = CARTESIAN_POINT('',(5.09457959511,-28.07459130245));
#4251 = CARTESIAN_POINT('',(5.063868965329,-28.15228814981));
#4252 = CARTESIAN_POINT('',(5.033204264425,-28.22763961093));
#4253 = CARTESIAN_POINT('',(5.002533785535,-28.29961181059));
#4254 = CARTESIAN_POINT('',(4.971805389503,-28.36704909014));
#4255 = CARTESIAN_POINT('',(4.940959862914,-28.42869565867));
#4256 = CARTESIAN_POINT('',(4.885606017379,-28.52598984812));
#4257 = CARTESIAN_POINT('',(4.861089598186,-28.56451894321));
#4258 = CARTESIAN_POINT('',(4.836456847384,-28.59794859848));
#4259 = CARTESIAN_POINT('',(4.811753451801,-28.62553261655));
#4260 = CARTESIAN_POINT('',(4.786999209974,-28.6466807096));
#4261 = CARTESIAN_POINT('',(4.76219544262,-28.66097107099));
#4262 = CARTESIAN_POINT('',(4.737331302031,-28.66815523672));
#4263 = CARTESIAN_POINT('',(4.687446658738,-28.66815523672));
#4264 = CARTESIAN_POINT('',(4.662582518149,-28.66097107099));
#4265 = CARTESIAN_POINT('',(4.637778750795,-28.6466807096));
#4266 = CARTESIAN_POINT('',(4.613024508968,-28.62553261655));
#4267 = CARTESIAN_POINT('',(4.588321113386,-28.59794859848));
#4268 = CARTESIAN_POINT('',(4.563688362583,-28.56451894321));
#4269 = CARTESIAN_POINT('',(4.53917194339,-28.52598984812));
#4270 = CARTESIAN_POINT('',(4.483818097856,-28.42869565867));
#4271 = CARTESIAN_POINT('',(4.452972571266,-28.36704909014));
#4272 = CARTESIAN_POINT('',(4.422244175235,-28.29961181059));
#4273 = CARTESIAN_POINT('',(4.391573696345,-28.22763961093));
#4274 = CARTESIAN_POINT('',(4.36090899544,-28.15228814981));
#4275 = CARTESIAN_POINT('',(4.33019836566,-28.07459130245));
#4276 = CARTESIAN_POINT('',(4.299382148308,-27.99546540368));
#4277 = CARTESIAN_POINT('',(4.214573167255,-27.77734984384));
#4278 = CARTESIAN_POINT('',(4.160575343865,-27.63808820428));
#4279 = CARTESIAN_POINT('',(4.105648043569,-27.5014256714));
#4280 = CARTESIAN_POINT('',(4.04931058834,-27.37082427238));
#4281 = CARTESIAN_POINT('',(3.991206002273,-27.25090597191));
#4282 = CARTESIAN_POINT('',(3.931088267321,-27.14775032902));
#4283 = CARTESIAN_POINT('',(3.868798391039,-27.0693519351));
#4284 = CARTESIAN_POINT('',(3.784168380653,-27.01326393132));
#4285 = CARTESIAN_POINT('',(3.763763216611,-27.00337019472));
#4286 = CARTESIAN_POINT('',(3.743148859366,-26.99732176212));
#4287 = CARTESIAN_POINT('',(3.722358976891,-26.99548914631));
#4288 = CARTESIAN_POINT('',(3.701426280828,-26.99823618009));
#4289 = CARTESIAN_POINT('',(3.680383012256,-27.00592038114));
#4290 = CARTESIAN_POINT('',(3.659261427462,-27.01889331691));
#4291 = CARTESIAN_POINT('',(3.622544874426,-27.05117017351));
#4292 = CARTESIAN_POINT('',(3.606980714098,-27.06787152559));
#4293 = CARTESIAN_POINT('',(3.591438145923,-27.08771530028));
#4294 = CARTESIAN_POINT('',(3.5759520771,-27.11078556048));
#4295 = CARTESIAN_POINT('',(3.560556083554,-27.13713920325));
#4296 = CARTESIAN_POINT('',(3.545282514664,-27.16680500546));
#4297 = CARTESIAN_POINT('',(3.530162597987,-27.19978266961));
#4298 = CARTESIAN_POINT('',(3.502556352237,-27.26680039612));
#4299 = CARTESIAN_POINT('',(3.490026633278,-27.29990052412));
#4300 = CARTESIAN_POINT('',(3.477655985471,-27.33531726483));
#4301 = CARTESIAN_POINT('',(3.465462531408,-27.37300926802));
#4302 = CARTESIAN_POINT('',(3.453463871167,-27.41291835643));
#4303 = CARTESIAN_POINT('',(3.441677035587,-27.45496906042));
#4304 = CARTESIAN_POINT('',(3.430118439529,-27.49906815252));
#4305 = CARTESIAN_POINT('',(3.40290516932,-27.60979150344));
#4306 = CARTESIAN_POINT('',(3.387499307461,-27.67825823687));
#4307 = CARTESIAN_POINT('',(3.372600955122,-27.75029859771));
#4308 = CARTESIAN_POINT('',(3.358224526884,-27.82568380135));
#4309 = CARTESIAN_POINT('',(3.344383771786,-27.904161372));
#4310 = CARTESIAN_POINT('',(3.331091398772,-27.98545445155));
#4311 = CARTESIAN_POINT('',(3.318358702125,-28.0692611084));
#4312 = CARTESIAN_POINT('',(3.296274754908,-28.225388234));
#4313 = CARTESIAN_POINT('',(3.286725039498,-28.29703252198));
#4314 = CARTESIAN_POINT('',(3.277542724181,-28.3700799621));
#4315 = CARTESIAN_POINT('',(3.268724631452,-28.44442672743));
#4316 = CARTESIAN_POINT('',(3.260267664978,-28.51997173328));
#4317 = CARTESIAN_POINT('',(3.252168751778,-28.59661665837));
#4318 = CARTESIAN_POINT('',(3.244424784396,-28.67426596595));
#4319 = CARTESIAN_POINT('',(3.212559067712,-29.01291941697));
#4320 = CARTESIAN_POINT('',(3.191933054209,-29.28308652744));
#4321 = CARTESIAN_POINT('',(3.174976105833,-29.56069914968));
#4322 = CARTESIAN_POINT('',(3.161551482077,-29.84367308297));
#4323 = CARTESIAN_POINT('',(3.151555578042,-30.13035194122));
#4324 = CARTESIAN_POINT('',(3.144915485147,-30.41938961646));
#4325 = CARTESIAN_POINT('',(3.141592653168,-30.70963229728));
#4326 = CARTESIAN_POINT('',(3.14159265359,-31.00000004214));
#4327 = ( GEOMETRIC_REPRESENTATION_CONTEXT(2) 
PARAMETRIC_REPRESENTATION_CONTEXT() REPRESENTATION_CONTEXT('2D SPACE',''
  ) );
#4328 = ORIENTED_EDGE('',*,*,#2668,.T.);
#4329 = ORIENTED_EDGE('',*,*,#4330,.F.);
#4330 = EDGE_CURVE('',#1425,#2634,#4331,.T.);
#4331 = SURFACE_CURVE('',#4332,(#4461,#4593),.PCURVE_S1.);
#4332 = B_SPLINE_CURVE_WITH_KNOTS('',8,(#4333,#4334,#4335,#4336,#4337,
    #4338,#4339,#4340,#4341,#4342,#4343,#4344,#4345,#4346,#4347,#4348,
    #4349,#4350,#4351,#4352,#4353,#4354,#4355,#4356,#4357,#4358,#4359,
    #4360,#4361,#4362,#4363,#4364,#4365,#4366,#4367,#4368,#4369,#4370,
    #4371,#4372,#4373,#4374,#4375,#4376,#4377,#4378,#4379,#4380,#4381,
    #4382,#4383,#4384,#4385,#4386,#4387,#4388,#4389,#4390,#4391,#4392,
    #4393,#4394,#4395,#4396,#4397,#4398,#4399,#4400,#4401,#4402,#4403,
    #4404,#4405,#4406,#4407,#4408,#4409,#4410,#4411,#4412,#4413,#4414,
    #4415,#4416,#4417,#4418,#4419,#4420,#4421,#4422,#4423,#4424,#4425,
    #4426,#4427,#4428,#4429,#4430,#4431,#4432,#4433,#4434,#4435,#4436,
    #4437,#4438,#4439,#4440,#4441,#4442,#4443,#4444,#4445,#4446,#4447,
    #4448,#4449,#4450,#4451,#4452,#4453,#4454,#4455,#4456,#4457,#4458,
    #4459,#4460),.UNSPECIFIED.,.F.,.F.,(9,7,7,7,7,7,7,7,7,7,7,7,7,7,7,7,
    7,7,9),(0.,9.200804603026E-02,0.119799084022,0.153873881605,
    0.178123894614,0.220418272101,0.27989005099,0.370600820789,
    0.442701939466,0.499204744453,0.555707549441,0.627808668117,
    0.752962801127,0.792101134182,0.820852200764,0.845241609546,
    0.87951227839,0.907463066795,1.),.UNSPECIFIED.);
#4333 = CARTESIAN_POINT('',(32.25,-8.881784197001E-16,14.999999957853));
#4334 = CARTESIAN_POINT('',(32.25,3.059520414794E-09,15.290367702712));
#4335 = CARTESIAN_POINT('',(32.249999965742,-2.40895124831E-02,
    15.580610383534));
#4336 = CARTESIAN_POINT('',(32.249999837209,-7.223264194105E-02,
    15.869648058773));
#4337 = CARTESIAN_POINT('',(32.249552331218,-0.144702034799,
    16.156326917023));
#4338 = CARTESIAN_POINT('',(32.247761645654,-0.242027855456,
    16.439300850317));
#4339 = CARTESIAN_POINT('',(32.243224601091,-0.364934349007,
    16.716913472553));
#4340 = CARTESIAN_POINT('',(32.233914219777,-0.514264012067,
    16.987080583027));
#4341 = CARTESIAN_POINT('',(32.211898534896,-0.744239072349,
    17.325734034051));
#4342 = CARTESIAN_POINT('',(32.206097603128,-0.800084199705,
    17.403383341627));
#4343 = CARTESIAN_POINT('',(32.19952608453,-0.858436160395,
    17.480028266716));
#4344 = CARTESIAN_POINT('',(32.192101334396,-0.919303440034,
    17.555573272564));
#4345 = CARTESIAN_POINT('',(32.183734766393,-0.982691487515,
    17.629920037892));
#4346 = CARTESIAN_POINT('',(32.174331693463,-1.048602602368,
    17.702967478021));
#4347 = CARTESIAN_POINT('',(32.163791168721,-1.117035822109,
    17.774611765999));
#4348 = CARTESIAN_POINT('',(32.137555730764,-1.274980341029,
    17.930738891348));
#4349 = CARTESIAN_POINT('',(32.121220210085,-1.365843728018,
    18.014545548366));
#4350 = CARTESIAN_POINT('',(32.102815559104,-1.460456669078,
    18.095838628126));
#4351 = CARTESIAN_POINT('',(32.082154474779,-1.558676812681,
    18.174316198844));
#4352 = CARTESIAN_POINT('',(32.059048531636,-1.6603420526,
    18.249701402387));
#4353 = CARTESIAN_POINT('',(32.033310657175,-1.765272823251,
    18.321741763058));
#4354 = CARTESIAN_POINT('',(32.004757607274,-1.87327439503,
    18.390208496388));
#4355 = CARTESIAN_POINT('',(31.950762691837,-2.063038309709,
    18.500931847475));
#4356 = CARTESIAN_POINT('',(31.926808627594,-2.143348530662,
    18.54503093958));
#4357 = CARTESIAN_POINT('',(31.901308746504,-2.224922778577,
    18.587081643568));
#4358 = CARTESIAN_POINT('',(31.874229793886,-2.307608104713,
    18.62699073198));
#4359 = CARTESIAN_POINT('',(31.845547741134,-2.391246780538,
    18.664682735166));
#4360 = CARTESIAN_POINT('',(31.815248764127,-2.475677412738,
    18.700099475879));
#4361 = CARTESIAN_POINT('',(31.783330221635,-2.560736058238,
    18.733199603879));
#4362 = CARTESIAN_POINT('',(31.691324520625,-2.795414757769,
    18.817603987806));
#4363 = CARTESIAN_POINT('',(31.628086879756,-2.945629646439,
    18.864001114136));
#4364 = CARTESIAN_POINT('',(31.56013690117,-3.096119827093,
    18.903114124793));
#4365 = CARTESIAN_POINT('',(31.487617971905,-3.246099164438,
    18.935027163796));
#4366 = CARTESIAN_POINT('',(31.410778605416,-3.39478602788,
    18.95993727815));
#4367 = CARTESIAN_POINT('',(31.329981572336,-3.541410393698,
    18.978148370735));
#4368 = CARTESIAN_POINT('',(31.24571223254,-3.685219587521,
    18.990065731808));
#4369 = CARTESIAN_POINT('',(31.036074560671,-4.022712070892,
    19.004804338114));
#4370 = CARTESIAN_POINT('',(30.907820709504,-4.213080599268,
    19.001972127516));
#4371 = CARTESIAN_POINT('',(30.774487201123,-4.396202107222,
    18.989130014385));
#4372 = CARTESIAN_POINT('',(30.636736436483,-4.571833112714,
    18.9675747001));
#4373 = CARTESIAN_POINT('',(30.49521454224,-4.739841205694,
    18.938486267233));
#4374 = CARTESIAN_POINT('',(30.350540294104,-4.90018024634,
    18.902944882446));
#4375 = CARTESIAN_POINT('',(30.203298952732,-5.052872352503,
    18.861942025449));
#4376 = CARTESIAN_POINT('',(29.826381726674,-5.419351062918,
    18.746901186037));
#4377 = CARTESIAN_POINT('',(29.593022506293,-5.624079385829,
    18.666516436121));
#4378 = CARTESIAN_POINT('',(29.355141969808,-5.812868727501,
    18.578079867882));
#4379 = CARTESIAN_POINT('',(29.113573570331,-5.986553536498,
    18.483889975587));
#4380 = CARTESIAN_POINT('',(28.86879030552,-6.146010692086,
    18.385853875681));
#4381 = CARTESIAN_POINT('',(28.620905657327,-6.29209216948,
    18.285593151252));
#4382 = CARTESIAN_POINT('',(28.36965427001,-6.425564600129,
    18.18456430858));
#4383 = CARTESIAN_POINT('',(27.91136109972,-6.643567386287,
    18.004534596312));
#4384 = CARTESIAN_POINT('',(27.706186678492,-6.732348699162,
    17.925408697541));
#4385 = CARTESIAN_POINT('',(27.498649640524,-6.813617732738,
    17.847711850185));
#4386 = CARTESIAN_POINT('',(27.288674549695,-6.887488610341,
    17.772360389066));
#4387 = CARTESIAN_POINT('',(27.076208966826,-6.953998854436,
    17.700388189409));
#4388 = CARTESIAN_POINT('',(26.861182241441,-7.013138779869,
    17.632950909855));
#4389 = CARTESIAN_POINT('',(26.643467633149,-7.064852231783,
    17.57130434133));
#4390 = CARTESIAN_POINT('',(26.249956665427,-7.143612327056,
    17.474010151878));
#4391 = CARTESIAN_POINT('',(26.074707271412,-7.173690055197,
    17.435481056788));
#4392 = CARTESIAN_POINT('',(25.897798341626,-7.19896093509,
    17.402051401519));
#4393 = CARTESIAN_POINT('',(25.719711216698,-7.219284016246,
    17.374467383442));
#4394 = CARTESIAN_POINT('',(25.540752463515,-7.234592326578,
    17.353319290393));
#4395 = CARTESIAN_POINT('',(25.361097019138,-7.244845354246,
    17.339028929009));
#4396 = CARTESIAN_POINT('',(25.180831831939,-7.25,17.331844763272));
#4397 = CARTESIAN_POINT('',(24.819168168061,-7.25,17.331844763272));
#4398 = CARTESIAN_POINT('',(24.638902980862,-7.244845354246,
    17.339028929009));
#4399 = CARTESIAN_POINT('',(24.459247536485,-7.234592326578,
    17.353319290393));
#4400 = CARTESIAN_POINT('',(24.280288783302,-7.219284016246,
    17.374467383442));
#4401 = CARTESIAN_POINT('',(24.102201658374,-7.19896093509,
    17.402051401519));
#4402 = CARTESIAN_POINT('',(23.925292728588,-7.173690055197,
    17.435481056788));
#4403 = CARTESIAN_POINT('',(23.750043334573,-7.143612327056,
    17.474010151878));
#4404 = CARTESIAN_POINT('',(23.356532366852,-7.064852231783,
    17.57130434133));
#4405 = CARTESIAN_POINT('',(23.138817758559,-7.013138779869,
    17.632950909855));
#4406 = CARTESIAN_POINT('',(22.923791033174,-6.953998854436,
    17.700388189409));
#4407 = CARTESIAN_POINT('',(22.711325450305,-6.887488610341,
    17.772360389066));
#4408 = CARTESIAN_POINT('',(22.501350359476,-6.813617732738,
    17.847711850185));
#4409 = CARTESIAN_POINT('',(22.293813321508,-6.732348699162,
    17.925408697541));
#4410 = CARTESIAN_POINT('',(22.088638900281,-6.643567386287,
    18.004534596312));
#4411 = CARTESIAN_POINT('',(21.533392379293,-6.37944543024,
    18.222650156158));
#4412 = CARTESIAN_POINT('',(21.190172633033,-6.189614854149,
    18.36191179571));
#4413 = CARTESIAN_POINT('',(20.852855060171,-5.975695945114,
    18.498574328599));
#4414 = CARTESIAN_POINT('',(20.520745559202,-5.735162114476,
    18.629175727608));
#4415 = CARTESIAN_POINT('',(20.194761749134,-5.465411626285,
    18.74909402809));
#4416 = CARTESIAN_POINT('',(19.877330865089,-5.164025704386,
    18.852249670977));
#4417 = CARTESIAN_POINT('',(19.572323179155,-4.829211978801,
    18.930648064891));
#4418 = CARTESIAN_POINT('',(19.194809507806,-4.34552964772,
    18.986736068672));
#4419 = CARTESIAN_POINT('',(19.106442066391,-4.226836737583,
    18.996629805273));
#4420 = CARTESIAN_POINT('',(19.019964451324,-4.104859577196,
    19.00267823788));
#4421 = CARTESIAN_POINT('',(18.935674749022,-3.97980186083,
    19.004510853686));
#4422 = CARTESIAN_POINT('',(18.853844109116,-3.851887406291,
    19.001763819901));
#4423 = CARTESIAN_POINT('',(18.774716345387,-3.721360726349,
    18.994079618851));
#4424 = CARTESIAN_POINT('',(18.698507536693,-3.588487600166,
    18.981106683086));
#4425 = CARTESIAN_POINT('',(18.571704877699,-3.354434467819,
    18.948829826482));
#4426 = CARTESIAN_POINT('',(18.519714532928,-3.254264928599,
    18.932128474403));
#4427 = CARTESIAN_POINT('',(18.469586088481,-3.153312130029,
    18.91228469972));
#4428 = CARTESIAN_POINT('',(18.421441658595,-3.051845178634,
    18.889214439515));
#4429 = CARTESIAN_POINT('',(18.375375411139,-2.950135385203,
    18.86286079675));
#4430 = CARTESIAN_POINT('',(18.331455001884,-2.848454465488,
    18.833194994533));
#4431 = CARTESIAN_POINT('',(18.289723008788,-2.7470727409,18.80021733039
    ));
#4432 = CARTESIAN_POINT('',(18.216669778365,-2.560736058238,
    18.733199603879));
#4433 = CARTESIAN_POINT('',(18.184751235873,-2.475677412738,
    18.700099475879));
#4434 = CARTESIAN_POINT('',(18.154452258866,-2.391246780538,
    18.664682735166));
#4435 = CARTESIAN_POINT('',(18.125770206114,-2.307608104713,
    18.62699073198));
#4436 = CARTESIAN_POINT('',(18.098691253496,-2.224922778577,
    18.587081643568));
#4437 = CARTESIAN_POINT('',(18.073191372406,-2.143348530662,
    18.54503093958));
#4438 = CARTESIAN_POINT('',(18.049237308163,-2.063038309709,
    18.500931847475));
#4439 = CARTESIAN_POINT('',(17.995242392806,-1.87327439531,
    18.390208496552));
#4440 = CARTESIAN_POINT('',(17.966689342838,-1.765272823323,
    18.321741763126));
#4441 = CARTESIAN_POINT('',(17.940951468313,-1.660342052421,
    18.249701402283));
#4442 = CARTESIAN_POINT('',(17.917845525163,-1.558676812426,
    18.174316198648));
#4443 = CARTESIAN_POINT('',(17.897184440879,-1.460456668958,18.095838628
    ));
#4444 = CARTESIAN_POINT('',(17.878779789946,-1.365843728135,
    18.014545548445));
#4445 = CARTESIAN_POINT('',(17.862444269277,-1.274980341275,
    17.930738891591));
#4446 = CARTESIAN_POINT('',(17.836208831278,-1.117035822105,
    17.774611765995));
#4447 = CARTESIAN_POINT('',(17.825668306537,-1.048602602367,
    17.70296747802));
#4448 = CARTESIAN_POINT('',(17.816265233608,-0.982691487517,
    17.629920037894));
#4449 = CARTESIAN_POINT('',(17.807898665605,-0.919303440037,
    17.555573272567));
#4450 = CARTESIAN_POINT('',(17.80047391547,-0.858436160397,
    17.480028266718));
#4451 = CARTESIAN_POINT('',(17.793902396872,-0.800084199704,
    17.403383341626));
#4452 = CARTESIAN_POINT('',(17.788101465103,-0.744239072347,
    17.325734034047));
#4453 = CARTESIAN_POINT('',(17.766085780223,-0.514264012067,
    16.987080583027));
#4454 = CARTESIAN_POINT('',(17.756775398909,-0.364934349007,
    16.716913472552));
#4455 = CARTESIAN_POINT('',(17.752238354346,-0.242027855456,
    16.439300850317));
#4456 = CARTESIAN_POINT('',(17.750447668782,-0.144702034799,
    16.156326917023));
#4457 = CARTESIAN_POINT('',(17.750000162791,-7.223264194109E-02,
    15.869648058773));
#4458 = CARTESIAN_POINT('',(17.750000034258,-2.408951248303E-02,
    15.580610383534));
#4459 = CARTESIAN_POINT('',(17.75,3.059521302973E-09,15.290367702712));
#4460 = CARTESIAN_POINT('',(17.75,0.,14.999999957853));
#4461 = PCURVE('',#1214,#4462);
#4462 = DEFINITIONAL_REPRESENTATION('',(#4463),#4592);
#4463 = B_SPLINE_CURVE_WITH_KNOTS('',8,(#4464,#4465,#4466,#4467,#4468,
    #4469,#4470,#4471,#4472,#4473,#4474,#4475,#4476,#4477,#4478,#4479,
    #4480,#4481,#4482,#4483,#4484,#4485,#4486,#4487,#4488,#4489,#4490,
    #4491,#4492,#4493,#4494,#4495,#4496,#4497,#4498,#4499,#4500,#4501,
    #4502,#4503,#4504,#4505,#4506,#4507,#4508,#4509,#4510,#4511,#4512,
    #4513,#4514,#4515,#4516,#4517,#4518,#4519,#4520,#4521,#4522,#4523,
    #4524,#4525,#4526,#4527,#4528,#4529,#4530,#4531,#4532,#4533,#4534,
    #4535,#4536,#4537,#4538,#4539,#4540,#4541,#4542,#4543,#4544,#4545,
    #4546,#4547,#4548,#4549,#4550,#4551,#4552,#4553,#4554,#4555,#4556,
    #4557,#4558,#4559,#4560,#4561,#4562,#4563,#4564,#4565,#4566,#4567,
    #4568,#4569,#4570,#4571,#4572,#4573,#4574,#4575,#4576,#4577,#4578,
    #4579,#4580,#4581,#4582,#4583,#4584,#4585,#4586,#4587,#4588,#4589,
    #4590,#4591),.UNSPECIFIED.,.F.,.F.,(9,7,7,7,7,7,7,7,7,7,7,7,7,7,7,7,
    7,7,9),(0.,9.200804603026E-02,0.119799084022,0.153873881605,
    0.178123894614,0.220418272101,0.27989005099,0.370600820789,
    0.442701939466,0.499204744453,0.555707549441,0.627808668117,
    0.752962801127,0.792101134182,0.820852200764,0.845241609546,
    0.87951227839,0.907463066795,1.),.UNSPECIFIED.);
#4464 = CARTESIAN_POINT('',(1.05367119474E-08,-83.25));
#4465 = CARTESIAN_POINT('',(-7.259192567805E-02,-83.25));
#4466 = CARTESIAN_POINT('',(-0.14515291719,-83.24999996574));
#4467 = CARTESIAN_POINT('',(-0.2179944216,-83.2499998372));
#4468 = CARTESIAN_POINT('',(-0.291411202569,-83.24955233121));
#4469 = CARTESIAN_POINT('',(-0.36568705673,-83.24776164565));
#4470 = CARTESIAN_POINT('',(-0.441103722695,-83.24322460109));
#4471 = CARTESIAN_POINT('',(-0.517952972176,-83.23391421977));
#4472 = CARTESIAN_POINT('',(-0.620292690835,-83.21189853489));
#4473 = CARTESIAN_POINT('',(-0.644195427224,-83.20609760312));
#4474 = CARTESIAN_POINT('',(-0.668262912736,-83.19952608453));
#4475 = CARTESIAN_POINT('',(-0.692498134161,-83.19210133439));
#4476 = CARTESIAN_POINT('',(-0.716904293215,-83.18373476639));
#4477 = CARTESIAN_POINT('',(-0.741484855063,-83.17433169346));
#4478 = CARTESIAN_POINT('',(-0.766243596832,-83.16379116872));
#4479 = CARTESIAN_POINT('',(-0.821765073716,-83.13755573076));
#4480 = CARTESIAN_POINT('',(-0.852649341084,-83.12122021008));
#4481 = CARTESIAN_POINT('',(-0.883802140203,-83.1028155591));
#4482 = CARTESIAN_POINT('',(-0.915192243789,-83.08215447477));
#4483 = CARTESIAN_POINT('',(-0.946791952927,-83.05904853163));
#4484 = CARTESIAN_POINT('',(-0.978576534685,-83.03331065717));
#4485 = CARTESIAN_POINT('',(-1.010523659738,-83.00475760727));
#4486 = CARTESIAN_POINT('',(-1.065449748593,-82.95076269183));
#4487 = CARTESIAN_POINT('',(-1.088347306813,-82.92680862759));
#4488 = CARTESIAN_POINT('',(-1.111277897644,-82.9013087465));
#4489 = CARTESIAN_POINT('',(-1.134215279118,-82.87422979388));
#4490 = CARTESIAN_POINT('',(-1.157134340817,-82.84554774113));
#4491 = CARTESIAN_POINT('',(-1.180010860395,-82.81524876412));
#4492 = CARTESIAN_POINT('',(-1.20282126009,-82.78333022163));
#4493 = CARTESIAN_POINT('',(-1.265170173492,-82.69132452062));
#4494 = CARTESIAN_POINT('',(-1.304433443019,-82.62808687975));
#4495 = CARTESIAN_POINT('',(-1.343240004364,-82.56013690117));
#4496 = CARTESIAN_POINT('',(-1.381499520779,-82.4876179719));
#4497 = CARTESIAN_POINT('',(-1.419120184651,-82.41077860541));
#4498 = CARTESIAN_POINT('',(-1.456005899902,-82.32998157233));
#4499 = CARTESIAN_POINT('',(-1.492053948367,-82.24571223254));
#4500 = CARTESIAN_POINT('',(-1.576507486942,-82.03607456067));
#4501 = CARTESIAN_POINT('',(-1.624023490546,-81.9078207095));
#4502 = CARTESIAN_POINT('',(-1.669803170954,-81.77448720112));
#4503 = CARTESIAN_POINT('',(-1.713926442767,-81.63673643648));
#4504 = CARTESIAN_POINT('',(-1.756456974313,-81.49521454224));
#4505 = CARTESIAN_POINT('',(-1.797446470074,-81.3505402941));
#4506 = CARTESIAN_POINT('',(-1.836937376423,-81.20329895273));
#4507 = CARTESIAN_POINT('',(-1.932965054698,-80.82638172667));
#4508 = CARTESIAN_POINT('',(-1.987816541584,-80.59302250629));
#4509 = CARTESIAN_POINT('',(-2.03976614273,-80.3551419698));
#4510 = CARTESIAN_POINT('',(-2.089003413007,-80.11357357033));
#4511 = CARTESIAN_POINT('',(-2.135674826013,-79.86879030552));
#4512 = CARTESIAN_POINT('',(-2.179888059756,-79.62090565732));
#4513 = CARTESIAN_POINT('',(-2.221699685304,-79.36965427001));
#4514 = CARTESIAN_POINT('',(-2.292382034618,-78.91136109972));
#4515 = CARTESIAN_POINT('',(-2.322092189205,-78.70618667849));
#4516 = CARTESIAN_POINT('',(-2.350172989243,-78.49864964052));
#4517 = CARTESIAN_POINT('',(-2.376528417387,-78.28867454969));
#4518 = CARTESIAN_POINT('',(-2.40101037258,-78.07620896682));
#4519 = CARTESIAN_POINT('',(-2.423424821051,-77.86118224144));
#4520 = CARTESIAN_POINT('',(-2.443538050182,-77.64346763314));
#4521 = CARTESIAN_POINT('',(-2.474832330718,-77.24995666542));
#4522 = CARTESIAN_POINT('',(-2.487050117944,-77.07470727141));
#4523 = CARTESIAN_POINT('',(-2.497525107397,-76.89779834162));
#4524 = CARTESIAN_POINT('',(-2.506089869978,-76.71971121669));
#4525 = CARTESIAN_POINT('',(-2.512616551373,-76.54075246351));
#4526 = CARTESIAN_POINT('',(-2.517013695214,-76.36109701913));
#4527 = CARTESIAN_POINT('',(-2.519224165035,-76.18083183193));
#4528 = CARTESIAN_POINT('',(-2.519224165035,-75.81916816806));
#4529 = CARTESIAN_POINT('',(-2.517013695214,-75.63890298086));
#4530 = CARTESIAN_POINT('',(-2.512616551373,-75.45924753648));
#4531 = CARTESIAN_POINT('',(-2.506089869978,-75.2802887833));
#4532 = CARTESIAN_POINT('',(-2.497525107397,-75.10220165837));
#4533 = CARTESIAN_POINT('',(-2.487050117944,-74.92529272858));
#4534 = CARTESIAN_POINT('',(-2.474832330718,-74.75004333457));
#4535 = CARTESIAN_POINT('',(-2.443538050182,-74.35653236685));
#4536 = CARTESIAN_POINT('',(-2.423424821051,-74.13881775855));
#4537 = CARTESIAN_POINT('',(-2.40101037258,-73.92379103317));
#4538 = CARTESIAN_POINT('',(-2.376528417387,-73.7113254503));
#4539 = CARTESIAN_POINT('',(-2.350172989243,-73.50135035947));
#4540 = CARTESIAN_POINT('',(-2.322092189205,-73.2938133215));
#4541 = CARTESIAN_POINT('',(-2.292382034618,-73.08863890028));
#4542 = CARTESIAN_POINT('',(-2.206746613678,-72.53339237929));
#4543 = CARTESIAN_POINT('',(-2.147984628785,-72.19017263303));
#4544 = CARTESIAN_POINT('',(-2.084749303841,-71.85285506016));
#4545 = CARTESIAN_POINT('',(-2.016689908306,-71.52074555921));
#4546 = CARTESIAN_POINT('',(-1.943406920498,-71.19476174912));
#4547 = CARTESIAN_POINT('',(-1.864376840731,-70.87733086509));
#4548 = CARTESIAN_POINT('',(-1.778972837519,-70.57232317915));
#4549 = CARTESIAN_POINT('',(-1.657241971064,-70.1948095078));
#4550 = CARTESIAN_POINT('',(-1.627481380312,-70.10644206639));
#4551 = CARTESIAN_POINT('',(-1.59697869935,-70.01996445132));
#4552 = CARTESIAN_POINT('',(-1.565749882719,-69.93567474902));
#4553 = CARTESIAN_POINT('',(-1.533807192333,-69.85384410911));
#4554 = CARTESIAN_POINT('',(-1.501158892789,-69.77471634538));
#4555 = CARTESIAN_POINT('',(-1.467808946667,-69.69850753669));
#4556 = CARTESIAN_POINT('',(-1.40874189566,-69.57170487769));
#4557 = CARTESIAN_POINT('',(-1.383363867978,-69.51971453292));
#4558 = CARTESIAN_POINT('',(-1.35766073898,-69.46958608848));
#4559 = CARTESIAN_POINT('',(-1.331669463402,-69.42144165859));
#4560 = CARTESIAN_POINT('',(-1.305426211456,-69.37537541113));
#4561 = CARTESIAN_POINT('',(-1.278966741764,-69.33145500188));
#4562 = CARTESIAN_POINT('',(-1.252326774285,-69.28972300878));
#4563 = CARTESIAN_POINT('',(-1.20282126009,-69.21666977836));
#4564 = CARTESIAN_POINT('',(-1.180010860395,-69.18475123587));
#4565 = CARTESIAN_POINT('',(-1.157134340817,-69.15445225886));
#4566 = CARTESIAN_POINT('',(-1.134215279118,-69.12577020611));
#4567 = CARTESIAN_POINT('',(-1.111277897644,-69.09869125349));
#4568 = CARTESIAN_POINT('',(-1.088347306813,-69.0731913724));
#4569 = CARTESIAN_POINT('',(-1.065449748593,-69.04923730816));
#4570 = CARTESIAN_POINT('',(-1.010523659819,-68.9952423928));
#4571 = CARTESIAN_POINT('',(-0.97857653471,-68.96668934283));
#4572 = CARTESIAN_POINT('',(-0.946791952875,-68.94095146831));
#4573 = CARTESIAN_POINT('',(-0.915192243708,-68.91784552516));
#4574 = CARTESIAN_POINT('',(-0.88380214016,-68.89718444087));
#4575 = CARTESIAN_POINT('',(-0.85264934112,-68.87877978994));
#4576 = CARTESIAN_POINT('',(-0.821765073803,-68.86244426927));
#4577 = CARTESIAN_POINT('',(-0.766243596831,-68.83620883127));
#4578 = CARTESIAN_POINT('',(-0.741484855062,-68.82566830653));
#4579 = CARTESIAN_POINT('',(-0.716904293215,-68.8162652336));
#4580 = CARTESIAN_POINT('',(-0.692498134162,-68.8078986656));
#4581 = CARTESIAN_POINT('',(-0.668262912737,-68.80047391547));
#4582 = CARTESIAN_POINT('',(-0.644195427223,-68.79390239687));
#4583 = CARTESIAN_POINT('',(-0.620292690834,-68.7881014651));
#4584 = CARTESIAN_POINT('',(-0.517952972176,-68.76608578022));
#4585 = CARTESIAN_POINT('',(-0.441103722695,-68.7567753989));
#4586 = CARTESIAN_POINT('',(-0.36568705673,-68.75223835434));
#4587 = CARTESIAN_POINT('',(-0.291411202569,-68.75044766878));
#4588 = CARTESIAN_POINT('',(-0.2179944216,-68.75000016279));
#4589 = CARTESIAN_POINT('',(-0.14515291719,-68.75000003425));
#4590 = CARTESIAN_POINT('',(-7.259192567806E-02,-68.75));
#4591 = CARTESIAN_POINT('',(1.05367119474E-08,-68.75));
#4592 = ( GEOMETRIC_REPRESENTATION_CONTEXT(2) 
PARAMETRIC_REPRESENTATION_CONTEXT() REPRESENTATION_CONTEXT('2D SPACE',''
  ) );
#4593 = PCURVE('',#1473,#4594);
#4594 = DEFINITIONAL_REPRESENTATION('',(#4595),#4724);
#4595 = B_SPLINE_CURVE_WITH_KNOTS('',8,(#4596,#4597,#4598,#4599,#4600,
    #4601,#4602,#4603,#4604,#4605,#4606,#4607,#4608,#4609,#4610,#4611,
    #4612,#4613,#4614,#4615,#4616,#4617,#4618,#4619,#4620,#4621,#4622,
    #4623,#4624,#4625,#4626,#4627,#4628,#4629,#4630,#4631,#4632,#4633,
    #4634,#4635,#4636,#4637,#4638,#4639,#4640,#4641,#4642,#4643,#4644,
    #4645,#4646,#4647,#4648,#4649,#4650,#4651,#4652,#4653,#4654,#4655,
    #4656,#4657,#4658,#4659,#4660,#4661,#4662,#4663,#4664,#4665,#4666,
    #4667,#4668,#4669,#4670,#4671,#4672,#4673,#4674,#4675,#4676,#4677,
    #4678,#4679,#4680,#4681,#4682,#4683,#4684,#4685,#4686,#4687,#4688,
    #4689,#4690,#4691,#4692,#4693,#4694,#4695,#4696,#4697,#4698,#4699,
    #4700,#4701,#4702,#4703,#4704,#4705,#4706,#4707,#4708,#4709,#4710,
    #4711,#4712,#4713,#4714,#4715,#4716,#4717,#4718,#4719,#4720,#4721,
    #4722,#4723),.UNSPECIFIED.,.F.,.F.,(9,7,7,7,7,7,7,7,7,7,7,7,7,7,7,7,
    7,7,9),(0.,9.200804603026E-02,0.119799084022,0.153873881605,
    0.178123894614,0.220418272101,0.27989005099,0.370600820789,
    0.442701939466,0.499204744453,0.555707549441,0.627808668117,
    0.752962801127,0.792101134182,0.820852200764,0.845241609546,
    0.87951227839,0.907463066795,1.),.UNSPECIFIED.);
#4596 = CARTESIAN_POINT('',(6.28318530718,-31.00000004214));
#4597 = CARTESIAN_POINT('',(6.283185307602,-30.70963229728));
#4598 = CARTESIAN_POINT('',(6.279862475622,-30.41938961646));
#4599 = CARTESIAN_POINT('',(6.273222382728,-30.13035194122));
#4600 = CARTESIAN_POINT('',(6.263226478692,-29.84367308297));
#4601 = CARTESIAN_POINT('',(6.249801854936,-29.56069914968));
#4602 = CARTESIAN_POINT('',(6.232844906561,-29.28308652744));
#4603 = CARTESIAN_POINT('',(6.212218893057,-29.01291941697));
#4604 = CARTESIAN_POINT('',(6.180353176373,-28.67426596594));
#4605 = CARTESIAN_POINT('',(6.172609208991,-28.59661665837));
#4606 = CARTESIAN_POINT('',(6.164510295792,-28.51997173328));
#4607 = CARTESIAN_POINT('',(6.156053329318,-28.44442672743));
#4608 = CARTESIAN_POINT('',(6.147235236588,-28.3700799621));
#4609 = CARTESIAN_POINT('',(6.138052921271,-28.29703252197));
#4610 = CARTESIAN_POINT('',(6.128503205861,-28.225388234));
#4611 = CARTESIAN_POINT('',(6.106419258678,-28.06926110865));
#4612 = CARTESIAN_POINT('',(6.093686562014,-27.98545445163));
#4613 = CARTESIAN_POINT('',(6.080394188967,-27.90416137187));
#4614 = CARTESIAN_POINT('',(6.066553433849,-27.82568380115));
#4615 = CARTESIAN_POINT('',(6.052177005621,-27.75029859761));
#4616 = CARTESIAN_POINT('',(6.037278653319,-27.67825823694));
#4617 = CARTESIAN_POINT('',(6.02187279149,-27.60979150361));
#4618 = CARTESIAN_POINT('',(5.99465952124,-27.49906815252));
#4619 = CARTESIAN_POINT('',(5.983100925183,-27.45496906042));
#4620 = CARTESIAN_POINT('',(5.971314089603,-27.41291835643));
#4621 = CARTESIAN_POINT('',(5.959315429362,-27.37300926802));
#4622 = CARTESIAN_POINT('',(5.947121975298,-27.33531726483));
#4623 = CARTESIAN_POINT('',(5.934751327492,-27.29990052412));
#4624 = CARTESIAN_POINT('',(5.922221608532,-27.26680039612));
#4625 = CARTESIAN_POINT('',(5.887453372032,-27.18239601219));
#4626 = CARTESIAN_POINT('',(5.864979859428,-27.13599888586));
#4627 = CARTESIAN_POINT('',(5.842217325416,-27.0968858752));
#4628 = CARTESIAN_POINT('',(5.81925511578,-27.0649728362));
#4629 = CARTESIAN_POINT('',(5.796186195255,-27.04006272185));
#4630 = CARTESIAN_POINT('',(5.773108299187,-27.02185162926));
#4631 = CARTESIAN_POINT('',(5.75012551723,-27.00993426819));
#4632 = CARTESIAN_POINT('',(5.695325197869,-26.99519566188));
#4633 = CARTESIAN_POINT('',(5.663686043273,-26.99802787248));
#4634 = CARTESIAN_POINT('',(5.632476198326,-27.01086998561));
#4635 = CARTESIAN_POINT('',(5.601727545084,-27.0324252999));
#4636 = CARTESIAN_POINT('',(5.57146393388,-27.06151373276));
#4637 = CARTESIAN_POINT('',(5.541703651091,-27.09705511755));
#4638 = CARTESIAN_POINT('',(5.51246091546,-27.13805797455));
#4639 = CARTESIAN_POINT('',(5.439948897941,-27.25309881396));
#4640 = CARTESIAN_POINT('',(5.397186375906,-27.33348356387));
#4641 = CARTESIAN_POINT('',(5.355381221456,-27.42192013211));
#4642 = CARTESIAN_POINT('',(5.314433248205,-27.51611002441));
#4643 = CARTESIAN_POINT('',(5.274220749724,-27.61414612431));
#4644 = CARTESIAN_POINT('',(5.234599362361,-27.71440684874));
#4645 = CARTESIAN_POINT('',(5.19539602917,-27.81543569142));
#4646 = CARTESIAN_POINT('',(5.125395812462,-27.99546540368));
#4647 = CARTESIAN_POINT('',(5.09457959511,-28.07459130245));
#4648 = CARTESIAN_POINT('',(5.063868965329,-28.15228814981));
#4649 = CARTESIAN_POINT('',(5.033204264425,-28.22763961093));
#4650 = CARTESIAN_POINT('',(5.002533785535,-28.29961181059));
#4651 = CARTESIAN_POINT('',(4.971805389503,-28.36704909014));
#4652 = CARTESIAN_POINT('',(4.940959862914,-28.42869565867));
#4653 = CARTESIAN_POINT('',(4.885606017379,-28.52598984812));
#4654 = CARTESIAN_POINT('',(4.861089598186,-28.56451894321));
#4655 = CARTESIAN_POINT('',(4.836456847384,-28.59794859848));
#4656 = CARTESIAN_POINT('',(4.811753451801,-28.62553261655));
#4657 = CARTESIAN_POINT('',(4.786999209974,-28.6466807096));
#4658 = CARTESIAN_POINT('',(4.76219544262,-28.66097107099));
#4659 = CARTESIAN_POINT('',(4.737331302031,-28.66815523672));
#4660 = CARTESIAN_POINT('',(4.687446658738,-28.66815523672));
#4661 = CARTESIAN_POINT('',(4.662582518149,-28.66097107099));
#4662 = CARTESIAN_POINT('',(4.637778750795,-28.6466807096));
#4663 = CARTESIAN_POINT('',(4.613024508968,-28.62553261655));
#4664 = CARTESIAN_POINT('',(4.588321113386,-28.59794859848));
#4665 = CARTESIAN_POINT('',(4.563688362583,-28.56451894321));
#4666 = CARTESIAN_POINT('',(4.53917194339,-28.52598984812));
#4667 = CARTESIAN_POINT('',(4.483818097856,-28.42869565867));
#4668 = CARTESIAN_POINT('',(4.452972571266,-28.36704909014));
#4669 = CARTESIAN_POINT('',(4.422244175235,-28.29961181059));
#4670 = CARTESIAN_POINT('',(4.391573696345,-28.22763961093));
#4671 = CARTESIAN_POINT('',(4.36090899544,-28.15228814981));
#4672 = CARTESIAN_POINT('',(4.33019836566,-28.07459130245));
#4673 = CARTESIAN_POINT('',(4.299382148308,-27.99546540368));
#4674 = CARTESIAN_POINT('',(4.214573167255,-27.77734984384));
#4675 = CARTESIAN_POINT('',(4.160575343866,-27.63808820429));
#4676 = CARTESIAN_POINT('',(4.105648043565,-27.5014256714));
#4677 = CARTESIAN_POINT('',(4.049310588344,-27.37082427239));
#4678 = CARTESIAN_POINT('',(3.991206002271,-27.25090597191));
#4679 = CARTESIAN_POINT('',(3.93108826732,-27.14775032902));
#4680 = CARTESIAN_POINT('',(3.868798391039,-27.0693519351));
#4681 = CARTESIAN_POINT('',(3.784168380653,-27.01326393132));
#4682 = CARTESIAN_POINT('',(3.763763216611,-27.00337019472));
#4683 = CARTESIAN_POINT('',(3.743148859366,-26.99732176212));
#4684 = CARTESIAN_POINT('',(3.722358976891,-26.99548914631));
#4685 = CARTESIAN_POINT('',(3.701426280828,-26.99823618009));
#4686 = CARTESIAN_POINT('',(3.680383012256,-27.00592038114));
#4687 = CARTESIAN_POINT('',(3.659261427462,-27.01889331691));
#4688 = CARTESIAN_POINT('',(3.622544874426,-27.05117017351));
#4689 = CARTESIAN_POINT('',(3.606980714098,-27.06787152559));
#4690 = CARTESIAN_POINT('',(3.591438145923,-27.08771530028));
#4691 = CARTESIAN_POINT('',(3.5759520771,-27.11078556048));
#4692 = CARTESIAN_POINT('',(3.560556083554,-27.13713920325));
#4693 = CARTESIAN_POINT('',(3.545282514664,-27.16680500546));
#4694 = CARTESIAN_POINT('',(3.530162597987,-27.19978266961));
#4695 = CARTESIAN_POINT('',(3.502556352237,-27.26680039612));
#4696 = CARTESIAN_POINT('',(3.490026633278,-27.29990052412));
#4697 = CARTESIAN_POINT('',(3.477655985471,-27.33531726483));
#4698 = CARTESIAN_POINT('',(3.465462531408,-27.37300926802));
#4699 = CARTESIAN_POINT('',(3.453463871167,-27.41291835643));
#4700 = CARTESIAN_POINT('',(3.441677035587,-27.45496906042));
#4701 = CARTESIAN_POINT('',(3.430118439529,-27.49906815252));
#4702 = CARTESIAN_POINT('',(3.40290516932,-27.60979150344));
#4703 = CARTESIAN_POINT('',(3.387499307461,-27.67825823687));
#4704 = CARTESIAN_POINT('',(3.372600955122,-27.75029859771));
#4705 = CARTESIAN_POINT('',(3.358224526884,-27.82568380135));
#4706 = CARTESIAN_POINT('',(3.344383771786,-27.904161372));
#4707 = CARTESIAN_POINT('',(3.331091398772,-27.98545445155));
#4708 = CARTESIAN_POINT('',(3.318358702125,-28.0692611084));
#4709 = CARTESIAN_POINT('',(3.296274754908,-28.225388234));
#4710 = CARTESIAN_POINT('',(3.286725039498,-28.29703252198));
#4711 = CARTESIAN_POINT('',(3.277542724181,-28.3700799621));
#4712 = CARTESIAN_POINT('',(3.268724631452,-28.44442672743));
#4713 = CARTESIAN_POINT('',(3.260267664978,-28.51997173328));
#4714 = CARTESIAN_POINT('',(3.252168751778,-28.59661665837));
#4715 = CARTESIAN_POINT('',(3.244424784396,-28.67426596595));
#4716 = CARTESIAN_POINT('',(3.212559067712,-29.01291941697));
#4717 = CARTESIAN_POINT('',(3.191933054209,-29.28308652744));
#4718 = CARTESIAN_POINT('',(3.174976105833,-29.56069914968));
#4719 = CARTESIAN_POINT('',(3.161551482077,-29.84367308297));
#4720 = CARTESIAN_POINT('',(3.151555578042,-30.13035194122));
#4721 = CARTESIAN_POINT('',(3.144915485147,-30.41938961646));
#4722 = CARTESIAN_POINT('',(3.141592653168,-30.70963229728));
#4723 = CARTESIAN_POINT('',(3.14159265359,-31.00000004214));
#4724 = ( GEOMETRIC_REPRESENTATION_CONTEXT(2) 
PARAMETRIC_REPRESENTATION_CONTEXT() REPRESENTATION_CONTEXT('2D SPACE',''
  ) );
#4725 = ORIENTED_EDGE('',*,*,#1424,.T.);
#4726 = ORIENTED_EDGE('',*,*,#4727,.T.);
#4727 = EDGE_CURVE('',#1427,#1427,#4728,.T.);
#4728 = SURFACE_CURVE('',#4729,(#4734,#4741),.PCURVE_S1.);
#4729 = CIRCLE('',#4730,4.);
#4730 = AXIS2_PLACEMENT_3D('',#4731,#4732,#4733);
#4731 = CARTESIAN_POINT('',(34.25,-4.,15.));
#4732 = DIRECTION('',(1.,0.,0.));
#4733 = DIRECTION('',(0.,1.,0.));
#4734 = PCURVE('',#1214,#4735);
#4735 = DEFINITIONAL_REPRESENTATION('',(#4736),#4740);
#4736 = LINE('',#4737,#4738);
#4737 = CARTESIAN_POINT('',(-0.,-85.25));
#4738 = VECTOR('',#4739,1.);
#4739 = DIRECTION('',(-1.,0.));
#4740 = ( GEOMETRIC_REPRESENTATION_CONTEXT(2) 
PARAMETRIC_REPRESENTATION_CONTEXT() REPRESENTATION_CONTEXT('2D SPACE',''
  ) );
#4741 = PCURVE('',#4742,#4747);
#4742 = PLANE('',#4743);
#4743 = AXIS2_PLACEMENT_3D('',#4744,#4745,#4746);
#4744 = CARTESIAN_POINT('',(34.25,-4.,15.));
#4745 = DIRECTION('',(1.,0.,0.));
#4746 = DIRECTION('',(-0.,0.,1.));
#4747 = DEFINITIONAL_REPRESENTATION('',(#4748),#4752);
#4748 = CIRCLE('',#4749,4.);
#4749 = AXIS2_PLACEMENT_2D('',#4750,#4751);
#4750 = CARTESIAN_POINT('',(-1.7763568394E-15,0.));
#4751 = DIRECTION('',(0.,-1.));
#4752 = ( GEOMETRIC_REPRESENTATION_CONTEXT(2) 
PARAMETRIC_REPRESENTATION_CONTEXT() REPRESENTATION_CONTEXT('2D SPACE',''
  ) );
#4753 = ADVANCED_FACE('',(#4754,#4757),#1268,.T.);
#4754 = FACE_BOUND('',#4755,.T.);
#4755 = EDGE_LOOP('',(#4756));
#4756 = ORIENTED_EDGE('',*,*,#1253,.T.);
#4757 = FACE_BOUND('',#4758,.T.);
#4758 = EDGE_LOOP('',(#4759));
#4759 = ORIENTED_EDGE('',*,*,#4760,.F.);
#4760 = EDGE_CURVE('',#4761,#4761,#4763,.T.);
#4761 = VERTEX_POINT('',#4762);
#4762 = CARTESIAN_POINT('',(38.,8.,25.));
#4763 = SURFACE_CURVE('',#4764,(#4769,#4776),.PCURVE_S1.);
#4764 = CIRCLE('',#4765,4.);
#4765 = AXIS2_PLACEMENT_3D('',#4766,#4767,#4768);
#4766 = CARTESIAN_POINT('',(38.,4.,25.));
#4767 = DIRECTION('',(1.,0.,0.));
#4768 = DIRECTION('',(-0.,1.,0.));
#4769 = PCURVE('',#1268,#4770);
#4770 = DEFINITIONAL_REPRESENTATION('',(#4771),#4775);
#4771 = CIRCLE('',#4772,4.);
#4772 = AXIS2_PLACEMENT_2D('',#4773,#4774);
#4773 = CARTESIAN_POINT('',(-3.552713678801E-15,-4.440892098501E-16));
#4774 = DIRECTION('',(0.,-1.));
#4775 = ( GEOMETRIC_REPRESENTATION_CONTEXT(2) 
PARAMETRIC_REPRESENTATION_CONTEXT() REPRESENTATION_CONTEXT('2D SPACE',''
  ) );
#4776 = PCURVE('',#4777,#4782);
#4777 = CYLINDRICAL_SURFACE('',#4778,4.);
#4778 = AXIS2_PLACEMENT_3D('',#4779,#4780,#4781);
#4779 = CARTESIAN_POINT('',(51.,4.,25.));
#4780 = DIRECTION('',(1.,0.,0.));
#4781 = DIRECTION('',(0.,1.,0.));
#4782 = DEFINITIONAL_REPRESENTATION('',(#4783),#4787);
#4783 = LINE('',#4784,#4785);
#4784 = CARTESIAN_POINT('',(0.,-13.));
#4785 = VECTOR('',#4786,1.);
#4786 = DIRECTION('',(1.,0.));
#4787 = ( GEOMETRIC_REPRESENTATION_CONTEXT(2) 
PARAMETRIC_REPRESENTATION_CONTEXT() REPRESENTATION_CONTEXT('2D SPACE',''
  ) );
#4788 = ADVANCED_FACE('',(#4789),#1304,.F.);
#4789 = FACE_BOUND('',#4790,.F.);
#4790 = EDGE_LOOP('',(#4791,#4792,#4815,#4893,#4894,#4989,#5015,#5044,
    #5065,#5098));
#4791 = ORIENTED_EDGE('',*,*,#1287,.F.);
#4792 = ORIENTED_EDGE('',*,*,#4793,.T.);
#4793 = EDGE_CURVE('',#1288,#4794,#4796,.T.);
#4794 = VERTEX_POINT('',#4795);
#4795 = CARTESIAN_POINT('',(-21.5,-5.29834879939,10.));
#4796 = SEAM_CURVE('',#4797,(#4801,#4808),.PCURVE_S1.);
#4797 = LINE('',#4798,#4799);
#4798 = CARTESIAN_POINT('',(-21.5,-31.,10.));
#4799 = VECTOR('',#4800,1.);
#4800 = DIRECTION('',(-0.,1.,-0.));
#4801 = PCURVE('',#1304,#4802);
#4802 = DEFINITIONAL_REPRESENTATION('',(#4803),#4807);
#4803 = LINE('',#4804,#4805);
#4804 = CARTESIAN_POINT('',(6.28318530718,0.));
#4805 = VECTOR('',#4806,1.);
#4806 = DIRECTION('',(0.,-1.));
#4807 = ( GEOMETRIC_REPRESENTATION_CONTEXT(2) 
PARAMETRIC_REPRESENTATION_CONTEXT() REPRESENTATION_CONTEXT('2D SPACE',''
  ) );
#4808 = PCURVE('',#1304,#4809);
#4809 = DEFINITIONAL_REPRESENTATION('',(#4810),#4814);
#4810 = LINE('',#4811,#4812);
#4811 = CARTESIAN_POINT('',(0.,0.));
#4812 = VECTOR('',#4813,1.);
#4813 = DIRECTION('',(0.,-1.));
#4814 = ( GEOMETRIC_REPRESENTATION_CONTEXT(2) 
PARAMETRIC_REPRESENTATION_CONTEXT() REPRESENTATION_CONTEXT('2D SPACE',''
  ) );
#4815 = ORIENTED_EDGE('',*,*,#4816,.T.);
#4816 = EDGE_CURVE('',#4794,#2758,#4817,.T.);
#4817 = SURFACE_CURVE('',#4818,(#4846,#4877),.PCURVE_S1.);
#4818 = B_SPLINE_CURVE_WITH_KNOTS('',6,(#4819,#4820,#4821,#4822,#4823,
    #4824,#4825,#4826,#4827,#4828,#4829,#4830,#4831,#4832,#4833,#4834,
    #4835,#4836,#4837,#4838,#4839,#4840,#4841,#4842,#4843,#4844,#4845),
  .UNSPECIFIED.,.F.,.F.,(7,5,5,5,5,7),(0.,0.272035707948,0.530182417135,
    0.784771297181,0.874928858066,1.),.UNSPECIFIED.);
#4819 = CARTESIAN_POINT('',(-21.5,-5.29834879939,10.));
#4820 = CARTESIAN_POINT('',(-21.5,-5.29834879939,10.156724113366));
#4821 = CARTESIAN_POINT('',(-21.50842139195,-5.303911827926,
    10.313384362993));
#4822 = CARTESIAN_POINT('',(-21.52525143163,-5.315029473842,
    10.469502711574));
#4823 = CARTESIAN_POINT('',(-21.55045758126,-5.331536026227,
    10.624595238348));
#4824 = CARTESIAN_POINT('',(-21.58398432436,-5.353107893319,
    10.778155882513));
#4825 = CARTESIAN_POINT('',(-21.66532437504,-5.404130288065,
    11.073392475606));
#4826 = CARTESIAN_POINT('',(-21.71231981724,-5.433121714032,
    11.215271870716));
#4827 = CARTESIAN_POINT('',(-21.76667070149,-5.465908179421,
    11.355033085879));
#4828 = CARTESIAN_POINT('',(-21.82836991054,-5.502069499107,
    11.492390846186));
#4829 = CARTESIAN_POINT('',(-21.89742841996,-5.541128850074,
    11.627019697021));
#4830 = CARTESIAN_POINT('',(-22.04924834474,-5.623425742247,
    11.888272923105));
#4831 = CARTESIAN_POINT('',(-22.13182047902,-5.66660517088,
    12.015003526738));
#4832 = CARTESIAN_POINT('',(-22.22168626302,-5.711644434982,
    12.13853050141));
#4833 = CARTESIAN_POINT('',(-22.3190068067,-5.758057209741,
    12.258568182869));
#4834 = CARTESIAN_POINT('',(-22.42398177825,-5.805309707779,
    12.374734126287));
#4835 = CARTESIAN_POINT('',(-22.57679510409,-5.869621621943,
    12.526112098618));
#4836 = CARTESIAN_POINT('',(-22.61774984409,-5.886472076248,
    12.565155055138));
#4837 = CARTESIAN_POINT('',(-22.65970753522,-5.903328341984,
    12.603631818334));
#4838 = CARTESIAN_POINT('',(-22.7026801376,-5.920163253381,
    12.641518928436));
#4839 = CARTESIAN_POINT('',(-22.74667985352,-5.936948368545,
    12.678790480412));
#4840 = CARTESIAN_POINT('',(-22.85419989302,-5.976828826473,
    12.766229849159));
#4841 = CARTESIAN_POINT('',(-22.91868349109,-5.999851459762,
    12.815804235329));
#4842 = CARTESIAN_POINT('',(-22.98520049224,-6.022641285604,
    12.864062799597));
#4843 = CARTESIAN_POINT('',(-23.05377931643,-6.045111806379,
    12.910916516935));
#4844 = CARTESIAN_POINT('',(-23.124446233,-6.067170610565,
    12.956265820173));
#4845 = CARTESIAN_POINT('',(-23.19722536072,-6.088719372742,13.0000006)
  );
#4846 = PCURVE('',#1304,#4847);
#4847 = DEFINITIONAL_REPRESENTATION('',(#4848),#4876);
#4848 = B_SPLINE_CURVE_WITH_KNOTS('',6,(#4849,#4850,#4851,#4852,#4853,
    #4854,#4855,#4856,#4857,#4858,#4859,#4860,#4861,#4862,#4863,#4864,
    #4865,#4866,#4867,#4868,#4869,#4870,#4871,#4872,#4873,#4874,#4875),
  .UNSPECIFIED.,.F.,.F.,(7,5,5,5,5,7),(0.,0.272035707948,0.530182417135,
    0.784771297181,0.874928858066,1.),.UNSPECIFIED.);
#4849 = CARTESIAN_POINT('',(0.,-25.70165120061));
#4850 = CARTESIAN_POINT('',(4.477831810459E-02,-25.70165120061));
#4851 = CARTESIAN_POINT('',(8.953838186306E-02,-25.69608817207));
#4852 = CARTESIAN_POINT('',(0.13430527333,-25.68497052615));
#4853 = CARTESIAN_POINT('',(0.179101510271,-25.66846397377));
#4854 = CARTESIAN_POINT('',(0.223944319022,-25.64689210668));
#4855 = CARTESIAN_POINT('',(0.311440487915,-25.59586971193));
#4856 = CARTESIAN_POINT('',(0.354087827687,-25.56687828596));
#4857 = CARTESIAN_POINT('',(0.396849022221,-25.53409182057));
#4858 = CARTESIAN_POINT('',(0.439785808871,-25.49793050089));
#4859 = CARTESIAN_POINT('',(0.482957063196,-25.45887114992));
#4860 = CARTESIAN_POINT('',(0.569289376867,-25.37657425775));
#4861 = CARTESIAN_POINT('',(0.612449432526,-25.33339482912));
#4862 = CARTESIAN_POINT('',(0.656007116775,-25.28835556501));
#4863 = CARTESIAN_POINT('',(0.700066035355,-25.24194279025));
#4864 = CARTESIAN_POINT('',(0.744732147429,-25.19469029222));
#4865 = CARTESIAN_POINT('',(0.806188754361,-25.13037837805));
#4866 = CARTESIAN_POINT('',(0.822352391551,-25.11352792375));
#4867 = CARTESIAN_POINT('',(0.838613196615,-25.09667165801));
#4868 = CARTESIAN_POINT('',(0.8549768157,-25.07983674661));
#4869 = CARTESIAN_POINT('',(0.871448972753,-25.06305163145));
#4870 = CARTESIAN_POINT('',(0.91104509924,-25.02317117352));
#4871 = CARTESIAN_POINT('',(0.934275749947,-25.00014854023));
#4872 = CARTESIAN_POINT('',(0.957741644925,-24.97735871439));
#4873 = CARTESIAN_POINT('',(0.981457281145,-24.95488819362));
#4874 = CARTESIAN_POINT('',(1.00543742927,-24.93282938943));
#4875 = CARTESIAN_POINT('',(1.029697133658,-24.91128062725));
#4876 = ( GEOMETRIC_REPRESENTATION_CONTEXT(2) 
PARAMETRIC_REPRESENTATION_CONTEXT() REPRESENTATION_CONTEXT('2D SPACE',''
  ) );
#4877 = PCURVE('',#2975,#4878);
#4878 = DEFINITIONAL_REPRESENTATION('',(#4879),#4892);
#4879 = B_SPLINE_CURVE_WITH_KNOTS('',6,(#4880,#4881,#4882,#4883,#4884,
    #4885,#4886,#4887,#4888,#4889,#4890,#4891),.UNSPECIFIED.,.F.,.F.,(7,
    5,7),(0.,0.272035707948,0.375842616853),.UNSPECIFIED.);
#4880 = CARTESIAN_POINT('',(5.296168092871,-36.));
#4881 = CARTESIAN_POINT('',(5.296168092871,-35.84327588663));
#4882 = CARTESIAN_POINT('',(5.29457865755,-35.686615637));
#4883 = CARTESIAN_POINT('',(5.291402180655,-35.53049728842));
#4884 = CARTESIAN_POINT('',(5.286657356811,-35.37540476165));
#4885 = CARTESIAN_POINT('',(5.280379486355,-35.22184411748));
#4886 = CARTESIAN_POINT('',(5.269660335246,-35.01255295627));
#4887 = CARTESIAN_POINT('',(5.266484155887,-34.9550498714));
#4888 = CARTESIAN_POINT('',(5.263094585189,-34.89786548368));
#4889 = CARTESIAN_POINT('',(5.259493820817,-34.84101683103));
#4890 = CARTESIAN_POINT('',(5.255684064623,-34.78452198185));
#4891 = CARTESIAN_POINT('',(5.251667511098,-34.7284000486));
#4892 = ( GEOMETRIC_REPRESENTATION_CONTEXT(2) 
PARAMETRIC_REPRESENTATION_CONTEXT() REPRESENTATION_CONTEXT('2D SPACE',''
  ) );
#4893 = ORIENTED_EDGE('',*,*,#3028,.F.);
#4894 = ORIENTED_EDGE('',*,*,#4895,.T.);
#4895 = EDGE_CURVE('',#3029,#4896,#4898,.T.);
#4896 = VERTEX_POINT('',#4897);
#4897 = CARTESIAN_POINT('',(-28.35410196625,-5.391892061234,9.));
#4898 = SURFACE_CURVE('',#4899,(#4932,#4968),.PCURVE_S1.);
#4899 = B_SPLINE_CURVE_WITH_KNOTS('',6,(#4900,#4901,#4902,#4903,#4904,
    #4905,#4906,#4907,#4908,#4909,#4910,#4911,#4912,#4913,#4914,#4915,
    #4916,#4917,#4918,#4919,#4920,#4921,#4922,#4923,#4924,#4925,#4926,
    #4927,#4928,#4929,#4930,#4931),.UNSPECIFIED.,.F.,.F.,(7,5,5,5,5,5,7)
  ,(0.,9.755665988641E-02,0.167854138202,0.363035514739,0.560873937463,
    0.773298495547,1.),.UNSPECIFIED.);
#4900 = CARTESIAN_POINT('',(-26.80277463927,-6.088719372742,13.0000006)
  );
#4901 = CARTESIAN_POINT('',(-26.87618592098,-6.06698343965,
    12.955885943189));
#4902 = CARTESIAN_POINT('',(-26.94744800552,-6.044728606149,
    12.910128674631));
#4903 = CARTESIAN_POINT('',(-27.01658573464,-6.022055761014,
    12.86284176224));
#4904 = CARTESIAN_POINT('',(-27.08362615745,-5.99905967123,
    12.814127255058));
#4905 = CARTESIAN_POINT('',(-27.14859853044,-5.975828981989,
    12.764076283249));
#4906 = CARTESIAN_POINT('',(-27.25688465163,-5.935597039623,
    12.675798045037));
#4907 = CARTESIAN_POINT('',(-27.30117867528,-5.918668485957,
    12.638173783381));
#4908 = CARTESIAN_POINT('',(-27.34442915755,-5.901690961312,
    12.599925225065));
#4909 = CARTESIAN_POINT('',(-27.38664860286,-5.884693560674,
    12.561078808781));
#4910 = CARTESIAN_POINT('',(-27.42784925089,-5.867704068399,
    12.521658459984));
#4911 = CARTESIAN_POINT('',(-27.57964147839,-5.80367299155,
    12.370700676473));
#4912 = CARTESIAN_POINT('',(-27.68350658187,-5.756850321896,
    12.255428340992));
#4913 = CARTESIAN_POINT('',(-27.77985247599,-5.710863366708,
    12.136357541781));
#4914 = CARTESIAN_POINT('',(-27.86887296615,-5.666231797201,
    12.013859912939));
#4915 = CARTESIAN_POINT('',(-27.95072455049,-5.623429549298,
    11.888213854905));
#4916 = CARTESIAN_POINT('',(-28.1013123038,-5.541822407335,
    11.629292934684));
#4917 = CARTESIAN_POINT('',(-28.16986724119,-5.50307309017,
    11.495916404507));
#4918 = CARTESIAN_POINT('',(-28.23119365884,-5.46716308166,
    11.359855433755));
#4919 = CARTESIAN_POINT('',(-28.28530293553,-5.434556767938,
    11.221426267244));
#4920 = CARTESIAN_POINT('',(-28.33218873088,-5.405664191374,
    11.080906226636));
#4921 = CARTESIAN_POINT('',(-28.414367664,-5.354167995937,
    10.785666977762));
#4922 = CARTESIAN_POINT('',(-28.44855125132,-5.332185042286,
    10.630663828663));
#4923 = CARTESIAN_POINT('',(-28.47425205832,-5.31535746036,
    10.474084988478));
#4924 = CARTESIAN_POINT('',(-28.49141286046,-5.30402131788,
    10.316450926282));
#4925 = CARTESIAN_POINT('',(-28.5,-5.29834879939,10.158258908947));
#4926 = CARTESIAN_POINT('',(-28.5,-5.29834879939,9.831104590378));
#4927 = CARTESIAN_POINT('',(-28.49021980662,-5.304809428237,
    9.662300290904));
#4928 = CARTESIAN_POINT('',(-28.47067898667,-5.317717774519,
    9.494173981921));
#4929 = CARTESIAN_POINT('',(-28.44141960753,-5.336851526462,
    9.327321353954));
#4930 = CARTESIAN_POINT('',(-28.40251131885,-5.361778347736,
    9.162369798676));
#4931 = CARTESIAN_POINT('',(-28.35410178736,-5.391892172512,8.9999994));
#4932 = PCURVE('',#1304,#4933);
#4933 = DEFINITIONAL_REPRESENTATION('',(#4934),#4967);
#4934 = B_SPLINE_CURVE_WITH_KNOTS('',6,(#4935,#4936,#4937,#4938,#4939,
    #4940,#4941,#4942,#4943,#4944,#4945,#4946,#4947,#4948,#4949,#4950,
    #4951,#4952,#4953,#4954,#4955,#4956,#4957,#4958,#4959,#4960,#4961,
    #4962,#4963,#4964,#4965,#4966),.UNSPECIFIED.,.F.,.F.,(7,5,5,5,5,5,7)
  ,(0.,9.755665988641E-02,0.167854138202,0.363035514739,0.560873937463,
    0.773298495547,1.),.UNSPECIFIED.);
#4935 = CARTESIAN_POINT('',(2.111895519932,-24.91128062725));
#4936 = CARTESIAN_POINT('',(2.136365942274,-24.93301656035));
#4937 = CARTESIAN_POINT('',(2.160551889588,-24.95527139385));
#4938 = CARTESIAN_POINT('',(2.184468821928,-24.97794423898));
#4939 = CARTESIAN_POINT('',(2.208131917797,-25.00094032877));
#4940 = CARTESIAN_POINT('',(2.231556074149,-25.02417101801));
#4941 = CARTESIAN_POINT('',(2.271473265356,-25.06440296037));
#4942 = CARTESIAN_POINT('',(2.288074657576,-25.08133151404));
#4943 = CARTESIAN_POINT('',(2.30456603144,-25.09830903868));
#4944 = CARTESIAN_POINT('',(2.320953252393,-25.11530643932));
#4945 = CARTESIAN_POINT('',(2.337242102932,-25.1322959316));
#4946 = CARTESIAN_POINT('',(2.398407074055,-25.19632700845));
#4947 = CARTESIAN_POINT('',(2.442673064771,-25.2431496781));
#4948 = CARTESIAN_POINT('',(2.486344488426,-25.28913663329));
#4949 = CARTESIAN_POINT('',(2.529524498313,-25.33376820279));
#4950 = CARTESIAN_POINT('',(2.572313974697,-25.3765704507));
#4951 = CARTESIAN_POINT('',(2.657893256176,-25.45817759266));
#4952 = CARTESIAN_POINT('',(2.70068206975,-25.49692690983));
#4953 = CARTESIAN_POINT('',(2.743239517315,-25.53283691834));
#4954 = CARTESIAN_POINT('',(2.785623244926,-25.56544323206));
#4955 = CARTESIAN_POINT('',(2.827893614136,-25.59433580862));
#4956 = CARTESIAN_POINT('',(2.915454480954,-25.64583200406));
#4957 = CARTESIAN_POINT('',(2.960738130604,-25.66781495771));
#4958 = CARTESIAN_POINT('',(3.005973361789,-25.68464253964));
#4959 = CARTESIAN_POINT('',(3.051178111277,-25.69597868212));
#4960 = CARTESIAN_POINT('',(3.096375822462,-25.70165120061));
#4961 = CARTESIAN_POINT('',(3.18984848491,-25.70165120061));
#4962 = CARTESIAN_POINT('',(3.238078272531,-25.69519057176));
#4963 = CARTESIAN_POINT('',(3.286316684621,-25.68228222548));
#4964 = CARTESIAN_POINT('',(3.33459442035,-25.66314847353));
#4965 = CARTESIAN_POINT('',(3.382935031466,-25.63822165226));
#4966 = CARTESIAN_POINT('',(3.431344533911,-25.60810782748));
#4967 = ( GEOMETRIC_REPRESENTATION_CONTEXT(2) 
PARAMETRIC_REPRESENTATION_CONTEXT() REPRESENTATION_CONTEXT('2D SPACE',''
  ) );
#4968 = PCURVE('',#2975,#4969);
#4969 = DEFINITIONAL_REPRESENTATION('',(#4970),#4988);
#4970 = B_SPLINE_CURVE_WITH_KNOTS('',6,(#4971,#4972,#4973,#4974,#4975,
    #4976,#4977,#4978,#4979,#4980,#4981,#4982,#4983,#4984,#4985,#4986,
    #4987),.UNSPECIFIED.,.F.,.F.,(7,5,5,7),(0.482659373062,
    0.560873937463,0.773298495547,0.99999986038),.UNSPECIFIED.);
#4971 = CARTESIAN_POINT('',(10.4562957566,-34.728400048));
#4972 = CARTESIAN_POINT('',(10.45238227086,-34.7830818498));
#4973 = CARTESIAN_POINT('',(10.448665096713,-34.83811779862));
#4974 = CARTESIAN_POINT('',(10.4451462607,-34.89349028928));
#4975 = CARTESIAN_POINT('',(10.441827797565,-34.94918266113));
#4976 = CARTESIAN_POINT('',(10.438711740026,-35.00517918621));
#4977 = CARTESIAN_POINT('',(10.427892348244,-35.21433302223));
#4978 = CARTESIAN_POINT('',(10.421492483595,-35.36933617133));
#4979 = CARTESIAN_POINT('',(10.416654798122,-35.52591501152));
#4980 = CARTESIAN_POINT('',(10.413415893137,-35.68354907371));
#4981 = CARTESIAN_POINT('',(10.411795175078,-35.84174109105));
#4982 = CARTESIAN_POINT('',(10.411795175078,-36.1688953056));
#4983 = CARTESIAN_POINT('',(10.413641064313,-36.33769950117));
#4984 = CARTESIAN_POINT('',(10.417329170269,-36.50582570744));
#4985 = CARTESIAN_POINT('',(10.422834606126,-36.672678235));
#4986 = CARTESIAN_POINT('',(10.430110838898,-36.83762969337));
#4987 = CARTESIAN_POINT('',(10.439089036508,-37.));
#4988 = ( GEOMETRIC_REPRESENTATION_CONTEXT(2) 
PARAMETRIC_REPRESENTATION_CONTEXT() REPRESENTATION_CONTEXT('2D SPACE',''
  ) );
#4989 = ORIENTED_EDGE('',*,*,#4990,.F.);
#4990 = EDGE_CURVE('',#4991,#4896,#4993,.T.);
#4991 = VERTEX_POINT('',#4992);
#4992 = CARTESIAN_POINT('',(-28.35410196625,0.,9.));
#4993 = SURFACE_CURVE('',#4994,(#4998,#5004),.PCURVE_S1.);
#4994 = LINE('',#4995,#4996);
#4995 = CARTESIAN_POINT('',(-28.35410196625,-31.,9.));
#4996 = VECTOR('',#4997,1.);
#4997 = DIRECTION('',(0.,-1.,0.));
#4998 = PCURVE('',#1304,#4999);
#4999 = DEFINITIONAL_REPRESENTATION('',(#5000),#5003);
#5000 = B_SPLINE_CURVE_WITH_KNOTS('',1,(#5001,#5002),.UNSPECIFIED.,.F.,
  .F.,(2,2),(-31.0000006,-23.38),.PIECEWISE_BEZIER_KNOTS.);
#5001 = CARTESIAN_POINT('',(3.431344355026,-31.0000006));
#5002 = CARTESIAN_POINT('',(3.431344355026,-23.38));
#5003 = ( GEOMETRIC_REPRESENTATION_CONTEXT(2) 
PARAMETRIC_REPRESENTATION_CONTEXT() REPRESENTATION_CONTEXT('2D SPACE',''
  ) );
#5004 = PCURVE('',#5005,#5010);
#5005 = PLANE('',#5006);
#5006 = AXIS2_PLACEMENT_3D('',#5007,#5008,#5009);
#5007 = CARTESIAN_POINT('',(-25.,-4.387200305741E-17,9.));
#5008 = DIRECTION('',(0.,0.,1.));
#5009 = DIRECTION('',(1.,0.,-0.));
#5010 = DEFINITIONAL_REPRESENTATION('',(#5011),#5014);
#5011 = B_SPLINE_CURVE_WITH_KNOTS('',1,(#5012,#5013),.UNSPECIFIED.,.F.,
  .F.,(2,2),(-31.0000006,-23.38),.PIECEWISE_BEZIER_KNOTS.);
#5012 = CARTESIAN_POINT('',(-3.35410196625,5.999999999062E-07));
#5013 = CARTESIAN_POINT('',(-3.35410196625,-7.62));
#5014 = ( GEOMETRIC_REPRESENTATION_CONTEXT(2) 
PARAMETRIC_REPRESENTATION_CONTEXT() REPRESENTATION_CONTEXT('2D SPACE',''
  ) );
#5015 = ORIENTED_EDGE('',*,*,#5016,.T.);
#5016 = EDGE_CURVE('',#4991,#5017,#5019,.T.);
#5017 = VERTEX_POINT('',#5018);
#5018 = CARTESIAN_POINT('',(-21.64589803375,0.,9.));
#5019 = SURFACE_CURVE('',#5020,(#5025,#5032),.PCURVE_S1.);
#5020 = CIRCLE('',#5021,3.5);
#5021 = AXIS2_PLACEMENT_3D('',#5022,#5023,#5024);
#5022 = CARTESIAN_POINT('',(-25.,0.,10.));
#5023 = DIRECTION('',(0.,-1.,0.));
#5024 = DIRECTION('',(1.,0.,0.));
#5025 = PCURVE('',#1304,#5026);
#5026 = DEFINITIONAL_REPRESENTATION('',(#5027),#5031);
#5027 = LINE('',#5028,#5029);
#5028 = CARTESIAN_POINT('',(0.,-31.));
#5029 = VECTOR('',#5030,1.);
#5030 = DIRECTION('',(1.,0.));
#5031 = ( GEOMETRIC_REPRESENTATION_CONTEXT(2) 
PARAMETRIC_REPRESENTATION_CONTEXT() REPRESENTATION_CONTEXT('2D SPACE',''
  ) );
#5032 = PCURVE('',#5033,#5038);
#5033 = PLANE('',#5034);
#5034 = AXIS2_PLACEMENT_3D('',#5035,#5036,#5037);
#5035 = CARTESIAN_POINT('',(-25.,-3.552713678801E-15,10.));
#5036 = DIRECTION('',(-0.,-1.,-0.));
#5037 = DIRECTION('',(0.,0.,-1.));
#5038 = DEFINITIONAL_REPRESENTATION('',(#5039),#5043);
#5039 = CIRCLE('',#5040,3.5);
#5040 = AXIS2_PLACEMENT_2D('',#5041,#5042);
#5041 = CARTESIAN_POINT('',(1.7763568394E-15,3.552713678801E-15));
#5042 = DIRECTION('',(0.,1.));
#5043 = ( GEOMETRIC_REPRESENTATION_CONTEXT(2) 
PARAMETRIC_REPRESENTATION_CONTEXT() REPRESENTATION_CONTEXT('2D SPACE',''
  ) );
#5044 = ORIENTED_EDGE('',*,*,#5045,.T.);
#5045 = EDGE_CURVE('',#5017,#5046,#5048,.T.);
#5046 = VERTEX_POINT('',#5047);
#5047 = CARTESIAN_POINT('',(-21.64589803375,-5.391892061234,9.));
#5048 = SURFACE_CURVE('',#5049,(#5053,#5059),.PCURVE_S1.);
#5049 = LINE('',#5050,#5051);
#5050 = CARTESIAN_POINT('',(-21.64589803375,-31.,9.));
#5051 = VECTOR('',#5052,1.);
#5052 = DIRECTION('',(0.,-1.,0.));
#5053 = PCURVE('',#1304,#5054);
#5054 = DEFINITIONAL_REPRESENTATION('',(#5055),#5058);
#5055 = B_SPLINE_CURVE_WITH_KNOTS('',1,(#5056,#5057),.UNSPECIFIED.,.F.,
  .F.,(2,2),(-31.0000006,-23.38),.PIECEWISE_BEZIER_KNOTS.);
#5056 = CARTESIAN_POINT('',(5.993433605744,-31.0000006));
#5057 = CARTESIAN_POINT('',(5.993433605744,-23.38));
#5058 = ( GEOMETRIC_REPRESENTATION_CONTEXT(2) 
PARAMETRIC_REPRESENTATION_CONTEXT() REPRESENTATION_CONTEXT('2D SPACE',''
  ) );
#5059 = PCURVE('',#5005,#5060);
#5060 = DEFINITIONAL_REPRESENTATION('',(#5061),#5064);
#5061 = B_SPLINE_CURVE_WITH_KNOTS('',1,(#5062,#5063),.UNSPECIFIED.,.F.,
  .F.,(2,2),(-31.0000006,-23.38),.PIECEWISE_BEZIER_KNOTS.);
#5062 = CARTESIAN_POINT('',(3.35410196625,5.999999999062E-07));
#5063 = CARTESIAN_POINT('',(3.35410196625,-7.62));
#5064 = ( GEOMETRIC_REPRESENTATION_CONTEXT(2) 
PARAMETRIC_REPRESENTATION_CONTEXT() REPRESENTATION_CONTEXT('2D SPACE',''
  ) );
#5065 = ORIENTED_EDGE('',*,*,#5066,.T.);
#5066 = EDGE_CURVE('',#5046,#4794,#5067,.T.);
#5067 = SURFACE_CURVE('',#5068,(#5076,#5087),.PCURVE_S1.);
#5068 = B_SPLINE_CURVE_WITH_KNOTS('',6,(#5069,#5070,#5071,#5072,#5073,
    #5074,#5075),.UNSPECIFIED.,.F.,.F.,(7,7),(0.,1.),
  .PIECEWISE_BEZIER_KNOTS.);
#5069 = CARTESIAN_POINT('',(-21.64589821263,-5.391892172512,8.9999994));
#5070 = CARTESIAN_POINT('',(-21.59748732938,-5.361777506856,
    9.162374332608));
#5071 = CARTESIAN_POINT('',(-21.5585798794,-5.336851166696,
    9.327324983984));
#5072 = CARTESIAN_POINT('',(-21.52932137731,-5.317718016051,
    9.494174110646));
#5073 = CARTESIAN_POINT('',(-21.50978068171,-5.304809750389,
    9.662296941644));
#5074 = CARTESIAN_POINT('',(-21.5,-5.29834879939,9.831100343887));
#5075 = CARTESIAN_POINT('',(-21.5,-5.29834879939,10.));
#5076 = PCURVE('',#1304,#5077);
#5077 = DEFINITIONAL_REPRESENTATION('',(#5078),#5086);
#5078 = B_SPLINE_CURVE_WITH_KNOTS('',6,(#5079,#5080,#5081,#5082,#5083,
    #5084,#5085),.UNSPECIFIED.,.F.,.F.,(7,7),(0.,1.),
  .PIECEWISE_BEZIER_KNOTS.);
#5079 = CARTESIAN_POINT('',(5.993433426858,-25.60810782748));
#5080 = CARTESIAN_POINT('',(6.04184428106,-25.63822249314));
#5081 = CARTESIAN_POINT('',(6.090184577458,-25.6631488333));
#5082 = CARTESIAN_POINT('',(6.138461295834,-25.68228198394));
#5083 = CARTESIAN_POINT('',(6.186698732468,-25.69519024961));
#5084 = CARTESIAN_POINT('',(6.234928262576,-25.70165120061));
#5085 = CARTESIAN_POINT('',(6.28318530718,-25.70165120061));
#5086 = ( GEOMETRIC_REPRESENTATION_CONTEXT(2) 
PARAMETRIC_REPRESENTATION_CONTEXT() REPRESENTATION_CONTEXT('2D SPACE',''
  ) );
#5087 = PCURVE('',#2975,#5088);
#5088 = DEFINITIONAL_REPRESENTATION('',(#5089),#5097);
#5089 = B_SPLINE_CURVE_WITH_KNOTS('',6,(#5090,#5091,#5092,#5093,#5094,
    #5095,#5096),.UNSPECIFIED.,.F.,.F.,(7,7),(6.158585896707E-07,1.),
  .PIECEWISE_BEZIER_KNOTS.);
#5090 = CARTESIAN_POINT('',(5.268874231441,-37.));
#5091 = CARTESIAN_POINT('',(5.277852679752,-36.83762515946));
#5092 = CARTESIAN_POINT('',(5.285128760705,-36.67267460499));
#5093 = CARTESIAN_POINT('',(5.290634028261,-36.50582557873));
#5094 = CARTESIAN_POINT('',(5.294322111838,-36.33770285043));
#5095 = CARTESIAN_POINT('',(5.296168092871,-36.16889955209));
#5096 = CARTESIAN_POINT('',(5.296168092871,-36.));
#5097 = ( GEOMETRIC_REPRESENTATION_CONTEXT(2) 
PARAMETRIC_REPRESENTATION_CONTEXT() REPRESENTATION_CONTEXT('2D SPACE',''
  ) );
#5098 = ORIENTED_EDGE('',*,*,#4793,.F.);
#5099 = ADVANCED_FACE('',(#5100),#1339,.F.);
#5100 = FACE_BOUND('',#5101,.F.);
#5101 = EDGE_LOOP('',(#5102,#5103,#5126,#5204,#5205,#5300,#5326,#5355,
    #5376,#5409));
#5102 = ORIENTED_EDGE('',*,*,#1322,.F.);
#5103 = ORIENTED_EDGE('',*,*,#5104,.T.);
#5104 = EDGE_CURVE('',#1323,#5105,#5107,.T.);
#5105 = VERTEX_POINT('',#5106);
#5106 = CARTESIAN_POINT('',(28.5,-5.29834879939,10.));
#5107 = SEAM_CURVE('',#5108,(#5112,#5119),.PCURVE_S1.);
#5108 = LINE('',#5109,#5110);
#5109 = CARTESIAN_POINT('',(28.5,-31.,10.));
#5110 = VECTOR('',#5111,1.);
#5111 = DIRECTION('',(-0.,1.,-0.));
#5112 = PCURVE('',#1339,#5113);
#5113 = DEFINITIONAL_REPRESENTATION('',(#5114),#5118);
#5114 = LINE('',#5115,#5116);
#5115 = CARTESIAN_POINT('',(6.28318530718,0.));
#5116 = VECTOR('',#5117,1.);
#5117 = DIRECTION('',(0.,-1.));
#5118 = ( GEOMETRIC_REPRESENTATION_CONTEXT(2) 
PARAMETRIC_REPRESENTATION_CONTEXT() REPRESENTATION_CONTEXT('2D SPACE',''
  ) );
#5119 = PCURVE('',#1339,#5120);
#5120 = DEFINITIONAL_REPRESENTATION('',(#5121),#5125);
#5121 = LINE('',#5122,#5123);
#5122 = CARTESIAN_POINT('',(0.,0.));
#5123 = VECTOR('',#5124,1.);
#5124 = DIRECTION('',(0.,-1.));
#5125 = ( GEOMETRIC_REPRESENTATION_CONTEXT(2) 
PARAMETRIC_REPRESENTATION_CONTEXT() REPRESENTATION_CONTEXT('2D SPACE',''
  ) );
#5126 = ORIENTED_EDGE('',*,*,#5127,.T.);
#5127 = EDGE_CURVE('',#5105,#1516,#5128,.T.);
#5128 = SURFACE_CURVE('',#5129,(#5157,#5188),.PCURVE_S1.);
#5129 = B_SPLINE_CURVE_WITH_KNOTS('',6,(#5130,#5131,#5132,#5133,#5134,
    #5135,#5136,#5137,#5138,#5139,#5140,#5141,#5142,#5143,#5144,#5145,
    #5146,#5147,#5148,#5149,#5150,#5151,#5152,#5153,#5154,#5155,#5156),
  .UNSPECIFIED.,.F.,.F.,(7,5,5,5,5,7),(0.,0.272035707948,0.530182417135,
    0.784771297181,0.874928858065,1.),.UNSPECIFIED.);
#5130 = CARTESIAN_POINT('',(28.5,-5.29834879939,10.));
#5131 = CARTESIAN_POINT('',(28.5,-5.29834879939,10.156724113366));
#5132 = CARTESIAN_POINT('',(28.491578608041,-5.303911827926,
    10.313384362993));
#5133 = CARTESIAN_POINT('',(28.474748568366,-5.315029473842,
    10.469502711574));
#5134 = CARTESIAN_POINT('',(28.449542418732,-5.331536026227,
    10.624595238348));
#5135 = CARTESIAN_POINT('',(28.416015675638,-5.353107893319,
    10.778155882513));
#5136 = CARTESIAN_POINT('',(28.33467562496,-5.404130288065,
    11.073392475606));
#5137 = CARTESIAN_POINT('',(28.287680182752,-5.433121714032,
    11.215271870715));
#5138 = CARTESIAN_POINT('',(28.233329298507,-5.465908179421,
    11.355033085879));
#5139 = CARTESIAN_POINT('',(28.171630089456,-5.502069499107,
    11.492390846186));
#5140 = CARTESIAN_POINT('',(28.102571580039,-5.541128850074,
    11.627019697021));
#5141 = CARTESIAN_POINT('',(27.950751655257,-5.623425742247,
    11.888272923105));
#5142 = CARTESIAN_POINT('',(27.868179520979,-5.66660517088,
    12.015003526738));
#5143 = CARTESIAN_POINT('',(27.778313736977,-5.711644434982,
    12.138530501409));
#5144 = CARTESIAN_POINT('',(27.680993193292,-5.758057209741,
    12.258568182868));
#5145 = CARTESIAN_POINT('',(27.576018221747,-5.805309707778,
    12.374734126286));
#5146 = CARTESIAN_POINT('',(27.423204895908,-5.869621621943,
    12.526112098617));
#5147 = CARTESIAN_POINT('',(27.38225015591,-5.886472076248,
    12.565155055137));
#5148 = CARTESIAN_POINT('',(27.340292464775,-5.903328341984,
    12.603631818334));
#5149 = CARTESIAN_POINT('',(27.297319862398,-5.920163253381,
    12.641518928435));
#5150 = CARTESIAN_POINT('',(27.253320146479,-5.936948368545,
    12.678790480411));
#5151 = CARTESIAN_POINT('',(27.145800106977,-5.976828826473,
    12.766229849159));
#5152 = CARTESIAN_POINT('',(27.081316508904,-5.999851459762,
    12.815804235328));
#5153 = CARTESIAN_POINT('',(27.014799507753,-6.022641285604,
    12.864062799596));
#5154 = CARTESIAN_POINT('',(26.946220683567,-6.045111806379,
    12.910916516935));
#5155 = CARTESIAN_POINT('',(26.875553766991,-6.067170610565,
    12.956265820173));
#5156 = CARTESIAN_POINT('',(26.802774639271,-6.088719372742,13.0000006)
  );
#5157 = PCURVE('',#1339,#5158);
#5158 = DEFINITIONAL_REPRESENTATION('',(#5159),#5187);
#5159 = B_SPLINE_CURVE_WITH_KNOTS('',6,(#5160,#5161,#5162,#5163,#5164,
    #5165,#5166,#5167,#5168,#5169,#5170,#5171,#5172,#5173,#5174,#5175,
    #5176,#5177,#5178,#5179,#5180,#5181,#5182,#5183,#5184,#5185,#5186),
  .UNSPECIFIED.,.F.,.F.,(7,5,5,5,5,7),(0.,0.272035707948,0.530182417135,
    0.784771297181,0.874928858065,1.),.UNSPECIFIED.);
#5160 = CARTESIAN_POINT('',(0.,-25.70165120061));
#5161 = CARTESIAN_POINT('',(4.477831810456E-02,-25.70165120061));
#5162 = CARTESIAN_POINT('',(8.953838186307E-02,-25.69608817207));
#5163 = CARTESIAN_POINT('',(0.13430527333,-25.68497052615));
#5164 = CARTESIAN_POINT('',(0.179101510271,-25.66846397377));
#5165 = CARTESIAN_POINT('',(0.223944319021,-25.64689210668));
#5166 = CARTESIAN_POINT('',(0.311440487915,-25.59586971193));
#5167 = CARTESIAN_POINT('',(0.354087827687,-25.56687828596));
#5168 = CARTESIAN_POINT('',(0.396849022221,-25.53409182057));
#5169 = CARTESIAN_POINT('',(0.439785808871,-25.49793050089));
#5170 = CARTESIAN_POINT('',(0.482957063196,-25.45887114992));
#5171 = CARTESIAN_POINT('',(0.569289376866,-25.37657425775));
#5172 = CARTESIAN_POINT('',(0.612449432525,-25.33339482912));
#5173 = CARTESIAN_POINT('',(0.656007116775,-25.28835556501));
#5174 = CARTESIAN_POINT('',(0.700066035354,-25.24194279025));
#5175 = CARTESIAN_POINT('',(0.744732147429,-25.19469029222));
#5176 = CARTESIAN_POINT('',(0.806188754361,-25.13037837805));
#5177 = CARTESIAN_POINT('',(0.822352391551,-25.11352792375));
#5178 = CARTESIAN_POINT('',(0.838613196615,-25.09667165801));
#5179 = CARTESIAN_POINT('',(0.854976815699,-25.07983674661));
#5180 = CARTESIAN_POINT('',(0.871448972752,-25.06305163145));
#5181 = CARTESIAN_POINT('',(0.911045099239,-25.02317117352));
#5182 = CARTESIAN_POINT('',(0.934275749947,-25.00014854023));
#5183 = CARTESIAN_POINT('',(0.957741644925,-24.97735871439));
#5184 = CARTESIAN_POINT('',(0.981457281145,-24.95488819362));
#5185 = CARTESIAN_POINT('',(1.00543742927,-24.93282938943));
#5186 = CARTESIAN_POINT('',(1.029697133658,-24.91128062725));
#5187 = ( GEOMETRIC_REPRESENTATION_CONTEXT(2) 
PARAMETRIC_REPRESENTATION_CONTEXT() REPRESENTATION_CONTEXT('2D SPACE',''
  ) );
#5188 = PCURVE('',#1733,#5189);
#5189 = DEFINITIONAL_REPRESENTATION('',(#5190),#5203);
#5190 = B_SPLINE_CURVE_WITH_KNOTS('',6,(#5191,#5192,#5193,#5194,#5195,
    #5196,#5197,#5198,#5199,#5200,#5201,#5202),.UNSPECIFIED.,.F.,.F.,(7,
    5,7),(0.,0.272035707948,0.375842616853),.UNSPECIFIED.);
#5191 = CARTESIAN_POINT('',(5.296168092871,-36.));
#5192 = CARTESIAN_POINT('',(5.296168092871,-35.84327588663));
#5193 = CARTESIAN_POINT('',(5.29457865755,-35.686615637));
#5194 = CARTESIAN_POINT('',(5.291402180655,-35.53049728842));
#5195 = CARTESIAN_POINT('',(5.286657356811,-35.37540476165));
#5196 = CARTESIAN_POINT('',(5.280379486355,-35.22184411748));
#5197 = CARTESIAN_POINT('',(5.269660335246,-35.01255295627));
#5198 = CARTESIAN_POINT('',(5.266484155887,-34.9550498714));
#5199 = CARTESIAN_POINT('',(5.263094585189,-34.89786548368));
#5200 = CARTESIAN_POINT('',(5.259493820817,-34.84101683103));
#5201 = CARTESIAN_POINT('',(5.255684064623,-34.78452198185));
#5202 = CARTESIAN_POINT('',(5.251667511098,-34.7284000486));
#5203 = ( GEOMETRIC_REPRESENTATION_CONTEXT(2) 
PARAMETRIC_REPRESENTATION_CONTEXT() REPRESENTATION_CONTEXT('2D SPACE',''
  ) );
#5204 = ORIENTED_EDGE('',*,*,#1786,.F.);
#5205 = ORIENTED_EDGE('',*,*,#5206,.T.);
#5206 = EDGE_CURVE('',#1787,#5207,#5209,.T.);
#5207 = VERTEX_POINT('',#5208);
#5208 = CARTESIAN_POINT('',(21.64589803375,-5.391892061234,9.));
#5209 = SURFACE_CURVE('',#5210,(#5243,#5279),.PCURVE_S1.);
#5210 = B_SPLINE_CURVE_WITH_KNOTS('',6,(#5211,#5212,#5213,#5214,#5215,
    #5216,#5217,#5218,#5219,#5220,#5221,#5222,#5223,#5224,#5225,#5226,
    #5227,#5228,#5229,#5230,#5231,#5232,#5233,#5234,#5235,#5236,#5237,
    #5238,#5239,#5240,#5241,#5242),.UNSPECIFIED.,.F.,.F.,(7,5,5,5,5,5,7)
  ,(0.,9.755665912665E-02,0.167854136895,0.363035518447,0.560873940019,
    0.773298496867,1.),.UNSPECIFIED.);
#5211 = CARTESIAN_POINT('',(23.197225360729,-6.088719372742,13.0000006)
  );
#5212 = CARTESIAN_POINT('',(23.12381407902,-6.06698343965,
    12.955885943189));
#5213 = CARTESIAN_POINT('',(23.052551994472,-6.044728606149,
    12.910128674631));
#5214 = CARTESIAN_POINT('',(22.983414265352,-6.022055761014,
    12.862841762241));
#5215 = CARTESIAN_POINT('',(22.916373842545,-5.999059671231,
    12.814127255059));
#5216 = CARTESIAN_POINT('',(22.851401469558,-5.975828981989,
    12.76407628325));
#5217 = CARTESIAN_POINT('',(22.743115348364,-5.935597039624,
    12.675798045038));
#5218 = CARTESIAN_POINT('',(22.69882132472,-5.918668485958,
    12.638173783381));
#5219 = CARTESIAN_POINT('',(22.655570842448,-5.901690961312,
    12.599925225065));
#5220 = CARTESIAN_POINT('',(22.613351397136,-5.884693560674,
    12.561078808782));
#5221 = CARTESIAN_POINT('',(22.572150749104,-5.867704068399,
    12.521658459985));
#5222 = CARTESIAN_POINT('',(22.420358517864,-5.803672989973,
    12.370700672758));
#5223 = CARTESIAN_POINT('',(22.31649342313,-5.756850324222,
    12.255428347203));
#5224 = CARTESIAN_POINT('',(22.220147524655,-5.71086336685,
    12.136357541635));
#5225 = CARTESIAN_POINT('',(22.131127029145,-5.666231794945,
    12.013859906668));
#5226 = CARTESIAN_POINT('',(22.049275451868,-5.623429550576,
    11.88821385896));
#5227 = CARTESIAN_POINT('',(21.898687696195,-5.541822407335,
    11.629292934685));
#5228 = CARTESIAN_POINT('',(21.830132758802,-5.50307309017,
    11.495916404508));
#5229 = CARTESIAN_POINT('',(21.768806341154,-5.46716308166,
    11.359855433756));
#5230 = CARTESIAN_POINT('',(21.714697064468,-5.434556767938,
    11.221426267245));
#5231 = CARTESIAN_POINT('',(21.667811269119,-5.405664191374,
    11.080906226637));
#5232 = CARTESIAN_POINT('',(21.585632335995,-5.354167995937,
    10.785666977762));
#5233 = CARTESIAN_POINT('',(21.55144874868,-5.332185042286,
    10.630663828664));
#5234 = CARTESIAN_POINT('',(21.525747941678,-5.31535746036,
    10.474084988479));
#5235 = CARTESIAN_POINT('',(21.508587139531,-5.30402131788,
    10.316450926283));
#5236 = CARTESIAN_POINT('',(21.5,-5.29834879939,10.158258908946));
#5237 = CARTESIAN_POINT('',(21.5,-5.29834879939,9.831104590378));
#5238 = CARTESIAN_POINT('',(21.50978019338,-5.304809428237,
    9.662300290904));
#5239 = CARTESIAN_POINT('',(21.529321013323,-5.317717774519,
    9.494173981921));
#5240 = CARTESIAN_POINT('',(21.558580392466,-5.336851526462,
    9.327321353954));
#5241 = CARTESIAN_POINT('',(21.597488681145,-5.361778347736,
    9.162369798676));
#5242 = CARTESIAN_POINT('',(21.645898212636,-5.391892172512,8.9999994));
#5243 = PCURVE('',#1339,#5244);
#5244 = DEFINITIONAL_REPRESENTATION('',(#5245),#5278);
#5245 = B_SPLINE_CURVE_WITH_KNOTS('',6,(#5246,#5247,#5248,#5249,#5250,
    #5251,#5252,#5253,#5254,#5255,#5256,#5257,#5258,#5259,#5260,#5261,
    #5262,#5263,#5264,#5265,#5266,#5267,#5268,#5269,#5270,#5271,#5272,
    #5273,#5274,#5275,#5276,#5277),.UNSPECIFIED.,.F.,.F.,(7,5,5,5,5,5,7)
  ,(0.,9.755665912665E-02,0.167854136895,0.363035518447,0.560873940019,
    0.773298496867,1.),.UNSPECIFIED.);
#5246 = CARTESIAN_POINT('',(2.111895519932,-24.91128062725));
#5247 = CARTESIAN_POINT('',(2.136365942274,-24.93301656035));
#5248 = CARTESIAN_POINT('',(2.160551889588,-24.95527139385));
#5249 = CARTESIAN_POINT('',(2.184468821927,-24.97794423898));
#5250 = CARTESIAN_POINT('',(2.208131917797,-25.00094032876));
#5251 = CARTESIAN_POINT('',(2.231556074149,-25.02417101801));
#5252 = CARTESIAN_POINT('',(2.271473265356,-25.06440296037));
#5253 = CARTESIAN_POINT('',(2.288074657576,-25.08133151404));
#5254 = CARTESIAN_POINT('',(2.30456603144,-25.09830903868));
#5255 = CARTESIAN_POINT('',(2.320953252393,-25.11530643932));
#5256 = CARTESIAN_POINT('',(2.337242102932,-25.1322959316));
#5257 = CARTESIAN_POINT('',(2.39840707556,-25.19632701002));
#5258 = CARTESIAN_POINT('',(2.442673062475,-25.24314967577));
#5259 = CARTESIAN_POINT('',(2.486344488346,-25.28913663315));
#5260 = CARTESIAN_POINT('',(2.529524500568,-25.33376820505));
#5261 = CARTESIAN_POINT('',(2.572313973357,-25.37657044942));
#5262 = CARTESIAN_POINT('',(2.657893256176,-25.45817759266));
#5263 = CARTESIAN_POINT('',(2.70068206975,-25.49692690983));
#5264 = CARTESIAN_POINT('',(2.743239517315,-25.53283691834));
#5265 = CARTESIAN_POINT('',(2.785623244926,-25.56544323206));
#5266 = CARTESIAN_POINT('',(2.827893614135,-25.59433580862));
#5267 = CARTESIAN_POINT('',(2.915454480954,-25.64583200406));
#5268 = CARTESIAN_POINT('',(2.960738130604,-25.66781495771));
#5269 = CARTESIAN_POINT('',(3.005973361788,-25.68464253964));
#5270 = CARTESIAN_POINT('',(3.051178111277,-25.69597868212));
#5271 = CARTESIAN_POINT('',(3.096375822462,-25.70165120061));
#5272 = CARTESIAN_POINT('',(3.18984848491,-25.70165120061));
#5273 = CARTESIAN_POINT('',(3.238078272531,-25.69519057176));
#5274 = CARTESIAN_POINT('',(3.286316684621,-25.68228222548));
#5275 = CARTESIAN_POINT('',(3.33459442035,-25.66314847353));
#5276 = CARTESIAN_POINT('',(3.382935031466,-25.63822165226));
#5277 = CARTESIAN_POINT('',(3.431344533911,-25.60810782748));
#5278 = ( GEOMETRIC_REPRESENTATION_CONTEXT(2) 
PARAMETRIC_REPRESENTATION_CONTEXT() REPRESENTATION_CONTEXT('2D SPACE',''
  ) );
#5279 = PCURVE('',#1733,#5280);
#5280 = DEFINITIONAL_REPRESENTATION('',(#5281),#5299);
#5281 = B_SPLINE_CURVE_WITH_KNOTS('',6,(#5282,#5283,#5284,#5285,#5286,
    #5287,#5288,#5289,#5290,#5291,#5292,#5293,#5294,#5295,#5296,#5297,
    #5298),.UNSPECIFIED.,.F.,.F.,(7,5,5,7),(0.482659376074,
    0.560873940019,0.773298496867,0.99999986038),.UNSPECIFIED.);
#5282 = CARTESIAN_POINT('',(10.4562957566,-34.728400048));
#5283 = CARTESIAN_POINT('',(10.45238227086,-34.7830818498));
#5284 = CARTESIAN_POINT('',(10.448665096713,-34.83811779862));
#5285 = CARTESIAN_POINT('',(10.4451462607,-34.89349028928));
#5286 = CARTESIAN_POINT('',(10.441827797565,-34.94918266113));
#5287 = CARTESIAN_POINT('',(10.438711740026,-35.00517918621));
#5288 = CARTESIAN_POINT('',(10.427892348244,-35.21433302223));
#5289 = CARTESIAN_POINT('',(10.421492483595,-35.36933617133));
#5290 = CARTESIAN_POINT('',(10.416654798122,-35.52591501152));
#5291 = CARTESIAN_POINT('',(10.413415893137,-35.68354907371));
#5292 = CARTESIAN_POINT('',(10.411795175078,-35.84174109105));
#5293 = CARTESIAN_POINT('',(10.411795175078,-36.1688953056));
#5294 = CARTESIAN_POINT('',(10.413641064313,-36.33769950117));
#5295 = CARTESIAN_POINT('',(10.417329170269,-36.50582570744));
#5296 = CARTESIAN_POINT('',(10.422834606126,-36.672678235));
#5297 = CARTESIAN_POINT('',(10.430110838898,-36.83762969337));
#5298 = CARTESIAN_POINT('',(10.439089036508,-37.));
#5299 = ( GEOMETRIC_REPRESENTATION_CONTEXT(2) 
PARAMETRIC_REPRESENTATION_CONTEXT() REPRESENTATION_CONTEXT('2D SPACE',''
  ) );
#5300 = ORIENTED_EDGE('',*,*,#5301,.F.);
#5301 = EDGE_CURVE('',#5302,#5207,#5304,.T.);
#5302 = VERTEX_POINT('',#5303);
#5303 = CARTESIAN_POINT('',(21.64589803375,0.,9.));
#5304 = SURFACE_CURVE('',#5305,(#5309,#5315),.PCURVE_S1.);
#5305 = LINE('',#5306,#5307);
#5306 = CARTESIAN_POINT('',(21.64589803375,-31.,9.));
#5307 = VECTOR('',#5308,1.);
#5308 = DIRECTION('',(0.,-1.,0.));
#5309 = PCURVE('',#1339,#5310);
#5310 = DEFINITIONAL_REPRESENTATION('',(#5311),#5314);
#5311 = B_SPLINE_CURVE_WITH_KNOTS('',1,(#5312,#5313),.UNSPECIFIED.,.F.,
  .F.,(2,2),(-31.0000006,-23.38),.PIECEWISE_BEZIER_KNOTS.);
#5312 = CARTESIAN_POINT('',(3.431344355026,-31.0000006));
#5313 = CARTESIAN_POINT('',(3.431344355026,-23.38));
#5314 = ( GEOMETRIC_REPRESENTATION_CONTEXT(2) 
PARAMETRIC_REPRESENTATION_CONTEXT() REPRESENTATION_CONTEXT('2D SPACE',''
  ) );
#5315 = PCURVE('',#5316,#5321);
#5316 = PLANE('',#5317);
#5317 = AXIS2_PLACEMENT_3D('',#5318,#5319,#5320);
#5318 = CARTESIAN_POINT('',(25.,-4.387200305741E-17,9.));
#5319 = DIRECTION('',(0.,0.,1.));
#5320 = DIRECTION('',(1.,0.,-0.));
#5321 = DEFINITIONAL_REPRESENTATION('',(#5322),#5325);
#5322 = B_SPLINE_CURVE_WITH_KNOTS('',1,(#5323,#5324),.UNSPECIFIED.,.F.,
  .F.,(2,2),(-31.0000006,-23.38),.PIECEWISE_BEZIER_KNOTS.);
#5323 = CARTESIAN_POINT('',(-3.35410196625,5.999999999062E-07));
#5324 = CARTESIAN_POINT('',(-3.35410196625,-7.62));
#5325 = ( GEOMETRIC_REPRESENTATION_CONTEXT(2) 
PARAMETRIC_REPRESENTATION_CONTEXT() REPRESENTATION_CONTEXT('2D SPACE',''
  ) );
#5326 = ORIENTED_EDGE('',*,*,#5327,.T.);
#5327 = EDGE_CURVE('',#5302,#5328,#5330,.T.);
#5328 = VERTEX_POINT('',#5329);
#5329 = CARTESIAN_POINT('',(28.35410196625,0.,9.));
#5330 = SURFACE_CURVE('',#5331,(#5336,#5343),.PCURVE_S1.);
#5331 = CIRCLE('',#5332,3.5);
#5332 = AXIS2_PLACEMENT_3D('',#5333,#5334,#5335);
#5333 = CARTESIAN_POINT('',(25.,0.,10.));
#5334 = DIRECTION('',(0.,-1.,0.));
#5335 = DIRECTION('',(1.,0.,0.));
#5336 = PCURVE('',#1339,#5337);
#5337 = DEFINITIONAL_REPRESENTATION('',(#5338),#5342);
#5338 = LINE('',#5339,#5340);
#5339 = CARTESIAN_POINT('',(0.,-31.));
#5340 = VECTOR('',#5341,1.);
#5341 = DIRECTION('',(1.,0.));
#5342 = ( GEOMETRIC_REPRESENTATION_CONTEXT(2) 
PARAMETRIC_REPRESENTATION_CONTEXT() REPRESENTATION_CONTEXT('2D SPACE',''
  ) );
#5343 = PCURVE('',#5344,#5349);
#5344 = PLANE('',#5345);
#5345 = AXIS2_PLACEMENT_3D('',#5346,#5347,#5348);
#5346 = CARTESIAN_POINT('',(25.,-3.552713678801E-15,10.));
#5347 = DIRECTION('',(-0.,-1.,-0.));
#5348 = DIRECTION('',(0.,0.,-1.));
#5349 = DEFINITIONAL_REPRESENTATION('',(#5350),#5354);
#5350 = CIRCLE('',#5351,3.5);
#5351 = AXIS2_PLACEMENT_2D('',#5352,#5353);
#5352 = CARTESIAN_POINT('',(1.7763568394E-15,-3.552713678801E-15));
#5353 = DIRECTION('',(0.,1.));
#5354 = ( GEOMETRIC_REPRESENTATION_CONTEXT(2) 
PARAMETRIC_REPRESENTATION_CONTEXT() REPRESENTATION_CONTEXT('2D SPACE',''
  ) );
#5355 = ORIENTED_EDGE('',*,*,#5356,.T.);
#5356 = EDGE_CURVE('',#5328,#5357,#5359,.T.);
#5357 = VERTEX_POINT('',#5358);
#5358 = CARTESIAN_POINT('',(28.35410196625,-5.391892061234,9.));
#5359 = SURFACE_CURVE('',#5360,(#5364,#5370),.PCURVE_S1.);
#5360 = LINE('',#5361,#5362);
#5361 = CARTESIAN_POINT('',(28.35410196625,-31.,9.));
#5362 = VECTOR('',#5363,1.);
#5363 = DIRECTION('',(0.,-1.,0.));
#5364 = PCURVE('',#1339,#5365);
#5365 = DEFINITIONAL_REPRESENTATION('',(#5366),#5369);
#5366 = B_SPLINE_CURVE_WITH_KNOTS('',1,(#5367,#5368),.UNSPECIFIED.,.F.,
  .F.,(2,2),(-31.0000006,-23.38),.PIECEWISE_BEZIER_KNOTS.);
#5367 = CARTESIAN_POINT('',(5.993433605744,-31.0000006));
#5368 = CARTESIAN_POINT('',(5.993433605744,-23.38));
#5369 = ( GEOMETRIC_REPRESENTATION_CONTEXT(2) 
PARAMETRIC_REPRESENTATION_CONTEXT() REPRESENTATION_CONTEXT('2D SPACE',''
  ) );
#5370 = PCURVE('',#5316,#5371);
#5371 = DEFINITIONAL_REPRESENTATION('',(#5372),#5375);
#5372 = B_SPLINE_CURVE_WITH_KNOTS('',1,(#5373,#5374),.UNSPECIFIED.,.F.,
  .F.,(2,2),(-31.0000006,-23.38),.PIECEWISE_BEZIER_KNOTS.);
#5373 = CARTESIAN_POINT('',(3.35410196625,5.999999999062E-07));
#5374 = CARTESIAN_POINT('',(3.35410196625,-7.62));
#5375 = ( GEOMETRIC_REPRESENTATION_CONTEXT(2) 
PARAMETRIC_REPRESENTATION_CONTEXT() REPRESENTATION_CONTEXT('2D SPACE',''
  ) );
#5376 = ORIENTED_EDGE('',*,*,#5377,.T.);
#5377 = EDGE_CURVE('',#5357,#5105,#5378,.T.);
#5378 = SURFACE_CURVE('',#5379,(#5387,#5398),.PCURVE_S1.);
#5379 = B_SPLINE_CURVE_WITH_KNOTS('',6,(#5380,#5381,#5382,#5383,#5384,
    #5385,#5386),.UNSPECIFIED.,.F.,.F.,(7,7),(0.,1.),
  .PIECEWISE_BEZIER_KNOTS.);
#5380 = CARTESIAN_POINT('',(28.354101787364,-5.391892172512,8.9999994));
#5381 = CARTESIAN_POINT('',(28.402512670613,-5.361777506856,
    9.162374332608));
#5382 = CARTESIAN_POINT('',(28.441420120593,-5.336851166696,
    9.327324983984));
#5383 = CARTESIAN_POINT('',(28.47067862269,-5.317718016051,
    9.494174110645));
#5384 = CARTESIAN_POINT('',(28.490219318288,-5.304809750389,
    9.662296941644));
#5385 = CARTESIAN_POINT('',(28.5,-5.29834879939,9.831100343887));
#5386 = CARTESIAN_POINT('',(28.5,-5.29834879939,10.));
#5387 = PCURVE('',#1339,#5388);
#5388 = DEFINITIONAL_REPRESENTATION('',(#5389),#5397);
#5389 = B_SPLINE_CURVE_WITH_KNOTS('',6,(#5390,#5391,#5392,#5393,#5394,
    #5395,#5396),.UNSPECIFIED.,.F.,.F.,(7,7),(0.,1.),
  .PIECEWISE_BEZIER_KNOTS.);
#5390 = CARTESIAN_POINT('',(5.993433426858,-25.60810782748));
#5391 = CARTESIAN_POINT('',(6.04184428106,-25.63822249314));
#5392 = CARTESIAN_POINT('',(6.090184577458,-25.6631488333));
#5393 = CARTESIAN_POINT('',(6.138461295834,-25.68228198394));
#5394 = CARTESIAN_POINT('',(6.186698732468,-25.69519024961));
#5395 = CARTESIAN_POINT('',(6.234928262576,-25.70165120061));
#5396 = CARTESIAN_POINT('',(6.28318530718,-25.70165120061));
#5397 = ( GEOMETRIC_REPRESENTATION_CONTEXT(2) 
PARAMETRIC_REPRESENTATION_CONTEXT() REPRESENTATION_CONTEXT('2D SPACE',''
  ) );
#5398 = PCURVE('',#1733,#5399);
#5399 = DEFINITIONAL_REPRESENTATION('',(#5400),#5408);
#5400 = B_SPLINE_CURVE_WITH_KNOTS('',6,(#5401,#5402,#5403,#5404,#5405,
    #5406,#5407),.UNSPECIFIED.,.F.,.F.,(7,7),(6.158585896707E-07,1.),
  .PIECEWISE_BEZIER_KNOTS.);
#5401 = CARTESIAN_POINT('',(5.268874231441,-37.));
#5402 = CARTESIAN_POINT('',(5.277852679752,-36.83762515946));
#5403 = CARTESIAN_POINT('',(5.285128760705,-36.67267460499));
#5404 = CARTESIAN_POINT('',(5.290634028261,-36.50582557873));
#5405 = CARTESIAN_POINT('',(5.294322111838,-36.33770285043));
#5406 = CARTESIAN_POINT('',(5.296168092871,-36.16889955209));
#5407 = CARTESIAN_POINT('',(5.296168092871,-36.));
#5408 = ( GEOMETRIC_REPRESENTATION_CONTEXT(2) 
PARAMETRIC_REPRESENTATION_CONTEXT() REPRESENTATION_CONTEXT('2D SPACE',''
  ) );
#5409 = ORIENTED_EDGE('',*,*,#5104,.F.);
#5410 = ADVANCED_FACE('',(#5411),#1374,.F.);
#5411 = FACE_BOUND('',#5412,.F.);
#5412 = EDGE_LOOP('',(#5413,#5436,#5437,#5438,#5467,#5595,#5624,#5752));
#5413 = ORIENTED_EDGE('',*,*,#5414,.F.);
#5414 = EDGE_CURVE('',#1358,#5415,#5417,.T.);
#5415 = VERTEX_POINT('',#5416);
#5416 = CARTESIAN_POINT('',(-16.25,0.,28.));
#5417 = SEAM_CURVE('',#5418,(#5422,#5429),.PCURVE_S1.);
#5418 = LINE('',#5419,#5420);
#5419 = CARTESIAN_POINT('',(-16.25,0.,46.));
#5420 = VECTOR('',#5421,1.);
#5421 = DIRECTION('',(-0.,-0.,-1.));
#5422 = PCURVE('',#1374,#5423);
#5423 = DEFINITIONAL_REPRESENTATION('',(#5424),#5428);
#5424 = LINE('',#5425,#5426);
#5425 = CARTESIAN_POINT('',(6.28318530718,0.));
#5426 = VECTOR('',#5427,1.);
#5427 = DIRECTION('',(0.,-1.));
#5428 = ( GEOMETRIC_REPRESENTATION_CONTEXT(2) 
PARAMETRIC_REPRESENTATION_CONTEXT() REPRESENTATION_CONTEXT('2D SPACE',''
  ) );
#5429 = PCURVE('',#1374,#5430);
#5430 = DEFINITIONAL_REPRESENTATION('',(#5431),#5435);
#5431 = LINE('',#5432,#5433);
#5432 = CARTESIAN_POINT('',(0.,0.));
#5433 = VECTOR('',#5434,1.);
#5434 = DIRECTION('',(0.,-1.));
#5435 = ( GEOMETRIC_REPRESENTATION_CONTEXT(2) 
PARAMETRIC_REPRESENTATION_CONTEXT() REPRESENTATION_CONTEXT('2D SPACE',''
  ) );
#5436 = ORIENTED_EDGE('',*,*,#1357,.F.);
#5437 = ORIENTED_EDGE('',*,*,#5414,.T.);
#5438 = ORIENTED_EDGE('',*,*,#5439,.T.);
#5439 = EDGE_CURVE('',#5415,#5440,#5442,.T.);
#5440 = VERTEX_POINT('',#5441);
#5441 = CARTESIAN_POINT('',(-16.35543462697,1.354248688935,28.));
#5442 = SURFACE_CURVE('',#5443,(#5448,#5455),.PCURVE_S1.);
#5443 = CIRCLE('',#5444,8.75);
#5444 = AXIS2_PLACEMENT_3D('',#5445,#5446,#5447);
#5445 = CARTESIAN_POINT('',(-25.,0.,28.));
#5446 = DIRECTION('',(0.,0.,1.));
#5447 = DIRECTION('',(1.,0.,0.));
#5448 = PCURVE('',#1374,#5449);
#5449 = DEFINITIONAL_REPRESENTATION('',(#5450),#5454);
#5450 = LINE('',#5451,#5452);
#5451 = CARTESIAN_POINT('',(0.,-18.));
#5452 = VECTOR('',#5453,1.);
#5453 = DIRECTION('',(1.,0.));
#5454 = ( GEOMETRIC_REPRESENTATION_CONTEXT(2) 
PARAMETRIC_REPRESENTATION_CONTEXT() REPRESENTATION_CONTEXT('2D SPACE',''
  ) );
#5455 = PCURVE('',#5456,#5461);
#5456 = PLANE('',#5457);
#5457 = AXIS2_PLACEMENT_3D('',#5458,#5459,#5460);
#5458 = CARTESIAN_POINT('',(-25.,5.8048458399E-16,28.));
#5459 = DIRECTION('',(0.,0.,1.));
#5460 = DIRECTION('',(1.,0.,-0.));
#5461 = DEFINITIONAL_REPRESENTATION('',(#5462),#5466);
#5462 = CIRCLE('',#5463,8.75);
#5463 = AXIS2_PLACEMENT_2D('',#5464,#5465);
#5464 = CARTESIAN_POINT('',(3.552713678801E-15,-5.8048458399E-16));
#5465 = DIRECTION('',(1.,0.));
#5466 = ( GEOMETRIC_REPRESENTATION_CONTEXT(2) 
PARAMETRIC_REPRESENTATION_CONTEXT() REPRESENTATION_CONTEXT('2D SPACE',''
  ) );
#5467 = ORIENTED_EDGE('',*,*,#5468,.F.);
#5468 = EDGE_CURVE('',#5469,#5440,#5471,.T.);
#5469 = VERTEX_POINT('',#5470);
#5470 = CARTESIAN_POINT('',(-19.30820858503,6.645751311065,28.));
#5471 = SURFACE_CURVE('',#5472,(#5511,#5553),.PCURVE_S1.);
#5472 = B_SPLINE_CURVE_WITH_KNOTS('',7,(#5473,#5474,#5475,#5476,#5477,
    #5478,#5479,#5480,#5481,#5482,#5483,#5484,#5485,#5486,#5487,#5488,
    #5489,#5490,#5491,#5492,#5493,#5494,#5495,#5496,#5497,#5498,#5499,
    #5500,#5501,#5502,#5503,#5504,#5505,#5506,#5507,#5508,#5509,#5510),
  .UNSPECIFIED.,.F.,.F.,(8,6,6,6,6,6,8),(0.,0.434011687808,
    0.549598745913,0.734981075969,0.846487907812,0.901492871522,1.),
  .UNSPECIFIED.);
#5473 = CARTESIAN_POINT('',(-19.30820937939,6.6457519914,27.9999994));
#5474 = CARTESIAN_POINT('',(-19.06496624835,6.437425082181,
    28.183726548389));
#5475 = CARTESIAN_POINT('',(-18.82058193899,6.210114829355,
    28.354190983846));
#5476 = CARTESIAN_POINT('',(-18.57634459104,5.962251268032,
    28.510647824566));
#5477 = CARTESIAN_POINT('',(-18.33368002846,5.692017718307,
    28.651019245321));
#5478 = CARTESIAN_POINT('',(-18.0947171581,5.397682162241,
    28.771819795519));
#5479 = CARTESIAN_POINT('',(-17.86246721695,5.078027864071,
    28.867946070933));
#5480 = CARTESIAN_POINT('',(-17.58150827639,4.641165101665,
    28.949385029995));
#5481 = CARTESIAN_POINT('',(-17.52316856948,4.547511341479,
    28.964252212049));
#5482 = CARTESIAN_POINT('',(-17.46568833662,4.452147057963,
    28.976713747768));
#5483 = CARTESIAN_POINT('',(-17.40917312351,4.355144413904,
    28.986625179382));
#5484 = CARTESIAN_POINT('',(-17.35372336432,4.256582293679,
    28.993842553611));
#5485 = CARTESIAN_POINT('',(-17.29943394709,4.156546739524,
    28.998222123157));
#5486 = CARTESIAN_POINT('',(-17.16132621124,3.892478107106,
    29.001862086455));
#5487 = CARTESIAN_POINT('',(-17.07930646763,3.725959026903,
    28.996438876803));
#5488 = CARTESIAN_POINT('',(-17.00107377599,3.55660478392,
    28.982693841595));
#5489 = CARTESIAN_POINT('',(-16.92719399784,3.385475165905,
    28.960150335075));
#5490 = CARTESIAN_POINT('',(-16.8580634821,3.213651384428,
    28.928513918509));
#5491 = CARTESIAN_POINT('',(-16.79391923079,3.042221813223,
    28.88767822032));
#5492 = CARTESIAN_POINT('',(-16.69932867221,2.770030464872,
    28.807693334387));
#5493 = CARTESIAN_POINT('',(-16.66568158916,2.668450855993,
    28.774392122088));
#5494 = CARTESIAN_POINT('',(-16.63393598761,2.567779826525,
    28.737872152089));
#5495 = CARTESIAN_POINT('',(-16.60409212264,2.468270964109,
    28.698205641177));
#5496 = CARTESIAN_POINT('',(-16.57613090684,2.370171754724,
    28.655496534545));
#5497 = CARTESIAN_POINT('',(-16.55001617289,2.2737213545,28.609881425152
    ));
#5498 = CARTESIAN_POINT('',(-16.51370055245,2.132496654543,
    28.537679536595));
#5499 = CARTESIAN_POINT('',(-16.50213888023,2.086292913725,
    28.513158229563));
#5500 = CARTESIAN_POINT('',(-16.49100462468,2.040559853698,
    28.487984248358));
#5501 = CARTESIAN_POINT('',(-16.48028971334,1.995318209608,
    28.462175668298));
#5502 = CARTESIAN_POINT('',(-16.46998529613,1.950586737127,
    28.435750943644));
#5503 = CARTESIAN_POINT('',(-16.46008174528,1.90638221245,
    28.408728907598));
#5504 = CARTESIAN_POINT('',(-16.43353188074,1.784524760324,
    28.331700322768));
#5505 = CARTESIAN_POINT('',(-16.41775304318,1.708092326034,
    28.280433003977));
#5506 = CARTESIAN_POINT('',(-16.40316664388,1.633480509122,
    28.227421993509));
#5507 = CARTESIAN_POINT('',(-16.38970686282,1.560743372747,
    28.172766824144));
#5508 = CARTESIAN_POINT('',(-16.37730804973,1.489930286301,
    28.116571497267));
#5509 = CARTESIAN_POINT('',(-16.36590521497,1.421085548189,
    28.058944596279));
#5510 = CARTESIAN_POINT('',(-16.35543452039,1.3542480086,27.9999994));
#5511 = PCURVE('',#1374,#5512);
#5512 = DEFINITIONAL_REPRESENTATION('',(#5513),#5552);
#5513 = B_SPLINE_CURVE_WITH_KNOTS('',7,(#5514,#5515,#5516,#5517,#5518,
    #5519,#5520,#5521,#5522,#5523,#5524,#5525,#5526,#5527,#5528,#5529,
    #5530,#5531,#5532,#5533,#5534,#5535,#5536,#5537,#5538,#5539,#5540,
    #5541,#5542,#5543,#5544,#5545,#5546,#5547,#5548,#5549,#5550,#5551),
  .UNSPECIFIED.,.F.,.F.,(8,6,6,6,6,6,8),(0.,0.434011687808,
    0.549598745913,0.734981075969,0.846487907812,0.901492871522,1.),
  .UNSPECIFIED.);
#5514 = CARTESIAN_POINT('',(0.862566449896,-18.0000006));
#5515 = CARTESIAN_POINT('',(0.825965154608,-17.81627345161));
#5516 = CARTESIAN_POINT('',(0.787853533719,-17.64580901615));
#5517 = CARTESIAN_POINT('',(0.748146704533,-17.48935217543));
#5518 = CARTESIAN_POINT('',(0.706723166436,-17.34898075467));
#5519 = CARTESIAN_POINT('',(0.663489951799,-17.22818020448));
#5520 = CARTESIAN_POINT('',(0.618406360807,-17.13205392906));
#5521 = CARTESIAN_POINT('',(0.559045190296,-17.05061497));
#5522 = CARTESIAN_POINT('',(0.546436405057,-17.03574778795));
#5523 = CARTESIAN_POINT('',(0.533713156137,-17.02328625223));
#5524 = CARTESIAN_POINT('',(0.520885437041,-17.01337482061));
#5525 = CARTESIAN_POINT('',(0.507963342101,-17.00615744638));
#5526 = CARTESIAN_POINT('',(0.494957145426,-17.00177787684));
#5527 = CARTESIAN_POINT('',(0.460899621108,-16.99813791354));
#5528 = CARTESIAN_POINT('',(0.439691788999,-17.00356112319));
#5529 = CARTESIAN_POINT('',(0.418382362035,-17.0173061584));
#5530 = CARTESIAN_POINT('',(0.397092004588,-17.03984966492));
#5531 = CARTESIAN_POINT('',(0.375935490364,-17.07148608149));
#5532 = CARTESIAN_POINT('',(0.355022778087,-17.11232177968));
#5533 = CARTESIAN_POINT('',(0.322090341844,-17.19230666561));
#5534 = CARTESIAN_POINT('',(0.309862253485,-17.22560787791));
#5535 = CARTESIAN_POINT('',(0.297800479932,-17.26212784791));
#5536 = CARTESIAN_POINT('',(0.285929652448,-17.30179435882));
#5537 = CARTESIAN_POINT('',(0.274273459438,-17.34450346545));
#5538 = CARTESIAN_POINT('',(0.262854577912,-17.39011857484));
#5539 = CARTESIAN_POINT('',(0.246189526061,-17.4623204634));
#5540 = CARTESIAN_POINT('',(0.240746403103,-17.48684177043));
#5541 = CARTESIAN_POINT('',(0.235367270001,-17.51201575164));
#5542 = CARTESIAN_POINT('',(0.230053947516,-17.5378243317));
#5543 = CARTESIAN_POINT('',(0.224808043259,-17.56424905635));
#5544 = CARTESIAN_POINT('',(0.219630951687,-17.5912710924));
#5545 = CARTESIAN_POINT('',(0.205377670128,-17.66829967723));
#5546 = CARTESIAN_POINT('',(0.196458873479,-17.71956699602));
#5547 = CARTESIAN_POINT('',(0.18777113854,-17.77257800649));
#5548 = CARTESIAN_POINT('',(0.179317932714,-17.82723317585));
#5549 = CARTESIAN_POINT('',(0.171102459296,-17.88342850273));
#5550 = CARTESIAN_POINT('',(0.163127600345,-17.94105540372));
#5551 = CARTESIAN_POINT('',(0.155395859548,-18.0000006));
#5552 = ( GEOMETRIC_REPRESENTATION_CONTEXT(2) 
PARAMETRIC_REPRESENTATION_CONTEXT() REPRESENTATION_CONTEXT('2D SPACE',''
  ) );
#5553 = PCURVE('',#4777,#5554);
#5554 = DEFINITIONAL_REPRESENTATION('',(#5555),#5594);
#5555 = B_SPLINE_CURVE_WITH_KNOTS('',7,(#5556,#5557,#5558,#5559,#5560,
    #5561,#5562,#5563,#5564,#5565,#5566,#5567,#5568,#5569,#5570,#5571,
    #5572,#5573,#5574,#5575,#5576,#5577,#5578,#5579,#5580,#5581,#5582,
    #5583,#5584,#5585,#5586,#5587,#5588,#5589,#5590,#5591,#5592,#5593),
  .UNSPECIFIED.,.F.,.F.,(8,6,6,6,6,6,8),(0.,0.434011687808,
    0.549598745913,0.734981075969,0.846487907812,0.901492871522,1.),
  .UNSPECIFIED.);
#5556 = CARTESIAN_POINT('',(0.848061852203,-70.30820937939));
#5557 = CARTESIAN_POINT('',(0.917504169165,-70.06496624835));
#5558 = CARTESIAN_POINT('',(0.988312646783,-69.82058193899));
#5559 = CARTESIAN_POINT('',(1.061206139525,-69.57634459104));
#5560 = CARTESIAN_POINT('',(1.136823133471,-69.33368002846));
#5561 = CARTESIAN_POINT('',(1.21579762114,-69.0947171581));
#5562 = CARTESIAN_POINT('',(1.298761956702,-68.86246721695));
#5563 = CARTESIAN_POINT('',(1.409859148732,-68.58150827639));
#5564 = CARTESIAN_POINT('',(1.433557205589,-68.52316856948));
#5565 = CARTESIAN_POINT('',(1.457586281734,-68.46568833662));
#5566 = CARTESIAN_POINT('',(1.48194551115,-68.40917312351));
#5567 = CARTESIAN_POINT('',(1.506635188008,-68.35372336432));
#5568 = CARTESIAN_POINT('',(1.531656796958,-68.29943394709));
#5569 = CARTESIAN_POINT('',(1.597680226493,-68.16132621124));
#5570 = CARTESIAN_POINT('',(1.639287349999,-68.07930646763));
#5571 = CARTESIAN_POINT('',(1.681684394414,-68.00107377599));
#5572 = CARTESIAN_POINT('',(1.724737452001,-67.92719399784));
#5573 = CARTESIAN_POINT('',(1.768322568399,-67.8580634821));
#5574 = CARTESIAN_POINT('',(1.812319636785,-67.79391923079));
#5575 = CARTESIAN_POINT('',(1.88324464652,-67.69932867221));
#5576 = CARTESIAN_POINT('',(1.909956570066,-67.66568158916));
#5577 = CARTESIAN_POINT('',(1.936708281437,-67.63393598761));
#5578 = CARTESIAN_POINT('',(1.963465548096,-67.60409212264));
#5579 = CARTESIAN_POINT('',(1.990193037548,-67.57613090684));
#5580 = CARTESIAN_POINT('',(2.016853616132,-67.55001617289));
#5581 = CARTESIAN_POINT('',(2.056506428602,-67.51370055245));
#5582 = CARTESIAN_POINT('',(2.069581774674,-67.50213888023));
#5583 = CARTESIAN_POINT('',(2.082630310908,-67.49100462468));
#5584 = CARTESIAN_POINT('',(2.09564896839,-67.48028971334));
#5585 = CARTESIAN_POINT('',(2.108634984403,-67.46998529613));
#5586 = CARTESIAN_POINT('',(2.12158590242,-67.46008174528));
#5587 = CARTESIAN_POINT('',(2.157626367109,-67.43353188074));
#5588 = CARTESIAN_POINT('',(2.180626403121,-67.41775304318));
#5589 = CARTESIAN_POINT('',(2.203494825777,-67.40316664388));
#5590 = CARTESIAN_POINT('',(2.226226129799,-67.38970686282));
#5591 = CARTESIAN_POINT('',(2.248814077464,-67.37730804973));
#5592 = CARTESIAN_POINT('',(2.271251617068,-67.36590521497));
#5593 = CARTESIAN_POINT('',(2.293530801387,-67.35543452039));
#5594 = ( GEOMETRIC_REPRESENTATION_CONTEXT(2) 
PARAMETRIC_REPRESENTATION_CONTEXT() REPRESENTATION_CONTEXT('2D SPACE',''
  ) );
#5595 = ORIENTED_EDGE('',*,*,#5596,.T.);
#5596 = EDGE_CURVE('',#5469,#5597,#5599,.T.);
#5597 = VERTEX_POINT('',#5598);
#5598 = CARTESIAN_POINT('',(-30.69179141496,6.645751311065,28.));
#5599 = SURFACE_CURVE('',#5600,(#5605,#5612),.PCURVE_S1.);
#5600 = CIRCLE('',#5601,8.75);
#5601 = AXIS2_PLACEMENT_3D('',#5602,#5603,#5604);
#5602 = CARTESIAN_POINT('',(-25.,0.,28.));
#5603 = DIRECTION('',(0.,0.,1.));
#5604 = DIRECTION('',(1.,0.,0.));
#5605 = PCURVE('',#1374,#5606);
#5606 = DEFINITIONAL_REPRESENTATION('',(#5607),#5611);
#5607 = LINE('',#5608,#5609);
#5608 = CARTESIAN_POINT('',(0.,-18.));
#5609 = VECTOR('',#5610,1.);
#5610 = DIRECTION('',(1.,0.));
#5611 = ( GEOMETRIC_REPRESENTATION_CONTEXT(2) 
PARAMETRIC_REPRESENTATION_CONTEXT() REPRESENTATION_CONTEXT('2D SPACE',''
  ) );
#5612 = PCURVE('',#5613,#5618);
#5613 = PLANE('',#5614);
#5614 = AXIS2_PLACEMENT_3D('',#5615,#5616,#5617);
#5615 = CARTESIAN_POINT('',(-25.,5.8048458399E-16,28.));
#5616 = DIRECTION('',(0.,0.,1.));
#5617 = DIRECTION('',(1.,0.,-0.));
#5618 = DEFINITIONAL_REPRESENTATION('',(#5619),#5623);
#5619 = CIRCLE('',#5620,8.75);
#5620 = AXIS2_PLACEMENT_2D('',#5621,#5622);
#5621 = CARTESIAN_POINT('',(3.552713678801E-15,-5.8048458399E-16));
#5622 = DIRECTION('',(1.,0.));
#5623 = ( GEOMETRIC_REPRESENTATION_CONTEXT(2) 
PARAMETRIC_REPRESENTATION_CONTEXT() REPRESENTATION_CONTEXT('2D SPACE',''
  ) );
#5624 = ORIENTED_EDGE('',*,*,#5625,.T.);
#5625 = EDGE_CURVE('',#5597,#5626,#5628,.T.);
#5626 = VERTEX_POINT('',#5627);
#5627 = CARTESIAN_POINT('',(-33.64456537302,1.354248688935,28.));
#5628 = SURFACE_CURVE('',#5629,(#5668,#5710),.PCURVE_S1.);
#5629 = B_SPLINE_CURVE_WITH_KNOTS('',7,(#5630,#5631,#5632,#5633,#5634,
    #5635,#5636,#5637,#5638,#5639,#5640,#5641,#5642,#5643,#5644,#5645,
    #5646,#5647,#5648,#5649,#5650,#5651,#5652,#5653,#5654,#5655,#5656,
    #5657,#5658,#5659,#5660,#5661,#5662,#5663,#5664,#5665,#5666,#5667),
  .UNSPECIFIED.,.F.,.F.,(8,6,6,6,6,6,8),(0.,0.43401168779,0.549598745891
    ,0.734981075951,0.846487907802,0.901492871515,1.),.UNSPECIFIED.);
#5630 = CARTESIAN_POINT('',(-30.6917906206,6.6457519914,27.9999994));
#5631 = CARTESIAN_POINT('',(-30.93503375164,6.437425082181,
    28.183726548388));
#5632 = CARTESIAN_POINT('',(-31.179418061,6.210114829354,28.354190983847
    ));
#5633 = CARTESIAN_POINT('',(-31.42365540895,5.962251268032,
    28.510647824565));
#5634 = CARTESIAN_POINT('',(-31.66631997153,5.692017718307,
    28.651019245322));
#5635 = CARTESIAN_POINT('',(-31.90528284189,5.397682162242,
    28.771819795519));
#5636 = CARTESIAN_POINT('',(-32.13753278304,5.07802786407,
    28.867946070933));
#5637 = CARTESIAN_POINT('',(-32.4184917236,4.641165101665,
    28.949385029995));
#5638 = CARTESIAN_POINT('',(-32.47683143051,4.547511341479,
    28.964252212049));
#5639 = CARTESIAN_POINT('',(-32.53431166337,4.452147057963,
    28.976713747768));
#5640 = CARTESIAN_POINT('',(-32.59082687648,4.355144413904,
    28.986625179382));
#5641 = CARTESIAN_POINT('',(-32.64627663567,4.256582293679,
    28.993842553611));
#5642 = CARTESIAN_POINT('',(-32.7005660529,4.156546739524,
    28.998222123157));
#5643 = CARTESIAN_POINT('',(-32.83867378876,3.892478107096,
    29.001862086455));
#5644 = CARTESIAN_POINT('',(-32.92069353236,3.7259590269,28.996438876802
    ));
#5645 = CARTESIAN_POINT('',(-32.998926224,3.556604783926,28.982693841595
    ));
#5646 = CARTESIAN_POINT('',(-33.07280600215,3.385475165911,
    28.960150335077));
#5647 = CARTESIAN_POINT('',(-33.14193651789,3.213651384428,
    28.92851391851));
#5648 = CARTESIAN_POINT('',(-33.20608076921,3.042221813216,
    28.887678220318));
#5649 = CARTESIAN_POINT('',(-33.30067132779,2.770030464872,
    28.807693334387));
#5650 = CARTESIAN_POINT('',(-33.33431841083,2.668450855993,
    28.774392122088));
#5651 = CARTESIAN_POINT('',(-33.36606401238,2.567779826525,
    28.737872152089));
#5652 = CARTESIAN_POINT('',(-33.39590787735,2.468270964109,
    28.698205641177));
#5653 = CARTESIAN_POINT('',(-33.42386909315,2.370171754724,
    28.655496534545));
#5654 = CARTESIAN_POINT('',(-33.4499838271,2.2737213545,28.609881425152)
  );
#5655 = CARTESIAN_POINT('',(-33.48629944754,2.132496654543,
    28.537679536595));
#5656 = CARTESIAN_POINT('',(-33.49786111976,2.086292913725,
    28.513158229563));
#5657 = CARTESIAN_POINT('',(-33.50899537531,2.040559853698,
    28.487984248358));
#5658 = CARTESIAN_POINT('',(-33.51971028665,1.995318209608,
    28.462175668298));
#5659 = CARTESIAN_POINT('',(-33.53001470386,1.950586737127,
    28.435750943644));
#5660 = CARTESIAN_POINT('',(-33.53991825472,1.90638221245,
    28.408728907598));
#5661 = CARTESIAN_POINT('',(-33.56646811925,1.784524760324,
    28.331700322768));
#5662 = CARTESIAN_POINT('',(-33.58224695681,1.708092326034,
    28.280433003977));
#5663 = CARTESIAN_POINT('',(-33.59683335611,1.633480509122,
    28.227421993509));
#5664 = CARTESIAN_POINT('',(-33.61029313717,1.560743372747,
    28.172766824144));
#5665 = CARTESIAN_POINT('',(-33.62269195026,1.489930286301,
    28.116571497267));
#5666 = CARTESIAN_POINT('',(-33.63409478502,1.421085548189,
    28.058944596279));
#5667 = CARTESIAN_POINT('',(-33.6445654796,1.3542480086,27.9999994));
#5668 = PCURVE('',#1374,#5669);
#5669 = DEFINITIONAL_REPRESENTATION('',(#5670),#5709);
#5670 = B_SPLINE_CURVE_WITH_KNOTS('',7,(#5671,#5672,#5673,#5674,#5675,
    #5676,#5677,#5678,#5679,#5680,#5681,#5682,#5683,#5684,#5685,#5686,
    #5687,#5688,#5689,#5690,#5691,#5692,#5693,#5694,#5695,#5696,#5697,
    #5698,#5699,#5700,#5701,#5702,#5703,#5704,#5705,#5706,#5707,#5708),
  .UNSPECIFIED.,.F.,.F.,(8,6,6,6,6,6,8),(0.,0.43401168779,0.549598745891
    ,0.734981075951,0.846487907802,0.901492871515,1.),.UNSPECIFIED.);
#5671 = CARTESIAN_POINT('',(2.279026203694,-18.0000006));
#5672 = CARTESIAN_POINT('',(2.315627498982,-17.81627345161));
#5673 = CARTESIAN_POINT('',(2.353739119871,-17.64580901615));
#5674 = CARTESIAN_POINT('',(2.393445949057,-17.48935217543));
#5675 = CARTESIAN_POINT('',(2.434869487154,-17.34898075467));
#5676 = CARTESIAN_POINT('',(2.47810270179,-17.22818020448));
#5677 = CARTESIAN_POINT('',(2.523186292783,-17.13205392906));
#5678 = CARTESIAN_POINT('',(2.582547463294,-17.05061497));
#5679 = CARTESIAN_POINT('',(2.595156248533,-17.03574778795));
#5680 = CARTESIAN_POINT('',(2.607879497453,-17.02328625223));
#5681 = CARTESIAN_POINT('',(2.620707216549,-17.01337482061));
#5682 = CARTESIAN_POINT('',(2.633629311489,-17.00615744638));
#5683 = CARTESIAN_POINT('',(2.646635508164,-17.00177787684));
#5684 = CARTESIAN_POINT('',(2.680693032483,-16.99813791354));
#5685 = CARTESIAN_POINT('',(2.701900864591,-17.00356112319));
#5686 = CARTESIAN_POINT('',(2.723210291555,-17.0173061584));
#5687 = CARTESIAN_POINT('',(2.744500649001,-17.03984966492));
#5688 = CARTESIAN_POINT('',(2.765657163225,-17.07148608149));
#5689 = CARTESIAN_POINT('',(2.786569875503,-17.11232177968));
#5690 = CARTESIAN_POINT('',(2.819502311746,-17.19230666561));
#5691 = CARTESIAN_POINT('',(2.831730400104,-17.22560787791));
#5692 = CARTESIAN_POINT('',(2.843792173658,-17.26212784791));
#5693 = CARTESIAN_POINT('',(2.855663001141,-17.30179435882));
#5694 = CARTESIAN_POINT('',(2.867319194152,-17.34450346545));
#5695 = CARTESIAN_POINT('',(2.878738075678,-17.39011857484));
#5696 = CARTESIAN_POINT('',(2.895403127529,-17.4623204634));
#5697 = CARTESIAN_POINT('',(2.900846250487,-17.48684177043));
#5698 = CARTESIAN_POINT('',(2.906225383589,-17.51201575164));
#5699 = CARTESIAN_POINT('',(2.911538706074,-17.5378243317));
#5700 = CARTESIAN_POINT('',(2.91678461033,-17.56424905635));
#5701 = CARTESIAN_POINT('',(2.921961701902,-17.5912710924));
#5702 = CARTESIAN_POINT('',(2.936214983462,-17.66829967723));
#5703 = CARTESIAN_POINT('',(2.94513378011,-17.71956699602));
#5704 = CARTESIAN_POINT('',(2.95382151505,-17.77257800649));
#5705 = CARTESIAN_POINT('',(2.962274720876,-17.82723317585));
#5706 = CARTESIAN_POINT('',(2.970490194294,-17.88342850273));
#5707 = CARTESIAN_POINT('',(2.978465053245,-17.94105540372));
#5708 = CARTESIAN_POINT('',(2.986196794042,-18.0000006));
#5709 = ( GEOMETRIC_REPRESENTATION_CONTEXT(2) 
PARAMETRIC_REPRESENTATION_CONTEXT() REPRESENTATION_CONTEXT('2D SPACE',''
  ) );
#5710 = PCURVE('',#4777,#5711);
#5711 = DEFINITIONAL_REPRESENTATION('',(#5712),#5751);
#5712 = B_SPLINE_CURVE_WITH_KNOTS('',7,(#5713,#5714,#5715,#5716,#5717,
    #5718,#5719,#5720,#5721,#5722,#5723,#5724,#5725,#5726,#5727,#5728,
    #5729,#5730,#5731,#5732,#5733,#5734,#5735,#5736,#5737,#5738,#5739,
    #5740,#5741,#5742,#5743,#5744,#5745,#5746,#5747,#5748,#5749,#5750),
  .UNSPECIFIED.,.F.,.F.,(8,6,6,6,6,6,8),(0.,0.43401168779,0.549598745891
    ,0.734981075951,0.846487907802,0.901492871515,1.),.UNSPECIFIED.);
#5713 = CARTESIAN_POINT('',(0.848061852203,-81.6917906206));
#5714 = CARTESIAN_POINT('',(0.917504169164,-81.93503375164));
#5715 = CARTESIAN_POINT('',(0.988312646783,-82.179418061));
#5716 = CARTESIAN_POINT('',(1.061206139525,-82.42365540895));
#5717 = CARTESIAN_POINT('',(1.136823133471,-82.66631997153));
#5718 = CARTESIAN_POINT('',(1.215797621139,-82.90528284189));
#5719 = CARTESIAN_POINT('',(1.298761956703,-83.13753278304));
#5720 = CARTESIAN_POINT('',(1.409859148732,-83.4184917236));
#5721 = CARTESIAN_POINT('',(1.433557205589,-83.47683143051));
#5722 = CARTESIAN_POINT('',(1.457586281734,-83.53431166337));
#5723 = CARTESIAN_POINT('',(1.48194551115,-83.59082687648));
#5724 = CARTESIAN_POINT('',(1.506635188008,-83.64627663567));
#5725 = CARTESIAN_POINT('',(1.531656796958,-83.7005660529));
#5726 = CARTESIAN_POINT('',(1.597680226495,-83.83867378876));
#5727 = CARTESIAN_POINT('',(1.639287349999,-83.92069353236));
#5728 = CARTESIAN_POINT('',(1.681684394413,-83.998926224));
#5729 = CARTESIAN_POINT('',(1.724737451999,-84.07280600215));
#5730 = CARTESIAN_POINT('',(1.768322568399,-84.14193651789));
#5731 = CARTESIAN_POINT('',(1.812319636786,-84.20608076921));
#5732 = CARTESIAN_POINT('',(1.88324464652,-84.30067132779));
#5733 = CARTESIAN_POINT('',(1.909956570066,-84.33431841083));
#5734 = CARTESIAN_POINT('',(1.936708281437,-84.36606401238));
#5735 = CARTESIAN_POINT('',(1.963465548096,-84.39590787735));
#5736 = CARTESIAN_POINT('',(1.990193037548,-84.42386909315));
#5737 = CARTESIAN_POINT('',(2.016853616132,-84.4499838271));
#5738 = CARTESIAN_POINT('',(2.056506428602,-84.48629944754));
#5739 = CARTESIAN_POINT('',(2.069581774674,-84.49786111976));
#5740 = CARTESIAN_POINT('',(2.082630310908,-84.50899537531));
#5741 = CARTESIAN_POINT('',(2.09564896839,-84.51971028665));
#5742 = CARTESIAN_POINT('',(2.108634984403,-84.53001470386));
#5743 = CARTESIAN_POINT('',(2.12158590242,-84.53991825472));
#5744 = CARTESIAN_POINT('',(2.157626367109,-84.56646811925));
#5745 = CARTESIAN_POINT('',(2.180626403121,-84.58224695681));
#5746 = CARTESIAN_POINT('',(2.203494825777,-84.59683335611));
#5747 = CARTESIAN_POINT('',(2.226226129799,-84.61029313717));
#5748 = CARTESIAN_POINT('',(2.248814077464,-84.62269195026));
#5749 = CARTESIAN_POINT('',(2.271251617068,-84.63409478502));
#5750 = CARTESIAN_POINT('',(2.293530801387,-84.6445654796));
#5751 = ( GEOMETRIC_REPRESENTATION_CONTEXT(2) 
PARAMETRIC_REPRESENTATION_CONTEXT() REPRESENTATION_CONTEXT('2D SPACE',''
  ) );
#5752 = ORIENTED_EDGE('',*,*,#5753,.T.);
#5753 = EDGE_CURVE('',#5626,#5415,#5754,.T.);
#5754 = SURFACE_CURVE('',#5755,(#5760,#5767),.PCURVE_S1.);
#5755 = CIRCLE('',#5756,8.75);
#5756 = AXIS2_PLACEMENT_3D('',#5757,#5758,#5759);
#5757 = CARTESIAN_POINT('',(-25.,0.,28.));
#5758 = DIRECTION('',(0.,0.,1.));
#5759 = DIRECTION('',(1.,0.,0.));
#5760 = PCURVE('',#1374,#5761);
#5761 = DEFINITIONAL_REPRESENTATION('',(#5762),#5766);
#5762 = LINE('',#5763,#5764);
#5763 = CARTESIAN_POINT('',(0.,-18.));
#5764 = VECTOR('',#5765,1.);
#5765 = DIRECTION('',(1.,0.));
#5766 = ( GEOMETRIC_REPRESENTATION_CONTEXT(2) 
PARAMETRIC_REPRESENTATION_CONTEXT() REPRESENTATION_CONTEXT('2D SPACE',''
  ) );
#5767 = PCURVE('',#5456,#5768);
#5768 = DEFINITIONAL_REPRESENTATION('',(#5769),#5773);
#5769 = CIRCLE('',#5770,8.75);
#5770 = AXIS2_PLACEMENT_2D('',#5771,#5772);
#5771 = CARTESIAN_POINT('',(3.552713678801E-15,-5.8048458399E-16));
#5772 = DIRECTION('',(1.,0.));
#5773 = ( GEOMETRIC_REPRESENTATION_CONTEXT(2) 
PARAMETRIC_REPRESENTATION_CONTEXT() REPRESENTATION_CONTEXT('2D SPACE',''
  ) );
#5774 = ADVANCED_FACE('',(#5775),#1409,.F.);
#5775 = FACE_BOUND('',#5776,.F.);
#5776 = EDGE_LOOP('',(#5777,#5800,#5801,#5802,#5831,#5959,#5988,#6116));
#5777 = ORIENTED_EDGE('',*,*,#5778,.F.);
#5778 = EDGE_CURVE('',#1393,#5779,#5781,.T.);
#5779 = VERTEX_POINT('',#5780);
#5780 = CARTESIAN_POINT('',(33.75,0.,28.));
#5781 = SEAM_CURVE('',#5782,(#5786,#5793),.PCURVE_S1.);
#5782 = LINE('',#5783,#5784);
#5783 = CARTESIAN_POINT('',(33.75,0.,46.));
#5784 = VECTOR('',#5785,1.);
#5785 = DIRECTION('',(-0.,-0.,-1.));
#5786 = PCURVE('',#1409,#5787);
#5787 = DEFINITIONAL_REPRESENTATION('',(#5788),#5792);
#5788 = LINE('',#5789,#5790);
#5789 = CARTESIAN_POINT('',(6.28318530718,0.));
#5790 = VECTOR('',#5791,1.);
#5791 = DIRECTION('',(0.,-1.));
#5792 = ( GEOMETRIC_REPRESENTATION_CONTEXT(2) 
PARAMETRIC_REPRESENTATION_CONTEXT() REPRESENTATION_CONTEXT('2D SPACE',''
  ) );
#5793 = PCURVE('',#1409,#5794);
#5794 = DEFINITIONAL_REPRESENTATION('',(#5795),#5799);
#5795 = LINE('',#5796,#5797);
#5796 = CARTESIAN_POINT('',(0.,0.));
#5797 = VECTOR('',#5798,1.);
#5798 = DIRECTION('',(0.,-1.));
#5799 = ( GEOMETRIC_REPRESENTATION_CONTEXT(2) 
PARAMETRIC_REPRESENTATION_CONTEXT() REPRESENTATION_CONTEXT('2D SPACE',''
  ) );
#5800 = ORIENTED_EDGE('',*,*,#1392,.F.);
#5801 = ORIENTED_EDGE('',*,*,#5778,.T.);
#5802 = ORIENTED_EDGE('',*,*,#5803,.T.);
#5803 = EDGE_CURVE('',#5779,#5804,#5806,.T.);
#5804 = VERTEX_POINT('',#5805);
#5805 = CARTESIAN_POINT('',(33.644565373026,1.354248688935,28.));
#5806 = SURFACE_CURVE('',#5807,(#5812,#5819),.PCURVE_S1.);
#5807 = CIRCLE('',#5808,8.75);
#5808 = AXIS2_PLACEMENT_3D('',#5809,#5810,#5811);
#5809 = CARTESIAN_POINT('',(25.,0.,28.));
#5810 = DIRECTION('',(0.,0.,1.));
#5811 = DIRECTION('',(1.,0.,0.));
#5812 = PCURVE('',#1409,#5813);
#5813 = DEFINITIONAL_REPRESENTATION('',(#5814),#5818);
#5814 = LINE('',#5815,#5816);
#5815 = CARTESIAN_POINT('',(0.,-18.));
#5816 = VECTOR('',#5817,1.);
#5817 = DIRECTION('',(1.,0.));
#5818 = ( GEOMETRIC_REPRESENTATION_CONTEXT(2) 
PARAMETRIC_REPRESENTATION_CONTEXT() REPRESENTATION_CONTEXT('2D SPACE',''
  ) );
#5819 = PCURVE('',#5820,#5825);
#5820 = PLANE('',#5821);
#5821 = AXIS2_PLACEMENT_3D('',#5822,#5823,#5824);
#5822 = CARTESIAN_POINT('',(25.,5.8048458399E-16,28.));
#5823 = DIRECTION('',(0.,0.,1.));
#5824 = DIRECTION('',(1.,0.,-0.));
#5825 = DEFINITIONAL_REPRESENTATION('',(#5826),#5830);
#5826 = CIRCLE('',#5827,8.75);
#5827 = AXIS2_PLACEMENT_2D('',#5828,#5829);
#5828 = CARTESIAN_POINT('',(-3.552713678801E-15,-5.8048458399E-16));
#5829 = DIRECTION('',(1.,0.));
#5830 = ( GEOMETRIC_REPRESENTATION_CONTEXT(2) 
PARAMETRIC_REPRESENTATION_CONTEXT() REPRESENTATION_CONTEXT('2D SPACE',''
  ) );
#5831 = ORIENTED_EDGE('',*,*,#5832,.F.);
#5832 = EDGE_CURVE('',#5833,#5804,#5835,.T.);
#5833 = VERTEX_POINT('',#5834);
#5834 = CARTESIAN_POINT('',(30.691791414966,6.645751311065,28.));
#5835 = SURFACE_CURVE('',#5836,(#5875,#5917),.PCURVE_S1.);
#5836 = B_SPLINE_CURVE_WITH_KNOTS('',7,(#5837,#5838,#5839,#5840,#5841,
    #5842,#5843,#5844,#5845,#5846,#5847,#5848,#5849,#5850,#5851,#5852,
    #5853,#5854,#5855,#5856,#5857,#5858,#5859,#5860,#5861,#5862,#5863,
    #5864,#5865,#5866,#5867,#5868,#5869,#5870,#5871,#5872,#5873,#5874),
  .UNSPECIFIED.,.F.,.F.,(8,6,6,6,6,6,8),(0.,0.434011687807,
    0.549598745913,0.734981075968,0.846487907812,0.901492871522,1.),
  .UNSPECIFIED.);
#5837 = CARTESIAN_POINT('',(30.691790620604,6.6457519914,27.9999994));
#5838 = CARTESIAN_POINT('',(30.935033751649,6.437425082181,
    28.183726548389));
#5839 = CARTESIAN_POINT('',(31.179418061003,6.210114829355,
    28.354190983846));
#5840 = CARTESIAN_POINT('',(31.423655408959,5.962251268032,
    28.510647824566));
#5841 = CARTESIAN_POINT('',(31.666319971532,5.692017718308,
    28.651019245321));
#5842 = CARTESIAN_POINT('',(31.905282841899,5.397682162241,
    28.771819795519));
#5843 = CARTESIAN_POINT('',(32.137532783045,5.07802786407,
    28.867946070933));
#5844 = CARTESIAN_POINT('',(32.418491723609,4.641165101665,
    28.949385029995));
#5845 = CARTESIAN_POINT('',(32.476831430515,4.547511341479,
    28.964252212049));
#5846 = CARTESIAN_POINT('',(32.534311663374,4.452147057963,
    28.976713747768));
#5847 = CARTESIAN_POINT('',(32.590826876486,4.355144413904,
    28.986625179382));
#5848 = CARTESIAN_POINT('',(32.646276635679,4.256582293679,
    28.993842553611));
#5849 = CARTESIAN_POINT('',(32.700566052904,4.156546739524,
    28.998222123157));
#5850 = CARTESIAN_POINT('',(32.838673788756,3.892478107106,
    29.001862086455));
#5851 = CARTESIAN_POINT('',(32.920693532367,3.725959026903,
    28.996438876803));
#5852 = CARTESIAN_POINT('',(32.998926224005,3.55660478392,
    28.982693841595));
#5853 = CARTESIAN_POINT('',(33.072806002158,3.385475165905,
    28.960150335075));
#5854 = CARTESIAN_POINT('',(33.141936517891,3.213651384428,
    28.928513918509));
#5855 = CARTESIAN_POINT('',(33.206080769208,3.042221813223,
    28.88767822032));
#5856 = CARTESIAN_POINT('',(33.30067132779,2.770030464872,
    28.807693334387));
#5857 = CARTESIAN_POINT('',(33.334318410838,2.668450855993,
    28.774392122088));
#5858 = CARTESIAN_POINT('',(33.366064012382,2.567779826525,
    28.737872152089));
#5859 = CARTESIAN_POINT('',(33.395907877353,2.468270964109,
    28.698205641177));
#5860 = CARTESIAN_POINT('',(33.423869093156,2.370171754724,
    28.655496534545));
#5861 = CARTESIAN_POINT('',(33.449983827107,2.2737213545,28.609881425152
    ));
#5862 = CARTESIAN_POINT('',(33.486299447542,2.132496654543,
    28.537679536595));
#5863 = CARTESIAN_POINT('',(33.497861119761,2.086292913725,
    28.513158229563));
#5864 = CARTESIAN_POINT('',(33.508995375318,2.040559853698,
    28.487984248358));
#5865 = CARTESIAN_POINT('',(33.519710286654,1.995318209608,
    28.462175668298));
#5866 = CARTESIAN_POINT('',(33.530014703868,1.950586737127,
    28.435750943644));
#5867 = CARTESIAN_POINT('',(33.53991825472,1.90638221245,28.408728907598
    ));
#5868 = CARTESIAN_POINT('',(33.566468119255,1.784524760324,
    28.331700322768));
#5869 = CARTESIAN_POINT('',(33.582246956812,1.708092326034,
    28.280433003977));
#5870 = CARTESIAN_POINT('',(33.596833356119,1.633480509122,
    28.227421993509));
#5871 = CARTESIAN_POINT('',(33.610293137176,1.560743372747,
    28.172766824144));
#5872 = CARTESIAN_POINT('',(33.622691950262,1.489930286301,
    28.116571497267));
#5873 = CARTESIAN_POINT('',(33.634094785029,1.421085548189,
    28.058944596279));
#5874 = CARTESIAN_POINT('',(33.644565479607,1.3542480086,27.9999994));
#5875 = PCURVE('',#1409,#5876);
#5876 = DEFINITIONAL_REPRESENTATION('',(#5877),#5916);
#5877 = B_SPLINE_CURVE_WITH_KNOTS('',7,(#5878,#5879,#5880,#5881,#5882,
    #5883,#5884,#5885,#5886,#5887,#5888,#5889,#5890,#5891,#5892,#5893,
    #5894,#5895,#5896,#5897,#5898,#5899,#5900,#5901,#5902,#5903,#5904,
    #5905,#5906,#5907,#5908,#5909,#5910,#5911,#5912,#5913,#5914,#5915),
  .UNSPECIFIED.,.F.,.F.,(8,6,6,6,6,6,8),(0.,0.434011687807,
    0.549598745913,0.734981075968,0.846487907812,0.901492871522,1.),
  .UNSPECIFIED.);
#5878 = CARTESIAN_POINT('',(0.862566449896,-18.0000006));
#5879 = CARTESIAN_POINT('',(0.825965154608,-17.81627345161));
#5880 = CARTESIAN_POINT('',(0.787853533719,-17.64580901615));
#5881 = CARTESIAN_POINT('',(0.748146704533,-17.48935217543));
#5882 = CARTESIAN_POINT('',(0.706723166436,-17.34898075467));
#5883 = CARTESIAN_POINT('',(0.663489951799,-17.22818020448));
#5884 = CARTESIAN_POINT('',(0.618406360807,-17.13205392906));
#5885 = CARTESIAN_POINT('',(0.559045190296,-17.05061497));
#5886 = CARTESIAN_POINT('',(0.546436405057,-17.03574778795));
#5887 = CARTESIAN_POINT('',(0.533713156137,-17.02328625223));
#5888 = CARTESIAN_POINT('',(0.520885437041,-17.01337482061));
#5889 = CARTESIAN_POINT('',(0.507963342101,-17.00615744638));
#5890 = CARTESIAN_POINT('',(0.494957145426,-17.00177787684));
#5891 = CARTESIAN_POINT('',(0.460899621108,-16.99813791354));
#5892 = CARTESIAN_POINT('',(0.439691788999,-17.00356112319));
#5893 = CARTESIAN_POINT('',(0.418382362035,-17.0173061584));
#5894 = CARTESIAN_POINT('',(0.397092004588,-17.03984966492));
#5895 = CARTESIAN_POINT('',(0.375935490364,-17.07148608149));
#5896 = CARTESIAN_POINT('',(0.355022778087,-17.11232177968));
#5897 = CARTESIAN_POINT('',(0.322090341844,-17.19230666561));
#5898 = CARTESIAN_POINT('',(0.309862253485,-17.22560787791));
#5899 = CARTESIAN_POINT('',(0.297800479932,-17.26212784791));
#5900 = CARTESIAN_POINT('',(0.285929652448,-17.30179435882));
#5901 = CARTESIAN_POINT('',(0.274273459438,-17.34450346545));
#5902 = CARTESIAN_POINT('',(0.262854577912,-17.39011857484));
#5903 = CARTESIAN_POINT('',(0.246189526061,-17.4623204634));
#5904 = CARTESIAN_POINT('',(0.240746403103,-17.48684177043));
#5905 = CARTESIAN_POINT('',(0.235367270001,-17.51201575164));
#5906 = CARTESIAN_POINT('',(0.230053947516,-17.5378243317));
#5907 = CARTESIAN_POINT('',(0.224808043259,-17.56424905635));
#5908 = CARTESIAN_POINT('',(0.219630951687,-17.5912710924));
#5909 = CARTESIAN_POINT('',(0.205377670128,-17.66829967723));
#5910 = CARTESIAN_POINT('',(0.196458873479,-17.71956699602));
#5911 = CARTESIAN_POINT('',(0.18777113854,-17.77257800649));
#5912 = CARTESIAN_POINT('',(0.179317932714,-17.82723317585));
#5913 = CARTESIAN_POINT('',(0.171102459296,-17.88342850273));
#5914 = CARTESIAN_POINT('',(0.163127600345,-17.94105540372));
#5915 = CARTESIAN_POINT('',(0.155395859548,-18.0000006));
#5916 = ( GEOMETRIC_REPRESENTATION_CONTEXT(2) 
PARAMETRIC_REPRESENTATION_CONTEXT() REPRESENTATION_CONTEXT('2D SPACE',''
  ) );
#5917 = PCURVE('',#4777,#5918);
#5918 = DEFINITIONAL_REPRESENTATION('',(#5919),#5958);
#5919 = B_SPLINE_CURVE_WITH_KNOTS('',7,(#5920,#5921,#5922,#5923,#5924,
    #5925,#5926,#5927,#5928,#5929,#5930,#5931,#5932,#5933,#5934,#5935,
    #5936,#5937,#5938,#5939,#5940,#5941,#5942,#5943,#5944,#5945,#5946,
    #5947,#5948,#5949,#5950,#5951,#5952,#5953,#5954,#5955,#5956,#5957),
  .UNSPECIFIED.,.F.,.F.,(8,6,6,6,6,6,8),(0.,0.434011687807,
    0.549598745913,0.734981075968,0.846487907812,0.901492871522,1.),
  .UNSPECIFIED.);
#5920 = CARTESIAN_POINT('',(0.848061852203,-20.30820937939));
#5921 = CARTESIAN_POINT('',(0.917504169165,-20.06496624835));
#5922 = CARTESIAN_POINT('',(0.988312646783,-19.82058193899));
#5923 = CARTESIAN_POINT('',(1.061206139525,-19.57634459104));
#5924 = CARTESIAN_POINT('',(1.136823133471,-19.33368002846));
#5925 = CARTESIAN_POINT('',(1.21579762114,-19.0947171581));
#5926 = CARTESIAN_POINT('',(1.298761956703,-18.86246721695));
#5927 = CARTESIAN_POINT('',(1.409859148732,-18.58150827639));
#5928 = CARTESIAN_POINT('',(1.433557205589,-18.52316856948));
#5929 = CARTESIAN_POINT('',(1.457586281734,-18.46568833662));
#5930 = CARTESIAN_POINT('',(1.48194551115,-18.40917312351));
#5931 = CARTESIAN_POINT('',(1.506635188008,-18.35372336432));
#5932 = CARTESIAN_POINT('',(1.531656796958,-18.29943394709));
#5933 = CARTESIAN_POINT('',(1.597680226493,-18.16132621124));
#5934 = CARTESIAN_POINT('',(1.639287349999,-18.07930646763));
#5935 = CARTESIAN_POINT('',(1.681684394414,-18.00107377599));
#5936 = CARTESIAN_POINT('',(1.724737452001,-17.92719399784));
#5937 = CARTESIAN_POINT('',(1.768322568399,-17.8580634821));
#5938 = CARTESIAN_POINT('',(1.812319636785,-17.79391923079));
#5939 = CARTESIAN_POINT('',(1.88324464652,-17.69932867221));
#5940 = CARTESIAN_POINT('',(1.909956570066,-17.66568158916));
#5941 = CARTESIAN_POINT('',(1.936708281437,-17.63393598761));
#5942 = CARTESIAN_POINT('',(1.963465548096,-17.60409212264));
#5943 = CARTESIAN_POINT('',(1.990193037548,-17.57613090684));
#5944 = CARTESIAN_POINT('',(2.016853616132,-17.55001617289));
#5945 = CARTESIAN_POINT('',(2.056506428602,-17.51370055245));
#5946 = CARTESIAN_POINT('',(2.069581774674,-17.50213888023));
#5947 = CARTESIAN_POINT('',(2.082630310908,-17.49100462468));
#5948 = CARTESIAN_POINT('',(2.09564896839,-17.48028971334));
#5949 = CARTESIAN_POINT('',(2.108634984403,-17.46998529613));
#5950 = CARTESIAN_POINT('',(2.12158590242,-17.46008174528));
#5951 = CARTESIAN_POINT('',(2.157626367109,-17.43353188074));
#5952 = CARTESIAN_POINT('',(2.180626403121,-17.41775304318));
#5953 = CARTESIAN_POINT('',(2.203494825777,-17.40316664388));
#5954 = CARTESIAN_POINT('',(2.226226129799,-17.38970686282));
#5955 = CARTESIAN_POINT('',(2.248814077464,-17.37730804973));
#5956 = CARTESIAN_POINT('',(2.271251617068,-17.36590521497));
#5957 = CARTESIAN_POINT('',(2.293530801387,-17.35543452039));
#5958 = ( GEOMETRIC_REPRESENTATION_CONTEXT(2) 
PARAMETRIC_REPRESENTATION_CONTEXT() REPRESENTATION_CONTEXT('2D SPACE',''
  ) );
#5959 = ORIENTED_EDGE('',*,*,#5960,.T.);
#5960 = EDGE_CURVE('',#5833,#5961,#5963,.T.);
#5961 = VERTEX_POINT('',#5962);
#5962 = CARTESIAN_POINT('',(19.308208585034,6.645751311065,28.));
#5963 = SURFACE_CURVE('',#5964,(#5969,#5976),.PCURVE_S1.);
#5964 = CIRCLE('',#5965,8.75);
#5965 = AXIS2_PLACEMENT_3D('',#5966,#5967,#5968);
#5966 = CARTESIAN_POINT('',(25.,0.,28.));
#5967 = DIRECTION('',(0.,0.,1.));
#5968 = DIRECTION('',(1.,0.,0.));
#5969 = PCURVE('',#1409,#5970);
#5970 = DEFINITIONAL_REPRESENTATION('',(#5971),#5975);
#5971 = LINE('',#5972,#5973);
#5972 = CARTESIAN_POINT('',(0.,-18.));
#5973 = VECTOR('',#5974,1.);
#5974 = DIRECTION('',(1.,0.));
#5975 = ( GEOMETRIC_REPRESENTATION_CONTEXT(2) 
PARAMETRIC_REPRESENTATION_CONTEXT() REPRESENTATION_CONTEXT('2D SPACE',''
  ) );
#5976 = PCURVE('',#5977,#5982);
#5977 = PLANE('',#5978);
#5978 = AXIS2_PLACEMENT_3D('',#5979,#5980,#5981);
#5979 = CARTESIAN_POINT('',(25.,5.8048458399E-16,28.));
#5980 = DIRECTION('',(0.,0.,1.));
#5981 = DIRECTION('',(1.,0.,-0.));
#5982 = DEFINITIONAL_REPRESENTATION('',(#5983),#5987);
#5983 = CIRCLE('',#5984,8.75);
#5984 = AXIS2_PLACEMENT_2D('',#5985,#5986);
#5985 = CARTESIAN_POINT('',(-3.552713678801E-15,-5.8048458399E-16));
#5986 = DIRECTION('',(1.,0.));
#5987 = ( GEOMETRIC_REPRESENTATION_CONTEXT(2) 
PARAMETRIC_REPRESENTATION_CONTEXT() REPRESENTATION_CONTEXT('2D SPACE',''
  ) );
#5988 = ORIENTED_EDGE('',*,*,#5989,.T.);
#5989 = EDGE_CURVE('',#5961,#5990,#5992,.T.);
#5990 = VERTEX_POINT('',#5991);
#5991 = CARTESIAN_POINT('',(16.355434626974,1.354248688935,28.));
#5992 = SURFACE_CURVE('',#5993,(#6032,#6074),.PCURVE_S1.);
#5993 = B_SPLINE_CURVE_WITH_KNOTS('',7,(#5994,#5995,#5996,#5997,#5998,
    #5999,#6000,#6001,#6002,#6003,#6004,#6005,#6006,#6007,#6008,#6009,
    #6010,#6011,#6012,#6013,#6014,#6015,#6016,#6017,#6018,#6019,#6020,
    #6021,#6022,#6023,#6024,#6025,#6026,#6027,#6028,#6029,#6030,#6031),
  .UNSPECIFIED.,.F.,.F.,(8,6,6,6,6,6,8),(0.,0.434011687837,0.54959874595
    ,0.734981075996,0.846487907826,0.901492871529,1.),.UNSPECIFIED.);
#5994 = CARTESIAN_POINT('',(19.308209379396,6.6457519914,27.9999994));
#5995 = CARTESIAN_POINT('',(19.06496624835,6.437425082181,
    28.183726548389));
#5996 = CARTESIAN_POINT('',(18.820581938998,6.210114829355,
    28.354190983846));
#5997 = CARTESIAN_POINT('',(18.57634459104,5.962251268031,
    28.510647824566));
#5998 = CARTESIAN_POINT('',(18.333680028469,5.692017718308,
    28.651019245321));
#5999 = CARTESIAN_POINT('',(18.0947171581,5.39768216224,28.771819795519)
  );
#6000 = CARTESIAN_POINT('',(17.862467216956,5.078027864071,
    28.867946070933));
#6001 = CARTESIAN_POINT('',(17.581508276391,4.641165101665,
    28.949385029995));
#6002 = CARTESIAN_POINT('',(17.523168569485,4.547511341479,
    28.964252212049));
#6003 = CARTESIAN_POINT('',(17.465688336626,4.452147057963,
    28.976713747768));
#6004 = CARTESIAN_POINT('',(17.409173123514,4.355144413904,
    28.986625179382));
#6005 = CARTESIAN_POINT('',(17.353723364321,4.256582293679,
    28.993842553611));
#6006 = CARTESIAN_POINT('',(17.299433947096,4.156546739524,
    28.998222123157));
#6007 = CARTESIAN_POINT('',(17.161326211254,3.892478107125,
    29.001862086454));
#6008 = CARTESIAN_POINT('',(17.079306467634,3.725959026908,
    28.996438876805));
#6009 = CARTESIAN_POINT('',(17.00107377599,3.55660478391,28.982693841595
    ));
#6010 = CARTESIAN_POINT('',(16.927193997838,3.385475165893,
    28.960150335073));
#6011 = CARTESIAN_POINT('',(16.85806348211,3.213651384429,
    28.928513918508));
#6012 = CARTESIAN_POINT('',(16.793919230797,3.042221813236,
    28.887678220324));
#6013 = CARTESIAN_POINT('',(16.69932867221,2.770030464872,
    28.807693334387));
#6014 = CARTESIAN_POINT('',(16.665681589162,2.668450855993,
    28.774392122088));
#6015 = CARTESIAN_POINT('',(16.633935987618,2.567779826525,
    28.737872152089));
#6016 = CARTESIAN_POINT('',(16.604092122647,2.468270964109,
    28.698205641177));
#6017 = CARTESIAN_POINT('',(16.576130906844,2.370171754724,
    28.655496534545));
#6018 = CARTESIAN_POINT('',(16.550016172893,2.2737213545,28.609881425152
    ));
#6019 = CARTESIAN_POINT('',(16.513700552458,2.132496654543,
    28.537679536595));
#6020 = CARTESIAN_POINT('',(16.502138880239,2.086292913725,
    28.513158229563));
#6021 = CARTESIAN_POINT('',(16.491004624682,2.040559853698,
    28.487984248358));
#6022 = CARTESIAN_POINT('',(16.480289713346,1.995318209608,
    28.462175668298));
#6023 = CARTESIAN_POINT('',(16.469985296132,1.950586737127,
    28.435750943644));
#6024 = CARTESIAN_POINT('',(16.46008174528,1.90638221245,28.408728907598
    ));
#6025 = CARTESIAN_POINT('',(16.433531880744,1.784524760319,
    28.331700322765));
#6026 = CARTESIAN_POINT('',(16.417753043188,1.708092326033,
    28.280433003976));
#6027 = CARTESIAN_POINT('',(16.403166643882,1.633480509126,
    28.227421993511));
#6028 = CARTESIAN_POINT('',(16.389706862824,1.56074337275,
    28.172766824146));
#6029 = CARTESIAN_POINT('',(16.377308049738,1.489930286301,
    28.116571497266));
#6030 = CARTESIAN_POINT('',(16.36590521497,1.421085548186,
    28.058944596276));
#6031 = CARTESIAN_POINT('',(16.355434520394,1.3542480086,27.9999994));
#6032 = PCURVE('',#1409,#6033);
#6033 = DEFINITIONAL_REPRESENTATION('',(#6034),#6073);
#6034 = B_SPLINE_CURVE_WITH_KNOTS('',7,(#6035,#6036,#6037,#6038,#6039,
    #6040,#6041,#6042,#6043,#6044,#6045,#6046,#6047,#6048,#6049,#6050,
    #6051,#6052,#6053,#6054,#6055,#6056,#6057,#6058,#6059,#6060,#6061,
    #6062,#6063,#6064,#6065,#6066,#6067,#6068,#6069,#6070,#6071,#6072),
  .UNSPECIFIED.,.F.,.F.,(8,6,6,6,6,6,8),(0.,0.434011687837,0.54959874595
    ,0.734981075996,0.846487907826,0.901492871529,1.),.UNSPECIFIED.);
#6035 = CARTESIAN_POINT('',(2.279026203694,-18.0000006));
#6036 = CARTESIAN_POINT('',(2.315627498982,-17.81627345161));
#6037 = CARTESIAN_POINT('',(2.35373911987,-17.64580901615));
#6038 = CARTESIAN_POINT('',(2.393445949057,-17.48935217543));
#6039 = CARTESIAN_POINT('',(2.434869487154,-17.34898075467));
#6040 = CARTESIAN_POINT('',(2.47810270179,-17.22818020448));
#6041 = CARTESIAN_POINT('',(2.523186292783,-17.13205392906));
#6042 = CARTESIAN_POINT('',(2.582547463294,-17.05061497));
#6043 = CARTESIAN_POINT('',(2.595156248533,-17.03574778795));
#6044 = CARTESIAN_POINT('',(2.607879497453,-17.02328625223));
#6045 = CARTESIAN_POINT('',(2.620707216549,-17.01337482061));
#6046 = CARTESIAN_POINT('',(2.633629311489,-17.00615744638));
#6047 = CARTESIAN_POINT('',(2.646635508164,-17.00177787684));
#6048 = CARTESIAN_POINT('',(2.680693032479,-16.99813791354));
#6049 = CARTESIAN_POINT('',(2.70190086459,-17.00356112319));
#6050 = CARTESIAN_POINT('',(2.723210291557,-17.0173061584));
#6051 = CARTESIAN_POINT('',(2.744500649003,-17.03984966492));
#6052 = CARTESIAN_POINT('',(2.765657163225,-17.07148608149));
#6053 = CARTESIAN_POINT('',(2.786569875501,-17.11232177967));
#6054 = CARTESIAN_POINT('',(2.819502311746,-17.19230666561));
#6055 = CARTESIAN_POINT('',(2.831730400104,-17.22560787791));
#6056 = CARTESIAN_POINT('',(2.843792173658,-17.26212784791));
#6057 = CARTESIAN_POINT('',(2.855663001141,-17.30179435882));
#6058 = CARTESIAN_POINT('',(2.867319194152,-17.34450346545));
#6059 = CARTESIAN_POINT('',(2.878738075678,-17.39011857484));
#6060 = CARTESIAN_POINT('',(2.895403127529,-17.4623204634));
#6061 = CARTESIAN_POINT('',(2.900846250487,-17.48684177043));
#6062 = CARTESIAN_POINT('',(2.906225383589,-17.51201575164));
#6063 = CARTESIAN_POINT('',(2.911538706074,-17.5378243317));
#6064 = CARTESIAN_POINT('',(2.91678461033,-17.56424905635));
#6065 = CARTESIAN_POINT('',(2.921961701902,-17.5912710924));
#6066 = CARTESIAN_POINT('',(2.936214983462,-17.66829967723));
#6067 = CARTESIAN_POINT('',(2.94513378011,-17.71956699602));
#6068 = CARTESIAN_POINT('',(2.953821515049,-17.77257800648));
#6069 = CARTESIAN_POINT('',(2.962274720876,-17.82723317585));
#6070 = CARTESIAN_POINT('',(2.970490194294,-17.88342850273));
#6071 = CARTESIAN_POINT('',(2.978465053245,-17.94105540372));
#6072 = CARTESIAN_POINT('',(2.986196794042,-18.0000006));
#6073 = ( GEOMETRIC_REPRESENTATION_CONTEXT(2) 
PARAMETRIC_REPRESENTATION_CONTEXT() REPRESENTATION_CONTEXT('2D SPACE',''
  ) );
#6074 = PCURVE('',#4777,#6075);
#6075 = DEFINITIONAL_REPRESENTATION('',(#6076),#6115);
#6076 = B_SPLINE_CURVE_WITH_KNOTS('',7,(#6077,#6078,#6079,#6080,#6081,
    #6082,#6083,#6084,#6085,#6086,#6087,#6088,#6089,#6090,#6091,#6092,
    #6093,#6094,#6095,#6096,#6097,#6098,#6099,#6100,#6101,#6102,#6103,
    #6104,#6105,#6106,#6107,#6108,#6109,#6110,#6111,#6112,#6113,#6114),
  .UNSPECIFIED.,.F.,.F.,(8,6,6,6,6,6,8),(0.,0.434011687837,0.54959874595
    ,0.734981075996,0.846487907826,0.901492871529,1.),.UNSPECIFIED.);
#6077 = CARTESIAN_POINT('',(0.848061852203,-31.6917906206));
#6078 = CARTESIAN_POINT('',(0.917504169165,-31.93503375165));
#6079 = CARTESIAN_POINT('',(0.988312646783,-32.179418061));
#6080 = CARTESIAN_POINT('',(1.061206139525,-32.42365540896));
#6081 = CARTESIAN_POINT('',(1.136823133471,-32.66631997153));
#6082 = CARTESIAN_POINT('',(1.21579762114,-32.9052828419));
#6083 = CARTESIAN_POINT('',(1.298761956702,-33.13753278304));
#6084 = CARTESIAN_POINT('',(1.409859148732,-33.4184917236));
#6085 = CARTESIAN_POINT('',(1.433557205589,-33.47683143051));
#6086 = CARTESIAN_POINT('',(1.457586281734,-33.53431166337));
#6087 = CARTESIAN_POINT('',(1.48194551115,-33.59082687648));
#6088 = CARTESIAN_POINT('',(1.506635188008,-33.64627663567));
#6089 = CARTESIAN_POINT('',(1.531656796958,-33.7005660529));
#6090 = CARTESIAN_POINT('',(1.597680226488,-33.83867378874));
#6091 = CARTESIAN_POINT('',(1.639287349997,-33.92069353236));
#6092 = CARTESIAN_POINT('',(1.681684394417,-33.99892622401));
#6093 = CARTESIAN_POINT('',(1.724737452004,-34.07280600216));
#6094 = CARTESIAN_POINT('',(1.768322568399,-34.14193651789));
#6095 = CARTESIAN_POINT('',(1.812319636781,-34.2060807692));
#6096 = CARTESIAN_POINT('',(1.88324464652,-34.30067132779));
#6097 = CARTESIAN_POINT('',(1.909956570066,-34.33431841083));
#6098 = CARTESIAN_POINT('',(1.936708281437,-34.36606401238));
#6099 = CARTESIAN_POINT('',(1.963465548096,-34.39590787735));
#6100 = CARTESIAN_POINT('',(1.990193037548,-34.42386909315));
#6101 = CARTESIAN_POINT('',(2.016853616132,-34.4499838271));
#6102 = CARTESIAN_POINT('',(2.056506428602,-34.48629944754));
#6103 = CARTESIAN_POINT('',(2.069581774674,-34.49786111976));
#6104 = CARTESIAN_POINT('',(2.082630310908,-34.50899537531));
#6105 = CARTESIAN_POINT('',(2.09564896839,-34.51971028665));
#6106 = CARTESIAN_POINT('',(2.108634984403,-34.53001470386));
#6107 = CARTESIAN_POINT('',(2.12158590242,-34.53991825472));
#6108 = CARTESIAN_POINT('',(2.15762636711,-34.56646811925));
#6109 = CARTESIAN_POINT('',(2.180626403121,-34.58224695681));
#6110 = CARTESIAN_POINT('',(2.203494825776,-34.59683335611));
#6111 = CARTESIAN_POINT('',(2.226226129798,-34.61029313717));
#6112 = CARTESIAN_POINT('',(2.248814077464,-34.62269195026));
#6113 = CARTESIAN_POINT('',(2.271251617069,-34.63409478503));
#6114 = CARTESIAN_POINT('',(2.293530801387,-34.6445654796));
#6115 = ( GEOMETRIC_REPRESENTATION_CONTEXT(2) 
PARAMETRIC_REPRESENTATION_CONTEXT() REPRESENTATION_CONTEXT('2D SPACE',''
  ) );
#6116 = ORIENTED_EDGE('',*,*,#6117,.T.);
#6117 = EDGE_CURVE('',#5990,#5779,#6118,.T.);
#6118 = SURFACE_CURVE('',#6119,(#6124,#6131),.PCURVE_S1.);
#6119 = CIRCLE('',#6120,8.75);
#6120 = AXIS2_PLACEMENT_3D('',#6121,#6122,#6123);
#6121 = CARTESIAN_POINT('',(25.,0.,28.));
#6122 = DIRECTION('',(0.,0.,1.));
#6123 = DIRECTION('',(1.,0.,0.));
#6124 = PCURVE('',#1409,#6125);
#6125 = DEFINITIONAL_REPRESENTATION('',(#6126),#6130);
#6126 = LINE('',#6127,#6128);
#6127 = CARTESIAN_POINT('',(0.,-18.));
#6128 = VECTOR('',#6129,1.);
#6129 = DIRECTION('',(1.,0.));
#6130 = ( GEOMETRIC_REPRESENTATION_CONTEXT(2) 
PARAMETRIC_REPRESENTATION_CONTEXT() REPRESENTATION_CONTEXT('2D SPACE',''
  ) );
#6131 = PCURVE('',#5820,#6132);
#6132 = DEFINITIONAL_REPRESENTATION('',(#6133),#6137);
#6133 = CIRCLE('',#6134,8.75);
#6134 = AXIS2_PLACEMENT_2D('',#6135,#6136);
#6135 = CARTESIAN_POINT('',(-3.552713678801E-15,-5.8048458399E-16));
#6136 = DIRECTION('',(1.,0.));
#6137 = ( GEOMETRIC_REPRESENTATION_CONTEXT(2) 
PARAMETRIC_REPRESENTATION_CONTEXT() REPRESENTATION_CONTEXT('2D SPACE',''
  ) );
#6138 = ADVANCED_FACE('',(#6139),#4742,.F.);
#6139 = FACE_BOUND('',#6140,.F.);
#6140 = EDGE_LOOP('',(#6141));
#6141 = ORIENTED_EDGE('',*,*,#4727,.T.);
#6142 = ADVANCED_FACE('',(#6143),#1473,.F.);
#6143 = FACE_BOUND('',#6144,.F.);
#6144 = EDGE_LOOP('',(#6145,#6176,#6553,#6575,#6596,#6619,#6641,#6642,
    #6643,#6644,#6666,#6667));
#6145 = ORIENTED_EDGE('',*,*,#6146,.F.);
#6146 = EDGE_CURVE('',#6147,#6149,#6151,.T.);
#6147 = VERTEX_POINT('',#6148);
#6148 = CARTESIAN_POINT('',(17.769833133246,0.535898384862,23.));
#6149 = VERTEX_POINT('',#6150);
#6150 = CARTESIAN_POINT('',(32.25,0.,23.));
#6151 = SURFACE_CURVE('',#6152,(#6157,#6164),.PCURVE_S1.);
#6152 = CIRCLE('',#6153,7.25);
#6153 = AXIS2_PLACEMENT_3D('',#6154,#6155,#6156);
#6154 = CARTESIAN_POINT('',(25.,0.,23.));
#6155 = DIRECTION('',(0.,0.,1.));
#6156 = DIRECTION('',(1.,0.,-0.));
#6157 = PCURVE('',#1473,#6158);
#6158 = DEFINITIONAL_REPRESENTATION('',(#6159),#6163);
#6159 = LINE('',#6160,#6161);
#6160 = CARTESIAN_POINT('',(0.,-23.));
#6161 = VECTOR('',#6162,1.);
#6162 = DIRECTION('',(1.,0.));
#6163 = ( GEOMETRIC_REPRESENTATION_CONTEXT(2) 
PARAMETRIC_REPRESENTATION_CONTEXT() REPRESENTATION_CONTEXT('2D SPACE',''
  ) );
#6164 = PCURVE('',#6165,#6170);
#6165 = PLANE('',#6166);
#6166 = AXIS2_PLACEMENT_3D('',#6167,#6168,#6169);
#6167 = CARTESIAN_POINT('',(25.,5.848900222367E-17,23.));
#6168 = DIRECTION('',(0.,0.,1.));
#6169 = DIRECTION('',(1.,0.,-0.));
#6170 = DEFINITIONAL_REPRESENTATION('',(#6171),#6175);
#6171 = CIRCLE('',#6172,7.25);
#6172 = AXIS2_PLACEMENT_2D('',#6173,#6174);
#6173 = CARTESIAN_POINT('',(0.,-5.848900222367E-17));
#6174 = DIRECTION('',(1.,0.));
#6175 = ( GEOMETRIC_REPRESENTATION_CONTEXT(2) 
PARAMETRIC_REPRESENTATION_CONTEXT() REPRESENTATION_CONTEXT('2D SPACE',''
  ) );
#6176 = ORIENTED_EDGE('',*,*,#6177,.F.);
#6177 = EDGE_CURVE('',#6178,#6147,#6180,.T.);
#6178 = VERTEX_POINT('',#6179);
#6179 = CARTESIAN_POINT('',(32.230166866754,0.535898384862,23.));
#6180 = SURFACE_CURVE('',#6181,(#6303,#6428),.PCURVE_S1.);
#6181 = B_SPLINE_CURVE_WITH_KNOTS('',8,(#6182,#6183,#6184,#6185,#6186,
    #6187,#6188,#6189,#6190,#6191,#6192,#6193,#6194,#6195,#6196,#6197,
    #6198,#6199,#6200,#6201,#6202,#6203,#6204,#6205,#6206,#6207,#6208,
    #6209,#6210,#6211,#6212,#6213,#6214,#6215,#6216,#6217,#6218,#6219,
    #6220,#6221,#6222,#6223,#6224,#6225,#6226,#6227,#6228,#6229,#6230,
    #6231,#6232,#6233,#6234,#6235,#6236,#6237,#6238,#6239,#6240,#6241,
    #6242,#6243,#6244,#6245,#6246,#6247,#6248,#6249,#6250,#6251,#6252,
    #6253,#6254,#6255,#6256,#6257,#6258,#6259,#6260,#6261,#6262,#6263,
    #6264,#6265,#6266,#6267,#6268,#6269,#6270,#6271,#6272,#6273,#6274,
    #6275,#6276,#6277,#6278,#6279,#6280,#6281,#6282,#6283,#6284,#6285,
    #6286,#6287,#6288,#6289,#6290,#6291,#6292,#6293,#6294,#6295,#6296,
    #6297,#6298,#6299,#6300,#6301,#6302),.UNSPECIFIED.,.F.,.F.,(9,7,7,7,
    7,7,7,7,7,7,7,7,7,7,7,7,7,9),(0.,5.65264287937E-02,
    7.786694237709E-02,0.115758518596,0.148739753767,0.197034708975,
    0.238433424778,0.3480891399,0.433850672233,0.499593849289,
    0.565337026346,0.651098558679,0.802429198963,0.850855555092,
    0.883926525612,0.921921197236,0.943319774092,1.),.UNSPECIFIED.);
#6182 = CARTESIAN_POINT('',(32.230166892429,0.535898038452,23.0000006));
#6183 = CARTESIAN_POINT('',(32.22429418282,0.615130779644,
    22.862765411738));
#6184 = CARTESIAN_POINT('',(32.216897977262,0.701458188098,
    22.72759088829));
#6185 = CARTESIAN_POINT('',(32.207656145519,0.794958599532,
    22.594901058568));
#6186 = CARTESIAN_POINT('',(32.196200805651,0.895688104856,
    22.465143234802));
#6187 = CARTESIAN_POINT('',(32.182116100308,1.003678910787,
    22.338787776924));
#6188 = CARTESIAN_POINT('',(32.164935973033,1.118937700469,
    22.216327856947));
#6189 = CARTESIAN_POINT('',(32.144141944559,1.241443994081,
    22.098279223348));
#6190 = CARTESIAN_POINT('',(32.109729751063,1.420116063777,
    21.942481420708));
#6191 = CARTESIAN_POINT('',(32.099705226543,1.470091825353,
    21.900503835388));
#6192 = CARTESIAN_POINT('',(32.08906043364,1.521054999497,
    21.859289995705));
#6193 = CARTESIAN_POINT('',(32.077768394253,1.572983303372,
    21.818880808427));
#6194 = CARTESIAN_POINT('',(32.065802131083,1.625853055801,
    21.779315328073));
#6195 = CARTESIAN_POINT('',(32.053134764624,1.67963926708,
    21.740630784094));
#6196 = CARTESIAN_POINT('',(32.039739610151,1.734315728787,
    21.702862608065));
#6197 = CARTESIAN_POINT('',(32.00046713885,1.888469152649,
    21.600671262376));
#6198 = CARTESIAN_POINT('',(31.972949409481,1.989870646512,
    21.538248795097));
#6199 = CARTESIAN_POINT('',(31.942919128661,2.093772036625,
    21.479065934897));
#6200 = CARTESIAN_POINT('',(31.910276485676,2.19986625726,
    21.423361678353));
#6201 = CARTESIAN_POINT('',(31.874943372926,2.307830671603,
    21.371326743143));
#6202 = CARTESIAN_POINT('',(31.836866941799,2.41733101782,
    21.323105168408));
#6203 = CARTESIAN_POINT('',(31.796023158554,2.528025355148,
    21.278795915133));
#6204 = CARTESIAN_POINT('',(31.714468015895,2.736655935489,
    21.203340836078));
#6205 = CARTESIAN_POINT('',(31.674464510879,2.834286361588,
    21.17126948785));
#6206 = CARTESIAN_POINT('',(31.632426342656,2.932218743261,
    21.142269851832));
#6207 = CARTESIAN_POINT('',(31.588390519469,3.030209635375,
    21.116345116591));
#6208 = CARTESIAN_POINT('',(31.542415778598,3.128014224857,
    21.093473033989));
#6209 = CARTESIAN_POINT('',(31.49458380467,3.225387862891,
    21.073606723914));
#6210 = CARTESIAN_POINT('',(31.445000447965,3.322087597117,
    21.056675479014));
#6211 = CARTESIAN_POINT('',(31.318818823203,3.55813484653,
    21.021953487311));
#6212 = CARTESIAN_POINT('',(31.240450181167,3.696280394097,
    21.007436705123));
#6213 = CARTESIAN_POINT('',(31.158895935792,3.831977435514,
    20.998657488479));
#6214 = CARTESIAN_POINT('',(31.074395252803,3.964917790156,
    20.995229414025));
#6215 = CARTESIAN_POINT('',(30.987221191836,4.094817499574,
    20.996757051268));
#6216 = CARTESIAN_POINT('',(30.897680353803,4.221416319275,
    21.002835644415));
#6217 = CARTESIAN_POINT('',(30.80611252826,4.344477210505,
    21.013050794208));
#6218 = CARTESIAN_POINT('',(30.6329797408,4.566057874625,21.038916741159
    ));
#6219 = CARTESIAN_POINT('',(30.551742038253,4.665715464693,
    21.053599823205));
#6220 = CARTESIAN_POINT('',(30.469289165063,4.762760071165,
    21.070791563704));
#6221 = CARTESIAN_POINT('',(30.385726439573,4.857203174939,
    21.090272838556));
#6222 = CARTESIAN_POINT('',(30.301151737182,4.949065156249,
    21.111840180554));
#6223 = CARTESIAN_POINT('',(30.215654660987,5.038374182033,
    21.135304738196));
#6224 = CARTESIAN_POINT('',(30.12931571243,5.125165093293,
    21.160491234495));
#6225 = CARTESIAN_POINT('',(29.811470362397,5.432804643747,
    21.258080135492));
#6226 = CARTESIAN_POINT('',(29.574898628965,5.639159263969,
    21.339993660063));
#6227 = CARTESIAN_POINT('',(29.333708208498,5.829239027785,
    21.430044853038));
#6228 = CARTESIAN_POINT('',(29.088759451493,6.003896382854,
    21.525866201531));
#6229 = CARTESIAN_POINT('',(28.840539037972,6.16402760142,
    21.625491032123));
#6230 = CARTESIAN_POINT('',(28.589161345541,6.310502241753,
    21.72724306879));
#6231 = CARTESIAN_POINT('',(28.334348064006,6.444099876544,
    21.82960898059));
#6232 = CARTESIAN_POINT('',(27.872782498224,6.660304503578,
    22.010338818571));
#6233 = CARTESIAN_POINT('',(27.667986699178,6.747524670197,
    22.088943412884));
#6234 = CARTESIAN_POINT('',(27.460827172869,6.827308671984,
    22.166005581833));
#6235 = CARTESIAN_POINT('',(27.251237376575,6.899756792922,
    22.240603996614));
#6236 = CARTESIAN_POINT('',(27.039170820046,6.964897912393,22.3117007116
    ));
#6237 = CARTESIAN_POINT('',(26.824558460989,7.02271710006,
    22.378139737959));
#6238 = CARTESIAN_POINT('',(26.60726919178,7.073154467423,22.43867073685
    ));
#6239 = CARTESIAN_POINT('',(26.218275479791,7.14897756042,22.53287738008
    ));
#6240 = CARTESIAN_POINT('',(26.047329586595,7.177548627989,
    22.569630302987));
#6241 = CARTESIAN_POINT('',(25.874855888924,7.201544080389,
    22.60145714017));
#6242 = CARTESIAN_POINT('',(25.701283218701,7.220839349878,
    22.627681782944));
#6243 = CARTESIAN_POINT('',(25.52688666959,7.235373197359,
    22.647769057293));
#6244 = CARTESIAN_POINT('',(25.351825613238,7.245107024499,
    22.661335772634));
#6245 = CARTESIAN_POINT('',(25.17618215084,7.25,22.668155236728));
#6246 = CARTESIAN_POINT('',(24.82381784916,7.25,22.668155236728));
#6247 = CARTESIAN_POINT('',(24.648174386762,7.245107024499,
    22.661335772634));
#6248 = CARTESIAN_POINT('',(24.47311333041,7.235373197359,
    22.647769057293));
#6249 = CARTESIAN_POINT('',(24.298716781298,7.220839349878,
    22.627681782944));
#6250 = CARTESIAN_POINT('',(24.125144111076,7.201544080389,
    22.60145714017));
#6251 = CARTESIAN_POINT('',(23.952670413405,7.177548627989,
    22.569630302987));
#6252 = CARTESIAN_POINT('',(23.781724520209,7.14897756042,22.53287738008
    ));
#6253 = CARTESIAN_POINT('',(23.392730808219,7.073154467423,
    22.43867073685));
#6254 = CARTESIAN_POINT('',(23.17544153901,7.02271710006,22.378139737959
    ));
#6255 = CARTESIAN_POINT('',(22.960829179954,6.964897912394,22.3117007116
    ));
#6256 = CARTESIAN_POINT('',(22.748762623426,6.899756792922,
    22.240603996615));
#6257 = CARTESIAN_POINT('',(22.539172827131,6.827308671984,
    22.166005581833));
#6258 = CARTESIAN_POINT('',(22.332013300822,6.747524670197,
    22.088943412884));
#6259 = CARTESIAN_POINT('',(22.127217501776,6.660304503577,
    22.01033881857));
#6260 = CARTESIAN_POINT('',(21.567217889555,6.397991808968,
    21.791066310635));
#6261 = CARTESIAN_POINT('',(21.219125649477,6.207821275036,
    21.649832673297));
#6262 = CARTESIAN_POINT('',(20.877033588615,5.99305352428,
    21.510963394274));
#6263 = CARTESIAN_POINT('',(20.540204580903,5.751091172393,
    21.378028572224));
#6264 = CARTESIAN_POINT('',(20.209571023014,5.479255071936,21.2557970901
    ));
#6265 = CARTESIAN_POINT('',(19.887641175193,5.175046399053,
    21.150536095804));
#6266 = CARTESIAN_POINT('',(19.578425679037,4.836621030299,
    21.070500599161));
#6267 = CARTESIAN_POINT('',(19.19388747174,4.344477210505,
    21.013050794208));
#6268 = CARTESIAN_POINT('',(19.102319646197,4.221416319275,
    21.002835644415));
#6269 = CARTESIAN_POINT('',(19.012778808164,4.094817499574,
    20.996757051268));
#6270 = CARTESIAN_POINT('',(18.925604747197,3.964917790156,
    20.995229414025));
#6271 = CARTESIAN_POINT('',(18.841104064208,3.831977435514,
    20.998657488479));
#6272 = CARTESIAN_POINT('',(18.759549818833,3.696280394097,
    21.007436705123));
#6273 = CARTESIAN_POINT('',(18.681181176797,3.55813484653,
    21.021953487311));
#6274 = CARTESIAN_POINT('',(18.554999552035,3.322087597117,
    21.056675479014));
#6275 = CARTESIAN_POINT('',(18.50541619533,3.225387862891,
    21.073606723914));
#6276 = CARTESIAN_POINT('',(18.457584221402,3.128014224857,
    21.093473033989));
#6277 = CARTESIAN_POINT('',(18.411609480531,3.030209635375,
    21.116345116591));
#6278 = CARTESIAN_POINT('',(18.367573657344,2.932218743261,
    21.142269851832));
#6279 = CARTESIAN_POINT('',(18.325535489121,2.834286361588,
    21.17126948785));
#6280 = CARTESIAN_POINT('',(18.285531984105,2.736655935489,
    21.203340836078));
#6281 = CARTESIAN_POINT('',(18.203976841446,2.528025355148,
    21.278795915133));
#6282 = CARTESIAN_POINT('',(18.163133058201,2.41733101782,
    21.323105168408));
#6283 = CARTESIAN_POINT('',(18.125056627074,2.307830671603,
    21.371326743143));
#6284 = CARTESIAN_POINT('',(18.089723514324,2.19986625726,
    21.423361678353));
#6285 = CARTESIAN_POINT('',(18.057080871339,2.093772036625,
    21.479065934897));
#6286 = CARTESIAN_POINT('',(18.027050590519,1.989870646512,
    21.538248795097));
#6287 = CARTESIAN_POINT('',(17.99953286115,1.888469152648,
    21.600671262376));
#6288 = CARTESIAN_POINT('',(17.960260389849,1.734315728787,
    21.702862608065));
#6289 = CARTESIAN_POINT('',(17.946865235376,1.67963926708,
    21.740630784094));
#6290 = CARTESIAN_POINT('',(17.934197868917,1.625853055801,
    21.779315328073));
#6291 = CARTESIAN_POINT('',(17.922231605747,1.572983303372,
    21.818880808427));
#6292 = CARTESIAN_POINT('',(17.91093956636,1.521054999497,
    21.859289995705));
#6293 = CARTESIAN_POINT('',(17.900294773457,1.470091825353,
    21.900503835388));
#6294 = CARTESIAN_POINT('',(17.890270248937,1.420116063777,
    21.942481420708));
#6295 = CARTESIAN_POINT('',(17.855858055441,1.241443994081,
    22.098279223348));
#6296 = CARTESIAN_POINT('',(17.835064026967,1.118937700469,
    22.216327856947));
#6297 = CARTESIAN_POINT('',(17.817883899692,1.003678910787,
    22.338787776924));
#6298 = CARTESIAN_POINT('',(17.803799194349,0.895688104856,
    22.465143234802));
#6299 = CARTESIAN_POINT('',(17.792343854481,0.794958599532,
    22.594901058568));
#6300 = CARTESIAN_POINT('',(17.783102022738,0.701458188098,
    22.72759088829));
#6301 = CARTESIAN_POINT('',(17.77570581718,0.615130779644,
    22.862765411738));
#6302 = CARTESIAN_POINT('',(17.769833107571,0.535898038452,23.0000006));
#6303 = PCURVE('',#1473,#6304);
#6304 = DEFINITIONAL_REPRESENTATION('',(#6305),#6427);
#6305 = B_SPLINE_CURVE_WITH_KNOTS('',8,(#6306,#6307,#6308,#6309,#6310,
    #6311,#6312,#6313,#6314,#6315,#6316,#6317,#6318,#6319,#6320,#6321,
    #6322,#6323,#6324,#6325,#6326,#6327,#6328,#6329,#6330,#6331,#6332,
    #6333,#6334,#6335,#6336,#6337,#6338,#6339,#6340,#6341,#6342,#6343,
    #6344,#6345,#6346,#6347,#6348,#6349,#6350,#6351,#6352,#6353,#6354,
    #6355,#6356,#6357,#6358,#6359,#6360,#6361,#6362,#6363,#6364,#6365,
    #6366,#6367,#6368,#6369,#6370,#6371,#6372,#6373,#6374,#6375,#6376,
    #6377,#6378,#6379,#6380,#6381,#6382,#6383,#6384,#6385,#6386,#6387,
    #6388,#6389,#6390,#6391,#6392,#6393,#6394,#6395,#6396,#6397,#6398,
    #6399,#6400,#6401,#6402,#6403,#6404,#6405,#6406,#6407,#6408,#6409,
    #6410,#6411,#6412,#6413,#6414,#6415,#6416,#6417,#6418,#6419,#6420,
    #6421,#6422,#6423,#6424,#6425,#6426),.UNSPECIFIED.,.F.,.F.,(9,7,7,7,
    7,7,7,7,7,7,7,7,7,7,7,7,7,9),(0.,5.65264287937E-02,
    7.786694237709E-02,0.115758518596,0.148739753767,0.197034708975,
    0.238433424778,0.3480891399,0.433850672233,0.499593849289,
    0.565337026346,0.651098558679,0.802429198963,0.850855555092,
    0.883926525612,0.921921197236,0.943319774092,1.),.UNSPECIFIED.);
#6306 = CARTESIAN_POINT('',(7.398444710956E-02,-22.9999994));
#6307 = CARTESIAN_POINT('',(8.494307951334E-02,-23.13723458826));
#6308 = CARTESIAN_POINT('',(9.68930887532E-02,-23.27240911171));
#6309 = CARTESIAN_POINT('',(0.109850709843,-23.40509894143));
#6310 = CARTESIAN_POINT('',(0.123830813089,-23.53485676519));
#6311 = CARTESIAN_POINT('',(0.138847693597,-23.66121222307));
#6312 = CARTESIAN_POINT('',(0.154915860776,-23.78367214305));
#6313 = CARTESIAN_POINT('',(0.172050827842,-23.90172077665));
#6314 = CARTESIAN_POINT('',(0.197148177443,-24.05751857929));
#6315 = CARTESIAN_POINT('',(0.204178486298,-24.09949616461));
#6316 = CARTESIAN_POINT('',(0.211359207919,-24.14071000429));
#6317 = CARTESIAN_POINT('',(0.21868861644,-24.18111919157));
#6318 = CARTESIAN_POINT('',(0.226164894873,-24.22068467192));
#6319 = CARTESIAN_POINT('',(0.233786149881,-24.2593692159));
#6320 = CARTESIAN_POINT('',(0.241550426543,-24.29713739193));
#6321 = CARTESIAN_POINT('',(0.263492130774,-24.39932873762));
#6322 = CARTESIAN_POINT('',(0.277982676894,-24.4617512049));
#6323 = CARTESIAN_POINT('',(0.292897081612,-24.5209340651));
#6324 = CARTESIAN_POINT('',(0.308203121434,-24.57663832164));
#6325 = CARTESIAN_POINT('',(0.32386684187,-24.62867325685));
#6326 = CARTESIAN_POINT('',(0.339852770039,-24.67689483159));
#6327 = CARTESIAN_POINT('',(0.356124127292,-24.72120408486));
#6328 = CARTESIAN_POINT('',(0.387021282565,-24.79665916392));
#6329 = CARTESIAN_POINT('',(0.401572228185,-24.82873051215));
#6330 = CARTESIAN_POINT('',(0.416268651506,-24.85773014816));
#6331 = CARTESIAN_POINT('',(0.431082428558,-24.8836548834));
#6332 = CARTESIAN_POINT('',(0.445984455236,-24.90652696601));
#6333 = CARTESIAN_POINT('',(0.46094456394,-24.92639327608));
#6334 = CARTESIAN_POINT('',(0.475931440238,-24.94332452098));
#6335 = CARTESIAN_POINT('',(0.512849605067,-24.97804651268));
#6336 = CARTESIAN_POINT('',(0.534749787559,-24.99256329487));
#6337 = CARTESIAN_POINT('',(0.556575375035,-25.00134251152));
#6338 = CARTESIAN_POINT('',(0.578289169808,-25.00477058597));
#6339 = CARTESIAN_POINT('',(0.599853893485,-25.00324294873));
#6340 = CARTESIAN_POINT('',(0.621231592003,-24.99716435558));
#6341 = CARTESIAN_POINT('',(0.642383040653,-24.98694920579));
#6342 = CARTESIAN_POINT('',(0.681169128063,-24.96108325884));
#6343 = CARTESIAN_POINT('',(0.698899645693,-24.94640017679));
#6344 = CARTESIAN_POINT('',(0.71645811422,-24.92920843629));
#6345 = CARTESIAN_POINT('',(0.733844863753,-24.90972716144));
#6346 = CARTESIAN_POINT('',(0.751061141143,-24.88815981944));
#6347 = CARTESIAN_POINT('',(0.768109108828,-24.8646952618));
#6348 = CARTESIAN_POINT('',(0.784991843681,-24.8395087655));
#6349 = CARTESIAN_POINT('',(0.846004738292,-24.7419198645));
#6350 = CARTESIAN_POINT('',(0.889246532622,-24.66000633993));
#6351 = CARTESIAN_POINT('',(0.931517360189,-24.56995514696));
#6352 = CARTESIAN_POINT('',(0.972919496988,-24.47413379846));
#6353 = CARTESIAN_POINT('',(1.013577622475,-24.37450896787));
#6354 = CARTESIAN_POINT('',(1.053639922311,-24.27275693121));
#6355 = CARTESIAN_POINT('',(1.093284460531,-24.17039101941));
#6356 = CARTESIAN_POINT('',(1.163586978202,-23.98966118142));
#6357 = CARTESIAN_POINT('',(1.194270544482,-23.91105658711));
#6358 = CARTESIAN_POINT('',(1.224858875508,-23.83399441816));
#6359 = CARTESIAN_POINT('',(1.255409193673,-23.75939600338));
#6360 = CARTESIAN_POINT('',(1.285971556907,-23.6882992884));
#6361 = CARTESIAN_POINT('',(1.316597259981,-23.62186026204));
#6362 = CARTESIAN_POINT('',(1.347345603927,-23.56132926315));
#6363 = CARTESIAN_POINT('',(1.402009684463,-23.46712261992));
#6364 = CARTESIAN_POINT('',(1.425906818503,-23.43036969701));
#6365 = CARTESIAN_POINT('',(1.449910447896,-23.39854285983));
#6366 = CARTESIAN_POINT('',(1.473980694986,-23.37231821705));
#6367 = CARTESIAN_POINT('',(1.498100403869,-23.3522309427));
#6368 = CARTESIAN_POINT('',(1.522268677532,-23.33866422736));
#6369 = CARTESIAN_POINT('',(1.546495340472,-23.33184476327));
#6370 = CARTESIAN_POINT('',(1.595097313118,-23.33184476327));
#6371 = CARTESIAN_POINT('',(1.619323976057,-23.33866422736));
#6372 = CARTESIAN_POINT('',(1.643492249721,-23.3522309427));
#6373 = CARTESIAN_POINT('',(1.667611958604,-23.37231821705));
#6374 = CARTESIAN_POINT('',(1.691682205694,-23.39854285983));
#6375 = CARTESIAN_POINT('',(1.715685835087,-23.43036969701));
#6376 = CARTESIAN_POINT('',(1.739582969127,-23.46712261992));
#6377 = CARTESIAN_POINT('',(1.794247049663,-23.56132926315));
#6378 = CARTESIAN_POINT('',(1.824995393608,-23.62186026204));
#6379 = CARTESIAN_POINT('',(1.855621096683,-23.6882992884));
#6380 = CARTESIAN_POINT('',(1.886183459916,-23.75939600338));
#6381 = CARTESIAN_POINT('',(1.916733778082,-23.83399441816));
#6382 = CARTESIAN_POINT('',(1.947322109108,-23.91105658711));
#6383 = CARTESIAN_POINT('',(1.978005675388,-23.98966118143));
#6384 = CARTESIAN_POINT('',(2.063300995387,-24.20893368936));
#6385 = CARTESIAN_POINT('',(2.117906696994,-24.3501673267));
#6386 = CARTESIAN_POINT('',(2.173447946035,-24.48903660572));
#6387 = CARTESIAN_POINT('',(2.230421056551,-24.62197142777));
#6388 = CARTESIAN_POINT('',(2.289194568286,-24.7442029099));
#6389 = CARTESIAN_POINT('',(2.350021134815,-24.84946390419));
#6390 = CARTESIAN_POINT('',(2.4130634084,-24.92949940083));
#6391 = CARTESIAN_POINT('',(2.499209612937,-24.98694920579));
#6392 = CARTESIAN_POINT('',(2.520361061587,-24.99716435558));
#6393 = CARTESIAN_POINT('',(2.541738760104,-25.00324294873));
#6394 = CARTESIAN_POINT('',(2.563303483782,-25.00477058597));
#6395 = CARTESIAN_POINT('',(2.585017278555,-25.00134251152));
#6396 = CARTESIAN_POINT('',(2.60684286603,-24.99256329487));
#6397 = CARTESIAN_POINT('',(2.628743048523,-24.97804651268));
#6398 = CARTESIAN_POINT('',(2.665661213352,-24.94332452098));
#6399 = CARTESIAN_POINT('',(2.680648089649,-24.92639327608));
#6400 = CARTESIAN_POINT('',(2.695608198354,-24.90652696601));
#6401 = CARTESIAN_POINT('',(2.710510225031,-24.8836548834));
#6402 = CARTESIAN_POINT('',(2.725324002084,-24.85773014816));
#6403 = CARTESIAN_POINT('',(2.740020425405,-24.82873051215));
#6404 = CARTESIAN_POINT('',(2.754571371024,-24.79665916392));
#6405 = CARTESIAN_POINT('',(2.785468526298,-24.72120408486));
#6406 = CARTESIAN_POINT('',(2.801739883551,-24.67689483159));
#6407 = CARTESIAN_POINT('',(2.81772581172,-24.62867325685));
#6408 = CARTESIAN_POINT('',(2.833389532156,-24.57663832164));
#6409 = CARTESIAN_POINT('',(2.848695571978,-24.5209340651));
#6410 = CARTESIAN_POINT('',(2.863609976695,-24.4617512049));
#6411 = CARTESIAN_POINT('',(2.878100522815,-24.39932873762));
#6412 = CARTESIAN_POINT('',(2.900042227047,-24.29713739193));
#6413 = CARTESIAN_POINT('',(2.907806503709,-24.2593692159));
#6414 = CARTESIAN_POINT('',(2.915427758717,-24.22068467192));
#6415 = CARTESIAN_POINT('',(2.92290403715,-24.18111919157));
#6416 = CARTESIAN_POINT('',(2.930233445671,-24.14071000429));
#6417 = CARTESIAN_POINT('',(2.937414167291,-24.09949616461));
#6418 = CARTESIAN_POINT('',(2.944444476147,-24.05751857929));
#6419 = CARTESIAN_POINT('',(2.969541825748,-23.90172077665));
#6420 = CARTESIAN_POINT('',(2.986676792814,-23.78367214305));
#6421 = CARTESIAN_POINT('',(3.002744959993,-23.66121222307));
#6422 = CARTESIAN_POINT('',(3.017761840501,-23.53485676519));
#6423 = CARTESIAN_POINT('',(3.031741943747,-23.40509894143));
#6424 = CARTESIAN_POINT('',(3.044699564837,-23.27240911171));
#6425 = CARTESIAN_POINT('',(3.056649574076,-23.13723458826));
#6426 = CARTESIAN_POINT('',(3.06760820648,-22.9999994));
#6427 = ( GEOMETRIC_REPRESENTATION_CONTEXT(2) 
PARAMETRIC_REPRESENTATION_CONTEXT() REPRESENTATION_CONTEXT('2D SPACE',''
  ) );
#6428 = PCURVE('',#4777,#6429);
#6429 = DEFINITIONAL_REPRESENTATION('',(#6430),#6552);
#6430 = B_SPLINE_CURVE_WITH_KNOTS('',8,(#6431,#6432,#6433,#6434,#6435,
    #6436,#6437,#6438,#6439,#6440,#6441,#6442,#6443,#6444,#6445,#6446,
    #6447,#6448,#6449,#6450,#6451,#6452,#6453,#6454,#6455,#6456,#6457,
    #6458,#6459,#6460,#6461,#6462,#6463,#6464,#6465,#6466,#6467,#6468,
    #6469,#6470,#6471,#6472,#6473,#6474,#6475,#6476,#6477,#6478,#6479,
    #6480,#6481,#6482,#6483,#6484,#6485,#6486,#6487,#6488,#6489,#6490,
    #6491,#6492,#6493,#6494,#6495,#6496,#6497,#6498,#6499,#6500,#6501,
    #6502,#6503,#6504,#6505,#6506,#6507,#6508,#6509,#6510,#6511,#6512,
    #6513,#6514,#6515,#6516,#6517,#6518,#6519,#6520,#6521,#6522,#6523,
    #6524,#6525,#6526,#6527,#6528,#6529,#6530,#6531,#6532,#6533,#6534,
    #6535,#6536,#6537,#6538,#6539,#6540,#6541,#6542,#6543,#6544,#6545,
    #6546,#6547,#6548,#6549,#6550,#6551),.UNSPECIFIED.,.F.,.F.,(9,7,7,7,
    7,7,7,7,7,7,7,7,7,7,7,7,7,9),(0.,5.65264287937E-02,
    7.786694237709E-02,0.115758518596,0.148739753767,0.197034708975,
    0.238433424778,0.3480891399,0.433850672233,0.499593849289,
    0.565337026346,0.651098558679,0.802429198963,0.850855555092,
    0.883926525612,0.921921197236,0.943319774092,1.),.UNSPECIFIED.);
#6431 = CARTESIAN_POINT('',(3.665191255983,-18.76983310757));
#6432 = CARTESIAN_POINT('',(3.704807638464,-18.77570581718));
#6433 = CARTESIAN_POINT('',(3.74486465833,-18.78310202273));
#6434 = CARTESIAN_POINT('',(3.785375195131,-18.79234385448));
#6435 = CARTESIAN_POINT('',(3.826352921635,-18.80379919434));
#6436 = CARTESIAN_POINT('',(3.86781296756,-18.81788389969));
#6437 = CARTESIAN_POINT('',(3.909772583289,-18.83506402696));
#6438 = CARTESIAN_POINT('',(3.952251803594,-18.85585805544));
#6439 = CARTESIAN_POINT('',(4.011516392408,-18.89027024893));
#6440 = CARTESIAN_POINT('',(4.027830189683,-18.90029477345));
#6441 = CARTESIAN_POINT('',(4.044211086116,-18.91093956636));
#6442 = CARTESIAN_POINT('',(4.060654931412,-18.92223160574));
#6443 = CARTESIAN_POINT('',(4.07715782004,-18.93419786891));
#6444 = CARTESIAN_POINT('',(4.093716069217,-18.94686523537));
#6445 = CARTESIAN_POINT('',(4.110326196906,-18.96026038984));
#6446 = CARTESIAN_POINT('',(4.156563593312,-18.99953286115));
#6447 = CARTESIAN_POINT('',(4.186315475784,-19.02705059051));
#6448 = CARTESIAN_POINT('',(4.216180291771,-19.05708087133));
#6449 = CARTESIAN_POINT('',(4.246102313928,-19.08972351432));
#6450 = CARTESIAN_POINT('',(4.276029465167,-19.12505662707));
#6451 = CARTESIAN_POINT('',(4.305912440805,-19.1631330582));
#6452 = CARTESIAN_POINT('',(4.335703830716,-19.20397684144));
#6453 = CARTESIAN_POINT('',(4.391167888903,-19.2855319841));
#6454 = CARTESIAN_POINT('',(4.416847381072,-19.32553548912));
#6455 = CARTESIAN_POINT('',(4.442362926799,-19.36757365734));
#6456 = CARTESIAN_POINT('',(4.467682059033,-19.41160948053));
#6457 = CARTESIAN_POINT('',(4.492772318393,-19.4575842214));
#6458 = CARTESIAN_POINT('',(4.51760093671,-19.50541619533));
#6459 = CARTESIAN_POINT('',(4.542134520557,-19.55499955203));
#6460 = CARTESIAN_POINT('',(4.601781356529,-19.68118117679));
#6461 = CARTESIAN_POINT('',(4.636478252228,-19.75954981883));
#6462 = CARTESIAN_POINT('',(4.670428546964,-19.8411040642));
#6463 = CARTESIAN_POINT('',(4.703626050605,-19.92560474719));
#6464 = CARTESIAN_POINT('',(4.736059588043,-20.01277880816));
#6465 = CARTESIAN_POINT('',(4.767713329406,-20.10231964619));
#6466 = CARTESIAN_POINT('',(4.798567120292,-20.19388747174));
#6467 = CARTESIAN_POINT('',(4.854338437922,-20.3670202592));
#6468 = CARTESIAN_POINT('',(4.879510442218,-20.44825796174));
#6469 = CARTESIAN_POINT('',(4.904132248013,-20.53071083493));
#6470 = CARTESIAN_POINT('',(4.928221598748,-20.61427356042));
#6471 = CARTESIAN_POINT('',(4.95179484504,-20.69884826281));
#6472 = CARTESIAN_POINT('',(4.97486723156,-20.78434533901));
#6473 = CARTESIAN_POINT('',(4.997453183909,-20.87068428757));
#6474 = CARTESIAN_POINT('',(5.078139957376,-21.1885296376));
#6475 = CARTESIAN_POINT('',(5.133505881781,-21.42510137103));
#6476 = CARTESIAN_POINT('',(5.18591461755,-21.6662917915));
#6477 = CARTESIAN_POINT('',(5.23555669277,-21.9112405485));
#6478 = CARTESIAN_POINT('',(5.282577640964,-22.15946096202));
#6479 = CARTESIAN_POINT('',(5.327082189971,-22.41083865445));
#6480 = CARTESIAN_POINT('',(5.369120877007,-22.66565193599));
#6481 = CARTESIAN_POINT('',(5.43956931342,-23.12721750177));
#6482 = CARTESIAN_POINT('',(5.46890259044,-23.33201330082));
#6483 = CARTESIAN_POINT('',(5.496606800623,-23.53917282713));
#6484 = CARTESIAN_POINT('',(5.522580125712,-23.74876262342));
#6485 = CARTESIAN_POINT('',(5.546670124971,-23.96082917995));
#6486 = CARTESIAN_POINT('',(5.568679976347,-24.17544153901));
#6487 = CARTESIAN_POINT('',(5.58837484685,-24.39273080822));
#6488 = CARTESIAN_POINT('',(5.618607313938,-24.7817245202));
#6489 = CARTESIAN_POINT('',(5.630243589832,-24.9526704134));
#6490 = CARTESIAN_POINT('',(5.640206880207,-25.12514411107));
#6491 = CARTESIAN_POINT('',(5.648345745344,-25.29871678129));
#6492 = CARTESIAN_POINT('',(5.6545440936,-25.47311333041));
#6493 = CARTESIAN_POINT('',(5.658718560485,-25.64817438676));
#6494 = CARTESIAN_POINT('',(5.660816818625,-25.82381784916));
#6495 = CARTESIAN_POINT('',(5.660816818625,-26.17618215084));
#6496 = CARTESIAN_POINT('',(5.658718560485,-26.35182561323));
#6497 = CARTESIAN_POINT('',(5.6545440936,-26.52688666959));
#6498 = CARTESIAN_POINT('',(5.648345745344,-26.7012832187));
#6499 = CARTESIAN_POINT('',(5.640206880207,-26.87485588892));
#6500 = CARTESIAN_POINT('',(5.630243589832,-27.04732958659));
#6501 = CARTESIAN_POINT('',(5.618607313938,-27.21827547979));
#6502 = CARTESIAN_POINT('',(5.58837484685,-27.60726919178));
#6503 = CARTESIAN_POINT('',(5.568679976347,-27.82455846099));
#6504 = CARTESIAN_POINT('',(5.546670124971,-28.03917082004));
#6505 = CARTESIAN_POINT('',(5.522580125713,-28.25123737657));
#6506 = CARTESIAN_POINT('',(5.496606800623,-28.46082717286));
#6507 = CARTESIAN_POINT('',(5.46890259044,-28.66798669917));
#6508 = CARTESIAN_POINT('',(5.439569313419,-28.87278249822));
#6509 = CARTESIAN_POINT('',(5.354096955867,-29.43278211044));
#6510 = CARTESIAN_POINT('',(5.294974810996,-29.78087435052));
#6511 = CARTESIAN_POINT('',(5.231267040413,-30.12296641138));
#6512 = CARTESIAN_POINT('',(5.162623441204,-30.45979541909));
#6513 = CARTESIAN_POINT('',(5.088643334494,-30.79042897698));
#6514 = CARTESIAN_POINT('',(5.008794290164,-31.1123588248));
#6515 = CARTESIAN_POINT('',(4.922438530293,-31.42157432096));
#6516 = CARTESIAN_POINT('',(4.798567120292,-31.80611252826));
#6517 = CARTESIAN_POINT('',(4.767713329406,-31.8976803538));
#6518 = CARTESIAN_POINT('',(4.736059588043,-31.98722119183));
#6519 = CARTESIAN_POINT('',(4.703626050605,-32.0743952528));
#6520 = CARTESIAN_POINT('',(4.670428546964,-32.15889593579));
#6521 = CARTESIAN_POINT('',(4.636478252228,-32.24045018116));
#6522 = CARTESIAN_POINT('',(4.601781356529,-32.3188188232));
#6523 = CARTESIAN_POINT('',(4.542134520557,-32.44500044796));
#6524 = CARTESIAN_POINT('',(4.51760093671,-32.49458380467));
#6525 = CARTESIAN_POINT('',(4.492772318393,-32.54241577859));
#6526 = CARTESIAN_POINT('',(4.467682059033,-32.58839051946));
#6527 = CARTESIAN_POINT('',(4.442362926799,-32.63242634265));
#6528 = CARTESIAN_POINT('',(4.416847381072,-32.67446451087));
#6529 = CARTESIAN_POINT('',(4.391167888903,-32.71446801589));
#6530 = CARTESIAN_POINT('',(4.335703830716,-32.79602315855));
#6531 = CARTESIAN_POINT('',(4.305912440805,-32.83686694179));
#6532 = CARTESIAN_POINT('',(4.276029465167,-32.87494337292));
#6533 = CARTESIAN_POINT('',(4.246102313928,-32.91027648567));
#6534 = CARTESIAN_POINT('',(4.216180291771,-32.94291912866));
#6535 = CARTESIAN_POINT('',(4.186315475784,-32.97294940948));
#6536 = CARTESIAN_POINT('',(4.156563593312,-33.00046713885));
#6537 = CARTESIAN_POINT('',(4.110326196906,-33.03973961015));
#6538 = CARTESIAN_POINT('',(4.093716069217,-33.05313476462));
#6539 = CARTESIAN_POINT('',(4.07715782004,-33.06580213108));
#6540 = CARTESIAN_POINT('',(4.060654931412,-33.07776839425));
#6541 = CARTESIAN_POINT('',(4.044211086116,-33.08906043364));
#6542 = CARTESIAN_POINT('',(4.027830189683,-33.09970522654));
#6543 = CARTESIAN_POINT('',(4.011516392408,-33.10972975106));
#6544 = CARTESIAN_POINT('',(3.952251803594,-33.14414194455));
#6545 = CARTESIAN_POINT('',(3.909772583289,-33.16493597303));
#6546 = CARTESIAN_POINT('',(3.867812967561,-33.1821161003));
#6547 = CARTESIAN_POINT('',(3.826352921635,-33.19620080565));
#6548 = CARTESIAN_POINT('',(3.785375195131,-33.20765614551));
#6549 = CARTESIAN_POINT('',(3.74486465833,-33.21689797726));
#6550 = CARTESIAN_POINT('',(3.704807638464,-33.22429418282));
#6551 = CARTESIAN_POINT('',(3.665191255983,-33.23016689242));
#6552 = ( GEOMETRIC_REPRESENTATION_CONTEXT(2) 
PARAMETRIC_REPRESENTATION_CONTEXT() REPRESENTATION_CONTEXT('2D SPACE',''
  ) );
#6553 = ORIENTED_EDGE('',*,*,#6554,.F.);
#6554 = EDGE_CURVE('',#6149,#6178,#6555,.T.);
#6555 = SURFACE_CURVE('',#6556,(#6561,#6568),.PCURVE_S1.);
#6556 = CIRCLE('',#6557,7.25);
#6557 = AXIS2_PLACEMENT_3D('',#6558,#6559,#6560);
#6558 = CARTESIAN_POINT('',(25.,0.,23.));
#6559 = DIRECTION('',(0.,0.,1.));
#6560 = DIRECTION('',(1.,0.,-0.));
#6561 = PCURVE('',#1473,#6562);
#6562 = DEFINITIONAL_REPRESENTATION('',(#6563),#6567);
#6563 = LINE('',#6564,#6565);
#6564 = CARTESIAN_POINT('',(0.,-23.));
#6565 = VECTOR('',#6566,1.);
#6566 = DIRECTION('',(1.,0.));
#6567 = ( GEOMETRIC_REPRESENTATION_CONTEXT(2) 
PARAMETRIC_REPRESENTATION_CONTEXT() REPRESENTATION_CONTEXT('2D SPACE',''
  ) );
#6568 = PCURVE('',#6165,#6569);
#6569 = DEFINITIONAL_REPRESENTATION('',(#6570),#6574);
#6570 = CIRCLE('',#6571,7.25);
#6571 = AXIS2_PLACEMENT_2D('',#6572,#6573);
#6572 = CARTESIAN_POINT('',(0.,-5.848900222367E-17));
#6573 = DIRECTION('',(1.,0.));
#6574 = ( GEOMETRIC_REPRESENTATION_CONTEXT(2) 
PARAMETRIC_REPRESENTATION_CONTEXT() REPRESENTATION_CONTEXT('2D SPACE',''
  ) );
#6575 = ORIENTED_EDGE('',*,*,#6576,.T.);
#6576 = EDGE_CURVE('',#6149,#1425,#6577,.T.);
#6577 = SEAM_CURVE('',#6578,(#6582,#6589),.PCURVE_S1.);
#6578 = LINE('',#6579,#6580);
#6579 = CARTESIAN_POINT('',(32.25,0.,46.));
#6580 = VECTOR('',#6581,1.);
#6581 = DIRECTION('',(-0.,-0.,-1.));
#6582 = PCURVE('',#1473,#6583);
#6583 = DEFINITIONAL_REPRESENTATION('',(#6584),#6588);
#6584 = LINE('',#6585,#6586);
#6585 = CARTESIAN_POINT('',(0.,0.));
#6586 = VECTOR('',#6587,1.);
#6587 = DIRECTION('',(0.,-1.));
#6588 = ( GEOMETRIC_REPRESENTATION_CONTEXT(2) 
PARAMETRIC_REPRESENTATION_CONTEXT() REPRESENTATION_CONTEXT('2D SPACE',''
  ) );
#6589 = PCURVE('',#1473,#6590);
#6590 = DEFINITIONAL_REPRESENTATION('',(#6591),#6595);
#6591 = LINE('',#6592,#6593);
#6592 = CARTESIAN_POINT('',(6.28318530718,0.));
#6593 = VECTOR('',#6594,1.);
#6594 = DIRECTION('',(0.,-1.));
#6595 = ( GEOMETRIC_REPRESENTATION_CONTEXT(2) 
PARAMETRIC_REPRESENTATION_CONTEXT() REPRESENTATION_CONTEXT('2D SPACE',''
  ) );
#6596 = ORIENTED_EDGE('',*,*,#6597,.T.);
#6597 = EDGE_CURVE('',#1425,#6598,#6600,.T.);
#6598 = VERTEX_POINT('',#6599);
#6599 = CARTESIAN_POINT('',(32.25,0.,13.));
#6600 = SEAM_CURVE('',#6601,(#6605,#6612),.PCURVE_S1.);
#6601 = LINE('',#6602,#6603);
#6602 = CARTESIAN_POINT('',(32.25,0.,46.));
#6603 = VECTOR('',#6604,1.);
#6604 = DIRECTION('',(-0.,-0.,-1.));
#6605 = PCURVE('',#1473,#6606);
#6606 = DEFINITIONAL_REPRESENTATION('',(#6607),#6611);
#6607 = LINE('',#6608,#6609);
#6608 = CARTESIAN_POINT('',(0.,0.));
#6609 = VECTOR('',#6610,1.);
#6610 = DIRECTION('',(0.,-1.));
#6611 = ( GEOMETRIC_REPRESENTATION_CONTEXT(2) 
PARAMETRIC_REPRESENTATION_CONTEXT() REPRESENTATION_CONTEXT('2D SPACE',''
  ) );
#6612 = PCURVE('',#1473,#6613);
#6613 = DEFINITIONAL_REPRESENTATION('',(#6614),#6618);
#6614 = LINE('',#6615,#6616);
#6615 = CARTESIAN_POINT('',(6.28318530718,0.));
#6616 = VECTOR('',#6617,1.);
#6617 = DIRECTION('',(0.,-1.));
#6618 = ( GEOMETRIC_REPRESENTATION_CONTEXT(2) 
PARAMETRIC_REPRESENTATION_CONTEXT() REPRESENTATION_CONTEXT('2D SPACE',''
  ) );
#6619 = ORIENTED_EDGE('',*,*,#6620,.T.);
#6620 = EDGE_CURVE('',#6598,#2613,#6621,.T.);
#6621 = SURFACE_CURVE('',#6622,(#6627,#6634),.PCURVE_S1.);
#6622 = CIRCLE('',#6623,7.25);
#6623 = AXIS2_PLACEMENT_3D('',#6624,#6625,#6626);
#6624 = CARTESIAN_POINT('',(25.,0.,13.));
#6625 = DIRECTION('',(0.,0.,1.));
#6626 = DIRECTION('',(1.,0.,0.));
#6627 = PCURVE('',#1473,#6628);
#6628 = DEFINITIONAL_REPRESENTATION('',(#6629),#6633);
#6629 = LINE('',#6630,#6631);
#6630 = CARTESIAN_POINT('',(0.,-33.));
#6631 = VECTOR('',#6632,1.);
#6632 = DIRECTION('',(1.,0.));
#6633 = ( GEOMETRIC_REPRESENTATION_CONTEXT(2) 
PARAMETRIC_REPRESENTATION_CONTEXT() REPRESENTATION_CONTEXT('2D SPACE',''
  ) );
#6634 = PCURVE('',#1504,#6635);
#6635 = DEFINITIONAL_REPRESENTATION('',(#6636),#6640);
#6636 = CIRCLE('',#6637,7.25);
#6637 = AXIS2_PLACEMENT_2D('',#6638,#6639);
#6638 = CARTESIAN_POINT('',(3.552713678801E-15,-4.584934185037E-16));
#6639 = DIRECTION('',(1.,0.));
#6640 = ( GEOMETRIC_REPRESENTATION_CONTEXT(2) 
PARAMETRIC_REPRESENTATION_CONTEXT() REPRESENTATION_CONTEXT('2D SPACE',''
  ) );
#6641 = ORIENTED_EDGE('',*,*,#2633,.T.);
#6642 = ORIENTED_EDGE('',*,*,#4330,.F.);
#6643 = ORIENTED_EDGE('',*,*,#1449,.F.);
#6644 = ORIENTED_EDGE('',*,*,#6645,.T.);
#6645 = EDGE_CURVE('',#1450,#6598,#6646,.T.);
#6646 = SURFACE_CURVE('',#6647,(#6652,#6659),.PCURVE_S1.);
#6647 = CIRCLE('',#6648,7.25);
#6648 = AXIS2_PLACEMENT_3D('',#6649,#6650,#6651);
#6649 = CARTESIAN_POINT('',(25.,0.,13.));
#6650 = DIRECTION('',(0.,0.,1.));
#6651 = DIRECTION('',(1.,0.,0.));
#6652 = PCURVE('',#1473,#6653);
#6653 = DEFINITIONAL_REPRESENTATION('',(#6654),#6658);
#6654 = LINE('',#6655,#6656);
#6655 = CARTESIAN_POINT('',(0.,-33.));
#6656 = VECTOR('',#6657,1.);
#6657 = DIRECTION('',(1.,0.));
#6658 = ( GEOMETRIC_REPRESENTATION_CONTEXT(2) 
PARAMETRIC_REPRESENTATION_CONTEXT() REPRESENTATION_CONTEXT('2D SPACE',''
  ) );
#6659 = PCURVE('',#1504,#6660);
#6660 = DEFINITIONAL_REPRESENTATION('',(#6661),#6665);
#6661 = CIRCLE('',#6662,7.25);
#6662 = AXIS2_PLACEMENT_2D('',#6663,#6664);
#6663 = CARTESIAN_POINT('',(3.552713678801E-15,-4.584934185037E-16));
#6664 = DIRECTION('',(1.,0.));
#6665 = ( GEOMETRIC_REPRESENTATION_CONTEXT(2) 
PARAMETRIC_REPRESENTATION_CONTEXT() REPRESENTATION_CONTEXT('2D SPACE',''
  ) );
#6666 = ORIENTED_EDGE('',*,*,#6597,.F.);
#6667 = ORIENTED_EDGE('',*,*,#6576,.F.);
#6668 = ADVANCED_FACE('',(#6669),#2715,.F.);
#6669 = FACE_BOUND('',#6670,.F.);
#6670 = EDGE_LOOP('',(#6671,#6702,#7079,#7101,#7122,#7145,#7167,#7168,
    #7169,#7170,#7192,#7193));
#6671 = ORIENTED_EDGE('',*,*,#6672,.F.);
#6672 = EDGE_CURVE('',#6673,#6675,#6677,.T.);
#6673 = VERTEX_POINT('',#6674);
#6674 = CARTESIAN_POINT('',(-32.23016686675,0.535898384862,23.));
#6675 = VERTEX_POINT('',#6676);
#6676 = CARTESIAN_POINT('',(-17.75,0.,23.));
#6677 = SURFACE_CURVE('',#6678,(#6683,#6690),.PCURVE_S1.);
#6678 = CIRCLE('',#6679,7.25);
#6679 = AXIS2_PLACEMENT_3D('',#6680,#6681,#6682);
#6680 = CARTESIAN_POINT('',(-25.,0.,23.));
#6681 = DIRECTION('',(0.,0.,1.));
#6682 = DIRECTION('',(1.,0.,-0.));
#6683 = PCURVE('',#2715,#6684);
#6684 = DEFINITIONAL_REPRESENTATION('',(#6685),#6689);
#6685 = LINE('',#6686,#6687);
#6686 = CARTESIAN_POINT('',(0.,-23.));
#6687 = VECTOR('',#6688,1.);
#6688 = DIRECTION('',(1.,0.));
#6689 = ( GEOMETRIC_REPRESENTATION_CONTEXT(2) 
PARAMETRIC_REPRESENTATION_CONTEXT() REPRESENTATION_CONTEXT('2D SPACE',''
  ) );
#6690 = PCURVE('',#6691,#6696);
#6691 = PLANE('',#6692);
#6692 = AXIS2_PLACEMENT_3D('',#6693,#6694,#6695);
#6693 = CARTESIAN_POINT('',(-25.,5.848900222367E-17,23.));
#6694 = DIRECTION('',(0.,0.,1.));
#6695 = DIRECTION('',(1.,0.,-0.));
#6696 = DEFINITIONAL_REPRESENTATION('',(#6697),#6701);
#6697 = CIRCLE('',#6698,7.25);
#6698 = AXIS2_PLACEMENT_2D('',#6699,#6700);
#6699 = CARTESIAN_POINT('',(0.,-5.848900222367E-17));
#6700 = DIRECTION('',(1.,0.));
#6701 = ( GEOMETRIC_REPRESENTATION_CONTEXT(2) 
PARAMETRIC_REPRESENTATION_CONTEXT() REPRESENTATION_CONTEXT('2D SPACE',''
  ) );
#6702 = ORIENTED_EDGE('',*,*,#6703,.F.);
#6703 = EDGE_CURVE('',#6704,#6673,#6706,.T.);
#6704 = VERTEX_POINT('',#6705);
#6705 = CARTESIAN_POINT('',(-17.76983313324,0.535898384862,23.));
#6706 = SURFACE_CURVE('',#6707,(#6829,#6954),.PCURVE_S1.);
#6707 = B_SPLINE_CURVE_WITH_KNOTS('',8,(#6708,#6709,#6710,#6711,#6712,
    #6713,#6714,#6715,#6716,#6717,#6718,#6719,#6720,#6721,#6722,#6723,
    #6724,#6725,#6726,#6727,#6728,#6729,#6730,#6731,#6732,#6733,#6734,
    #6735,#6736,#6737,#6738,#6739,#6740,#6741,#6742,#6743,#6744,#6745,
    #6746,#6747,#6748,#6749,#6750,#6751,#6752,#6753,#6754,#6755,#6756,
    #6757,#6758,#6759,#6760,#6761,#6762,#6763,#6764,#6765,#6766,#6767,
    #6768,#6769,#6770,#6771,#6772,#6773,#6774,#6775,#6776,#6777,#6778,
    #6779,#6780,#6781,#6782,#6783,#6784,#6785,#6786,#6787,#6788,#6789,
    #6790,#6791,#6792,#6793,#6794,#6795,#6796,#6797,#6798,#6799,#6800,
    #6801,#6802,#6803,#6804,#6805,#6806,#6807,#6808,#6809,#6810,#6811,
    #6812,#6813,#6814,#6815,#6816,#6817,#6818,#6819,#6820,#6821,#6822,
    #6823,#6824,#6825,#6826,#6827,#6828),.UNSPECIFIED.,.F.,.F.,(9,7,7,7,
    7,7,7,7,7,7,7,7,7,7,7,7,7,9),(0.,5.652642874637E-02,
    7.786694233078E-02,0.115758518551,0.148739753722,0.197034708932,
    0.238433424736,0.348089139864,0.433850672201,0.499593849261,
    0.56533702632,0.651098558657,0.802429198947,0.850855555078,
    0.883926525598,0.921921197224,0.94331977408,1.),.UNSPECIFIED.);
#6708 = CARTESIAN_POINT('',(-17.76983310757,0.535898038452,23.0000006));
#6709 = CARTESIAN_POINT('',(-17.77570581718,0.615130779711,
    22.862765411622));
#6710 = CARTESIAN_POINT('',(-17.78310202274,0.701458188134,
    22.727590888255));
#6711 = CARTESIAN_POINT('',(-17.79234385447,0.794958599495,
    22.594901058635));
#6712 = CARTESIAN_POINT('',(-17.80379919433,0.895688104772,
    22.465143234902));
#6713 = CARTESIAN_POINT('',(-17.81788389968,1.003678910729,
    22.338787776971));
#6714 = CARTESIAN_POINT('',(-17.83506402697,1.118937700504,
    22.216327856898));
#6715 = CARTESIAN_POINT('',(-17.85585805546,1.241443994199,
    22.098279223245));
#6716 = CARTESIAN_POINT('',(-17.89027024893,1.420116063775,
    21.942481420709));
#6717 = CARTESIAN_POINT('',(-17.90029477345,1.470091825352,
    21.900503835388));
#6718 = CARTESIAN_POINT('',(-17.91093956636,1.521054999498,
    21.859289995704));
#6719 = CARTESIAN_POINT('',(-17.92223160574,1.572983303373,
    21.818880808426));
#6720 = CARTESIAN_POINT('',(-17.93419786891,1.625853055801,
    21.779315328072));
#6721 = CARTESIAN_POINT('',(-17.94686523537,1.67963926708,
    21.740630784094));
#6722 = CARTESIAN_POINT('',(-17.96026038984,1.734315728786,
    21.702862608066));
#6723 = CARTESIAN_POINT('',(-17.99953286115,1.888469152649,
    21.600671262376));
#6724 = CARTESIAN_POINT('',(-18.02705059051,1.989870646512,
    21.538248795097));
#6725 = CARTESIAN_POINT('',(-18.05708087133,2.093772036625,
    21.479065934897));
#6726 = CARTESIAN_POINT('',(-18.08972351432,2.19986625726,
    21.423361678353));
#6727 = CARTESIAN_POINT('',(-18.12505662707,2.307830671603,
    21.371326743143));
#6728 = CARTESIAN_POINT('',(-18.1631330582,2.41733101782,21.323105168408
    ));
#6729 = CARTESIAN_POINT('',(-18.20397684144,2.528025355148,
    21.278795915133));
#6730 = CARTESIAN_POINT('',(-18.2855319841,2.736655935489,
    21.203340836078));
#6731 = CARTESIAN_POINT('',(-18.32553548912,2.834286361588,
    21.17126948785));
#6732 = CARTESIAN_POINT('',(-18.36757365734,2.932218743261,
    21.142269851832));
#6733 = CARTESIAN_POINT('',(-18.41160948053,3.030209635375,
    21.116345116591));
#6734 = CARTESIAN_POINT('',(-18.4575842214,3.128014224857,
    21.093473033989));
#6735 = CARTESIAN_POINT('',(-18.50541619533,3.225387862891,
    21.073606723914));
#6736 = CARTESIAN_POINT('',(-18.55499955203,3.322087597117,
    21.056675479014));
#6737 = CARTESIAN_POINT('',(-18.68118117679,3.55813484653,
    21.021953487311));
#6738 = CARTESIAN_POINT('',(-18.75954981883,3.696280394097,
    21.007436705123));
#6739 = CARTESIAN_POINT('',(-18.8411040642,3.831977435514,
    20.998657488479));
#6740 = CARTESIAN_POINT('',(-18.92560474719,3.964917790156,
    20.995229414025));
#6741 = CARTESIAN_POINT('',(-19.01277880816,4.094817499574,
    20.996757051268));
#6742 = CARTESIAN_POINT('',(-19.10231964619,4.221416319275,
    21.002835644415));
#6743 = CARTESIAN_POINT('',(-19.19388747174,4.344477210505,
    21.013050794208));
#6744 = CARTESIAN_POINT('',(-19.3670202592,4.566057874625,
    21.038916741159));
#6745 = CARTESIAN_POINT('',(-19.44825796174,4.665715464693,
    21.053599823204));
#6746 = CARTESIAN_POINT('',(-19.53071083493,4.762760071165,
    21.070791563704));
#6747 = CARTESIAN_POINT('',(-19.61427356042,4.857203174939,
    21.090272838556));
#6748 = CARTESIAN_POINT('',(-19.69884826281,4.949065156249,
    21.111840180554));
#6749 = CARTESIAN_POINT('',(-19.78434533901,5.038374182033,
    21.135304738196));
#6750 = CARTESIAN_POINT('',(-19.87068428756,5.125165093293,
    21.160491234495));
#6751 = CARTESIAN_POINT('',(-20.18852963761,5.432804643755,
    21.258080135494));
#6752 = CARTESIAN_POINT('',(-20.42510137103,5.639159263964,
    21.339993660063));
#6753 = CARTESIAN_POINT('',(-20.66629179149,5.829239027779,
    21.430044853033));
#6754 = CARTESIAN_POINT('',(-20.91124054851,6.003896382857,
    21.525866201532));
#6755 = CARTESIAN_POINT('',(-21.15946096203,6.164027601426,
    21.625491032127));
#6756 = CARTESIAN_POINT('',(-21.41083865445,6.310502241751,
    21.727243068789));
#6757 = CARTESIAN_POINT('',(-21.66565193599,6.444099876543,
    21.829608980589));
#6758 = CARTESIAN_POINT('',(-22.12721750177,6.660304503577,
    22.01033881857));
#6759 = CARTESIAN_POINT('',(-22.33201330082,6.747524670197,
    22.088943412884));
#6760 = CARTESIAN_POINT('',(-22.53917282713,6.827308671984,
    22.166005581833));
#6761 = CARTESIAN_POINT('',(-22.74876262342,6.899756792922,
    22.240603996615));
#6762 = CARTESIAN_POINT('',(-22.96082917995,6.964897912393,22.3117007116
    ));
#6763 = CARTESIAN_POINT('',(-23.17544153901,7.02271710006,
    22.378139737959));
#6764 = CARTESIAN_POINT('',(-23.39273080821,7.073154467423,
    22.43867073685));
#6765 = CARTESIAN_POINT('',(-23.7817245202,7.14897756042,22.53287738008)
  );
#6766 = CARTESIAN_POINT('',(-23.9526704134,7.177548627989,
    22.569630302987));
#6767 = CARTESIAN_POINT('',(-24.12514411107,7.201544080389,
    22.60145714017));
#6768 = CARTESIAN_POINT('',(-24.29871678129,7.220839349878,
    22.627681782944));
#6769 = CARTESIAN_POINT('',(-24.47311333041,7.235373197359,
    22.647769057293));
#6770 = CARTESIAN_POINT('',(-24.64817438676,7.245107024499,
    22.661335772634));
#6771 = CARTESIAN_POINT('',(-24.82381784916,7.25,22.668155236728));
#6772 = CARTESIAN_POINT('',(-25.17618215083,7.25,22.668155236728));
#6773 = CARTESIAN_POINT('',(-25.35182561323,7.245107024499,
    22.661335772634));
#6774 = CARTESIAN_POINT('',(-25.52688666959,7.235373197359,
    22.647769057293));
#6775 = CARTESIAN_POINT('',(-25.7012832187,7.220839349878,
    22.627681782944));
#6776 = CARTESIAN_POINT('',(-25.87485588892,7.201544080389,
    22.60145714017));
#6777 = CARTESIAN_POINT('',(-26.04732958659,7.177548627989,
    22.569630302987));
#6778 = CARTESIAN_POINT('',(-26.21827547979,7.14897756042,22.53287738008
    ));
#6779 = CARTESIAN_POINT('',(-26.60726919178,7.073154467423,
    22.43867073685));
#6780 = CARTESIAN_POINT('',(-26.82455846099,7.02271710006,
    22.378139737959));
#6781 = CARTESIAN_POINT('',(-27.03917082004,6.964897912393,22.3117007116
    ));
#6782 = CARTESIAN_POINT('',(-27.25123737657,6.899756792922,
    22.240603996615));
#6783 = CARTESIAN_POINT('',(-27.46082717286,6.827308671984,
    22.166005581833));
#6784 = CARTESIAN_POINT('',(-27.66798669917,6.747524670197,
    22.088943412884));
#6785 = CARTESIAN_POINT('',(-27.87278249822,6.660304503578,
    22.010338818571));
#6786 = CARTESIAN_POINT('',(-28.43278211044,6.397991808968,
    21.791066310635));
#6787 = CARTESIAN_POINT('',(-28.78087435052,6.207821275035,
    21.649832673296));
#6788 = CARTESIAN_POINT('',(-29.12296641137,5.993053524284,
    21.510963394276));
#6789 = CARTESIAN_POINT('',(-29.4597954191,5.751091172389,
    21.378028572222));
#6790 = CARTESIAN_POINT('',(-29.79042897698,5.479255071937,
    21.255797090101));
#6791 = CARTESIAN_POINT('',(-30.1123588248,5.175046399053,
    21.150536095804));
#6792 = CARTESIAN_POINT('',(-30.42157432096,4.836621030299,
    21.070500599161));
#6793 = CARTESIAN_POINT('',(-30.80611252826,4.344477210505,
    21.013050794208));
#6794 = CARTESIAN_POINT('',(-30.8976803538,4.221416319275,
    21.002835644415));
#6795 = CARTESIAN_POINT('',(-30.98722119183,4.094817499574,
    20.996757051268));
#6796 = CARTESIAN_POINT('',(-31.0743952528,3.964917790156,
    20.995229414025));
#6797 = CARTESIAN_POINT('',(-31.15889593579,3.831977435514,
    20.998657488479));
#6798 = CARTESIAN_POINT('',(-31.24045018116,3.696280394097,
    21.007436705123));
#6799 = CARTESIAN_POINT('',(-31.3188188232,3.55813484653,21.021953487311
    ));
#6800 = CARTESIAN_POINT('',(-31.44500044796,3.322087597117,
    21.056675479014));
#6801 = CARTESIAN_POINT('',(-31.49458380467,3.225387862891,
    21.073606723914));
#6802 = CARTESIAN_POINT('',(-31.54241577859,3.128014224857,
    21.093473033989));
#6803 = CARTESIAN_POINT('',(-31.58839051946,3.030209635375,
    21.116345116591));
#6804 = CARTESIAN_POINT('',(-31.63242634265,2.932218743262,
    21.142269851832));
#6805 = CARTESIAN_POINT('',(-31.67446451087,2.834286361588,
    21.17126948785));
#6806 = CARTESIAN_POINT('',(-31.71446801589,2.736655935489,
    21.203340836078));
#6807 = CARTESIAN_POINT('',(-31.79602315855,2.528025355148,
    21.278795915133));
#6808 = CARTESIAN_POINT('',(-31.83686694179,2.41733101782,
    21.323105168408));
#6809 = CARTESIAN_POINT('',(-31.87494337292,2.307830671603,
    21.371326743143));
#6810 = CARTESIAN_POINT('',(-31.91027648567,2.19986625726,
    21.423361678353));
#6811 = CARTESIAN_POINT('',(-31.94291912866,2.093772036625,
    21.479065934897));
#6812 = CARTESIAN_POINT('',(-31.97294940948,1.989870646512,
    21.538248795097));
#6813 = CARTESIAN_POINT('',(-32.00046713885,1.888469152648,
    21.600671262376));
#6814 = CARTESIAN_POINT('',(-32.03973961015,1.734315728787,
    21.702862608065));
#6815 = CARTESIAN_POINT('',(-32.05313476462,1.67963926708,
    21.740630784094));
#6816 = CARTESIAN_POINT('',(-32.06580213108,1.625853055801,
    21.779315328073));
#6817 = CARTESIAN_POINT('',(-32.07776839425,1.572983303372,
    21.818880808427));
#6818 = CARTESIAN_POINT('',(-32.08906043364,1.521054999497,
    21.859289995705));
#6819 = CARTESIAN_POINT('',(-32.09970522654,1.470091825353,
    21.900503835388));
#6820 = CARTESIAN_POINT('',(-32.10972975106,1.420116063777,
    21.942481420708));
#6821 = CARTESIAN_POINT('',(-32.14414194456,1.24144399406,
    22.098279223367));
#6822 = CARTESIAN_POINT('',(-32.16493597303,1.118937700462,
    22.216327856955));
#6823 = CARTESIAN_POINT('',(-32.1821161003,1.003678910798,
    22.338787776916));
#6824 = CARTESIAN_POINT('',(-32.19620080564,0.895688104871,
    22.465143234784));
#6825 = CARTESIAN_POINT('',(-32.20765614551,0.794958599539,
    22.594901058556));
#6826 = CARTESIAN_POINT('',(-32.21689797726,0.701458188092,
    22.727590888296));
#6827 = CARTESIAN_POINT('',(-32.22429418282,0.615130779632,
    22.862765411759));
#6828 = CARTESIAN_POINT('',(-32.23016689242,0.535898038452,23.0000006));
#6829 = PCURVE('',#2715,#6830);
#6830 = DEFINITIONAL_REPRESENTATION('',(#6831),#6953);
#6831 = B_SPLINE_CURVE_WITH_KNOTS('',8,(#6832,#6833,#6834,#6835,#6836,
    #6837,#6838,#6839,#6840,#6841,#6842,#6843,#6844,#6845,#6846,#6847,
    #6848,#6849,#6850,#6851,#6852,#6853,#6854,#6855,#6856,#6857,#6858,
    #6859,#6860,#6861,#6862,#6863,#6864,#6865,#6866,#6867,#6868,#6869,
    #6870,#6871,#6872,#6873,#6874,#6875,#6876,#6877,#6878,#6879,#6880,
    #6881,#6882,#6883,#6884,#6885,#6886,#6887,#6888,#6889,#6890,#6891,
    #6892,#6893,#6894,#6895,#6896,#6897,#6898,#6899,#6900,#6901,#6902,
    #6903,#6904,#6905,#6906,#6907,#6908,#6909,#6910,#6911,#6912,#6913,
    #6914,#6915,#6916,#6917,#6918,#6919,#6920,#6921,#6922,#6923,#6924,
    #6925,#6926,#6927,#6928,#6929,#6930,#6931,#6932,#6933,#6934,#6935,
    #6936,#6937,#6938,#6939,#6940,#6941,#6942,#6943,#6944,#6945,#6946,
    #6947,#6948,#6949,#6950,#6951,#6952),.UNSPECIFIED.,.F.,.F.,(9,7,7,7,
    7,7,7,7,7,7,7,7,7,7,7,7,7,9),(0.,5.652642874637E-02,
    7.786694233078E-02,0.115758518551,0.148739753722,0.197034708932,
    0.238433424736,0.348089139864,0.433850672201,0.499593849261,
    0.56533702632,0.651098558657,0.802429198947,0.850855555078,
    0.883926525598,0.921921197224,0.94331977408,1.),.UNSPECIFIED.);
#6832 = CARTESIAN_POINT('',(7.398444710956E-02,-22.9999994));
#6833 = CARTESIAN_POINT('',(8.494307952264E-02,-23.13723458837));
#6834 = CARTESIAN_POINT('',(9.689308875819E-02,-23.27240911174));
#6835 = CARTESIAN_POINT('',(0.109850709838,-23.40509894136));
#6836 = CARTESIAN_POINT('',(0.123830813077,-23.53485676509));
#6837 = CARTESIAN_POINT('',(0.138847693589,-23.66121222302));
#6838 = CARTESIAN_POINT('',(0.154915860781,-23.7836721431));
#6839 = CARTESIAN_POINT('',(0.172050827859,-23.90172077675));
#6840 = CARTESIAN_POINT('',(0.197148177443,-24.05751857929));
#6841 = CARTESIAN_POINT('',(0.204178486298,-24.09949616461));
#6842 = CARTESIAN_POINT('',(0.211359207919,-24.14071000429));
#6843 = CARTESIAN_POINT('',(0.21868861644,-24.18111919157));
#6844 = CARTESIAN_POINT('',(0.226164894873,-24.22068467192));
#6845 = CARTESIAN_POINT('',(0.23378614988,-24.2593692159));
#6846 = CARTESIAN_POINT('',(0.241550426542,-24.29713739193));
#6847 = CARTESIAN_POINT('',(0.263492130774,-24.39932873762));
#6848 = CARTESIAN_POINT('',(0.277982676894,-24.4617512049));
#6849 = CARTESIAN_POINT('',(0.292897081612,-24.5209340651));
#6850 = CARTESIAN_POINT('',(0.308203121434,-24.57663832164));
#6851 = CARTESIAN_POINT('',(0.32386684187,-24.62867325685));
#6852 = CARTESIAN_POINT('',(0.339852770039,-24.67689483159));
#6853 = CARTESIAN_POINT('',(0.356124127292,-24.72120408486));
#6854 = CARTESIAN_POINT('',(0.387021282565,-24.79665916392));
#6855 = CARTESIAN_POINT('',(0.401572228185,-24.82873051215));
#6856 = CARTESIAN_POINT('',(0.416268651506,-24.85773014816));
#6857 = CARTESIAN_POINT('',(0.431082428558,-24.8836548834));
#6858 = CARTESIAN_POINT('',(0.445984455236,-24.90652696601));
#6859 = CARTESIAN_POINT('',(0.46094456394,-24.92639327608));
#6860 = CARTESIAN_POINT('',(0.475931440238,-24.94332452098));
#6861 = CARTESIAN_POINT('',(0.512849605067,-24.97804651268));
#6862 = CARTESIAN_POINT('',(0.534749787559,-24.99256329487));
#6863 = CARTESIAN_POINT('',(0.556575375035,-25.00134251152));
#6864 = CARTESIAN_POINT('',(0.578289169808,-25.00477058597));
#6865 = CARTESIAN_POINT('',(0.599853893485,-25.00324294873));
#6866 = CARTESIAN_POINT('',(0.621231592003,-24.99716435558));
#6867 = CARTESIAN_POINT('',(0.642383040653,-24.98694920579));
#6868 = CARTESIAN_POINT('',(0.681169128063,-24.96108325884));
#6869 = CARTESIAN_POINT('',(0.698899645693,-24.94640017679));
#6870 = CARTESIAN_POINT('',(0.71645811422,-24.92920843629));
#6871 = CARTESIAN_POINT('',(0.733844863753,-24.90972716144));
#6872 = CARTESIAN_POINT('',(0.751061141143,-24.88815981944));
#6873 = CARTESIAN_POINT('',(0.768109108828,-24.8646952618));
#6874 = CARTESIAN_POINT('',(0.784991843681,-24.8395087655));
#6875 = CARTESIAN_POINT('',(0.846004738293,-24.7419198645));
#6876 = CARTESIAN_POINT('',(0.889246532621,-24.66000633993));
#6877 = CARTESIAN_POINT('',(0.931517360187,-24.56995514696));
#6878 = CARTESIAN_POINT('',(0.972919496989,-24.47413379846));
#6879 = CARTESIAN_POINT('',(1.013577622476,-24.37450896787));
#6880 = CARTESIAN_POINT('',(1.053639922311,-24.27275693121));
#6881 = CARTESIAN_POINT('',(1.093284460531,-24.17039101941));
#6882 = CARTESIAN_POINT('',(1.163586978201,-23.98966118143));
#6883 = CARTESIAN_POINT('',(1.194270544482,-23.91105658711));
#6884 = CARTESIAN_POINT('',(1.224858875508,-23.83399441816));
#6885 = CARTESIAN_POINT('',(1.255409193673,-23.75939600338));
#6886 = CARTESIAN_POINT('',(1.285971556907,-23.6882992884));
#6887 = CARTESIAN_POINT('',(1.316597259981,-23.62186026204));
#6888 = CARTESIAN_POINT('',(1.347345603927,-23.56132926315));
#6889 = CARTESIAN_POINT('',(1.402009684463,-23.46712261992));
#6890 = CARTESIAN_POINT('',(1.425906818503,-23.43036969701));
#6891 = CARTESIAN_POINT('',(1.449910447896,-23.39854285983));
#6892 = CARTESIAN_POINT('',(1.473980694986,-23.37231821705));
#6893 = CARTESIAN_POINT('',(1.498100403869,-23.3522309427));
#6894 = CARTESIAN_POINT('',(1.522268677532,-23.33866422736));
#6895 = CARTESIAN_POINT('',(1.546495340472,-23.33184476327));
#6896 = CARTESIAN_POINT('',(1.595097313118,-23.33184476327));
#6897 = CARTESIAN_POINT('',(1.619323976057,-23.33866422736));
#6898 = CARTESIAN_POINT('',(1.643492249721,-23.3522309427));
#6899 = CARTESIAN_POINT('',(1.667611958604,-23.37231821705));
#6900 = CARTESIAN_POINT('',(1.691682205694,-23.39854285983));
#6901 = CARTESIAN_POINT('',(1.715685835087,-23.43036969701));
#6902 = CARTESIAN_POINT('',(1.739582969127,-23.46712261992));
#6903 = CARTESIAN_POINT('',(1.794247049663,-23.56132926315));
#6904 = CARTESIAN_POINT('',(1.824995393608,-23.62186026204));
#6905 = CARTESIAN_POINT('',(1.855621096683,-23.6882992884));
#6906 = CARTESIAN_POINT('',(1.886183459916,-23.75939600338));
#6907 = CARTESIAN_POINT('',(1.916733778082,-23.83399441816));
#6908 = CARTESIAN_POINT('',(1.947322109108,-23.91105658711));
#6909 = CARTESIAN_POINT('',(1.978005675388,-23.98966118142));
#6910 = CARTESIAN_POINT('',(2.063300995387,-24.20893368936));
#6911 = CARTESIAN_POINT('',(2.117906696994,-24.3501673267));
#6912 = CARTESIAN_POINT('',(2.173447946034,-24.48903660572));
#6913 = CARTESIAN_POINT('',(2.230421056552,-24.62197142777));
#6914 = CARTESIAN_POINT('',(2.289194568286,-24.74420290989));
#6915 = CARTESIAN_POINT('',(2.350021134815,-24.84946390419));
#6916 = CARTESIAN_POINT('',(2.4130634084,-24.92949940083));
#6917 = CARTESIAN_POINT('',(2.499209612937,-24.98694920579));
#6918 = CARTESIAN_POINT('',(2.520361061587,-24.99716435558));
#6919 = CARTESIAN_POINT('',(2.541738760104,-25.00324294873));
#6920 = CARTESIAN_POINT('',(2.563303483782,-25.00477058597));
#6921 = CARTESIAN_POINT('',(2.585017278555,-25.00134251152));
#6922 = CARTESIAN_POINT('',(2.60684286603,-24.99256329487));
#6923 = CARTESIAN_POINT('',(2.628743048523,-24.97804651268));
#6924 = CARTESIAN_POINT('',(2.665661213352,-24.94332452098));
#6925 = CARTESIAN_POINT('',(2.680648089649,-24.92639327608));
#6926 = CARTESIAN_POINT('',(2.695608198354,-24.90652696601));
#6927 = CARTESIAN_POINT('',(2.710510225031,-24.8836548834));
#6928 = CARTESIAN_POINT('',(2.725324002084,-24.85773014816));
#6929 = CARTESIAN_POINT('',(2.740020425405,-24.82873051215));
#6930 = CARTESIAN_POINT('',(2.754571371024,-24.79665916392));
#6931 = CARTESIAN_POINT('',(2.785468526298,-24.72120408486));
#6932 = CARTESIAN_POINT('',(2.801739883551,-24.67689483159));
#6933 = CARTESIAN_POINT('',(2.81772581172,-24.62867325685));
#6934 = CARTESIAN_POINT('',(2.833389532156,-24.57663832164));
#6935 = CARTESIAN_POINT('',(2.848695571978,-24.5209340651));
#6936 = CARTESIAN_POINT('',(2.863609976695,-24.4617512049));
#6937 = CARTESIAN_POINT('',(2.878100522815,-24.39932873762));
#6938 = CARTESIAN_POINT('',(2.900042227047,-24.29713739193));
#6939 = CARTESIAN_POINT('',(2.907806503709,-24.2593692159));
#6940 = CARTESIAN_POINT('',(2.915427758717,-24.22068467192));
#6941 = CARTESIAN_POINT('',(2.92290403715,-24.18111919157));
#6942 = CARTESIAN_POINT('',(2.930233445671,-24.14071000429));
#6943 = CARTESIAN_POINT('',(2.937414167291,-24.09949616461));
#6944 = CARTESIAN_POINT('',(2.944444476147,-24.05751857929));
#6945 = CARTESIAN_POINT('',(2.969541825751,-23.90172077663));
#6946 = CARTESIAN_POINT('',(2.986676792815,-23.78367214304));
#6947 = CARTESIAN_POINT('',(3.002744959991,-23.66121222308));
#6948 = CARTESIAN_POINT('',(3.017761840499,-23.53485676521));
#6949 = CARTESIAN_POINT('',(3.031741943746,-23.40509894144));
#6950 = CARTESIAN_POINT('',(3.044699564837,-23.2724091117));
#6951 = CARTESIAN_POINT('',(3.056649574078,-23.13723458824));
#6952 = CARTESIAN_POINT('',(3.06760820648,-22.9999994));
#6953 = ( GEOMETRIC_REPRESENTATION_CONTEXT(2) 
PARAMETRIC_REPRESENTATION_CONTEXT() REPRESENTATION_CONTEXT('2D SPACE',''
  ) );
#6954 = PCURVE('',#4777,#6955);
#6955 = DEFINITIONAL_REPRESENTATION('',(#6956),#7078);
#6956 = B_SPLINE_CURVE_WITH_KNOTS('',8,(#6957,#6958,#6959,#6960,#6961,
    #6962,#6963,#6964,#6965,#6966,#6967,#6968,#6969,#6970,#6971,#6972,
    #6973,#6974,#6975,#6976,#6977,#6978,#6979,#6980,#6981,#6982,#6983,
    #6984,#6985,#6986,#6987,#6988,#6989,#6990,#6991,#6992,#6993,#6994,
    #6995,#6996,#6997,#6998,#6999,#7000,#7001,#7002,#7003,#7004,#7005,
    #7006,#7007,#7008,#7009,#7010,#7011,#7012,#7013,#7014,#7015,#7016,
    #7017,#7018,#7019,#7020,#7021,#7022,#7023,#7024,#7025,#7026,#7027,
    #7028,#7029,#7030,#7031,#7032,#7033,#7034,#7035,#7036,#7037,#7038,
    #7039,#7040,#7041,#7042,#7043,#7044,#7045,#7046,#7047,#7048,#7049,
    #7050,#7051,#7052,#7053,#7054,#7055,#7056,#7057,#7058,#7059,#7060,
    #7061,#7062,#7063,#7064,#7065,#7066,#7067,#7068,#7069,#7070,#7071,
    #7072,#7073,#7074,#7075,#7076,#7077),.UNSPECIFIED.,.F.,.F.,(9,7,7,7,
    7,7,7,7,7,7,7,7,7,7,7,7,7,9),(0.,5.652642874637E-02,
    7.786694233078E-02,0.115758518551,0.148739753722,0.197034708932,
    0.238433424736,0.348089139864,0.433850672201,0.499593849261,
    0.56533702632,0.651098558657,0.802429198947,0.850855555078,
    0.883926525598,0.921921197224,0.94331977408,1.),.UNSPECIFIED.);
#6957 = CARTESIAN_POINT('',(3.665191255983,-68.76983310757));
#6958 = CARTESIAN_POINT('',(3.704807638498,-68.77570581718));
#6959 = CARTESIAN_POINT('',(3.744864658343,-68.78310202274));
#6960 = CARTESIAN_POINT('',(3.785375195111,-68.79234385447));
#6961 = CARTESIAN_POINT('',(3.826352921602,-68.80379919433));
#6962 = CARTESIAN_POINT('',(3.867812967542,-68.81788389968));
#6963 = CARTESIAN_POINT('',(3.909772583305,-68.83506402697));
#6964 = CARTESIAN_POINT('',(3.952251803633,-68.85585805546));
#6965 = CARTESIAN_POINT('',(4.011516392408,-68.89027024893));
#6966 = CARTESIAN_POINT('',(4.027830189682,-68.90029477345));
#6967 = CARTESIAN_POINT('',(4.044211086116,-68.91093956636));
#6968 = CARTESIAN_POINT('',(4.060654931413,-68.92223160574));
#6969 = CARTESIAN_POINT('',(4.07715782004,-68.93419786891));
#6970 = CARTESIAN_POINT('',(4.093716069217,-68.94686523537));
#6971 = CARTESIAN_POINT('',(4.110326196906,-68.96026038984));
#6972 = CARTESIAN_POINT('',(4.156563593312,-68.99953286115));
#6973 = CARTESIAN_POINT('',(4.186315475784,-69.02705059051));
#6974 = CARTESIAN_POINT('',(4.216180291771,-69.05708087133));
#6975 = CARTESIAN_POINT('',(4.246102313928,-69.08972351432));
#6976 = CARTESIAN_POINT('',(4.276029465167,-69.12505662707));
#6977 = CARTESIAN_POINT('',(4.305912440805,-69.1631330582));
#6978 = CARTESIAN_POINT('',(4.335703830716,-69.20397684144));
#6979 = CARTESIAN_POINT('',(4.391167888903,-69.2855319841));
#6980 = CARTESIAN_POINT('',(4.416847381072,-69.32553548912));
#6981 = CARTESIAN_POINT('',(4.442362926799,-69.36757365734));
#6982 = CARTESIAN_POINT('',(4.467682059033,-69.41160948053));
#6983 = CARTESIAN_POINT('',(4.492772318393,-69.4575842214));
#6984 = CARTESIAN_POINT('',(4.51760093671,-69.50541619533));
#6985 = CARTESIAN_POINT('',(4.542134520557,-69.55499955203));
#6986 = CARTESIAN_POINT('',(4.601781356529,-69.68118117679));
#6987 = CARTESIAN_POINT('',(4.636478252228,-69.75954981883));
#6988 = CARTESIAN_POINT('',(4.670428546964,-69.8411040642));
#6989 = CARTESIAN_POINT('',(4.703626050605,-69.92560474719));
#6990 = CARTESIAN_POINT('',(4.736059588043,-70.01277880816));
#6991 = CARTESIAN_POINT('',(4.767713329406,-70.10231964619));
#6992 = CARTESIAN_POINT('',(4.798567120292,-70.19388747174));
#6993 = CARTESIAN_POINT('',(4.854338437922,-70.3670202592));
#6994 = CARTESIAN_POINT('',(4.879510442218,-70.44825796174));
#6995 = CARTESIAN_POINT('',(4.904132248013,-70.53071083493));
#6996 = CARTESIAN_POINT('',(4.928221598748,-70.61427356042));
#6997 = CARTESIAN_POINT('',(4.95179484504,-70.69884826281));
#6998 = CARTESIAN_POINT('',(4.97486723156,-70.78434533901));
#6999 = CARTESIAN_POINT('',(4.997453183909,-70.87068428756));
#7000 = CARTESIAN_POINT('',(5.078139957378,-71.18852963761));
#7001 = CARTESIAN_POINT('',(5.13350588178,-71.42510137103));
#7002 = CARTESIAN_POINT('',(5.185914617548,-71.66629179149));
#7003 = CARTESIAN_POINT('',(5.235556692771,-71.91124054851));
#7004 = CARTESIAN_POINT('',(5.282577640966,-72.15946096203));
#7005 = CARTESIAN_POINT('',(5.327082189971,-72.41083865445));
#7006 = CARTESIAN_POINT('',(5.369120877007,-72.66565193599));
#7007 = CARTESIAN_POINT('',(5.439569313419,-73.12721750177));
#7008 = CARTESIAN_POINT('',(5.46890259044,-73.33201330082));
#7009 = CARTESIAN_POINT('',(5.496606800623,-73.53917282713));
#7010 = CARTESIAN_POINT('',(5.522580125712,-73.74876262342));
#7011 = CARTESIAN_POINT('',(5.546670124971,-73.96082917995));
#7012 = CARTESIAN_POINT('',(5.568679976347,-74.17544153901));
#7013 = CARTESIAN_POINT('',(5.58837484685,-74.39273080821));
#7014 = CARTESIAN_POINT('',(5.618607313938,-74.7817245202));
#7015 = CARTESIAN_POINT('',(5.630243589832,-74.9526704134));
#7016 = CARTESIAN_POINT('',(5.640206880207,-75.12514411107));
#7017 = CARTESIAN_POINT('',(5.648345745344,-75.29871678129));
#7018 = CARTESIAN_POINT('',(5.6545440936,-75.47311333041));
#7019 = CARTESIAN_POINT('',(5.658718560485,-75.64817438676));
#7020 = CARTESIAN_POINT('',(5.660816818625,-75.82381784916));
#7021 = CARTESIAN_POINT('',(5.660816818625,-76.17618215083));
#7022 = CARTESIAN_POINT('',(5.658718560485,-76.35182561323));
#7023 = CARTESIAN_POINT('',(5.6545440936,-76.52688666959));
#7024 = CARTESIAN_POINT('',(5.648345745344,-76.7012832187));
#7025 = CARTESIAN_POINT('',(5.640206880207,-76.87485588892));
#7026 = CARTESIAN_POINT('',(5.630243589832,-77.04732958659));
#7027 = CARTESIAN_POINT('',(5.618607313938,-77.21827547979));
#7028 = CARTESIAN_POINT('',(5.58837484685,-77.60726919178));
#7029 = CARTESIAN_POINT('',(5.568679976347,-77.82455846099));
#7030 = CARTESIAN_POINT('',(5.546670124971,-78.03917082004));
#7031 = CARTESIAN_POINT('',(5.522580125713,-78.25123737657));
#7032 = CARTESIAN_POINT('',(5.496606800623,-78.46082717286));
#7033 = CARTESIAN_POINT('',(5.46890259044,-78.66798669917));
#7034 = CARTESIAN_POINT('',(5.439569313419,-78.87278249822));
#7035 = CARTESIAN_POINT('',(5.354096955867,-79.43278211044));
#7036 = CARTESIAN_POINT('',(5.294974810995,-79.78087435052));
#7037 = CARTESIAN_POINT('',(5.231267040415,-80.12296641137));
#7038 = CARTESIAN_POINT('',(5.162623441202,-80.4597954191));
#7039 = CARTESIAN_POINT('',(5.088643334495,-80.79042897698));
#7040 = CARTESIAN_POINT('',(5.008794290164,-81.1123588248));
#7041 = CARTESIAN_POINT('',(4.922438530293,-81.42157432096));
#7042 = CARTESIAN_POINT('',(4.798567120292,-81.80611252826));
#7043 = CARTESIAN_POINT('',(4.767713329406,-81.8976803538));
#7044 = CARTESIAN_POINT('',(4.736059588043,-81.98722119183));
#7045 = CARTESIAN_POINT('',(4.703626050605,-82.0743952528));
#7046 = CARTESIAN_POINT('',(4.670428546964,-82.15889593579));
#7047 = CARTESIAN_POINT('',(4.636478252228,-82.24045018116));
#7048 = CARTESIAN_POINT('',(4.601781356529,-82.3188188232));
#7049 = CARTESIAN_POINT('',(4.542134520557,-82.44500044796));
#7050 = CARTESIAN_POINT('',(4.51760093671,-82.49458380467));
#7051 = CARTESIAN_POINT('',(4.492772318393,-82.54241577859));
#7052 = CARTESIAN_POINT('',(4.467682059033,-82.58839051946));
#7053 = CARTESIAN_POINT('',(4.442362926799,-82.63242634265));
#7054 = CARTESIAN_POINT('',(4.416847381072,-82.67446451087));
#7055 = CARTESIAN_POINT('',(4.391167888903,-82.71446801589));
#7056 = CARTESIAN_POINT('',(4.335703830716,-82.79602315855));
#7057 = CARTESIAN_POINT('',(4.305912440805,-82.83686694179));
#7058 = CARTESIAN_POINT('',(4.276029465167,-82.87494337292));
#7059 = CARTESIAN_POINT('',(4.246102313928,-82.91027648567));
#7060 = CARTESIAN_POINT('',(4.216180291771,-82.94291912866));
#7061 = CARTESIAN_POINT('',(4.186315475784,-82.97294940948));
#7062 = CARTESIAN_POINT('',(4.156563593312,-83.00046713885));
#7063 = CARTESIAN_POINT('',(4.110326196906,-83.03973961015));
#7064 = CARTESIAN_POINT('',(4.093716069217,-83.05313476462));
#7065 = CARTESIAN_POINT('',(4.07715782004,-83.06580213108));
#7066 = CARTESIAN_POINT('',(4.060654931412,-83.07776839425));
#7067 = CARTESIAN_POINT('',(4.044211086116,-83.08906043364));
#7068 = CARTESIAN_POINT('',(4.027830189683,-83.09970522654));
#7069 = CARTESIAN_POINT('',(4.011516392408,-83.10972975106));
#7070 = CARTESIAN_POINT('',(3.952251803587,-83.14414194456));
#7071 = CARTESIAN_POINT('',(3.909772583287,-83.16493597303));
#7072 = CARTESIAN_POINT('',(3.867812967564,-83.1821161003));
#7073 = CARTESIAN_POINT('',(3.826352921641,-83.19620080564));
#7074 = CARTESIAN_POINT('',(3.785375195134,-83.20765614551));
#7075 = CARTESIAN_POINT('',(3.744864658328,-83.21689797726));
#7076 = CARTESIAN_POINT('',(3.704807638458,-83.22429418282));
#7077 = CARTESIAN_POINT('',(3.665191255983,-83.23016689242));
#7078 = ( GEOMETRIC_REPRESENTATION_CONTEXT(2) 
PARAMETRIC_REPRESENTATION_CONTEXT() REPRESENTATION_CONTEXT('2D SPACE',''
  ) );
#7079 = ORIENTED_EDGE('',*,*,#7080,.F.);
#7080 = EDGE_CURVE('',#6675,#6704,#7081,.T.);
#7081 = SURFACE_CURVE('',#7082,(#7087,#7094),.PCURVE_S1.);
#7082 = CIRCLE('',#7083,7.25);
#7083 = AXIS2_PLACEMENT_3D('',#7084,#7085,#7086);
#7084 = CARTESIAN_POINT('',(-25.,0.,23.));
#7085 = DIRECTION('',(0.,0.,1.));
#7086 = DIRECTION('',(1.,0.,-0.));
#7087 = PCURVE('',#2715,#7088);
#7088 = DEFINITIONAL_REPRESENTATION('',(#7089),#7093);
#7089 = LINE('',#7090,#7091);
#7090 = CARTESIAN_POINT('',(0.,-23.));
#7091 = VECTOR('',#7092,1.);
#7092 = DIRECTION('',(1.,0.));
#7093 = ( GEOMETRIC_REPRESENTATION_CONTEXT(2) 
PARAMETRIC_REPRESENTATION_CONTEXT() REPRESENTATION_CONTEXT('2D SPACE',''
  ) );
#7094 = PCURVE('',#6691,#7095);
#7095 = DEFINITIONAL_REPRESENTATION('',(#7096),#7100);
#7096 = CIRCLE('',#7097,7.25);
#7097 = AXIS2_PLACEMENT_2D('',#7098,#7099);
#7098 = CARTESIAN_POINT('',(0.,-5.848900222367E-17));
#7099 = DIRECTION('',(1.,0.));
#7100 = ( GEOMETRIC_REPRESENTATION_CONTEXT(2) 
PARAMETRIC_REPRESENTATION_CONTEXT() REPRESENTATION_CONTEXT('2D SPACE',''
  ) );
#7101 = ORIENTED_EDGE('',*,*,#7102,.T.);
#7102 = EDGE_CURVE('',#6675,#2669,#7103,.T.);
#7103 = SEAM_CURVE('',#7104,(#7108,#7115),.PCURVE_S1.);
#7104 = LINE('',#7105,#7106);
#7105 = CARTESIAN_POINT('',(-17.75,0.,46.));
#7106 = VECTOR('',#7107,1.);
#7107 = DIRECTION('',(-0.,-0.,-1.));
#7108 = PCURVE('',#2715,#7109);
#7109 = DEFINITIONAL_REPRESENTATION('',(#7110),#7114);
#7110 = LINE('',#7111,#7112);
#7111 = CARTESIAN_POINT('',(0.,0.));
#7112 = VECTOR('',#7113,1.);
#7113 = DIRECTION('',(0.,-1.));
#7114 = ( GEOMETRIC_REPRESENTATION_CONTEXT(2) 
PARAMETRIC_REPRESENTATION_CONTEXT() REPRESENTATION_CONTEXT('2D SPACE',''
  ) );
#7115 = PCURVE('',#2715,#7116);
#7116 = DEFINITIONAL_REPRESENTATION('',(#7117),#7121);
#7117 = LINE('',#7118,#7119);
#7118 = CARTESIAN_POINT('',(6.28318530718,0.));
#7119 = VECTOR('',#7120,1.);
#7120 = DIRECTION('',(0.,-1.));
#7121 = ( GEOMETRIC_REPRESENTATION_CONTEXT(2) 
PARAMETRIC_REPRESENTATION_CONTEXT() REPRESENTATION_CONTEXT('2D SPACE',''
  ) );
#7122 = ORIENTED_EDGE('',*,*,#7123,.T.);
#7123 = EDGE_CURVE('',#2669,#7124,#7126,.T.);
#7124 = VERTEX_POINT('',#7125);
#7125 = CARTESIAN_POINT('',(-17.75,0.,13.));
#7126 = SEAM_CURVE('',#7127,(#7131,#7138),.PCURVE_S1.);
#7127 = LINE('',#7128,#7129);
#7128 = CARTESIAN_POINT('',(-17.75,0.,46.));
#7129 = VECTOR('',#7130,1.);
#7130 = DIRECTION('',(-0.,-0.,-1.));
#7131 = PCURVE('',#2715,#7132);
#7132 = DEFINITIONAL_REPRESENTATION('',(#7133),#7137);
#7133 = LINE('',#7134,#7135);
#7134 = CARTESIAN_POINT('',(0.,0.));
#7135 = VECTOR('',#7136,1.);
#7136 = DIRECTION('',(0.,-1.));
#7137 = ( GEOMETRIC_REPRESENTATION_CONTEXT(2) 
PARAMETRIC_REPRESENTATION_CONTEXT() REPRESENTATION_CONTEXT('2D SPACE',''
  ) );
#7138 = PCURVE('',#2715,#7139);
#7139 = DEFINITIONAL_REPRESENTATION('',(#7140),#7144);
#7140 = LINE('',#7141,#7142);
#7141 = CARTESIAN_POINT('',(6.28318530718,0.));
#7142 = VECTOR('',#7143,1.);
#7143 = DIRECTION('',(0.,-1.));
#7144 = ( GEOMETRIC_REPRESENTATION_CONTEXT(2) 
PARAMETRIC_REPRESENTATION_CONTEXT() REPRESENTATION_CONTEXT('2D SPACE',''
  ) );
#7145 = ORIENTED_EDGE('',*,*,#7146,.T.);
#7146 = EDGE_CURVE('',#7124,#3855,#7147,.T.);
#7147 = SURFACE_CURVE('',#7148,(#7153,#7160),.PCURVE_S1.);
#7148 = CIRCLE('',#7149,7.25);
#7149 = AXIS2_PLACEMENT_3D('',#7150,#7151,#7152);
#7150 = CARTESIAN_POINT('',(-25.,0.,13.));
#7151 = DIRECTION('',(0.,0.,1.));
#7152 = DIRECTION('',(1.,0.,0.));
#7153 = PCURVE('',#2715,#7154);
#7154 = DEFINITIONAL_REPRESENTATION('',(#7155),#7159);
#7155 = LINE('',#7156,#7157);
#7156 = CARTESIAN_POINT('',(0.,-33.));
#7157 = VECTOR('',#7158,1.);
#7158 = DIRECTION('',(1.,0.));
#7159 = ( GEOMETRIC_REPRESENTATION_CONTEXT(2) 
PARAMETRIC_REPRESENTATION_CONTEXT() REPRESENTATION_CONTEXT('2D SPACE',''
  ) );
#7160 = PCURVE('',#2746,#7161);
#7161 = DEFINITIONAL_REPRESENTATION('',(#7162),#7166);
#7162 = CIRCLE('',#7163,7.25);
#7163 = AXIS2_PLACEMENT_2D('',#7164,#7165);
#7164 = CARTESIAN_POINT('',(0.,-4.584934185037E-16));
#7165 = DIRECTION('',(1.,0.));
#7166 = ( GEOMETRIC_REPRESENTATION_CONTEXT(2) 
PARAMETRIC_REPRESENTATION_CONTEXT() REPRESENTATION_CONTEXT('2D SPACE',''
  ) );
#7167 = ORIENTED_EDGE('',*,*,#3875,.T.);
#7168 = ORIENTED_EDGE('',*,*,#3933,.F.);
#7169 = ORIENTED_EDGE('',*,*,#2691,.F.);
#7170 = ORIENTED_EDGE('',*,*,#7171,.T.);
#7171 = EDGE_CURVE('',#2692,#7124,#7172,.T.);
#7172 = SURFACE_CURVE('',#7173,(#7178,#7185),.PCURVE_S1.);
#7173 = CIRCLE('',#7174,7.25);
#7174 = AXIS2_PLACEMENT_3D('',#7175,#7176,#7177);
#7175 = CARTESIAN_POINT('',(-25.,0.,13.));
#7176 = DIRECTION('',(0.,0.,1.));
#7177 = DIRECTION('',(1.,0.,0.));
#7178 = PCURVE('',#2715,#7179);
#7179 = DEFINITIONAL_REPRESENTATION('',(#7180),#7184);
#7180 = LINE('',#7181,#7182);
#7181 = CARTESIAN_POINT('',(0.,-33.));
#7182 = VECTOR('',#7183,1.);
#7183 = DIRECTION('',(1.,0.));
#7184 = ( GEOMETRIC_REPRESENTATION_CONTEXT(2) 
PARAMETRIC_REPRESENTATION_CONTEXT() REPRESENTATION_CONTEXT('2D SPACE',''
  ) );
#7185 = PCURVE('',#2746,#7186);
#7186 = DEFINITIONAL_REPRESENTATION('',(#7187),#7191);
#7187 = CIRCLE('',#7188,7.25);
#7188 = AXIS2_PLACEMENT_2D('',#7189,#7190);
#7189 = CARTESIAN_POINT('',(0.,-4.584934185037E-16));
#7190 = DIRECTION('',(1.,0.));
#7191 = ( GEOMETRIC_REPRESENTATION_CONTEXT(2) 
PARAMETRIC_REPRESENTATION_CONTEXT() REPRESENTATION_CONTEXT('2D SPACE',''
  ) );
#7192 = ORIENTED_EDGE('',*,*,#7123,.F.);
#7193 = ORIENTED_EDGE('',*,*,#7102,.F.);
#7194 = ADVANCED_FACE('',(#7195),#2746,.T.);
#7195 = FACE_BOUND('',#7196,.T.);
#7196 = EDGE_LOOP('',(#7197,#7198,#7199,#7200,#7222));
#7197 = ORIENTED_EDGE('',*,*,#7171,.T.);
#7198 = ORIENTED_EDGE('',*,*,#7146,.T.);
#7199 = ORIENTED_EDGE('',*,*,#3854,.F.);
#7200 = ORIENTED_EDGE('',*,*,#7201,.F.);
#7201 = EDGE_CURVE('',#2732,#3589,#7202,.T.);
#7202 = SURFACE_CURVE('',#7203,(#7208,#7215),.PCURVE_S1.);
#7203 = CIRCLE('',#7204,6.35);
#7204 = AXIS2_PLACEMENT_3D('',#7205,#7206,#7207);
#7205 = CARTESIAN_POINT('',(-25.,0.,13.));
#7206 = DIRECTION('',(0.,0.,1.));
#7207 = DIRECTION('',(0.996432509606,-8.4393446435E-02,0.));
#7208 = PCURVE('',#2746,#7209);
#7209 = DEFINITIONAL_REPRESENTATION('',(#7210),#7214);
#7210 = CIRCLE('',#7211,6.35);
#7211 = AXIS2_PLACEMENT_2D('',#7212,#7213);
#7212 = CARTESIAN_POINT('',(0.,-4.584934185037E-16));
#7213 = DIRECTION('',(0.996432509606,-8.4393446435E-02));
#7214 = ( GEOMETRIC_REPRESENTATION_CONTEXT(2) 
PARAMETRIC_REPRESENTATION_CONTEXT() REPRESENTATION_CONTEXT('2D SPACE',''
  ) );
#7215 = PCURVE('',#2975,#7216);
#7216 = DEFINITIONAL_REPRESENTATION('',(#7217),#7221);
#7217 = LINE('',#7218,#7219);
#7218 = CARTESIAN_POINT('',(6.198691359712,-33.));
#7219 = VECTOR('',#7220,1.);
#7220 = DIRECTION('',(1.,0.));
#7221 = ( GEOMETRIC_REPRESENTATION_CONTEXT(2) 
PARAMETRIC_REPRESENTATION_CONTEXT() REPRESENTATION_CONTEXT('2D SPACE',''
  ) );
#7222 = ORIENTED_EDGE('',*,*,#2731,.F.);
#7223 = ADVANCED_FACE('',(#7224),#2975,.F.);
#7224 = FACE_BOUND('',#7225,.F.);
#7225 = EDGE_LOOP('',(#7226,#7252,#7253,#7254,#7255,#7256,#7257));
#7226 = ORIENTED_EDGE('',*,*,#7227,.F.);
#7227 = EDGE_CURVE('',#4896,#5046,#7228,.T.);
#7228 = SURFACE_CURVE('',#7229,(#7234,#7241),.PCURVE_S1.);
#7229 = CIRCLE('',#7230,6.35);
#7230 = AXIS2_PLACEMENT_3D('',#7231,#7232,#7233);
#7231 = CARTESIAN_POINT('',(-25.,0.,9.));
#7232 = DIRECTION('',(-0.,0.,-1.));
#7233 = DIRECTION('',(-0.528205034055,-0.849116860037,0.));
#7234 = PCURVE('',#2975,#7235);
#7235 = DEFINITIONAL_REPRESENTATION('',(#7236),#7240);
#7236 = LINE('',#7237,#7238);
#7237 = CARTESIAN_POINT('',(10.439089036508,-37.));
#7238 = VECTOR('',#7239,1.);
#7239 = DIRECTION('',(-1.,-0.));
#7240 = ( GEOMETRIC_REPRESENTATION_CONTEXT(2) 
PARAMETRIC_REPRESENTATION_CONTEXT() REPRESENTATION_CONTEXT('2D SPACE',''
  ) );
#7241 = PCURVE('',#5005,#7242);
#7242 = DEFINITIONAL_REPRESENTATION('',(#7243),#7251);
#7243 = ( BOUNDED_CURVE() B_SPLINE_CURVE(2,(#7244,#7245,#7246,#7247,
#7248,#7249,#7250),.UNSPECIFIED.,.T.,.F.) B_SPLINE_CURVE_WITH_KNOTS((1,2
    ,2,2,2,1),(-2.094395102393,0.,2.094395102393,4.188790204786,
6.28318530718,8.377580409573),.UNSPECIFIED.) CURVE() 
GEOMETRIC_REPRESENTATION_ITEM() RATIONAL_B_SPLINE_CURVE((1.,0.5,1.,0.5,
1.,0.5,1.)) REPRESENTATION_ITEM('') );
#7244 = CARTESIAN_POINT('',(-3.35410196625,-5.391892061234));
#7245 = CARTESIAN_POINT('',(-12.69313296523,0.417582958077));
#7246 = CARTESIAN_POINT('',(-2.992464516368,5.600683540273));
#7247 = CARTESIAN_POINT('',(6.708203932499,10.783784122468));
#7248 = CARTESIAN_POINT('',(6.346566482617,-0.208791479038));
#7249 = CARTESIAN_POINT('',(5.984929032735,-11.20136708054));
#7250 = CARTESIAN_POINT('',(-3.35410196625,-5.391892061234));
#7251 = ( GEOMETRIC_REPRESENTATION_CONTEXT(2) 
PARAMETRIC_REPRESENTATION_CONTEXT() REPRESENTATION_CONTEXT('2D SPACE',''
  ) );
#7252 = ORIENTED_EDGE('',*,*,#4895,.F.);
#7253 = ORIENTED_EDGE('',*,*,#3588,.F.);
#7254 = ORIENTED_EDGE('',*,*,#7201,.F.);
#7255 = ORIENTED_EDGE('',*,*,#2757,.F.);
#7256 = ORIENTED_EDGE('',*,*,#4816,.F.);
#7257 = ORIENTED_EDGE('',*,*,#5066,.F.);
#7258 = ADVANCED_FACE('',(#7259),#1504,.T.);
#7259 = FACE_BOUND('',#7260,.T.);
#7260 = EDGE_LOOP('',(#7261,#7262,#7263,#7264,#7286));
#7261 = ORIENTED_EDGE('',*,*,#6645,.T.);
#7262 = ORIENTED_EDGE('',*,*,#6620,.T.);
#7263 = ORIENTED_EDGE('',*,*,#2612,.F.);
#7264 = ORIENTED_EDGE('',*,*,#7265,.F.);
#7265 = EDGE_CURVE('',#1490,#2347,#7266,.T.);
#7266 = SURFACE_CURVE('',#7267,(#7272,#7279),.PCURVE_S1.);
#7267 = CIRCLE('',#7268,6.35);
#7268 = AXIS2_PLACEMENT_3D('',#7269,#7270,#7271);
#7269 = CARTESIAN_POINT('',(25.,0.,13.));
#7270 = DIRECTION('',(0.,0.,1.));
#7271 = DIRECTION('',(0.996432509606,-8.4393446435E-02,0.));
#7272 = PCURVE('',#1504,#7273);
#7273 = DEFINITIONAL_REPRESENTATION('',(#7274),#7278);
#7274 = CIRCLE('',#7275,6.35);
#7275 = AXIS2_PLACEMENT_2D('',#7276,#7277);
#7276 = CARTESIAN_POINT('',(3.552713678801E-15,-4.584934185037E-16));
#7277 = DIRECTION('',(0.996432509606,-8.4393446435E-02));
#7278 = ( GEOMETRIC_REPRESENTATION_CONTEXT(2) 
PARAMETRIC_REPRESENTATION_CONTEXT() REPRESENTATION_CONTEXT('2D SPACE',''
  ) );
#7279 = PCURVE('',#1733,#7280);
#7280 = DEFINITIONAL_REPRESENTATION('',(#7281),#7285);
#7281 = LINE('',#7282,#7283);
#7282 = CARTESIAN_POINT('',(6.198691359712,-33.));
#7283 = VECTOR('',#7284,1.);
#7284 = DIRECTION('',(1.,0.));
#7285 = ( GEOMETRIC_REPRESENTATION_CONTEXT(2) 
PARAMETRIC_REPRESENTATION_CONTEXT() REPRESENTATION_CONTEXT('2D SPACE',''
  ) );
#7286 = ORIENTED_EDGE('',*,*,#1489,.F.);
#7287 = ADVANCED_FACE('',(#7288),#1733,.F.);
#7288 = FACE_BOUND('',#7289,.F.);
#7289 = EDGE_LOOP('',(#7290,#7316,#7317,#7318,#7319,#7320,#7321));
#7290 = ORIENTED_EDGE('',*,*,#7291,.F.);
#7291 = EDGE_CURVE('',#5207,#5357,#7292,.T.);
#7292 = SURFACE_CURVE('',#7293,(#7298,#7305),.PCURVE_S1.);
#7293 = CIRCLE('',#7294,6.35);
#7294 = AXIS2_PLACEMENT_3D('',#7295,#7296,#7297);
#7295 = CARTESIAN_POINT('',(25.,0.,9.));
#7296 = DIRECTION('',(-0.,0.,-1.));
#7297 = DIRECTION('',(-0.528205034055,-0.849116860037,0.));
#7298 = PCURVE('',#1733,#7299);
#7299 = DEFINITIONAL_REPRESENTATION('',(#7300),#7304);
#7300 = LINE('',#7301,#7302);
#7301 = CARTESIAN_POINT('',(10.439089036508,-37.));
#7302 = VECTOR('',#7303,1.);
#7303 = DIRECTION('',(-1.,-0.));
#7304 = ( GEOMETRIC_REPRESENTATION_CONTEXT(2) 
PARAMETRIC_REPRESENTATION_CONTEXT() REPRESENTATION_CONTEXT('2D SPACE',''
  ) );
#7305 = PCURVE('',#5316,#7306);
#7306 = DEFINITIONAL_REPRESENTATION('',(#7307),#7315);
#7307 = ( BOUNDED_CURVE() B_SPLINE_CURVE(2,(#7308,#7309,#7310,#7311,
#7312,#7313,#7314),.UNSPECIFIED.,.T.,.F.) B_SPLINE_CURVE_WITH_KNOTS((1,2
    ,2,2,2,1),(-2.094395102393,0.,2.094395102393,4.188790204786,
6.28318530718,8.377580409573),.UNSPECIFIED.) CURVE() 
GEOMETRIC_REPRESENTATION_ITEM() RATIONAL_B_SPLINE_CURVE((1.,0.5,1.,0.5,
1.,0.5,1.)) REPRESENTATION_ITEM('') );
#7308 = CARTESIAN_POINT('',(-3.35410196625,-5.391892061234));
#7309 = CARTESIAN_POINT('',(-12.69313296523,0.417582958077));
#7310 = CARTESIAN_POINT('',(-2.992464516368,5.600683540273));
#7311 = CARTESIAN_POINT('',(6.708203932499,10.783784122468));
#7312 = CARTESIAN_POINT('',(6.346566482617,-0.208791479038));
#7313 = CARTESIAN_POINT('',(5.984929032735,-11.20136708054));
#7314 = CARTESIAN_POINT('',(-3.35410196625,-5.391892061234));
#7315 = ( GEOMETRIC_REPRESENTATION_CONTEXT(2) 
PARAMETRIC_REPRESENTATION_CONTEXT() REPRESENTATION_CONTEXT('2D SPACE',''
  ) );
#7316 = ORIENTED_EDGE('',*,*,#5206,.F.);
#7317 = ORIENTED_EDGE('',*,*,#2346,.F.);
#7318 = ORIENTED_EDGE('',*,*,#7265,.F.);
#7319 = ORIENTED_EDGE('',*,*,#1515,.F.);
#7320 = ORIENTED_EDGE('',*,*,#5127,.F.);
#7321 = ORIENTED_EDGE('',*,*,#5377,.F.);
#7322 = ADVANCED_FACE('',(#7323,#7377,#7808,#7891,#8322),#4777,.F.);
#7323 = FACE_BOUND('',#7324,.F.);
#7324 = EDGE_LOOP('',(#7325,#7326,#7349,#7376));
#7325 = ORIENTED_EDGE('',*,*,#4760,.F.);
#7326 = ORIENTED_EDGE('',*,*,#7327,.T.);
#7327 = EDGE_CURVE('',#4761,#7328,#7330,.T.);
#7328 = VERTEX_POINT('',#7329);
#7329 = CARTESIAN_POINT('',(-34.25,8.,25.));
#7330 = SEAM_CURVE('',#7331,(#7335,#7342),.PCURVE_S1.);
#7331 = LINE('',#7332,#7333);
#7332 = CARTESIAN_POINT('',(51.,8.,25.));
#7333 = VECTOR('',#7334,1.);
#7334 = DIRECTION('',(-1.,-0.,-0.));
#7335 = PCURVE('',#4777,#7336);
#7336 = DEFINITIONAL_REPRESENTATION('',(#7337),#7341);
#7337 = LINE('',#7338,#7339);
#7338 = CARTESIAN_POINT('',(6.28318530718,0.));
#7339 = VECTOR('',#7340,1.);
#7340 = DIRECTION('',(0.,-1.));
#7341 = ( GEOMETRIC_REPRESENTATION_CONTEXT(2) 
PARAMETRIC_REPRESENTATION_CONTEXT() REPRESENTATION_CONTEXT('2D SPACE',''
  ) );
#7342 = PCURVE('',#4777,#7343);
#7343 = DEFINITIONAL_REPRESENTATION('',(#7344),#7348);
#7344 = LINE('',#7345,#7346);
#7345 = CARTESIAN_POINT('',(0.,0.));
#7346 = VECTOR('',#7347,1.);
#7347 = DIRECTION('',(0.,-1.));
#7348 = ( GEOMETRIC_REPRESENTATION_CONTEXT(2) 
PARAMETRIC_REPRESENTATION_CONTEXT() REPRESENTATION_CONTEXT('2D SPACE',''
  ) );
#7349 = ORIENTED_EDGE('',*,*,#7350,.T.);
#7350 = EDGE_CURVE('',#7328,#7328,#7351,.T.);
#7351 = SURFACE_CURVE('',#7352,(#7357,#7364),.PCURVE_S1.);
#7352 = CIRCLE('',#7353,4.);
#7353 = AXIS2_PLACEMENT_3D('',#7354,#7355,#7356);
#7354 = CARTESIAN_POINT('',(-34.25,4.,25.));
#7355 = DIRECTION('',(1.,0.,0.));
#7356 = DIRECTION('',(0.,1.,0.));
#7357 = PCURVE('',#4777,#7358);
#7358 = DEFINITIONAL_REPRESENTATION('',(#7359),#7363);
#7359 = LINE('',#7360,#7361);
#7360 = CARTESIAN_POINT('',(0.,-85.25));
#7361 = VECTOR('',#7362,1.);
#7362 = DIRECTION('',(1.,0.));
#7363 = ( GEOMETRIC_REPRESENTATION_CONTEXT(2) 
PARAMETRIC_REPRESENTATION_CONTEXT() REPRESENTATION_CONTEXT('2D SPACE',''
  ) );
#7364 = PCURVE('',#7365,#7370);
#7365 = PLANE('',#7366);
#7366 = AXIS2_PLACEMENT_3D('',#7367,#7368,#7369);
#7367 = CARTESIAN_POINT('',(-34.25,4.,25.));
#7368 = DIRECTION('',(1.,0.,0.));
#7369 = DIRECTION('',(-0.,0.,1.));
#7370 = DEFINITIONAL_REPRESENTATION('',(#7371),#7375);
#7371 = CIRCLE('',#7372,4.);
#7372 = AXIS2_PLACEMENT_2D('',#7373,#7374);
#7373 = CARTESIAN_POINT('',(7.105427357601E-15,-8.881784197001E-16));
#7374 = DIRECTION('',(0.,-1.));
#7375 = ( GEOMETRIC_REPRESENTATION_CONTEXT(2) 
PARAMETRIC_REPRESENTATION_CONTEXT() REPRESENTATION_CONTEXT('2D SPACE',''
  ) );
#7376 = ORIENTED_EDGE('',*,*,#7327,.F.);
#7377 = FACE_BOUND('',#7378,.F.);
#7378 = EDGE_LOOP('',(#7379,#7400,#7401,#7422,#7477,#7512,#7531,#7532,
    #7553,#7618,#7637,#7638,#7659));
#7379 = ORIENTED_EDGE('',*,*,#7380,.T.);
#7380 = EDGE_CURVE('',#7381,#5469,#7383,.T.);
#7381 = VERTEX_POINT('',#7382);
#7382 = CARTESIAN_POINT('',(-21.52379668151,6.645751311065,28.));
#7383 = SURFACE_CURVE('',#7384,(#7388,#7394),.PCURVE_S1.);
#7384 = LINE('',#7385,#7386);
#7385 = CARTESIAN_POINT('',(51.,6.645751311065,28.));
#7386 = VECTOR('',#7387,1.);
#7387 = DIRECTION('',(1.,0.,0.));
#7388 = PCURVE('',#4777,#7389);
#7389 = DEFINITIONAL_REPRESENTATION('',(#7390),#7393);
#7390 = B_SPLINE_CURVE_WITH_KNOTS('',1,(#7391,#7392),.UNSPECIFIED.,.F.,
  .F.,(2,2),(-85.2500006,-65.5),.PIECEWISE_BEZIER_KNOTS.);
#7391 = CARTESIAN_POINT('',(0.848062078981,-85.2500006));
#7392 = CARTESIAN_POINT('',(0.848062078981,-65.5));
#7393 = ( GEOMETRIC_REPRESENTATION_CONTEXT(2) 
PARAMETRIC_REPRESENTATION_CONTEXT() REPRESENTATION_CONTEXT('2D SPACE',''
  ) );
#7394 = PCURVE('',#5613,#7395);
#7395 = DEFINITIONAL_REPRESENTATION('',(#7396),#7399);
#7396 = B_SPLINE_CURVE_WITH_KNOTS('',1,(#7397,#7398),.UNSPECIFIED.,.F.,
  .F.,(2,2),(-85.2500006,-65.5),.PIECEWISE_BEZIER_KNOTS.);
#7397 = CARTESIAN_POINT('',(-9.2500006,6.645751311065));
#7398 = CARTESIAN_POINT('',(10.5,6.645751311065));
#7399 = ( GEOMETRIC_REPRESENTATION_CONTEXT(2) 
PARAMETRIC_REPRESENTATION_CONTEXT() REPRESENTATION_CONTEXT('2D SPACE',''
  ) );
#7400 = ORIENTED_EDGE('',*,*,#5468,.T.);
#7401 = ORIENTED_EDGE('',*,*,#7402,.F.);
#7402 = EDGE_CURVE('',#7403,#5440,#7405,.T.);
#7403 = VERTEX_POINT('',#7404);
#7404 = CARTESIAN_POINT('',(-17.62327915069,1.354248688935,28.));
#7405 = SURFACE_CURVE('',#7406,(#7410,#7416),.PCURVE_S1.);
#7406 = LINE('',#7407,#7408);
#7407 = CARTESIAN_POINT('',(51.,1.354248688935,28.));
#7408 = VECTOR('',#7409,1.);
#7409 = DIRECTION('',(1.,0.,0.));
#7410 = PCURVE('',#4777,#7411);
#7411 = DEFINITIONAL_REPRESENTATION('',(#7412),#7415);
#7412 = B_SPLINE_CURVE_WITH_KNOTS('',1,(#7413,#7414),.UNSPECIFIED.,.F.,
  .F.,(2,2),(-85.2500006,-65.5),.PIECEWISE_BEZIER_KNOTS.);
#7413 = CARTESIAN_POINT('',(2.293530574608,-85.2500006));
#7414 = CARTESIAN_POINT('',(2.293530574608,-65.5));
#7415 = ( GEOMETRIC_REPRESENTATION_CONTEXT(2) 
PARAMETRIC_REPRESENTATION_CONTEXT() REPRESENTATION_CONTEXT('2D SPACE',''
  ) );
#7416 = PCURVE('',#5456,#7417);
#7417 = DEFINITIONAL_REPRESENTATION('',(#7418),#7421);
#7418 = B_SPLINE_CURVE_WITH_KNOTS('',1,(#7419,#7420),.UNSPECIFIED.,.F.,
  .F.,(2,2),(-85.2500006,-65.5),.PIECEWISE_BEZIER_KNOTS.);
#7419 = CARTESIAN_POINT('',(-9.2500006,1.354248688935));
#7420 = CARTESIAN_POINT('',(10.5,1.354248688935));
#7421 = ( GEOMETRIC_REPRESENTATION_CONTEXT(2) 
PARAMETRIC_REPRESENTATION_CONTEXT() REPRESENTATION_CONTEXT('2D SPACE',''
  ) );
#7422 = ORIENTED_EDGE('',*,*,#7423,.T.);
#7423 = EDGE_CURVE('',#7403,#7424,#7426,.T.);
#7424 = VERTEX_POINT('',#7425);
#7425 = CARTESIAN_POINT('',(-17.5,0.,25.));
#7426 = SURFACE_CURVE('',#7427,(#7440,#7456),.PCURVE_S1.);
#7427 = B_SPLINE_CURVE_WITH_KNOTS('',6,(#7428,#7429,#7430,#7431,#7432,
    #7433,#7434,#7435,#7436,#7437,#7438,#7439),.UNSPECIFIED.,.F.,.F.,(7,
    5,7),(0.,0.241711770673,1.),.UNSPECIFIED.);
#7428 = CARTESIAN_POINT('',(-17.62327927559,1.354249369272,28.0000006));
#7429 = CARTESIAN_POINT('',(-17.60264392581,1.241846723331,
    27.900870829362));
#7430 = CARTESIAN_POINT('',(-17.58518427771,1.135170640567,
    27.79780689977));
#7431 = CARTESIAN_POINT('',(-17.57047958278,1.034283078271,
    27.691244170105));
#7432 = CARTESIAN_POINT('',(-17.55814830947,0.939217847014,
    27.581606121581));
#7433 = CARTESIAN_POINT('',(-17.54784814325,0.849980610649,
    27.469304357742));
#7434 = CARTESIAN_POINT('',(-17.51238376896,0.504810310867,
    26.995327633477));
#7435 = CARTESIAN_POINT('',(-17.50246533595,0.29990177793,26.6132129794)
  );
#7436 = CARTESIAN_POINT('',(-17.50000284246,0.149151729892,
    26.217551039013));
#7437 = CARTESIAN_POINT('',(-17.49999948553,4.975974189599E-02,
    25.814247136908));
#7438 = CARTESIAN_POINT('',(-17.5,6.068781144685E-09,25.407269049841));
#7439 = CARTESIAN_POINT('',(-17.5,2.22044604925E-16,25.000000059605));
#7440 = PCURVE('',#4777,#7441);
#7441 = DEFINITIONAL_REPRESENTATION('',(#7442),#7455);
#7442 = B_SPLINE_CURVE_WITH_KNOTS('',6,(#7443,#7444,#7445,#7446,#7447,
    #7448,#7449,#7450,#7451,#7452,#7453,#7454),.UNSPECIFIED.,.F.,.F.,(7,
    5,7),(0.,0.241711770673,1.),.UNSPECIFIED.);
#7443 = CARTESIAN_POINT('',(2.29353034783,-68.62327927559));
#7444 = CARTESIAN_POINT('',(2.330997888983,-68.60264392581));
#7445 = CARTESIAN_POINT('',(2.368042363037,-68.58518427771));
#7446 = CARTESIAN_POINT('',(2.404674480118,-68.57047958278));
#7447 = CARTESIAN_POINT('',(2.440902161315,-68.55814830947));
#7448 = CARTESIAN_POINT('',(2.476730538679,-68.54784814325));
#7449 = CARTESIAN_POINT('',(2.623315938489,-68.51238376896));
#7450 = CARTESIAN_POINT('',(2.730695333719,-68.50246533595));
#7451 = CARTESIAN_POINT('',(2.835308223369,-68.50000284246));
#7452 = CARTESIAN_POINT('',(2.938030029457,-68.49999948553));
#7453 = CARTESIAN_POINT('',(3.03977539113,-68.5));
#7454 = CARTESIAN_POINT('',(3.141592638689,-68.5));
#7455 = ( GEOMETRIC_REPRESENTATION_CONTEXT(2) 
PARAMETRIC_REPRESENTATION_CONTEXT() REPRESENTATION_CONTEXT('2D SPACE',''
  ) );
#7456 = PCURVE('',#7457,#7462);
#7457 = CYLINDRICAL_SURFACE('',#7458,7.5);
#7458 = AXIS2_PLACEMENT_3D('',#7459,#7460,#7461);
#7459 = CARTESIAN_POINT('',(-25.,0.,46.));
#7460 = DIRECTION('',(0.,0.,1.));
#7461 = DIRECTION('',(1.,0.,0.));
#7462 = DEFINITIONAL_REPRESENTATION('',(#7463),#7476);
#7463 = B_SPLINE_CURVE_WITH_KNOTS('',6,(#7464,#7465,#7466,#7467,#7468,
    #7469,#7470,#7471,#7472,#7473,#7474,#7475),.UNSPECIFIED.,.F.,.F.,(7,
    5,7),(2.438336603241E-07,0.241711770673,1.),.UNSPECIFIED.);
#7464 = CARTESIAN_POINT('',(6.464747687034,-18.));
#7465 = CARTESIAN_POINT('',(6.449510225028,-18.09912969048));
#7466 = CARTESIAN_POINT('',(6.435099990332,-18.20219353022));
#7467 = CARTESIAN_POINT('',(6.421509276887,-18.30875616169));
#7468 = CARTESIAN_POINT('',(6.408729939174,-18.41839410499));
#7469 = CARTESIAN_POINT('',(6.39675339221,-18.53069575783));
#7470 = CARTESIAN_POINT('',(6.350488416452,-19.00467236652));
#7471 = CARTESIAN_POINT('',(6.323174754837,-19.3867870206));
#7472 = CARTESIAN_POINT('',(6.303070964011,-19.78244896098));
#7473 = CARTESIAN_POINT('',(6.289820279998,-20.18575286309));
#7474 = CARTESIAN_POINT('',(6.283185307989,-20.59273095015));
#7475 = CARTESIAN_POINT('',(6.28318530718,-20.99999994039));
#7476 = ( GEOMETRIC_REPRESENTATION_CONTEXT(2) 
PARAMETRIC_REPRESENTATION_CONTEXT() REPRESENTATION_CONTEXT('2D SPACE',''
  ) );
#7477 = ORIENTED_EDGE('',*,*,#7478,.T.);
#7478 = EDGE_CURVE('',#7424,#7479,#7481,.T.);
#7479 = VERTEX_POINT('',#7480);
#7480 = CARTESIAN_POINT('',(-17.5191703053,0.535898384862,23.));
#7481 = SURFACE_CURVE('',#7482,(#7490,#7501),.PCURVE_S1.);
#7482 = B_SPLINE_CURVE_WITH_KNOTS('',6,(#7483,#7484,#7485,#7486,#7487,
    #7488,#7489),.UNSPECIFIED.,.F.,.F.,(7,7),(0.,1.),
  .PIECEWISE_BEZIER_KNOTS.);
#7483 = CARTESIAN_POINT('',(-17.5,8.881784197001E-16,24.999999880791));
#7484 = CARTESIAN_POINT('',(-17.5,1.018695321746E-08,24.658182480166));
#7485 = CARTESIAN_POINT('',(-17.50000011173,3.5051957212E-02,
    24.316486599077));
#7486 = CARTESIAN_POINT('',(-17.49999976811,0.105108053071,
    23.977084209613));
#7487 = CARTESIAN_POINT('',(-17.50122825566,0.210942154452,
    23.642280861536));
#7488 = CARTESIAN_POINT('',(-17.50613713756,0.353963063457,
    23.315121094317));
#7489 = CARTESIAN_POINT('',(-17.51917033011,0.535898731272,22.9999994));
#7490 = PCURVE('',#4777,#7491);
#7491 = DEFINITIONAL_REPRESENTATION('',(#7492),#7500);
#7492 = B_SPLINE_CURVE_WITH_KNOTS('',6,(#7493,#7494,#7495,#7496,#7497,
    #7498,#7499),.UNSPECIFIED.,.F.,.F.,(7,7),(0.,1.),
  .PIECEWISE_BEZIER_KNOTS.);
#7493 = CARTESIAN_POINT('',(3.141592683392,-68.5));
#7494 = CARTESIAN_POINT('',(3.227047033548,-68.5));
#7495 = CARTESIAN_POINT('',(3.312471274236,-68.50000011173));
#7496 = CARTESIAN_POINT('',(3.398443831519,-68.49999976811));
#7497 = CARTESIAN_POINT('',(3.485513744554,-68.50122825566));
#7498 = CARTESIAN_POINT('',(3.574223795776,-68.50613713756));
#7499 = CARTESIAN_POINT('',(3.665191602393,-68.51917033011));
#7500 = ( GEOMETRIC_REPRESENTATION_CONTEXT(2) 
PARAMETRIC_REPRESENTATION_CONTEXT() REPRESENTATION_CONTEXT('2D SPACE',''
  ) );
#7501 = PCURVE('',#7457,#7502);
#7502 = DEFINITIONAL_REPRESENTATION('',(#7503),#7511);
#7503 = B_SPLINE_CURVE_WITH_KNOTS('',6,(#7504,#7505,#7506,#7507,#7508,
    #7509,#7510),.UNSPECIFIED.,.F.,.F.,(7,7),(0.,0.999999682662),
  .PIECEWISE_BEZIER_KNOTS.);
#7504 = CARTESIAN_POINT('',(6.28318530718,-21.0000001192));
#7505 = CARTESIAN_POINT('',(6.283185308538,-21.34181741136));
#7506 = CARTESIAN_POINT('',(6.287858986045,-21.68351318405));
#7507 = CARTESIAN_POINT('',(6.297199388469,-22.02291546727));
#7508 = CARTESIAN_POINT('',(6.311311552595,-22.35771871348));
#7509 = CARTESIAN_POINT('',(6.330379129873,-22.68487838658));
#7510 = CARTESIAN_POINT('',(6.354699366499,-23.));
#7511 = ( GEOMETRIC_REPRESENTATION_CONTEXT(2) 
PARAMETRIC_REPRESENTATION_CONTEXT() REPRESENTATION_CONTEXT('2D SPACE',''
  ) );
#7512 = ORIENTED_EDGE('',*,*,#7513,.F.);
#7513 = EDGE_CURVE('',#6704,#7479,#7514,.T.);
#7514 = SURFACE_CURVE('',#7515,(#7519,#7525),.PCURVE_S1.);
#7515 = LINE('',#7516,#7517);
#7516 = CARTESIAN_POINT('',(51.,0.535898384862,23.));
#7517 = VECTOR('',#7518,1.);
#7518 = DIRECTION('',(1.,0.,0.));
#7519 = PCURVE('',#4777,#7520);
#7520 = DEFINITIONAL_REPRESENTATION('',(#7521),#7524);
#7521 = B_SPLINE_CURVE_WITH_KNOTS('',1,(#7522,#7523),.UNSPECIFIED.,.F.,
  .F.,(2,2),(-85.,-67.),.PIECEWISE_BEZIER_KNOTS.);
#7522 = CARTESIAN_POINT('',(3.665191429188,-85.));
#7523 = CARTESIAN_POINT('',(3.665191429188,-67.));
#7524 = ( GEOMETRIC_REPRESENTATION_CONTEXT(2) 
PARAMETRIC_REPRESENTATION_CONTEXT() REPRESENTATION_CONTEXT('2D SPACE',''
  ) );
#7525 = PCURVE('',#6691,#7526);
#7526 = DEFINITIONAL_REPRESENTATION('',(#7527),#7530);
#7527 = B_SPLINE_CURVE_WITH_KNOTS('',1,(#7528,#7529),.UNSPECIFIED.,.F.,
  .F.,(2,2),(-85.,-67.),.PIECEWISE_BEZIER_KNOTS.);
#7528 = CARTESIAN_POINT('',(-9.,0.535898384862));
#7529 = CARTESIAN_POINT('',(9.,0.535898384862));
#7530 = ( GEOMETRIC_REPRESENTATION_CONTEXT(2) 
PARAMETRIC_REPRESENTATION_CONTEXT() REPRESENTATION_CONTEXT('2D SPACE',''
  ) );
#7531 = ORIENTED_EDGE('',*,*,#6703,.T.);
#7532 = ORIENTED_EDGE('',*,*,#7533,.F.);
#7533 = EDGE_CURVE('',#7534,#6673,#7536,.T.);
#7534 = VERTEX_POINT('',#7535);
#7535 = CARTESIAN_POINT('',(-32.4808296947,0.535898384862,23.));
#7536 = SURFACE_CURVE('',#7537,(#7541,#7547),.PCURVE_S1.);
#7537 = LINE('',#7538,#7539);
#7538 = CARTESIAN_POINT('',(51.,0.535898384862,23.));
#7539 = VECTOR('',#7540,1.);
#7540 = DIRECTION('',(1.,0.,0.));
#7541 = PCURVE('',#4777,#7542);
#7542 = DEFINITIONAL_REPRESENTATION('',(#7543),#7546);
#7543 = B_SPLINE_CURVE_WITH_KNOTS('',1,(#7544,#7545),.UNSPECIFIED.,.F.,
  .F.,(2,2),(-85.,-67.),.PIECEWISE_BEZIER_KNOTS.);
#7544 = CARTESIAN_POINT('',(3.665191429188,-85.));
#7545 = CARTESIAN_POINT('',(3.665191429188,-67.));
#7546 = ( GEOMETRIC_REPRESENTATION_CONTEXT(2) 
PARAMETRIC_REPRESENTATION_CONTEXT() REPRESENTATION_CONTEXT('2D SPACE',''
  ) );
#7547 = PCURVE('',#6691,#7548);
#7548 = DEFINITIONAL_REPRESENTATION('',(#7549),#7552);
#7549 = B_SPLINE_CURVE_WITH_KNOTS('',1,(#7550,#7551),.UNSPECIFIED.,.F.,
  .F.,(2,2),(-85.,-67.),.PIECEWISE_BEZIER_KNOTS.);
#7550 = CARTESIAN_POINT('',(-9.,0.535898384862));
#7551 = CARTESIAN_POINT('',(9.,0.535898384862));
#7552 = ( GEOMETRIC_REPRESENTATION_CONTEXT(2) 
PARAMETRIC_REPRESENTATION_CONTEXT() REPRESENTATION_CONTEXT('2D SPACE',''
  ) );
#7553 = ORIENTED_EDGE('',*,*,#7554,.F.);
#7554 = EDGE_CURVE('',#7555,#7534,#7557,.T.);
#7555 = VERTEX_POINT('',#7556);
#7556 = CARTESIAN_POINT('',(-32.3767208493,1.354248688935,28.));
#7557 = SURFACE_CURVE('',#7558,(#7576,#7597),.PCURVE_S1.);
#7558 = B_SPLINE_CURVE_WITH_KNOTS('',6,(#7559,#7560,#7561,#7562,#7563,
    #7564,#7565,#7566,#7567,#7568,#7569,#7570,#7571,#7572,#7573,#7574,
    #7575),.UNSPECIFIED.,.F.,.F.,(7,5,5,7),(0.,0.147707217021,
    0.611088225576,1.),.UNSPECIFIED.);
#7559 = CARTESIAN_POINT('',(-32.3767207244,1.354249369272,28.0000006));
#7560 = CARTESIAN_POINT('',(-32.39735607418,1.241846723308,
    27.900870829341));
#7561 = CARTESIAN_POINT('',(-32.41481572228,1.135170640569,
    27.797806899776));
#7562 = CARTESIAN_POINT('',(-32.42952041721,1.03428307829,
    27.691244170126));
#7563 = CARTESIAN_POINT('',(-32.44185169052,0.939217847022,
    27.581606121586));
#7564 = CARTESIAN_POINT('',(-32.45215185674,0.849980610633,
    27.46930435772));
#7565 = CARTESIAN_POINT('',(-32.48761623103,0.504810310869,
    26.995327633479));
#7566 = CARTESIAN_POINT('',(-32.49753466405,0.29990177793,
    26.613212979402));
#7567 = CARTESIAN_POINT('',(-32.49999715754,0.149151729891,
    26.217551039012));
#7568 = CARTESIAN_POINT('',(-32.50000051446,4.975974189573E-02,
    25.814247136906));
#7569 = CARTESIAN_POINT('',(-32.5,6.068781603909E-09,25.40726904984));
#7570 = CARTESIAN_POINT('',(-32.5,-5.093475990462E-09,24.658182629162));
#7571 = CARTESIAN_POINT('',(-32.49999988826,3.5051932772E-02,
    24.316486717474));
#7572 = CARTESIAN_POINT('',(-32.5000002322,0.105108025383,
    23.977084297194));
#7573 = CARTESIAN_POINT('',(-32.49877174519,0.210942129514,
    23.642280918581));
#7574 = CARTESIAN_POINT('',(-32.49386286357,0.353963047595,
    23.31512112179));
#7575 = CARTESIAN_POINT('',(-32.48082966988,0.535898731272,22.9999994));
#7576 = PCURVE('',#4777,#7577);
#7577 = DEFINITIONAL_REPRESENTATION('',(#7578),#7596);
#7578 = B_SPLINE_CURVE_WITH_KNOTS('',6,(#7579,#7580,#7581,#7582,#7583,
    #7584,#7585,#7586,#7587,#7588,#7589,#7590,#7591,#7592,#7593,#7594,
    #7595),.UNSPECIFIED.,.F.,.F.,(7,5,5,7),(0.,0.147707217021,
    0.611088225576,1.),.UNSPECIFIED.);
#7579 = CARTESIAN_POINT('',(2.29353034783,-83.3767207244));
#7580 = CARTESIAN_POINT('',(2.330997888991,-83.39735607418));
#7581 = CARTESIAN_POINT('',(2.368042363035,-83.41481572228));
#7582 = CARTESIAN_POINT('',(2.40467448011,-83.42952041721));
#7583 = CARTESIAN_POINT('',(2.440902161313,-83.44185169052));
#7584 = CARTESIAN_POINT('',(2.476730538686,-83.45215185674));
#7585 = CARTESIAN_POINT('',(2.623315938488,-83.48761623103));
#7586 = CARTESIAN_POINT('',(2.730695333719,-83.49753466405));
#7587 = CARTESIAN_POINT('',(2.835308223369,-83.49999715754));
#7588 = CARTESIAN_POINT('',(2.938030029457,-83.50000051446));
#7589 = CARTESIAN_POINT('',(3.03977539113,-83.5));
#7590 = CARTESIAN_POINT('',(3.227046996299,-83.5));
#7591 = CARTESIAN_POINT('',(3.312471244246,-83.49999988826));
#7592 = CARTESIAN_POINT('',(3.398443808743,-83.5000002322));
#7593 = CARTESIAN_POINT('',(3.485513729086,-83.49877174519));
#7594 = CARTESIAN_POINT('',(3.574223787845,-83.49386286357));
#7595 = CARTESIAN_POINT('',(3.665191602393,-83.48082966988));
#7596 = ( GEOMETRIC_REPRESENTATION_CONTEXT(2) 
PARAMETRIC_REPRESENTATION_CONTEXT() REPRESENTATION_CONTEXT('2D SPACE',''
  ) );
#7597 = PCURVE('',#7457,#7598);
#7598 = DEFINITIONAL_REPRESENTATION('',(#7599),#7617);
#7599 = B_SPLINE_CURVE_WITH_KNOTS('',6,(#7600,#7601,#7602,#7603,#7604,
    #7605,#7606,#7607,#7608,#7609,#7610,#7611,#7612,#7613,#7614,#7615,
    #7616),.UNSPECIFIED.,.F.,.F.,(7,5,5,7),(1.490038782697E-07,
    0.147707217021,0.611088225576,0.999999876584),.UNSPECIFIED.);
#7600 = CARTESIAN_POINT('',(2.960030273735,-18.));
#7601 = CARTESIAN_POINT('',(2.975267735745,-18.0991296905));
#7602 = CARTESIAN_POINT('',(2.989677970437,-18.20219353021));
#7603 = CARTESIAN_POINT('',(3.00326868388,-18.30875616167));
#7604 = CARTESIAN_POINT('',(3.016048021595,-18.41839410498));
#7605 = CARTESIAN_POINT('',(3.028024568562,-18.53069575785));
#7606 = CARTESIAN_POINT('',(3.074289544317,-19.00467236652));
#7607 = CARTESIAN_POINT('',(3.101603205932,-19.38678702059));
#7608 = CARTESIAN_POINT('',(3.121706996759,-19.78244896098));
#7609 = CARTESIAN_POINT('',(3.134957680771,-20.18575286309));
#7610 = CARTESIAN_POINT('',(3.141592652781,-20.59273095016));
#7611 = CARTESIAN_POINT('',(3.141592654269,-21.34181726236));
#7612 = CARTESIAN_POINT('',(3.136918977983,-21.68351306566));
#7613 = CARTESIAN_POINT('',(3.127578575992,-22.02291537969));
#7614 = CARTESIAN_POINT('',(3.113466411499,-22.35771865643));
#7615 = CARTESIAN_POINT('',(3.094398833017,-22.6848783591));
#7616 = CARTESIAN_POINT('',(3.07007859427,-23.));
#7617 = ( GEOMETRIC_REPRESENTATION_CONTEXT(2) 
PARAMETRIC_REPRESENTATION_CONTEXT() REPRESENTATION_CONTEXT('2D SPACE',''
  ) );
#7618 = ORIENTED_EDGE('',*,*,#7619,.F.);
#7619 = EDGE_CURVE('',#5626,#7555,#7620,.T.);
#7620 = SURFACE_CURVE('',#7621,(#7625,#7631),.PCURVE_S1.);
#7621 = LINE('',#7622,#7623);
#7622 = CARTESIAN_POINT('',(51.,1.354248688935,28.));
#7623 = VECTOR('',#7624,1.);
#7624 = DIRECTION('',(1.,0.,0.));
#7625 = PCURVE('',#4777,#7626);
#7626 = DEFINITIONAL_REPRESENTATION('',(#7627),#7630);
#7627 = B_SPLINE_CURVE_WITH_KNOTS('',1,(#7628,#7629),.UNSPECIFIED.,.F.,
  .F.,(2,2),(-85.2500006,-65.5),.PIECEWISE_BEZIER_KNOTS.);
#7628 = CARTESIAN_POINT('',(2.293530574608,-85.2500006));
#7629 = CARTESIAN_POINT('',(2.293530574608,-65.5));
#7630 = ( GEOMETRIC_REPRESENTATION_CONTEXT(2) 
PARAMETRIC_REPRESENTATION_CONTEXT() REPRESENTATION_CONTEXT('2D SPACE',''
  ) );
#7631 = PCURVE('',#5456,#7632);
#7632 = DEFINITIONAL_REPRESENTATION('',(#7633),#7636);
#7633 = B_SPLINE_CURVE_WITH_KNOTS('',1,(#7634,#7635),.UNSPECIFIED.,.F.,
  .F.,(2,2),(-85.2500006,-65.5),.PIECEWISE_BEZIER_KNOTS.);
#7634 = CARTESIAN_POINT('',(-9.2500006,1.354248688935));
#7635 = CARTESIAN_POINT('',(10.5,1.354248688935));
#7636 = ( GEOMETRIC_REPRESENTATION_CONTEXT(2) 
PARAMETRIC_REPRESENTATION_CONTEXT() REPRESENTATION_CONTEXT('2D SPACE',''
  ) );
#7637 = ORIENTED_EDGE('',*,*,#5625,.F.);
#7638 = ORIENTED_EDGE('',*,*,#7639,.T.);
#7639 = EDGE_CURVE('',#5597,#7640,#7642,.T.);
#7640 = VERTEX_POINT('',#7641);
#7641 = CARTESIAN_POINT('',(-28.47620331849,6.645751311065,28.));
#7642 = SURFACE_CURVE('',#7643,(#7647,#7653),.PCURVE_S1.);
#7643 = LINE('',#7644,#7645);
#7644 = CARTESIAN_POINT('',(51.,6.645751311065,28.));
#7645 = VECTOR('',#7646,1.);
#7646 = DIRECTION('',(1.,0.,0.));
#7647 = PCURVE('',#4777,#7648);
#7648 = DEFINITIONAL_REPRESENTATION('',(#7649),#7652);
#7649 = B_SPLINE_CURVE_WITH_KNOTS('',1,(#7650,#7651),.UNSPECIFIED.,.F.,
  .F.,(2,2),(-85.2500006,-65.5),.PIECEWISE_BEZIER_KNOTS.);
#7650 = CARTESIAN_POINT('',(0.848062078981,-85.2500006));
#7651 = CARTESIAN_POINT('',(0.848062078981,-65.5));
#7652 = ( GEOMETRIC_REPRESENTATION_CONTEXT(2) 
PARAMETRIC_REPRESENTATION_CONTEXT() REPRESENTATION_CONTEXT('2D SPACE',''
  ) );
#7653 = PCURVE('',#5613,#7654);
#7654 = DEFINITIONAL_REPRESENTATION('',(#7655),#7658);
#7655 = B_SPLINE_CURVE_WITH_KNOTS('',1,(#7656,#7657),.UNSPECIFIED.,.F.,
  .F.,(2,2),(-85.2500006,-65.5),.PIECEWISE_BEZIER_KNOTS.);
#7656 = CARTESIAN_POINT('',(-9.2500006,6.645751311065));
#7657 = CARTESIAN_POINT('',(10.5,6.645751311065));
#7658 = ( GEOMETRIC_REPRESENTATION_CONTEXT(2) 
PARAMETRIC_REPRESENTATION_CONTEXT() REPRESENTATION_CONTEXT('2D SPACE',''
  ) );
#7659 = ORIENTED_EDGE('',*,*,#7660,.T.);
#7660 = EDGE_CURVE('',#7640,#7381,#7661,.T.);
#7661 = SURFACE_CURVE('',#7662,(#7707,#7755),.PCURVE_S1.);
#7662 = B_SPLINE_CURVE_WITH_KNOTS('',7,(#7663,#7664,#7665,#7666,#7667,
    #7668,#7669,#7670,#7671,#7672,#7673,#7674,#7675,#7676,#7677,#7678,
    #7679,#7680,#7681,#7682,#7683,#7684,#7685,#7686,#7687,#7688,#7689,
    #7690,#7691,#7692,#7693,#7694,#7695,#7696,#7697,#7698,#7699,#7700,
    #7701,#7702,#7703,#7704,#7705,#7706),.UNSPECIFIED.,.F.,.F.,(8,6,6,6,
    6,6,6,8),(0.,6.08274261105E-02,0.32606776563,0.388579105062,
    0.499024732463,0.672408751001,0.938888370476,1.),.UNSPECIFIED.);
#7663 = CARTESIAN_POINT('',(-28.47620461914,6.645750630728,28.0000006));
#7664 = CARTESIAN_POINT('',(-28.42043324985,6.674923060199,
    27.974272947255));
#7665 = CARTESIAN_POINT('',(-28.36451049191,6.703479235331,
    27.948500479068));
#7666 = CARTESIAN_POINT('',(-28.30843486175,6.731425960006,
    27.922700588837));
#7667 = CARTESIAN_POINT('',(-28.25220445152,6.758769581042,
    27.896891058646));
#7668 = CARTESIAN_POINT('',(-28.19581692905,6.785515988194,
    27.871090059263));
#7669 = CARTESIAN_POINT('',(-28.13926953792,6.811670614157,
    27.845316150142));
#7670 = CARTESIAN_POINT('',(-27.83527103243,6.948727902366,
    27.707400906033));
#7671 = CARTESIAN_POINT('',(-27.58544218097,7.048807486372,
    27.596344165133));
#7672 = CARTESIAN_POINT('',(-27.33207215442,7.138322995305,
    27.48764911621));
#7673 = CARTESIAN_POINT('',(-27.07456639193,7.217464732103,
    27.383029817749));
#7674 = CARTESIAN_POINT('',(-26.81274184579,7.286084958903,
    27.284957287615));
#7675 = CARTESIAN_POINT('',(-26.54648606976,7.343991372004,
    27.196704543126));
#7676 = CARTESIAN_POINT('',(-26.21117174719,7.401842664237,
    27.104257381927));
#7677 = CARTESIAN_POINT('',(-26.14693352786,7.41226073789,
    27.087371278192));
#7678 = CARTESIAN_POINT('',(-26.0824276468,7.422053661387,
    27.071285789936));
#7679 = CARTESIAN_POINT('',(-26.01766607077,7.431213615011,
    27.05605362692));
#7680 = CARTESIAN_POINT('',(-25.95265592691,7.439733819477,
    27.041725540792));
#7681 = CARTESIAN_POINT('',(-25.88739950852,7.44760801893,
    27.028350137611));
#7682 = CARTESIAN_POINT('',(-25.70615902318,7.467589764868,
    26.994106866021));
#7683 = CARTESIAN_POINT('',(-25.58953372497,7.478325977134,
    26.975337000265));
#7684 = CARTESIAN_POINT('',(-25.47228307423,7.48696592199,
    26.959983430895));
#7685 = CARTESIAN_POINT('',(-25.35459169226,7.493471292816,
    26.948291638184));
#7686 = CARTESIAN_POINT('',(-25.23658703212,7.497820719456,
    26.94043047274));
#7687 = CARTESIAN_POINT('',(-25.11836238579,7.5,26.936491673104));
#7688 = CARTESIAN_POINT('',(-24.81418779017,7.5,26.936491673104));
#7689 = CARTESIAN_POINT('',(-24.62940505985,7.494629282645,
    26.946198275761));
#7690 = CARTESIAN_POINT('',(-24.44556622454,7.483994839578,
    26.965420024078));
#7691 = CARTESIAN_POINT('',(-24.26270407398,7.468164195271,
    26.993630771816));
#7692 = CARTESIAN_POINT('',(-24.08110390833,7.447201263039,
    27.029961009605));
#7693 = CARTESIAN_POINT('',(-23.90143430372,7.421270422374,
    27.073211557039));
#7694 = CARTESIAN_POINT('',(-23.45351393023,7.343991372003,
    27.196704543126));
#7695 = CARTESIAN_POINT('',(-23.1872581542,7.286084958903,
    27.284957287616));
#7696 = CARTESIAN_POINT('',(-22.92543360806,7.217464732104,
    27.383029817748));
#7697 = CARTESIAN_POINT('',(-22.66792784557,7.138322995304,
    27.487649116211));
#7698 = CARTESIAN_POINT('',(-22.41455781902,7.048807486371,
    27.596344165134));
#7699 = CARTESIAN_POINT('',(-22.16472896756,6.948727902366,
    27.707400906033));
#7700 = CARTESIAN_POINT('',(-21.86073046207,6.811670614157,
    27.845316150142));
#7701 = CARTESIAN_POINT('',(-21.80418307094,6.785515988194,
    27.871090059263));
#7702 = CARTESIAN_POINT('',(-21.74779554847,6.758769581042,
    27.896891058646));
#7703 = CARTESIAN_POINT('',(-21.69156513824,6.731425960006,
    27.922700588837));
#7704 = CARTESIAN_POINT('',(-21.63548950808,6.703479235331,
    27.948500479068));
#7705 = CARTESIAN_POINT('',(-21.57956675014,6.674923060199,
    27.974272947255));
#7706 = CARTESIAN_POINT('',(-21.52379538085,6.645750630728,28.0000006));
#7707 = PCURVE('',#4777,#7708);
#7708 = DEFINITIONAL_REPRESENTATION('',(#7709),#7754);
#7709 = B_SPLINE_CURVE_WITH_KNOTS('',7,(#7710,#7711,#7712,#7713,#7714,
    #7715,#7716,#7717,#7718,#7719,#7720,#7721,#7722,#7723,#7724,#7725,
    #7726,#7727,#7728,#7729,#7730,#7731,#7732,#7733,#7734,#7735,#7736,
    #7737,#7738,#7739,#7740,#7741,#7742,#7743,#7744,#7745,#7746,#7747,
    #7748,#7749,#7750,#7751,#7752,#7753),.UNSPECIFIED.,.F.,.F.,(8,6,6,6,
    6,6,6,8),(0.,6.08274261105E-02,0.32606776563,0.388579105062,
    0.499024732463,0.672408751001,0.938888370476,1.),.UNSPECIFIED.);
#7710 = CARTESIAN_POINT('',(0.84806230576,-79.47620461914));
#7711 = CARTESIAN_POINT('',(0.838338164548,-79.42043324985));
#7712 = CARTESIAN_POINT('',(0.828722157952,-79.36451049191));
#7713 = CARTESIAN_POINT('',(0.819214390709,-79.30843486175));
#7714 = CARTESIAN_POINT('',(0.809815259333,-79.25220445152));
#7715 = CARTESIAN_POINT('',(0.800525452119,-79.19581692905));
#7716 = CARTESIAN_POINT('',(0.791345949137,-79.13926953792));
#7717 = CARTESIAN_POINT('',(0.742736976966,-78.83527103243));
#7718 = CARTESIAN_POINT('',(0.705407130167,-78.58544218097));
#7719 = CARTESIAN_POINT('',(0.67025669263,-78.33207215442));
#7720 = CARTESIAN_POINT('',(0.637506156064,-78.07456639193));
#7721 = CARTESIAN_POINT('',(0.607604226648,-77.81274184579));
#7722 = CARTESIAN_POINT('',(0.58122177992,-77.54648606976));
#7723 = CARTESIAN_POINT('',(0.553957735802,-77.21117174719));
#7724 = CARTESIAN_POINT('',(0.548997514374,-77.14693352786));
#7725 = CARTESIAN_POINT('',(0.544289638751,-77.0824276468));
#7726 = CARTESIAN_POINT('',(0.539846185033,-77.01766607077));
#7727 = CARTESIAN_POINT('',(0.535678760226,-76.95265592691));
#7728 = CARTESIAN_POINT('',(0.531798514563,-76.88739950852));
#7729 = CARTESIAN_POINT('',(0.521886804885,-76.70615902318));
#7730 = CARTESIAN_POINT('',(0.516481144216,-76.58953372497));
#7731 = CARTESIAN_POINT('',(0.512076851899,-76.47228307423));
#7732 = CARTESIAN_POINT('',(0.50873193362,-76.35459169226));
#7733 = CARTESIAN_POINT('',(0.506485879528,-76.23658703212));
#7734 = CARTESIAN_POINT('',(0.505360510284,-76.11836238579));
#7735 = CARTESIAN_POINT('',(0.505360510284,-75.81418779017));
#7736 = CARTESIAN_POINT('',(0.508133768768,-75.62940505985));
#7737 = CARTESIAN_POINT('',(0.513625873355,-75.44556622454));
#7738 = CARTESIAN_POINT('',(0.52171268322,-75.26270407398));
#7739 = CARTESIAN_POINT('',(0.532197128628,-75.08110390833));
#7740 = CARTESIAN_POINT('',(0.544801859857,-74.90143430372));
#7741 = CARTESIAN_POINT('',(0.58122177992,-74.45351393023));
#7742 = CARTESIAN_POINT('',(0.607604226648,-74.1872581542));
#7743 = CARTESIAN_POINT('',(0.637506156063,-73.92543360806));
#7744 = CARTESIAN_POINT('',(0.67025669263,-73.66792784557));
#7745 = CARTESIAN_POINT('',(0.705407130167,-73.41455781902));
#7746 = CARTESIAN_POINT('',(0.742736976966,-73.16472896756));
#7747 = CARTESIAN_POINT('',(0.791345949137,-72.86073046207));
#7748 = CARTESIAN_POINT('',(0.800525452119,-72.80418307094));
#7749 = CARTESIAN_POINT('',(0.809815259333,-72.74779554847));
#7750 = CARTESIAN_POINT('',(0.819214390709,-72.69156513824));
#7751 = CARTESIAN_POINT('',(0.828722157952,-72.63548950808));
#7752 = CARTESIAN_POINT('',(0.838338164548,-72.57956675014));
#7753 = CARTESIAN_POINT('',(0.84806230576,-72.52379538085));
#7754 = ( GEOMETRIC_REPRESENTATION_CONTEXT(2) 
PARAMETRIC_REPRESENTATION_CONTEXT() REPRESENTATION_CONTEXT('2D SPACE',''
  ) );
#7755 = PCURVE('',#7756,#7761);
#7756 = CYLINDRICAL_SURFACE('',#7757,7.5);
#7757 = AXIS2_PLACEMENT_3D('',#7758,#7759,#7760);
#7758 = CARTESIAN_POINT('',(-25.,0.,46.));
#7759 = DIRECTION('',(0.,0.,1.));
#7760 = DIRECTION('',(1.,0.,0.));
#7761 = DEFINITIONAL_REPRESENTATION('',(#7762),#7807);
#7762 = B_SPLINE_CURVE_WITH_KNOTS('',7,(#7763,#7764,#7765,#7766,#7767,
    #7768,#7769,#7770,#7771,#7772,#7773,#7774,#7775,#7776,#7777,#7778,
    #7779,#7780,#7781,#7782,#7783,#7784,#7785,#7786,#7787,#7788,#7789,
    #7790,#7791,#7792,#7793,#7794,#7795,#7796,#7797,#7798,#7799,#7800,
    #7801,#7802,#7803,#7804,#7805,#7806),.UNSPECIFIED.,.F.,.F.,(8,6,6,6,
    6,6,6,8),(0.,6.08274261105E-02,0.32606776563,0.388579105062,
    0.499024732463,0.672408751001,0.938888370476,1.),.UNSPECIFIED.);
#7763 = CARTESIAN_POINT('',(2.052730541416,-17.9999994));
#7764 = CARTESIAN_POINT('',(2.044338506807,-18.02572705274));
#7765 = CARTESIAN_POINT('',(2.035966667967,-18.05149952093));
#7766 = CARTESIAN_POINT('',(2.027613469068,-18.07729941116));
#7767 = CARTESIAN_POINT('',(2.019277346712,-18.10310894135));
#7768 = CARTESIAN_POINT('',(2.010956729931,-18.12890994073));
#7769 = CARTESIAN_POINT('',(2.002650040187,-18.15468384985));
#7770 = CARTESIAN_POINT('',(1.958187863185,-18.29259909396));
#7771 = CARTESIAN_POINT('',(1.922336484164,-18.40365583486));
#7772 = CARTESIAN_POINT('',(1.886556253326,-18.51235088379));
#7773 = CARTESIAN_POINT('',(1.850693549188,-18.61697018225));
#7774 = CARTESIAN_POINT('',(1.814655533538,-18.71504271238));
#7775 = CARTESIAN_POINT('',(1.778358926823,-18.80329545687));
#7776 = CARTESIAN_POINT('',(1.732989829766,-18.89574261807));
#7777 = CARTESIAN_POINT('',(1.724313265812,-18.9126287218));
#7778 = CARTESIAN_POINT('',(1.715614645054,-18.92871421006));
#7779 = CARTESIAN_POINT('',(1.706894635257,-18.94394637308));
#7780 = CARTESIAN_POINT('',(1.698153220887,-18.9582744592));
#7781 = CARTESIAN_POINT('',(1.689389713518,-18.97164986238));
#7782 = CARTESIAN_POINT('',(1.665077893367,-19.00589313397));
#7783 = CARTESIAN_POINT('',(1.649464636213,-19.02466299973));
#7784 = CARTESIAN_POINT('',(1.633793011621,-19.0400165691));
#7785 = CARTESIAN_POINT('',(1.618081643677,-19.05170836181));
#7786 = CARTESIAN_POINT('',(1.602341262473,-19.05956952726));
#7787 = CARTESIAN_POINT('',(1.586577978234,-19.06350832689));
#7788 = CARTESIAN_POINT('',(1.546021365485,-19.06350832689));
#7789 = CARTESIAN_POINT('',(1.52138369698,-19.05380172423));
#7790 = CARTESIAN_POINT('',(1.49684692257,-19.03457997592));
#7791 = CARTESIAN_POINT('',(1.472392146035,-19.00636922818));
#7792 = CARTESIAN_POINT('',(1.448033762817,-18.97003899039));
#7793 = CARTESIAN_POINT('',(1.423838781578,-18.92678844296));
#7794 = CARTESIAN_POINT('',(1.363233726767,-18.80329545687));
#7795 = CARTESIAN_POINT('',(1.326937120051,-18.71504271238));
#7796 = CARTESIAN_POINT('',(1.290899104402,-18.61697018225));
#7797 = CARTESIAN_POINT('',(1.255036400263,-18.51235088378));
#7798 = CARTESIAN_POINT('',(1.219256169425,-18.40365583486));
#7799 = CARTESIAN_POINT('',(1.183404790405,-18.29259909396));
#7800 = CARTESIAN_POINT('',(1.138942613403,-18.15468384985));
#7801 = CARTESIAN_POINT('',(1.130635923659,-18.12890994073));
#7802 = CARTESIAN_POINT('',(1.122315306878,-18.10310894135));
#7803 = CARTESIAN_POINT('',(1.113979184522,-18.07729941116));
#7804 = CARTESIAN_POINT('',(1.105625985623,-18.05149952093));
#7805 = CARTESIAN_POINT('',(1.097254146782,-18.02572705274));
#7806 = CARTESIAN_POINT('',(1.088862112174,-17.9999994));
#7807 = ( GEOMETRIC_REPRESENTATION_CONTEXT(2) 
PARAMETRIC_REPRESENTATION_CONTEXT() REPRESENTATION_CONTEXT('2D SPACE',''
  ) );
#7808 = FACE_BOUND('',#7809,.F.);
#7809 = EDGE_LOOP('',(#7810,#7867));
#7810 = ORIENTED_EDGE('',*,*,#7811,.T.);
#7811 = EDGE_CURVE('',#7812,#7814,#7816,.T.);
#7812 = VERTEX_POINT('',#7813);
#7813 = CARTESIAN_POINT('',(-24.26706952655,7.464101615138,23.));
#7814 = VERTEX_POINT('',#7815);
#7815 = CARTESIAN_POINT('',(-25.73293047344,7.464101615138,23.));
#7816 = SURFACE_CURVE('',#7817,(#7830,#7846),.PCURVE_S1.);
#7817 = B_SPLINE_CURVE_WITH_KNOTS('',6,(#7818,#7819,#7820,#7821,#7822,
    #7823,#7824,#7825,#7826,#7827,#7828,#7829),.UNSPECIFIED.,.F.,.F.,(7,
    5,7),(0.,0.500000000001,1.),.UNSPECIFIED.);
#7818 = CARTESIAN_POINT('',(-24.26706599875,7.464101268728,22.9999994));
#7819 = CARTESIAN_POINT('',(-24.3878140147,7.475958064782,
    23.020535964966));
#7820 = CARTESIAN_POINT('',(-24.50944512671,7.485534942287,
    23.037460987893));
#7821 = CARTESIAN_POINT('',(-24.63165171195,7.49275369812,
    23.050411384671));
#7822 = CARTESIAN_POINT('',(-24.75423536829,7.497581689933,
    23.059137502768));
#7823 = CARTESIAN_POINT('',(-24.87705922901,7.5,23.063508326896));
#7824 = CARTESIAN_POINT('',(-25.12294077099,7.5,23.063508326896));
#7825 = CARTESIAN_POINT('',(-25.24576463171,7.497581689933,
    23.059137502768));
#7826 = CARTESIAN_POINT('',(-25.36834828805,7.49275369812,
    23.050411384671));
#7827 = CARTESIAN_POINT('',(-25.49055487328,7.485534942286,
    23.037460987893));
#7828 = CARTESIAN_POINT('',(-25.61218598529,7.475958064782,
    23.020535964966));
#7829 = CARTESIAN_POINT('',(-25.73293400124,7.464101268728,22.9999994));
#7830 = PCURVE('',#4777,#7831);
#7831 = DEFINITIONAL_REPRESENTATION('',(#7832),#7845);
#7832 = B_SPLINE_CURVE_WITH_KNOTS('',6,(#7833,#7834,#7835,#7836,#7837,
    #7838,#7839,#7840,#7841,#7842,#7843,#7844),.UNSPECIFIED.,.F.,.F.,(7,
    5,7),(0.,0.500000000001,1.),.UNSPECIFIED.);
#7833 = CARTESIAN_POINT('',(5.759586358376,-75.26706599875));
#7834 = CARTESIAN_POINT('',(5.765514754625,-75.3878140147));
#7835 = CARTESIAN_POINT('',(5.770376237671,-75.50944512671));
#7836 = CARTESIAN_POINT('',(5.774082809022,-75.63165171195));
#7837 = CARTESIAN_POINT('',(5.776575991323,-75.75423536829));
#7838 = CARTESIAN_POINT('',(5.777824796895,-75.87705922901));
#7839 = CARTESIAN_POINT('',(5.777824796895,-76.12294077099));
#7840 = CARTESIAN_POINT('',(5.776575991323,-76.24576463171));
#7841 = CARTESIAN_POINT('',(5.774082809022,-76.36834828805));
#7842 = CARTESIAN_POINT('',(5.770376237671,-76.49055487328));
#7843 = CARTESIAN_POINT('',(5.765514754625,-76.61218598529));
#7844 = CARTESIAN_POINT('',(5.759586358376,-76.73293400124));
#7845 = ( GEOMETRIC_REPRESENTATION_CONTEXT(2) 
PARAMETRIC_REPRESENTATION_CONTEXT() REPRESENTATION_CONTEXT('2D SPACE',''
  ) );
#7846 = PCURVE('',#7847,#7852);
#7847 = CYLINDRICAL_SURFACE('',#7848,7.5);
#7848 = AXIS2_PLACEMENT_3D('',#7849,#7850,#7851);
#7849 = CARTESIAN_POINT('',(-25.,0.,46.));
#7850 = DIRECTION('',(0.,0.,1.));
#7851 = DIRECTION('',(1.,0.,0.));
#7852 = DEFINITIONAL_REPRESENTATION('',(#7853),#7866);
#7853 = B_SPLINE_CURVE_WITH_KNOTS('',6,(#7854,#7855,#7856,#7857,#7858,
    #7859,#7860,#7861,#7862,#7863,#7864,#7865),.UNSPECIFIED.,.F.,.F.,(7,
    5,7),(0.,0.500000000001,1.),.UNSPECIFIED.);
#7854 = CARTESIAN_POINT('',(1.472915574747,-23.0000006));
#7855 = CARTESIAN_POINT('',(1.489092742178,-22.97946403503));
#7856 = CARTESIAN_POINT('',(1.505357384026,-22.9625390121));
#7857 = CARTESIAN_POINT('',(1.521675288519,-22.94958861532));
#7858 = CARTESIAN_POINT('',(1.538027710674,-22.94086249723));
#7859 = CARTESIAN_POINT('',(1.554404223996,-22.9364916731));
#7860 = CARTESIAN_POINT('',(1.587188429594,-22.9364916731));
#7861 = CARTESIAN_POINT('',(1.603564942916,-22.94086249723));
#7862 = CARTESIAN_POINT('',(1.619917365071,-22.94958861532));
#7863 = CARTESIAN_POINT('',(1.636235269564,-22.9625390121));
#7864 = CARTESIAN_POINT('',(1.652499911411,-22.97946403503));
#7865 = CARTESIAN_POINT('',(1.668677078843,-23.0000006));
#7866 = ( GEOMETRIC_REPRESENTATION_CONTEXT(2) 
PARAMETRIC_REPRESENTATION_CONTEXT() REPRESENTATION_CONTEXT('2D SPACE',''
  ) );
#7867 = ORIENTED_EDGE('',*,*,#7868,.T.);
#7868 = EDGE_CURVE('',#7814,#7812,#7869,.T.);
#7869 = SURFACE_CURVE('',#7870,(#7874,#7880),.PCURVE_S1.);
#7870 = LINE('',#7871,#7872);
#7871 = CARTESIAN_POINT('',(51.,7.464101615138,23.));
#7872 = VECTOR('',#7873,1.);
#7873 = DIRECTION('',(1.,0.,0.));
#7874 = PCURVE('',#4777,#7875);
#7875 = DEFINITIONAL_REPRESENTATION('',(#7876),#7879);
#7876 = B_SPLINE_CURVE_WITH_KNOTS('',1,(#7877,#7878),.UNSPECIFIED.,.F.,
  .F.,(2,2),(-85.,-67.),.PIECEWISE_BEZIER_KNOTS.);
#7877 = CARTESIAN_POINT('',(5.759586531581,-85.));
#7878 = CARTESIAN_POINT('',(5.759586531581,-67.));
#7879 = ( GEOMETRIC_REPRESENTATION_CONTEXT(2) 
PARAMETRIC_REPRESENTATION_CONTEXT() REPRESENTATION_CONTEXT('2D SPACE',''
  ) );
#7880 = PCURVE('',#7881,#7886);
#7881 = PLANE('',#7882);
#7882 = AXIS2_PLACEMENT_3D('',#7883,#7884,#7885);
#7883 = CARTESIAN_POINT('',(-25.,5.848900222367E-17,23.));
#7884 = DIRECTION('',(0.,0.,1.));
#7885 = DIRECTION('',(1.,0.,-0.));
#7886 = DEFINITIONAL_REPRESENTATION('',(#7887),#7890);
#7887 = B_SPLINE_CURVE_WITH_KNOTS('',1,(#7888,#7889),.UNSPECIFIED.,.F.,
  .F.,(2,2),(-85.,-67.),.PIECEWISE_BEZIER_KNOTS.);
#7888 = CARTESIAN_POINT('',(-9.,7.464101615138));
#7889 = CARTESIAN_POINT('',(9.,7.464101615138));
#7890 = ( GEOMETRIC_REPRESENTATION_CONTEXT(2) 
PARAMETRIC_REPRESENTATION_CONTEXT() REPRESENTATION_CONTEXT('2D SPACE',''
  ) );
#7891 = FACE_BOUND('',#7892,.F.);
#7892 = EDGE_LOOP('',(#7893,#7914,#7915,#7936,#7991,#8026,#8045,#8046,
    #8067,#8132,#8151,#8152,#8173));
#7893 = ORIENTED_EDGE('',*,*,#7894,.T.);
#7894 = EDGE_CURVE('',#7895,#5833,#7897,.T.);
#7895 = VERTEX_POINT('',#7896);
#7896 = CARTESIAN_POINT('',(28.47620331849,6.645751311065,28.));
#7897 = SURFACE_CURVE('',#7898,(#7902,#7908),.PCURVE_S1.);
#7898 = LINE('',#7899,#7900);
#7899 = CARTESIAN_POINT('',(51.,6.645751311065,28.));
#7900 = VECTOR('',#7901,1.);
#7901 = DIRECTION('',(1.,0.,0.));
#7902 = PCURVE('',#4777,#7903);
#7903 = DEFINITIONAL_REPRESENTATION('',(#7904),#7907);
#7904 = B_SPLINE_CURVE_WITH_KNOTS('',1,(#7905,#7906),.UNSPECIFIED.,.F.,
  .F.,(2,2),(-36.5,-15.5),.PIECEWISE_BEZIER_KNOTS.);
#7905 = CARTESIAN_POINT('',(0.848062078981,-36.5));
#7906 = CARTESIAN_POINT('',(0.848062078981,-15.5));
#7907 = ( GEOMETRIC_REPRESENTATION_CONTEXT(2) 
PARAMETRIC_REPRESENTATION_CONTEXT() REPRESENTATION_CONTEXT('2D SPACE',''
  ) );
#7908 = PCURVE('',#5977,#7909);
#7909 = DEFINITIONAL_REPRESENTATION('',(#7910),#7913);
#7910 = B_SPLINE_CURVE_WITH_KNOTS('',1,(#7911,#7912),.UNSPECIFIED.,.F.,
  .F.,(2,2),(-36.5,-15.5),.PIECEWISE_BEZIER_KNOTS.);
#7911 = CARTESIAN_POINT('',(-10.5,6.645751311065));
#7912 = CARTESIAN_POINT('',(10.5,6.645751311065));
#7913 = ( GEOMETRIC_REPRESENTATION_CONTEXT(2) 
PARAMETRIC_REPRESENTATION_CONTEXT() REPRESENTATION_CONTEXT('2D SPACE',''
  ) );
#7914 = ORIENTED_EDGE('',*,*,#5832,.T.);
#7915 = ORIENTED_EDGE('',*,*,#7916,.F.);
#7916 = EDGE_CURVE('',#7917,#5804,#7919,.T.);
#7917 = VERTEX_POINT('',#7918);
#7918 = CARTESIAN_POINT('',(32.376720849301,1.354248688935,28.));
#7919 = SURFACE_CURVE('',#7920,(#7924,#7930),.PCURVE_S1.);
#7920 = LINE('',#7921,#7922);
#7921 = CARTESIAN_POINT('',(51.,1.354248688935,28.));
#7922 = VECTOR('',#7923,1.);
#7923 = DIRECTION('',(1.,0.,0.));
#7924 = PCURVE('',#4777,#7925);
#7925 = DEFINITIONAL_REPRESENTATION('',(#7926),#7929);
#7926 = B_SPLINE_CURVE_WITH_KNOTS('',1,(#7927,#7928),.UNSPECIFIED.,.F.,
  .F.,(2,2),(-36.5,-15.5),.PIECEWISE_BEZIER_KNOTS.);
#7927 = CARTESIAN_POINT('',(2.293530574608,-36.5));
#7928 = CARTESIAN_POINT('',(2.293530574608,-15.5));
#7929 = ( GEOMETRIC_REPRESENTATION_CONTEXT(2) 
PARAMETRIC_REPRESENTATION_CONTEXT() REPRESENTATION_CONTEXT('2D SPACE',''
  ) );
#7930 = PCURVE('',#5820,#7931);
#7931 = DEFINITIONAL_REPRESENTATION('',(#7932),#7935);
#7932 = B_SPLINE_CURVE_WITH_KNOTS('',1,(#7933,#7934),.UNSPECIFIED.,.F.,
  .F.,(2,2),(-36.5,-15.5),.PIECEWISE_BEZIER_KNOTS.);
#7933 = CARTESIAN_POINT('',(-10.5,1.354248688935));
#7934 = CARTESIAN_POINT('',(10.5,1.354248688935));
#7935 = ( GEOMETRIC_REPRESENTATION_CONTEXT(2) 
PARAMETRIC_REPRESENTATION_CONTEXT() REPRESENTATION_CONTEXT('2D SPACE',''
  ) );
#7936 = ORIENTED_EDGE('',*,*,#7937,.T.);
#7937 = EDGE_CURVE('',#7917,#7938,#7940,.T.);
#7938 = VERTEX_POINT('',#7939);
#7939 = CARTESIAN_POINT('',(32.5,0.,25.));
#7940 = SURFACE_CURVE('',#7941,(#7954,#7970),.PCURVE_S1.);
#7941 = B_SPLINE_CURVE_WITH_KNOTS('',6,(#7942,#7943,#7944,#7945,#7946,
    #7947,#7948,#7949,#7950,#7951,#7952,#7953),.UNSPECIFIED.,.F.,.F.,(7,
    5,7),(0.,0.241711770671,1.),.UNSPECIFIED.);
#7942 = CARTESIAN_POINT('',(32.376720724402,1.354249369272,28.0000006));
#7943 = CARTESIAN_POINT('',(32.397356074182,1.24184672333,27.90087082936
    ));
#7944 = CARTESIAN_POINT('',(32.414815722281,1.135170640567,
    27.79780689977));
#7945 = CARTESIAN_POINT('',(32.429520417218,1.034283078272,
    27.691244170107));
#7946 = CARTESIAN_POINT('',(32.441851690524,0.939217847015,
    27.581606121582));
#7947 = CARTESIAN_POINT('',(32.452151856747,0.849980610648,
    27.46930435774));
#7948 = CARTESIAN_POINT('',(32.487616231037,0.504810310867,
    26.995327633476));
#7949 = CARTESIAN_POINT('',(32.49753466405,0.29990177793,26.6132129794)
  );
#7950 = CARTESIAN_POINT('',(32.49999715754,0.149151729892,
    26.217551039013));
#7951 = CARTESIAN_POINT('',(32.500000514465,4.975974189609E-02,
    25.814247136909));
#7952 = CARTESIAN_POINT('',(32.5,6.068781144688E-09,25.407269049841));
#7953 = CARTESIAN_POINT('',(32.5,2.22044604925E-16,25.000000059605));
#7954 = PCURVE('',#4777,#7955);
#7955 = DEFINITIONAL_REPRESENTATION('',(#7956),#7969);
#7956 = B_SPLINE_CURVE_WITH_KNOTS('',6,(#7957,#7958,#7959,#7960,#7961,
    #7962,#7963,#7964,#7965,#7966,#7967,#7968),.UNSPECIFIED.,.F.,.F.,(7,
    5,7),(0.,0.241711770671,1.),.UNSPECIFIED.);
#7957 = CARTESIAN_POINT('',(2.29353034783,-18.62327927559));
#7958 = CARTESIAN_POINT('',(2.330997888983,-18.60264392581));
#7959 = CARTESIAN_POINT('',(2.368042363036,-18.58518427771));
#7960 = CARTESIAN_POINT('',(2.404674480117,-18.57047958278));
#7961 = CARTESIAN_POINT('',(2.440902161315,-18.55814830947));
#7962 = CARTESIAN_POINT('',(2.47673053868,-18.54784814325));
#7963 = CARTESIAN_POINT('',(2.623315938489,-18.51238376896));
#7964 = CARTESIAN_POINT('',(2.730695333719,-18.50246533595));
#7965 = CARTESIAN_POINT('',(2.835308223369,-18.50000284246));
#7966 = CARTESIAN_POINT('',(2.938030029457,-18.49999948553));
#7967 = CARTESIAN_POINT('',(3.03977539113,-18.5));
#7968 = CARTESIAN_POINT('',(3.141592638689,-18.5));
#7969 = ( GEOMETRIC_REPRESENTATION_CONTEXT(2) 
PARAMETRIC_REPRESENTATION_CONTEXT() REPRESENTATION_CONTEXT('2D SPACE',''
  ) );
#7970 = PCURVE('',#7971,#7976);
#7971 = CYLINDRICAL_SURFACE('',#7972,7.5);
#7972 = AXIS2_PLACEMENT_3D('',#7973,#7974,#7975);
#7973 = CARTESIAN_POINT('',(25.,0.,46.));
#7974 = DIRECTION('',(0.,0.,1.));
#7975 = DIRECTION('',(1.,0.,0.));
#7976 = DEFINITIONAL_REPRESENTATION('',(#7977),#7990);
#7977 = B_SPLINE_CURVE_WITH_KNOTS('',6,(#7978,#7979,#7980,#7981,#7982,
    #7983,#7984,#7985,#7986,#7987,#7988,#7989),.UNSPECIFIED.,.F.,.F.,(7,
    5,7),(2.438336606174E-07,0.241711770671,1.),.UNSPECIFIED.);
#7978 = CARTESIAN_POINT('',(6.464747687034,-18.));
#7979 = CARTESIAN_POINT('',(6.449510225028,-18.09912969048));
#7980 = CARTESIAN_POINT('',(6.435099990332,-18.20219353022));
#7981 = CARTESIAN_POINT('',(6.421509276887,-18.30875616169));
#7982 = CARTESIAN_POINT('',(6.408729939174,-18.41839410499));
#7983 = CARTESIAN_POINT('',(6.39675339221,-18.53069575783));
#7984 = CARTESIAN_POINT('',(6.350488416452,-19.00467236652));
#7985 = CARTESIAN_POINT('',(6.323174754837,-19.3867870206));
#7986 = CARTESIAN_POINT('',(6.303070964011,-19.78244896098));
#7987 = CARTESIAN_POINT('',(6.289820279998,-20.18575286309));
#7988 = CARTESIAN_POINT('',(6.283185307989,-20.59273095015));
#7989 = CARTESIAN_POINT('',(6.28318530718,-20.99999994039));
#7990 = ( GEOMETRIC_REPRESENTATION_CONTEXT(2) 
PARAMETRIC_REPRESENTATION_CONTEXT() REPRESENTATION_CONTEXT('2D SPACE',''
  ) );
#7991 = ORIENTED_EDGE('',*,*,#7992,.T.);
#7992 = EDGE_CURVE('',#7938,#7993,#7995,.T.);
#7993 = VERTEX_POINT('',#7994);
#7994 = CARTESIAN_POINT('',(32.4808296947,0.535898384862,23.));
#7995 = SURFACE_CURVE('',#7996,(#8004,#8015),.PCURVE_S1.);
#7996 = B_SPLINE_CURVE_WITH_KNOTS('',6,(#7997,#7998,#7999,#8000,#8001,
    #8002,#8003),.UNSPECIFIED.,.F.,.F.,(7,7),(0.,1.),
  .PIECEWISE_BEZIER_KNOTS.);
#7997 = CARTESIAN_POINT('',(32.5,8.881784197001E-16,24.999999880791));
#7998 = CARTESIAN_POINT('',(32.5,1.018695321745E-08,24.658182480166));
#7999 = CARTESIAN_POINT('',(32.499999888268,3.505195721202E-02,
    24.316486599077));
#8000 = CARTESIAN_POINT('',(32.500000231882,0.105108053071,
    23.977084209613));
#8001 = CARTESIAN_POINT('',(32.498771744336,0.210942154452,
    23.642280861536));
#8002 = CARTESIAN_POINT('',(32.493862862439,0.353963063457,
    23.315121094317));
#8003 = CARTESIAN_POINT('',(32.480829669884,0.535898731272,22.9999994));
#8004 = PCURVE('',#4777,#8005);
#8005 = DEFINITIONAL_REPRESENTATION('',(#8006),#8014);
#8006 = B_SPLINE_CURVE_WITH_KNOTS('',6,(#8007,#8008,#8009,#8010,#8011,
    #8012,#8013),.UNSPECIFIED.,.F.,.F.,(7,7),(0.,1.),
  .PIECEWISE_BEZIER_KNOTS.);
#8007 = CARTESIAN_POINT('',(3.141592683392,-18.5));
#8008 = CARTESIAN_POINT('',(3.227047033548,-18.5));
#8009 = CARTESIAN_POINT('',(3.312471274236,-18.50000011173));
#8010 = CARTESIAN_POINT('',(3.398443831519,-18.49999976811));
#8011 = CARTESIAN_POINT('',(3.485513744554,-18.50122825566));
#8012 = CARTESIAN_POINT('',(3.574223795776,-18.50613713756));
#8013 = CARTESIAN_POINT('',(3.665191602393,-18.51917033011));
#8014 = ( GEOMETRIC_REPRESENTATION_CONTEXT(2) 
PARAMETRIC_REPRESENTATION_CONTEXT() REPRESENTATION_CONTEXT('2D SPACE',''
  ) );
#8015 = PCURVE('',#7971,#8016);
#8016 = DEFINITIONAL_REPRESENTATION('',(#8017),#8025);
#8017 = B_SPLINE_CURVE_WITH_KNOTS('',6,(#8018,#8019,#8020,#8021,#8022,
    #8023,#8024),.UNSPECIFIED.,.F.,.F.,(7,7),(0.,0.999999682662),
  .PIECEWISE_BEZIER_KNOTS.);
#8018 = CARTESIAN_POINT('',(6.28318530718,-21.0000001192));
#8019 = CARTESIAN_POINT('',(6.283185308538,-21.34181741136));
#8020 = CARTESIAN_POINT('',(6.287858986045,-21.68351318405));
#8021 = CARTESIAN_POINT('',(6.297199388469,-22.02291546727));
#8022 = CARTESIAN_POINT('',(6.311311552595,-22.35771871348));
#8023 = CARTESIAN_POINT('',(6.330379129873,-22.68487838658));
#8024 = CARTESIAN_POINT('',(6.354699366499,-23.));
#8025 = ( GEOMETRIC_REPRESENTATION_CONTEXT(2) 
PARAMETRIC_REPRESENTATION_CONTEXT() REPRESENTATION_CONTEXT('2D SPACE',''
  ) );
#8026 = ORIENTED_EDGE('',*,*,#8027,.F.);
#8027 = EDGE_CURVE('',#6178,#7993,#8028,.T.);
#8028 = SURFACE_CURVE('',#8029,(#8033,#8039),.PCURVE_S1.);
#8029 = LINE('',#8030,#8031);
#8030 = CARTESIAN_POINT('',(51.,0.535898384862,23.));
#8031 = VECTOR('',#8032,1.);
#8032 = DIRECTION('',(1.,0.,0.));
#8033 = PCURVE('',#4777,#8034);
#8034 = DEFINITIONAL_REPRESENTATION('',(#8035),#8038);
#8035 = B_SPLINE_CURVE_WITH_KNOTS('',1,(#8036,#8037),.UNSPECIFIED.,.F.,
  .F.,(2,2),(-35.,-17.),.PIECEWISE_BEZIER_KNOTS.);
#8036 = CARTESIAN_POINT('',(3.665191429188,-35.));
#8037 = CARTESIAN_POINT('',(3.665191429188,-17.));
#8038 = ( GEOMETRIC_REPRESENTATION_CONTEXT(2) 
PARAMETRIC_REPRESENTATION_CONTEXT() REPRESENTATION_CONTEXT('2D SPACE',''
  ) );
#8039 = PCURVE('',#6165,#8040);
#8040 = DEFINITIONAL_REPRESENTATION('',(#8041),#8044);
#8041 = B_SPLINE_CURVE_WITH_KNOTS('',1,(#8042,#8043),.UNSPECIFIED.,.F.,
  .F.,(2,2),(-35.,-17.),.PIECEWISE_BEZIER_KNOTS.);
#8042 = CARTESIAN_POINT('',(-9.,0.535898384862));
#8043 = CARTESIAN_POINT('',(9.,0.535898384862));
#8044 = ( GEOMETRIC_REPRESENTATION_CONTEXT(2) 
PARAMETRIC_REPRESENTATION_CONTEXT() REPRESENTATION_CONTEXT('2D SPACE',''
  ) );
#8045 = ORIENTED_EDGE('',*,*,#6177,.T.);
#8046 = ORIENTED_EDGE('',*,*,#8047,.F.);
#8047 = EDGE_CURVE('',#8048,#6147,#8050,.T.);
#8048 = VERTEX_POINT('',#8049);
#8049 = CARTESIAN_POINT('',(17.5191703053,0.535898384862,23.));
#8050 = SURFACE_CURVE('',#8051,(#8055,#8061),.PCURVE_S1.);
#8051 = LINE('',#8052,#8053);
#8052 = CARTESIAN_POINT('',(51.,0.535898384862,23.));
#8053 = VECTOR('',#8054,1.);
#8054 = DIRECTION('',(1.,0.,0.));
#8055 = PCURVE('',#4777,#8056);
#8056 = DEFINITIONAL_REPRESENTATION('',(#8057),#8060);
#8057 = B_SPLINE_CURVE_WITH_KNOTS('',1,(#8058,#8059),.UNSPECIFIED.,.F.,
  .F.,(2,2),(-35.,-17.),.PIECEWISE_BEZIER_KNOTS.);
#8058 = CARTESIAN_POINT('',(3.665191429188,-35.));
#8059 = CARTESIAN_POINT('',(3.665191429188,-17.));
#8060 = ( GEOMETRIC_REPRESENTATION_CONTEXT(2) 
PARAMETRIC_REPRESENTATION_CONTEXT() REPRESENTATION_CONTEXT('2D SPACE',''
  ) );
#8061 = PCURVE('',#6165,#8062);
#8062 = DEFINITIONAL_REPRESENTATION('',(#8063),#8066);
#8063 = B_SPLINE_CURVE_WITH_KNOTS('',1,(#8064,#8065),.UNSPECIFIED.,.F.,
  .F.,(2,2),(-35.,-17.),.PIECEWISE_BEZIER_KNOTS.);
#8064 = CARTESIAN_POINT('',(-9.,0.535898384862));
#8065 = CARTESIAN_POINT('',(9.,0.535898384862));
#8066 = ( GEOMETRIC_REPRESENTATION_CONTEXT(2) 
PARAMETRIC_REPRESENTATION_CONTEXT() REPRESENTATION_CONTEXT('2D SPACE',''
  ) );
#8067 = ORIENTED_EDGE('',*,*,#8068,.F.);
#8068 = EDGE_CURVE('',#8069,#8048,#8071,.T.);
#8069 = VERTEX_POINT('',#8070);
#8070 = CARTESIAN_POINT('',(17.623279150699,1.354248688935,28.));
#8071 = SURFACE_CURVE('',#8072,(#8090,#8111),.PCURVE_S1.);
#8072 = B_SPLINE_CURVE_WITH_KNOTS('',6,(#8073,#8074,#8075,#8076,#8077,
    #8078,#8079,#8080,#8081,#8082,#8083,#8084,#8085,#8086,#8087,#8088,
    #8089),.UNSPECIFIED.,.F.,.F.,(7,5,5,7),(0.,0.147707217033,
    0.611088225581,1.),.UNSPECIFIED.);
#8073 = CARTESIAN_POINT('',(17.623279275598,1.354249369272,28.0000006));
#8074 = CARTESIAN_POINT('',(17.602643925817,1.24184672332,
    27.900870829352));
#8075 = CARTESIAN_POINT('',(17.585184277718,1.135170640568,
    27.797806899773));
#8076 = CARTESIAN_POINT('',(17.570479582783,1.034283078281,
    27.691244170116));
#8077 = CARTESIAN_POINT('',(17.558148309477,0.939217847018,
    27.581606121584));
#8078 = CARTESIAN_POINT('',(17.547848143252,0.849980610641,
    27.469304357731));
#8079 = CARTESIAN_POINT('',(17.512383768964,0.50481031087,26.99532763348
    ));
#8080 = CARTESIAN_POINT('',(17.50246533595,0.29990177793,26.613212979403
    ));
#8081 = CARTESIAN_POINT('',(17.50000284246,0.14915172989,26.217551039012
    ));
#8082 = CARTESIAN_POINT('',(17.499999485535,4.975974189555E-02,
    25.814247136906));
#8083 = CARTESIAN_POINT('',(17.5,6.068781603893E-09,25.407269049838));
#8084 = CARTESIAN_POINT('',(17.5,-5.093475990462E-09,24.658182629162));
#8085 = CARTESIAN_POINT('',(17.500000111732,3.505193277198E-02,
    24.316486717474));
#8086 = CARTESIAN_POINT('',(17.499999767797,0.105108025383,
    23.977084297194));
#8087 = CARTESIAN_POINT('',(17.501228254808,0.210942129514,
    23.642280918582));
#8088 = CARTESIAN_POINT('',(17.506137136425,0.353963047595,
    23.315121121791));
#8089 = CARTESIAN_POINT('',(17.519170330116,0.535898731272,22.9999994));
#8090 = PCURVE('',#4777,#8091);
#8091 = DEFINITIONAL_REPRESENTATION('',(#8092),#8110);
#8092 = B_SPLINE_CURVE_WITH_KNOTS('',6,(#8093,#8094,#8095,#8096,#8097,
    #8098,#8099,#8100,#8101,#8102,#8103,#8104,#8105,#8106,#8107,#8108,
    #8109),.UNSPECIFIED.,.F.,.F.,(7,5,5,7),(0.,0.147707217033,
    0.611088225581,1.),.UNSPECIFIED.);
#8093 = CARTESIAN_POINT('',(2.29353034783,-33.3767207244));
#8094 = CARTESIAN_POINT('',(2.330997888987,-33.39735607418));
#8095 = CARTESIAN_POINT('',(2.368042363036,-33.41481572228));
#8096 = CARTESIAN_POINT('',(2.404674480114,-33.42952041721));
#8097 = CARTESIAN_POINT('',(2.440902161314,-33.44185169052));
#8098 = CARTESIAN_POINT('',(2.476730538683,-33.45215185674));
#8099 = CARTESIAN_POINT('',(2.623315938488,-33.48761623103));
#8100 = CARTESIAN_POINT('',(2.730695333719,-33.49753466405));
#8101 = CARTESIAN_POINT('',(2.835308223369,-33.49999715754));
#8102 = CARTESIAN_POINT('',(2.938030029458,-33.50000051446));
#8103 = CARTESIAN_POINT('',(3.03977539113,-33.5));
#8104 = CARTESIAN_POINT('',(3.227046996299,-33.5));
#8105 = CARTESIAN_POINT('',(3.312471244245,-33.49999988826));
#8106 = CARTESIAN_POINT('',(3.398443808743,-33.5000002322));
#8107 = CARTESIAN_POINT('',(3.485513729086,-33.49877174519));
#8108 = CARTESIAN_POINT('',(3.574223787845,-33.49386286357));
#8109 = CARTESIAN_POINT('',(3.665191602393,-33.48082966988));
#8110 = ( GEOMETRIC_REPRESENTATION_CONTEXT(2) 
PARAMETRIC_REPRESENTATION_CONTEXT() REPRESENTATION_CONTEXT('2D SPACE',''
  ) );
#8111 = PCURVE('',#7971,#8112);
#8112 = DEFINITIONAL_REPRESENTATION('',(#8113),#8131);
#8113 = B_SPLINE_CURVE_WITH_KNOTS('',6,(#8114,#8115,#8116,#8117,#8118,
    #8119,#8120,#8121,#8122,#8123,#8124,#8125,#8126,#8127,#8128,#8129,
    #8130),.UNSPECIFIED.,.F.,.F.,(7,5,5,7),(1.490038793536E-07,
    0.147707217033,0.611088225581,0.999999876584),.UNSPECIFIED.);
#8114 = CARTESIAN_POINT('',(2.960030273735,-18.));
#8115 = CARTESIAN_POINT('',(2.975267735743,-18.09912969049));
#8116 = CARTESIAN_POINT('',(2.989677970438,-18.20219353022));
#8117 = CARTESIAN_POINT('',(3.003268683881,-18.30875616168));
#8118 = CARTESIAN_POINT('',(3.016048021595,-18.41839410499));
#8119 = CARTESIAN_POINT('',(3.028024568561,-18.53069575784));
#8120 = CARTESIAN_POINT('',(3.074289544317,-19.00467236652));
#8121 = CARTESIAN_POINT('',(3.101603205932,-19.38678702059));
#8122 = CARTESIAN_POINT('',(3.121706996759,-19.78244896098));
#8123 = CARTESIAN_POINT('',(3.134957680771,-20.18575286309));
#8124 = CARTESIAN_POINT('',(3.141592652781,-20.59273095016));
#8125 = CARTESIAN_POINT('',(3.141592654269,-21.34181726236));
#8126 = CARTESIAN_POINT('',(3.136918977983,-21.68351306566));
#8127 = CARTESIAN_POINT('',(3.127578575992,-22.02291537969));
#8128 = CARTESIAN_POINT('',(3.113466411499,-22.35771865643));
#8129 = CARTESIAN_POINT('',(3.094398833017,-22.6848783591));
#8130 = CARTESIAN_POINT('',(3.07007859427,-23.));
#8131 = ( GEOMETRIC_REPRESENTATION_CONTEXT(2) 
PARAMETRIC_REPRESENTATION_CONTEXT() REPRESENTATION_CONTEXT('2D SPACE',''
  ) );
#8132 = ORIENTED_EDGE('',*,*,#8133,.F.);
#8133 = EDGE_CURVE('',#5990,#8069,#8134,.T.);
#8134 = SURFACE_CURVE('',#8135,(#8139,#8145),.PCURVE_S1.);
#8135 = LINE('',#8136,#8137);
#8136 = CARTESIAN_POINT('',(51.,1.354248688935,28.));
#8137 = VECTOR('',#8138,1.);
#8138 = DIRECTION('',(1.,0.,0.));
#8139 = PCURVE('',#4777,#8140);
#8140 = DEFINITIONAL_REPRESENTATION('',(#8141),#8144);
#8141 = B_SPLINE_CURVE_WITH_KNOTS('',1,(#8142,#8143),.UNSPECIFIED.,.F.,
  .F.,(2,2),(-36.5,-15.5),.PIECEWISE_BEZIER_KNOTS.);
#8142 = CARTESIAN_POINT('',(2.293530574608,-36.5));
#8143 = CARTESIAN_POINT('',(2.293530574608,-15.5));
#8144 = ( GEOMETRIC_REPRESENTATION_CONTEXT(2) 
PARAMETRIC_REPRESENTATION_CONTEXT() REPRESENTATION_CONTEXT('2D SPACE',''
  ) );
#8145 = PCURVE('',#5820,#8146);
#8146 = DEFINITIONAL_REPRESENTATION('',(#8147),#8150);
#8147 = B_SPLINE_CURVE_WITH_KNOTS('',1,(#8148,#8149),.UNSPECIFIED.,.F.,
  .F.,(2,2),(-36.5,-15.5),.PIECEWISE_BEZIER_KNOTS.);
#8148 = CARTESIAN_POINT('',(-10.5,1.354248688935));
#8149 = CARTESIAN_POINT('',(10.5,1.354248688935));
#8150 = ( GEOMETRIC_REPRESENTATION_CONTEXT(2) 
PARAMETRIC_REPRESENTATION_CONTEXT() REPRESENTATION_CONTEXT('2D SPACE',''
  ) );
#8151 = ORIENTED_EDGE('',*,*,#5989,.F.);
#8152 = ORIENTED_EDGE('',*,*,#8153,.T.);
#8153 = EDGE_CURVE('',#5961,#8154,#8156,.T.);
#8154 = VERTEX_POINT('',#8155);
#8155 = CARTESIAN_POINT('',(21.52379668151,6.645751311065,28.));
#8156 = SURFACE_CURVE('',#8157,(#8161,#8167),.PCURVE_S1.);
#8157 = LINE('',#8158,#8159);
#8158 = CARTESIAN_POINT('',(51.,6.645751311065,28.));
#8159 = VECTOR('',#8160,1.);
#8160 = DIRECTION('',(1.,0.,0.));
#8161 = PCURVE('',#4777,#8162);
#8162 = DEFINITIONAL_REPRESENTATION('',(#8163),#8166);
#8163 = B_SPLINE_CURVE_WITH_KNOTS('',1,(#8164,#8165),.UNSPECIFIED.,.F.,
  .F.,(2,2),(-36.5,-15.5),.PIECEWISE_BEZIER_KNOTS.);
#8164 = CARTESIAN_POINT('',(0.848062078981,-36.5));
#8165 = CARTESIAN_POINT('',(0.848062078981,-15.5));
#8166 = ( GEOMETRIC_REPRESENTATION_CONTEXT(2) 
PARAMETRIC_REPRESENTATION_CONTEXT() REPRESENTATION_CONTEXT('2D SPACE',''
  ) );
#8167 = PCURVE('',#5977,#8168);
#8168 = DEFINITIONAL_REPRESENTATION('',(#8169),#8172);
#8169 = B_SPLINE_CURVE_WITH_KNOTS('',1,(#8170,#8171),.UNSPECIFIED.,.F.,
  .F.,(2,2),(-36.5,-15.5),.PIECEWISE_BEZIER_KNOTS.);
#8170 = CARTESIAN_POINT('',(-10.5,6.645751311065));
#8171 = CARTESIAN_POINT('',(10.5,6.645751311065));
#8172 = ( GEOMETRIC_REPRESENTATION_CONTEXT(2) 
PARAMETRIC_REPRESENTATION_CONTEXT() REPRESENTATION_CONTEXT('2D SPACE',''
  ) );
#8173 = ORIENTED_EDGE('',*,*,#8174,.T.);
#8174 = EDGE_CURVE('',#8154,#7895,#8175,.T.);
#8175 = SURFACE_CURVE('',#8176,(#8221,#8269),.PCURVE_S1.);
#8176 = B_SPLINE_CURVE_WITH_KNOTS('',7,(#8177,#8178,#8179,#8180,#8181,
    #8182,#8183,#8184,#8185,#8186,#8187,#8188,#8189,#8190,#8191,#8192,
    #8193,#8194,#8195,#8196,#8197,#8198,#8199,#8200,#8201,#8202,#8203,
    #8204,#8205,#8206,#8207,#8208,#8209,#8210,#8211,#8212,#8213,#8214,
    #8215,#8216,#8217,#8218,#8219,#8220),.UNSPECIFIED.,.F.,.F.,(8,6,6,6,
    6,6,6,8),(0.,6.11116295243E-02,0.327591249,0.500975267539,
    0.61142089494,0.673932234371,0.93917257389,1.),.UNSPECIFIED.);
#8177 = CARTESIAN_POINT('',(21.523795380854,6.645750630728,28.0000006));
#8178 = CARTESIAN_POINT('',(21.579566750147,6.674923060199,
    27.974272947255));
#8179 = CARTESIAN_POINT('',(21.635489508086,6.703479235331,
    27.948500479068));
#8180 = CARTESIAN_POINT('',(21.691565138243,6.731425960006,
    27.922700588837));
#8181 = CARTESIAN_POINT('',(21.747795548479,6.758769581042,
    27.896891058646));
#8182 = CARTESIAN_POINT('',(21.804183070944,6.785515988194,
    27.871090059263));
#8183 = CARTESIAN_POINT('',(21.860730462076,6.811670614157,
    27.845316150142));
#8184 = CARTESIAN_POINT('',(22.164728967561,6.948727902366,
    27.707400906033));
#8185 = CARTESIAN_POINT('',(22.414557819023,7.048807486372,
    27.596344165133));
#8186 = CARTESIAN_POINT('',(22.667927845579,7.138322995305,
    27.48764911621));
#8187 = CARTESIAN_POINT('',(22.92543360806,7.217464732103,27.38302981775
    ));
#8188 = CARTESIAN_POINT('',(23.187258154207,7.286084958903,
    27.284957287615));
#8189 = CARTESIAN_POINT('',(23.453513930233,7.343991372004,
    27.196704543126));
#8190 = CARTESIAN_POINT('',(23.901434303721,7.421270422374,
    27.073211557039));
#8191 = CARTESIAN_POINT('',(24.081103908337,7.447201263039,
    27.029961009605));
#8192 = CARTESIAN_POINT('',(24.262704073989,7.468164195271,
    26.993630771816));
#8193 = CARTESIAN_POINT('',(24.445566224543,7.483994839578,
    26.965420024078));
#8194 = CARTESIAN_POINT('',(24.629405059859,7.494629282645,
    26.946198275761));
#8195 = CARTESIAN_POINT('',(24.814187790177,7.5,26.936491673104));
#8196 = CARTESIAN_POINT('',(25.118362385793,7.5,26.936491673104));
#8197 = CARTESIAN_POINT('',(25.236587032121,7.497820719456,
    26.94043047274));
#8198 = CARTESIAN_POINT('',(25.354591692268,7.493471292816,
    26.948291638184));
#8199 = CARTESIAN_POINT('',(25.472283074238,7.48696592199,
    26.959983430895));
#8200 = CARTESIAN_POINT('',(25.589533724971,7.478325977134,
    26.975337000266));
#8201 = CARTESIAN_POINT('',(25.70615902318,7.467589764868,
    26.994106866021));
#8202 = CARTESIAN_POINT('',(25.88739950852,7.44760801893,27.028350137611
    ));
#8203 = CARTESIAN_POINT('',(25.952655926919,7.439733819477,
    27.041725540792));
#8204 = CARTESIAN_POINT('',(26.017666070776,7.431213615011,
    27.05605362692));
#8205 = CARTESIAN_POINT('',(26.082427646804,7.422053661387,
    27.071285789936));
#8206 = CARTESIAN_POINT('',(26.146933527867,7.41226073789,
    27.087371278192));
#8207 = CARTESIAN_POINT('',(26.211171747195,7.401842664237,
    27.104257381927));
#8208 = CARTESIAN_POINT('',(26.546486069768,7.343991372003,
    27.196704543126));
#8209 = CARTESIAN_POINT('',(26.812741845792,7.286084958903,
    27.284957287615));
#8210 = CARTESIAN_POINT('',(27.074566391939,7.217464732103,
    27.383029817749));
#8211 = CARTESIAN_POINT('',(27.332072154423,7.138322995305,
    27.48764911621));
#8212 = CARTESIAN_POINT('',(27.585442180978,7.048807486371,
    27.596344165134));
#8213 = CARTESIAN_POINT('',(27.835271032438,6.948727902366,
    27.707400906033));
#8214 = CARTESIAN_POINT('',(28.139269537924,6.811670614157,
    27.845316150142));
#8215 = CARTESIAN_POINT('',(28.195816929056,6.785515988194,
    27.871090059263));
#8216 = CARTESIAN_POINT('',(28.252204451521,6.758769581042,
    27.896891058646));
#8217 = CARTESIAN_POINT('',(28.308434861757,6.731425960006,
    27.922700588837));
#8218 = CARTESIAN_POINT('',(28.364510491914,6.703479235331,
    27.948500479068));
#8219 = CARTESIAN_POINT('',(28.420433249853,6.674923060199,
    27.974272947255));
#8220 = CARTESIAN_POINT('',(28.476204619146,6.645750630728,28.0000006));
#8221 = PCURVE('',#4777,#8222);
#8222 = DEFINITIONAL_REPRESENTATION('',(#8223),#8268);
#8223 = B_SPLINE_CURVE_WITH_KNOTS('',7,(#8224,#8225,#8226,#8227,#8228,
    #8229,#8230,#8231,#8232,#8233,#8234,#8235,#8236,#8237,#8238,#8239,
    #8240,#8241,#8242,#8243,#8244,#8245,#8246,#8247,#8248,#8249,#8250,
    #8251,#8252,#8253,#8254,#8255,#8256,#8257,#8258,#8259,#8260,#8261,
    #8262,#8263,#8264,#8265,#8266,#8267),.UNSPECIFIED.,.F.,.F.,(8,6,6,6,
    6,6,6,8),(0.,6.11116295243E-02,0.327591249,0.500975267539,
    0.61142089494,0.673932234371,0.93917257389,1.),.UNSPECIFIED.);
#8224 = CARTESIAN_POINT('',(0.84806230576,-29.47620461914));
#8225 = CARTESIAN_POINT('',(0.838338164548,-29.42043324985));
#8226 = CARTESIAN_POINT('',(0.828722157952,-29.36451049191));
#8227 = CARTESIAN_POINT('',(0.819214390709,-29.30843486175));
#8228 = CARTESIAN_POINT('',(0.809815259333,-29.25220445152));
#8229 = CARTESIAN_POINT('',(0.800525452119,-29.19581692905));
#8230 = CARTESIAN_POINT('',(0.791345949137,-29.13926953792));
#8231 = CARTESIAN_POINT('',(0.742736976966,-28.83527103243));
#8232 = CARTESIAN_POINT('',(0.705407130167,-28.58544218097));
#8233 = CARTESIAN_POINT('',(0.67025669263,-28.33207215442));
#8234 = CARTESIAN_POINT('',(0.637506156064,-28.07456639194));
#8235 = CARTESIAN_POINT('',(0.607604226648,-27.81274184579));
#8236 = CARTESIAN_POINT('',(0.58122177992,-27.54648606976));
#8237 = CARTESIAN_POINT('',(0.544801859857,-27.09856569627));
#8238 = CARTESIAN_POINT('',(0.532197128628,-26.91889609166));
#8239 = CARTESIAN_POINT('',(0.52171268322,-26.73729592601));
#8240 = CARTESIAN_POINT('',(0.513625873355,-26.55443377545));
#8241 = CARTESIAN_POINT('',(0.508133768768,-26.37059494014));
#8242 = CARTESIAN_POINT('',(0.505360510284,-26.18581220982));
#8243 = CARTESIAN_POINT('',(0.505360510284,-25.8816376142));
#8244 = CARTESIAN_POINT('',(0.506485879528,-25.76341296787));
#8245 = CARTESIAN_POINT('',(0.50873193362,-25.64540830773));
#8246 = CARTESIAN_POINT('',(0.512076851899,-25.52771692576));
#8247 = CARTESIAN_POINT('',(0.516481144216,-25.41046627502));
#8248 = CARTESIAN_POINT('',(0.521886804884,-25.29384097682));
#8249 = CARTESIAN_POINT('',(0.531798514563,-25.11260049148));
#8250 = CARTESIAN_POINT('',(0.535678760226,-25.04734407308));
#8251 = CARTESIAN_POINT('',(0.539846185033,-24.98233392922));
#8252 = CARTESIAN_POINT('',(0.544289638751,-24.91757235319));
#8253 = CARTESIAN_POINT('',(0.548997514374,-24.85306647213));
#8254 = CARTESIAN_POINT('',(0.553957735802,-24.7888282528));
#8255 = CARTESIAN_POINT('',(0.58122177992,-24.45351393023));
#8256 = CARTESIAN_POINT('',(0.607604226648,-24.1872581542));
#8257 = CARTESIAN_POINT('',(0.637506156064,-23.92543360806));
#8258 = CARTESIAN_POINT('',(0.67025669263,-23.66792784557));
#8259 = CARTESIAN_POINT('',(0.705407130167,-23.41455781902));
#8260 = CARTESIAN_POINT('',(0.742736976966,-23.16472896756));
#8261 = CARTESIAN_POINT('',(0.791345949137,-22.86073046207));
#8262 = CARTESIAN_POINT('',(0.800525452119,-22.80418307094));
#8263 = CARTESIAN_POINT('',(0.809815259333,-22.74779554847));
#8264 = CARTESIAN_POINT('',(0.819214390709,-22.69156513824));
#8265 = CARTESIAN_POINT('',(0.828722157952,-22.63548950808));
#8266 = CARTESIAN_POINT('',(0.838338164548,-22.57956675014));
#8267 = CARTESIAN_POINT('',(0.84806230576,-22.52379538085));
#8268 = ( GEOMETRIC_REPRESENTATION_CONTEXT(2) 
PARAMETRIC_REPRESENTATION_CONTEXT() REPRESENTATION_CONTEXT('2D SPACE',''
  ) );
#8269 = PCURVE('',#8270,#8275);
#8270 = CYLINDRICAL_SURFACE('',#8271,7.5);
#8271 = AXIS2_PLACEMENT_3D('',#8272,#8273,#8274);
#8272 = CARTESIAN_POINT('',(25.,0.,46.));
#8273 = DIRECTION('',(0.,0.,1.));
#8274 = DIRECTION('',(1.,0.,0.));
#8275 = DEFINITIONAL_REPRESENTATION('',(#8276),#8321);
#8276 = B_SPLINE_CURVE_WITH_KNOTS('',7,(#8277,#8278,#8279,#8280,#8281,
    #8282,#8283,#8284,#8285,#8286,#8287,#8288,#8289,#8290,#8291,#8292,
    #8293,#8294,#8295,#8296,#8297,#8298,#8299,#8300,#8301,#8302,#8303,
    #8304,#8305,#8306,#8307,#8308,#8309,#8310,#8311,#8312,#8313,#8314,
    #8315,#8316,#8317,#8318,#8319,#8320),.UNSPECIFIED.,.F.,.F.,(8,6,6,6,
    6,6,6,8),(0.,6.11116295243E-02,0.327591249,0.500975267539,
    0.61142089494,0.673932234371,0.93917257389,1.),.UNSPECIFIED.);
#8277 = CARTESIAN_POINT('',(2.052730541416,-17.9999994));
#8278 = CARTESIAN_POINT('',(2.044338506807,-18.02572705274));
#8279 = CARTESIAN_POINT('',(2.035966667967,-18.05149952093));
#8280 = CARTESIAN_POINT('',(2.027613469068,-18.07729941116));
#8281 = CARTESIAN_POINT('',(2.019277346712,-18.10310894135));
#8282 = CARTESIAN_POINT('',(2.010956729931,-18.12890994073));
#8283 = CARTESIAN_POINT('',(2.002650040187,-18.15468384985));
#8284 = CARTESIAN_POINT('',(1.958187863184,-18.29259909396));
#8285 = CARTESIAN_POINT('',(1.922336484164,-18.40365583486));
#8286 = CARTESIAN_POINT('',(1.886556253326,-18.51235088379));
#8287 = CARTESIAN_POINT('',(1.850693549188,-18.61697018225));
#8288 = CARTESIAN_POINT('',(1.814655533538,-18.71504271238));
#8289 = CARTESIAN_POINT('',(1.778358926823,-18.80329545687));
#8290 = CARTESIAN_POINT('',(1.717753872012,-18.92678844296));
#8291 = CARTESIAN_POINT('',(1.693558890773,-18.97003899039));
#8292 = CARTESIAN_POINT('',(1.669200507555,-19.00636922818));
#8293 = CARTESIAN_POINT('',(1.64474573102,-19.03457997592));
#8294 = CARTESIAN_POINT('',(1.62020895661,-19.05380172423));
#8295 = CARTESIAN_POINT('',(1.595571288105,-19.06350832689));
#8296 = CARTESIAN_POINT('',(1.555014675356,-19.06350832689));
#8297 = CARTESIAN_POINT('',(1.539251391117,-19.05956952726));
#8298 = CARTESIAN_POINT('',(1.523511009913,-19.05170836181));
#8299 = CARTESIAN_POINT('',(1.507799641969,-19.0400165691));
#8300 = CARTESIAN_POINT('',(1.492128017377,-19.02466299973));
#8301 = CARTESIAN_POINT('',(1.476514760223,-19.00589313397));
#8302 = CARTESIAN_POINT('',(1.452202940072,-18.97164986238));
#8303 = CARTESIAN_POINT('',(1.443439432703,-18.9582744592));
#8304 = CARTESIAN_POINT('',(1.434698018333,-18.94394637308));
#8305 = CARTESIAN_POINT('',(1.425978008535,-18.92871421006));
#8306 = CARTESIAN_POINT('',(1.417279387777,-18.9126287218));
#8307 = CARTESIAN_POINT('',(1.408602823824,-18.89574261807));
#8308 = CARTESIAN_POINT('',(1.363233726767,-18.80329545687));
#8309 = CARTESIAN_POINT('',(1.326937120052,-18.71504271238));
#8310 = CARTESIAN_POINT('',(1.290899104402,-18.61697018225));
#8311 = CARTESIAN_POINT('',(1.255036400263,-18.51235088379));
#8312 = CARTESIAN_POINT('',(1.219256169425,-18.40365583486));
#8313 = CARTESIAN_POINT('',(1.183404790405,-18.29259909396));
#8314 = CARTESIAN_POINT('',(1.138942613403,-18.15468384985));
#8315 = CARTESIAN_POINT('',(1.130635923659,-18.12890994073));
#8316 = CARTESIAN_POINT('',(1.122315306878,-18.10310894135));
#8317 = CARTESIAN_POINT('',(1.113979184522,-18.07729941116));
#8318 = CARTESIAN_POINT('',(1.105625985623,-18.05149952093));
#8319 = CARTESIAN_POINT('',(1.097254146782,-18.02572705274));
#8320 = CARTESIAN_POINT('',(1.088862112174,-17.9999994));
#8321 = ( GEOMETRIC_REPRESENTATION_CONTEXT(2) 
PARAMETRIC_REPRESENTATION_CONTEXT() REPRESENTATION_CONTEXT('2D SPACE',''
  ) );
#8322 = FACE_BOUND('',#8323,.F.);
#8323 = EDGE_LOOP('',(#8324,#8381));
#8324 = ORIENTED_EDGE('',*,*,#8325,.T.);
#8325 = EDGE_CURVE('',#8326,#8328,#8330,.T.);
#8326 = VERTEX_POINT('',#8327);
#8327 = CARTESIAN_POINT('',(25.732930473441,7.464101615138,23.));
#8328 = VERTEX_POINT('',#8329);
#8329 = CARTESIAN_POINT('',(24.267069526559,7.464101615138,23.));
#8330 = SURFACE_CURVE('',#8331,(#8344,#8360),.PCURVE_S1.);
#8331 = B_SPLINE_CURVE_WITH_KNOTS('',6,(#8332,#8333,#8334,#8335,#8336,
    #8337,#8338,#8339,#8340,#8341,#8342,#8343),.UNSPECIFIED.,.F.,.F.,(7,
    5,7),(0.,0.500000000001,1.),.UNSPECIFIED.);
#8332 = CARTESIAN_POINT('',(25.732934001244,7.464101268728,22.9999994));
#8333 = CARTESIAN_POINT('',(25.61218598531,7.47595806478,23.020535964964
    ));
#8334 = CARTESIAN_POINT('',(25.490554873274,7.485534942288,
    23.037460987896));
#8335 = CARTESIAN_POINT('',(25.368348288032,7.49275369812,
    23.050411384672));
#8336 = CARTESIAN_POINT('',(25.24576463171,7.497581689932,
    23.059137502767));
#8337 = CARTESIAN_POINT('',(25.122940771014,7.5,23.063508326896));
#8338 = CARTESIAN_POINT('',(24.877059228987,7.5,23.063508326896));
#8339 = CARTESIAN_POINT('',(24.75423536829,7.497581689932,
    23.059137502767));
#8340 = CARTESIAN_POINT('',(24.631651711968,7.49275369812,
    23.050411384672));
#8341 = CARTESIAN_POINT('',(24.509445126725,7.485534942288,
    23.037460987896));
#8342 = CARTESIAN_POINT('',(24.38781401469,7.47595806478,23.020535964964
    ));
#8343 = CARTESIAN_POINT('',(24.267065998756,7.464101268728,22.9999994));
#8344 = PCURVE('',#4777,#8345);
#8345 = DEFINITIONAL_REPRESENTATION('',(#8346),#8359);
#8346 = B_SPLINE_CURVE_WITH_KNOTS('',6,(#8347,#8348,#8349,#8350,#8351,
    #8352,#8353,#8354,#8355,#8356,#8357,#8358),.UNSPECIFIED.,.F.,.F.,(7,
    5,7),(0.,0.500000000001,1.),.UNSPECIFIED.);
#8347 = CARTESIAN_POINT('',(5.759586358376,-25.26706599875));
#8348 = CARTESIAN_POINT('',(5.765514754624,-25.38781401469));
#8349 = CARTESIAN_POINT('',(5.770376237672,-25.50944512672));
#8350 = CARTESIAN_POINT('',(5.774082809022,-25.63165171196));
#8351 = CARTESIAN_POINT('',(5.776575991322,-25.75423536829));
#8352 = CARTESIAN_POINT('',(5.777824796895,-25.87705922898));
#8353 = CARTESIAN_POINT('',(5.777824796895,-26.12294077101));
#8354 = CARTESIAN_POINT('',(5.776575991322,-26.24576463171));
#8355 = CARTESIAN_POINT('',(5.774082809022,-26.36834828803));
#8356 = CARTESIAN_POINT('',(5.770376237672,-26.49055487327));
#8357 = CARTESIAN_POINT('',(5.765514754624,-26.61218598531));
#8358 = CARTESIAN_POINT('',(5.759586358376,-26.73293400124));
#8359 = ( GEOMETRIC_REPRESENTATION_CONTEXT(2) 
PARAMETRIC_REPRESENTATION_CONTEXT() REPRESENTATION_CONTEXT('2D SPACE',''
  ) );
#8360 = PCURVE('',#8361,#8366);
#8361 = CYLINDRICAL_SURFACE('',#8362,7.5);
#8362 = AXIS2_PLACEMENT_3D('',#8363,#8364,#8365);
#8363 = CARTESIAN_POINT('',(25.,0.,46.));
#8364 = DIRECTION('',(0.,0.,1.));
#8365 = DIRECTION('',(1.,0.,0.));
#8366 = DEFINITIONAL_REPRESENTATION('',(#8367),#8380);
#8367 = B_SPLINE_CURVE_WITH_KNOTS('',6,(#8368,#8369,#8370,#8371,#8372,
    #8373,#8374,#8375,#8376,#8377,#8378,#8379),.UNSPECIFIED.,.F.,.F.,(7,
    5,7),(0.,0.500000000001,1.),.UNSPECIFIED.);
#8368 = CARTESIAN_POINT('',(1.472915574747,-23.0000006));
#8369 = CARTESIAN_POINT('',(1.489092742176,-22.97946403503));
#8370 = CARTESIAN_POINT('',(1.505357384027,-22.9625390121));
#8371 = CARTESIAN_POINT('',(1.521675288522,-22.94958861532));
#8372 = CARTESIAN_POINT('',(1.538027710674,-22.94086249723));
#8373 = CARTESIAN_POINT('',(1.554404223993,-22.9364916731));
#8374 = CARTESIAN_POINT('',(1.587188429597,-22.9364916731));
#8375 = CARTESIAN_POINT('',(1.603564942916,-22.94086249723));
#8376 = CARTESIAN_POINT('',(1.619917365068,-22.94958861532));
#8377 = CARTESIAN_POINT('',(1.636235269563,-22.9625390121));
#8378 = CARTESIAN_POINT('',(1.652499911413,-22.97946403503));
#8379 = CARTESIAN_POINT('',(1.668677078843,-23.0000006));
#8380 = ( GEOMETRIC_REPRESENTATION_CONTEXT(2) 
PARAMETRIC_REPRESENTATION_CONTEXT() REPRESENTATION_CONTEXT('2D SPACE',''
  ) );
#8381 = ORIENTED_EDGE('',*,*,#8382,.T.);
#8382 = EDGE_CURVE('',#8328,#8326,#8383,.T.);
#8383 = SURFACE_CURVE('',#8384,(#8388,#8394),.PCURVE_S1.);
#8384 = LINE('',#8385,#8386);
#8385 = CARTESIAN_POINT('',(51.,7.464101615138,23.));
#8386 = VECTOR('',#8387,1.);
#8387 = DIRECTION('',(1.,0.,0.));
#8388 = PCURVE('',#4777,#8389);
#8389 = DEFINITIONAL_REPRESENTATION('',(#8390),#8393);
#8390 = B_SPLINE_CURVE_WITH_KNOTS('',1,(#8391,#8392),.UNSPECIFIED.,.F.,
  .F.,(2,2),(-35.,-17.),.PIECEWISE_BEZIER_KNOTS.);
#8391 = CARTESIAN_POINT('',(5.759586531581,-35.));
#8392 = CARTESIAN_POINT('',(5.759586531581,-17.));
#8393 = ( GEOMETRIC_REPRESENTATION_CONTEXT(2) 
PARAMETRIC_REPRESENTATION_CONTEXT() REPRESENTATION_CONTEXT('2D SPACE',''
  ) );
#8394 = PCURVE('',#8395,#8400);
#8395 = PLANE('',#8396);
#8396 = AXIS2_PLACEMENT_3D('',#8397,#8398,#8399);
#8397 = CARTESIAN_POINT('',(25.,5.848900222367E-17,23.));
#8398 = DIRECTION('',(0.,0.,1.));
#8399 = DIRECTION('',(1.,0.,-0.));
#8400 = DEFINITIONAL_REPRESENTATION('',(#8401),#8404);
#8401 = B_SPLINE_CURVE_WITH_KNOTS('',1,(#8402,#8403),.UNSPECIFIED.,.F.,
  .F.,(2,2),(-35.,-17.),.PIECEWISE_BEZIER_KNOTS.);
#8402 = CARTESIAN_POINT('',(-9.,7.464101615138));
#8403 = CARTESIAN_POINT('',(9.,7.464101615138));
#8404 = ( GEOMETRIC_REPRESENTATION_CONTEXT(2) 
PARAMETRIC_REPRESENTATION_CONTEXT() REPRESENTATION_CONTEXT('2D SPACE',''
  ) );
#8405 = ADVANCED_FACE('',(#8406),#5005,.T.);
#8406 = FACE_BOUND('',#8407,.T.);
#8407 = EDGE_LOOP('',(#8408,#8409,#8410,#8411));
#8408 = ORIENTED_EDGE('',*,*,#5045,.T.);
#8409 = ORIENTED_EDGE('',*,*,#7227,.F.);
#8410 = ORIENTED_EDGE('',*,*,#4990,.F.);
#8411 = ORIENTED_EDGE('',*,*,#8412,.T.);
#8412 = EDGE_CURVE('',#4991,#5017,#8413,.T.);
#8413 = SURFACE_CURVE('',#8414,(#8418,#8424),.PCURVE_S1.);
#8414 = LINE('',#8415,#8416);
#8415 = CARTESIAN_POINT('',(-25.,-3.552713678801E-15,9.));
#8416 = VECTOR('',#8417,1.);
#8417 = DIRECTION('',(1.,0.,0.));
#8418 = PCURVE('',#5005,#8419);
#8419 = DEFINITIONAL_REPRESENTATION('',(#8420),#8423);
#8420 = B_SPLINE_CURVE_WITH_KNOTS('',1,(#8421,#8422),.UNSPECIFIED.,.F.,
  .F.,(2,2),(-3.5,3.5),.PIECEWISE_BEZIER_KNOTS.);
#8421 = CARTESIAN_POINT('',(-3.5,-3.508841675743E-15));
#8422 = CARTESIAN_POINT('',(3.5,-3.508841675743E-15));
#8423 = ( GEOMETRIC_REPRESENTATION_CONTEXT(2) 
PARAMETRIC_REPRESENTATION_CONTEXT() REPRESENTATION_CONTEXT('2D SPACE',''
  ) );
#8424 = PCURVE('',#5033,#8425);
#8425 = DEFINITIONAL_REPRESENTATION('',(#8426),#8429);
#8426 = B_SPLINE_CURVE_WITH_KNOTS('',1,(#8427,#8428),.UNSPECIFIED.,.F.,
  .F.,(2,2),(-3.5,3.5),.PIECEWISE_BEZIER_KNOTS.);
#8427 = CARTESIAN_POINT('',(1.,-3.5));
#8428 = CARTESIAN_POINT('',(1.,3.5));
#8429 = ( GEOMETRIC_REPRESENTATION_CONTEXT(2) 
PARAMETRIC_REPRESENTATION_CONTEXT() REPRESENTATION_CONTEXT('2D SPACE',''
  ) );
#8430 = ADVANCED_FACE('',(#8431),#5033,.T.);
#8431 = FACE_BOUND('',#8432,.T.);
#8432 = EDGE_LOOP('',(#8433,#8434));
#8433 = ORIENTED_EDGE('',*,*,#8412,.F.);
#8434 = ORIENTED_EDGE('',*,*,#5016,.T.);
#8435 = ADVANCED_FACE('',(#8436),#5316,.T.);
#8436 = FACE_BOUND('',#8437,.T.);
#8437 = EDGE_LOOP('',(#8438,#8439,#8440,#8441));
#8438 = ORIENTED_EDGE('',*,*,#5356,.T.);
#8439 = ORIENTED_EDGE('',*,*,#7291,.F.);
#8440 = ORIENTED_EDGE('',*,*,#5301,.F.);
#8441 = ORIENTED_EDGE('',*,*,#8442,.T.);
#8442 = EDGE_CURVE('',#5302,#5328,#8443,.T.);
#8443 = SURFACE_CURVE('',#8444,(#8448,#8454),.PCURVE_S1.);
#8444 = LINE('',#8445,#8446);
#8445 = CARTESIAN_POINT('',(25.,-3.552713678801E-15,9.));
#8446 = VECTOR('',#8447,1.);
#8447 = DIRECTION('',(1.,0.,0.));
#8448 = PCURVE('',#5316,#8449);
#8449 = DEFINITIONAL_REPRESENTATION('',(#8450),#8453);
#8450 = B_SPLINE_CURVE_WITH_KNOTS('',1,(#8451,#8452),.UNSPECIFIED.,.F.,
  .F.,(2,2),(-3.5,3.5),.PIECEWISE_BEZIER_KNOTS.);
#8451 = CARTESIAN_POINT('',(-3.5,-3.508841675743E-15));
#8452 = CARTESIAN_POINT('',(3.5,-3.508841675743E-15));
#8453 = ( GEOMETRIC_REPRESENTATION_CONTEXT(2) 
PARAMETRIC_REPRESENTATION_CONTEXT() REPRESENTATION_CONTEXT('2D SPACE',''
  ) );
#8454 = PCURVE('',#5344,#8455);
#8455 = DEFINITIONAL_REPRESENTATION('',(#8456),#8459);
#8456 = B_SPLINE_CURVE_WITH_KNOTS('',1,(#8457,#8458),.UNSPECIFIED.,.F.,
  .F.,(2,2),(-3.5,3.5),.PIECEWISE_BEZIER_KNOTS.);
#8457 = CARTESIAN_POINT('',(1.,-3.5));
#8458 = CARTESIAN_POINT('',(1.,3.5));
#8459 = ( GEOMETRIC_REPRESENTATION_CONTEXT(2) 
PARAMETRIC_REPRESENTATION_CONTEXT() REPRESENTATION_CONTEXT('2D SPACE',''
  ) );
#8460 = ADVANCED_FACE('',(#8461),#5344,.T.);
#8461 = FACE_BOUND('',#8462,.T.);
#8462 = EDGE_LOOP('',(#8463,#8464));
#8463 = ORIENTED_EDGE('',*,*,#8442,.F.);
#8464 = ORIENTED_EDGE('',*,*,#5327,.T.);
#8465 = ADVANCED_FACE('',(#8466),#5456,.T.);
#8466 = FACE_BOUND('',#8467,.T.);
#8467 = EDGE_LOOP('',(#8468,#8469,#8470,#8471,#8497));
#8468 = ORIENTED_EDGE('',*,*,#5753,.T.);
#8469 = ORIENTED_EDGE('',*,*,#5439,.T.);
#8470 = ORIENTED_EDGE('',*,*,#7402,.F.);
#8471 = ORIENTED_EDGE('',*,*,#8472,.T.);
#8472 = EDGE_CURVE('',#7403,#7555,#8473,.T.);
#8473 = SURFACE_CURVE('',#8474,(#8479,#8490),.PCURVE_S1.);
#8474 = CIRCLE('',#8475,7.5);
#8475 = AXIS2_PLACEMENT_3D('',#8476,#8477,#8478);
#8476 = CARTESIAN_POINT('',(-25.,0.,28.));
#8477 = DIRECTION('',(0.,0.,-1.));
#8478 = DIRECTION('',(0.983562779907,0.180566491858,0.));
#8479 = PCURVE('',#5456,#8480);
#8480 = DEFINITIONAL_REPRESENTATION('',(#8481),#8489);
#8481 = ( BOUNDED_CURVE() B_SPLINE_CURVE(2,(#8482,#8483,#8484,#8485,
#8486,#8487,#8488),.UNSPECIFIED.,.T.,.F.) B_SPLINE_CURVE_WITH_KNOTS((1,2
    ,2,2,2,1),(-2.094395102393,0.,2.094395102393,4.188790204786,
6.28318530718,8.377580409573),.UNSPECIFIED.) CURVE() 
GEOMETRIC_REPRESENTATION_ITEM() RATIONAL_B_SPLINE_CURVE((1.,0.5,1.,0.5,
1.,0.5,1.)) REPRESENTATION_ITEM('') );
#8482 = CARTESIAN_POINT('',(7.376720849301,1.354248688935));
#8483 = CARTESIAN_POINT('',(9.722348384621,-11.4226066153));
#8484 = CARTESIAN_POINT('',(-2.515546656991,-7.065551996589));
#8485 = CARTESIAN_POINT('',(-14.7534416986,-2.708497377871));
#8486 = CARTESIAN_POINT('',(-4.86117419231,5.711303307654));
#8487 = CARTESIAN_POINT('',(5.031093313982,14.131103993178));
#8488 = CARTESIAN_POINT('',(7.376720849301,1.354248688935));
#8489 = ( GEOMETRIC_REPRESENTATION_CONTEXT(2) 
PARAMETRIC_REPRESENTATION_CONTEXT() REPRESENTATION_CONTEXT('2D SPACE',''
  ) );
#8490 = PCURVE('',#7457,#8491);
#8491 = DEFINITIONAL_REPRESENTATION('',(#8492),#8496);
#8492 = LINE('',#8493,#8494);
#8493 = CARTESIAN_POINT('',(6.464747687034,-18.));
#8494 = VECTOR('',#8495,1.);
#8495 = DIRECTION('',(-1.,-0.));
#8496 = ( GEOMETRIC_REPRESENTATION_CONTEXT(2) 
PARAMETRIC_REPRESENTATION_CONTEXT() REPRESENTATION_CONTEXT('2D SPACE',''
  ) );
#8497 = ORIENTED_EDGE('',*,*,#7619,.F.);
#8498 = ADVANCED_FACE('',(#8499),#5613,.T.);
#8499 = FACE_BOUND('',#8500,.T.);
#8500 = EDGE_LOOP('',(#8501,#8502,#8503,#8504));
#8501 = ORIENTED_EDGE('',*,*,#7380,.T.);
#8502 = ORIENTED_EDGE('',*,*,#5596,.T.);
#8503 = ORIENTED_EDGE('',*,*,#7639,.T.);
#8504 = ORIENTED_EDGE('',*,*,#8505,.F.);
#8505 = EDGE_CURVE('',#7381,#7640,#8506,.T.);
#8506 = SURFACE_CURVE('',#8507,(#8512,#8519),.PCURVE_S1.);
#8507 = CIRCLE('',#8508,7.5);
#8508 = AXIS2_PLACEMENT_3D('',#8509,#8510,#8511);
#8509 = CARTESIAN_POINT('',(-25.,0.,28.));
#8510 = DIRECTION('',(0.,0.,1.));
#8511 = DIRECTION('',(1.,0.,-0.));
#8512 = PCURVE('',#5613,#8513);
#8513 = DEFINITIONAL_REPRESENTATION('',(#8514),#8518);
#8514 = CIRCLE('',#8515,7.5);
#8515 = AXIS2_PLACEMENT_2D('',#8516,#8517);
#8516 = CARTESIAN_POINT('',(3.552713678801E-15,-5.8048458399E-16));
#8517 = DIRECTION('',(1.,0.));
#8518 = ( GEOMETRIC_REPRESENTATION_CONTEXT(2) 
PARAMETRIC_REPRESENTATION_CONTEXT() REPRESENTATION_CONTEXT('2D SPACE',''
  ) );
#8519 = PCURVE('',#7756,#8520);
#8520 = DEFINITIONAL_REPRESENTATION('',(#8521),#8525);
#8521 = LINE('',#8522,#8523);
#8522 = CARTESIAN_POINT('',(0.,-18.));
#8523 = VECTOR('',#8524,1.);
#8524 = DIRECTION('',(1.,0.));
#8525 = ( GEOMETRIC_REPRESENTATION_CONTEXT(2) 
PARAMETRIC_REPRESENTATION_CONTEXT() REPRESENTATION_CONTEXT('2D SPACE',''
  ) );
#8526 = ADVANCED_FACE('',(#8527),#5820,.T.);
#8527 = FACE_BOUND('',#8528,.T.);
#8528 = EDGE_LOOP('',(#8529,#8530,#8531,#8532,#8558));
#8529 = ORIENTED_EDGE('',*,*,#6117,.T.);
#8530 = ORIENTED_EDGE('',*,*,#5803,.T.);
#8531 = ORIENTED_EDGE('',*,*,#7916,.F.);
#8532 = ORIENTED_EDGE('',*,*,#8533,.T.);
#8533 = EDGE_CURVE('',#7917,#8069,#8534,.T.);
#8534 = SURFACE_CURVE('',#8535,(#8540,#8551),.PCURVE_S1.);
#8535 = CIRCLE('',#8536,7.5);
#8536 = AXIS2_PLACEMENT_3D('',#8537,#8538,#8539);
#8537 = CARTESIAN_POINT('',(25.,0.,28.));
#8538 = DIRECTION('',(0.,0.,-1.));
#8539 = DIRECTION('',(0.983562779907,0.180566491858,0.));
#8540 = PCURVE('',#5820,#8541);
#8541 = DEFINITIONAL_REPRESENTATION('',(#8542),#8550);
#8542 = ( BOUNDED_CURVE() B_SPLINE_CURVE(2,(#8543,#8544,#8545,#8546,
#8547,#8548,#8549),.UNSPECIFIED.,.T.,.F.) B_SPLINE_CURVE_WITH_KNOTS((1,2
    ,2,2,2,1),(-2.094395102393,0.,2.094395102393,4.188790204786,
6.28318530718,8.377580409573),.UNSPECIFIED.) CURVE() 
GEOMETRIC_REPRESENTATION_ITEM() RATIONAL_B_SPLINE_CURVE((1.,0.5,1.,0.5,
1.,0.5,1.)) REPRESENTATION_ITEM('') );
#8543 = CARTESIAN_POINT('',(7.376720849301,1.354248688935));
#8544 = CARTESIAN_POINT('',(9.722348384621,-11.4226066153));
#8545 = CARTESIAN_POINT('',(-2.515546656991,-7.065551996589));
#8546 = CARTESIAN_POINT('',(-14.7534416986,-2.708497377871));
#8547 = CARTESIAN_POINT('',(-4.86117419231,5.711303307654));
#8548 = CARTESIAN_POINT('',(5.031093313982,14.131103993178));
#8549 = CARTESIAN_POINT('',(7.376720849301,1.354248688935));
#8550 = ( GEOMETRIC_REPRESENTATION_CONTEXT(2) 
PARAMETRIC_REPRESENTATION_CONTEXT() REPRESENTATION_CONTEXT('2D SPACE',''
  ) );
#8551 = PCURVE('',#7971,#8552);
#8552 = DEFINITIONAL_REPRESENTATION('',(#8553),#8557);
#8553 = LINE('',#8554,#8555);
#8554 = CARTESIAN_POINT('',(6.464747687034,-18.));
#8555 = VECTOR('',#8556,1.);
#8556 = DIRECTION('',(-1.,-0.));
#8557 = ( GEOMETRIC_REPRESENTATION_CONTEXT(2) 
PARAMETRIC_REPRESENTATION_CONTEXT() REPRESENTATION_CONTEXT('2D SPACE',''
  ) );
#8558 = ORIENTED_EDGE('',*,*,#8133,.F.);
#8559 = ADVANCED_FACE('',(#8560),#5977,.T.);
#8560 = FACE_BOUND('',#8561,.T.);
#8561 = EDGE_LOOP('',(#8562,#8563,#8564,#8565));
#8562 = ORIENTED_EDGE('',*,*,#7894,.T.);
#8563 = ORIENTED_EDGE('',*,*,#5960,.T.);
#8564 = ORIENTED_EDGE('',*,*,#8153,.T.);
#8565 = ORIENTED_EDGE('',*,*,#8566,.F.);
#8566 = EDGE_CURVE('',#7895,#8154,#8567,.T.);
#8567 = SURFACE_CURVE('',#8568,(#8573,#8580),.PCURVE_S1.);
#8568 = CIRCLE('',#8569,7.5);
#8569 = AXIS2_PLACEMENT_3D('',#8570,#8571,#8572);
#8570 = CARTESIAN_POINT('',(25.,0.,28.));
#8571 = DIRECTION('',(0.,0.,1.));
#8572 = DIRECTION('',(1.,0.,-0.));
#8573 = PCURVE('',#5977,#8574);
#8574 = DEFINITIONAL_REPRESENTATION('',(#8575),#8579);
#8575 = CIRCLE('',#8576,7.5);
#8576 = AXIS2_PLACEMENT_2D('',#8577,#8578);
#8577 = CARTESIAN_POINT('',(-3.552713678801E-15,-5.8048458399E-16));
#8578 = DIRECTION('',(1.,0.));
#8579 = ( GEOMETRIC_REPRESENTATION_CONTEXT(2) 
PARAMETRIC_REPRESENTATION_CONTEXT() REPRESENTATION_CONTEXT('2D SPACE',''
  ) );
#8580 = PCURVE('',#8270,#8581);
#8581 = DEFINITIONAL_REPRESENTATION('',(#8582),#8586);
#8582 = LINE('',#8583,#8584);
#8583 = CARTESIAN_POINT('',(0.,-18.));
#8584 = VECTOR('',#8585,1.);
#8585 = DIRECTION('',(1.,0.));
#8586 = ( GEOMETRIC_REPRESENTATION_CONTEXT(2) 
PARAMETRIC_REPRESENTATION_CONTEXT() REPRESENTATION_CONTEXT('2D SPACE',''
  ) );
#8587 = ADVANCED_FACE('',(#8588),#6165,.T.);
#8588 = FACE_BOUND('',#8589,.T.);
#8589 = EDGE_LOOP('',(#8590,#8591,#8617,#8618,#8619));
#8590 = ORIENTED_EDGE('',*,*,#8047,.F.);
#8591 = ORIENTED_EDGE('',*,*,#8592,.F.);
#8592 = EDGE_CURVE('',#7993,#8048,#8593,.T.);
#8593 = SURFACE_CURVE('',#8594,(#8599,#8610),.PCURVE_S1.);
#8594 = CIRCLE('',#8595,7.5);
#8595 = AXIS2_PLACEMENT_3D('',#8596,#8597,#8598);
#8596 = CARTESIAN_POINT('',(25.,0.,23.));
#8597 = DIRECTION('',(0.,0.,-1.));
#8598 = DIRECTION('',(0.997443959293,7.145311798163E-02,0.));
#8599 = PCURVE('',#6165,#8600);
#8600 = DEFINITIONAL_REPRESENTATION('',(#8601),#8609);
#8601 = ( BOUNDED_CURVE() B_SPLINE_CURVE(2,(#8602,#8603,#8604,#8605,
#8606,#8607,#8608),.UNSPECIFIED.,.T.,.F.) B_SPLINE_CURVE_WITH_KNOTS((1,2
    ,2,2,2,1),(-2.094395102393,0.,2.094395102393,4.188790204786,
6.28318530718,8.377580409573),.UNSPECIFIED.) CURVE() 
GEOMETRIC_REPRESENTATION_ITEM() RATIONAL_B_SPLINE_CURVE((1.,0.5,1.,0.5,
1.,0.5,1.)) REPRESENTATION_ITEM('') );
#8602 = CARTESIAN_POINT('',(7.4808296947,0.535898384862));
#8603 = CARTESIAN_POINT('',(8.409032924975,-12.42127872912));
#8604 = CARTESIAN_POINT('',(-3.276313232212,-6.746537749426));
#8605 = CARTESIAN_POINT('',(-14.9616593894,-1.071796769724));
#8606 = CARTESIAN_POINT('',(-4.204516462488,6.210639364564));
#8607 = CARTESIAN_POINT('',(6.552626464424,13.493075498852));
#8608 = CARTESIAN_POINT('',(7.4808296947,0.535898384862));
#8609 = ( GEOMETRIC_REPRESENTATION_CONTEXT(2) 
PARAMETRIC_REPRESENTATION_CONTEXT() REPRESENTATION_CONTEXT('2D SPACE',''
  ) );
#8610 = PCURVE('',#7971,#8611);
#8611 = DEFINITIONAL_REPRESENTATION('',(#8612),#8616);
#8612 = LINE('',#8613,#8614);
#8613 = CARTESIAN_POINT('',(6.354699366499,-23.));
#8614 = VECTOR('',#8615,1.);
#8615 = DIRECTION('',(-1.,-0.));
#8616 = ( GEOMETRIC_REPRESENTATION_CONTEXT(2) 
PARAMETRIC_REPRESENTATION_CONTEXT() REPRESENTATION_CONTEXT('2D SPACE',''
  ) );
#8617 = ORIENTED_EDGE('',*,*,#8027,.F.);
#8618 = ORIENTED_EDGE('',*,*,#6554,.F.);
#8619 = ORIENTED_EDGE('',*,*,#6146,.F.);
#8620 = ADVANCED_FACE('',(#8621),#6691,.T.);
#8621 = FACE_BOUND('',#8622,.T.);
#8622 = EDGE_LOOP('',(#8623,#8624,#8650,#8651,#8652));
#8623 = ORIENTED_EDGE('',*,*,#7533,.F.);
#8624 = ORIENTED_EDGE('',*,*,#8625,.F.);
#8625 = EDGE_CURVE('',#7479,#7534,#8626,.T.);
#8626 = SURFACE_CURVE('',#8627,(#8632,#8643),.PCURVE_S1.);
#8627 = CIRCLE('',#8628,7.5);
#8628 = AXIS2_PLACEMENT_3D('',#8629,#8630,#8631);
#8629 = CARTESIAN_POINT('',(-25.,0.,23.));
#8630 = DIRECTION('',(0.,0.,-1.));
#8631 = DIRECTION('',(0.997443959293,7.145311798163E-02,0.));
#8632 = PCURVE('',#6691,#8633);
#8633 = DEFINITIONAL_REPRESENTATION('',(#8634),#8642);
#8634 = ( BOUNDED_CURVE() B_SPLINE_CURVE(2,(#8635,#8636,#8637,#8638,
#8639,#8640,#8641),.UNSPECIFIED.,.T.,.F.) B_SPLINE_CURVE_WITH_KNOTS((1,2
    ,2,2,2,1),(-2.094395102393,0.,2.094395102393,4.188790204786,
6.28318530718,8.377580409573),.UNSPECIFIED.) CURVE() 
GEOMETRIC_REPRESENTATION_ITEM() RATIONAL_B_SPLINE_CURVE((1.,0.5,1.,0.5,
1.,0.5,1.)) REPRESENTATION_ITEM('') );
#8635 = CARTESIAN_POINT('',(7.4808296947,0.535898384862));
#8636 = CARTESIAN_POINT('',(8.409032924975,-12.42127872912));
#8637 = CARTESIAN_POINT('',(-3.276313232212,-6.746537749426));
#8638 = CARTESIAN_POINT('',(-14.9616593894,-1.071796769724));
#8639 = CARTESIAN_POINT('',(-4.204516462488,6.210639364564));
#8640 = CARTESIAN_POINT('',(6.552626464424,13.493075498852));
#8641 = CARTESIAN_POINT('',(7.4808296947,0.535898384862));
#8642 = ( GEOMETRIC_REPRESENTATION_CONTEXT(2) 
PARAMETRIC_REPRESENTATION_CONTEXT() REPRESENTATION_CONTEXT('2D SPACE',''
  ) );
#8643 = PCURVE('',#7457,#8644);
#8644 = DEFINITIONAL_REPRESENTATION('',(#8645),#8649);
#8645 = LINE('',#8646,#8647);
#8646 = CARTESIAN_POINT('',(6.354699366499,-23.));
#8647 = VECTOR('',#8648,1.);
#8648 = DIRECTION('',(-1.,-0.));
#8649 = ( GEOMETRIC_REPRESENTATION_CONTEXT(2) 
PARAMETRIC_REPRESENTATION_CONTEXT() REPRESENTATION_CONTEXT('2D SPACE',''
  ) );
#8650 = ORIENTED_EDGE('',*,*,#7513,.F.);
#8651 = ORIENTED_EDGE('',*,*,#7080,.F.);
#8652 = ORIENTED_EDGE('',*,*,#6672,.F.);
#8653 = ADVANCED_FACE('',(#8654),#7365,.T.);
#8654 = FACE_BOUND('',#8655,.T.);
#8655 = EDGE_LOOP('',(#8656));
#8656 = ORIENTED_EDGE('',*,*,#7350,.T.);
#8657 = ADVANCED_FACE('',(#8658),#7756,.F.);
#8658 = FACE_BOUND('',#8659,.F.);
#8659 = EDGE_LOOP('',(#8660,#8661));
#8660 = ORIENTED_EDGE('',*,*,#8505,.F.);
#8661 = ORIENTED_EDGE('',*,*,#7660,.F.);
#8662 = ADVANCED_FACE('',(#8663),#7457,.F.);
#8663 = FACE_BOUND('',#8664,.F.);
#8664 = EDGE_LOOP('',(#8665,#8666,#8667,#8668,#8669));
#8665 = ORIENTED_EDGE('',*,*,#8625,.F.);
#8666 = ORIENTED_EDGE('',*,*,#7478,.F.);
#8667 = ORIENTED_EDGE('',*,*,#7423,.F.);
#8668 = ORIENTED_EDGE('',*,*,#8472,.T.);
#8669 = ORIENTED_EDGE('',*,*,#7554,.T.);
#8670 = ADVANCED_FACE('',(#8671),#7847,.F.);
#8671 = FACE_BOUND('',#8672,.F.);
#8672 = EDGE_LOOP('',(#8673,#8695));
#8673 = ORIENTED_EDGE('',*,*,#8674,.T.);
#8674 = EDGE_CURVE('',#7812,#7814,#8675,.T.);
#8675 = SURFACE_CURVE('',#8676,(#8681,#8688),.PCURVE_S1.);
#8676 = CIRCLE('',#8677,7.5);
#8677 = AXIS2_PLACEMENT_3D('',#8678,#8679,#8680);
#8678 = CARTESIAN_POINT('',(-25.,0.,23.));
#8679 = DIRECTION('',(0.,0.,1.));
#8680 = DIRECTION('',(1.,0.,0.));
#8681 = PCURVE('',#7847,#8682);
#8682 = DEFINITIONAL_REPRESENTATION('',(#8683),#8687);
#8683 = LINE('',#8684,#8685);
#8684 = CARTESIAN_POINT('',(0.,-23.));
#8685 = VECTOR('',#8686,1.);
#8686 = DIRECTION('',(1.,0.));
#8687 = ( GEOMETRIC_REPRESENTATION_CONTEXT(2) 
PARAMETRIC_REPRESENTATION_CONTEXT() REPRESENTATION_CONTEXT('2D SPACE',''
  ) );
#8688 = PCURVE('',#7881,#8689);
#8689 = DEFINITIONAL_REPRESENTATION('',(#8690),#8694);
#8690 = CIRCLE('',#8691,7.5);
#8691 = AXIS2_PLACEMENT_2D('',#8692,#8693);
#8692 = CARTESIAN_POINT('',(0.,-5.848900222367E-17));
#8693 = DIRECTION('',(1.,0.));
#8694 = ( GEOMETRIC_REPRESENTATION_CONTEXT(2) 
PARAMETRIC_REPRESENTATION_CONTEXT() REPRESENTATION_CONTEXT('2D SPACE',''
  ) );
#8695 = ORIENTED_EDGE('',*,*,#7811,.F.);
#8696 = ADVANCED_FACE('',(#8697),#7881,.T.);
#8697 = FACE_BOUND('',#8698,.T.);
#8698 = EDGE_LOOP('',(#8699,#8700));
#8699 = ORIENTED_EDGE('',*,*,#7868,.T.);
#8700 = ORIENTED_EDGE('',*,*,#8674,.T.);
#8701 = ADVANCED_FACE('',(#8702),#8270,.F.);
#8702 = FACE_BOUND('',#8703,.F.);
#8703 = EDGE_LOOP('',(#8704,#8705));
#8704 = ORIENTED_EDGE('',*,*,#8566,.F.);
#8705 = ORIENTED_EDGE('',*,*,#8174,.F.);
#8706 = ADVANCED_FACE('',(#8707),#7971,.F.);
#8707 = FACE_BOUND('',#8708,.F.);
#8708 = EDGE_LOOP('',(#8709,#8710,#8711,#8712,#8713));
#8709 = ORIENTED_EDGE('',*,*,#8592,.F.);
#8710 = ORIENTED_EDGE('',*,*,#7992,.F.);
#8711 = ORIENTED_EDGE('',*,*,#7937,.F.);
#8712 = ORIENTED_EDGE('',*,*,#8533,.T.);
#8713 = ORIENTED_EDGE('',*,*,#8068,.T.);
#8714 = ADVANCED_FACE('',(#8715),#8361,.F.);
#8715 = FACE_BOUND('',#8716,.F.);
#8716 = EDGE_LOOP('',(#8717,#8739));
#8717 = ORIENTED_EDGE('',*,*,#8718,.T.);
#8718 = EDGE_CURVE('',#8326,#8328,#8719,.T.);
#8719 = SURFACE_CURVE('',#8720,(#8725,#8732),.PCURVE_S1.);
#8720 = CIRCLE('',#8721,7.5);
#8721 = AXIS2_PLACEMENT_3D('',#8722,#8723,#8724);
#8722 = CARTESIAN_POINT('',(25.,0.,23.));
#8723 = DIRECTION('',(0.,0.,1.));
#8724 = DIRECTION('',(1.,0.,0.));
#8725 = PCURVE('',#8361,#8726);
#8726 = DEFINITIONAL_REPRESENTATION('',(#8727),#8731);
#8727 = LINE('',#8728,#8729);
#8728 = CARTESIAN_POINT('',(0.,-23.));
#8729 = VECTOR('',#8730,1.);
#8730 = DIRECTION('',(1.,0.));
#8731 = ( GEOMETRIC_REPRESENTATION_CONTEXT(2) 
PARAMETRIC_REPRESENTATION_CONTEXT() REPRESENTATION_CONTEXT('2D SPACE',''
  ) );
#8732 = PCURVE('',#8395,#8733);
#8733 = DEFINITIONAL_REPRESENTATION('',(#8734),#8738);
#8734 = CIRCLE('',#8735,7.5);
#8735 = AXIS2_PLACEMENT_2D('',#8736,#8737);
#8736 = CARTESIAN_POINT('',(0.,-5.848900222367E-17));
#8737 = DIRECTION('',(1.,0.));
#8738 = ( GEOMETRIC_REPRESENTATION_CONTEXT(2) 
PARAMETRIC_REPRESENTATION_CONTEXT() REPRESENTATION_CONTEXT('2D SPACE',''
  ) );
#8739 = ORIENTED_EDGE('',*,*,#8325,.F.);
#8740 = ADVANCED_FACE('',(#8741),#8395,.T.);
#8741 = FACE_BOUND('',#8742,.T.);
#8742 = EDGE_LOOP('',(#8743,#8744));
#8743 = ORIENTED_EDGE('',*,*,#8382,.T.);
#8744 = ORIENTED_EDGE('',*,*,#8718,.T.);
#8745 = ( GEOMETRIC_REPRESENTATION_CONTEXT(3) 
GLOBAL_UNCERTAINTY_ASSIGNED_CONTEXT((#8749)) 
GLOBAL_UNIT_ASSIGNED_CONTEXT((#8746,#8747,#8748)) REPRESENTATION_CONTEXT
('Context #1','3D Context with UNIT and UNCERTAINTY') );
#8746 = ( LENGTH_UNIT() NAMED_UNIT(*) SI_UNIT(.MILLI.,.METRE.) );
#8747 = ( NAMED_UNIT(*) PLANE_ANGLE_UNIT() SI_UNIT($,.RADIAN.) );
#8748 = ( NAMED_UNIT(*) SI_UNIT($,.STERADIAN.) SOLID_ANGLE_UNIT() );
#8749 = UNCERTAINTY_MEASURE_WITH_UNIT(LENGTH_MEASURE(1.E-07),#8746,
  'distance_accuracy_value','confusion accuracy');
#8750 = PRODUCT_RELATED_PRODUCT_CATEGORY('part',$,(#7));
ENDSEC;
END-ISO-10303-21;
